timestamp_s,power_w,util_gpu_pct,util_mem_pct,sm_clock_mhz,mem_used_mib,temp_c
.025558560,15.10,0,0,195,2,40
.104129470,15.10,0,0,195,2,40
.182062942,15.10,0,0,195,2,40
.316341021,15.10,0,0,195,2,40
.394144998,15.10,0,0,195,4,40
.472853128,17.46,0,0,195,4,40
.551946770,17.46,0,0,195,4,40
.629962799,17.46,0,0,195,4,40
.708031447,17.46,0,0,195,4,40
.785567877,17.46,0,0,195,4,40
.864249187,17.46,0,0,195,4,40
.942461317,21.91,0,0,195,4,40
1.024442601,21.91,0,0,195,4,40
1.103531884,21.91,0,0,195,4,40
1.182148842,21.91,0,0,195,4,40
1.260848667,21.91,0,0,195,4,40
1.339897754,21.91,0,0,195,4,40
1.439110035,22.03,0,0,195,4,40
1.572140519,22.03,0,0,195,4,40
1.662526933,22.03,0,0,195,4,40
1.752658554,22.03,0,0,195,4,40
1.844187563,22.03,0,0,195,4,40
1.940787343,22.03,0,0,195,4,40
2.032537241,22.03,0,0,195,4,40
2.130529459,22.03,0,0,195,4,40
2.205669397,22.03,0,0,195,40,40
2.352333571,22.03,0,0,195,520,40
2.426128080,43.69,0,0,945,520,42
2.499471613,43.69,0,0,945,520,42
2.573157395,43.69,0,0,945,520,42
2.646147730,43.69,0,0,945,520,42
2.719354524,43.69,0,0,945,520,42
2.792427535,43.69,0,0,945,520,42
2.866022445,43.69,0,0,945,520,42
2.939900131,72.96,0,0,2542,520,44
3.012747584,72.96,0,0,2542,520,44
3.086263254,72.96,0,0,2542,520,44
3.159485238,72.96,0,0,2542,520,44
3.232850352,72.96,0,0,2542,520,44
3.306153379,72.96,0,0,2542,520,44
3.378757862,72.96,0,0,2542,520,44
3.451345694,137.82,0,0,2542,520,44
3.526030279,137.82,0,0,2542,524,44
3.600206180,137.82,0,0,2542,576,44
3.674235253,137.82,0,0,2542,576,44
3.748105776,137.82,0,0,2542,576,44
3.822305112,137.82,0,0,2542,576,44
3.896417983,137.82,0,0,2542,608,44
3.970416278,138.93,0,0,2580,608,44
4.043369322,138.93,0,0,2580,608,44
4.115831575,138.93,0,0,2580,608,44
4.189023522,138.93,0,0,2580,608,44
4.262002765,138.93,0,0,2580,608,44
4.334970577,138.93,0,0,2580,608,44
4.408045031,138.93,0,0,2580,608,44
4.481125496,139.34,0,0,2542,608,44
4.554533071,139.34,0,0,2542,608,44
4.627779141,139.34,0,0,2542,608,44
4.701418505,139.34,0,0,2542,608,44
4.774823976,139.34,0,0,2542,608,44
4.848168592,139.34,0,0,2542,608,44
4.921552332,139.34,0,0,2542,608,44
4.994645662,138.01,0,0,2542,608,44
5.067728151,138.01,0,0,2542,608,44
5.146468814,138.01,0,0,2542,608,44
5.224301937,138.01,0,0,2542,608,44
5.297832415,138.01,0,0,2542,608,44
5.371293302,138.01,0,0,2542,608,44
5.445158033,138.03,0,0,2542,608,44
5.519379982,138.03,0,0,2542,608,44
5.593215849,138.03,0,0,2542,608,44
5.666207667,138.03,0,0,2542,608,44
5.739457643,138.03,0,0,2542,608,44
5.812995325,138.03,0,0,2542,608,44
5.885661225,138.03,0,0,2542,608,44
5.958392769,137.90,0,0,2542,608,44
6.032004762,137.90,0,0,2542,608,44
6.105188363,137.90,0,0,2542,608,44
6.178119796,137.90,0,0,2542,608,44
6.251631359,137.90,0,0,2542,608,44
6.324677729,137.90,0,0,2542,608,44
6.397657825,137.90,0,0,2542,608,44
6.470472386,137.74,0,0,2542,608,44
6.543743283,137.74,0,0,2542,608,44
6.616708620,137.74,0,0,2542,608,44
6.689847426,137.74,0,0,2542,608,44
6.762653752,137.74,0,0,2542,608,44
6.835963933,137.74,0,0,2542,608,44
6.909581697,137.74,0,0,2542,608,44
6.982095589,137.92,0,0,2542,608,44
7.055669860,137.92,0,0,2542,608,44
7.129237379,137.92,0,0,2542,608,44
7.202856445,137.92,0,0,2542,608,44
7.276251327,137.92,0,0,2542,608,44
7.348849869,137.92,0,0,2542,608,44
7.422774976,138.14,0,0,2542,608,44
7.495381804,138.14,0,0,2542,608,44
7.567456603,138.14,0,0,2542,608,44
7.640193297,138.14,0,0,2542,608,44
7.713020894,138.14,0,0,2542,608,44
7.785502575,138.14,0,0,2542,608,44
7.858591156,138.14,0,0,2542,608,44
7.931306910,138.40,0,0,2542,608,44
8.003739979,138.40,0,0,2542,608,44
8.076944690,138.40,0,0,2542,608,44
8.150143370,138.40,0,0,2542,608,44
8.222913027,138.40,0,0,2542,608,44
8.296216205,138.40,0,0,2542,608,44
8.369174168,138.40,0,0,2542,608,44
8.442186866,138.78,0,0,2542,608,44
8.515264796,138.78,0,0,2542,608,44
8.588647786,138.78,0,0,2542,608,44
8.661909976,138.78,0,0,2542,608,44
8.735503344,138.78,0,0,2542,608,44
8.807717427,138.78,0,0,2542,608,44
8.880233774,138.78,0,0,2542,608,44
8.953030121,138.85,0,0,2542,608,45
9.025972946,138.85,0,0,2542,608,45
9.099084411,138.85,0,0,2542,608,45
9.172167922,138.85,0,0,2542,608,45
9.245096521,138.85,0,0,2542,608,45
9.318693916,138.85,0,0,2542,608,45
9.391607156,138.85,0,0,2542,608,45
9.464253709,138.59,0,0,2542,608,45
9.536924629,138.59,0,0,2542,608,45
9.609410348,138.59,0,0,2542,608,45
9.681787070,138.59,0,0,2542,608,45
9.754944241,138.59,0,0,2542,608,45
9.827839526,138.59,0,0,2542,608,45
9.901460346,138.59,0,0,2542,608,45
9.974793912,138.28,0,0,2542,608,45
10.047899595,138.28,0,0,2542,608,45
10.121275622,138.28,0,0,2542,608,45
10.194487877,138.28,0,0,2542,608,45
10.267395556,138.28,0,0,2542,608,45
10.340569299,138.28,0,0,2542,608,45
10.413602966,138.28,0,0,2542,608,45
10.485811620,138.30,0,0,2542,608,45
10.558615782,138.30,0,0,2542,608,45
10.631245474,138.30,0,0,2542,608,45
10.703882009,138.30,0,0,2542,608,45
10.776666594,138.30,0,0,2542,608,45
10.849296707,138.30,0,0,2542,608,45
10.922598542,138.41,0,0,2542,608,45
10.995192246,138.41,0,0,2542,608,45
11.067900957,138.41,0,0,2542,608,45
11.140799679,138.41,0,0,2542,608,45
11.214574601,138.41,0,0,2542,608,45
11.287299564,138.41,0,0,2542,608,45
11.359983057,138.41,0,0,2542,608,45
11.432831534,138.41,0,0,2542,608,45
11.506538938,138.41,0,0,2542,608,45
11.579285001,138.41,0,0,2542,608,45
11.651798633,138.41,0,0,2542,608,45
11.725035936,138.41,0,0,2542,608,45
11.797523959,138.41,0,0,2542,608,45
11.870546927,138.41,0,0,2542,608,45
11.942877932,138.32,0,0,2542,608,45
12.015555254,138.32,0,0,2542,608,45
12.088103141,138.32,0,0,2542,608,45
12.162068315,138.32,0,0,2542,608,45
12.235852895,138.32,0,0,2542,608,45
12.310107236,138.32,0,0,2542,608,45
12.383806185,138.32,0,0,2542,608,45
12.458457388,138.01,0,0,2542,608,45
12.532577565,138.01,0,0,2542,608,45
12.606073559,138.01,0,0,2542,608,45
12.678850710,138.01,0,0,2542,638,45
12.752504984,138.01,0,0,2542,606,45
12.827579640,138.01,0,0,2542,606,45
12.901712711,138.01,0,0,2542,606,45
12.974681386,140.05,0,0,2550,606,45
13.048424598,140.05,0,0,2550,606,45
13.121324402,140.05,0,0,2550,606,45
13.194822009,140.05,0,0,2550,606,45
13.268481723,140.05,0,0,2550,606,45
13.341639496,140.05,0,0,2550,606,45
13.415332934,140.05,0,0,2550,606,45
13.489362810,142.91,0,0,2557,606,45
13.576651164,142.91,0,0,2557,606,45
13.649839996,142.91,0,0,2557,608,45
13.722226447,142.91,0,0,2557,608,45
13.793985940,142.91,0,0,2557,608,45
13.865591802,142.91,0,0,2557,608,45
13.937123593,141.98,0,0,2550,608,45
14.009480188,141.98,0,0,2550,608,45
14.082836407,141.98,0,0,2550,608,45
14.160513465,141.98,0,0,2550,608,45
14.232975790,141.98,0,0,2550,608,45
14.308812210,141.98,0,0,2550,608,45
14.381207989,141.98,0,0,2550,608,45
14.457319830,137.84,0,0,2542,608,45
14.529590713,137.84,0,0,2542,608,45
14.605217916,137.84,0,0,2542,608,45
14.678412439,137.84,0,0,2542,608,45
14.751614165,137.84,0,0,2542,608,45
14.825233743,137.84,0,0,2542,608,45
14.898405613,137.84,0,0,2542,608,45
14.971911546,137.87,0,0,2550,608,45
15.044717292,137.87,0,0,2550,608,45
15.118319858,137.87,0,0,2550,608,45
15.192763318,137.87,0,0,2550,608,45
15.266870140,137.87,0,0,2550,608,45
15.340440335,137.87,0,0,2550,608,45
15.413401275,137.87,0,0,2550,608,45
15.486129324,138.55,0,0,2542,608,45
15.559536189,138.55,0,0,2542,608,45
15.633173010,138.55,0,0,2542,608,45
15.706613239,138.55,0,0,2542,608,45
15.780614471,138.55,0,0,2542,608,45
15.853924152,138.55,0,0,2542,608,45
15.927141828,138.58,0,0,2542,608,45
16.000696754,138.58,0,0,2542,608,45
16.073714773,138.58,0,0,2542,608,45
16.146592946,138.58,0,0,2542,608,45
16.219732836,138.58,0,0,2542,608,45
16.293379405,138.58,0,0,2542,608,45
16.367337826,138.58,0,0,2542,608,45
16.440735684,138.28,0,0,2542,608,45
16.513320291,138.28,0,0,2542,608,45
16.586500668,138.28,0,0,2542,608,45
16.659817392,138.28,0,0,2542,608,45
16.732707689,138.28,0,0,2542,608,45
16.805480612,138.28,0,0,2542,608,45
16.878971106,138.28,0,0,2542,608,45
16.952100075,138.40,0,0,2542,608,45
17.025035066,138.40,0,0,2542,608,45
17.098237404,138.40,0,0,2542,608,45
17.172539246,138.40,0,0,2542,608,45
17.246074054,138.40,0,0,2542,608,45
17.320905309,138.40,0,0,2542,608,45
17.394185525,138.40,0,0,2542,608,45
17.467423650,138.49,0,0,2542,608,45
17.541198814,138.49,0,0,2542,608,45
17.614308717,138.49,0,0,2542,608,45
17.687317868,138.49,0,0,2542,608,45
17.760364882,138.49,0,0,2542,608,45
17.833264456,138.49,0,0,2542,608,45
17.906127461,138.49,0,0,2542,608,45
17.977700331,139.76,0,0,2542,608,45
18.049976814,139.76,0,0,2542,608,45
18.121546047,139.76,0,0,2542,608,45
18.194870937,139.76,0,0,2542,608,45
18.267499969,139.76,0,0,2542,608,45
18.340050752,139.76,0,0,2542,608,45
18.411573366,139.76,0,0,2542,608,45
18.483007703,140.56,0,0,2542,608,45
18.554723544,140.56,0,0,2542,608,45
18.626387446,140.56,0,0,2542,608,45
18.698373239,140.56,0,0,2542,608,45
18.781554600,140.56,0,0,2542,608,45
18.865131370,140.56,0,0,2542,608,45
18.949945786,140.49,0,0,2542,608,45
19.052720652,140.49,0,0,2542,608,45
19.154514930,140.49,0,0,2542,608,45
19.243299561,140.49,0,0,2542,608,45
19.342923655,140.49,0,0,2542,608,45
19.419146518,140.49,0,0,2542,608,45
19.519017530,140.61,0,0,2542,608,45
19.617657710,140.61,0,0,2542,608,45
19.689638884,140.61,0,0,2542,608,45
19.761394029,140.61,0,0,2542,608,45
19.833030129,140.61,0,0,2542,608,45
19.904906234,140.61,0,0,2542,608,45
19.976226725,140.74,0,0,2542,608,45
20.047337670,140.74,0,0,2542,608,45
20.119724582,140.74,0,0,2542,608,45
20.192914297,140.74,0,0,2542,608,45
20.266694039,140.74,0,0,2542,608,45
20.339479618,140.74,0,0,2542,608,45
20.413046267,140.74,0,0,2542,608,45
20.486880422,140.81,0,0,2542,608,45
20.560055499,140.81,0,0,2542,608,45
20.632765664,140.81,0,0,2542,608,45
20.705261494,140.81,0,0,2542,608,45
20.778030861,140.81,0,0,2542,608,45
20.851120657,140.81,0,0,2542,608,45
20.923358166,140.91,0,0,2542,608,45
20.996244195,140.91,0,0,2542,608,45
21.069577732,140.91,0,0,2542,1568,45
21.143524261,140.91,0,0,2542,1568,45
21.217927866,140.91,0,0,2542,1568,45
21.290776284,140.91,0,0,2542,1568,45
21.363993069,140.91,0,0,2542,1568,45
21.438180615,141.85,0,0,2557,1568,45
21.518337815,141.85,0,0,2557,2082,45
21.593324635,141.85,0,0,2557,2082,45
21.666870886,141.85,0,0,2557,2082,45
21.741674659,141.85,0,0,2557,2132,45
21.815419947,141.85,0,0,2557,2132,45
21.896641874,141.85,0,0,2557,2132,45
21.980131911,142.21,0,0,2542,2132,45
22.054987593,142.21,0,0,2542,2260,45
22.128791421,142.21,0,0,2542,2324,45
22.203222869,142.21,0,0,2542,2452,45
22.277216778,142.21,0,0,2542,2516,45
22.350794468,142.21,0,0,2542,2580,45
22.424335008,141.77,0,0,2542,2580,45
22.497537697,141.77,0,0,2542,2580,45
22.570748471,141.77,0,0,2542,2580,45
22.644569733,141.77,0,0,2542,2580,45
22.717784114,141.77,0,0,2542,2530,45
22.791236046,141.77,0,0,2542,2530,45
22.864628375,141.77,0,0,2542,2018,45
22.940117467,141.47,0,0,2542,1506,45
23.013825344,141.47,0,0,2542,620,45
23.087912640,141.47,0,0,2542,620,45
23.161658228,141.47,0,0,2542,620,45
23.234776467,141.47,0,0,2542,620,45
23.309034827,141.47,0,0,2542,620,45
23.382561320,141.47,0,0,2542,620,45
23.456435142,141.20,0,0,2542,620,45
23.530020286,141.20,0,0,2542,620,45
23.603513596,141.20,0,0,2542,620,45
23.676986037,141.20,0,0,2542,620,45
23.749346450,141.20,0,0,2542,620,45
23.822817327,141.20,0,0,2542,620,45
23.895705791,141.20,0,0,2542,620,45
23.969599530,140.84,0,0,2542,620,46
24.043144939,140.84,0,0,2542,620,46
24.116610857,140.84,0,0,2542,620,46
24.190437479,140.84,0,0,2542,620,46
24.264175704,140.84,0,0,2542,620,46
24.337567432,140.84,0,0,2542,620,46
24.412102076,140.84,0,0,2542,620,46
24.486197347,140.47,0,0,2542,620,46
24.559801637,140.47,0,0,2542,620,46
24.633318262,140.47,0,0,2542,620,46
24.706043296,140.47,0,0,2542,620,46
24.779781761,140.47,0,0,2542,620,46
24.853454892,140.47,0,0,2542,620,46
24.926635429,140.38,0,0,2542,620,46
24.999696831,140.38,0,0,2542,620,46
25.073179722,140.38,0,0,2542,620,46
25.146357604,140.38,0,0,2542,620,46
25.218907937,140.38,0,0,2542,620,46
25.292337787,140.38,0,0,2542,620,46
25.365829625,140.38,0,0,2542,620,46
25.439003119,140.40,0,0,2542,620,46
25.511906431,140.40,0,0,2542,620,46
25.584588755,140.40,0,0,2542,620,46
25.657747702,140.40,0,0,2542,620,46
25.730758437,140.40,0,0,2542,620,46
25.804036670,140.40,0,0,2542,620,46
25.877351422,140.40,0,0,2542,620,46
25.950237492,140.66,0,0,2542,620,46
26.023626053,140.66,0,0,2542,620,46
26.097397551,140.66,0,0,2542,620,46
26.170044708,140.66,0,0,2542,620,46
26.243078007,140.66,0,0,2542,620,46
26.316201887,140.66,0,0,2542,620,46
26.389038292,140.66,0,0,2542,620,46
26.461913321,141.11,0,0,2542,620,46
26.535339605,141.11,0,0,2542,620,46
26.608456602,141.11,0,0,2542,620,46
26.681103689,141.11,0,0,2542,620,46
26.754216668,141.11,0,0,2542,620,46
26.827061059,141.11,0,0,2542,620,46
26.899595672,141.11,0,0,2542,620,46
26.972923910,141.56,0,0,2542,620,46
27.045882006,141.56,0,0,2542,620,46
27.118586372,141.56,0,0,2542,620,46
27.192400310,141.56,0,0,2542,620,46
27.267464187,141.56,0,0,2542,684,46
27.340849103,141.56,0,0,2542,1568,46
27.415079069,141.56,0,0,2542,1568,46
27.488407458,142.08,0,0,2542,1568,46
27.562171892,142.08,0,0,2542,1568,46
27.635096314,142.08,0,0,2542,1568,46
27.709785091,142.08,0,0,2542,1570,46
27.790184060,142.08,0,0,2542,2082,46
27.864207896,142.08,0,0,2542,2082,46
27.938037504,142.42,0,0,2542,2082,46
28.011093856,142.42,0,0,2542,2082,46
28.084099342,142.42,0,0,2542,2082,46
28.157169421,142.42,0,0,2542,2082,46
28.230039571,142.42,0,0,2542,2082,46
28.303453311,142.42,0,0,2542,2082,46
28.376532747,142.42,0,0,2542,2082,46
28.450417099,142.16,0,0,2542,2082,46
28.523428206,142.16,0,0,2542,2082,46
28.595672629,142.16,0,0,2542,2082,46
28.668825465,142.16,0,0,2542,2082,46
28.742566405,142.16,0,0,2542,2082,46
28.815576801,142.16,0,0,2542,2082,46
28.888612564,142.16,0,0,2542,2082,46
28.961567124,141.50,0,0,2542,2082,46
29.034820610,141.50,0,0,2542,2082,46
29.107755012,141.50,0,0,2542,2082,46
29.180652934,141.50,0,0,2542,2082,46
29.253713134,141.50,0,0,2542,2082,46
29.327180015,141.50,0,0,2542,2082,46
29.400606690,141.50,0,0,2542,2082,46
29.473898278,141.29,0,0,2542,2082,46
29.547125415,141.29,0,0,2542,2082,46
29.619988341,141.29,0,0,2542,2082,46
29.693874727,141.29,0,0,2542,2082,46
29.767276554,141.29,0,0,2542,2082,46
29.840840950,141.29,0,0,2542,2082,46
29.914409373,141.29,0,0,2542,2082,46
29.987560886,141.07,0,0,2542,2082,46
30.060377434,141.07,0,0,2542,2082,46
30.133364706,141.07,0,0,2542,2082,46
30.206783807,141.07,0,0,2542,2082,46
30.280012616,141.07,0,0,2542,2082,46
30.352764532,141.07,0,0,2542,2082,46
30.426328146,140.80,0,0,2542,2082,46
30.499440455,140.80,0,0,2542,2082,46
30.573122885,140.80,0,0,2542,2082,46
30.646620384,140.80,0,0,2542,2082,46
30.720231228,140.80,0,0,2542,2082,46
30.794001534,140.80,0,0,2542,2082,46
30.867385347,140.80,0,0,2542,2082,46
30.940751086,140.87,0,0,2542,2082,46
31.013836645,140.87,0,0,2542,2082,46
31.087231539,140.87,0,0,2542,2082,46
31.160924308,140.87,0,0,2542,2082,46
31.233799187,140.87,0,0,2542,2082,46
31.307484502,140.87,0,0,2542,2082,46
31.380434885,140.87,0,0,2542,2082,46
31.453529260,141.10,0,0,2542,2082,46
31.526760694,141.10,0,0,2542,2082,46
31.599556824,141.10,0,0,2542,2082,46
31.672308039,141.10,0,0,2542,2082,46
31.745473709,141.10,0,0,2542,2082,46
31.818200858,141.10,0,0,2542,2082,46
31.891700171,141.10,0,0,2542,2082,46
31.964611328,141.27,0,0,2542,2082,46
32.037925831,141.27,0,0,2542,2082,46
32.111535462,141.27,0,0,2542,2082,46
32.184384923,141.27,0,0,2542,2082,46
32.258201928,141.27,0,0,2542,2082,46
32.331689118,141.27,0,0,2542,2082,46
32.404384136,141.27,0,0,2542,2082,46
32.477427154,141.19,0,0,2542,2082,46
32.550365684,141.19,0,0,2542,2082,46
32.623373084,141.19,0,0,2542,2082,46
32.696047323,141.19,0,0,2542,2082,46
32.768927131,141.19,0,0,2542,2082,46
32.841756134,141.19,0,0,2542,2082,46
32.915322293,141.19,0,0,2542,2082,46
32.988865158,141.14,0,0,2542,2082,46
33.062026791,141.14,0,0,2542,2082,46
33.135484134,141.14,0,0,2542,2082,46
33.208193299,141.14,0,0,2542,2082,46
33.281704955,141.14,0,0,2542,2082,46
33.354363014,141.14,0,0,2542,2082,46
33.426976648,141.24,0,0,2542,2082,46
33.500048881,141.24,0,0,2542,2082,46
33.573946439,141.24,0,0,2542,2082,46
33.646814826,141.24,0,0,2542,2082,46
33.719684906,141.24,0,0,2542,2082,46
33.793311891,141.24,0,0,2542,2082,46
33.866272172,141.24,0,0,2542,2082,46
33.939532401,141.35,0,0,2542,2082,46
34.012410106,141.35,0,0,2542,2082,46
34.085872389,141.35,0,0,2542,2082,46
34.158890930,141.35,0,0,2542,2082,46
34.232298339,141.35,0,0,2542,2082,46
34.305549101,141.35,0,0,2542,2082,46
34.378208331,141.35,0,0,2542,2082,46
34.452625774,141.55,0,0,2542,2082,46
34.525424710,141.55,0,0,2542,2082,46
34.598618544,141.55,0,0,2542,2082,46
34.671500066,141.55,0,0,2542,2082,46
34.744900662,141.55,0,0,2542,2082,46
34.817383318,141.55,0,0,2542,2082,46
34.890609653,141.55,0,0,2542,2082,46
34.963712785,142.09,0,0,2542,2082,46
35.036617421,142.09,0,0,2542,2082,46
35.109822857,142.09,0,0,2542,2082,46
35.182312767,142.09,0,0,2542,2082,46
35.255022624,142.09,0,0,2542,2082,46
35.328048750,142.09,0,0,2542,2082,46
35.400378997,142.09,0,0,2542,2082,46
35.473282831,142.38,0,0,2542,2082,46
35.545738987,142.38,0,0,2542,2082,46
35.618169775,142.38,0,0,2542,2082,46
35.691129385,142.38,0,0,2542,2082,46
35.764276761,142.38,0,0,2542,2082,46
35.837204982,142.38,0,0,2542,2082,46
35.910986710,142.38,0,0,2542,2082,46
35.983611967,142.79,0,0,2542,2082,46
36.056431792,142.79,0,0,2542,2082,46
36.129595168,142.79,0,0,2542,2082,46
36.202631985,142.79,0,0,2542,2082,46
36.275619157,142.79,0,0,2542,2082,46
36.349707938,142.79,0,0,2542,2082,46
36.423951842,142.97,0,0,2542,2082,46
36.496626582,142.97,0,0,2542,2082,46
36.569486464,142.97,0,0,2542,2082,46
36.642548728,142.97,0,0,2542,2082,46
36.715932222,142.97,0,0,2542,2082,46
36.789158828,142.97,0,0,2542,2082,46
36.862296907,142.97,0,0,2542,2082,46
36.935217733,142.55,0,0,2542,2082,46
37.008667152,142.55,0,0,2542,2082,46
37.081599220,142.55,0,0,2542,2082,46
37.154093228,142.55,0,0,2542,2082,46
37.227018654,142.55,0,0,2542,2082,46
37.300197970,142.55,0,0,2542,2082,46
37.373394029,142.55,0,0,2542,2082,46
37.447254867,141.78,0,0,2542,2082,46
37.520207985,141.78,0,0,2542,2082,46
37.592884289,141.78,0,0,2542,2082,46
37.665797101,141.78,0,0,2542,2082,46
37.738575127,141.78,0,0,2542,2082,46
37.811430660,141.78,0,0,2542,2082,46
37.884983244,141.78,0,0,2542,2082,46
37.957375900,141.44,0,0,2542,2082,46
38.030452181,141.44,0,0,2542,2082,46
38.103238604,141.44,0,0,2542,2082,46
38.176370480,141.44,0,0,2542,2082,46
38.249297279,141.44,0,0,2542,2082,46
38.322646918,141.44,0,0,2542,2082,46
38.396296186,141.44,0,0,2542,2082,46
38.468686087,141.14,0,0,2542,2082,46
38.541740437,141.14,0,0,2542,2082,46
38.614590189,141.14,0,0,2542,2082,46
38.687392071,141.14,0,0,2542,2082,46
38.761142099,141.14,0,0,2542,2082,46
38.835344645,141.14,0,0,2542,2132,46
38.908729442,141.14,0,0,2542,2132,46
38.981670297,140.71,0,0,2542,2132,46
39.054462921,140.71,0,0,2542,2132,46
39.127533892,140.71,0,0,2542,2132,46
39.200302260,140.71,0,0,2542,2132,46
39.273030072,140.71,0,0,2542,2132,46
39.345916904,140.71,0,0,2542,2132,46
39.419130166,140.71,0,0,2542,2132,46
39.491809465,140.37,0,0,2542,2132,46
39.564594765,140.37,0,0,2542,2132,46
39.637089585,140.37,0,0,2542,2132,46
39.710472778,140.37,0,0,2542,2132,46
39.783708613,140.37,0,0,2542,2132,46
39.856619310,140.37,0,0,2542,2132,46
39.929601985,140.31,0,0,2542,2132,46
40.002920656,140.31,0,0,2542,2132,46
40.075629571,140.31,0,0,2542,2132,46
40.148534809,140.31,0,0,2542,2132,46
40.221966875,140.31,0,0,2542,2132,46
40.295840548,140.31,0,0,2542,2132,46
40.369390889,140.31,0,0,2542,2260,46
40.443061637,140.44,0,0,2542,2324,46
40.517272580,140.44,0,0,2542,2516,46
40.590221680,140.44,0,0,2542,2580,46
40.664264855,140.44,0,0,2542,2580,46
40.737605928,140.44,0,0,2542,2580,46
40.811298418,140.44,0,0,2542,2580,46
40.885088904,140.44,0,0,2542,2580,46
40.958593457,140.62,0,0,2542,2580,46
41.032111116,140.62,0,0,2542,2580,46
41.104861410,140.62,0,0,2542,2580,46
41.177796063,140.62,0,0,2542,2580,46
41.251240202,140.62,0,0,2542,2580,46
41.324077932,140.62,0,0,2542,2580,46
41.397147221,140.62,0,0,2542,2580,46
41.470308985,140.76,0,0,2542,2580,46
41.543488212,140.76,0,0,2542,2580,46
41.616766787,140.76,0,0,2542,2580,46
41.689611641,140.76,0,0,2542,2580,46
41.763223077,140.76,0,0,2542,2580,46
41.836330729,140.76,0,0,2542,2580,46
41.909370581,140.76,0,0,2542,2580,46
41.982463084,140.88,0,0,2542,2580,46
42.055291617,140.88,0,0,2542,2580,46
42.129077133,140.88,0,0,2542,2580,46
42.201702611,140.88,0,0,2542,2580,46
42.274986386,140.88,0,0,2542,2580,46
42.347882577,140.88,0,0,2542,2580,46
42.421483333,140.88,0,0,2542,2580,46
42.494430781,141.31,0,0,2542,2580,46
42.567635767,141.31,0,0,2542,2580,46
42.641155770,141.31,0,0,2542,2580,46
42.714281516,141.31,0,0,2542,2580,46
42.787019026,141.31,0,0,2542,2580,46
42.859632681,141.31,0,0,2542,2580,46
42.932602722,141.74,0,0,2542,2580,46
43.006014209,141.74,0,0,2542,2580,46
43.079350424,141.74,0,0,2542,2580,46
43.152783452,141.74,0,0,2542,2580,46
43.225989941,141.74,0,0,2542,2580,46
43.299409514,141.74,0,0,2542,2580,46
43.372992697,141.74,0,0,2542,2580,46
43.446324383,141.88,0,0,2542,2580,46
43.519737424,141.88,0,0,2542,2580,46
43.593269620,141.88,0,0,2542,2580,46
43.665947417,141.88,0,0,2542,2580,46
43.739351430,141.88,0,0,2542,2580,46
43.812137723,141.88,0,0,2542,2580,46
43.885443129,141.88,0,0,2542,2580,46
43.958484896,142.12,0,0,2542,2580,46
44.031894821,142.12,0,0,2542,2580,46
44.105381561,142.12,0,0,2542,2580,46
44.179691111,142.12,0,0,2542,2580,46
44.256404967,142.12,0,0,2542,2580,46
44.333315968,142.12,0,0,2542,2580,46
44.433253210,126.29,0,0,2370,2580,44
44.527814443,126.29,0,0,2370,2580,44
44.603938181,126.29,0,0,2370,2580,44
44.680866334,126.29,0,0,2370,2580,44
44.757287075,126.29,0,0,2370,2580,44
44.833059337,126.29,0,0,2370,2580,44
44.908320861,126.29,0,0,2370,2580,44
44.983521600,82.69,0,0,442,2580,43
45.058778936,82.69,0,0,442,2580,43
45.133726144,82.69,0,0,442,2580,43
45.208375528,82.69,0,0,442,2580,43
45.283591576,82.69,0,0,442,2580,43
45.358367911,82.69,0,0,442,2580,43
45.433894488,55.94,0,0,397,2580,42
45.508858989,55.94,0,0,397,2580,42
45.583963986,55.94,0,0,397,2580,42
45.659333355,55.94,0,0,397,2580,42
45.734134867,55.94,0,0,397,2580,42
45.809200590,55.94,0,0,397,2580,42
45.884309786,55.94,0,0,397,2580,42
45.960076758,55.94,0,0,397,2580,42
46.035514756,55.94,0,0,397,2580,42
46.111886114,55.94,0,0,397,2580,42
46.188184293,55.94,0,0,397,2580,42
46.263639455,55.94,0,0,397,2580,42
46.339236124,55.94,0,0,397,2580,42
46.414895452,55.94,0,0,397,2580,42
46.490660411,50.14,0,0,247,2580,42
46.566203980,50.14,0,0,247,2580,42
46.641394109,50.14,0,0,247,2580,42
46.717205525,50.14,0,0,247,2580,42
46.793094288,50.14,0,0,247,2580,42
46.868239422,50.14,0,0,247,2580,42
46.944527943,50.14,0,0,247,2580,42
47.020950788,50.14,0,0,247,2580,42
47.097879452,50.14,0,0,247,2580,42
47.173393726,50.14,0,0,247,2708,42
47.247829525,50.14,0,0,247,3070,42
47.322268050,50.14,0,0,247,3606,42
47.396283863,50.14,0,0,247,4622,42
47.469853942,70.27,10,2,1192,4688,45
47.542948319,70.27,10,2,1192,4688,45
47.616630640,70.27,10,2,1192,4688,45
47.690308142,70.27,10,2,1192,4688,45
47.764262699,70.27,10,2,1192,4688,45
47.837149663,70.27,10,2,1192,4688,45
47.910662584,70.27,10,2,1192,4688,45
47.983458805,91.27,10,2,2542,4688,45
48.057278958,91.27,10,2,2542,4740,45
48.131539135,91.27,10,2,2542,4996,45
48.205924940,91.27,10,2,2542,5030,45
48.279502973,91.27,10,2,2542,5030,45
48.353933513,91.27,10,2,2542,5032,45
48.428215651,144.40,1,0,2595,5032,45
48.502542364,144.40,1,0,2595,5038,45
48.575870755,144.40,1,0,2595,5038,45
48.649800194,144.40,1,0,2595,5038,45
48.723248302,144.40,1,0,2595,5038,45
48.796673446,144.40,1,0,2595,5038,45
48.869751512,144.40,1,0,2595,5038,45
48.943604677,145.98,1,0,2557,5038,45
49.017564034,145.98,1,0,2557,5046,45
49.090821801,145.98,1,0,2557,5046,45
49.164292391,145.98,1,0,2557,5046,45
49.237998758,145.98,1,0,2557,5046,45
49.312306365,145.98,1,0,2557,5046,45
49.385506382,145.98,1,0,2557,5046,45
49.459724239,146.48,0,0,2550,5046,45
49.532966496,146.48,0,0,2550,5046,45
49.606510966,146.48,0,0,2550,5046,45
49.679777139,146.48,0,0,2550,5046,45
49.756408240,146.48,0,0,2550,5144,45
49.829531321,146.48,0,0,2550,5144,45
49.902437332,146.48,0,0,2550,5144,45
49.975915606,146.03,0,0,2542,5144,45
50.049485946,146.03,0,0,2542,5144,45
50.145382891,146.03,0,0,2542,5144,45
50.231570404,146.03,0,0,2542,5144,45
50.305813839,146.03,0,0,2542,5144,45
50.378480827,146.03,0,0,2542,5144,45
50.452035176,142.64,0,0,2542,5144,45
50.525865508,142.64,0,0,2542,5144,45
50.599435547,142.64,0,0,2542,5144,45
50.673134550,142.64,0,0,2542,5148,45
50.746923644,142.64,0,0,2542,5148,45
50.820519693,142.64,0,0,2542,5168,45
50.893695324,142.64,0,0,2542,5168,45
50.967080883,140.72,0,0,2565,5168,45
51.039851296,140.72,0,0,2565,5168,45
51.113146324,140.72,0,0,2565,5168,45
51.186662701,140.72,0,0,2565,5170,45
51.259661808,140.72,0,0,2565,5170,45
51.333428961,140.72,0,0,2565,5174,45
51.407402374,140.72,0,0,2565,5174,45
51.481013812,141.09,1,0,2550,5174,45
51.554665335,141.09,1,0,2550,5174,45
51.628852544,141.09,1,0,2550,5176,45
51.702833071,141.09,1,0,2550,5176,45
51.776493792,141.09,1,0,2550,5652,45
51.850532429,141.09,1,0,2550,5654,45
51.924536681,143.41,1,0,2602,5654,45
51.998284297,143.41,1,0,2602,5654,45
52.072103037,143.41,1,0,2602,5654,45
52.146614029,143.41,1,0,2602,5654,45
52.220867183,143.41,1,0,2602,5654,45
52.294911040,143.41,1,0,2602,5654,45
52.368312149,143.41,1,0,2602,5654,45
52.442905308,142.70,0,0,2542,5674,45
52.517323915,142.70,0,0,2542,5714,45
52.591723506,142.70,0,0,2542,5716,45
52.667478948,142.70,0,0,2542,5716,45
52.741251280,142.70,0,0,2542,5716,45
52.814602344,142.70,0,0,2542,5716,45
52.887953949,142.70,0,0,2542,5716,45
52.961003031,143.09,0,0,2602,5716,46
53.034079605,143.09,0,0,2602,5716,46
53.106610755,143.09,0,0,2602,5716,46
53.178959169,143.09,0,0,2602,5716,46
53.252047535,143.09,0,0,2602,5716,46
53.324654629,143.09,0,0,2602,5716,46
53.397714842,143.09,0,0,2602,5716,46
53.470858764,143.07,0,0,2542,5716,45
53.543865255,143.07,0,0,2542,5716,45
53.616641199,143.07,0,0,2542,5716,45
53.689267339,143.07,0,0,2542,5716,45
53.762544924,143.07,0,0,2542,5716,45
53.835772374,143.07,0,0,2542,5716,45
53.909123819,143.07,0,0,2542,5716,45
53.981777201,138.91,0,0,2542,5716,45
54.054894803,138.91,0,0,2542,5716,45
54.128060616,138.91,0,0,2542,5716,45
54.201266245,138.91,0,0,2542,5716,45
54.273688358,138.91,0,0,2542,5716,45
54.347478926,138.91,0,0,2542,5716,45
54.420842644,138.91,0,0,2542,5716,45
54.494089921,138.80,0,0,2542,5716,45
54.566777218,138.80,0,0,2542,5716,45
54.639433415,138.80,0,0,2542,5716,45
54.712691032,138.80,0,0,2542,5716,45
54.785563680,138.80,0,0,2542,5716,45
54.859523468,138.80,0,0,2542,5716,45
54.932971897,138.51,0,0,2542,5716,45
55.006655050,138.51,0,0,2542,5716,45
55.080056891,138.51,0,0,2542,5716,45
55.153189842,138.51,0,0,2542,5716,45
55.226357309,138.51,0,0,2542,5716,45
55.300298531,138.51,0,0,2542,5716,45
55.373553734,138.51,0,0,2542,5716,45
55.447163629,138.37,0,0,2542,5716,45
55.520089728,138.37,0,0,2542,5716,45
55.594044086,138.37,0,0,2542,5716,45
55.667456357,138.37,0,0,2542,5716,45
55.744153573,138.37,0,0,2542,6874,45
55.818586368,138.37,0,0,2542,6874,45
55.892221350,138.37,0,0,2542,6874,45
55.968038228,149.77,0,0,2542,6874,49
56.042914443,149.77,0,0,2542,6874,49
56.116472330,149.77,0,0,2542,6874,49
56.190222521,149.77,0,0,2542,6874,49
56.263666001,149.77,0,0,2542,6874,49
56.337302005,149.77,0,0,2542,6874,49
56.410415059,149.77,0,0,2542,6874,49
56.483875982,160.90,0,0,2602,6888,46
56.558292996,160.90,0,0,2602,6888,46
56.631477976,160.90,0,0,2602,6888,46
56.705965224,160.90,0,0,2602,6888,46
56.779623501,160.90,0,0,2602,6888,46
56.853083432,160.90,0,0,2602,6888,46
56.928186266,177.39,0,0,2647,6888,49
57.001550606,177.39,0,0,2647,6888,49
57.074525859,177.39,0,0,2647,6888,49
57.147591442,177.39,0,0,2647,6888,49
57.220666794,177.39,0,0,2647,6888,49
57.293654470,177.39,0,0,2647,6888,49
57.367067102,177.39,0,0,2647,6888,49
57.439453257,163.99,0,0,2557,6888,46
57.513200763,163.99,0,0,2557,6888,46
57.587899593,163.99,0,0,2557,6908,46
57.661451348,163.99,0,0,2557,6908,46
57.735923627,163.99,0,0,2557,6952,46
57.809315790,163.99,0,0,2557,6952,46
57.883692719,163.99,0,0,2557,6998,46
57.956055270,160.93,0,0,2610,6998,46
58.029893568,160.93,0,0,2610,7044,46
58.102658853,160.93,0,0,2610,7044,46
58.177317526,160.93,0,0,2610,7044,46
58.250258854,160.93,0,0,2610,7044,46
58.324250002,160.93,0,0,2610,7044,46
58.396987484,160.93,0,0,2610,7044,46
58.473575023,177.78,26,3,2677,7044,47
58.548904788,177.78,26,3,2677,7044,47
58.623303599,177.78,26,3,2677,7044,47
58.696533203,177.78,26,3,2677,7044,47
58.770003584,177.78,26,3,2677,7044,47
58.843621735,177.78,26,3,2677,7044,47
58.917231851,177.78,26,3,2677,7044,47
58.990419726,179.34,26,3,2647,7044,46
59.065059464,179.34,26,3,2647,7044,46
59.138736056,179.34,26,3,2647,7044,46
59.214695314,179.34,26,3,2647,7044,46
59.288558870,179.34,26,3,2647,7044,46
59.362543426,179.34,26,3,2647,7044,46
59.436742598,172.11,9,2,2587,7044,46
59.509744702,172.11,9,2,2587,7044,46
59.583615971,172.11,9,2,2587,7044,46
59.657074419,172.11,9,2,2587,7044,46
59.732504164,172.11,9,2,2587,7044,46
59.805565459,172.11,9,2,2587,7044,46
59.880017811,172.11,9,2,2587,7044,46
59.953502720,172.92,9,2,2625,7044,46
60.026584795,172.92,9,2,2625,7044,46
60.100685140,172.92,9,2,2625,7044,46
60.173581423,172.92,9,2,2625,7044,46
60.247615823,172.92,9,2,2625,7044,46
60.320898158,172.92,9,2,2625,7044,46
60.394988284,172.92,9,2,2625,7044,46
60.468585596,178.94,17,3,2625,7044,46
60.542759921,178.94,17,3,2625,7044,46
60.616092240,178.94,17,3,2625,7044,46
60.690478668,178.94,17,3,2625,7044,46
60.763815866,178.94,17,3,2625,7044,46
60.838332160,178.94,17,3,2625,7044,46
60.911702011,178.94,17,3,2625,7044,46
60.986808763,181.40,17,3,2647,7044,47
61.059955281,181.40,17,3,2647,7044,47
61.134437760,181.40,17,3,2647,7044,47
61.209100251,181.40,17,3,2647,7044,47
61.285606306,181.40,17,3,2647,7044,47
61.358925320,181.40,17,3,2647,7044,47
61.433521124,183.15,23,3,2647,7044,47
61.507327713,183.15,23,3,2647,7044,47
61.581602669,183.15,23,3,2647,7044,47
61.655045148,183.15,23,3,2647,7044,47
61.729009355,183.15,23,3,2647,7044,47
61.802355711,183.15,23,3,2647,7044,47
61.875420403,183.15,23,3,2647,7044,47
61.950115175,184.79,23,3,2647,7044,47
62.024615900,184.79,23,3,2647,7044,47
62.098823508,184.79,23,3,2647,7044,47
62.172813334,184.79,23,3,2647,7044,47
62.248340684,184.79,23,3,2647,7044,47
62.321681320,184.79,23,3,2647,7044,47
62.396103755,184.79,23,3,2647,7044,47
62.469142278,186.36,16,3,2662,7044,47
62.543433596,186.36,16,3,2662,7044,47
62.618758823,186.36,16,3,2662,7044,47
62.691930999,186.36,16,3,2662,7044,47
62.766713467,186.36,16,3,2662,7044,47
62.839926932,186.36,16,3,2662,7044,47
62.913902490,186.36,16,3,2662,7044,47
62.987538145,185.99,16,3,2677,7044,47
63.062982979,185.99,16,3,2677,7044,47
63.136606501,185.99,16,3,2677,7044,47
63.210293944,185.99,16,3,2677,7044,47
63.284241770,185.99,16,3,2677,7044,47
63.359876564,185.99,16,3,2677,7044,47
63.434495562,188.09,26,4,2677,7044,47
63.508138611,188.09,26,4,2677,7044,47
63.583085922,188.09,26,4,2677,7044,47
63.656636956,188.09,26,4,2677,7044,47
63.731906177,188.09,26,4,2677,7044,47
63.805388311,188.09,26,4,2677,7044,47
63.881029607,188.09,26,4,2677,7044,47
63.955388693,184.04,26,4,2632,7044,47
64.030029132,184.04,26,4,2632,7044,47
64.103552584,184.04,26,4,2632,7044,47
64.178501228,184.04,26,4,2632,7044,47
64.251986959,184.04,26,4,2632,7044,47
64.326555071,184.04,26,4,2632,7044,47
64.400208389,184.04,26,4,2632,7044,47
64.473902074,185.16,31,4,2647,7044,47
64.548125783,185.16,31,4,2647,7044,47
64.622454051,185.16,31,4,2647,7044,47
64.695940904,185.16,31,4,2647,7044,47
64.770011613,185.16,31,4,2647,7044,47
64.843750604,185.16,31,4,2647,7044,47
64.918153764,185.16,31,4,2647,7044,47
64.991406042,183.07,31,4,2647,7044,49
65.064743371,183.07,31,4,2647,7044,49
65.138587071,183.07,31,4,2647,7044,49
65.211524973,183.07,31,4,2647,7044,49
65.285472609,183.07,31,4,2647,7044,49
65.358922312,183.07,31,4,2647,7044,49
65.432918771,180.68,0,0,2632,7044,47
65.506189003,180.68,0,0,2632,7044,47
65.580144895,180.68,0,0,2632,7044,47
65.653077127,180.68,0,0,2632,7044,47
65.728147591,180.68,0,0,2632,7044,47
65.801548822,180.68,0,0,2632,7044,47
65.875708450,180.68,0,0,2632,7044,47
65.949541860,185.02,0,0,2647,7044,47
66.023462285,185.02,0,0,2647,7044,47
66.099722023,185.02,0,0,2647,7044,47
66.173290030,185.02,0,0,2647,7044,47
66.247683642,185.02,0,0,2647,7044,47
66.320985925,185.02,0,0,2647,7044,47
66.394473800,185.02,0,0,2647,7044,47
66.467367669,184.43,13,3,2677,7044,47
66.542074525,184.43,13,3,2677,7044,47
66.617192780,184.43,13,3,2677,7044,47
66.690707245,184.43,13,3,2677,7044,47
66.765372001,184.43,13,3,2677,7044,47
66.839221642,184.43,13,3,2677,7044,47
66.913533048,184.43,13,3,2677,7044,47
66.989182910,184.66,13,3,2677,7044,47
67.062317255,184.66,13,3,2677,7044,47
67.137124551,184.66,13,3,2677,7046,47
67.210548695,184.66,13,3,2677,7046,47
67.284610398,184.66,13,3,2677,7046,47
67.359181637,184.66,13,3,2677,7046,47
67.433015067,192.11,25,3,2677,7046,47
67.507539106,192.11,25,3,2677,7046,47
67.582795483,192.11,25,3,2677,7046,47
67.656061457,192.11,25,3,2677,7046,47
67.730306598,192.11,25,3,2677,7046,47
67.805658807,192.11,25,3,2677,7046,47
67.881117697,192.11,25,3,2677,7046,47
67.955345214,190.31,25,3,2692,7046,48
68.029406166,190.31,25,3,2692,7046,48
68.104547755,190.31,25,3,2692,7046,48
68.177950229,190.31,25,3,2692,7046,48
68.252673415,190.31,25,3,2692,7046,48
68.327343571,190.31,25,3,2692,7046,48
68.402520448,190.31,25,3,2692,7046,48
68.475993886,192.06,25,3,2685,7046,49
68.550162962,192.06,25,3,2685,7046,49
68.624985076,192.06,25,3,2685,7046,49
68.698912485,192.06,25,3,2685,7046,49
68.773127328,192.06,25,3,2685,7046,49
68.847209910,192.06,25,3,2685,7046,49
68.921659308,192.06,25,3,2685,7046,49
68.995748182,196.55,25,3,2647,7046,48
69.069821026,196.55,25,3,2647,7046,48
69.143794221,196.55,25,3,2647,7046,48
69.219183651,196.55,25,3,2647,7046,48
69.293078998,196.55,25,3,2647,7046,48
69.367389874,196.55,25,3,2647,7046,48
69.441463439,196.30,25,3,2647,7046,47
69.518060317,196.30,25,3,2647,7046,47
69.591278722,196.30,25,3,2647,7046,47
69.665840302,196.30,25,3,2647,8918,47
69.740389860,196.30,25,3,2647,9626,47
69.818438219,196.30,25,3,2647,9630,47
69.894078193,196.30,25,3,2647,9630,47
69.970731278,208.44,25,3,2692,9630,50
70.043452059,208.44,25,3,2692,9630,50
70.116575264,208.44,25,3,2692,9630,50
70.190427239,208.44,25,3,2692,9630,50
70.264331063,208.44,25,3,2692,9630,50
70.339094877,208.44,25,3,2692,9630,50
70.413931388,208.44,25,3,2692,9630,50
70.488886986,254.26,25,3,2880,9630,49
70.562570241,254.26,25,3,2880,9630,49
70.636474446,254.26,25,3,2880,9630,49
70.710633534,254.26,25,3,2880,9630,49
70.786048031,254.26,25,3,2880,9630,49
70.859252820,254.26,25,3,2880,9630,49
70.933563565,271.42,25,3,2925,9630,50
71.007905740,271.42,25,3,2925,9630,50
71.082730038,271.42,25,3,2925,9630,50
71.157804561,271.42,25,3,2925,9630,50
71.231819125,271.42,25,3,2925,9630,50
71.305215256,271.42,25,3,2925,9630,50
71.379022087,271.42,25,3,2925,9630,50
71.452778932,230.27,25,3,2925,9630,49
71.526819846,230.27,25,3,2925,9630,49
71.601665936,230.27,25,3,2925,9630,49
71.674797927,230.27,25,3,2925,9630,49
71.748764460,230.27,25,3,2925,9630,49
71.822854687,230.27,25,3,2925,9630,49
71.897463888,230.27,25,3,2925,9630,49
71.971959403,231.05,25,3,2925,9630,49
72.046350370,231.05,25,3,2925,9630,49
72.122404129,231.05,25,3,2925,9630,49
72.198569700,231.05,25,3,2925,9630,49
72.272598421,231.05,25,3,2925,9630,49
72.346730227,231.05,25,3,2925,9630,49
72.421113560,231.05,25,3,2925,9630,49
72.495516811,215.37,25,3,2700,9630,48
72.570019901,215.37,25,3,2700,9630,48
72.645248886,215.37,25,3,2700,9630,48
72.719348932,215.37,25,3,2700,9630,48
72.793340363,215.37,25,3,2700,9630,48
72.866594105,215.37,25,3,2700,9630,48
72.940082321,205.26,25,3,2722,9630,48
73.014212354,205.26,25,3,2722,9630,48
73.089188019,205.26,25,3,2722,9630,48
73.164127446,205.26,25,3,2722,9630,48
73.239791296,205.26,25,3,2722,9630,48
73.315190705,205.26,25,3,2722,9630,48
73.391290111,205.26,25,3,2722,9630,48
73.466558672,203.70,25,3,2700,9630,48
73.542540064,203.70,25,3,2700,9630,48
73.616303672,203.70,25,3,2700,9630,48
73.689915753,203.70,25,3,2700,9630,48
73.763995391,203.70,25,3,2700,9630,48
73.837888986,203.70,25,3,2700,9630,48
73.912597224,203.70,25,3,2700,9630,48
73.986832076,205.82,25,3,2722,9630,49
74.061722180,205.82,25,3,2722,9630,49
74.136685652,205.82,25,3,2722,9630,49
74.211188221,205.82,25,3,2722,9630,49
74.286454318,205.82,25,3,2722,9630,49
74.360987535,205.82,25,3,2722,9630,49
74.437117979,205.53,41,7,2722,9630,48
74.512525734,205.53,41,7,2722,9630,48
74.586872438,205.53,41,7,2722,9630,48
74.659724359,205.53,41,7,2722,9630,48
74.733552990,205.53,41,7,2722,9630,48
74.807965258,205.53,41,7,2722,9630,48
74.882284219,205.53,41,7,2722,9630,48
74.957729265,205.43,41,7,2722,9630,48
75.032343075,205.43,41,7,2722,9630,48
75.106370464,205.43,41,7,2722,9630,48
75.180907839,205.43,41,7,2722,9630,48
75.256236363,205.43,41,7,2722,9630,48
75.332313537,205.43,41,7,2722,9630,48
75.407670065,205.43,41,7,2722,9630,48
75.483409479,208.10,26,4,2752,9630,48
75.557807019,208.10,26,4,2752,9630,48
75.631855137,208.10,26,4,2752,9630,48
75.706682642,208.10,26,4,2752,9630,48
75.780215353,208.10,26,4,2752,9630,48
75.854330337,208.10,26,4,2752,9630,48
75.928922096,209.38,26,4,2767,9630,49
76.002703408,209.38,26,4,2767,9630,49
76.077226145,209.38,26,4,2767,9630,49
76.151645958,209.38,26,4,2767,9630,49
76.225410308,209.38,26,4,2767,9630,49
76.300062681,209.38,26,4,2767,9630,49
76.373955786,209.38,26,4,2767,9630,49
76.448271862,211.66,41,5,2745,9630,48
76.524987566,211.66,41,5,2745,9630,48
76.600208206,211.66,41,5,2745,9630,48
76.674771601,211.66,41,5,2745,9630,48
76.749617531,211.66,41,5,2745,9630,48
76.825368085,211.66,41,5,2745,9630,48
76.900662636,211.66,41,5,2745,9630,48
76.976830311,208.68,41,5,2707,9630,48
77.052707987,208.68,41,5,2707,9630,48
77.126021202,208.68,41,5,2707,9630,48
77.199194352,208.68,41,5,2707,9630,48
77.272903267,208.68,41,5,2707,9630,48
77.346721069,208.68,41,5,2707,9630,48
77.420850902,208.68,41,5,2707,9630,48
77.494183153,206.16,43,7,2730,9630,49
77.568274563,206.16,43,7,2730,9630,49
77.642308585,206.16,43,7,2730,9630,49
77.716790635,206.16,43,7,2730,9630,49
77.792687838,206.16,43,7,2730,9630,49
77.866888275,206.16,43,7,2730,9630,49
77.941092800,211.77,43,7,2820,9630,48
78.018214433,211.77,43,7,2820,9632,48
78.094964473,211.77,43,7,2820,9632,48
78.172049457,211.77,43,7,2820,9632,48
78.245583000,211.77,43,7,2820,9632,48
78.319254795,211.77,43,7,2820,9632,48
78.394278412,211.77,43,7,2820,9632,48
78.469742043,269.55,26,4,2865,9632,51
78.546873966,269.55,26,4,2865,9632,51
78.620247856,269.55,26,4,2865,9632,51
78.693984334,269.55,26,4,2865,9632,51
78.770595861,269.55,26,4,2865,9632,51
78.846348069,269.55,26,4,2865,9632,51
78.920555139,269.55,26,4,2865,9632,51
78.995163930,279.83,26,4,2917,9632,50
79.069932363,279.83,26,4,2917,9632,50
79.144771180,279.83,26,4,2917,9632,50
79.219178399,279.83,26,4,2917,9632,50
79.293021098,279.83,26,4,2917,9632,50
79.367314121,279.83,26,4,2917,9632,50
79.444343269,237.12,36,6,2925,9632,50
79.518788600,237.12,36,6,2925,9632,50
79.593987951,237.12,36,6,2925,9632,50
79.669870536,237.12,36,6,2925,9632,50
79.745224870,237.12,36,6,2925,9632,50
79.818342886,237.12,36,6,2925,9632,50
79.892695862,237.12,36,6,2925,9632,50
79.968460534,238.54,36,6,2917,9632,50
80.043728264,238.54,36,6,2917,9632,50
80.119413305,238.54,36,6,2917,9632,50
80.196108440,238.54,36,6,2917,9632,50
80.271257375,238.54,36,6,2917,9632,50
80.345136223,238.54,36,6,2917,9632,50
80.420841853,238.54,36,6,2917,9632,50
80.496044379,239.38,36,4,2917,9632,50
80.570931999,239.38,36,4,2917,9632,50
80.646100251,239.38,36,4,2917,9632,50
80.720919380,239.38,36,4,2917,9632,50
80.795624194,239.38,36,4,2917,9632,50
80.869365861,239.38,36,4,2917,9632,50
80.944713012,240.21,36,4,2917,9632,50
81.018761681,240.21,36,4,2917,9632,50
81.093068210,240.21,36,4,2917,9632,50
81.167608822,240.21,36,4,2917,9632,50
81.241223930,240.21,36,4,2917,9632,50
81.315014220,240.21,36,4,2917,9632,50
81.389023835,240.21,36,4,2917,9632,50
81.464162330,240.20,44,6,2917,9632,50
81.537417035,240.20,44,6,2917,9632,50
81.611130800,240.20,44,6,2917,9632,50
81.686032777,240.20,44,6,2917,9632,50
81.762309860,240.20,44,6,2917,9632,50
81.836967735,240.20,44,6,2917,9632,50
81.912400838,240.20,44,6,2917,9632,50
81.987687955,240.51,44,6,2917,9632,50
82.062305393,240.51,44,6,2917,9632,50
82.137087803,240.51,44,6,2917,9632,50
82.210814683,240.51,44,6,2917,9632,50
82.284927094,240.51,44,6,2917,9632,50
82.359620656,240.51,44,6,2917,9632,50
82.432986331,241.71,29,4,2917,9632,50
82.506398134,241.71,29,4,2917,9632,50
82.580321255,241.71,29,4,2917,9632,50
82.653964136,241.71,29,4,2917,9632,50
82.728996320,241.71,29,4,2917,9632,50
82.804087526,241.71,29,4,2917,9632,50
82.879855825,241.71,29,4,2917,9632,50
82.954641591,239.85,29,4,2917,9632,50
83.030395413,239.85,29,4,2917,9632,50
83.105502880,239.85,29,4,2917,9632,50
83.180453680,239.85,29,4,2917,9632,50
83.255286716,239.85,29,4,2917,9632,50
83.329022563,239.85,29,4,2917,9632,50
83.404207537,239.85,29,4,2917,9632,50
83.477167984,239.93,46,7,2917,9632,51
83.550922105,239.93,46,7,2917,9632,51
83.626999861,239.93,46,7,2917,9632,51
83.702257442,239.93,46,7,2917,9632,51
83.776861054,239.93,46,7,2917,9632,51
83.851218469,239.93,46,7,2917,9632,51
83.924956921,239.74,46,7,2917,9632,50
83.999487324,239.74,46,7,2917,9632,50
84.073780708,239.74,46,7,2917,9632,50
84.147947652,239.74,46,7,2917,9632,50
84.223122617,239.74,46,7,2917,9632,50
84.296494744,239.74,46,7,2917,9632,50
84.371733340,239.74,46,7,2917,9632,50
84.446824546,239.79,38,7,2917,9632,50
84.522047952,239.79,38,7,2917,9632,50
84.595947720,239.79,38,7,2917,9632,50
84.670391138,239.79,38,7,2917,9632,50
84.744628896,239.79,38,7,2917,9632,50
84.818247161,239.79,38,7,2917,9632,50
84.894029026,239.79,38,7,2917,9632,50
84.969232174,239.16,38,7,2917,9632,50
85.044260881,239.16,38,7,2917,9632,50
85.121058231,239.16,38,7,2917,9632,50
85.197206851,239.16,38,7,2917,9632,50
85.272817773,239.16,38,7,2917,9632,50
85.346424275,239.16,38,7,2917,9632,50
85.421176358,239.16,38,7,2917,9632,50
85.495592945,289.28,43,10,2880,9632,53
85.569852916,289.28,43,10,2880,9632,53
85.643608741,289.28,43,10,2880,9632,53
85.718201412,289.28,43,10,2880,9632,53
85.794654589,289.28,43,10,2880,9632,53
85.869823673,289.28,43,10,2880,9632,53
85.944158906,289.93,43,10,2917,9632,50
86.018092829,289.93,43,10,2917,9632,50
86.093810162,289.93,43,10,2917,9632,50
86.167478912,289.93,43,10,2917,9632,50
86.243319499,289.93,43,10,2917,9632,50
86.317894166,289.93,43,10,2917,9632,50
86.393186533,289.93,43,10,2917,9632,50
86.467342447,241.45,30,4,2917,9632,50
86.540807020,241.45,30,4,2917,9632,50
86.615144397,241.45,30,4,2917,9632,50
86.690571360,241.45,30,4,2917,9632,50
86.765120849,241.45,30,4,2917,9632,50
86.840032225,241.45,30,4,2917,9632,50
86.914288719,241.45,30,4,2917,9632,50
86.988676281,241.00,30,4,2917,9632,50
87.064584095,241.00,30,4,2917,9632,50
87.139710258,241.00,30,4,2917,9632,50
87.215982182,241.00,30,4,2917,9632,50
87.289548328,241.00,30,4,2917,9632,50
87.363551842,241.00,30,4,2917,9632,50
87.437699651,240.94,30,4,2917,9632,50
87.512387703,240.94,30,4,2917,9632,50
87.586212519,240.94,30,4,2917,9632,50
87.660905100,240.94,30,4,2917,9632,50
87.735068948,240.94,30,4,2917,9632,50
87.810590661,240.94,30,4,2917,9632,50
87.886939921,240.94,30,4,2917,9632,50
87.961104892,242.03,30,4,2917,9632,50
88.034632314,242.03,30,4,2917,9632,50
88.108384934,242.03,30,4,2917,9632,50
88.184121153,242.03,30,4,2917,9632,50
88.258267198,242.03,30,4,2917,9632,50
88.333006988,242.03,30,4,2917,9632,50
88.407936838,242.03,30,4,2917,9632,50
88.482444339,241.93,34,5,2917,9632,50
88.558149869,241.93,34,5,2917,9632,50
88.634430841,241.93,34,5,2917,9632,50
88.709890626,241.93,34,5,2917,9632,50
88.785050733,241.93,34,5,2917,9632,50
88.858829682,241.93,34,5,2917,9632,50
88.934344672,241.25,34,5,2917,9632,50
89.008050192,241.25,34,5,2917,9632,50
89.082734738,241.25,34,5,2917,9632,50
89.157275801,241.25,34,5,2917,9632,50
89.232409328,241.25,34,5,2917,9632,50
89.306909214,241.25,34,5,2917,9632,50
89.381182480,241.25,34,5,2917,9632,50
89.455534335,243.80,47,6,2917,9632,51
89.529879037,243.80,47,6,2917,9632,51
89.605541697,243.80,47,6,2917,9632,51
89.679749358,243.80,47,6,2917,9632,51
89.753711835,243.80,47,6,2917,9632,51
89.828017814,243.80,47,6,2917,9632,51
89.902949017,243.80,47,6,2917,9632,51
89.978293103,243.13,47,6,2917,9632,51
90.053345856,243.13,47,6,2917,9632,51
90.128791194,243.13,47,6,2917,9632,51
90.203403603,243.13,47,6,2917,9632,51
90.278455456,243.13,47,6,2917,9632,51
90.352346067,243.13,47,6,2917,9632,51
90.429642854,243.25,38,6,2917,9632,51
90.504234273,243.25,38,6,2917,9632,51
90.578452946,243.25,38,6,2917,9632,51
90.651973155,243.25,38,6,2917,9632,51
90.726741339,243.25,38,6,2917,9632,51
90.802043426,243.25,38,6,2917,9632,51
90.877194015,243.25,38,6,2917,9632,51
90.952892933,244.48,38,6,2917,9632,51
91.028047771,244.48,38,6,2917,9632,51
91.102603903,244.48,38,6,2917,9632,51
91.177040589,244.48,38,6,2917,9632,51
91.253772125,244.48,38,6,2917,9632,51
91.334085720,244.48,38,6,2917,9632,51
91.412917767,244.48,38,6,2917,9632,51
91.487672406,275.34,86,62,2917,9632,54
91.561655433,275.34,86,62,2917,9632,54
91.636070177,275.34,86,62,2917,9632,54
91.711721816,275.34,86,62,2917,9632,54
91.786396634,275.34,86,62,2917,9632,54
91.862709586,275.34,86,62,2917,9632,54
91.937315814,289.79,86,62,2910,9632,51
92.011683900,289.79,86,62,2910,9632,51
92.086893581,289.79,86,62,2910,9632,51
92.161113707,289.79,86,62,2910,9632,51
92.236059819,289.79,86,62,2910,9632,51
92.311170392,289.79,86,62,2910,9632,51
92.385694054,289.79,86,62,2910,9632,51
92.460646558,281.11,41,6,2917,9632,51
92.534349403,281.11,41,6,2917,9632,51
92.609473212,281.11,41,6,2917,9632,51
92.684219936,281.11,41,6,2917,9632,51
92.759153945,281.11,41,6,2917,9632,51
92.836813690,281.11,41,6,2917,9632,51
92.912237036,281.11,41,6,2917,9632,51
92.986888630,243.09,41,6,2917,9632,51
93.062201557,243.09,41,6,2917,9632,51
93.138023188,243.09,41,6,2917,9632,51
93.212393329,243.09,41,6,2917,9632,51
93.287923387,243.09,41,6,2917,9632,51
93.364336129,243.09,41,6,2917,9632,51
93.438929172,243.47,47,8,2917,9632,51
93.516066527,243.47,47,8,2917,9632,51
93.591888028,243.47,47,8,2917,9632,51
93.667455368,243.47,47,8,2917,9632,51
93.743076048,243.47,47,8,2917,9632,51
93.818664388,243.47,47,8,2917,9632,51
93.893256629,243.47,47,8,2917,9632,51
93.968341043,244.79,47,8,2917,9632,51
94.042844276,244.79,47,8,2917,9632,51
94.117053882,244.79,47,8,2917,9632,51
94.191578345,244.79,47,8,2917,9632,51
94.267789254,244.79,47,8,2917,9632,51
94.341725833,244.79,47,8,2917,9632,51
94.416326520,244.79,47,8,2917,9632,51
94.491234359,245.38,47,8,2917,9632,51
94.565331553,245.38,47,8,2917,9632,51
94.640248900,245.38,47,8,2917,9632,51
94.716092714,245.38,47,8,2917,9632,51
94.791266267,245.38,47,8,2917,9632,51
94.866093313,245.38,47,8,2917,9632,51
94.941012103,245.28,47,8,2917,9632,52
95.017058772,245.28,47,8,2917,9632,52
95.091747055,245.28,47,8,2917,9632,52
95.166022115,245.28,47,8,2917,9632,52
95.240956195,245.28,47,8,2917,9632,52
95.315967731,245.28,47,8,2917,9632,52
95.390085874,245.28,47,8,2917,9632,52
95.465382320,245.73,47,8,2917,9632,51
95.540428993,245.73,47,8,2917,9632,51
95.617680555,245.73,47,8,2917,9632,51
95.692588154,245.73,47,8,2917,9632,51
95.767023929,245.73,47,8,2917,9632,51
95.842741012,245.73,47,8,2917,9632,51
95.917059795,245.73,47,8,2917,9632,51
95.990941921,246.25,47,8,2917,9632,52
96.066863171,246.25,47,8,2917,9632,52
96.140780915,246.25,47,8,2917,9632,52
96.215455913,246.25,47,8,2917,9632,52
96.289967472,246.25,47,8,2917,9632,52
96.364501593,246.25,47,8,2917,9632,52
96.440387006,246.77,50,8,2917,9632,51
96.515406197,246.77,50,8,2917,9632,51
96.590755764,246.77,50,8,2917,9632,51
96.666364742,246.77,50,8,2917,9632,51
96.740331148,246.77,50,8,2917,9632,51
96.815139098,246.77,50,8,2917,9632,51
96.892642678,246.77,50,8,2917,9632,51
96.970965591,253.30,50,8,2917,9632,51
97.046858487,253.30,50,8,2917,9632,51
97.121780845,253.30,50,8,2917,9632,51
97.196077556,253.30,50,8,2917,9632,51
97.272368588,253.30,50,8,2917,9632,51
97.347510622,253.30,50,8,2917,9632,51
97.421149897,253.30,50,8,2917,9632,51
97.495346288,293.06,41,6,2880,9632,52
97.569733412,293.06,41,6,2880,9632,52
97.645672787,293.06,41,6,2880,9632,52
97.720105155,293.06,41,6,2880,9632,52
97.795214797,293.06,41,6,2880,9632,52
97.870083263,293.06,41,6,2880,9632,52
97.945040687,293.03,41,6,2925,9632,51
98.020850276,293.03,41,6,2925,9632,51
98.095529512,293.03,41,6,2925,9632,51
98.169917978,293.03,41,6,2925,9632,51
98.246159175,293.03,41,6,2925,9632,51
98.319904081,293.03,41,6,2925,9632,51
98.394482136,293.03,41,6,2925,9632,51
98.469778111,246.96,51,8,2925,9632,51
98.546209289,246.96,51,8,2925,9632,51
98.622049806,246.96,51,8,2925,9632,51
98.697894592,246.96,51,8,2925,9632,51
98.771522757,246.96,51,8,2925,9632,51
98.845554266,246.96,51,8,2925,9632,51
98.921135833,246.96,51,8,2925,9632,51
98.996477255,247.06,51,8,2917,9632,51
99.070386512,247.06,51,8,2917,9632,51
99.145045140,247.06,51,8,2917,9632,51
99.219281106,247.06,51,8,2917,9632,51
99.294187013,247.06,51,8,2917,9632,51
99.369038717,247.06,51,8,2917,9632,51
99.444706537,246.99,50,9,2925,9632,52
99.519328395,246.99,50,9,2925,9632,52
99.596362205,246.99,50,9,2925,9632,52
99.671154045,246.99,50,9,2925,9632,52
99.748182595,246.99,50,9,2925,9632,52
99.822410296,246.99,50,9,2925,9632,52
99.896624811,246.99,50,9,2925,9632,52
99.972200948,247.50,50,9,2917,9632,51
100.047054946,247.50,50,9,2917,9632,51
100.123208608,247.50,50,9,2917,9632,51
100.198101550,247.50,50,9,2917,9632,51
100.274271622,247.50,50,9,2917,9632,51
100.348659417,247.50,50,9,2917,9632,51
100.423269874,247.50,50,9,2917,9632,51
100.498400035,247.86,55,9,2917,9632,52
100.574628859,247.86,55,9,2917,9632,52
100.649357309,247.86,55,9,2917,9632,52
100.724399715,247.86,55,9,2917,9632,52
100.799524756,247.86,55,9,2917,9632,52
100.873584820,247.86,55,9,2917,9632,52
100.947946565,248.24,55,9,2917,9632,52
101.023984217,248.24,55,9,2917,9632,52
101.099980430,248.24,55,9,2917,9632,52
101.173675061,248.24,55,9,2917,9632,52
101.247926016,248.24,55,9,2917,9632,52
101.323259192,248.24,55,9,2917,9632,52
101.399088870,248.24,55,9,2917,9632,52
101.473633943,248.57,48,8,2917,9632,53
101.549135218,248.57,48,8,2917,9632,53
101.623286484,248.57,48,8,2917,9632,53
101.697669860,248.57,48,8,2917,9632,53
101.772262483,248.57,48,8,2917,9632,53
101.847887593,248.57,48,8,2917,9632,53
101.923051248,248.57,48,8,2917,9632,53
101.997711389,248.28,48,8,2917,9632,53
102.072097741,248.28,48,8,2917,9632,53
102.150809431,248.28,48,8,2917,9632,53
102.229364374,248.28,48,8,2917,9632,53
102.305679883,248.28,48,8,2917,9632,53
102.380473757,248.28,48,8,2917,9632,53
102.455119591,296.76,56,29,2887,9632,55
102.529937241,296.76,56,29,2887,9632,55
102.603775273,296.76,56,29,2887,9632,55
102.678331227,296.76,56,29,2887,9632,55
102.754012664,296.76,56,29,2887,9632,55
102.830778145,296.76,56,29,2887,9632,55
102.904717570,296.76,56,29,2887,9632,55
102.980552838,298.90,56,29,2917,9632,52
103.056147320,298.90,56,29,2917,9632,52
103.131195737,298.90,56,29,2917,9632,52
103.207726163,298.90,56,29,2917,9632,52
103.283372613,298.90,56,29,2917,9632,52
103.358487867,298.90,56,29,2917,9632,52
103.433842785,258.97,46,7,2917,9632,52
103.507977140,258.97,46,7,2917,9632,52
103.581850890,258.97,46,7,2917,9632,52
103.656046451,258.97,46,7,2917,9632,52
103.732192157,258.97,46,7,2917,9632,52
103.807670930,258.97,46,7,2917,9632,52
103.882825418,258.97,46,7,2917,9632,52
103.957638719,249.69,46,7,2917,9632,52
104.032915219,249.69,46,7,2917,9632,52
104.106602446,249.69,46,7,2917,9632,52
104.180262131,249.69,46,7,2917,9632,52
104.255369069,249.69,46,7,2917,9632,52
104.331393035,249.69,46,7,2917,9632,52
104.406576818,249.69,46,7,2917,9632,52
104.481551987,249.82,52,8,2917,9632,52
104.557121732,249.82,52,8,2917,9632,52
104.632983821,249.82,52,8,2917,9632,52
104.707803465,249.82,52,8,2917,9632,52
104.781024628,249.82,52,8,2917,9632,52
104.856152696,249.82,52,8,2917,9632,52
104.932395317,250.14,52,8,2917,9632,52
105.008114265,250.14,52,8,2917,9632,52
105.083847791,250.14,52,8,2917,9632,52
105.158225717,250.14,52,8,2917,9632,52
105.234060795,250.14,52,8,2917,9632,52
105.307733796,250.14,52,8,2917,9632,52
105.383902186,250.14,52,8,2917,9632,52
105.458392124,250.13,46,7,2917,9632,52
105.532540255,250.13,46,7,2917,9632,52
105.606000642,250.13,46,7,2917,9632,52
105.681118722,250.13,46,7,2917,9632,52
105.755802848,250.13,46,7,2917,9632,52
105.831372133,250.13,46,7,2917,9632,52
105.906231802,250.13,46,7,2917,9632,52
105.980892344,250.14,46,7,2917,9632,52
106.055450783,250.14,46,7,2917,9632,52
106.129689956,250.14,46,7,2917,9632,52
106.204970624,250.14,46,7,2917,9632,52
106.279927447,250.14,46,7,2917,9632,52
106.354334449,250.14,46,7,2917,9632,52
106.429429204,249.07,45,7,2917,9632,52
106.504759746,249.07,45,7,2917,9632,52
106.579602383,249.07,45,7,2917,9632,52
106.655340959,249.07,45,7,2917,9632,52
106.730228632,249.07,45,7,2917,9632,52
106.805894910,249.07,45,7,2917,9632,52
106.879153314,249.07,45,7,2917,9632,52
106.953406645,249.69,45,7,2917,9632,53
107.028091503,249.69,45,7,2917,9632,53
107.103312387,249.69,45,7,2917,9632,53
107.179693581,249.69,45,7,2917,9632,53
107.256280114,249.69,45,7,2917,9632,53
107.332514279,249.69,45,7,2917,9632,53
107.406628626,249.69,45,7,2917,9632,53
107.480190906,298.29,73,51,2902,9632,56
107.555401411,298.29,73,51,2902,9632,56
107.630233268,298.29,73,51,2902,9632,56
107.704923015,298.29,73,51,2902,9632,56
107.778806024,298.29,73,51,2902,9632,56
107.854374908,298.29,73,51,2902,9632,56
107.931286467,294.08,73,51,2902,9632,53
108.006219335,294.08,73,51,2902,9632,53
108.082124126,294.08,73,51,2902,9632,53
108.157910362,294.08,73,51,2902,9632,53
108.233541854,294.08,73,51,2902,9632,53
108.308271828,294.08,73,51,2902,9632,53
108.383386071,294.08,73,51,2902,9632,53
108.457651123,264.99,43,6,2902,9632,52
108.531165563,264.99,43,6,2902,9632,52
108.604804900,264.99,43,6,2902,9632,52
108.679703724,264.99,43,6,2902,9632,52
108.753367227,264.99,43,6,2902,9632,52
108.828258947,264.99,43,6,2902,9632,52
108.903781604,264.99,43,6,2902,9632,52
108.978847795,249.20,43,6,2917,9632,52
109.054522008,249.20,43,6,2917,9632,52
109.129835589,249.20,43,6,2917,9632,52
109.206033144,249.20,43,6,2917,9632,52
109.281296389,249.20,43,6,2917,9632,52
109.356588168,249.20,43,6,2917,9632,52
109.433552487,249.48,50,8,2902,9632,53
109.508477060,249.48,50,8,2902,9632,53
109.583897984,249.48,50,8,2902,9632,53
109.658223371,249.48,50,8,2902,9632,53
109.733952990,249.48,50,8,2902,9632,53
109.809519620,249.48,50,8,2902,9632,53
109.883749225,249.48,50,8,2902,9632,53
109.959057696,249.12,50,8,2910,9632,52
110.033131847,249.12,50,8,2910,9632,52
110.107846041,249.12,50,8,2910,9632,52
110.182689611,249.12,50,8,2910,9632,52
110.256727994,249.12,50,8,2910,9632,52
110.330666458,249.12,50,8,2910,9632,52
110.405469581,249.12,50,8,2910,9632,52
110.480298873,249.95,50,8,2917,9632,53
110.555287507,249.95,50,8,2917,9632,53
110.630280670,249.95,50,8,2917,9632,53
110.704956011,249.95,50,8,2917,9632,53
110.779980854,249.95,50,8,2917,9632,53
110.854039696,249.95,50,8,2917,9632,53
110.929600675,250.15,50,8,2917,9632,52
111.004973528,250.15,50,8,2917,9632,52
111.079537057,250.15,50,8,2917,9632,52
111.156542975,250.15,50,8,2917,9632,52
111.230476610,250.15,50,8,2917,9632,52
111.306059972,250.15,50,8,2917,9632,52
111.381332935,250.15,50,8,2917,9632,52
111.456094139,251.40,61,11,2917,9632,52
111.531387290,251.40,61,11,2917,9632,52
111.605764797,251.40,61,11,2917,9632,52
111.681463637,251.40,61,11,2917,9632,52
111.757605678,251.40,61,11,2917,9632,52
111.831586482,251.40,61,11,2917,9632,52
111.907112045,251.40,61,11,2917,9632,52
111.984407371,251.39,61,11,2917,9632,52
112.061481058,251.39,61,11,2917,9632,52
112.137647204,251.39,61,11,2917,9632,52
112.210326662,251.39,61,11,2917,9632,52
112.284234067,251.39,61,11,2917,9632,52
112.359078429,251.39,61,11,2917,9632,52
112.434226295,300.32,51,9,2857,9632,54
112.509016954,300.32,51,9,2857,9632,54
112.583589200,300.32,51,9,2857,9632,54
112.658059001,300.32,51,9,2857,9632,54
112.731693319,300.32,51,9,2857,9632,54
112.805381939,300.32,51,9,2857,9632,54
112.880098278,300.32,51,9,2857,9632,54
112.954749673,296.15,51,9,2910,9632,53
113.028290323,296.15,51,9,2910,9632,53
113.103177596,296.15,51,9,2910,9632,53
113.177167709,296.15,51,9,2910,9632,53
113.252548697,296.15,51,9,2910,9632,53
113.327934795,296.15,51,9,2910,9632,53
113.401885132,296.15,51,9,2910,9632,53
113.476474309,251.03,48,7,2917,9632,53
113.550957015,251.03,48,7,2917,9632,53
113.624876604,251.03,48,7,2917,9632,53
113.700123889,251.03,48,7,2917,9632,53
113.774529108,251.03,48,7,2917,9632,53
113.849103938,251.03,48,7,2917,9632,53
113.924826404,251.03,48,7,2917,9632,53
113.999629306,252.44,48,7,2917,9632,53
114.073806113,252.44,48,7,2917,9632,53
114.149979603,252.44,48,7,2917,9632,53
114.224854092,252.44,48,7,2917,9632,53
114.299331688,252.44,48,7,2917,9632,53
114.375106853,252.44,48,7,2917,9632,53
114.449933291,252.00,54,9,2917,9632,53
114.525582318,252.00,54,9,2917,9632,53
114.602031471,252.00,54,9,2917,9632,53
114.677387021,252.00,54,9,2917,9632,53
114.753300920,252.00,54,9,2917,9632,53
114.827389539,252.00,54,9,2917,9632,53
114.902104825,252.00,54,9,2917,9632,53
114.978407521,250.86,54,9,2917,9632,54
115.053404361,250.86,54,9,2917,9632,54
115.127803529,250.86,54,9,2917,9632,54
115.202164915,250.86,54,9,2917,9632,54
115.276208859,250.86,54,9,2917,9632,54
115.350470577,250.86,54,9,2917,9632,54
115.426049601,250.86,54,9,2917,9632,54
115.533433258,250.91,50,8,2917,9632,53
115.628780140,250.91,50,8,2917,9632,53
115.704024610,250.91,50,8,2917,9632,53
115.779551245,250.91,50,8,2917,9632,53
115.853871673,250.91,50,8,2917,9632,53
115.928182293,250.12,50,8,2917,9632,53
116.004254141,250.12,50,8,2917,9632,53
116.077999720,250.12,50,8,2917,9632,53
116.152849382,250.12,50,8,2917,9632,53
116.227471262,250.12,50,8,2917,9632,53
116.302438797,250.12,50,8,2917,9632,53
116.377820938,250.12,50,8,2917,9632,53
116.453233456,249.68,47,7,2917,9632,52
116.527728716,249.68,47,7,2917,9632,52
116.602348833,249.68,47,7,2917,9632,52
116.677922927,249.68,47,7,2917,9632,52
116.754133559,249.68,47,7,2917,9632,52
116.832424984,249.68,47,7,2917,9632,52
116.909016277,249.68,47,7,2917,9632,52
116.982728022,280.07,47,7,2917,9632,56
117.058095635,280.07,47,7,2917,9632,56
117.133143763,280.07,47,7,2917,9632,56
117.209781374,280.07,47,7,2917,9632,56
117.285014592,280.07,47,7,2917,9632,56
117.358952526,280.07,47,7,2917,9632,56
117.435292433,291.81,51,8,2902,9632,53
117.510149659,291.81,51,8,2902,9632,53
117.584664386,291.81,51,8,2902,9632,53
117.659008609,291.81,51,8,2902,9632,53
117.734001994,291.81,51,8,2902,9632,53
117.808202515,291.81,51,8,2902,9632,53
117.883236115,291.81,51,8,2902,9632,53
117.956251731,282.83,51,8,2910,9632,53
118.030271249,282.83,51,8,2910,9632,53
118.105334566,282.83,51,8,2910,9632,53
118.179384782,282.83,51,8,2910,9632,53
118.254248611,282.83,51,8,2910,9632,53
118.328563109,282.83,51,8,2910,9632,53
118.404431792,282.83,51,8,2910,9632,53
118.480935339,248.77,51,8,2917,9632,53
118.555939814,248.77,51,8,2917,9632,53
118.631626994,248.77,51,8,2917,9632,53
118.706333023,248.77,51,8,2917,9632,53
118.781250353,248.77,51,8,2917,9632,53
118.855978375,248.77,51,8,2917,9632,53
118.931640346,250.07,51,8,2910,9632,53
119.007826191,250.07,51,8,2910,9632,53
119.082115741,250.07,51,8,2910,9632,53
119.157545302,250.07,51,8,2910,9632,53
119.231693955,250.07,51,8,2910,9632,53
119.306950278,250.07,51,8,2910,9632,53
119.381057222,250.07,51,8,2910,9632,53
119.454613513,250.48,52,8,2917,9632,53
119.528689779,250.48,52,8,2917,9632,53
119.602714497,250.48,52,8,2917,9632,53
119.678086439,250.48,52,8,2917,9632,53
119.752589825,250.48,52,8,2917,9632,53
119.828636876,250.48,52,8,2917,9632,53
119.902903974,250.48,52,8,2917,9632,53
119.978645096,249.11,52,8,2917,9632,53
120.053343281,249.11,52,8,2917,9632,53
120.128336365,249.11,52,8,2917,9632,53
120.203996212,249.11,52,8,2917,9632,53
120.277945278,249.11,52,8,2917,9632,53
120.353662654,249.11,52,8,2917,9632,53
120.428401436,249.62,52,8,2917,9632,53
120.504284296,249.62,52,8,2917,9632,53
120.580552598,249.62,52,8,2917,9632,53
120.655620393,249.62,52,8,2917,9632,53
120.731202393,249.62,52,8,2917,9632,53
120.806027539,249.62,52,8,2917,9632,53
120.880929300,249.62,52,8,2917,9632,53
120.956633351,248.46,52,8,2917,9632,53
121.031335654,248.46,52,8,2917,9632,53
121.106194313,248.46,52,8,2917,9632,53
121.181231040,248.46,52,8,2917,9632,53
121.257345429,248.46,52,8,2917,9632,53
121.334183982,248.46,52,8,2917,9632,53
121.410232045,248.46,52,8,2917,9632,53
121.487318757,246.86,45,8,2910,9632,53
121.563311586,246.86,45,8,2910,9632,53
121.639836234,246.86,45,8,2910,9632,53
121.715746346,246.86,45,8,2910,9632,53
121.791940647,246.86,45,8,2910,9632,53
121.868331901,246.86,45,8,2910,9632,53
121.943551945,291.49,45,8,2880,9632,56
122.018510313,291.49,45,8,2880,9632,56
122.094348389,291.49,45,8,2880,9632,56
122.169604732,291.49,45,8,2880,9632,56
122.244974300,291.49,45,8,2880,9632,56
122.320062214,291.49,45,8,2880,9632,56
122.394475689,291.49,45,8,2880,9632,56
122.468044634,292.98,60,11,2902,9632,53
122.542244395,292.98,60,11,2902,9632,53
122.615748076,292.98,60,11,2902,9632,53
122.690704210,292.98,60,11,2902,9632,53
122.765895319,292.98,60,11,2902,9632,53
122.839648654,292.98,60,11,2902,9632,53
122.915000387,292.98,60,11,2902,9632,53
122.989406118,255.24,60,11,2910,9632,53
123.064138238,255.24,60,11,2910,9632,53
123.139397727,255.24,60,11,2910,9632,53
123.214363099,255.24,60,11,2910,9632,53
123.289143710,255.24,60,11,2910,9632,53
123.363807320,255.24,60,11,2910,9632,53
123.438664557,247.22,41,6,2902,9632,53
123.513279454,247.22,41,6,2902,9632,53
123.588266978,247.22,41,6,2902,9632,53
123.663365241,247.22,41,6,2902,9632,53
123.737719425,247.22,41,6,2902,9632,53
123.812844108,247.22,41,6,2902,9632,53
123.887392600,247.22,41,6,2902,9632,53
123.962093520,249.12,41,6,2902,9632,53
124.036429349,249.12,41,6,2902,9632,53
124.111474282,249.12,41,6,2902,9632,53
124.186954249,249.12,41,6,2902,9632,53
124.261265751,249.12,41,6,2902,9632,53
124.335910616,249.12,41,6,2902,9632,53
124.410247937,249.12,41,6,2902,9632,53
124.484398715,248.66,54,8,2902,9632,53
124.560082819,248.66,54,8,2902,9632,53
124.635516098,248.66,54,8,2902,9632,53
124.710924329,248.66,54,8,2902,9632,53
124.784982511,248.66,54,8,2902,9632,53
124.859656160,248.66,54,8,2902,9632,53
124.935729202,248.28,54,8,2902,9632,53
125.010421836,248.28,54,8,2902,9632,53
125.085822323,248.28,54,8,2902,9632,53
125.160953559,248.28,54,8,2902,9632,53
125.235295179,248.28,54,8,2902,9632,53
125.310392982,248.28,54,8,2902,9632,53
125.387940108,248.28,54,8,2902,9632,53
125.461697159,249.22,55,9,2902,9632,54
125.537445946,249.22,55,9,2902,9632,54
125.612207021,249.22,55,9,2902,9632,54
125.686822600,249.22,55,9,2902,9632,54
125.762206314,249.22,55,9,2902,9632,54
125.836978641,249.22,55,9,2902,9632,54
125.912781440,249.22,55,9,2902,9632,54
125.986292525,248.55,55,9,2902,9632,53
126.060970893,248.55,55,9,2902,9632,53
126.135769429,248.55,55,9,2902,9632,53
126.211127936,248.55,55,9,2902,9632,53
126.285446292,248.55,55,9,2902,9632,53
126.360391115,248.55,55,9,2902,9632,53
126.438992509,248.76,45,8,2902,9632,54
126.514394669,248.76,45,8,2902,9632,54
126.589238260,248.76,45,8,2902,9632,54
126.663197625,248.76,45,8,2902,9632,54
126.738568215,248.76,45,8,2902,9632,54
126.813733927,248.76,45,8,2902,9632,54
126.888351680,248.76,45,8,2902,9632,54
126.963066828,297.71,45,8,2872,9632,54
127.037470375,297.71,45,8,2872,9632,54
127.112002726,297.71,45,8,2872,9632,54
127.187537458,297.71,45,8,2872,9632,54
127.262615894,297.71,45,8,2872,9632,54
127.338696220,297.71,45,8,2872,9632,54
127.413941583,297.71,45,8,2872,9632,54
127.489150196,300.45,63,11,2902,9632,54
127.563674963,300.45,63,11,2902,9632,54
127.639701797,300.45,63,11,2902,9632,54
127.715468137,300.45,63,11,2902,9632,54
127.790751492,300.45,63,11,2902,9632,54
127.865989691,300.45,63,11,2902,9632,54
127.940382338,251.79,63,11,2902,9632,53
128.016056053,251.79,63,11,2902,9632,53
128.091504220,251.79,63,11,2902,9632,53
128.166896141,251.79,63,11,2902,9632,53
128.243223705,251.79,63,11,2902,9632,53
128.317403769,251.79,63,11,2902,9632,53
128.392654572,251.79,63,11,2902,9632,53
128.467363197,250.47,46,7,2902,9632,54
128.541473880,250.47,46,7,2902,9632,54
128.616060324,250.47,46,7,2902,9632,54
128.690996110,250.47,46,7,2902,9632,54
128.765622530,250.47,46,7,2902,9632,54
128.840261233,250.47,46,7,2902,9632,54
128.914630686,250.47,46,7,2902,9632,54
128.989432969,250.50,46,7,2902,9632,54
129.063326078,250.50,46,7,2902,9632,54
129.137354315,250.50,46,7,2902,9632,54
129.211776367,250.50,46,7,2902,9632,54
129.286251450,250.50,46,7,2902,9632,54
129.360481759,250.50,46,7,2902,9632,54
129.434720534,249.82,57,9,2902,9632,54
129.509149941,249.82,57,9,2902,9632,54
129.583427770,249.82,57,9,2902,9632,54
129.658412920,249.82,57,9,2902,9632,54
129.733166741,249.82,57,9,2902,9632,54
129.808052202,249.82,57,9,2902,9632,54
129.882045011,249.82,57,9,2902,9632,54
129.956749068,248.80,57,9,2902,9632,53
130.031382682,248.80,57,9,2902,9632,53
130.105300068,248.80,57,9,2902,9632,53
130.179693967,248.80,57,9,2902,9632,53
130.256169572,248.80,57,9,2902,9632,53
130.330409730,248.80,57,9,2902,9632,53
130.407366767,248.80,57,9,2902,9632,53
130.484457639,248.33,50,8,2902,9632,53
130.560090145,248.33,50,8,2902,9632,53
130.636177194,248.33,50,8,2902,9632,53
130.711097240,248.33,50,8,2902,9632,53
130.786127496,248.33,50,8,2902,9632,53
130.861644795,248.33,50,8,2902,9632,53
130.936474440,249.06,50,8,2902,9632,54
131.010905239,249.06,50,8,2902,9632,54
131.087459082,249.06,50,8,2902,9632,54
131.162613744,249.06,50,8,2902,9632,54
131.239368999,249.06,50,8,2902,9632,54
131.315149256,249.06,50,8,2902,9632,54
131.389673743,249.06,50,8,2902,9632,54
131.464481416,292.17,53,30,2880,9632,58
131.539554383,292.17,53,30,2880,9632,58
131.614697793,292.17,53,30,2880,9632,58
131.690355899,292.17,53,30,2880,9632,58
131.763950904,292.17,53,30,2880,9632,58
131.838482424,292.17,53,30,2880,9632,58
131.913281261,292.17,53,30,2880,9632,58
131.988173184,298.20,53,30,2902,9632,54
132.062635654,298.20,53,30,2902,9632,54
132.136618794,298.20,53,30,2902,9632,54
132.211557918,298.20,53,30,2902,9632,54
132.286038111,298.20,53,30,2902,9632,54
132.360306081,298.20,53,30,2902,9632,54
132.434815279,250.44,55,10,2902,9632,54
132.509795500,250.44,55,10,2902,9632,54
132.584391463,250.44,55,10,2902,9632,54
132.660130652,250.44,55,10,2902,9632,54
132.735262881,250.44,55,10,2902,9632,54
132.810656966,250.44,55,10,2902,9632,54
132.886901293,250.44,55,10,2902,9632,54
132.962950320,248.97,55,10,2902,9632,54
133.037730561,248.97,55,10,2902,9632,54
133.112140742,248.97,55,10,2902,9632,54
133.186004857,248.97,55,10,2902,9632,54
133.261012540,248.97,55,10,2902,9632,54
133.336206697,248.97,55,10,2902,9632,54
133.411203068,248.97,55,10,2902,9632,54
133.485907416,249.44,49,7,2902,9632,54
133.561311160,249.44,49,7,2902,9632,54
133.635127214,249.44,49,7,2902,9632,54
133.709154419,249.44,49,7,2902,9632,54
133.783854098,249.44,49,7,2902,9632,54
133.857268441,249.44,49,7,2902,9632,54
133.932765792,249.84,49,7,2902,9632,54
134.008088422,249.84,49,7,2902,9632,54
134.082621034,249.84,49,7,2902,9632,54
134.158780671,249.84,49,7,2902,9632,54
134.234799991,249.84,49,7,2902,9632,54
134.309458342,249.84,49,7,2902,9632,54
134.384598527,249.84,49,7,2902,9632,54
134.459495169,250.05,57,10,2902,9632,54
134.535091869,250.05,57,10,2902,9632,54
134.609757032,250.05,57,10,2902,9632,54
134.683551606,250.05,57,10,2902,9632,54
134.758182355,250.05,57,10,2902,9632,54
134.832725978,250.05,57,10,2902,9632,54
134.907507272,250.05,57,10,2902,9632,54
134.981516813,251.10,57,10,2902,9632,55
135.056258572,251.10,57,10,2902,9632,55
135.133001645,251.10,57,10,2902,9632,55
135.208230838,251.10,57,10,2902,9632,55
135.284368894,251.10,57,10,2902,9632,55
135.360419303,251.10,57,10,2902,9632,55
135.436864832,250.95,47,7,2902,9632,54
135.511183529,250.95,47,7,2902,9632,54
135.585277851,250.95,47,7,2902,9632,54
135.660042774,250.95,47,7,2902,9632,54
135.737457600,250.95,47,7,2902,9632,54
135.813454899,250.95,47,7,2902,9632,54
135.889429875,250.95,47,7,2902,9632,54
135.965223388,277.47,47,7,2902,9632,57
136.039464158,277.47,47,7,2902,9632,57
136.114410144,277.47,47,7,2902,9632,57
136.189721312,277.47,47,7,2902,9632,57
136.264130091,277.47,47,7,2902,9632,57
136.338849407,277.47,47,7,2902,9632,57
136.414129367,277.47,47,7,2902,9632,57
136.488275968,294.22,49,8,2902,9632,54
136.561538293,294.22,49,8,2902,9632,54
136.635836541,294.22,49,8,2902,9632,54
136.710719057,294.22,49,8,2902,9632,54
136.784979895,294.22,49,8,2902,9632,54
136.858704186,294.22,49,8,2902,9632,54
136.933029986,270.52,49,8,2910,9632,54
137.008057607,270.52,49,8,2910,9632,54
137.081916123,270.52,49,8,2910,9632,54
137.156238858,270.52,49,8,2910,9632,54
137.232387343,270.52,49,8,2910,9632,54
137.309526186,270.52,49,8,2910,9632,54
137.385512625,270.52,49,8,2910,9632,54
137.460373049,250.24,52,8,2902,9632,55
137.535277427,250.24,52,8,2902,9632,55
137.610349051,250.24,52,8,2902,9632,55
137.683626485,250.24,52,8,2902,9632,55
137.758996746,250.24,52,8,2902,9632,55
137.832825084,250.24,52,8,2902,9632,55
137.907346024,250.24,52,8,2902,9632,55
137.982207541,250.46,52,8,2902,9632,54
138.056021391,250.46,52,8,2902,9632,54
138.130322405,250.46,52,8,2902,9632,54
138.204290789,250.46,52,8,2902,9632,54
138.277762731,250.46,52,8,2902,9632,54
138.351334103,250.46,52,8,2902,9632,54
138.427630519,250.46,52,8,2910,9632,54
138.502945434,249.33,51,8,2910,9632,54
138.577771454,249.33,51,8,2910,9632,54
138.654078280,249.33,51,8,2910,9632,54
138.730031876,249.33,51,8,2910,9632,54
138.804883223,249.33,51,8,2910,9632,54
138.880164275,249.33,51,8,2910,9632,54
138.955677306,250.06,51,8,2902,9632,54
139.031375869,250.06,51,8,2902,9632,54
139.105391071,250.06,51,8,2902,9632,54
139.179281818,250.06,51,8,2902,9632,54
139.253543257,250.06,51,8,2902,9632,54
139.329988195,250.06,51,8,2902,9632,54
139.405217258,250.06,51,8,2902,9632,54
139.480724649,250.52,60,11,2902,9632,54
139.555967999,250.52,60,11,2902,9632,54
139.630763400,250.52,60,11,2902,9632,54
139.707992865,250.52,60,11,2902,9632,54
139.783194797,250.52,60,11,2902,9632,54
139.857574300,250.52,60,11,2902,9632,54
139.932210890,249.97,60,11,2902,9632,55
140.007008596,249.97,60,11,2902,9632,55
140.080872982,249.97,60,11,2902,9632,55
140.155064319,249.97,60,11,2902,9632,55
140.230576388,249.97,60,11,2902,9632,55
140.304374079,249.97,60,11,2902,9632,55
140.380614018,249.97,60,11,2902,9632,55
140.456535093,253.84,56,21,2902,9632,54
140.531930241,253.84,56,21,2902,9632,54
140.605448752,253.84,56,21,2902,9632,54
140.679126525,253.84,56,21,2902,9632,54
140.753015658,253.84,56,21,2902,9632,54
140.827662859,253.84,56,21,2902,9632,54
140.902692875,253.84,56,21,2902,9632,54
140.978231926,295.12,56,21,2880,9632,55
141.053997396,295.12,56,21,2880,9632,55
141.129620817,295.12,56,21,2880,9632,55
141.205206606,295.12,56,21,2880,9632,55
141.280722072,295.12,56,21,2880,9632,55
141.355068553,295.12,56,21,2880,9632,55
141.429299404,297.12,48,8,2902,9632,54
141.503394518,297.12,48,8,2902,9632,54
141.578457407,297.12,48,8,2902,9632,54
141.653599054,297.12,48,8,2902,9632,54
141.729563912,297.12,48,8,2902,9632,54
141.805548498,297.12,48,8,2902,9632,54
141.880230885,297.12,48,8,2902,9632,54
141.955991837,252.14,48,8,2902,9632,55
142.030042967,252.14,48,8,2902,9632,55
142.104260273,252.14,48,8,2902,9632,55
142.178649174,252.14,48,8,2902,9632,55
142.253604369,252.14,48,8,2902,9632,55
142.328944222,252.14,48,8,2902,9632,55
142.403113056,252.14,48,8,2902,9632,55
142.478722971,252.24,59,11,2902,9632,54
142.553698454,252.24,59,11,2902,9632,54
142.628809744,252.24,59,11,2902,9632,54
142.702372239,252.24,59,11,2902,9632,54
142.777251279,252.24,59,11,2902,9632,54
142.850592985,252.24,59,11,2902,9632,54
142.927001354,252.24,59,11,2902,9632,54
143.001544237,251.90,59,11,2902,9632,54
143.076975494,251.90,59,11,2902,9632,54
143.152878825,251.90,59,11,2902,9632,54
143.227908782,251.90,59,11,2902,9632,54
143.302710014,251.90,59,11,2902,9632,54
143.376864932,251.90,59,11,2902,9632,54
143.452382612,251.38,47,8,2902,9632,54
143.526108868,251.38,47,8,2902,9632,54
143.600557552,251.38,47,8,2902,9632,54
143.674930743,251.38,47,8,2902,9632,54
143.749445944,251.38,47,8,2902,9632,54
143.822863303,251.38,47,8,2902,9632,54
143.898548492,251.38,47,8,2902,9632,54
143.973715818,250.19,47,8,2902,9632,54
144.049410124,250.19,47,8,2902,9632,54
144.124719680,250.19,47,8,2902,9632,54
144.199583091,250.19,47,8,2902,9632,54
144.275120809,250.19,47,8,2902,9632,54
144.349949675,250.19,47,8,2902,9632,54
144.426240601,250.19,47,8,2902,9632,54
144.501629337,250.66,50,8,2902,9632,54
144.576776676,250.66,50,8,2902,9632,54
144.652105880,250.66,50,8,2902,9632,54
144.725449880,250.66,50,8,2902,9632,54
144.799608705,250.66,50,8,2902,9632,54
144.873777028,250.66,50,8,2902,9632,54
144.950276981,252.41,50,8,2902,9632,54
145.025512868,252.41,50,8,2902,9632,54
145.102398632,252.41,50,8,2902,9632,54
145.175895643,252.41,50,8,2902,9632,54
145.250672169,252.41,50,8,2902,9632,54
145.324880638,252.41,50,8,2902,9632,54
145.399188255,252.41,50,8,2902,9632,54
145.472912617,295.29,49,8,2872,9632,55
145.549552345,295.29,49,8,2872,9632,55
145.626450472,295.29,49,8,2872,9632,55
145.700703215,295.29,49,8,2872,9632,55
145.776365129,295.29,49,8,2872,9632,55
145.850998073,295.29,49,8,2872,9632,55
145.925701361,295.29,49,8,2872,9632,55
146.000021652,295.48,49,8,2902,9632,55
146.074806764,295.48,49,8,2902,9632,55
146.150394167,295.48,49,8,2902,9632,55
146.225239003,295.48,49,8,2902,9632,55
146.300812069,295.48,49,8,2902,9632,55
146.375615466,295.48,49,8,2902,9632,55
146.449394832,252.65,63,11,2902,9632,55
146.524035631,252.65,63,11,2902,9632,55
146.597908454,252.65,63,11,2902,9632,55
146.671751330,252.65,63,11,2902,9632,55
146.745723261,252.65,63,11,2902,9632,55
146.821269917,252.65,63,11,2902,9632,55
146.896687148,252.65,63,11,2902,9632,55
146.971766168,252.25,63,11,2902,9632,55
147.046316766,252.25,63,11,2902,9632,55
147.120052359,252.25,63,11,2902,9632,55
147.194705160,252.25,63,11,2902,9632,55
147.269274313,252.25,63,11,2902,9632,55
147.344051080,252.25,63,11,2902,9632,55
147.419099802,252.25,63,11,2902,9632,55
147.494118748,252.62,52,8,2902,9632,55
147.570336767,252.62,52,8,2902,9632,55
147.645995475,252.62,52,8,2902,9632,55
147.720738959,252.62,52,8,2902,9632,55
147.794833101,252.62,52,8,2902,9632,55
147.869885591,252.62,52,8,2902,9632,55
147.944287707,252.12,52,8,2902,9632,56
148.019389310,252.12,52,8,2902,9632,56
148.095598632,252.12,52,8,2902,9632,56
148.170929218,252.12,52,8,2902,9632,56
148.245383284,252.12,52,8,2902,9632,56
148.320001259,252.12,52,8,2902,9632,56
148.394654161,252.12,52,8,2902,9632,56
148.469529375,252.32,48,8,2902,9632,55
148.544273760,252.32,48,8,2902,9632,55
148.619946235,252.32,48,8,2902,9632,55
148.694270945,252.32,48,8,2902,9632,55
148.769447599,252.32,48,8,2902,9632,55
148.843985814,252.32,48,8,2902,9632,55
148.919903614,252.32,48,8,2902,9632,55
148.994569310,252.38,48,8,2902,9632,55
149.069163441,252.38,48,8,2902,9632,55
149.143705122,252.38,48,8,2902,9632,55
149.217395700,252.38,48,8,2902,9632,55
149.292691190,252.38,48,8,2902,9632,55
149.368397128,252.38,48,8,2902,9632,55
149.445192552,254.20,64,12,2902,9632,55
149.521835425,254.20,64,12,2902,9632,55
149.597975356,254.20,64,12,2902,9632,55
149.671196414,254.20,64,12,2902,9632,55
149.747010217,254.20,64,12,2902,9632,55
149.821706601,254.20,64,12,2902,9632,55
149.896169523,254.20,64,12,2902,9632,55
149.971355716,302.16,64,12,2865,9632,56
150.044356357,302.16,64,12,2865,9632,56
150.118913157,302.16,64,12,2865,9632,56
150.192057870,302.16,64,12,2865,9632,56
150.266711414,302.16,64,12,2865,9632,56
150.341326244,302.16,64,12,2865,9636,56
150.417057500,302.16,64,12,2865,9636,56
150.491756760,298.42,51,8,2910,9636,56
150.568091951,298.42,51,8,2910,9636,56
150.642844332,298.42,51,8,2910,9636,56
150.717089601,298.42,51,8,2910,9636,56
150.791178294,298.42,51,8,2910,9636,56
150.865286664,298.42,51,8,2910,9636,56
150.939294945,254.99,51,8,2902,9636,55
151.014969974,254.99,51,8,2902,9636,55
151.089717997,254.99,51,8,2902,9636,55
151.165073190,254.99,51,8,2902,9636,55
151.239717316,254.99,51,8,2902,9636,55
151.314248457,254.99,51,8,2902,9636,55
151.387990503,254.99,51,8,2902,9636,55
151.463661024,253.56,63,11,2902,9636,55
151.538453161,253.56,63,11,2902,9636,55
151.613117364,253.56,63,11,2902,9636,55
151.688388458,253.56,63,11,2902,9636,55
151.763773198,253.56,63,11,2902,9636,55
151.839001631,253.56,63,11,2902,9636,55
151.913882666,253.56,63,11,2902,9636,55
151.988638894,253.22,63,11,2902,9636,55
152.061910468,253.22,63,11,2902,9636,55
152.135638628,253.22,63,11,2902,9636,55
152.210036236,253.22,63,11,2902,9636,55
152.286047303,253.22,63,11,2902,9636,55
152.360737957,253.22,63,11,2902,9636,55
152.435885607,252.45,50,8,2902,9636,55
152.509527774,252.45,50,8,2902,9636,55
152.583198615,252.45,50,8,2902,9636,55
152.657113318,252.45,50,8,2902,9636,55
152.733028543,252.45,50,8,2902,9636,55
152.808298735,252.45,50,8,2902,9636,55
152.884042265,252.45,50,8,2902,9636,55
152.960396512,251.31,50,8,2902,9636,55
153.035159754,251.31,50,8,2902,9636,55
153.110565754,251.31,50,8,2902,9636,55
153.185044667,251.31,50,8,2902,9636,55
153.259464057,251.31,50,8,2902,9636,55
153.333338173,251.31,50,8,2902,9636,55
153.408839964,251.31,50,8,2902,9636,55
153.484653086,251.04,52,9,2902,9636,56
153.558755836,251.04,52,9,2902,9636,56
153.633715199,251.04,52,9,2902,9636,56
153.707985446,251.04,52,9,2902,9636,56
153.782825534,251.04,52,9,2902,9636,56
153.857514014,251.04,52,9,2902,9636,56
153.935137647,252.32,52,9,2902,9636,55
154.012135174,252.32,52,9,2902,9636,55
154.089935693,252.32,52,9,2902,9636,55
154.164136017,252.32,52,9,2902,9636,55
154.238976345,252.32,52,9,2902,9636,55
154.314375713,252.32,52,9,2902,9636,55
154.390382001,252.32,52,9,2902,9636,55
154.465521135,300.42,47,8,2865,9636,56
154.540785647,300.42,47,8,2865,9636,56
154.615668095,300.42,47,8,2865,9636,56
154.689398108,300.42,47,8,2865,9636,56
154.763483304,300.42,47,8,2865,9636,56
154.838122180,300.42,47,8,2865,9636,56
154.912165037,300.42,47,8,2865,9636,56
154.986623681,300.61,47,8,2902,9636,55
155.060765836,300.61,47,8,2902,9636,55
155.136297965,300.61,47,8,2902,9636,55
155.211684288,300.61,47,8,2902,9636,55
155.285774644,300.61,47,8,2902,9636,55
155.360512137,300.61,47,8,2902,9636,55
155.437159100,252.93,60,10,2902,9636,56
155.512746624,252.93,60,10,2902,9636,56
155.587684397,252.93,60,10,2902,9636,56
155.662885599,252.93,60,10,2902,9636,56
155.737952616,252.93,60,10,2902,9636,56
155.812773497,252.93,60,10,2902,9636,56
155.887534735,252.93,60,10,2902,9636,56
155.963450492,253.49,60,10,2902,9636,55
156.038457195,253.49,60,10,2902,9636,55
156.112349126,253.49,60,10,2902,9636,55
156.186857585,253.49,60,10,2902,9636,55
156.261450424,253.49,60,10,2902,9636,55
156.335908788,253.49,60,10,2902,9636,55
156.410032658,253.49,60,10,2902,9636,55
156.487715594,253.92,56,9,2902,9636,55
156.562690567,253.92,56,9,2902,9636,55
156.637020418,253.92,56,9,2902,9636,55
156.711330741,253.92,56,9,2902,9636,55
156.785957494,253.92,56,9,2902,9636,55
156.859719508,253.92,56,9,2902,9636,55
156.933306611,253.77,56,9,2902,9636,55
157.007122507,253.77,56,9,2902,9636,55
157.081881281,253.77,56,9,2902,9636,55
157.156753139,253.77,56,9,2902,9636,55
157.231913674,253.77,56,9,2902,9636,55
157.306770383,253.77,56,9,2902,9636,55
157.381591114,253.77,56,9,2902,9636,55
157.455661463,252.96,51,8,2902,9636,55
157.531348285,252.96,51,8,2902,9636,55
157.606754977,252.96,51,8,2902,9636,55
157.681624992,252.96,51,8,2902,9636,55
157.756566502,252.96,51,8,2902,9636,55
157.830237834,252.96,51,8,2902,9636,55
157.904064260,252.96,51,8,2902,9636,55
157.977723570,253.18,51,8,2902,9636,55
158.054034145,253.18,51,8,2902,9636,55
158.128833736,253.18,51,8,2902,9636,55
158.203739027,253.18,51,8,2902,9636,55
158.279035620,253.18,51,8,2902,9636,55
158.354272630,253.18,51,8,2902,9636,55
158.433925781,254.11,54,9,2902,9636,55
158.511052413,254.11,54,9,2902,9636,55
158.587955071,254.11,54,9,2902,9636,55
158.661758203,254.11,54,9,2902,9636,55
158.737861475,254.11,54,9,2902,9636,55
158.814154447,254.11,54,9,2902,9636,55
158.889416985,254.11,54,9,2902,9636,55
158.966064830,296.92,54,9,2872,9636,56
159.041028041,296.92,54,9,2872,9636,56
159.114745381,296.92,54,9,2872,9636,56
159.188583650,296.92,54,9,2872,9636,56
159.263632614,296.92,54,9,2872,9636,56
159.338651711,296.92,54,9,2872,9636,56
159.412768458,296.92,54,9,2872,9636,56
159.487905648,301.39,50,8,2902,9636,56
159.562187849,301.39,50,8,2902,9636,56
159.636760390,301.39,50,8,2902,9636,56
159.711062328,301.39,50,8,2902,9636,56
159.785989682,301.39,50,8,2902,9636,56
159.866228011,301.39,50,8,2902,9636,56
159.941367787,253.83,50,8,2902,9636,55
160.016154524,253.83,50,8,2902,9636,55
160.090192311,253.83,50,8,2902,9636,55
160.165219063,253.83,50,8,2902,9636,55
160.239369825,253.83,50,8,2902,9636,55
160.313463738,253.83,50,8,2902,9636,55
160.387891364,253.83,50,8,2902,9636,55
160.461885409,252.99,62,11,2902,9636,55
160.536209930,252.99,62,11,2902,9636,55
160.609554503,252.99,62,11,2902,9636,55
160.685046567,252.99,62,11,2902,9636,55
160.759074215,252.99,62,11,2902,9636,55
160.834154077,252.99,62,11,2902,9636,55
160.908535085,252.99,62,11,2902,9636,55
160.982875827,251.39,62,11,2902,9636,55
161.057764066,251.39,62,11,2902,9636,55
161.131219219,251.39,62,11,2902,9636,55
161.206032246,251.39,62,11,2902,9636,55
161.280300690,251.39,62,11,2902,9636,55
161.354033820,251.39,62,11,2902,9636,55
161.428536058,251.39,62,11,2902,9636,55
161.502664647,252.54,50,9,2902,9636,55
161.575769717,252.54,50,9,2902,9636,55
161.649257642,252.54,50,9,2902,9636,55
161.723532208,252.54,50,9,2902,9636,55
161.797956818,252.54,50,9,2902,9636,55
161.871272778,252.54,50,9,2902,9636,55
161.944950783,254.95,50,9,2902,9636,55
162.020346805,254.95,50,9,2902,9636,55
162.095243120,254.95,50,9,2902,9636,55
162.169738515,254.95,50,9,2902,9636,55
162.242672600,254.95,50,9,2902,9636,55
162.315745629,254.95,50,9,2902,9636,55
162.390351433,254.95,50,9,2902,9636,55
162.464820257,254.62,50,8,2902,9636,55
162.538775889,254.62,50,8,2902,9636,55
162.612699049,254.62,50,8,2902,9636,55
162.687014533,254.62,50,8,2902,9636,55
162.762055342,254.62,50,8,2902,9636,55
162.837740512,254.62,50,8,2902,9636,55
162.913434118,254.62,50,8,2902,9636,55
162.990969475,261.89,50,8,2902,9636,55
163.067312732,261.89,50,8,2902,9636,55
163.141344669,261.89,50,8,2902,9636,55
163.214814339,261.89,50,8,2902,9636,55
163.290367279,261.89,50,8,2902,9636,55
163.364867273,261.89,50,8,2902,9636,55
163.439297434,299.47,63,12,2880,9636,56
163.514037072,299.47,63,12,2880,9636,56
163.587985219,299.47,63,12,2880,9636,56
163.661465099,299.47,63,12,2880,9636,56
163.734894965,299.47,63,12,2880,9636,56
163.809184099,299.47,63,12,2880,9636,56
163.884137993,299.47,63,12,2880,9636,56
163.957978406,296.82,63,12,2902,9636,55
164.032586024,296.82,63,12,2902,9636,55
164.106434422,296.82,63,12,2902,9636,55
164.179168409,296.82,63,12,2902,9636,55
164.252807290,296.82,63,12,2902,9636,55
164.326573313,296.82,63,12,2902,9636,55
164.400840846,296.82,63,12,2902,9636,55
164.474875928,255.61,50,8,2902,9636,56
164.549143802,255.61,50,8,2902,9636,56
164.622769439,255.61,50,8,2902,9636,56
164.697618825,255.61,50,8,2902,9636,56
164.772268482,255.61,50,8,2902,9636,56
164.845694640,255.61,50,8,2902,9636,56
164.919553559,255.61,50,8,2902,9636,56
164.993963652,255.96,50,8,2902,9636,56
165.068205387,255.96,50,8,2902,9636,56
165.142208008,255.96,50,8,2902,9636,56
165.216953958,255.96,50,8,2902,9636,56
165.290217137,255.96,50,8,2902,9636,56
165.364375984,255.96,50,8,2902,9636,56
165.439277950,256.66,55,9,2902,9636,56
165.513849590,256.66,55,9,2902,9636,56
165.588573608,256.66,55,9,2902,9636,56
165.662728067,256.66,55,9,2902,9636,56
165.737230626,256.66,55,9,2902,9636,56
165.811481558,256.66,55,9,2902,9636,56
165.886724870,256.66,55,9,2902,9636,56
165.959982279,256.21,55,9,2902,9636,56
166.034027170,256.21,55,9,2902,9636,56
166.109137671,256.21,55,9,2902,9636,56
166.183018201,256.21,55,9,2902,9636,56
166.257435709,256.21,55,9,2902,9636,56
166.331438660,256.21,55,9,2902,9636,56
166.405464375,256.21,55,9,2902,9636,56
166.478772781,255.63,50,8,2902,9636,56
166.553749268,255.63,50,8,2902,9636,56
166.627329579,255.63,50,8,2902,9636,56
166.700784642,255.63,50,8,2902,9636,56
166.774228233,255.63,50,8,2902,9636,56
166.848171642,255.63,50,8,2902,9636,56
166.922970453,255.63,50,8,2902,9636,56
166.996809434,255.04,50,8,2902,9636,55
167.070094905,255.04,50,8,2902,9636,55
167.143946731,255.04,50,8,2902,9636,55
167.220299407,255.04,50,8,2902,9636,55
167.295829323,255.04,50,8,2902,9636,55
167.371879355,255.04,50,8,2902,9636,55
167.445232295,297.76,84,61,2895,9636,60
167.519479069,297.76,84,61,2895,9636,60
167.592644123,297.76,84,61,2895,9636,60
167.666617959,297.76,84,61,2895,9636,60
167.740237565,297.76,84,61,2895,9636,60
167.814113957,297.76,84,61,2895,9636,60
167.888703490,297.76,84,61,2895,9636,60
167.962635798,304.13,84,61,2902,9636,56
168.036017312,304.13,84,61,2902,9636,56
168.109258801,304.13,84,61,2902,9636,56
168.183294064,304.13,84,61,2902,9636,56
168.256839239,304.13,84,61,2902,9636,56
168.331517681,304.13,84,61,2902,9636,56
168.406908804,304.13,84,61,2902,9636,56
168.479921920,279.92,65,12,2902,9636,56
168.554184664,279.92,65,12,2902,9636,56
168.629379626,279.92,65,12,2902,9636,56
168.703017736,279.92,65,12,2902,9636,56
168.776804088,279.92,65,12,2902,9636,56
168.850604245,279.92,65,12,2902,9636,56
168.924226325,279.92,65,12,2902,9636,56
168.999550822,255.31,65,12,2902,9636,56
169.073833665,255.31,65,12,2902,9636,56
169.147582836,255.31,65,12,2902,9636,56
169.221447867,255.31,65,12,2902,9636,56
169.296206281,255.31,65,12,2902,9636,56
169.370937984,255.31,65,12,2902,9636,56
169.444361648,255.87,61,11,2902,9636,56
169.517845146,255.87,61,11,2902,9636,56
169.591566805,255.87,61,11,2902,9636,56
169.666546608,255.87,61,11,2902,9636,56
169.740717499,255.87,61,11,2902,9636,56
169.815360564,255.87,61,11,2902,9636,56
169.888555324,255.87,61,11,2902,9636,56
169.963313728,256.86,61,11,2902,9636,56
170.037026711,256.86,61,11,2902,9636,56
170.110815177,256.86,61,11,2902,9636,56
170.184134974,256.86,61,11,2902,9636,56
170.257644511,256.86,61,11,2902,9636,56
170.331498000,256.86,61,11,2902,9636,56
170.405567057,256.86,61,11,2902,9636,56
170.480208199,256.68,58,10,2902,9636,57
170.555965076,256.68,58,10,2902,9636,57
170.629057823,256.68,58,10,2902,9636,57
170.703068830,256.68,58,10,2902,9636,57
170.776243362,256.68,58,10,2902,9636,57
170.851219128,256.68,58,10,2902,9636,57
170.926151923,256.68,58,10,2902,9636,57
170.999675907,257.39,58,10,2902,9636,56
171.073604178,257.39,58,10,2902,9636,56
171.149103967,257.39,58,10,2902,9636,56
171.223866620,257.39,58,10,2902,9636,56
171.298354241,257.39,58,10,2902,9636,56
171.371815726,257.39,58,10,2902,9636,56
171.446168452,257.46,53,8,2902,9636,56
171.522937988,257.46,53,8,2902,9636,56
171.598798792,257.46,53,8,2902,9636,56
171.674118039,257.46,53,8,2902,9636,56
171.748194100,257.46,53,8,2902,9636,56
171.822358318,257.46,53,8,2902,9636,56
171.895611078,257.46,53,8,2902,9636,56
171.969708850,305.88,53,8,2857,9636,57
172.042987029,305.88,53,8,2857,9636,57
172.117427350,305.88,53,8,2857,9636,57
172.191405546,305.88,53,8,2857,9636,57
172.265039078,305.88,53,8,2857,9636,57
172.339019177,305.88,53,8,2857,9636,57
172.412103769,305.88,53,8,2857,9636,57
172.487441561,306.13,63,12,2902,9636,56
172.560842783,306.13,63,12,2902,9636,56
172.634731479,306.13,63,12,2902,9636,56
172.708849750,306.13,63,12,2902,9636,56
172.781953317,306.13,63,12,2902,9636,56
172.856063302,306.13,63,12,2902,9636,56
172.931831461,306.13,63,12,2902,9636,56
173.006523790,258.11,63,12,2902,9636,56
173.081369720,258.11,63,12,2902,9636,56
173.155110946,258.11,63,12,2902,9636,56
173.230091502,258.11,63,12,2902,9636,56
173.304793580,258.11,63,12,2902,9636,56
173.379860790,258.11,63,12,2902,9636,56
173.453354356,259.18,64,12,2902,9636,56
173.527422442,259.18,64,12,2902,9636,56
173.601147338,259.18,64,12,2902,9636,56
173.674909554,259.18,64,12,2902,9636,56
173.747851746,259.18,64,12,2902,9636,56
173.820843431,259.18,64,12,2902,9636,56
173.893676116,259.18,64,12,2902,9636,56
173.966792377,234.20,64,12,2910,9636,55
174.040284732,234.20,64,12,2910,9634,55
174.258049595,234.20,64,12,2910,4,55
174.330375689,234.20,64,12,2910,4,55
174.402309329,234.20,64,12,2910,4,55
174.475043467,187.14,0,0,2910,4,52
174.547593986,187.14,0,0,2910,4,52
174.620356227,187.14,0,0,2910,4,52
174.693013840,187.14,0,0,2910,4,52
174.765318273,187.14,0,0,2910,4,52
174.837759575,187.14,0,0,2910,4,52
174.910667311,187.14,0,0,2910,4,52
174.984647731,138.35,0,0,2925,4,51
175.057939726,138.35,0,0,2925,4,51
175.130919650,138.35,0,0,2925,4,51
175.203238881,138.35,0,0,2925,4,51
175.276619083,138.35,0,0,2925,4,51
175.351654573,138.35,0,0,2925,4,51
175.424269004,138.35,0,0,2925,4,51
175.497577931,107.42,0,0,2730,4,50
175.570619872,107.42,0,0,2730,4,50
175.643368136,107.42,0,0,2730,4,50
175.716741155,107.42,0,0,2730,4,50
175.789840324,107.42,0,0,2730,4,50
175.862673871,107.42,0,0,2730,4,50
175.936411180,107.42,0,0,2730,4,50
176.009813544,107.42,0,0,2730,4,50
176.083148580,107.42,0,0,2730,4,50
176.156152149,107.42,0,0,2730,4,50
176.230485077,107.42,0,0,2730,4,50
176.305477896,107.42,0,0,2730,4,50
176.380045970,107.42,0,0,2730,4,50
176.454980889,86.40,0,0,2400,4,50
176.530463537,86.40,0,0,2400,4,50
176.605002135,86.40,0,0,2400,4,50
176.680627894,86.40,0,0,2400,4,50
176.755095938,86.40,0,0,2400,4,50
176.829617534,86.40,0,0,2400,4,50
176.903794146,86.40,0,0,2400,4,50
176.978179874,86.40,0,0,2400,4,50
177.053006809,86.40,0,0,2400,4,50
177.127672418,86.40,0,0,2400,4,50
177.202327507,86.40,0,0,2400,4,50
177.276659042,86.40,0,0,2400,4,50
177.350696691,86.40,0,0,2400,4,50
177.425221132,86.40,0,0,2400,4,50
177.499839963,72.34,0,0,472,4,49
177.574955825,72.34,0,0,472,4,49
177.649034561,72.34,0,0,472,4,49
177.723537352,72.34,0,0,472,4,49
177.797834051,72.34,0,0,472,4,49
177.872116103,72.34,0,0,472,4,49
177.946400750,72.34,0,0,472,4,49
178.020932676,72.34,0,0,472,4,49
178.095610468,72.34,0,0,472,4,49
178.169965578,72.34,0,0,472,4,49
178.244519866,72.34,0,0,472,4,49
178.318744128,72.34,0,0,472,4,49
178.393651466,72.34,0,0,472,4,49
178.468951497,57.85,0,0,300,4,48
178.543302781,57.85,0,0,300,4,48
178.617988808,57.85,0,0,300,4,48
178.691391523,57.85,0,0,300,4,48
178.764395543,57.85,0,0,300,4,48
178.838372286,57.85,0,0,300,4,48
178.912212972,57.85,0,0,300,4,48
178.985748358,57.85,0,0,300,4,48
179.060118497,57.85,0,0,300,4,48
179.133932081,57.85,0,0,300,4,48
179.208385388,57.85,0,0,300,4,48
179.284243738,57.85,0,0,300,4,48
179.360595643,57.85,0,0,300,4,48
179.436990260,56.48,0,0,195,4,48
179.513631804,56.48,0,0,195,4,48
179.590262408,56.48,0,0,195,4,48
179.666990807,56.48,0,0,195,4,48
179.743941358,56.48,0,0,195,4,48
179.820378725,56.48,0,0,195,4,48
179.896811303,56.48,0,0,195,4,48
179.973420236,56.48,0,0,195,4,48
180.050910309,56.48,0,0,195,4,48
180.127612268,56.48,0,0,195,4,48
180.204683607,56.48,0,0,195,4,48
180.280464661,56.48,0,0,195,4,48
180.357164446,56.48,0,0,195,4,48
180.435294752,34.20,0,0,195,4,48
180.511354053,34.20,0,0,195,4,48
180.587545344,34.20,0,0,195,4,48
180.663732828,34.20,0,0,195,4,48
180.740153915,34.20,0,0,195,4,48
180.816825526,34.20,0,0,195,4,48
180.893834618,34.20,0,0,195,4,48
180.970361234,34.20,0,0,195,4,48
181.047231633,34.20,0,0,195,4,48
181.124546073,34.20,0,0,195,4,48
181.203322735,34.20,0,0,195,4,48
181.281170486,34.20,0,0,195,4,48
181.358714050,34.20,0,0,195,4,48
181.436889342,30.57,0,0,195,4,48
181.514499874,30.57,0,0,195,4,48
181.592113020,30.57,0,0,195,4,48
181.669742658,30.57,0,0,195,4,48
181.747368829,30.57,0,0,195,4,48
181.824410331,30.57,0,0,195,4,48
181.901660169,30.57,0,0,195,4,48
181.979642004,30.57,0,0,195,4,48
182.056941456,30.57,0,0,195,4,48
182.134127774,30.57,0,0,195,4,48
182.211660458,30.57,0,0,195,4,48
182.289381929,30.57,0,0,195,4,48
182.366379830,30.57,0,0,195,4,48
182.444613903,24.92,0,0,195,4,47
182.521902945,24.92,0,0,195,4,47
182.599827722,24.92,0,0,195,4,47
182.677212756,24.92,0,0,195,4,47
182.754771350,24.92,0,0,195,4,47
182.832418891,24.92,0,0,195,4,47
182.910200337,24.92,0,0,195,4,47
182.987720447,24.92,0,0,195,4,47
183.065295791,24.92,0,0,195,4,47
183.142548284,24.92,0,0,195,4,47
183.219472174,24.92,0,0,195,4,47
183.297604024,24.92,0,0,195,4,47
183.375454380,24.92,0,0,195,4,47
183.452582407,22.45,0,0,195,4,47
183.530014391,22.45,0,0,195,4,47
183.607167044,22.45,0,0,195,4,47
183.684798566,22.45,0,0,195,4,47
183.762006985,22.45,0,0,195,4,47
183.839876107,22.45,0,0,195,4,47
183.917538377,22.45,0,0,195,4,47
183.994713002,22.45,0,0,195,4,47
184.071784732,22.45,0,0,195,4,47
184.149575766,22.45,0,0,195,4,47
184.226704775,22.45,0,0,195,4,47
184.304212923,22.45,0,0,195,4,47
184.381657550,22.45,0,0,195,4,47
184.460589286,21.75,0,0,195,4,47
184.539281248,21.75,0,0,195,4,47
184.616957744,21.75,0,0,195,4,47
184.694527659,21.75,0,0,195,4,47
184.772077045,21.75,0,0,195,4,47
184.850937326,21.75,0,0,195,4,47
184.928353439,21.75,0,0,195,4,47
185.005257622,21.75,0,0,195,4,47
185.082489356,21.75,0,0,195,4,47
185.159119439,21.75,0,0,195,4,47
185.235907652,21.75,0,0,195,4,47
185.313697273,21.75,0,0,195,4,47
185.390345752,21.75,0,0,195,4,47
185.466625992,21.96,0,0,195,4,47
185.543173769,21.96,0,0,195,4,47
185.620543935,21.96,0,0,195,4,47
185.697634772,21.96,0,0,195,4,47
185.774668190,21.96,0,0,195,4,47
185.851905404,21.96,0,0,195,4,47
185.929850770,21.96,0,0,195,4,47
186.007423310,21.96,0,0,195,4,47
186.085074680,21.96,0,0,195,4,47
186.162287778,21.96,0,0,195,4,47
186.240697755,21.96,0,0,195,4,47
186.318509439,21.96,0,0,195,4,47
186.396003399,21.96,0,0,195,4,47
186.473456022,22.00,0,0,195,4,47
186.551603832,22.00,0,0,195,4,47
186.630136863,22.00,0,0,195,4,47
186.708168223,22.00,0,0,195,4,47
186.785416107,22.00,0,0,195,4,47
186.863090590,22.00,0,0,195,4,47
186.940520380,22.00,0,0,195,4,47
187.017267455,22.00,0,0,195,4,47
187.094276777,22.00,0,0,195,4,47
187.171276141,22.00,0,0,195,4,47
187.248118958,22.00,0,0,195,4,47
187.325859165,22.00,0,0,195,4,47
187.405364068,22.00,0,0,195,4,47
187.482927341,22.34,0,0,195,4,47
187.560810319,22.34,0,0,195,4,47
187.637858375,22.34,0,0,195,4,47
187.715078647,22.34,0,0,195,4,47
187.792411272,22.34,0,0,195,4,47
187.869955258,22.34,0,0,195,4,47
187.948831950,22.34,0,0,195,4,47
188.026385344,22.34,0,0,195,4,47
188.103611828,22.34,0,0,195,4,47
188.181147708,22.34,0,0,195,4,47
188.259545944,22.34,0,0,195,4,47
188.337555111,22.34,0,0,195,4,47
188.414919457,22.34,0,0,195,4,47
188.493683175,22.13,0,0,195,4,47
188.571013355,22.13,0,0,195,4,47
188.649360774,22.13,0,0,195,4,47
188.727110200,22.13,0,0,195,4,47
188.804486828,22.13,0,0,195,4,47
188.882900122,22.13,0,0,195,4,47
188.960450119,22.13,0,0,195,4,47
189.038137978,22.13,0,0,195,4,47
189.115675392,22.13,0,0,195,4,47
189.194581239,22.13,0,0,195,4,47
189.272285930,22.13,0,0,195,4,47
189.349884229,22.13,0,0,195,4,47
189.427724617,22.13,0,0,195,4,47
189.505611262,21.50,0,0,195,4,46
189.583014411,21.50,0,0,195,4,46
189.660180852,21.50,0,0,195,4,46
189.737577238,21.50,0,0,195,4,46
189.814813050,21.50,0,0,195,4,46
189.893051933,21.50,0,0,195,4,46
189.970858717,21.50,0,0,195,4,46
190.048315478,21.50,0,0,195,4,46
190.125968060,21.50,0,0,195,4,46
190.203972018,21.50,0,0,195,4,46
190.281353466,21.50,0,0,195,4,46
190.358903173,21.50,0,0,195,4,46
190.438360426,21.50,0,0,195,4,46
190.516086187,21.27,0,0,195,4,46
190.592530027,21.27,0,0,195,4,46
190.668744203,21.27,0,0,195,4,46
190.745631955,21.27,0,0,195,4,46
190.821623248,21.27,0,0,195,4,46
190.898238734,21.27,0,0,195,4,46
190.974437160,21.27,0,0,195,4,46
191.051734248,21.27,0,0,195,4,46
191.128647709,21.27,0,0,195,4,46
191.205721324,21.27,0,0,195,4,46
191.282859842,21.27,0,0,195,4,46
191.360653962,21.27,0,0,195,4,46
191.439931795,21.31,0,0,195,4,46
191.517379929,21.31,0,0,195,4,46
191.594701634,21.31,0,0,195,4,46
191.672537914,21.31,0,0,195,4,46
191.749920615,21.31,0,0,195,4,46
191.827013376,21.31,0,0,195,4,46
191.904312358,21.31,0,0,195,4,46
191.982267634,21.31,0,0,195,4,46
192.059545856,21.31,0,0,195,4,46
192.136860608,21.31,0,0,195,4,46
192.213932990,21.31,0,0,195,4,46
192.291594890,21.31,0,0,195,4,46
192.368834399,21.31,0,0,195,4,46
192.446069991,21.30,0,0,195,4,46
192.523820889,21.30,0,0,195,4,46
192.601342774,21.30,0,0,195,4,46
192.678947766,21.30,0,0,195,4,46
192.756068249,21.30,0,0,195,4,46
192.834171977,21.30,0,0,195,4,46
192.911393862,21.30,0,0,195,4,46
192.989109825,21.30,0,0,195,4,46
193.066805188,21.30,0,0,195,4,46
193.144178531,21.30,0,0,195,4,46
193.221648177,21.30,0,0,195,4,46
193.299446175,21.30,0,0,195,4,46
193.377012183,21.30,0,0,195,4,46
193.454853312,21.68,0,0,195,4,46
193.532425282,21.68,0,0,195,4,46
193.610122389,21.68,0,0,195,4,46
193.690428380,21.68,0,0,195,4,46
193.768941474,21.68,0,0,195,4,46
193.845865405,21.68,0,0,195,4,46
193.923181850,21.68,0,0,195,4,46
194.001207580,21.68,0,0,195,4,46
194.079350992,21.68,0,0,195,4,46
194.156804307,21.68,0,0,195,4,46
194.234272700,21.68,0,0,195,4,46
194.311663025,21.68,0,0,195,4,46
194.388944174,21.68,0,0,195,4,46
194.466338346,21.88,0,0,195,4,46
194.543300520,21.88,0,0,195,4,46
194.620428348,21.88,0,0,195,4,46
194.699686223,21.88,0,0,195,4,46
194.777744905,21.88,0,0,195,4,46
194.855868921,21.88,0,0,195,4,46
194.933839105,21.88,0,0,195,4,46
195.011194765,21.88,0,0,195,4,46
195.089095317,21.88,0,0,195,4,46
195.166305922,21.88,0,0,195,4,46
195.243661612,21.88,0,0,195,4,46
195.320938522,21.88,0,0,195,4,46
195.398527424,21.88,0,0,195,4,46
195.475631787,22.54,0,0,195,4,46
195.553031661,22.54,0,0,195,4,46
195.630550099,22.54,0,0,195,4,46
195.707484560,22.54,0,0,195,4,46
195.784715373,22.54,0,0,195,4,46
195.862570259,22.54,0,0,195,4,46
195.941502197,22.54,0,0,195,4,46
196.018289218,22.54,0,0,195,4,46
196.096174923,22.54,0,0,195,4,46
196.174338183,22.54,0,0,195,4,46
196.251382453,22.54,0,0,195,4,46
196.329327880,22.54,0,0,195,4,46
196.406667139,22.54,0,0,195,4,46
196.483176344,22.58,0,0,195,4,46
196.559681492,22.58,0,0,195,4,46
196.636458976,22.58,0,0,195,4,46
196.713755383,22.58,0,0,195,4,46
196.790205907,22.58,0,0,195,4,46
196.867210551,22.58,0,0,195,4,46
196.943800600,22.58,0,0,195,4,46
197.020920092,22.58,0,0,195,4,46
197.097844845,22.58,0,0,195,4,46
197.174135155,22.58,0,0,195,4,46
197.251679984,22.58,0,0,195,4,46
197.329261602,22.58,0,0,195,4,46
197.406430227,22.58,0,0,195,4,46
197.484015813,22.48,0,0,195,4,45
197.561405848,22.48,0,0,195,4,45
197.639205509,22.48,0,0,195,4,45
197.716545680,22.48,0,0,195,4,45
197.793763939,22.48,0,0,195,4,45
197.870886036,22.48,0,0,195,4,45
197.948169710,22.48,0,0,195,4,45
198.025212126,22.48,0,0,195,4,45
198.102644681,22.48,0,0,195,4,45
198.180018776,22.48,0,0,195,4,45
198.257713609,22.48,0,0,195,4,45
198.335161514,22.48,0,0,195,4,45
198.412760094,22.48,0,0,195,4,45
198.490398039,21.85,0,0,195,4,45
198.567848319,21.85,0,0,195,4,45
198.644986717,21.85,0,0,195,4,45
198.722180229,21.85,0,0,195,4,45
198.799283902,21.85,0,0,195,4,45
198.876358609,21.85,0,0,195,4,45
198.953808898,21.85,0,0,195,4,45
199.030887644,21.85,0,0,195,4,45
199.108505621,21.85,0,0,195,4,45
199.185886839,21.85,0,0,195,4,45
199.264252664,21.85,0,0,195,4,45
199.341795168,21.85,0,0,195,4,45
199.419119288,21.85,0,0,195,4,45
199.496915904,20.61,0,0,195,4,45
199.574759990,20.61,0,0,195,4,45
199.652009519,20.61,0,0,195,4,45
199.729132598,20.61,0,0,195,4,45
199.806817001,20.61,0,0,195,4,45
199.884229639,20.61,0,0,195,4,45
199.961819543,20.61,0,0,195,4,45
200.039162048,20.61,0,0,195,4,45
200.116422778,20.61,0,0,195,4,45
200.194297502,20.61,0,0,195,4,45
200.271771587,20.61,0,0,195,4,45
200.349690164,20.61,0,0,195,4,45
200.427130745,20.61,0,0,195,4,45
200.504937380,20.90,0,0,195,4,45
200.582779142,20.90,0,0,195,4,45
200.660045252,20.90,0,0,195,4,45
200.737528183,20.90,0,0,195,4,45
200.815357151,20.90,0,0,195,4,45
200.892957695,20.90,0,0,195,4,45
200.970430026,20.90,0,0,195,4,45
201.047711465,20.90,0,0,195,4,45
201.125856112,20.90,0,0,195,4,45
201.203097736,20.90,0,0,195,4,45
201.280258647,20.90,0,0,195,4,45
201.357431150,20.90,0,0,195,4,45
201.434822527,20.90,0,0,195,4,45
201.513041264,21.33,0,0,195,4,45
201.590411472,21.33,0,0,195,4,45
201.667525163,21.33,0,0,195,4,45
201.745121970,21.33,0,0,195,4,45
201.822753934,21.33,0,0,195,4,45
201.900129803,21.33,0,0,195,4,45
201.977966986,21.33,0,0,195,4,45
202.057504241,21.33,0,0,195,4,45
202.135042087,21.33,0,0,195,4,45
202.213497492,21.33,0,0,195,4,45
202.292087241,21.33,0,0,195,4,45
202.369789969,21.33,0,0,195,4,45
202.446408753,21.56,0,0,195,4,45
202.523978229,21.56,0,0,195,4,45
202.602107225,21.56,0,0,195,4,45
202.679129914,21.56,0,0,195,4,45
202.755801578,21.56,0,0,195,4,45
202.832826180,21.56,0,0,195,4,45
202.910420222,21.56,0,0,195,4,45
202.986715422,21.56,0,0,195,4,45
203.063218537,21.56,0,0,195,4,45
203.139888067,21.56,0,0,195,4,45
203.217780615,21.56,0,0,195,4,45
203.294603085,21.56,0,0,195,4,45
203.370983567,21.56,0,0,195,4,45
203.447762945,21.73,0,0,187,4,45
203.524857129,21.73,0,0,187,4,45
203.602336694,21.73,0,0,187,4,45
203.679796202,21.73,0,0,187,4,45
203.757313258,21.73,0,0,187,4,45
203.834982503,21.73,0,0,187,4,45
203.912084462,21.73,0,0,187,4,45
203.989474628,21.73,0,0,187,4,45
204.067083198,21.73,0,0,187,4,45
204.144567602,21.73,0,0,187,4,45
204.221844884,21.73,0,0,187,4,45
204.299289814,21.73,0,0,187,4,45
204.376162319,21.73,0,0,187,4,45
204.453419232,21.80,0,0,195,4,45
204.530327264,21.80,0,0,195,4,45
204.607484779,21.80,0,0,195,4,45
204.685285884,21.80,0,0,195,4,45
204.762423090,21.80,0,0,195,4,45
204.840082326,21.80,0,0,195,4,45
204.917397810,21.80,0,0,195,4,45
204.994624687,21.80,0,0,195,4,45
205.071791810,21.80,0,0,195,4,45
205.149321701,21.80,0,0,195,4,45
205.226882099,21.80,0,0,195,4,45
205.304144233,21.80,0,0,195,4,45
205.381404312,21.80,0,0,195,4,45
205.458764752,21.57,0,0,195,4,45
205.536133708,21.57,0,0,195,4,45
205.613357238,21.57,0,0,195,4,45
205.690745310,21.57,0,0,195,4,45
205.768254091,21.57,0,0,195,4,45
205.845961929,21.57,0,0,195,4,45
205.923469017,21.57,0,0,195,4,45
206.000831891,21.57,0,0,195,4,45
206.078181019,21.57,0,0,195,4,45
206.155295222,21.57,0,0,195,4,45
206.233077501,21.57,0,0,195,4,45
206.310294439,21.57,0,0,195,4,45
206.388088551,21.57,0,0,195,4,45
206.465957675,21.16,0,0,195,4,44
206.543219838,21.16,0,0,195,4,44
206.620746824,21.16,0,0,195,4,44
206.698387705,21.16,0,0,195,4,44
206.775622336,21.16,0,0,195,4,44
206.852832641,21.16,0,0,195,4,44
206.930451000,21.16,0,0,195,4,44
207.008044792,21.16,0,0,195,4,44
207.085878769,21.16,0,0,195,4,44
207.163221816,21.16,0,0,195,4,44
207.240344375,21.16,0,0,195,4,44
207.318601455,21.16,0,0,195,4,44
207.396186971,21.16,0,0,195,4,44
207.473332614,21.00,0,0,195,4,44
207.551484313,21.00,0,0,195,4,44
207.628787054,21.00,0,0,195,4,44
207.706088271,21.00,0,0,195,4,44
207.783382295,21.00,0,0,195,4,44
207.860553066,21.00,0,0,195,4,44
207.938555953,21.00,0,0,195,4,44
208.016365735,21.00,0,0,195,4,44
208.093622628,21.00,0,0,195,4,44
208.171096393,21.00,0,0,195,4,44
208.248919410,21.00,0,0,195,4,44
208.325386106,21.00,0,0,195,4,44
208.402318544,21.00,0,0,195,4,44
208.480597766,20.67,0,0,195,4,44
208.558075658,20.67,0,0,195,4,44
208.634322868,20.67,0,0,195,4,44
208.710944497,20.67,0,0,195,4,44
208.787444276,20.67,0,0,195,4,44
208.863338466,20.67,0,0,195,4,44
208.941778844,20.67,0,0,195,4,44
209.018286878,20.67,0,0,195,4,44
209.094995272,20.67,0,0,195,4,44
209.172035194,20.67,0,0,195,4,44
209.248730984,20.67,0,0,195,4,44
209.326180423,20.67,0,0,195,4,44
209.403561252,20.67,0,0,195,4,44
209.480786556,20.86,0,0,195,4,44
209.557920476,20.86,0,0,195,4,44
209.635164506,20.86,0,0,195,4,44
209.712293858,20.86,0,0,195,4,44
209.789825853,20.86,0,0,195,4,44
209.866970735,20.86,0,0,195,4,44
209.945235659,20.86,0,0,195,4,44
210.022260613,20.86,0,0,195,4,44
210.099259318,20.86,0,0,195,4,44
210.176895761,20.86,0,0,195,4,44
210.256877650,20.86,0,0,195,4,44
210.334815815,20.86,0,0,195,4,44
210.412142381,20.86,0,0,195,4,44
210.489457315,21.41,0,0,195,4,44
210.566644797,21.41,0,0,195,4,44
210.644043510,21.41,0,0,195,4,44
210.721637923,21.41,0,0,195,4,44
210.799504683,21.41,0,0,195,4,44
210.878125803,21.41,0,0,195,4,44
210.955803434,21.41,0,0,195,4,44
211.032978803,21.41,0,0,195,4,44
211.110166676,21.41,0,0,195,4,44
211.187300597,21.41,0,0,195,4,44
211.265309487,21.41,0,0,195,4,44
211.345468441,21.41,0,0,195,4,44
211.423529760,21.41,0,0,195,4,44
211.501047118,21.36,0,0,195,4,44
211.578974663,21.36,0,0,195,4,44
211.656411889,21.36,0,0,195,4,44
211.734454692,21.36,0,0,195,4,44
211.811808159,21.36,0,0,195,4,44
211.889007113,21.36,0,0,195,4,44
211.966016618,21.36,0,0,195,4,44
212.042893792,21.36,0,0,195,4,44
212.120760482,21.36,0,0,195,4,44
212.197688893,21.36,0,0,195,4,44
212.275368809,21.36,0,0,195,4,44
212.352451202,21.36,0,0,195,4,44
212.429908837,21.36,0,0,195,4,44
212.507120435,20.80,0,0,195,4,44
212.584630439,20.80,0,0,195,4,44
212.662353576,20.80,0,0,195,4,44
212.739758120,20.80,0,0,195,4,44
212.816391923,20.80,0,0,195,4,44
212.893617998,20.80,0,0,195,4,44
212.971571753,20.80,0,0,195,4,44
213.048718829,20.80,0,0,195,4,44
213.127244679,20.80,0,0,195,4,44
213.204868448,20.80,0,0,195,4,44
213.283027863,20.80,0,0,195,4,44
213.360168366,20.80,0,0,195,4,44
213.437676497,20.80,0,0,195,4,44
213.514908764,20.55,0,0,195,4,44
213.592183051,20.55,0,0,195,4,44
213.669063512,20.55,0,0,195,4,44
213.746489737,20.55,0,0,195,4,44
213.824212945,20.55,0,0,195,4,44
213.901774086,20.55,0,0,195,4,44
213.979289249,20.55,0,0,195,4,44
214.056866421,20.55,0,0,195,4,44
214.134312303,20.55,0,0,195,4,44
214.211179398,20.55,0,0,195,4,44
214.288277221,20.55,0,0,195,4,44
214.365163141,20.55,0,0,195,4,44
214.444764009,20.55,0,0,195,4,44
214.522126744,20.49,0,0,195,4,44
214.599186023,20.49,0,0,195,4,44
214.675423154,20.49,0,0,195,4,44
214.752013635,20.49,0,0,195,4,44
214.829117519,20.49,0,0,195,4,44
214.905724632,20.49,0,0,195,4,44
214.983042071,20.49,0,0,195,4,44
215.061044989,20.49,0,0,195,4,44
215.138681082,20.49,0,0,195,4,44
215.216453634,20.49,0,0,195,4,44
215.294063648,20.49,0,0,195,4,44
215.371257653,20.49,0,0,195,4,44
215.448671775,20.69,0,0,195,4,43
215.525563858,20.69,0,0,195,4,43
215.603100021,20.69,0,0,195,4,43
215.681086849,20.69,0,0,195,4,43
215.758822982,20.69,0,0,195,4,43
215.836000846,20.69,0,0,195,4,43
215.913210110,20.69,0,0,195,4,43
215.990968575,20.69,0,0,195,4,43
216.068241480,20.69,0,0,195,4,43
216.145650843,20.69,0,0,195,4,43
216.222959005,20.69,0,0,195,4,43
216.300440355,20.69,0,0,195,4,43
216.377455000,20.69,0,0,195,4,43
216.454828736,20.76,0,0,195,4,43
216.531818885,20.76,0,0,195,4,43
216.609136985,20.76,0,0,195,4,43
216.686801752,20.76,0,0,195,4,43
216.763368919,20.76,0,0,195,4,43
216.841020722,20.76,0,0,195,4,43
216.917701735,20.76,0,0,195,4,43
216.994813514,20.76,0,0,195,4,43
217.071781351,20.76,0,0,195,4,43
217.148635312,20.76,0,0,195,4,43
217.225345580,20.76,0,0,195,4,43
217.302591343,20.76,0,0,195,4,43
217.379220598,20.76,0,0,195,4,43
217.458223482,21.09,0,0,195,4,43
217.536399729,21.09,0,0,195,4,43
217.613762344,21.09,0,0,195,4,43
217.690883682,21.09,0,0,195,4,43
217.767936419,21.09,0,0,195,4,43
217.845116668,21.09,0,0,195,4,43
217.922333356,21.09,0,0,195,4,43
218.000096531,21.09,0,0,195,4,43
218.077478863,21.09,0,0,195,4,43
218.154729065,21.09,0,0,195,4,43
218.232600434,21.09,0,0,195,4,43
218.310021530,21.09,0,0,195,4,43
218.387344731,21.09,0,0,195,4,43
218.464762400,21.75,0,0,195,4,43
218.542320245,21.75,0,0,195,4,43
218.619751059,21.75,0,0,195,4,43
218.697320997,21.75,0,0,195,4,43
218.774685085,21.75,0,0,195,4,43
218.852366875,21.75,0,0,195,4,43
218.929507479,21.75,0,0,195,4,43
219.006885012,21.75,0,0,195,4,43
219.084227790,21.75,0,0,195,4,43
219.161944265,21.75,0,0,195,4,43
219.239125577,21.75,0,0,195,4,43
219.316292992,21.75,0,0,195,4,43
219.393673551,21.75,0,0,195,4,43
219.471374427,22.25,0,0,195,4,43
219.547892722,22.25,0,0,195,4,43
219.625213177,22.25,0,0,195,4,43
219.703145462,22.25,0,0,195,4,43
219.781003576,22.25,0,0,195,4,43
219.859237292,22.25,0,0,195,4,43
219.936477365,22.25,0,0,195,4,43
220.013298604,22.25,0,0,195,4,43
220.090122197,22.25,0,0,195,4,43
220.166899413,22.25,0,0,195,4,43
220.243683150,22.25,0,0,195,4,43
220.322538716,22.25,0,0,195,4,43
220.399141009,22.25,0,0,195,4,43
220.476760762,21.71,0,0,195,4,43
220.553442547,21.71,0,0,195,4,43
220.629588436,21.71,0,0,195,4,43
220.706540623,21.71,0,0,195,4,43
220.783846511,21.71,0,0,195,4,43
220.860919377,21.71,0,0,195,4,43
220.938465459,21.71,0,0,195,4,43
221.015614770,21.71,0,0,195,4,43
221.093439461,21.71,0,0,195,4,43
221.170756180,21.71,0,0,195,4,43
221.248639152,21.71,0,0,195,4,43
221.325971700,21.71,0,0,195,4,43
221.403947667,21.71,0,0,195,4,43
221.481291297,20.98,0,0,195,4,43
221.558218917,20.98,0,0,195,4,43
221.636072664,20.98,0,0,195,4,43
221.713232585,20.98,0,0,195,4,43
221.790316311,20.98,0,0,195,4,43
221.867868646,20.98,0,0,195,4,43
221.946803912,20.98,0,0,195,4,43
222.024144095,20.98,0,0,195,4,43
222.101507853,20.98,0,0,195,4,43
222.178703161,20.98,0,0,195,4,43
222.256023316,20.98,0,0,195,4,43
222.333211510,20.98,0,0,195,4,43
222.410919971,20.98,0,0,195,4,43
222.488312684,19.88,0,0,195,4,43
222.565707600,19.88,0,0,195,4,43
222.643336470,19.88,0,0,195,4,43
222.720868787,19.88,0,0,195,4,43
222.798543524,19.88,0,0,195,4,43
222.875729364,19.88,0,0,195,4,43
222.953453224,19.88,0,0,195,4,43
223.030906411,19.88,0,0,195,4,43
223.110829891,19.88,0,0,195,4,43
223.187995173,19.88,0,0,195,4,43
223.265354321,19.88,0,0,195,4,43
223.343226573,19.88,0,0,195,4,43
223.420554673,19.88,0,0,195,4,43
223.499598355,19.96,0,0,195,4,43
223.577172541,19.96,0,0,195,4,43
223.654462278,19.96,0,0,195,4,43
223.732179315,19.96,0,0,195,4,43
223.809856367,19.96,0,0,195,4,43
223.887220134,19.96,0,0,195,4,43
223.964980985,19.96,0,0,195,4,43
224.042263849,19.96,0,0,195,4,43
224.120142703,19.96,0,0,195,4,43
224.198229942,19.96,0,0,195,4,43
224.275540038,19.96,0,0,195,4,43
224.352827000,19.96,0,0,195,4,43
224.430817886,19.96,0,0,195,4,43
224.508001532,20.47,0,0,195,4,43
224.585603211,20.47,0,0,195,4,43
224.662815301,20.47,0,0,195,4,43
224.742525426,20.47,0,0,195,4,43
224.820408128,20.47,0,0,195,4,43
224.897908525,20.47,0,0,195,4,43
224.975943855,20.47,0,0,195,4,43
225.053223674,20.47,0,0,195,4,43
225.130370209,20.47,0,0,195,4,43
225.208702433,20.47,0,0,195,4,43
225.285615276,20.47,0,0,195,4,43
225.363511673,20.47,0,0,195,4,43
225.441044482,20.47,0,0,195,4,43
225.518486467,20.55,0,0,195,4,42
225.595878489,20.55,0,0,195,4,42
225.673415194,20.55,0,0,195,4,42
225.751049195,20.55,0,0,195,4,42
225.828687463,20.55,0,0,195,4,42
225.906419859,20.55,0,0,195,4,42
225.983380643,20.55,0,0,195,4,42
226.059845537,20.55,0,0,195,4,42
226.137398984,20.55,0,0,195,4,42
226.214627446,20.55,0,0,195,4,42
226.291332415,20.55,0,0,195,4,42
226.367831844,20.55,0,0,195,4,42
226.444381739,20.55,0,0,195,4,42
226.521394632,20.87,0,0,195,4,42
226.598057731,20.87,0,0,195,4,42
226.674510442,20.87,0,0,195,4,42
226.752716327,20.87,0,0,195,4,42
226.830142413,20.87,0,0,195,4,42
226.906930680,20.87,0,0,195,4,42
226.984391100,20.87,0,0,195,4,42
227.062637802,20.87,0,0,195,4,42
227.140017130,20.87,0,0,195,4,42
227.217229370,20.87,0,0,195,4,42
227.294255759,20.87,0,0,195,4,42
227.371244426,20.87,0,0,195,4,42
227.449412979,20.87,0,0,195,4,42
227.527543851,21.10,0,0,195,4,42
227.604893873,21.10,0,0,195,4,42
227.682318607,21.10,0,0,195,4,42
227.759318164,21.10,0,0,195,4,42
227.836949649,21.10,0,0,195,4,42
227.914673800,21.10,0,0,195,4,42
227.992638217,21.10,0,0,195,4,42
228.069972249,21.10,0,0,195,4,42
228.147134465,21.10,0,0,195,4,42
228.225043877,21.10,0,0,195,4,42
228.302352190,21.10,0,0,195,4,42
228.380305786,21.10,0,0,195,4,42
228.457609089,20.79,0,0,195,4,42
228.535896288,20.79,0,0,195,4,42
228.613343574,20.79,0,0,195,4,42
228.690352930,20.79,0,0,195,4,42
228.767488115,20.79,0,0,195,4,42
228.845069556,20.79,0,0,195,4,42
228.922392066,20.79,0,0,195,4,42
229.001270976,20.79,0,0,195,4,42
229.078265745,20.79,0,0,195,4,42
229.156122798,20.79,0,0,195,4,42
229.233666006,20.79,0,0,195,4,42
229.311156995,20.79,0,0,195,4,42
229.388207710,20.79,0,0,195,4,42
229.468265194,20.58,0,0,195,4,42
229.545408845,20.58,0,0,195,4,42
229.622975728,20.58,0,0,195,4,42
229.700125951,20.58,0,0,195,4,42
229.777321801,20.58,0,0,195,4,42
229.854651034,20.58,0,0,195,4,42
229.931856742,20.58,0,0,195,4,42
230.009774300,20.58,0,0,195,4,42
230.087011228,20.58,0,0,195,4,42
230.165542449,20.58,0,0,195,4,42
230.243014793,20.58,0,0,195,4,42
230.319678344,20.58,0,0,195,4,42
230.397073441,20.58,0,0,195,4,42
230.474581002,20.24,0,0,195,4,42
230.552386387,20.24,0,0,195,4,42
230.629892195,20.24,0,0,195,4,42
230.707642826,20.24,0,0,195,4,42
230.786786549,20.24,0,0,195,4,42
230.864133826,20.24,0,0,195,4,42
230.941307984,20.24,0,0,195,4,42
231.019879853,20.24,0,0,195,4,42
231.098502207,20.24,0,0,195,4,42
231.176267586,20.24,0,0,195,4,42
231.254241671,20.24,0,0,195,4,42
231.331441008,20.24,0,0,195,4,42
231.408895658,20.24,0,0,195,4,42
231.486009764,20.15,0,0,195,4,42
231.563690944,20.15,0,0,195,4,42
231.641061795,20.15,0,0,195,4,42
231.718688812,20.15,0,0,195,4,42
231.796307203,20.15,0,0,195,4,42
231.873251316,20.15,0,0,195,4,42
231.952255434,20.15,0,0,195,4,42
232.028324728,20.15,0,0,195,4,42
232.104674445,20.15,0,0,195,4,42
232.181357212,20.15,0,0,195,4,42
232.258990401,20.15,0,0,195,4,42
232.335573970,20.15,0,0,195,4,42
232.413011599,20.15,0,0,195,4,42
232.491126671,20.66,0,0,195,4,42
232.568418824,20.66,0,0,195,4,42
232.646511274,20.66,0,0,195,4,42
232.723782627,20.66,0,0,195,4,42
232.801317299,20.66,0,0,195,4,42
232.879396594,20.66,0,0,195,4,42
232.956521359,20.66,0,0,195,4,42
233.032635940,20.66,0,0,195,4,42
233.108917176,20.66,0,0,195,4,42
233.185702929,20.66,0,0,195,4,42
233.262481899,20.66,0,0,195,4,42
233.339781015,20.66,0,0,195,4,42
233.417046136,20.66,0,0,195,4,42
233.494065061,20.96,0,0,195,4,42
233.570439344,20.96,0,0,195,4,42
233.647523632,20.96,0,0,195,4,42
233.723880643,20.96,0,0,195,4,42
233.801721044,20.96,0,0,195,4,42
233.878980044,20.96,0,0,195,4,42
233.956339685,20.96,0,0,195,4,42
234.033419856,20.96,0,0,195,4,42
234.112869448,20.96,0,0,195,4,42
234.190945737,20.96,0,0,195,4,42
234.268452377,20.96,0,0,195,4,42
234.345876730,20.96,0,0,195,4,42
234.423470585,20.96,0,0,195,4,42
234.501070791,19.83,0,0,195,4,42
234.578861149,19.83,0,0,195,4,42
234.656481634,19.83,0,0,195,4,42
234.733603013,19.83,0,0,195,4,42
234.811024290,19.83,0,0,195,4,42
234.888298890,19.83,0,0,195,4,42
234.965448533,19.83,0,0,195,4,42
235.042663940,19.83,0,0,195,4,42
235.121349634,19.83,0,0,195,4,42
235.198984276,19.83,0,0,195,4,42
235.276296167,19.83,0,0,195,4,42
235.353776005,19.83,0,0,195,4,42
235.432762690,19.83,0,0,195,4,42
235.510673917,18.68,0,0,195,4,42
235.588137344,18.68,0,0,195,4,42
235.665986042,18.68,0,0,195,4,42
235.743259489,18.68,0,0,195,4,42
235.822457205,18.68,0,0,195,4,42
235.900114830,18.68,0,0,195,4,42
235.978063898,18.68,0,0,195,4,42
236.055409863,18.68,0,0,195,4,42
236.132662031,18.68,0,0,195,4,42
236.209611033,18.68,0,0,195,4,42
236.287511740,18.68,0,0,195,4,42
236.364766612,18.68,0,0,195,4,42
236.442319950,18.68,0,0,195,4,42
236.519944062,17.44,0,0,195,4,41
236.597223211,17.44,0,0,195,4,41
236.674973021,17.44,0,0,195,4,41
236.751998659,17.44,0,0,195,4,41
236.829188658,17.44,0,0,195,4,41
236.906964027,17.44,0,0,195,4,41
236.984112808,17.44,0,0,195,4,41
237.060944889,17.44,0,0,195,4,41
237.138114480,17.44,0,0,195,4,41
237.215390222,17.44,0,0,195,4,41
237.292424957,17.44,0,0,195,4,41
237.375887447,17.44,0,0,195,4,41
237.455182075,17.47,0,0,195,4,41
237.532241557,17.47,0,0,195,4,41
237.609320406,17.47,0,0,195,4,41
237.687599821,17.47,0,0,195,4,41
237.765076313,17.47,0,0,195,4,41
237.842423100,17.47,0,0,195,4,41
237.918641287,17.47,0,0,195,4,41
237.994759966,17.47,0,0,195,4,41
238.071652551,17.47,0,0,195,4,41
238.148697406,17.47,0,0,195,4,41
238.225853782,17.47,0,0,195,4,41
238.302326231,17.47,0,0,195,4,41
238.379636889,17.47,0,0,195,4,41
238.456898384,18.47,0,0,195,4,41
238.535352290,18.47,0,0,195,4,41
238.612868818,18.47,0,0,195,4,41
238.690815652,18.47,0,0,195,4,41
238.768384590,18.47,0,0,195,4,41
238.845951334,18.47,0,0,195,4,41
238.923514100,18.47,0,0,195,4,41
239.001191683,18.47,0,0,195,4,41
239.078309857,18.47,0,0,195,4,41
239.155512500,18.47,0,0,195,4,41
239.232574788,18.47,0,0,195,4,41
239.310288070,18.47,0,0,195,4,41
239.388109376,18.47,0,0,195,4,41
239.465722197,17.40,0,0,195,4,41
239.543549484,17.40,0,0,195,4,41
239.620072540,17.40,0,0,195,4,41
239.697134036,17.40,0,0,195,4,41
239.774727320,17.40,0,0,195,4,41
239.852327146,17.40,0,0,195,4,41
239.929861479,17.40,0,0,195,4,41
240.006997817,17.40,0,0,195,4,41
240.084655422,17.40,0,0,195,4,41
240.162347033,17.40,0,0,195,4,41
240.240139735,17.40,0,0,195,4,41
240.317051287,17.40,0,0,195,4,41
240.394097243,17.40,0,0,195,4,41
240.471767213,17.40,0,0,195,4,41
240.549585313,17.40,0,0,195,4,41
240.626941137,17.40,0,0,195,4,41
240.703883518,17.40,0,0,195,4,41
240.781182534,17.40,0,0,195,4,41
240.858965257,17.40,0,0,195,4,41
240.936675703,17.40,0,0,195,4,41
241.014741934,17.40,0,0,195,4,41
241.091802158,17.40,0,0,195,4,41
241.169417474,17.40,0,0,195,4,41
241.246679400,17.40,0,0,195,4,41
241.324113813,17.40,0,0,195,4,41
241.401513801,17.40,0,0,195,4,41
241.479060847,17.39,0,0,195,4,41
241.556694188,17.39,0,0,195,4,41
241.634919720,17.39,0,0,195,4,41
241.712485052,17.39,0,0,195,4,41
241.789780421,17.39,0,0,195,4,41
241.867891066,17.39,0,0,195,4,41
241.945739173,17.39,0,0,195,4,41
242.023572042,17.39,0,0,195,4,41
242.100638267,17.39,0,0,195,4,41
242.178068603,17.39,0,0,195,4,41
242.255150718,17.39,0,0,195,4,41
242.332705660,17.39,0,0,195,4,41
242.410524291,17.39,0,0,195,4,41
242.487748426,17.46,0,0,195,4,41
242.564957572,17.46,0,0,195,4,41
242.643185199,17.46,0,0,195,4,41
242.720406748,17.46,0,0,195,4,41
242.797384115,17.46,0,0,195,4,41
242.875063983,17.46,0,0,195,4,41
242.952689539,17.46,0,0,195,4,41
243.029897362,17.46,0,0,195,4,41
243.106949771,17.46,0,0,195,4,41
243.184032258,17.46,0,0,195,4,41
243.262259534,17.46,0,0,195,4,41
243.339256528,17.46,0,0,195,4,41
243.417348508,17.46,0,0,195,4,41
243.494683162,17.51,0,0,195,4,41
243.572981933,17.51,0,0,195,4,41
243.651143335,17.51,0,0,195,4,41
243.728350688,17.51,0,0,195,4,41
243.805583809,17.51,0,0,195,4,41
243.881840460,17.51,0,0,195,4,41
243.958470028,17.51,0,0,195,4,41
244.034906469,17.51,0,0,195,4,41
244.111861404,17.51,0,0,195,4,41
244.188655724,17.51,0,0,195,4,41
244.266045001,17.51,0,0,195,4,41
244.342714004,17.51,0,0,195,4,41
244.419621829,17.51,0,0,195,4,41
244.496355554,17.46,0,0,195,4,41
244.573464440,17.46,0,0,195,4,41
244.650857976,17.46,0,0,195,4,41
244.729476824,17.46,0,0,195,4,41
244.806577445,17.46,0,0,195,4,41
244.884354448,17.46,0,0,195,4,41
244.960922098,17.46,0,0,195,4,41
245.038609080,17.46,0,0,195,4,41
245.116131270,17.46,0,0,195,4,41
245.193169823,17.46,0,0,195,4,41
245.270800578,17.46,0,0,195,4,41
245.348477321,17.46,0,0,195,4,41
245.425334190,17.46,0,0,195,4,41
245.502829098,17.45,0,0,195,4,41
245.579955127,17.45,0,0,195,4,41
245.657523714,17.45,0,0,195,4,41
245.734775672,17.45,0,0,195,4,41
245.812108483,17.45,0,0,195,4,41
245.889999261,17.45,0,0,195,4,41
245.967875643,17.45,0,0,195,4,41
246.045269058,17.45,0,0,195,4,41
246.122252367,17.45,0,0,195,4,41
246.199936534,17.45,0,0,195,4,41
246.277259235,17.45,0,0,195,4,41
246.354207227,17.45,0,0,195,4,41
246.431496856,17.45,0,0,195,4,41
246.509129194,17.47,0,0,195,4,41
246.586483817,17.47,0,0,195,4,41
246.663590018,17.47,0,0,195,4,41
246.741082542,17.47,0,0,195,4,41
246.818647834,17.47,0,0,195,4,41
246.896056378,17.47,0,0,195,4,41
246.973375743,17.47,0,0,195,4,41
247.050683326,17.47,0,0,195,4,41
247.128693351,17.47,0,0,195,4,41
247.206670604,17.47,0,0,195,4,41
247.284066404,17.47,0,0,195,4,41
247.361011059,17.47,0,0,195,4,41
247.438123643,17.47,0,0,195,4,41
247.515388284,17.48,0,0,195,4,41
247.593056622,17.48,0,0,195,4,41
247.670251311,17.48,0,0,195,4,41
247.748013426,17.48,0,0,195,4,41
247.824924798,17.48,0,0,195,4,41
247.902606921,17.48,0,0,195,4,41
247.980131004,17.48,0,0,195,4,41
248.057548656,17.48,0,0,195,4,41
248.135646978,17.48,0,0,195,4,41
248.212779089,17.48,0,0,195,4,41
248.290375049,17.48,0,0,195,4,41
248.367457435,17.48,0,0,195,4,41
248.444979735,17.48,0,0,195,4,41
248.523032541,17.36,0,0,195,4,41
248.601095466,17.36,0,0,195,4,41
248.678592489,17.36,0,0,195,4,41
248.755856960,17.36,0,0,195,4,41
248.833142752,17.36,0,0,195,4,41
248.910069273,17.36,0,0,195,4,41
248.988001901,17.36,0,0,195,4,41
249.065162786,17.36,0,0,195,4,41
249.142645492,17.36,0,0,195,4,41
249.219173898,17.36,0,0,195,4,41
249.296801698,17.36,0,0,195,4,41
249.374701154,17.36,0,0,195,4,41
249.452198386,17.36,0,0,195,4,41
249.530241113,17.27,0,0,195,4,41
249.608175996,17.27,0,0,195,4,41
249.685047683,17.27,0,0,195,4,41
249.762101735,17.27,0,0,195,4,41
249.839128877,17.27,0,0,195,4,41
249.915447997,17.27,0,0,195,4,41
249.992048019,17.27,0,0,195,4,41
250.069649148,17.27,0,0,195,4,41
250.145995520,17.27,0,0,195,4,41
250.222521953,17.27,0,0,195,4,41
250.301519981,17.27,0,0,195,4,41
250.378925129,17.27,0,0,195,4,41
250.457174057,17.27,0,0,195,4,41
250.534101189,17.34,0,0,195,4,41
250.611477423,17.34,0,0,195,4,41
250.691199202,17.34,0,0,195,4,41
250.768396467,17.34,0,0,195,4,41
250.845401136,17.34,0,0,195,4,41
250.922871758,17.34,0,0,195,4,41
251.000217925,17.34,0,0,195,4,41
251.077687325,17.34,0,0,195,4,41
251.154729255,17.34,0,0,195,4,41
251.233128177,17.34,0,0,195,4,41
251.311816227,17.34,0,0,195,4,41
251.389994862,17.34,0,0,195,4,41
251.467939884,17.20,0,0,195,4,41
251.545261324,17.20,0,0,195,4,41
251.622030376,17.20,0,0,195,4,41
251.699688835,17.20,0,0,195,4,41
251.776481993,17.20,0,0,195,4,41
251.853772324,17.20,0,0,195,4,41
251.931488732,17.20,0,0,195,4,41
252.008763975,17.20,0,0,195,4,41
252.086303909,17.20,0,0,195,4,41
252.164010889,17.20,0,0,195,4,41
252.241420857,17.20,0,0,195,4,41
252.319799250,17.20,0,0,195,4,41
252.397328474,17.20,0,0,195,4,41
252.474564723,17.24,0,0,195,4,41
252.551939754,17.24,0,0,195,4,41
252.629124254,17.24,0,0,195,4,41
252.706293185,17.24,0,0,195,4,41
252.783782313,17.24,0,0,195,4,41
252.860211692,17.24,0,0,195,4,41
252.937717180,17.24,0,0,195,4,41
253.015548486,17.24,0,0,195,4,41
253.093457761,17.24,0,0,195,4,41
253.171351666,17.24,0,0,195,4,41
253.249412638,17.24,0,0,195,4,41
253.326744137,17.24,0,0,195,4,41
253.404898766,17.24,0,0,195,4,41
253.482213804,17.15,0,0,195,4,41
253.558903827,17.15,0,0,195,4,41
253.636558889,17.15,0,0,195,4,41
253.714293452,17.15,0,0,195,4,41
253.792348403,17.15,0,0,195,4,41
253.870360351,17.15,0,0,195,4,41
253.948044509,17.15,0,0,195,4,41
254.025255419,17.15,0,0,195,4,41
254.102695144,17.15,0,0,195,4,41
254.180431190,17.15,0,0,195,4,41
254.258747205,17.15,0,0,195,4,41
254.336052104,17.15,0,0,195,4,41
254.413374656,17.15,0,0,195,4,41
254.490927164,17.09,0,0,195,4,41
254.567900344,17.09,0,0,195,4,41
254.645630649,17.09,0,0,195,4,41
254.722782458,17.09,0,0,195,4,41
254.799859304,17.09,0,0,195,4,41
254.877146499,17.09,0,0,195,4,41
254.954276436,17.09,0,0,195,4,41
255.031356238,17.09,0,0,195,4,41
255.108158093,17.09,0,0,195,4,41
255.184902880,17.09,0,0,195,4,41
255.262463413,17.09,0,0,195,4,41
255.340123906,17.09,0,0,195,4,41
255.416950378,17.09,0,0,195,4,41
255.494054426,17.02,0,0,195,4,41
255.571372340,17.02,0,0,195,4,41
255.648286478,17.02,0,0,195,4,41
255.725163846,17.02,0,0,195,4,41
255.800986836,17.02,0,0,195,4,41
255.878030810,17.02,0,0,195,4,41
255.954810794,17.02,0,0,195,4,41
256.031737796,17.02,0,0,195,4,41
256.108436586,17.02,0,0,195,4,41
256.184378712,17.02,0,0,195,4,41
256.261082972,17.02,0,0,195,4,41
256.340031286,17.02,0,0,195,4,41
256.420186597,17.02,0,0,195,4,41
256.497878911,17.17,0,0,195,4,41
256.575339665,17.17,0,0,195,4,41
256.653046706,17.17,0,0,195,4,41
256.731082821,17.17,0,0,195,4,41
256.808439838,17.17,0,0,195,4,41
256.887690917,17.17,0,0,195,4,41
256.966366464,17.17,0,0,195,4,41
257.043544181,17.17,0,0,195,4,41
257.121652383,17.17,0,0,195,4,41
257.198994322,17.17,0,0,195,4,41
257.276338135,17.17,0,0,195,4,41
257.353820290,17.17,0,0,195,4,41
257.432408181,17.17,0,0,195,4,41
257.510323257,17.13,0,0,195,4,41
257.588698905,17.13,0,0,195,4,41
257.666684575,17.13,0,0,195,4,41
257.743906386,17.13,0,0,195,4,41
257.822117874,17.13,0,0,195,4,41
257.899323985,17.13,0,0,195,4,41
257.976676565,17.13,0,0,195,4,41
258.054233321,17.13,0,0,195,4,41
258.131855852,17.13,0,0,195,4,41
258.209242887,17.13,0,0,195,4,41
258.286880837,17.13,0,0,195,4,41
258.364628285,17.13,0,0,195,4,41
258.442133113,17.13,0,0,195,4,41
258.519172749,17.15,0,0,195,4,41
258.596842550,17.15,0,0,195,4,41
258.674215117,17.15,0,0,195,4,41
258.751269271,17.15,0,0,195,4,41
258.829137317,17.15,0,0,195,4,41
258.907081879,17.15,0,0,195,4,41
258.984363343,17.15,0,0,195,4,41
259.061342685,17.15,0,0,195,4,41
259.138383403,17.15,0,0,195,4,41
259.215761090,17.15,0,0,195,4,41
259.294338512,17.15,0,0,195,4,41
259.371929574,17.15,0,0,195,4,41
259.451230757,17.15,0,0,195,4,41
259.529509622,17.13,0,0,195,4,41
259.606712818,17.13,0,0,195,4,41
259.684246060,17.13,0,0,195,4,41
259.761961848,17.13,0,0,195,4,41
259.839426731,17.13,0,0,195,4,41
259.918080106,17.13,0,0,195,4,41
259.996003126,17.13,0,0,195,4,41
260.073830326,17.13,0,0,195,4,41
260.151996628,17.13,0,0,195,4,41
260.229198531,17.13,0,0,195,4,41
260.307365345,17.13,0,0,195,4,41
260.384810991,17.13,0,0,195,4,41
260.463157655,17.55,0,0,195,4,41
260.541361959,17.55,0,0,195,4,41
260.618849815,17.55,0,0,195,4,41
260.696248852,17.55,0,0,195,4,41
260.773951506,17.55,0,0,195,4,41
260.851054512,17.55,0,0,195,4,41
260.927794270,17.55,0,0,195,4,41
261.004715041,17.55,0,0,195,4,41
261.081484475,17.55,0,0,195,4,41
261.158816275,17.55,0,0,195,4,41
261.236242204,17.55,0,0,195,4,41
261.313689844,17.55,0,0,195,4,41
261.390774746,17.55,0,0,195,4,41
261.467538279,17.06,0,0,195,4,41
261.545082602,17.06,0,0,195,4,41
261.621775111,17.06,0,0,195,4,41
261.698814627,17.06,0,0,195,4,41
261.774914702,17.06,0,0,195,4,41
261.851122772,17.06,0,0,195,4,41
261.928057109,17.06,0,0,195,4,41
262.004729019,17.06,0,0,195,4,41
262.081151726,17.06,0,0,195,4,41
262.158407151,17.06,0,0,195,4,41
262.235708133,17.06,0,0,195,4,41
262.313272233,17.06,0,0,195,4,41
262.390399085,17.06,0,0,195,4,41
262.468231845,17.10,0,0,195,4,41
262.545900083,17.10,0,0,195,4,41
262.623199001,17.10,0,0,195,4,41
262.700478793,17.10,0,0,195,4,41
262.778927320,17.10,0,0,195,4,41
262.857341452,17.10,0,0,195,4,41
262.934347175,17.10,0,0,195,4,41
263.011639220,17.10,0,0,195,4,41
263.089206476,17.10,0,0,195,4,41
263.166493582,17.10,0,0,195,4,41
263.243985085,17.10,0,0,195,4,41
263.321371569,17.10,0,0,195,4,41
263.398915522,17.10,0,0,195,4,41
263.477595448,17.27,0,0,195,4,41
263.555053828,17.27,0,0,195,4,41
263.632315736,17.27,0,0,195,4,41
263.709829521,17.27,0,0,195,4,41
263.787380577,17.27,0,0,195,4,41
263.864980376,17.27,0,0,195,4,41
263.941896057,17.27,0,0,195,4,41
264.020025830,17.27,0,0,195,4,41
264.097713054,17.27,0,0,195,4,41
264.175184329,17.27,0,0,195,4,41
264.252369482,17.27,0,0,195,4,41
264.329925076,17.27,0,0,195,4,41
264.406926270,17.27,0,0,195,4,41
264.485094156,17.20,0,0,195,4,41
264.562598303,17.20,0,0,195,4,41
264.639877684,17.20,0,0,195,4,41
264.717410926,17.20,0,0,195,4,41
264.794808001,17.20,0,0,195,4,41
264.872405264,17.20,0,0,195,4,41
264.949505286,17.20,0,0,195,4,41
265.025935778,17.20,0,0,195,4,41
265.103237822,17.20,0,0,195,4,41
265.180094782,17.20,0,0,195,4,41
265.256499315,17.20,0,0,195,4,41
265.334418639,17.20,0,0,195,4,41
265.413101721,17.20,0,0,195,4,41
265.489538846,17.16,0,0,195,4,41
265.566038720,17.16,0,0,195,4,41
265.643124013,17.16,0,0,195,4,41
265.720097274,17.16,0,0,195,4,41
265.797022283,17.16,0,0,195,4,41
265.874617393,17.16,0,0,195,4,41
265.951564314,17.16,0,0,195,4,41
266.029004781,17.16,0,0,195,4,41
266.106592246,17.16,0,0,195,4,41
266.184144454,17.16,0,0,195,4,41
266.261788317,17.16,0,0,195,4,41
266.339819072,17.16,0,0,195,4,41
266.417343107,17.16,0,0,195,4,41
266.494967873,17.08,0,0,195,4,41
266.572395225,17.08,0,0,195,4,41
266.649793953,17.08,0,0,195,4,41
266.727693409,17.08,0,0,195,4,41
266.804714832,17.08,0,0,195,4,41
266.882752270,17.08,0,0,195,4,41
266.962219158,17.08,0,0,195,4,41
267.039727483,17.08,0,0,195,4,41
267.116974493,17.08,0,0,195,4,41
267.195125166,17.08,0,0,195,4,41
267.272351587,17.08,0,0,195,4,41
267.349946336,17.08,0,0,195,4,41
267.426737522,17.08,0,0,195,4,41
267.503074357,17.02,0,0,195,4,41
267.579927280,17.02,0,0,195,4,41
267.657431036,17.02,0,0,195,4,41
267.734275544,17.02,0,0,195,4,41
267.810703751,17.02,0,0,195,4,41
267.888193832,17.02,0,0,195,4,41
267.965433719,17.02,0,0,195,4,41
268.042298825,17.02,0,0,195,4,41
268.119551846,17.02,0,0,195,4,41
268.195735831,17.02,0,0,195,4,41
268.273069836,17.02,0,0,195,4,41
268.350434519,17.02,0,0,195,4,41
268.427688112,17.02,0,0,195,4,41
268.505267362,17.02,0,0,195,4,41
268.582777901,17.02,0,0,195,4,41
268.659847024,17.02,0,0,195,4,41
268.737064448,17.02,0,0,195,4,41
268.814196511,17.02,0,0,195,4,41
268.892114964,17.02,0,0,195,4,41
268.970349155,17.02,0,0,195,4,41
269.047461510,17.02,0,0,195,4,41
269.124707759,17.02,0,0,195,4,41
269.202093952,17.02,0,0,195,4,41
269.279887949,17.02,0,0,195,4,41
269.358748759,17.02,0,0,195,4,41
269.436399224,17.02,0,0,195,4,41
269.513992019,17.16,0,0,195,4,41
269.591183815,17.16,0,0,195,4,41
269.667903055,17.16,0,0,195,4,41
269.745196813,17.16,0,0,195,4,41
269.822173261,17.16,0,0,195,4,41
269.899558403,17.16,0,0,195,4,41
269.976471660,17.16,0,0,195,4,41
270.053943497,17.16,0,0,195,4,41
270.131136204,17.16,0,0,195,4,41
270.208782170,17.16,0,0,195,4,41
270.287225288,17.16,0,0,195,4,41
270.364590803,17.16,0,0,195,4,41
270.442376835,17.16,0,0,195,4,41
270.520255833,17.19,0,0,195,4,41
270.597767425,17.19,0,0,195,4,41
270.675216889,17.19,0,0,195,4,41
270.752753738,17.19,0,0,195,4,41
270.830387822,17.19,0,0,195,4,41
270.907956563,17.19,0,0,195,4,41
270.985297872,17.19,0,0,195,4,41
271.063146783,17.19,0,0,195,4,41
271.141121402,17.19,0,0,195,4,41
271.218958972,17.19,0,0,195,4,41
271.296013538,17.19,0,0,195,4,41
271.373598529,17.19,0,0,195,4,41
271.450848334,17.19,0,0,195,4,41
271.528475035,17.18,0,0,195,4,41
271.605429390,17.18,0,0,195,4,41
271.683278211,17.18,0,0,195,4,41
271.761037573,17.18,0,0,195,4,41
271.838890331,17.18,0,0,195,4,41
271.916335307,17.18,0,0,195,4,41
271.993909097,17.18,0,0,195,4,41
272.072418300,17.18,0,0,195,4,41
272.149904573,17.18,0,0,195,4,41
272.227507368,17.18,0,0,195,4,41
272.304873485,17.18,0,0,195,4,41
272.382665168,17.18,0,0,195,4,41
272.461681131,17.18,0,0,195,4,41
272.539423030,17.20,0,0,195,4,41
272.616419425,17.20,0,0,195,4,41
272.693450045,17.20,0,0,195,4,41
272.770618717,17.20,0,0,195,4,41
272.848050879,17.20,0,0,195,4,41
272.925534067,17.20,0,0,195,4,41
273.002994792,17.20,0,0,195,4,41
273.080366369,17.20,0,0,195,4,41
273.157759176,17.20,0,0,195,4,41
273.235792016,17.20,0,0,195,4,41
273.312485477,17.20,0,0,195,4,41
273.389714143,17.20,0,0,195,4,41
273.466423454,17.08,0,0,195,4,41
273.543114731,17.08,0,0,195,4,41
273.619445334,17.08,0,0,195,4,41
273.696501643,17.08,0,0,195,4,41
273.772681010,17.08,0,0,195,4,41
273.849043704,17.08,0,0,195,4,41
273.926334267,17.08,0,0,195,4,41
274.003275809,17.08,0,0,195,4,41
274.079875532,17.08,0,0,195,4,41
274.157477155,17.08,0,0,195,4,41
274.235217010,17.08,0,0,195,4,41
274.312282436,17.08,0,0,195,4,41
274.389960183,17.08,0,0,195,4,41
274.468521626,17.17,0,0,195,4,41
274.545568326,17.17,0,0,195,4,41
274.622977675,17.17,0,0,195,4,41
274.700838358,17.17,0,0,195,4,41
274.778297992,17.17,0,0,195,4,41
274.856029882,17.17,0,0,195,4,41
274.932886432,17.17,0,0,195,4,41
275.009805100,17.17,0,0,195,4,41
275.087017475,17.17,0,0,195,4,41
275.164759104,17.17,0,0,195,4,41
275.241733608,17.17,0,0,195,4,41
275.318927688,17.17,0,0,195,4,41
275.395860844,17.17,0,0,195,4,41
275.473041659,17.18,0,0,195,4,41
275.550794218,17.18,0,0,195,4,41
275.628101192,17.18,0,0,195,4,41
275.705371527,17.18,0,0,195,4,41
275.782531353,17.18,0,0,195,4,41
275.859569688,17.18,0,0,195,4,41
275.936571854,17.18,0,0,195,4,41
276.014017642,17.18,0,0,195,4,41
276.092152946,17.18,0,0,195,4,41
276.169895707,17.18,0,0,195,4,41
276.247531885,17.18,0,0,195,4,41
276.325128779,17.18,0,0,195,4,41
276.403185655,17.18,0,0,195,4,41
276.480624670,16.95,0,0,195,4,41
276.557764918,16.95,0,0,195,4,41
276.635139922,16.95,0,0,195,4,41
276.712188066,16.95,0,0,195,4,41
276.789710629,16.95,0,0,195,4,41
276.867186343,16.95,0,0,195,4,41
276.944113998,16.95,0,0,195,4,41
277.021679863,16.95,0,0,195,4,41
277.099293139,16.95,0,0,195,4,41
277.177126601,16.95,0,0,195,4,41
277.254121414,16.95,0,0,195,4,41
277.331653986,16.95,0,0,195,4,41
277.408699635,16.95,0,0,195,4,41
277.486522898,16.86,0,0,195,4,41
277.564367221,16.86,0,0,195,4,41
277.641598192,16.86,0,0,195,4,41
277.719112419,16.86,0,0,195,4,41
277.797206896,16.86,0,0,195,4,41
277.874501237,16.86,0,0,195,4,41
277.951804294,16.86,0,0,195,4,41
278.029628239,16.86,0,0,195,4,41
278.107507107,16.86,0,0,195,4,41
278.184923690,16.86,0,0,195,4,41
278.262685226,16.86,0,0,195,4,41
278.340050271,16.86,0,0,195,4,41
278.417361633,16.86,0,0,195,4,41
278.495505875,17.03,0,0,195,4,41
278.572870008,17.03,0,0,195,4,41
278.650000468,17.03,0,0,195,4,41
278.727081444,17.03,0,0,195,4,41
278.804067019,17.03,0,0,195,4,41
278.881211917,17.03,0,0,195,4,41
278.958599815,17.03,0,0,195,4,41
279.035444663,17.03,0,0,195,4,41
279.112189012,17.03,0,0,195,4,41
279.188983906,17.03,0,0,195,4,41
279.266696699,17.03,0,0,195,4,41
279.343305791,17.03,0,0,195,4,41
279.420168664,17.03,0,0,195,4,41
279.496313516,17.06,0,0,195,4,41
279.573422816,17.06,0,0,195,4,41
279.651292126,17.06,0,0,195,4,41
279.729485862,17.06,0,0,195,4,41
279.806086007,17.06,0,0,195,4,41
279.884597535,17.06,0,0,195,4,41
279.962789958,17.06,0,0,195,4,41
280.040229534,17.06,0,0,195,4,41
280.118403843,17.06,0,0,195,4,41
280.196565127,17.06,0,0,195,4,41
280.274294222,17.06,0,0,195,4,41
280.351746512,17.06,0,0,195,4,41
280.429292270,17.06,0,0,195,4,41
280.506925483,17.02,0,0,195,4,41
280.584059099,17.02,0,0,195,4,41
280.661096623,17.02,0,0,195,4,41
280.738274402,17.02,0,0,195,4,41
280.815600814,17.02,0,0,195,4,41
280.892965819,17.02,0,0,195,4,41
280.969804486,17.02,0,0,195,4,41
281.047106782,17.02,0,0,195,4,41
281.124356438,17.02,0,0,195,4,41
281.202677705,17.02,0,0,195,4,41
281.280593154,17.02,0,0,195,4,41
281.358085890,17.02,0,0,195,4,41
281.435261186,17.02,0,0,195,4,41
281.512695802,17.08,0,0,195,4,41
281.589662532,17.08,0,0,195,4,41
281.666723160,17.08,0,0,195,4,41
281.744208593,17.08,0,0,195,4,41
281.820970795,17.08,0,0,195,4,41
281.898522324,17.08,0,0,195,4,41
281.975822726,17.08,0,0,195,4,41
282.053223268,17.08,0,0,195,4,41
282.131406835,17.08,0,0,195,4,41
282.209247872,17.08,0,0,195,4,41
282.287081055,17.08,0,0,195,4,41
282.364340720,17.08,0,0,195,4,41
282.441345011,17.08,0,0,195,4,41
282.519283283,17.08,0,0,195,4,41
282.596164320,17.08,0,0,195,4,41
282.673825506,17.08,0,0,195,4,41
282.751003948,17.08,0,0,195,4,41
282.828371227,17.08,0,0,195,4,41
282.905662282,17.08,0,0,195,4,41
282.982901789,17.08,0,0,195,4,41
283.059977004,17.08,0,0,195,4,41
283.137410579,17.08,0,0,195,4,41
283.217164663,17.08,0,0,195,4,41
283.295261145,17.08,0,0,195,4,41
283.373272084,17.08,0,0,195,4,41
283.451215936,17.08,0,0,195,4,41
283.528307002,16.98,0,0,195,4,41
283.605814026,16.98,0,0,195,4,41
283.683281946,16.98,0,0,195,4,41
283.761049003,16.98,0,0,195,4,41
283.838676125,16.98,0,0,195,4,41
283.916854873,16.98,0,0,195,4,41
283.994554662,16.98,0,0,195,4,41
284.072026871,16.98,0,0,195,4,41
284.149771495,16.98,0,0,195,4,41
284.227519276,16.98,0,0,195,4,41
284.305111031,16.98,0,0,195,4,41
284.382296676,16.98,0,0,195,4,41
284.459822977,16.98,0,0,195,4,41
284.537100807,16.99,0,0,195,4,41
284.614047649,16.99,0,0,195,4,41
284.691587555,16.99,0,0,195,4,41
284.769315529,16.99,0,0,195,4,41
284.846790081,16.99,0,0,195,4,41
284.923836082,16.99,0,0,195,4,41
285.001327366,16.99,0,0,195,4,41
285.079040772,16.99,0,0,195,4,41
285.155947167,16.99,0,0,195,4,41
285.232452884,16.99,0,0,195,4,41
285.308619667,16.99,0,0,195,4,41
285.385725090,16.99,0,0,195,4,41
285.464796570,16.99,0,0,195,4,41
285.540769246,16.98,0,0,195,4,41
285.617436960,16.98,0,0,195,4,41
285.693982542,16.98,0,0,195,4,41
285.770544034,16.98,0,0,195,4,41
285.848237161,16.98,0,0,195,4,41
285.925795162,16.98,0,0,195,4,41
286.002845911,16.98,0,0,195,4,41
286.080466932,16.98,0,0,195,4,41
286.158546041,16.98,0,0,195,4,41
286.236422836,16.98,0,0,195,4,41
286.314216494,16.98,0,0,195,4,41
286.391579335,16.98,0,0,195,4,41
286.469058717,17.07,0,0,195,4,41
286.546422309,17.07,0,0,195,4,41
286.624253087,17.07,0,0,195,4,41
286.701418053,17.07,0,0,195,4,41
286.778468653,17.07,0,0,195,4,41
286.856512785,17.07,0,0,195,4,41
286.933836623,17.07,0,0,195,4,41
287.011730160,17.07,0,0,195,4,41
287.088861422,17.07,0,0,195,4,41
287.166352707,17.07,0,0,195,4,41
287.244323079,17.07,0,0,195,4,41
287.321703304,17.07,0,0,195,4,41
287.399077757,17.07,0,0,195,4,41
287.476340428,17.17,0,0,195,4,41
287.553646552,17.17,0,0,195,4,41
287.630787362,17.17,0,0,195,4,41
287.708542617,17.17,0,0,195,4,41
287.785873808,17.17,0,0,195,4,41
287.863334044,17.17,0,0,195,4,41
287.940969332,17.17,0,0,195,4,41
288.018149857,17.17,0,0,195,4,41
288.095722496,17.17,0,0,195,4,41
288.173095166,17.17,0,0,195,4,41
288.249987927,17.17,0,0,195,4,41
288.327166007,17.17,0,0,195,4,41
288.404363335,17.17,0,0,195,4,41
288.482105315,16.99,0,0,187,4,41
288.559900035,16.99,0,0,187,4,41
288.637191922,16.99,0,0,187,4,41
288.714496733,16.99,0,0,187,4,41
288.792644141,16.99,0,0,187,4,41
288.869818886,16.99,0,0,187,4,41
288.947759873,16.99,0,0,187,4,41
289.025586965,16.99,0,0,187,4,41
289.102704040,16.99,0,0,187,4,41
289.179544221,16.99,0,0,187,4,41
289.257088356,16.99,0,0,187,4,41
289.334970942,16.99,0,0,187,4,41
289.412058452,16.99,0,0,187,4,41
289.488752065,16.90,0,0,195,4,41
289.566684496,16.90,0,0,195,4,41
289.643914435,16.90,0,0,195,4,41
289.720930108,16.90,0,0,195,4,41
289.798436251,16.90,0,0,195,4,41
289.876046522,16.90,0,0,195,4,41
289.953471982,16.90,0,0,195,4,41
290.031846030,16.90,0,0,195,4,41
290.109211747,16.90,0,0,195,4,41
290.187304051,16.90,0,0,195,4,41
290.264672272,16.90,0,0,195,4,41
290.341835826,16.90,0,0,195,4,41
290.418954264,16.90,0,0,195,4,41
290.496304321,17.15,0,0,195,4,41
290.573311178,17.15,0,0,195,4,41
290.649851190,17.15,0,0,195,4,41
290.726418914,17.15,0,0,195,4,41
290.804010489,17.15,0,0,195,4,41
290.881063383,17.15,0,0,195,4,41
290.957874448,17.15,0,0,195,4,41
291.035253881,17.15,0,0,195,4,41
291.111659648,17.15,0,0,195,4,41
291.188698826,17.15,0,0,195,4,41
291.265206056,17.15,0,0,195,4,41
291.341899759,17.15,0,0,195,4,41
291.418563054,17.15,0,0,195,4,41
291.495529234,17.17,0,0,195,4,41
291.572620351,17.17,0,0,195,4,41
291.649762584,17.17,0,0,195,4,41
291.727425504,17.17,0,0,195,4,41
291.806134768,17.17,0,0,195,4,41
291.884137703,17.17,0,0,195,4,41
291.962498756,17.17,0,0,195,4,41
292.040323494,17.17,0,0,195,4,41
292.118022933,17.17,0,0,195,4,41
292.195233676,17.17,0,0,195,4,41
292.272486600,17.17,0,0,195,4,41
292.351165836,17.17,0,0,195,4,41
292.429004841,17.17,0,0,195,4,41
292.506325693,17.06,0,0,195,4,40
292.583424414,17.06,0,0,195,4,40
292.661204526,17.06,0,0,195,4,40
292.740471367,17.06,0,0,195,4,40
292.817981678,17.06,0,0,195,4,40
292.895473204,17.06,0,0,195,4,40
292.973065550,17.06,0,0,195,4,40
293.050390761,17.06,0,0,195,4,40
293.127347412,17.06,0,0,195,4,40
293.204891437,17.06,0,0,195,4,40
293.282664346,17.06,0,0,195,4,40
293.359767436,17.06,0,0,195,4,40
293.437368318,17.06,0,0,195,4,40
293.514985963,17.14,0,0,195,4,40
293.592348104,17.14,0,0,195,4,40
293.669409223,17.14,0,0,195,4,40
293.746691672,17.14,0,0,195,4,40
293.824126350,17.14,0,0,195,4,40
293.903973692,17.14,0,0,195,4,40
293.982702402,17.14,0,0,195,4,40
294.060704646,17.14,0,0,195,4,40
294.138073079,17.14,0,0,195,4,40
294.215633305,17.14,0,0,195,4,40
294.293417535,17.14,0,0,195,4,40
294.370421486,17.14,0,0,195,4,40
294.448203773,17.14,0,0,195,4,40
294.525227342,17.06,0,0,195,4,40
294.602491496,17.06,0,0,195,4,40
294.680080427,17.06,0,0,195,4,40
294.757239462,17.06,0,0,195,4,40
294.835048951,17.06,0,0,195,4,40
294.912286936,17.06,0,0,195,4,40
294.989505805,17.06,0,0,195,4,40
295.067103141,17.06,0,0,195,4,40
295.144356996,17.06,0,0,195,4,40
295.221904818,17.06,0,0,195,4,40
295.299322685,17.06,0,0,195,4,40
295.376447104,17.06,0,0,195,4,40
295.453730456,17.06,0,0,195,4,40
295.531165665,17.08,0,0,195,4,40
295.608394633,17.08,0,0,195,4,40
295.685839199,17.08,0,0,195,4,40
295.763611888,17.08,0,0,195,4,40
295.841382753,17.08,0,0,195,4,40
295.918626139,17.08,0,0,195,4,40
295.995922014,17.08,0,0,195,4,40
296.073260610,17.08,0,0,195,4,40
296.150887001,17.08,0,0,195,4,40
296.228120267,17.08,0,0,195,4,40
296.305250608,17.08,0,0,195,4,40
296.382431746,17.08,0,0,195,4,40
296.459560414,17.08,0,0,195,4,40
296.536966287,17.16,0,0,195,4,40
296.613829322,17.16,0,0,195,4,40
296.691057869,17.16,0,0,195,4,40
296.768927281,17.16,0,0,195,4,40
296.846124960,17.16,0,0,195,4,40
296.923541123,17.16,0,0,195,4,40
296.999926732,17.16,0,0,195,4,40
297.076579939,17.16,0,0,195,4,40
297.152935943,17.16,0,0,195,4,40
297.229616081,17.16,0,0,195,4,40
297.306436063,17.16,0,0,195,4,40
297.383231460,17.16,0,0,195,4,40
297.460821803,17.16,0,0,195,4,40
297.536991824,17.07,0,0,195,4,40
297.613957683,17.07,0,0,195,4,40
297.690487025,17.07,0,0,195,4,40
297.767146544,17.07,0,0,195,4,40
297.844697703,17.07,0,0,195,4,40
297.922005330,17.07,0,0,195,4,40
297.999291697,17.07,0,0,195,4,40
298.076568836,17.07,0,0,195,4,40
298.153890290,17.07,0,0,195,4,40
298.231181747,17.07,0,0,195,4,40
298.308219112,17.07,0,0,195,4,40
298.385343743,17.07,0,0,195,4,40
298.462617766,17.07,0,0,195,4,40
298.539883424,17.05,0,0,195,4,40
298.616712765,17.05,0,0,195,4,40
298.694442733,17.05,0,0,195,4,40
298.772361068,17.05,0,0,195,4,40
298.850042503,17.05,0,0,195,4,40
298.927395988,17.05,0,0,195,4,40
299.004646577,17.05,0,0,195,4,40
299.081903549,17.05,0,0,195,4,40
299.159063075,17.05,0,0,195,4,40
299.236649541,17.05,0,0,195,4,40
299.315079967,17.05,0,0,195,4,40
299.392292785,17.05,0,0,195,4,40
299.472025500,16.95,0,0,195,4,40
299.549710722,16.95,0,0,195,4,40
299.626727819,16.95,0,0,195,4,40
299.704502332,16.95,0,0,195,4,40
299.781658332,16.95,0,0,195,4,40
299.858908751,16.95,0,0,195,4,40
299.936932596,16.95,0,0,195,4,40
300.014866330,16.95,0,0,195,4,40
300.092027430,16.95,0,0,195,4,40
300.169838462,16.95,0,0,195,4,40
300.246991547,16.95,0,0,195,4,40
300.324367384,16.95,0,0,195,4,40
300.402178145,16.95,0,0,195,4,40
300.482136236,16.91,0,0,195,4,40
300.560453368,16.91,0,0,195,4,40
300.638251605,16.91,0,0,195,4,40
300.716395087,16.91,0,0,195,4,40
300.793963920,16.91,0,0,195,4,40
300.871108328,16.91,0,0,195,4,40
300.949174444,16.91,0,0,195,4,40
301.026774546,16.91,0,0,195,4,40
301.104333981,16.91,0,0,195,4,40
301.181675673,16.91,0,0,195,4,40
301.259538573,16.91,0,0,195,4,40
301.336642985,16.91,0,0,195,4,40
301.414351723,16.91,0,0,195,4,40
301.491838000,16.83,0,0,187,4,40
301.569278058,16.83,0,0,187,4,40
301.646916242,16.83,0,0,187,4,40
301.727488830,16.83,0,0,187,4,40
301.805815779,16.83,0,0,187,4,40
301.883667368,16.83,0,0,187,4,40
301.961541369,16.83,0,0,187,4,40
302.038672933,16.83,0,0,187,4,40
302.115944633,16.83,0,0,187,4,40
302.193738823,16.83,0,0,187,4,40
302.271566777,16.83,0,0,187,4,40
302.348579666,16.83,0,0,187,4,40
302.425966884,16.83,0,0,187,4,40
302.503446358,17.06,0,0,195,4,40
302.581033586,17.06,0,0,195,4,40
302.658053027,17.06,0,0,195,4,40
302.735573238,17.06,0,0,195,4,40
302.812783260,17.06,0,0,195,4,40
302.890087832,17.06,0,0,195,4,40
302.968350190,17.06,0,0,195,4,40
303.045246157,17.06,0,0,195,4,40
303.122561149,17.06,0,0,195,4,40
303.199877553,17.06,0,0,195,4,40
303.276246772,17.06,0,0,195,4,40
303.352895351,17.06,0,0,195,4,40
303.429350773,17.06,0,0,195,4,40
303.506184763,17.20,0,0,195,4,40
303.583264188,17.20,0,0,195,4,40
303.660905208,17.20,0,0,195,4,40
303.738605821,17.20,0,0,195,4,40
303.816215741,17.20,0,0,195,4,40
303.894472258,17.20,0,0,195,4,40
303.974074786,17.20,0,0,195,4,40
304.051605036,17.20,0,0,195,4,40
304.128771015,17.20,0,0,195,4,40
304.206332424,17.20,0,0,195,4,40
304.283586230,17.20,0,0,195,4,40
304.361178096,17.20,0,0,195,4,40
304.440055139,17.20,0,0,195,4,40
304.517795477,16.93,0,0,195,4,40
304.595212513,16.93,0,0,195,4,40
304.672543635,16.93,0,0,195,4,40
304.750377651,16.93,0,0,195,4,40
304.827984355,16.93,0,0,195,4,40
304.904885142,16.93,0,0,195,4,40
304.981957003,16.93,0,0,195,4,40
305.059886620,16.93,0,0,195,4,40
305.138254879,16.93,0,0,195,4,40
305.216275648,16.93,0,0,195,4,40
305.293550224,16.93,0,0,195,4,40
305.370591717,16.93,0,0,195,4,40
305.448488672,16.93,0,0,195,4,40
305.525823953,17.27,0,0,195,4,40
305.603278679,17.27,0,0,195,4,40
305.681169513,17.27,0,0,195,4,40
305.758314342,17.27,0,0,195,4,40
305.835798395,17.27,0,0,195,4,40
305.913053924,17.27,0,0,195,4,40
305.990259789,17.27,0,0,195,4,40
306.068033901,17.27,0,0,195,4,40
306.145218696,17.27,0,0,195,4,40
306.222733176,17.27,0,0,195,4,40
306.300304163,17.27,0,0,195,4,40
306.377484190,17.27,0,0,195,4,40
306.455178040,17.27,0,0,195,4,40
306.532840981,16.83,0,0,195,4,40
306.609837489,16.83,0,0,195,4,40
306.687245127,16.83,0,0,195,4,40
306.764713259,16.83,0,0,195,4,40
306.842072445,16.83,0,0,195,4,40
306.920034924,16.83,0,0,195,4,40
306.998083647,16.83,0,0,195,4,40
307.076046467,16.83,0,0,195,4,40
307.153123809,16.83,0,0,195,4,40
307.231089274,16.83,0,0,195,4,40
307.308910706,16.83,0,0,195,4,40
307.385865255,16.83,0,0,195,4,40
307.463865766,16.83,0,0,195,4,40
307.541409422,16.93,0,0,195,4,40
307.619574606,16.93,0,0,195,4,40
307.697051294,16.93,0,0,195,4,40
307.774190483,16.93,0,0,195,4,40
307.852193599,16.93,0,0,195,4,40
307.929753285,16.93,0,0,195,4,40
308.007118553,16.93,0,0,195,4,40
308.084533895,16.93,0,0,195,4,40
308.162405182,16.93,0,0,195,4,40
308.240775935,16.93,0,0,195,4,40
308.317590639,16.93,0,0,195,4,40
308.394685965,16.93,0,0,195,4,40
308.473353942,16.93,0,0,195,4,40
308.550316145,17.10,0,0,195,4,40
308.627884477,17.10,0,0,195,4,40
308.705007386,17.10,0,0,195,4,40
308.781598886,17.10,0,0,195,4,40
308.857880790,17.10,0,0,195,4,40
308.935000562,17.10,0,0,195,4,40
309.012778462,17.10,0,0,195,4,40
309.089917420,17.10,0,0,195,4,40
309.166046795,17.10,0,0,195,4,40
309.242768883,17.10,0,0,195,4,40
309.319237872,17.10,0,0,195,4,40
309.395649732,17.10,0,0,195,4,40
309.474793651,17.10,0,0,195,4,40
309.552485447,17.10,0,0,195,4,40
309.629357910,17.10,0,0,195,4,40
309.707060457,17.10,0,0,195,4,40
309.784950800,17.10,0,0,195,4,40
309.862488034,17.10,0,0,195,4,40
309.940030958,17.10,0,0,195,4,40
310.017173664,17.10,0,0,195,4,40
310.094763146,17.10,0,0,195,4,40
310.172801369,17.10,0,0,195,4,40
310.251948355,17.10,0,0,195,4,40
310.329439200,17.10,0,0,195,4,40
310.408239127,17.10,0,0,195,4,40
310.485953667,17.08,0,0,195,4,40
310.563231619,17.08,0,0,195,4,40
310.640090106,17.08,0,0,195,4,40
310.717353100,17.08,0,0,195,4,40
310.794639197,17.08,0,0,195,4,40
310.871755693,17.08,0,0,195,4,40
310.949012084,17.08,0,0,195,4,40
311.026373534,17.08,0,0,195,4,40
311.103812020,17.08,0,0,195,4,40
311.180890254,17.08,0,0,195,4,40
311.258906997,17.08,0,0,195,4,40
311.335962657,17.08,0,0,195,4,40
311.413843001,17.08,0,0,195,4,40
311.491243826,16.98,0,0,195,4,40
311.568753888,16.98,0,0,195,4,40
311.645970704,16.98,0,0,195,4,40
311.725256953,16.98,0,0,195,4,40
311.802197436,16.98,0,0,195,4,40
311.879965076,16.98,0,0,195,4,40
311.958358182,16.98,0,0,195,4,40
312.036284042,16.98,0,0,195,4,40
312.114043518,16.98,0,0,195,4,40
312.191485391,16.98,0,0,195,4,40
312.269069202,16.98,0,0,195,4,40
312.347447160,16.98,0,0,195,4,40
312.424837145,16.98,0,0,195,4,40
312.502620074,17.13,0,0,195,4,40
312.580538069,17.13,0,0,195,4,40
312.658678527,17.13,0,0,195,4,40
312.736818904,17.13,0,0,195,4,40
312.813970847,17.13,0,0,195,4,40
312.891311167,17.13,0,0,195,4,40
312.968403758,17.13,0,0,195,4,40
313.045684335,17.13,0,0,195,4,40
313.123215247,17.13,0,0,195,4,40
313.200519359,17.13,0,0,195,4,40
313.278261000,17.13,0,0,195,4,40
313.355757627,17.13,0,0,195,4,40
313.434100628,17.13,0,0,195,4,40
313.511399120,17.06,0,0,195,4,40
313.588757013,17.06,0,0,195,4,40
313.666062127,17.06,0,0,195,4,40
313.743164437,17.06,0,0,195,4,40
313.820853228,17.06,0,0,195,4,40
313.898170284,17.06,0,0,195,4,40
313.977291651,17.06,0,0,195,4,40
314.054394100,17.06,0,0,195,4,40
314.132067783,17.06,0,0,195,4,40
314.210562862,17.06,0,0,195,4,40
314.287470383,17.06,0,0,195,4,40
314.364978201,17.06,0,0,195,4,40
314.442160622,17.06,0,0,195,4,40
314.519481115,16.99,0,0,195,4,40
314.596297803,16.99,0,0,195,4,40
314.673094182,16.99,0,0,195,4,40
314.758143517,16.99,0,0,195,4,40
314.843924468,16.99,0,0,195,4,40
314.920622240,16.99,0,0,195,4,40
314.997342034,16.99,0,0,195,4,40
315.073839397,16.99,0,0,195,4,40
315.150149575,16.99,0,0,195,4,40
315.226783947,16.99,0,0,195,4,40
315.303589123,16.99,0,0,195,4,40
315.380176908,16.99,0,0,195,4,40
315.457504684,16.99,0,0,195,4,40
315.534558993,17.95,0,0,195,4,40
315.611390549,17.95,0,0,195,4,40
315.688699470,17.95,0,0,195,4,40
315.766313530,17.95,0,0,195,4,40
315.843131049,17.95,0,0,195,4,40
315.920574566,17.95,0,0,195,4,40
315.997703135,17.95,0,0,195,4,40
316.074687962,17.95,0,0,195,4,40
316.152078487,17.95,0,0,195,4,40
316.230209567,17.95,0,0,195,4,40
316.307659686,17.95,0,0,195,4,40
316.385062796,17.95,0,0,195,4,40
316.462640647,17.95,0,0,195,4,40
316.540037695,17.46,0,0,195,4,40
316.617171725,17.46,0,0,195,4,40
316.694180597,17.46,0,0,195,4,40
316.773668188,17.46,0,0,195,4,40
316.852147178,17.46,0,0,195,4,40
316.929892235,17.46,0,0,195,4,40
317.007284615,17.46,0,0,195,4,40
317.085511226,17.46,0,0,195,4,40
317.163236616,17.46,0,0,195,4,40
317.240587497,17.46,0,0,195,4,40
317.318687118,17.46,0,0,195,4,40
317.396366321,17.46,0,0,195,4,40
317.475708957,17.46,0,0,195,4,40
317.553333497,17.04,0,0,195,4,40
317.630785970,17.04,0,0,195,4,40
317.708173360,17.04,0,0,195,4,40
317.785274848,17.04,0,0,195,4,40
317.862196646,17.04,0,0,195,4,40
317.940451490,17.04,0,0,195,4,40
318.018119081,17.04,0,0,195,4,40
318.096155051,17.04,0,0,195,4,40
318.174395689,17.04,0,0,195,4,40
318.251312406,17.04,0,0,195,4,40
318.328398975,17.04,0,0,195,4,40
318.406011633,17.04,0,0,195,4,40
318.484030200,16.98,0,0,195,4,40
318.561123983,16.98,0,0,195,4,40
318.638777298,16.98,0,0,195,4,40
318.716402519,16.98,0,0,195,4,40
318.794051996,16.98,0,0,195,4,40
318.870919340,16.98,0,0,195,4,40
318.947737300,16.98,0,0,195,4,40
319.025315963,16.98,0,0,195,4,40
319.104397845,16.98,0,0,195,4,40
319.182458612,16.98,0,0,195,4,40
319.260511133,16.98,0,0,195,4,40
319.338101388,16.98,0,0,195,4,40
319.416385849,16.98,0,0,195,4,40
319.494532278,16.79,0,0,195,4,40
319.571879722,16.79,0,0,195,4,40
319.649052235,16.79,0,0,195,4,40
319.726135859,16.79,0,0,195,4,40
319.803988321,16.79,0,0,195,4,40
319.881396420,16.79,0,0,195,4,40
319.958760607,16.79,0,0,195,4,40
320.035905166,16.79,0,0,195,4,40
320.113274903,16.79,0,0,195,4,40
320.190434922,16.79,0,0,195,4,40
320.268265062,16.79,0,0,195,4,40
320.345738445,16.79,0,0,195,4,40
320.424205081,16.79,0,0,195,4,40
320.500975582,17.29,0,0,195,4,40
320.578335500,17.29,0,0,195,4,40
320.655205480,17.29,0,0,195,4,40
320.731797893,17.29,0,0,195,4,40
320.808078876,17.29,0,0,195,4,40
320.884482622,17.29,0,0,195,4,40
320.962338650,17.29,0,0,195,4,40
321.039562761,17.29,0,0,195,4,40
321.116175943,17.29,0,0,195,4,40
321.192732849,17.29,0,0,195,4,40
321.268986711,17.29,0,0,195,4,40
321.347423431,17.29,0,0,195,4,40
321.424524869,17.29,0,0,195,4,40
321.502135633,16.93,0,0,195,4,40
321.579428704,16.93,0,0,195,4,40
321.657141792,16.93,0,0,195,4,40
321.734863155,16.93,0,0,195,4,40
321.812575601,16.93,0,0,195,4,40
321.889874163,16.93,0,0,195,4,40
321.967454750,16.93,0,0,195,4,40
322.045045206,16.93,0,0,195,4,40
322.122475297,16.93,0,0,195,4,40
322.199802373,16.93,0,0,195,4,40
322.277970724,16.93,0,0,195,4,40
322.355586938,16.93,0,0,195,4,40
322.433003454,16.93,0,0,195,4,40
322.510335098,16.89,0,0,195,4,40
322.588232806,16.89,0,0,195,4,40
322.665144905,16.89,0,0,195,4,40
322.742615684,16.89,0,0,195,4,40
322.820028643,16.89,0,0,195,4,40
322.897865335,16.89,0,0,195,4,40
322.978048535,16.89,0,0,195,4,40
323.055687172,16.89,0,0,195,4,40
323.133108116,16.89,0,0,195,4,40
323.211016965,16.89,0,0,195,4,40
323.288097584,16.89,0,0,195,4,40
323.366154724,16.89,0,0,195,4,40
323.443356994,16.89,0,0,195,4,40
323.520848862,17.11,0,0,195,4,40
323.599005250,17.11,0,0,195,4,40
323.676529350,17.11,0,0,195,4,40
323.754073778,17.11,0,0,195,4,40
323.831423307,17.11,0,0,195,4,40
323.908355965,17.11,0,0,195,4,40
323.985938345,17.11,0,0,195,4,40
324.063102142,17.11,0,0,195,4,40
324.140404511,17.11,0,0,195,4,40
324.217578798,17.11,0,0,195,4,40
324.295067601,17.11,0,0,195,4,40
324.374022152,17.11,0,0,195,4,40
324.451557473,17.11,0,0,195,4,40
324.529257787,17.19,0,0,195,4,40
324.606370787,17.19,0,0,195,4,40
324.683651636,17.19,0,0,195,4,40
324.761152672,17.19,0,0,195,4,40
324.838668556,17.19,0,0,195,4,40
324.916339474,17.19,0,0,195,4,40
324.993978151,17.19,0,0,195,4,40
325.071286181,17.19,0,0,195,4,40
325.148698689,17.19,0,0,195,4,40
325.225708314,17.19,0,0,195,4,40
325.303257561,17.19,0,0,195,4,40
325.380626998,17.19,0,0,195,4,40
325.458193748,17.19,0,0,195,4,40
325.535711065,17.10,0,0,195,4,40
325.613134845,17.10,0,0,195,4,40
325.689962965,17.10,0,0,195,4,40
325.767770172,17.10,0,0,195,4,40
325.845380204,17.10,0,0,195,4,40
325.923187791,17.10,0,0,195,4,40
326.000704557,17.10,0,0,195,4,40
326.078024350,17.10,0,0,195,4,40
326.155330286,17.10,0,0,195,4,40
326.232625182,17.10,0,0,195,4,40
326.310302712,17.10,0,0,195,4,40
326.387991354,17.10,0,0,195,4,40
326.465294695,17.10,0,0,195,4,40
326.542825909,17.06,0,0,195,4,40
326.619620005,17.06,0,0,195,4,40
326.696199183,17.06,0,0,195,4,40
326.772637124,17.06,0,0,195,4,40
326.849236160,17.06,0,0,195,4,40
326.925914236,17.06,0,0,195,4,40
327.003146854,17.06,0,0,195,4,40
327.079802547,17.06,0,0,195,4,40
327.156813855,17.06,0,0,195,4,40
327.233548208,17.06,0,0,195,4,40
327.309262818,17.06,0,0,195,4,40
327.386448847,17.06,0,0,195,4,40
327.464351274,17.06,0,0,195,4,40
327.541942631,16.93,0,0,187,4,40
327.619573293,16.93,0,0,187,4,40
327.697214265,16.93,0,0,187,4,40
327.774236603,16.93,0,0,187,4,40
327.851907341,16.93,0,0,187,4,40
327.929253875,16.93,0,0,187,4,40
328.007193633,16.93,0,0,187,4,40
328.084524927,16.93,0,0,187,4,40
328.162586867,16.93,0,0,187,4,40
328.240166452,16.93,0,0,187,4,40
328.317275735,16.93,0,0,187,4,40
328.395146683,16.93,0,0,187,4,40
328.473203673,16.93,0,0,187,4,40
328.550217345,16.97,0,0,195,4,40
328.627594166,16.97,0,0,195,4,40
328.705288579,16.97,0,0,195,4,40
328.782883584,16.97,0,0,195,4,40
328.860433592,16.97,0,0,195,4,40
328.937627467,16.97,0,0,195,4,40
329.015290901,16.97,0,0,195,4,40
329.092859695,16.97,0,0,195,4,40
329.169956165,16.97,0,0,195,4,40
329.247482960,16.97,0,0,195,4,40
329.323681157,16.97,0,0,195,4,40
329.399625442,16.97,0,0,195,4,40
329.477799995,16.97,0,0,195,4,40
329.555475322,16.90,0,0,195,4,40
329.632337146,16.90,0,0,195,4,40
329.709019902,16.90,0,0,195,4,40
329.786620547,16.90,0,0,195,4,40
329.863048048,16.90,0,0,195,4,40
329.939853145,16.90,0,0,195,4,40
330.017974637,16.90,0,0,195,4,40
330.094907657,16.90,0,0,195,4,40
330.172153510,16.90,0,0,195,4,40
330.249396507,16.90,0,0,195,4,40
330.326505771,16.90,0,0,195,4,40
330.404548033,16.90,0,0,195,4,40
330.483377929,16.84,0,0,195,4,40
330.560906838,16.84,0,0,195,4,40
330.638594218,16.84,0,0,195,4,40
330.715896878,16.84,0,0,195,4,40
330.792826792,16.84,0,0,195,4,40
330.870278294,16.84,0,0,195,4,40
330.947776004,16.84,0,0,195,4,40
331.025036284,16.84,0,0,195,4,40
331.103115467,16.84,0,0,195,4,40
331.180241312,16.84,0,0,195,4,40
331.258055702,16.84,0,0,195,4,40
331.335271368,16.84,0,0,195,4,40
331.412605207,16.84,0,0,195,4,40
331.490333655,17.23,0,0,195,4,40
331.567314054,17.23,0,0,195,4,40
331.644502508,17.23,0,0,195,4,40
331.721794379,17.23,0,0,195,4,40
331.799129681,17.23,0,0,195,4,40
331.876498296,17.23,0,0,195,4,40
331.953599715,17.23,0,0,195,4,40
332.031438943,17.23,0,0,195,4,40
332.109289211,17.23,0,0,195,4,40
332.187375427,17.23,0,0,195,4,40
332.264476926,17.23,0,0,195,4,40
332.342186298,17.23,0,0,195,4,40
332.419459442,17.23,0,0,195,4,40
332.496378245,17.25,0,0,195,4,40
332.572635344,17.25,0,0,195,4,40
332.649192080,17.25,0,0,195,4,40
332.725757714,17.25,0,0,195,4,40
332.802349637,17.25,0,0,195,4,40
332.879549092,17.25,0,0,195,4,40
332.956444760,17.25,0,0,195,4,40
333.034170333,17.25,0,0,195,4,40
333.110128925,17.25,0,0,195,4,40
333.186600751,17.25,0,0,195,4,40
333.263802711,17.25,0,0,195,4,40
333.341135729,17.25,0,0,195,4,40
333.418754549,17.25,0,0,195,4,40
333.496287195,17.26,0,0,195,4,40
333.573414774,17.26,0,0,195,4,40
333.651140897,17.26,0,0,195,4,40
333.728218060,17.26,0,0,195,4,40
333.806091082,17.26,0,0,195,4,40
333.886294762,17.26,0,0,195,4,40
333.964154358,17.26,0,0,195,4,40
334.042178346,17.26,0,0,195,4,40
334.120015540,17.26,0,0,195,4,40
334.197351825,17.26,0,0,195,4,40
334.274650558,17.26,0,0,195,4,40
334.352251594,17.26,0,0,195,4,40
334.429205013,17.26,0,0,195,4,40
334.507041515,17.16,0,0,195,4,40
334.585133743,17.16,0,0,195,4,40
334.662625522,17.16,0,0,195,4,40
334.740094148,17.16,0,0,195,4,40
334.817554567,17.16,0,0,195,4,40
334.894905639,17.16,0,0,195,4,40
334.972085537,17.16,0,0,195,4,40
335.049558140,17.16,0,0,195,4,40
335.127003481,17.16,0,0,195,4,40
335.205078726,17.16,0,0,195,4,40
335.282799349,17.16,0,0,195,4,40
335.360347265,17.16,0,0,195,4,40
335.437380365,17.16,0,0,195,4,40
335.515377682,17.37,0,0,195,4,40
335.592825148,17.37,0,0,195,4,40
335.669792433,17.37,0,0,195,4,40
335.747187829,17.37,0,0,195,4,40
335.824664349,17.37,0,0,195,4,40
335.901720643,17.37,0,0,195,4,40
335.981090552,17.37,0,0,195,4,40
336.057962527,17.37,0,0,195,4,40
336.136265985,17.37,0,0,195,4,40
336.213811506,17.37,0,0,195,4,40
336.290984361,17.37,0,0,195,4,40
336.369231041,17.37,0,0,195,4,40
336.446267137,17.37,0,0,195,4,40
336.523671650,17.14,0,0,195,4,40
336.600820419,17.14,0,0,195,4,40
336.678345973,17.14,0,0,195,4,40
336.756190591,17.14,0,0,195,4,40
336.833362223,17.14,0,0,195,4,40
336.910402998,17.14,0,0,195,4,40
336.988769546,17.14,0,0,195,4,40
337.066073278,17.14,0,0,195,4,40
337.143590185,17.14,0,0,195,4,40
337.221272286,17.14,0,0,195,4,40
337.299047222,17.14,0,0,195,4,40
337.376719082,17.14,0,0,195,4,40
337.454643532,17.14,0,0,195,4,40
337.532099984,16.91,0,0,195,4,40
337.609466286,16.91,0,0,195,4,40
337.686879316,16.91,0,0,195,4,40
337.764905558,16.91,0,0,195,4,40
337.842848132,16.91,0,0,195,4,40
337.920892599,16.91,0,0,195,4,40
337.997992787,16.91,0,0,195,4,40
338.074909385,16.91,0,0,195,4,40
338.152683210,16.91,0,0,195,4,40
338.229907963,16.91,0,0,195,4,40
338.307055941,16.91,0,0,195,4,40
338.384404539,16.91,0,0,195,4,40
338.460901923,16.91,0,0,195,4,40
338.537850242,17.09,0,0,195,4,40
338.614953215,17.09,0,0,195,4,40
338.691328177,17.09,0,0,195,4,40
338.767005717,17.09,0,0,195,4,40
338.843984254,17.09,0,0,195,4,40
338.920004984,17.09,0,0,195,4,40
338.997093590,17.09,0,0,195,4,40
339.073278071,17.09,0,0,195,4,40
339.150242130,17.09,0,0,195,4,40
339.227380650,17.09,0,0,195,4,40
339.305280473,17.09,0,0,195,4,40
339.382240645,17.09,0,0,195,4,40
339.459383603,17.09,0,0,195,4,40
339.537091442,17.10,0,0,195,4,40
339.614687138,17.10,0,0,195,4,40
339.692288185,17.10,0,0,195,4,40
339.770031882,17.10,0,0,195,4,40
339.847674798,17.10,0,0,195,4,40
339.925045017,17.10,0,0,195,4,40
340.002391932,17.10,0,0,195,4,40
340.079649888,17.10,0,0,195,4,40
340.157486031,17.10,0,0,195,4,40
340.235041611,17.10,0,0,195,4,40
340.312760411,17.10,0,0,195,4,40
340.390205512,17.10,0,0,195,4,40
340.467847487,17.10,0,0,195,4,40
340.545240820,17.05,0,0,195,4,40
340.622721719,17.05,0,0,195,4,40
340.699912337,17.05,0,0,195,4,40
340.777450495,17.05,0,0,195,4,40
340.854832296,17.05,0,0,195,4,40
340.932226871,17.05,0,0,195,4,40
341.009982821,17.05,0,0,195,4,40
341.087138885,17.05,0,0,195,4,40
341.164794825,17.05,0,0,195,4,40
341.242274873,17.05,0,0,195,4,40
341.319964277,17.05,0,0,195,4,40
341.397647039,17.05,0,0,195,4,40
341.475250230,17.05,0,0,195,4,40
341.553653567,17.02,0,0,195,4,40
341.631328044,17.02,0,0,195,4,40
341.708467405,17.02,0,0,195,4,40
341.786539134,17.02,0,0,195,4,40
341.864078043,17.02,0,0,195,4,40
341.941379963,17.02,0,0,195,4,40
342.020605790,17.02,0,0,195,4,40
342.098138677,17.02,0,0,195,4,40
342.175906581,17.02,0,0,195,4,40
342.253359276,17.02,0,0,195,4,40
342.331298043,17.02,0,0,195,4,40
342.408546612,17.02,0,0,195,4,40
342.487100646,16.88,0,0,195,4,40
342.566336853,16.88,0,0,195,4,40
342.643948199,16.88,0,0,195,4,40
342.721959162,16.88,0,0,195,4,40
342.798945835,16.88,0,0,195,4,40
342.876292600,16.88,0,0,195,4,40
342.953686794,16.88,0,0,195,4,40
343.032238634,16.88,0,0,195,4,40
343.111552498,16.88,0,0,195,4,40
343.189349686,16.88,0,0,195,4,40
343.266603876,16.88,0,0,195,4,40
343.343910325,16.88,0,0,195,4,40
343.421993024,16.88,0,0,195,4,40
343.500103116,16.83,0,0,195,4,40
343.577509444,16.83,0,0,195,4,40
343.655268470,16.83,0,0,195,4,40
343.732311970,16.83,0,0,195,4,40
343.809284776,16.83,0,0,195,4,40
343.886348955,16.83,0,0,195,4,40
343.963370253,16.83,0,0,195,4,40
344.041014362,16.83,0,0,195,4,40
344.118062541,16.83,0,0,195,4,40
344.194625300,16.83,0,0,195,4,40
344.271482316,16.83,0,0,195,4,40
344.347343886,16.83,0,0,195,4,40
344.425113162,16.83,0,0,195,4,40
344.502141403,17.13,0,0,195,4,40
344.579039848,17.13,0,0,195,4,40
344.656607912,17.13,0,0,195,4,40
344.732817471,17.13,0,0,195,4,40
344.809515076,17.13,0,0,195,4,40
344.885966784,17.13,0,0,195,4,40
344.962926515,17.13,0,0,195,4,40
345.040156869,17.13,0,0,195,4,40
345.117166916,17.13,0,0,195,4,40
345.194300457,17.13,0,0,195,4,40
345.271955266,17.13,0,0,195,4,40
345.349375751,17.13,0,0,195,4,40
345.426405996,17.13,0,0,195,4,40
345.505051804,17.06,0,0,195,4,40
345.582887726,17.06,0,0,195,4,40
345.660285999,17.06,0,0,195,4,40
345.738018294,17.06,0,0,195,4,40
345.815461713,17.06,0,0,195,4,40
345.892652372,17.06,0,0,195,4,40
345.970478375,17.06,0,0,195,4,40
346.048122444,17.06,0,0,195,4,40
346.125370362,17.06,0,0,195,4,40
346.203933362,17.06,0,0,195,4,40
346.280763658,17.06,0,0,195,4,40
346.360741291,17.06,0,0,195,4,40
346.438065744,17.06,0,0,195,4,40
346.514925365,17.03,0,0,195,4,40
346.592960215,17.03,0,0,195,4,40
346.670887300,17.03,0,0,195,4,40
346.748328634,17.03,0,0,195,4,40
346.825412351,17.03,0,0,195,4,40
346.903127344,17.03,0,0,195,4,40
346.980529755,17.03,0,0,195,4,40
347.058784401,17.03,0,0,195,4,40
347.136348778,17.03,0,0,195,4,40
347.214042361,17.03,0,0,195,4,40
347.290997965,17.03,0,0,195,4,40
347.368957221,17.03,0,0,195,4,40
347.447355610,17.03,0,0,195,4,40
347.525774738,17.06,0,0,195,4,40
347.602737435,17.06,0,0,195,4,40
347.680181014,17.06,0,0,195,4,40
347.757296510,17.06,0,0,195,4,40
347.835807853,17.06,0,0,195,4,40
347.913891616,17.06,0,0,195,4,40
347.991449972,17.06,0,0,195,4,40
348.069378630,17.06,0,0,195,4,40
348.147612106,17.06,0,0,195,4,40
348.224944835,17.06,0,0,195,4,40
348.302229172,17.06,0,0,195,4,40
348.379946540,17.06,0,0,195,4,40
348.457267476,17.06,0,0,195,4,40
348.534600415,17.11,0,0,195,4,40
348.611721232,17.11,0,0,195,4,40
348.688867387,17.11,0,0,195,4,40
348.766356672,17.11,0,0,195,4,40
348.843446721,17.11,0,0,195,4,40
348.921166954,17.11,0,0,195,4,40
348.998142115,17.11,0,0,195,4,40
349.075702555,17.11,0,0,195,4,40
349.153862823,17.11,0,0,195,4,40
349.231114257,17.11,0,0,195,4,40
349.308186903,17.11,0,0,195,4,40
349.385112991,17.11,0,0,195,4,40
349.463770992,17.11,0,0,195,4,40
349.541224019,17.06,0,0,195,4,40
349.618570704,17.06,0,0,195,4,40
349.695772364,17.06,0,0,195,4,40
349.772924260,17.06,0,0,195,4,40
349.849706986,17.06,0,0,195,4,40
349.926573811,17.06,0,0,195,4,40
350.003535096,17.06,0,0,195,4,40
350.080470531,17.06,0,0,195,4,40
350.157063247,17.06,0,0,195,4,40
350.233974798,17.06,0,0,195,4,40
350.312558558,17.06,0,0,195,4,40
350.389284106,17.06,0,0,195,4,40
350.466846500,17.06,0,0,195,4,40
350.543005995,17.10,0,0,195,4,40
350.620386765,17.10,0,0,195,4,40
350.697417351,17.10,0,0,195,4,40
350.773989989,17.10,0,0,195,4,40
350.851437004,17.10,0,0,195,4,40
350.928042083,17.10,0,0,195,4,40
351.005643031,17.10,0,0,195,4,40
351.082823240,17.10,0,0,195,4,40
351.160437463,17.10,0,0,195,4,40
351.237471726,17.10,0,0,195,4,40
351.315727274,17.10,0,0,195,4,40
351.393428481,17.10,0,0,195,4,40
351.470899432,17.10,0,0,195,4,40
351.548615277,17.11,0,0,195,4,40
351.625777663,17.11,0,0,195,4,40
351.703087509,17.11,0,0,195,4,40
351.780694007,17.11,0,0,195,4,40
351.858297228,17.11,0,0,195,4,40
351.935373461,17.11,0,0,195,4,40
352.012895619,17.11,0,0,195,4,40
352.090751229,17.11,0,0,195,4,40
352.168715505,17.11,0,0,195,4,40
352.246186195,17.11,0,0,195,4,40
352.323593336,17.11,0,0,195,4,40
352.400750572,17.11,0,0,195,4,40
352.477986898,17.11,0,0,195,4,40
352.555707442,17.10,0,0,195,4,40
352.633258354,17.10,0,0,195,4,40
352.710349836,17.10,0,0,195,4,40
352.787347831,17.10,0,0,195,4,40
352.864994414,17.10,0,0,195,4,40
352.942567319,17.10,0,0,195,4,40
353.019907532,17.10,0,0,195,4,40
353.098228053,17.10,0,0,195,4,40
353.175644330,17.10,0,0,195,4,40
353.253196045,17.10,0,0,195,4,40
353.331201609,17.10,0,0,195,4,40
353.408884452,17.10,0,0,195,4,40
353.488386533,17.10,0,0,195,4,40
353.565891849,16.74,0,0,195,4,40
353.643111183,16.74,0,0,195,4,40
353.720835685,16.74,0,0,195,4,40
353.798085427,16.74,0,0,195,4,40
353.875294672,16.74,0,0,195,4,40
353.953249941,16.74,0,0,195,4,40
354.030248276,16.74,0,0,195,4,40
354.107738153,16.74,0,0,195,4,40
354.185102301,16.74,0,0,195,4,40
354.262888580,16.74,0,0,195,4,40
354.340160123,16.74,0,0,195,4,40
354.417657755,16.74,0,0,195,4,40
354.494680757,16.84,0,0,195,4,39
354.572769088,16.84,0,0,195,4,39
354.650047955,16.84,0,0,195,4,39
354.727400862,16.84,0,0,195,4,39
354.804919113,16.84,0,0,195,4,39
354.883782594,16.84,0,0,195,4,39
354.960944379,16.84,0,0,195,4,39
355.038418025,16.84,0,0,195,4,39
355.115907361,16.84,0,0,195,4,39
355.193040462,16.84,0,0,195,4,39
355.269959527,16.84,0,0,195,4,39
355.347333504,16.84,0,0,195,4,39
355.424992682,16.84,0,0,195,4,39
355.502286477,16.99,0,0,195,4,39
355.579801552,16.99,0,0,195,4,39
355.657291429,16.99,0,0,195,4,39
355.733901238,16.99,0,0,195,4,39
355.810921204,16.99,0,0,195,4,39
355.887868232,16.99,0,0,195,4,39
355.964788249,16.99,0,0,195,4,39
356.042244041,16.99,0,0,195,4,39
356.119671590,16.99,0,0,195,4,39
356.196916453,16.99,0,0,195,4,39
356.273510021,16.99,0,0,195,4,39
356.351173186,16.99,0,0,195,4,39
356.427061968,16.99,0,0,195,4,39
356.503145509,16.97,0,0,195,4,39
356.580757989,16.97,0,0,195,4,39
356.657369291,16.97,0,0,195,4,39
356.734375902,16.97,0,0,195,4,39
356.811672723,16.97,0,0,195,4,39
356.888189625,16.97,0,0,195,4,39
356.965802245,16.97,0,0,195,4,39
357.043234443,16.97,0,0,195,4,39
357.122306930,16.97,0,0,195,4,39
357.200334778,16.97,0,0,195,4,39
357.277832790,16.97,0,0,195,4,39
357.356093438,16.97,0,0,195,4,39
357.434303791,16.97,0,0,195,4,39
357.511763561,17.01,0,0,195,4,39
357.589470219,17.01,0,0,195,4,39
357.667038765,17.01,0,0,195,4,39
357.744854310,17.01,0,0,195,4,39
357.822803007,17.01,0,0,195,4,39
357.900055805,17.01,0,0,195,4,39
357.977110888,17.01,0,0,195,4,39
358.054477581,17.01,0,0,195,4,39
358.132343331,17.01,0,0,195,4,39
358.209626566,17.01,0,0,195,4,39
358.287349765,17.01,0,0,195,4,39
358.365126617,17.01,0,0,195,4,39
358.443272187,17.01,0,0,195,4,39
358.521499362,16.97,0,0,195,4,39
358.598533215,16.97,0,0,195,4,39
358.676031178,16.97,0,0,195,4,39
358.753428920,16.97,0,0,195,4,39
358.830993860,16.97,0,0,195,4,39
358.908525205,16.97,0,0,195,4,39
358.986899670,16.97,0,0,195,4,39
359.064864578,16.97,0,0,195,4,39
359.142370064,16.97,0,0,195,4,39
359.219140578,16.97,0,0,195,4,39
359.296123635,16.97,0,0,195,4,39
359.373323673,16.97,0,0,195,4,39
359.450543999,16.97,0,0,195,4,39
359.528295682,16.97,0,0,195,4,39
359.605641447,16.97,0,0,195,4,39
359.683459366,16.97,0,0,195,4,39
359.761135877,16.97,0,0,195,4,39
359.839845677,16.97,0,0,195,4,39
359.918101737,16.97,0,0,195,4,39
359.995499299,16.97,0,0,195,4,39
360.073154670,16.97,0,0,195,4,39
360.150132207,16.97,0,0,195,4,39
360.227258295,16.97,0,0,195,4,39
360.304651338,16.97,0,0,195,4,39
360.384423302,16.97,0,0,195,4,39
360.462580895,16.97,0,0,195,4,39
360.540032560,17.00,0,0,195,4,39
360.617617648,17.00,0,0,195,4,39
360.695308386,17.00,0,0,195,4,39
360.771823696,17.00,0,0,195,4,39
360.849157658,17.00,0,0,195,4,39
360.926299065,17.00,0,0,195,4,39
361.003985174,17.00,0,0,195,4,39
361.081063371,17.00,0,0,195,4,39
361.158902370,17.00,0,0,195,4,39
361.236408158,17.00,0,0,195,4,39
361.314142008,17.00,0,0,195,4,39
361.391550982,17.00,0,0,195,4,39
361.469327473,17.00,0,0,195,4,39
361.546956424,16.97,0,0,195,4,39
361.623948447,16.97,0,0,195,4,39
361.701258704,16.97,0,0,195,4,39
361.778347451,16.97,0,0,195,4,39
361.856301338,16.97,0,0,195,4,39
361.933514291,16.97,0,0,195,4,39
362.010946349,16.97,0,0,195,4,39
362.087272229,16.97,0,0,195,4,39
362.164255867,16.97,0,0,195,4,39
362.240701094,16.97,0,0,195,4,39
362.317468031,16.97,0,0,195,4,39
362.394811171,16.97,0,0,195,4,39
362.472129473,16.97,0,0,195,4,39
362.549117168,16.92,0,0,195,4,39
362.626283413,16.92,0,0,195,4,39
362.703200264,16.92,0,0,195,4,39
362.780240829,16.92,0,0,195,4,39
362.857485272,16.92,0,0,195,4,39
362.936757167,16.92,0,0,195,4,39
363.016110678,16.92,0,0,195,4,39
363.094331852,16.92,0,0,195,4,39
363.171905438,16.92,0,0,195,4,39
363.249381870,16.92,0,0,195,4,39
363.326773682,16.92,0,0,195,4,39
363.404483536,16.92,0,0,195,4,39
363.481817578,16.92,0,0,195,4,39
363.559231913,16.91,0,0,195,4,39
363.636544444,16.91,0,0,195,4,39
363.713901600,16.91,0,0,195,4,39
363.791229911,16.91,0,0,195,4,39
363.868671327,16.91,0,0,195,4,39
363.947933845,16.91,0,0,195,4,39
364.025830735,16.91,0,0,195,4,39
364.103021876,16.91,0,0,195,4,39
364.180454545,16.91,0,0,195,4,39
364.258713811,16.91,0,0,195,4,39
364.336483600,16.91,0,0,195,4,39
364.414735742,16.91,0,0,195,4,39
364.493855259,16.83,0,0,195,4,39
364.571045679,16.83,0,0,195,4,39
364.648759341,16.83,0,0,195,4,39
364.725971723,16.83,0,0,195,4,39
364.803923646,16.83,0,0,195,4,39
364.880722574,16.83,0,0,195,4,39
364.957885201,16.83,0,0,195,4,39
365.037612921,16.83,0,0,195,4,39
365.116059422,16.83,0,0,195,4,39
365.194265467,16.83,0,0,195,4,39
365.272320637,16.83,0,0,195,4,39
365.349524613,16.83,0,0,195,4,39
365.427868980,16.83,0,0,195,4,39
365.505393033,17.44,0,0,195,4,39
365.582237547,17.44,0,0,195,4,39
365.659805984,17.44,0,0,195,4,39
365.737607372,17.44,0,0,195,4,39
365.815232486,17.44,0,0,195,4,39
365.892947390,17.44,0,0,195,4,39
365.970297934,17.44,0,0,195,4,39
366.048673360,17.44,0,0,195,4,39
366.126137469,17.44,0,0,195,4,39
366.203685898,17.44,0,0,195,4,39
366.281173802,17.44,0,0,195,4,39
366.358611741,17.44,0,0,195,4,39
366.436280638,17.44,0,0,195,4,39
366.514659852,17.03,0,0,195,4,39
366.592078795,17.03,0,0,195,4,39
366.670008066,17.03,0,0,195,4,39
366.747715286,17.03,0,0,195,4,39
366.825597838,17.03,0,0,195,4,39
366.903193957,17.03,0,0,195,4,39
366.980860079,17.03,0,0,195,4,39
367.058471488,17.03,0,0,195,4,39
367.136111380,17.03,0,0,195,4,39
367.213729841,17.03,0,0,195,4,39
367.291080355,17.03,0,0,195,4,39
367.368329867,17.03,0,0,195,4,39
367.445872625,17.03,0,0,195,4,39
367.522138222,17.02,0,0,195,4,39
367.599725415,17.02,0,0,195,4,39
367.677305503,17.02,0,0,195,4,39
367.755678525,17.02,0,0,195,4,39
367.832130566,17.02,0,0,195,4,39
367.908835526,17.02,0,0,195,4,39
367.985519907,17.02,0,0,195,4,39
368.062106973,17.02,0,0,195,4,39
368.138786515,17.02,0,0,195,4,39
368.216345454,17.02,0,0,195,4,39
368.292805750,17.02,0,0,195,4,39
368.369832229,17.02,0,0,195,4,39
368.446281835,17.02,0,0,195,4,39
368.523316640,17.03,0,0,195,4,39
368.600145756,17.03,0,0,195,4,39
368.676697816,17.03,0,0,195,4,39
368.754011149,17.03,0,0,195,4,39
368.830894767,17.03,0,0,195,4,39
368.908098032,17.03,0,0,195,4,39
368.985311666,17.03,0,0,195,4,39
369.062904188,17.03,0,0,195,4,39
369.140089840,17.03,0,0,195,4,39
369.217755972,17.03,0,0,195,4,39
369.295170126,17.03,0,0,195,4,39
369.372477809,17.03,0,0,195,4,39
369.450076503,17.03,0,0,195,4,39
369.527230194,16.99,0,0,195,4,39
369.604450731,16.99,0,0,195,4,39
369.681385066,16.99,0,0,195,4,39
369.758724629,16.99,0,0,195,4,39
369.835997566,16.99,0,0,195,4,39
369.912800391,16.99,0,0,195,4,39
369.991371850,16.99,0,0,195,4,39
370.068951718,16.99,0,0,195,4,39
370.146080201,16.99,0,0,195,4,39
370.223543489,16.99,0,0,195,4,39
370.300803902,16.99,0,0,195,4,39
370.378121403,16.99,0,0,195,4,39
370.455767057,16.99,0,0,195,4,39
370.533858635,16.92,0,0,195,4,39
370.611566617,16.92,0,0,195,4,39
370.689619663,16.92,0,0,195,4,39
370.766884604,16.92,0,0,195,4,39
370.844219488,16.92,0,0,195,4,39
370.921646427,16.92,0,0,195,4,39
370.999289606,16.92,0,0,195,4,39
371.076812095,16.92,0,0,195,4,39
371.154894377,16.92,0,0,195,4,39
371.232256122,16.92,0,0,195,4,39
371.309861779,16.92,0,0,195,4,39
371.387423444,16.92,0,0,195,4,39
371.465129051,16.92,0,0,195,4,39
371.542725240,16.92,0,0,195,4,39
371.619868982,16.92,0,0,195,4,39
371.697081254,16.92,0,0,195,4,39
371.774359070,16.92,0,0,195,4,39
371.851875449,16.92,0,0,195,4,39
371.929089203,16.92,0,0,195,4,39
372.007049644,16.92,0,0,195,4,39
372.084194467,16.92,0,0,195,4,39
372.161735292,16.92,0,0,195,4,39
372.239085396,16.92,0,0,195,4,39
372.316402096,16.92,0,0,195,4,39
372.393541550,16.92,0,0,195,4,39
372.471331967,16.92,0,0,195,4,39
372.548978803,17.04,0,0,195,4,39
372.626095724,17.04,0,0,195,4,39
372.703197447,17.04,0,0,195,4,39
372.780824104,17.04,0,0,195,4,39
372.858913679,17.04,0,0,195,4,39
372.935802508,17.04,0,0,195,4,39
373.013913995,17.04,0,0,195,4,39
373.091561512,17.04,0,0,195,4,39
373.168857913,17.04,0,0,195,4,39
373.246468099,17.04,0,0,195,4,39
373.323416421,17.04,0,0,195,4,39
373.400024518,17.04,0,0,195,4,39
373.477725526,17.04,0,0,195,4,39
373.555117889,16.93,0,0,195,4,39
373.632729949,16.93,0,0,195,4,39
373.710049475,16.93,0,0,195,4,39
373.787056427,16.93,0,0,195,4,39
373.864191723,16.93,0,0,195,4,39
373.941611118,16.93,0,0,195,4,39
374.018447548,16.93,0,0,195,4,39
374.095834080,16.93,0,0,195,4,39
374.172822568,16.93,0,0,195,4,39
374.248756907,16.93,0,0,195,4,39
374.326265110,16.93,0,0,195,4,39
374.402482406,16.93,0,0,195,4,39
374.478480877,16.93,0,0,195,4,39
374.555277080,16.68,0,0,195,4,39
374.632443115,16.68,0,0,195,4,39
374.709683049,16.68,0,0,195,4,39
374.787095852,16.68,0,0,195,4,39
374.864714584,16.68,0,0,195,4,39
374.942106066,16.68,0,0,195,4,39
375.020264862,16.68,0,0,195,4,39
375.098312498,16.68,0,0,195,4,39
375.176148242,16.68,0,0,195,4,39
375.253364452,16.68,0,0,195,4,39
375.330756936,16.68,0,0,195,4,39
375.408517828,16.68,0,0,195,4,39
375.485796716,16.68,0,0,195,4,39
375.562882699,16.83,0,0,195,4,39
375.640297685,16.83,0,0,195,4,39
375.717312293,16.83,0,0,195,4,39
375.795551702,16.83,0,0,195,4,39
375.873556697,16.83,0,0,195,4,39
375.951239421,16.83,0,0,195,4,39
376.028894763,16.83,0,0,195,4,39
376.106558040,16.83,0,0,195,4,39
376.184005218,16.83,0,0,195,4,39
376.261023662,16.83,0,0,195,4,39
376.339088421,16.83,0,0,195,4,39
376.416674652,16.83,0,0,195,4,39
376.496110800,16.83,0,0,195,4,39
376.573356185,16.82,0,0,195,4,39
376.651338426,16.82,0,0,195,4,39
376.728552863,16.82,0,0,195,4,39
376.805656589,16.82,0,0,195,4,39
376.883018275,16.82,0,0,195,4,39
376.960031219,16.82,0,0,195,4,39
377.037785899,16.82,0,0,195,4,39
377.114813091,16.82,0,0,195,4,39
377.192140501,16.82,0,0,195,4,39
377.269382921,16.82,0,0,195,4,39
377.346903798,16.82,0,0,195,4,39
377.424701670,16.82,0,0,195,4,39
377.502148287,17.27,0,0,195,4,39
377.579226525,17.27,0,0,195,4,39
377.656347875,17.27,0,0,195,4,39
377.733939026,17.27,0,0,195,4,39
377.810879002,17.27,0,0,195,4,39
377.887824618,17.27,0,0,195,4,39
377.965211792,17.27,0,0,195,4,39
378.044299480,17.27,0,0,195,4,39
378.121728814,17.27,0,0,195,4,39
378.199217711,17.27,0,0,195,4,39
378.277781876,17.27,0,0,195,4,39
378.355446185,17.27,0,0,195,4,39
378.432966952,17.27,0,0,195,4,39
378.511078309,17.07,0,0,195,4,39
378.588203145,17.07,0,0,195,4,39
378.665216801,17.07,0,0,195,4,39
378.742788294,17.07,0,0,195,4,39
378.820017679,17.07,0,0,195,4,39
378.897081520,17.07,0,0,195,4,39
378.974532996,17.07,0,0,195,4,39
379.051997507,17.07,0,0,195,4,39
379.129211953,17.07,0,0,195,4,39
379.207455721,17.07,0,0,195,4,39
379.284511216,17.07,0,0,195,4,39
379.361932745,17.07,0,0,195,4,39
379.440640613,17.07,0,0,195,4,39
379.517748307,17.15,0,0,195,4,39
379.595948803,17.15,0,0,195,4,39
379.673298195,17.15,0,0,195,4,39
379.750410197,17.15,0,0,195,4,39
379.827739231,17.15,0,0,195,4,39
379.904677885,17.15,0,0,195,4,39
379.980842140,17.15,0,0,195,4,39
380.057721522,17.15,0,0,195,4,39
380.134327505,17.15,0,0,195,4,39
380.211917654,17.15,0,0,195,4,39
380.288996213,17.15,0,0,195,4,39
380.365774803,17.15,0,0,195,4,39
380.442760476,17.15,0,0,195,4,39
380.519859043,17.25,0,0,195,4,39
380.596881576,17.25,0,0,195,4,39
380.674112714,17.25,0,0,195,4,39
380.751542919,17.25,0,0,195,4,39
380.829134220,17.25,0,0,195,4,39
380.907094250,17.25,0,0,195,4,39
380.984889828,17.25,0,0,195,4,39
381.062416928,17.25,0,0,195,4,39
381.139644219,17.25,0,0,195,4,39
381.217338174,17.25,0,0,195,4,39
381.294878278,17.25,0,0,195,4,39
381.372292915,17.25,0,0,195,4,39
381.451273138,17.25,0,0,195,4,39
381.529232958,17.01,0,0,195,4,39
381.607636780,17.01,0,0,195,4,39
381.685062997,17.01,0,0,195,4,39
381.762387683,17.01,0,0,195,4,39
381.840904990,17.01,0,0,195,4,39
381.918335346,17.01,0,0,195,4,39
381.997479511,17.01,0,0,195,4,39
382.074652198,17.01,0,0,195,4,39
382.152489405,17.01,0,0,195,4,39
382.229765839,17.01,0,0,195,4,39
382.307078081,17.01,0,0,195,4,39
382.385037049,17.01,0,0,195,4,39
382.462478657,17.01,0,0,195,4,39
382.540215183,16.78,0,0,195,4,39
382.617465959,16.78,0,0,195,4,39
382.695333283,16.78,0,0,195,4,39
382.772700760,16.78,0,0,195,4,39
382.851574823,16.78,0,0,195,4,39
382.928991303,16.78,0,0,195,4,39
383.006537688,16.78,0,0,195,4,39
383.083865430,16.78,0,0,195,4,39
383.160948658,16.78,0,0,195,4,39
383.238675426,16.78,0,0,195,4,39
383.316359744,16.78,0,0,195,4,39
383.394167495,16.78,0,0,195,4,39
383.471837676,16.78,0,0,195,4,39
383.549113930,16.86,0,0,195,4,39
383.626578671,16.86,0,0,195,4,39
383.703870324,16.86,0,0,195,4,39
383.781430246,16.86,0,0,195,4,39
383.859206257,16.86,0,0,195,4,39
383.936412599,16.86,0,0,195,4,39
384.014799739,16.86,0,0,195,4,39
384.092066655,16.86,0,0,195,4,39
384.168951818,16.86,0,0,195,4,39
384.246745663,16.86,0,0,195,4,39
384.324094575,16.86,0,0,195,4,39
384.402895629,16.86,0,0,195,4,39
384.480987479,16.86,0,0,195,4,39
384.558780783,16.91,0,0,195,4,39
384.636066315,16.91,0,0,195,4,39
384.713511579,16.91,0,0,195,4,39
384.791351121,16.91,0,0,195,4,39
384.868706385,16.91,0,0,195,4,39
384.946424617,16.91,0,0,195,4,39
385.024048310,16.91,0,0,195,4,39
385.101272194,16.91,0,0,195,4,39
385.179123669,16.91,0,0,195,4,39
385.256208109,16.91,0,0,195,4,39
385.334091374,16.91,0,0,195,4,39
385.411263691,16.91,0,0,195,4,39
385.488925686,16.91,0,0,195,4,39
385.566316728,16.77,0,0,195,4,39
385.643920723,16.77,0,0,195,4,39
385.721877047,16.77,0,0,195,4,39
385.798101978,16.77,0,0,195,4,39
385.874736315,16.77,0,0,195,4,39
385.951375001,16.77,0,0,195,4,39
386.028268940,16.77,0,0,195,4,39
386.105745003,16.77,0,0,195,4,39
386.182396462,16.77,0,0,195,4,39
386.258951900,16.77,0,0,195,4,39
386.335134601,16.77,0,0,195,4,39
386.411743360,16.77,0,0,195,4,39
386.488983476,16.77,0,0,195,4,39
386.566140794,16.89,0,0,195,4,39
386.643301369,16.89,0,0,195,4,39
386.720691770,16.89,0,0,195,4,39
386.797792471,16.89,0,0,195,4,39
386.875049539,16.89,0,0,195,4,39
386.952558153,16.89,0,0,195,4,39
387.029999621,16.89,0,0,195,4,39
387.107330909,16.89,0,0,195,4,39
387.184835156,16.89,0,0,195,4,39
387.262364940,16.89,0,0,195,4,39
387.339746544,16.89,0,0,195,4,39
387.416829853,16.89,0,0,195,4,39
387.495019749,16.89,0,0,195,4,39
387.572756907,17.07,0,0,195,4,39
387.649885060,17.07,0,0,195,4,39
387.727688995,17.07,0,0,195,4,39
387.805130783,17.07,0,0,195,4,39
387.882659366,17.07,0,0,195,4,39
387.960177729,17.07,0,0,195,4,39
388.037954121,17.07,0,0,195,4,39
388.114897183,17.07,0,0,195,4,39
388.192617680,17.07,0,0,195,4,39
388.270043157,17.07,0,0,195,4,39
388.347931662,17.07,0,0,195,4,39
388.426179568,17.07,0,0,195,4,39
388.503550292,17.06,0,0,195,4,39
388.581149488,17.06,0,0,195,4,39
388.659036520,17.06,0,0,195,4,39
388.736739904,17.06,0,0,195,4,39
388.813540787,17.06,0,0,195,4,39
388.890833272,17.06,0,0,195,4,39
388.968092545,17.06,0,0,195,4,39
389.045294828,17.06,0,0,195,4,39
389.122561455,17.06,0,0,195,4,39
389.199998373,17.06,0,0,195,4,39
389.277217510,17.06,0,0,195,4,39
389.355398138,17.06,0,0,195,4,39
389.432932262,17.06,0,0,195,4,39
389.511202651,17.02,0,0,195,4,39
389.588364879,17.02,0,0,195,4,39
389.665562193,17.02,0,0,195,4,39
389.742833839,17.02,0,0,195,4,39
389.820435550,17.02,0,0,195,4,39
389.897571989,17.02,0,0,195,4,39
389.974628267,17.02,0,0,195,4,39
390.051898760,17.02,0,0,195,4,39
390.129263562,17.02,0,0,195,4,39
390.206763250,17.02,0,0,195,4,39
390.284637228,17.02,0,0,195,4,39
390.361928411,17.02,0,0,195,4,39
390.439659337,17.02,0,0,195,4,39
390.516939709,17.01,0,0,195,4,39
390.594500222,17.01,0,0,195,4,39
390.672152179,17.01,0,0,195,4,39
390.750162214,17.01,0,0,195,4,39
390.828130992,17.01,0,0,195,4,39
390.905783970,17.01,0,0,195,4,39
390.982954254,17.01,0,0,195,4,39
391.060592033,17.01,0,0,195,4,39
391.137418746,17.01,0,0,195,4,39
391.214759903,17.01,0,0,195,4,39
391.291859974,17.01,0,0,195,4,39
391.370584774,17.01,0,0,195,4,39
391.448124508,17.01,0,0,195,4,39
391.525972426,16.94,0,0,195,4,39
391.602973429,16.94,0,0,195,4,39
391.679232856,16.94,0,0,195,4,39
391.756061391,16.94,0,0,195,4,39
391.832931816,16.94,0,0,195,4,39
391.910688331,16.94,0,0,195,4,39
391.987209053,16.94,0,0,195,4,39
392.064118242,16.94,0,0,195,4,39
392.144985905,16.94,0,0,195,4,39
392.238155930,16.94,0,0,195,4,39
392.315042345,16.94,0,0,195,4,39
392.391831346,16.94,0,0,195,4,39
392.469476690,16.94,0,0,195,4,39
392.546276592,17.26,0,0,195,4,39
392.623777723,17.26,0,0,195,4,39
392.701800272,17.26,0,0,195,4,39
392.779421110,17.26,0,0,195,4,39
392.857600266,17.26,0,0,195,4,39
392.935280937,17.26,0,0,195,4,39
393.012963702,17.26,0,0,195,4,39
393.090124568,17.26,0,0,195,4,39
393.168099928,17.26,0,0,195,4,39
393.245703153,17.26,0,0,195,4,39
393.323477381,17.26,0,0,195,4,39
393.400873162,17.26,0,0,195,4,39
393.478561248,17.26,0,0,195,4,39
393.556302403,17.45,0,0,195,4,39
393.633530948,17.45,0,0,195,4,39
393.710800279,17.45,0,0,195,4,39
393.788259441,17.45,0,0,195,4,39
393.865401621,17.45,0,0,195,4,39
393.943967500,17.45,0,0,195,4,39
394.021202487,17.45,0,0,195,4,39
394.098453113,17.45,0,0,195,4,39
394.175850207,17.45,0,0,195,4,39
394.252999881,17.45,0,0,195,4,39
394.330388569,17.45,0,0,195,4,39
394.407537993,17.45,0,0,195,4,39
394.485957495,17.45,0,0,195,4,39
394.563604302,16.69,0,0,195,4,39
394.640948626,16.69,0,0,195,4,39
394.717823941,16.69,0,0,195,4,39
394.795198682,16.69,0,0,195,4,39
394.872431314,16.69,0,0,195,4,39
394.950449004,16.69,0,0,195,4,39
395.027836229,16.69,0,0,195,4,39
395.105277166,16.69,0,0,195,4,39
395.183076472,16.69,0,0,195,4,39
395.260271673,16.69,0,0,195,4,39
395.337950601,16.69,0,0,195,4,39
395.416089652,16.69,0,0,195,4,39
395.494161224,16.69,0,0,195,4,39
395.571669589,16.82,0,0,195,4,39
395.648938520,16.82,0,0,195,4,39
395.726348869,16.82,0,0,195,4,39
395.803917668,16.82,0,0,195,4,39
395.881728817,16.82,0,0,195,4,39
395.959890711,16.82,0,0,195,4,39
396.037456274,16.82,0,0,195,4,39
396.114877413,16.82,0,0,195,4,39
396.192454188,16.82,0,0,195,4,39
396.269953205,16.82,0,0,195,4,39
396.347156171,16.82,0,0,195,4,39
396.424437375,16.82,0,0,195,4,39
396.503459009,16.82,0,0,195,4,39
396.580543620,16.83,0,0,195,4,39
396.657649351,16.83,0,0,195,4,39
396.734734183,16.83,0,0,195,4,39
396.812366183,16.83,0,0,195,4,39
396.889535374,16.83,0,0,195,4,39
396.967105446,16.83,0,0,195,4,39
397.044681970,16.83,0,0,195,4,39
397.122332595,16.83,0,0,195,4,39
397.200009068,16.83,0,0,195,4,39
397.277374773,16.83,0,0,195,4,39
397.354796363,16.83,0,0,195,4,39
397.431962489,16.83,0,0,195,4,39
397.508302629,16.88,0,0,195,4,39
397.585517297,16.88,0,0,195,4,39
397.662383164,16.88,0,0,195,4,39
397.739022542,16.88,0,0,195,4,39
397.815501615,16.88,0,0,195,4,39
397.891280111,16.88,0,0,195,4,39
397.967127747,16.88,0,0,195,4,39
398.043629865,16.88,0,0,195,4,39
398.121287352,16.88,0,0,195,4,39
398.198149512,16.88,0,0,195,4,39
398.275670852,16.88,0,0,195,4,39
398.353059189,16.88,0,0,195,4,39
398.430710695,16.88,0,0,195,4,39
398.508073394,16.83,0,0,195,4,39
398.585587029,16.83,0,0,195,4,39
398.662891548,16.83,0,0,195,4,39
398.740260208,16.83,0,0,195,4,39
398.818001093,16.83,0,0,195,4,39
398.895392627,16.83,0,0,195,4,39
398.972960214,16.83,0,0,195,4,39
399.050418634,16.83,0,0,195,4,39
399.128869236,16.83,0,0,195,4,39
399.206378592,16.83,0,0,195,4,39
399.283509893,16.83,0,0,195,4,39
399.361111504,16.83,0,0,195,4,39
399.439600929,16.83,0,0,195,4,39
399.517096430,16.80,0,0,195,4,39
399.594159040,16.80,0,0,195,4,39
399.671957675,16.80,0,0,195,4,39
399.751415847,16.80,0,0,195,4,39
399.829143297,16.80,0,0,195,4,39
399.906715533,16.80,0,0,195,4,39
399.984116785,16.80,0,0,195,4,39
400.061578542,16.80,0,0,195,4,39
400.139453612,16.80,0,0,195,4,39
400.218351832,16.80,0,0,195,4,39
400.296768579,16.80,0,0,195,4,39
400.373887676,16.80,0,0,195,4,39
400.452310635,16.80,0,0,195,4,39
400.529207621,17.05,0,0,195,4,39
400.606254191,17.05,0,0,195,4,39
400.683633341,17.05,0,0,195,4,39
400.762752399,17.05,0,0,195,4,39
400.840426359,17.05,0,0,195,4,39
400.918012010,17.05,0,0,195,4,39
400.996361540,17.05,0,0,195,4,39
401.074035879,17.05,0,0,195,4,39
401.151911541,17.05,0,0,195,4,39
401.229734532,17.05,0,0,195,4,39
401.307215465,17.05,0,0,195,4,39
401.384794865,17.05,0,0,195,4,39
401.462852271,17.05,0,0,195,4,39
401.540642681,17.00,0,0,195,4,39
401.618059673,17.00,0,0,195,4,39
401.695617261,17.00,0,0,195,4,39
401.773758005,17.00,0,0,195,4,39
401.851056963,17.00,0,0,195,4,39
401.928770868,17.00,0,0,195,4,39
402.008027357,17.00,0,0,195,4,39
402.085313251,17.00,0,0,195,4,39
402.163143245,17.00,0,0,195,4,39
402.240476439,17.00,0,0,195,4,39
402.318227564,17.00,0,0,195,4,39
402.395241051,17.00,0,0,195,4,39
402.472718858,17.00,0,0,195,4,39
402.550326572,16.99,0,0,195,4,39
402.627642272,16.99,0,0,195,4,39
402.704963342,16.99,0,0,195,4,39
402.782307646,16.99,0,0,195,4,39
402.859932211,16.99,0,0,195,4,39
402.936953894,16.99,0,0,195,4,39
403.014483329,16.99,0,0,195,4,39
403.091233407,16.99,0,0,195,4,39
403.168431043,16.99,0,0,195,4,39
403.246481235,16.99,0,0,195,4,39
403.324610087,16.99,0,0,195,4,39
403.401932149,16.99,0,0,195,4,39
403.478528425,16.99,0,0,195,4,39
403.555129300,16.98,0,0,195,4,39
403.631583006,16.98,0,0,195,4,39
403.707030885,16.98,0,0,195,4,39
403.783371777,16.98,0,0,195,4,39
403.859820323,16.98,0,0,195,4,39
403.936262647,16.98,0,0,195,4,39
404.012888820,16.98,0,0,195,4,39
404.090512734,16.98,0,0,195,4,39
404.167715210,16.98,0,0,195,4,39
404.244894591,16.98,0,0,195,4,39
404.322377228,16.98,0,0,195,4,39
404.399927723,16.98,0,0,195,4,39
404.477134787,16.98,0,0,195,4,39
404.555049423,16.86,0,0,195,4,39
404.632163059,16.86,0,0,195,4,39
404.708936582,16.86,0,0,195,4,39
404.786420781,16.86,0,0,195,4,39
404.863925940,16.86,0,0,195,4,39
404.941755575,16.86,0,0,195,4,39
405.019410428,16.86,0,0,195,4,39
405.096568289,16.86,0,0,195,4,39
405.173910018,16.86,0,0,195,4,39
405.251632610,16.86,0,0,195,4,39
405.329040585,16.86,0,0,195,4,39
405.407169075,16.86,0,0,195,4,39
405.484834328,16.86,0,0,195,4,39
405.562086919,16.61,0,0,195,4,39
405.641416367,16.61,0,0,195,4,39
405.719528176,16.61,0,0,195,4,39
405.797180134,16.61,0,0,195,4,39
405.874059807,16.61,0,0,195,4,39
405.951705513,16.61,0,0,195,4,39
406.029123697,16.61,0,0,195,4,39
406.106745999,16.61,0,0,195,4,39
406.184425519,16.61,0,0,195,4,39
406.262266174,16.61,0,0,195,4,39
406.339816349,16.61,0,0,195,4,39
406.417218012,16.61,0,0,195,4,39
406.494353230,16.61,0,0,195,4,39
406.571928452,16.75,0,0,195,4,39
406.649524504,16.75,0,0,195,4,39
406.727626825,16.75,0,0,195,4,39
406.804897710,16.75,0,0,195,4,39
406.882728667,16.75,0,0,195,4,39
406.960912233,16.75,0,0,195,4,39
407.038519405,16.75,0,0,195,4,39
407.115716711,16.75,0,0,195,4,39
407.193266926,16.75,0,0,195,4,39
407.270293668,16.75,0,0,195,4,39
407.347911672,16.75,0,0,195,4,39
407.425946135,16.75,0,0,195,4,39
407.503336497,16.75,0,0,195,4,39
407.580950293,16.86,0,0,195,4,39
407.658309696,16.86,0,0,195,4,39
407.735841265,16.86,0,0,195,4,39
407.812929615,16.86,0,0,195,4,39
407.890226329,16.86,0,0,195,4,39
407.967597113,16.86,0,0,195,4,39
408.046068114,16.86,0,0,195,4,39
408.123442726,16.86,0,0,195,4,39
408.201142043,16.86,0,0,195,4,39
408.278560529,16.86,0,0,195,4,39
408.355613020,16.86,0,0,195,4,39
408.433264216,16.86,0,0,195,4,39
408.511256118,16.99,0,0,195,4,39
408.589164983,16.99,0,0,195,4,39
408.666489180,16.99,0,0,195,4,39
408.744051297,16.99,0,0,195,4,39
408.821180313,16.99,0,0,195,4,39
408.898642020,16.99,0,0,195,4,39
408.975799741,16.99,0,0,195,4,39
409.053358573,16.99,0,0,195,4,39
409.130517956,16.99,0,0,195,4,39
409.207846281,16.99,0,0,195,4,39
409.285234619,16.99,0,0,195,4,39
409.361945723,16.99,0,0,195,4,39
409.440296786,16.99,0,0,195,4,39
409.517977920,16.97,0,0,195,4,39
409.593989728,16.97,0,0,195,4,39
409.670581867,16.97,0,0,195,4,39
409.747839727,16.97,0,0,195,4,39
409.825838192,16.97,0,0,195,4,39
409.902268163,16.97,0,0,195,4,39
409.978863889,16.97,0,0,195,4,39
410.055945957,16.97,0,0,195,4,39
410.133624375,16.97,0,0,195,4,39
410.210761236,16.97,0,0,195,4,39
410.288000442,16.97,0,0,195,4,39
410.365000584,16.97,0,0,195,4,39
410.442035131,16.97,0,0,195,4,39
410.519800705,17.26,0,0,195,4,39
410.597184214,17.26,0,0,195,4,39
410.674652002,17.26,0,0,195,4,39
410.753524754,17.26,0,0,195,4,39
410.831042287,17.26,0,0,195,4,39
410.908751724,17.26,0,0,195,4,39
410.986393213,17.26,0,0,195,4,39
411.064275527,17.26,0,0,195,4,39
411.141320124,17.26,0,0,195,4,39
411.218976290,17.26,0,0,195,4,39
411.296792689,17.26,0,0,195,4,39
411.374094183,17.26,0,0,195,4,39
411.451313300,17.26,0,0,195,4,39
411.529483711,16.82,0,0,195,4,39
411.607006504,16.82,0,0,195,4,39
411.683688924,16.82,0,0,195,4,39
411.760978225,16.82,0,0,195,4,39
411.838195218,16.82,0,0,195,4,39
411.915277616,16.82,0,0,195,4,39
411.992552830,16.82,0,0,195,4,39
412.070563227,16.82,0,0,195,4,39
412.148004586,16.82,0,0,195,4,39
412.225834943,16.82,0,0,195,4,39
412.303846542,16.82,0,0,195,4,39
412.381379114,16.82,0,0,195,4,39
412.459204421,16.82,0,0,195,4,39
412.536640560,16.81,0,0,187,4,39
412.614269585,16.81,0,0,187,4,39
412.691689924,16.81,0,0,187,4,39
412.769052834,16.81,0,0,187,4,39
412.846080268,16.81,0,0,187,4,39
412.923313933,16.81,0,0,187,4,39
413.000700528,16.81,0,0,187,4,39
413.078224133,16.81,0,0,187,4,39
413.155810406,16.81,0,0,187,4,39
413.233092813,16.81,0,0,187,4,39
413.310638660,16.81,0,0,187,4,39
413.387872446,16.81,0,0,187,4,39
413.465319696,16.81,0,0,187,4,39
413.542613755,16.77,0,0,195,4,39
413.619684041,16.77,0,0,195,4,39
413.697672878,16.77,0,0,195,4,39
413.775656003,16.77,0,0,195,4,39
413.852933772,16.77,0,0,195,4,39
413.930639812,16.77,0,0,195,4,39
414.009985241,16.77,0,0,195,4,39
414.087603846,16.77,0,0,195,4,39
414.164881705,16.77,0,0,195,4,39
414.242173380,16.77,0,0,195,4,39
414.320251265,16.77,0,0,195,4,39
414.397952697,16.77,0,0,195,4,39
414.475620766,16.77,0,0,195,4,39
414.553030315,16.79,0,0,195,4,39
414.630452046,16.79,0,0,195,4,39
414.707808995,16.79,0,0,195,4,39
414.785015068,16.79,0,0,195,4,39
414.862257159,16.79,0,0,195,4,39
414.939950436,16.79,0,0,195,4,39
415.017141670,16.79,0,0,195,4,39
415.094314801,16.79,0,0,195,4,39
415.172309789,16.79,0,0,195,4,39
415.249913606,16.79,0,0,195,4,39
415.326800634,16.79,0,0,195,4,39
415.403813691,16.79,0,0,195,4,39
415.480329586,16.79,0,0,195,4,39
415.556289657,16.73,0,0,195,4,39
415.633182476,16.73,0,0,195,4,39
415.710593698,16.73,0,0,195,4,39
415.786859528,16.73,0,0,195,4,39
415.863800789,16.73,0,0,195,4,39
415.941436707,16.73,0,0,195,4,39
416.018945113,16.73,0,0,195,4,39
416.096162187,16.73,0,0,195,4,39
416.173698496,16.73,0,0,195,4,39
416.251011572,16.73,0,0,195,4,39
416.328452369,16.73,0,0,195,4,39
416.405388270,16.73,0,0,195,4,39
416.482973723,16.73,0,0,195,4,39
416.560804420,16.67,0,0,195,4,39
416.637827195,16.67,0,0,195,4,39
416.715451812,16.67,0,0,195,4,39
416.793501394,16.67,0,0,195,4,39
416.870975996,16.67,0,0,195,4,39
416.948270326,16.67,0,0,195,4,39
417.025702317,16.67,0,0,195,4,39
417.104276584,16.67,0,0,195,4,39
417.182429312,16.67,0,0,195,4,39
417.259458049,16.67,0,0,195,4,39
417.336897104,16.67,0,0,195,4,39
417.413926191,16.67,0,0,195,4,39
417.490889885,16.67,0,0,195,4,39
417.568433027,16.78,0,0,195,4,39
417.645622268,16.78,0,0,195,4,39
417.722974268,16.78,0,0,195,4,39
417.800280711,16.78,0,0,195,4,39
417.877414307,16.78,0,0,195,4,39
417.954602125,16.78,0,0,195,4,39
418.031974694,16.78,0,0,195,4,39
418.109864062,16.78,0,0,195,4,39
418.187196124,16.78,0,0,195,4,39
418.264257643,16.78,0,0,195,4,39
418.341295728,16.78,0,0,195,4,39
418.418343972,16.78,0,0,195,4,39
418.495470764,16.78,0,0,195,4,39
418.573256036,16.81,0,0,195,4,39
418.650263162,16.81,0,0,195,4,39
418.727858963,16.81,0,0,195,4,39
418.805332784,16.81,0,0,195,4,39
418.882526294,16.81,0,0,195,4,39
418.960522044,16.81,0,0,195,4,39
419.037863484,16.81,0,0,195,4,39
419.115129440,16.81,0,0,195,4,39
419.192064179,16.81,0,0,195,4,39
419.269011492,16.81,0,0,195,4,39
419.346247933,16.81,0,0,195,4,39
419.423350119,16.81,0,0,195,4,39
419.501414769,16.81,0,0,195,4,39
419.579059354,16.71,0,0,195,4,39
419.656046351,16.71,0,0,195,4,39
419.733570458,16.71,0,0,195,4,39
419.810348740,16.71,0,0,195,4,39
419.887622912,16.71,0,0,195,4,39
419.964840196,16.71,0,0,195,4,39
420.042165696,16.71,0,0,195,4,39
420.119294863,16.71,0,0,195,4,39
420.195919344,16.71,0,0,195,4,39
420.273562887,16.71,0,0,195,4,39
420.350508546,16.71,0,0,195,4,39
420.428131429,16.71,0,0,195,4,39
420.505576516,16.71,0,0,195,4,39
420.582685074,16.71,0,0,195,4,39
420.660759273,16.71,0,0,195,4,39
420.738645806,16.71,0,0,195,4,39
420.816241198,16.71,0,0,195,4,39
420.893185495,16.71,0,0,195,4,39
420.970591246,16.71,0,0,195,4,39
421.048586005,16.71,0,0,195,4,39
421.125671499,16.71,0,0,195,4,39
421.202838569,16.71,0,0,195,4,39
421.278916584,16.71,0,0,195,4,39
421.355866842,16.71,0,0,195,4,39
421.433296198,16.71,0,0,195,4,39
421.512347109,16.71,0,0,195,4,39
421.589529688,16.78,0,0,195,4,39
421.665768487,16.78,0,0,195,4,39
421.741885195,16.78,0,0,195,4,39
421.818534112,16.78,0,0,195,4,39
421.895046671,16.78,0,0,195,4,39
421.972727274,16.78,0,0,195,4,39
422.049931504,16.78,0,0,195,4,39
422.127676950,16.78,0,0,195,4,39
422.205372381,16.78,0,0,195,4,39
422.283725618,16.78,0,0,195,4,39
422.360791977,16.78,0,0,195,4,39
422.438222105,16.78,0,0,195,4,39
422.516082048,17.06,0,0,195,4,39
422.592937256,17.06,0,0,195,4,39
422.670868574,17.06,0,0,195,4,39
422.748313190,17.06,0,0,195,4,39
422.825628220,17.06,0,0,195,4,39
422.902910978,17.06,0,0,195,4,39
422.980375071,17.06,0,0,195,4,39
423.058198094,17.06,0,0,195,4,39
423.135091895,17.06,0,0,195,4,39
423.213411951,17.06,0,0,195,4,39
423.290555706,17.06,0,0,195,4,39
423.367824127,17.06,0,0,195,4,39
423.444911716,17.06,0,0,195,4,39
423.522783421,17.00,0,0,195,4,39
423.600002800,17.00,0,0,195,4,39
423.678334597,17.00,0,0,195,4,39
423.755279506,17.00,0,0,195,4,39
423.832952114,17.00,0,0,195,4,39
423.910128902,17.00,0,0,195,4,39
423.987409677,17.00,0,0,195,4,39
424.065053691,17.00,0,0,195,4,39
424.142104780,17.00,0,0,195,4,39
424.219305283,17.00,0,0,195,4,39
424.297021874,17.00,0,0,195,4,39
424.374241764,17.00,0,0,195,4,39
424.455315239,17.00,0,0,195,4,39
424.532488340,17.01,0,0,195,4,39
424.610022415,17.01,0,0,195,4,39
424.687002871,17.01,0,0,195,4,39
424.764582312,17.01,0,0,195,4,39
424.841809796,17.01,0,0,195,4,39
424.919319566,17.01,0,0,195,4,39
424.996679411,17.01,0,0,195,4,39
425.074311682,17.01,0,0,195,4,39
425.151272841,17.01,0,0,195,4,39
425.228938346,17.01,0,0,195,4,39
425.306210835,17.01,0,0,195,4,39
425.383363928,17.01,0,0,195,4,39
425.460292195,17.01,0,0,195,4,39
425.539419791,17.17,0,0,187,4,39
425.618087375,17.17,0,0,187,4,39
425.695443985,17.17,0,0,187,4,39
425.772591838,17.17,0,0,187,4,39
425.850922042,17.17,0,0,187,4,39
425.927990976,17.17,0,0,187,4,39
426.006330127,17.17,0,0,187,4,39
426.084536437,17.17,0,0,187,4,39
426.162328562,17.17,0,0,187,4,39
426.239923723,17.17,0,0,187,4,39
426.317117393,17.17,0,0,187,4,39
426.393597650,17.17,0,0,187,4,39
426.470030338,17.17,0,0,187,4,39
426.547508567,17.15,0,0,195,4,38
426.625289300,17.15,0,0,195,4,38
426.702531502,17.15,0,0,195,4,38
426.779581610,17.15,0,0,195,4,38
426.856778877,17.15,0,0,195,4,38
426.933749244,17.15,0,0,195,4,38
427.011911991,17.15,0,0,195,4,38
427.088933415,17.15,0,0,195,4,38
427.166299001,17.15,0,0,195,4,38
427.244391515,17.15,0,0,195,4,38
427.320728992,17.15,0,0,195,4,38
427.398016961,17.15,0,0,195,4,38
427.475134827,17.15,0,0,195,4,38
427.551840733,16.97,0,0,195,4,38
427.628057741,16.97,0,0,195,4,38
427.704302062,16.97,0,0,195,4,38
427.781290563,16.97,0,0,195,4,38
427.858120463,16.97,0,0,195,4,38
427.935188355,16.97,0,0,195,4,38
428.014002317,16.97,0,0,195,4,38
428.090885649,16.97,0,0,195,4,38
428.168239913,16.97,0,0,195,4,38
428.245580442,16.97,0,0,195,4,38
428.322958331,16.97,0,0,195,4,38
428.400599400,16.97,0,0,195,4,38
428.478590772,16.97,0,0,195,4,38
428.556665593,16.92,0,0,195,4,38
428.634336097,16.92,0,0,195,4,38
428.711573931,16.92,0,0,195,4,38
428.790418992,16.92,0,0,195,4,38
428.868902417,16.92,0,0,195,4,38
428.946507667,16.92,0,0,195,4,38
429.023309365,16.92,0,0,195,4,38
429.100532551,16.92,0,0,195,4,38
429.178010039,16.92,0,0,195,4,38
429.255413978,16.92,0,0,195,4,38
429.332541233,16.92,0,0,195,4,38
429.411154625,16.92,0,0,195,4,38
429.488762450,16.92,0,0,195,4,38
429.566514859,16.81,0,0,195,4,38
429.643825191,16.81,0,0,195,4,38
429.721487519,16.81,0,0,195,4,38
429.799199933,16.81,0,0,195,4,38
429.876519802,16.81,0,0,195,4,38
429.953694397,16.81,0,0,195,4,38
430.031682453,16.81,0,0,195,4,38
430.110182630,16.81,0,0,195,4,38
430.188116003,16.81,0,0,195,4,38
430.266550295,16.81,0,0,195,4,38
430.344419265,16.81,0,0,195,4,38
430.422457707,16.81,0,0,195,4,38
430.499902984,16.81,0,0,195,4,38
430.578427207,16.88,0,0,195,4,38
430.655726989,16.88,0,0,195,4,38
430.733797271,16.88,0,0,195,4,38
430.811657044,16.88,0,0,195,4,38
430.889709432,16.88,0,0,195,4,38
430.966636517,16.88,0,0,195,4,38
431.044107513,16.88,0,0,195,4,38
431.121094973,16.88,0,0,195,4,38
431.198267763,16.88,0,0,195,4,38
431.276202068,16.88,0,0,195,4,38
431.353384487,16.88,0,0,195,4,38
431.430913102,16.88,0,0,195,4,38
431.508392024,16.88,0,0,195,4,38
431.585765334,16.92,0,0,195,4,38
431.663327213,16.92,0,0,195,4,38
431.740485897,16.92,0,0,195,4,38
431.817258930,16.92,0,0,195,4,38
431.894957908,16.92,0,0,195,4,38
431.972420568,16.92,0,0,195,4,38
432.050441627,16.92,0,0,195,4,38
432.127941128,16.92,0,0,195,4,38
432.205757809,16.92,0,0,195,4,38
432.283280483,16.92,0,0,195,4,38
432.360423367,16.92,0,0,195,4,38
432.437755360,16.92,0,0,195,4,38
432.516650536,16.92,0,0,195,4,38
432.593871318,16.94,0,0,195,4,38
432.671564495,16.94,0,0,195,4,38
432.748402942,16.94,0,0,195,4,38
432.824923667,16.94,0,0,195,4,38
432.901487193,16.94,0,0,195,4,38
432.978583208,16.94,0,0,195,4,38
433.057361773,16.94,0,0,195,4,38
433.133903297,16.94,0,0,195,4,38
433.210843437,16.94,0,0,195,4,38
433.287790460,16.94,0,0,195,4,38
433.364937923,16.94,0,0,195,4,38
433.441161575,16.94,0,0,195,4,38
433.519429532,16.94,0,0,195,4,38
433.597054080,16.94,0,0,195,4,38
433.674406501,16.94,0,0,195,4,38
433.752031690,16.94,0,0,195,4,38
433.829834645,16.94,0,0,195,4,38
433.907177388,16.94,0,0,195,4,38
433.984982468,16.94,0,0,195,4,38
434.062655487,16.94,0,0,195,4,38
434.140286116,16.94,0,0,195,4,38
434.217418180,16.94,0,0,195,4,38
434.294770160,16.94,0,0,195,4,38
434.372692272,16.94,0,0,195,4,38
434.450296912,16.94,0,0,195,4,38
434.527390152,16.94,0,0,195,4,38
434.605415799,16.94,0,0,195,4,38
434.682800392,16.94,0,0,195,4,38
434.760597877,16.94,0,0,195,4,38
434.838583409,16.94,0,0,195,4,38
434.915744548,16.94,0,0,195,4,38
434.993333628,16.94,0,0,195,4,38
435.070548419,16.94,0,0,195,4,38
435.147942509,16.94,0,0,195,4,38
435.225194310,16.94,0,0,195,4,38
435.304243658,16.94,0,0,195,4,38
435.382855547,16.94,0,0,195,4,38
435.460597578,16.94,0,0,195,4,38
435.537866571,16.95,0,0,195,4,38
435.617145855,16.95,0,0,195,4,38
435.694908314,16.95,0,0,195,4,38
435.772849272,16.95,0,0,195,4,38
435.850583407,16.95,0,0,195,4,38
435.928723932,16.95,0,0,195,4,38
436.005951136,16.95,0,0,195,4,38
436.083469553,16.95,0,0,195,4,38
436.161020350,16.95,0,0,195,4,38
436.238318239,16.95,0,0,195,4,38
436.315646825,16.95,0,0,195,4,38
436.393282143,16.95,0,0,195,4,38
436.470287767,16.95,0,0,195,4,38
436.548197505,17.01,0,0,195,4,38
436.626521839,17.01,0,0,195,4,38
436.704248150,17.01,0,0,195,4,38
436.781268592,17.01,0,0,195,4,38
436.858760919,17.01,0,0,195,4,38
436.936066421,17.01,0,0,195,4,38
437.013355263,17.01,0,0,195,4,38
437.091568396,17.01,0,0,195,4,38
437.168977565,17.01,0,0,195,4,38
437.246394078,17.01,0,0,195,4,38
437.323479534,17.01,0,0,195,4,38
437.400713641,17.01,0,0,195,4,38
437.477827861,17.01,0,0,195,4,38
437.555419697,16.98,0,0,195,4,38
437.631843408,16.98,0,0,195,4,38
437.709088366,16.98,0,0,195,4,38
437.786301233,16.98,0,0,195,4,38
437.863455840,16.98,0,0,195,4,38
437.941107549,16.98,0,0,195,4,38
438.020457247,16.98,0,0,195,4,38
438.098210138,16.98,0,0,195,4,38
438.176332559,16.98,0,0,195,4,38
438.253447972,16.98,0,0,195,4,38
438.330807998,16.98,0,0,195,4,38
438.409169092,16.98,0,0,195,4,38
438.486788950,16.98,0,0,195,4,38
438.564349917,16.67,0,0,195,4,38
438.641922587,16.67,0,0,195,4,38
438.718686132,16.67,0,0,195,4,38
438.796128695,16.67,0,0,195,4,38
438.873198411,16.67,0,0,195,4,38
438.949836348,16.67,0,0,195,4,38
439.027000252,16.67,0,0,195,4,38
439.103853077,16.67,0,0,195,4,38
439.180687727,16.67,0,0,195,4,38
439.257289375,16.67,0,0,195,4,38
439.334754782,16.67,0,0,195,4,38
439.410431066,16.67,0,0,195,4,38
439.487784189,16.67,0,0,195,4,38
439.564008121,16.72,0,0,195,4,38
439.640487117,16.72,0,0,195,4,38
439.717560550,16.72,0,0,195,4,38
439.795888501,16.72,0,0,195,4,38
439.873543737,16.72,0,0,195,4,38
439.950802452,16.72,0,0,195,4,38
440.029149519,16.72,0,0,195,4,38
440.106921506,16.72,0,0,195,4,38
440.184331898,16.72,0,0,195,4,38
440.261466617,16.72,0,0,195,4,38
440.338784814,16.72,0,0,195,4,38
440.416146814,16.72,0,0,195,4,38
440.493634893,16.72,0,0,195,4,38
440.570773920,17.23,0,0,195,4,38
440.647975025,17.23,0,0,195,4,38
440.725174998,17.23,0,0,195,4,38
440.802542669,17.23,0,0,195,4,38
440.879833504,17.23,0,0,195,4,38
440.956904863,17.23,0,0,195,4,38
441.034740401,17.23,0,0,195,4,38
441.112336144,17.23,0,0,195,4,38
441.190202190,17.23,0,0,195,4,38
441.267408876,17.23,0,0,195,4,38
441.345673657,17.23,0,0,195,4,38
441.422921280,17.23,0,0,195,4,38
441.500058855,17.23,0,0,195,4,38
441.577434371,16.81,0,0,195,4,38
441.654886091,16.81,0,0,195,4,38
441.732724724,16.81,0,0,195,4,38
441.810494758,16.81,0,0,195,4,38
441.887514058,16.81,0,0,195,4,38
441.965316904,16.81,0,0,195,4,38
442.042669106,16.81,0,0,195,4,38
442.120107421,16.81,0,0,195,4,38
442.197399097,16.81,0,0,195,4,38
442.275450164,16.81,0,0,195,4,38
442.353403475,16.81,0,0,195,4,38
442.430796524,16.81,0,0,195,4,38
442.507956992,16.81,0,0,195,4,38
442.585313442,16.85,0,0,195,4,38
442.662458160,16.85,0,0,195,4,38
442.739965245,16.85,0,0,195,4,38
442.817988178,16.85,0,0,195,4,38
442.895390985,16.85,0,0,195,4,38
442.972801818,16.85,0,0,195,4,38
443.050161965,16.85,0,0,195,4,38
443.129102227,16.85,0,0,195,4,38
443.207195203,16.85,0,0,195,4,38
443.285767748,16.85,0,0,195,4,38
443.363696453,16.85,0,0,195,4,38
443.441817622,16.85,0,0,195,4,38
443.521399500,16.86,0,0,195,4,38
443.599082990,16.86,0,0,195,4,38
443.676289425,16.86,0,0,195,4,38
443.753347970,16.86,0,0,195,4,38
443.830482609,16.86,0,0,195,4,38
443.908725970,16.86,0,0,195,4,38
443.986471117,16.86,0,0,195,4,38
444.063655981,16.86,0,0,195,4,38
444.140955323,16.86,0,0,195,4,38
444.217524761,16.86,0,0,195,4,38
444.295203201,16.86,0,0,195,4,38
444.372558699,16.86,0,0,195,4,38
444.450148250,16.86,0,0,195,4,38
444.527379212,16.85,0,0,195,4,38
444.604424191,16.85,0,0,195,4,38
444.680937623,16.85,0,0,195,4,38
444.758118379,16.85,0,0,195,4,38
444.835397523,16.85,0,0,195,4,38
444.912321673,16.85,0,0,195,4,38
444.989526425,16.85,0,0,195,4,38
445.065412989,16.85,0,0,195,4,38
445.141753623,16.85,0,0,195,4,38
445.218341135,16.85,0,0,195,4,38
445.294859626,16.85,0,0,195,4,38
445.371730926,16.85,0,0,195,4,38
445.448121024,16.85,0,0,195,4,38
445.524388569,16.89,0,0,195,4,38
445.601710594,16.89,0,0,195,4,38
445.679326145,16.89,0,0,195,4,38
445.757131996,16.89,0,0,195,4,38
445.835415624,16.89,0,0,195,4,38
445.912772003,16.89,0,0,195,4,38
445.990133062,16.89,0,0,195,4,38
446.067123458,16.89,0,0,195,4,38
446.144837315,16.89,0,0,195,4,38
446.222313181,16.89,0,0,195,4,38
446.300351724,16.89,0,0,195,4,38
446.377828672,16.89,0,0,195,4,38
446.455369672,16.89,0,0,195,4,38
446.532729168,17.10,0,0,195,4,38
446.610349508,17.10,0,0,195,4,38
446.687744761,17.10,0,0,195,4,38
446.764956396,17.10,0,0,195,4,38
446.842996843,17.10,0,0,195,4,38
446.920064255,17.10,0,0,195,4,38
446.997156845,17.10,0,0,195,4,38
447.074435797,17.10,0,0,195,4,38
447.152170735,17.10,0,0,195,4,38
447.229271470,17.10,0,0,195,4,38
447.306719033,17.10,0,0,195,4,38
447.383839014,17.10,0,0,195,4,38
447.460684886,17.10,0,0,195,4,38
447.538054942,17.06,0,0,195,4,38
447.615751847,17.06,0,0,195,4,38
447.693376646,17.06,0,0,195,4,38
447.770999792,17.06,0,0,195,4,38
447.848519060,17.06,0,0,195,4,38
447.925472616,17.06,0,0,195,4,38
448.002537243,17.06,0,0,195,4,38
448.079930403,17.06,0,0,195,4,38
448.157268518,17.06,0,0,195,4,38
448.234454915,17.06,0,0,195,4,38
448.313338631,17.06,0,0,195,4,38
448.390975442,17.06,0,0,195,4,38
448.468378581,17.06,0,0,195,4,38
448.545924029,16.94,0,0,195,4,38
448.623293363,16.94,0,0,195,4,38
448.700642309,16.94,0,0,195,4,38
448.777770136,16.94,0,0,195,4,38
448.855357884,16.94,0,0,195,4,38
448.932566494,16.94,0,0,195,4,38
449.009837321,16.94,0,0,195,4,38
449.087461158,16.94,0,0,195,4,38
449.165821241,16.94,0,0,195,4,38
449.243170327,16.94,0,0,195,4,38
449.320536575,16.94,0,0,195,4,38
449.398348289,16.94,0,0,195,4,38
449.476154010,16.94,0,0,195,4,38
449.553363722,16.81,0,0,195,4,38
449.630972620,16.81,0,0,195,4,38
449.708865778,16.81,0,0,195,4,38
449.785971523,16.81,0,0,195,4,38
449.863483107,16.81,0,0,195,4,38
449.941084191,16.81,0,0,195,4,38
450.018403861,16.81,0,0,195,4,38
450.095867414,16.81,0,0,195,4,38
450.173719895,16.81,0,0,195,4,38
450.251474199,16.81,0,0,195,4,38
450.328076700,16.81,0,0,195,4,38
450.405664879,16.81,0,0,195,4,38
450.482929485,16.81,0,0,195,4,38
450.560390112,16.66,0,0,195,4,38
450.638386676,16.66,0,0,195,4,38
450.714943801,16.66,0,0,195,4,38
450.791890494,16.66,0,0,195,4,38
450.868193808,16.66,0,0,195,4,38
450.945777879,16.66,0,0,195,4,38
451.024699887,16.66,0,0,195,4,38
451.101856389,16.66,0,0,195,4,38
451.178501781,16.66,0,0,195,4,38
451.255089764,16.66,0,0,195,4,38
451.332135264,16.66,0,0,195,4,38
451.409095172,16.66,0,0,195,4,38
451.486302610,16.66,0,0,195,4,38
451.563018796,16.89,0,0,187,4,38
451.640089865,16.89,0,0,187,4,38
451.717655352,16.89,0,0,187,4,38
451.794828915,16.89,0,0,187,4,38
451.872044829,16.89,0,0,187,4,38
451.950024711,16.89,0,0,187,4,38
452.027734200,16.89,0,0,187,4,38
452.104725638,16.89,0,0,187,4,38
452.182257371,16.89,0,0,187,4,38
452.259352836,16.89,0,0,187,4,38
452.336320469,16.89,0,0,187,4,38
452.413822185,16.89,0,0,187,4,38
452.491968112,16.89,0,0,187,4,38
452.569266612,16.86,0,0,195,4,38
452.646812682,16.86,0,0,195,4,38
452.723694843,16.86,0,0,195,4,38
452.801108391,16.86,0,0,195,4,38
452.878434364,16.86,0,0,195,4,38
452.955621594,16.86,0,0,195,4,38
453.033423057,16.86,0,0,195,4,38
453.110640444,16.86,0,0,195,4,38
453.188183889,16.86,0,0,195,4,38
453.265206095,16.86,0,0,195,4,38
453.342388916,16.86,0,0,195,4,38
453.420036378,16.86,0,0,195,4,38
453.497753222,16.86,0,0,195,4,38
453.575016776,16.74,0,0,195,4,38
453.652533941,16.74,0,0,195,4,38
453.729376938,16.74,0,0,195,4,38
453.806838727,16.74,0,0,195,4,38
453.883992243,16.74,0,0,195,4,38
453.961240378,16.74,0,0,195,4,38
454.037987663,16.74,0,0,195,4,38
454.115719786,16.74,0,0,195,4,38
454.192796917,16.74,0,0,195,4,38
454.270309643,16.74,0,0,195,4,38
454.347860091,16.74,0,0,195,4,38
454.425755694,16.74,0,0,195,4,38
454.502956729,16.74,0,0,195,4,38
454.580283854,16.94,0,0,195,4,38
454.657746786,16.94,0,0,195,4,38
454.735679940,16.94,0,0,195,4,38
454.812836391,16.94,0,0,195,4,38
454.889982142,16.94,0,0,195,4,38
454.967199087,16.94,0,0,195,4,38
455.044773872,16.94,0,0,195,4,38
455.124430833,16.94,0,0,195,4,38
455.202518120,16.94,0,0,195,4,38
455.280203203,16.94,0,0,195,4,38
455.357970582,16.94,0,0,195,4,38
455.435850515,16.94,0,0,195,4,38
455.513089763,16.94,0,0,195,4,38
455.590736334,17.02,0,0,195,4,38
455.668074670,17.02,0,0,195,4,38
455.745418256,17.02,0,0,195,4,38
455.822710144,17.02,0,0,195,4,38
455.899880291,17.02,0,0,195,4,38
455.977247141,17.02,0,0,195,4,38
456.054832786,17.02,0,0,195,4,38
456.131695330,17.02,0,0,195,4,38
456.208761280,17.02,0,0,195,4,38
456.286516576,17.02,0,0,195,4,38
456.364081912,17.02,0,0,195,4,38
456.441955002,17.02,0,0,195,4,38
456.520060994,17.02,0,0,195,4,38
456.598005650,16.93,0,0,195,4,38
456.674875548,16.93,0,0,195,4,38
456.751392467,16.93,0,0,195,4,38
456.828535083,16.93,0,0,195,4,38
456.905160888,16.93,0,0,195,4,38
456.980915612,16.93,0,0,195,4,38
457.058881437,16.93,0,0,195,4,38
457.135672105,16.93,0,0,195,4,38
457.212448466,16.93,0,0,195,4,38
457.288751419,16.93,0,0,195,4,38
457.365392804,16.93,0,0,195,4,38
457.442710621,16.93,0,0,195,4,38
457.520341061,16.93,0,0,195,4,38
457.597801208,16.63,0,0,195,4,38
457.675667996,16.63,0,0,195,4,38
457.752898648,16.63,0,0,195,4,38
457.830874864,16.63,0,0,195,4,38
457.908231204,16.63,0,0,195,4,38
457.986118541,16.63,0,0,195,4,38
458.063995158,16.63,0,0,195,4,38
458.141398727,16.63,0,0,195,4,38
458.219026973,16.63,0,0,195,4,38
458.295862817,16.63,0,0,195,4,38
458.373318946,16.63,0,0,195,4,38
458.450621174,16.63,0,0,195,4,38
458.529110612,16.85,0,0,195,4,38
458.606412309,16.85,0,0,195,4,38
458.683557369,16.85,0,0,195,4,38
458.761182649,16.85,0,0,195,4,38
458.838364489,16.85,0,0,195,4,38
458.915697375,16.85,0,0,195,4,38
458.993809327,16.85,0,0,195,4,38
459.071556328,16.85,0,0,195,4,38
459.149197479,16.85,0,0,195,4,38
459.227445509,16.85,0,0,195,4,38
459.304829953,16.85,0,0,195,4,38
459.381885022,16.85,0,0,195,4,38
459.459142535,16.85,0,0,195,4,38
459.536997230,16.84,0,0,195,4,38
459.614876252,16.84,0,0,195,4,38
459.692205300,16.84,0,0,195,4,38
459.769412648,16.84,0,0,195,4,38
459.847393412,16.84,0,0,195,4,38
459.925140383,16.84,0,0,195,4,38
460.003068096,16.84,0,0,195,4,38
460.080127374,16.84,0,0,195,4,38
460.157118311,16.84,0,0,195,4,38
460.234431280,16.84,0,0,195,4,38
460.313519904,16.84,0,0,195,4,38
460.391520957,16.84,0,0,195,4,38
460.469417732,16.84,0,0,195,4,38
460.547430807,16.78,0,0,195,4,38
460.624956859,16.78,0,0,195,4,38
460.702287491,16.78,0,0,195,4,38
460.780088063,16.78,0,0,195,4,38
460.857201804,16.78,0,0,195,4,38
460.935565454,16.78,0,0,195,4,38
461.012707137,16.78,0,0,195,4,38
461.090233099,16.78,0,0,195,4,38
461.167998866,16.78,0,0,195,4,38
461.246068969,16.78,0,0,195,4,38
461.323307537,16.78,0,0,195,4,38
461.400865089,16.78,0,0,195,4,38
461.478529924,16.78,0,0,195,4,38
461.555840888,16.76,0,0,195,4,38
461.633219862,16.76,0,0,195,4,38
461.710718161,16.76,0,0,195,4,38
461.788511550,16.76,0,0,195,4,38
461.866256037,16.76,0,0,195,4,38
461.943452404,16.76,0,0,195,4,38
462.021001089,16.76,0,0,195,4,38
462.097892258,16.76,0,0,195,4,38
462.175003163,16.76,0,0,195,4,38
462.252237472,16.76,0,0,195,4,38
462.329816054,16.76,0,0,195,4,38
462.407031227,16.76,0,0,195,4,38
462.484576576,16.76,0,0,195,4,38
462.562078141,16.63,0,0,195,4,38
462.638645306,16.63,0,0,195,4,38
462.715791598,16.63,0,0,195,4,38
462.792464172,16.63,0,0,195,4,38
462.869080330,16.63,0,0,195,4,38
462.945477482,16.63,0,0,195,4,38
463.021675496,16.63,0,0,195,4,38
463.098094099,16.63,0,0,195,4,38
463.174212463,16.63,0,0,195,4,38
463.251584623,16.63,0,0,195,4,38
463.329114333,16.63,0,0,195,4,38
463.406448782,16.63,0,0,195,4,38
463.484311833,16.63,0,0,195,4,38
463.562147072,16.62,0,0,195,4,38
463.641086944,16.62,0,0,195,4,38
463.718597167,16.62,0,0,195,4,38
463.796027578,16.62,0,0,195,4,38
463.873810066,16.62,0,0,195,4,38
463.950808568,16.62,0,0,195,4,38
464.029466206,16.62,0,0,195,4,38
464.106964466,16.62,0,0,195,4,38
464.184747575,16.62,0,0,195,4,38
464.262225326,16.62,0,0,195,4,38
464.339353334,16.62,0,0,195,4,38
464.416858397,16.62,0,0,195,4,38
464.494037872,16.62,0,0,195,4,38
464.571039009,16.63,0,0,187,4,38
464.648372316,16.63,0,0,187,4,38
464.726198157,16.63,0,0,187,4,38
464.803346904,16.63,0,0,187,4,38
464.880618404,16.63,0,0,187,4,38
464.957886718,16.63,0,0,187,4,38
465.034977816,16.63,0,0,187,4,38
465.112059396,16.63,0,0,187,4,38
465.189869076,16.63,0,0,187,4,38
465.267380531,16.63,0,0,187,4,38
465.344684522,16.63,0,0,187,4,38
465.422622195,16.63,0,0,187,4,38
465.499948098,16.63,0,0,187,4,38
465.577343052,16.67,0,0,195,4,38
465.654837224,16.67,0,0,195,4,38
465.732261413,16.67,0,0,195,4,38
465.809314218,16.67,0,0,195,4,38
465.886388835,16.67,0,0,195,4,38
465.963841769,16.67,0,0,195,4,38
466.041305383,16.67,0,0,195,4,38
466.119737524,16.67,0,0,195,4,38
466.197773623,16.67,0,0,195,4,38
466.275256985,16.67,0,0,195,4,38
466.353511257,16.67,0,0,195,4,38
466.431159993,16.67,0,0,195,4,38
466.508435841,16.67,0,0,195,4,38
466.585890438,16.69,0,0,195,4,38
466.663412884,16.69,0,0,195,4,38
466.740511285,16.69,0,0,195,4,38
466.817897322,16.69,0,0,195,4,38
466.895268261,16.69,0,0,195,4,38
466.973312426,16.69,0,0,195,4,38
467.050971550,16.69,0,0,195,4,38
467.128232681,16.69,0,0,195,4,38
467.205572109,16.69,0,0,195,4,38
467.282481132,16.69,0,0,195,4,38
467.360047511,16.69,0,0,195,4,38
467.437440311,16.69,0,0,195,4,38
467.514862086,16.69,0,0,195,4,38
467.592278140,16.77,0,0,195,4,38
467.669837145,16.77,0,0,195,4,38
467.746963199,16.77,0,0,195,4,38
467.824786105,16.77,0,0,195,4,38
467.902129791,16.77,0,0,195,4,38
467.980015746,16.77,0,0,195,4,38
468.057179352,16.77,0,0,195,4,38
468.134401939,16.77,0,0,195,4,38
468.211435328,16.77,0,0,195,4,38
468.289031814,16.77,0,0,195,4,38
468.365632602,16.77,0,0,195,4,38
468.443097288,16.77,0,0,195,4,38
468.520021961,16.77,0,0,195,4,38
468.596795327,16.92,0,0,195,4,38
468.673072963,16.92,0,0,195,4,38
468.749717835,16.92,0,0,195,4,38
468.826835273,16.92,0,0,195,4,38
468.904034135,16.92,0,0,195,4,38
468.981028940,16.92,0,0,195,4,38
469.057891646,16.92,0,0,195,4,38
469.134264352,16.92,0,0,195,4,38
469.210326650,16.92,0,0,195,4,38
469.288023606,16.92,0,0,195,4,38
469.365465660,16.92,0,0,195,4,38
469.446008211,16.92,0,0,195,4,38
469.523007104,16.92,0,0,195,4,38
469.600024182,17.08,0,0,195,4,38
469.676947332,17.08,0,0,195,4,38
469.755428084,17.08,0,0,195,4,38
469.833006286,17.08,0,0,195,4,38
469.910580971,17.08,0,0,195,4,38
469.987778691,17.08,0,0,195,4,38
470.065484675,17.08,0,0,195,4,38
470.142815227,17.08,0,0,195,4,38
470.220166999,17.08,0,0,195,4,38
470.297312390,17.08,0,0,195,4,38
470.374894129,17.08,0,0,195,4,38
470.451969437,17.08,0,0,195,4,38
470.533033186,18.34,0,0,195,4,38
470.610497251,18.34,0,0,195,4,38
470.687866267,18.34,0,0,195,4,38
470.765156532,18.34,0,0,195,4,38
470.842156377,18.34,0,0,195,4,38
470.921651172,18.34,0,0,195,4,38
470.999430535,18.34,0,0,195,4,38
471.076758713,18.34,0,0,195,4,38
471.154480697,18.34,0,0,195,4,38
471.231992503,18.34,0,0,195,4,38
471.309381817,18.34,0,0,195,4,38
471.387371919,18.34,0,0,195,4,38
471.464700447,18.34,0,0,195,4,38
471.542141780,17.17,0,0,195,4,38
471.619349128,17.17,0,0,195,4,38
471.696702513,17.17,0,0,195,4,38
471.774149807,17.17,0,0,195,4,38
471.851814011,17.17,0,0,195,4,38
471.929414455,17.17,0,0,195,4,38
472.006913677,17.17,0,0,195,4,38
472.084875717,17.17,0,0,195,4,38
472.162425424,17.17,0,0,195,4,38
472.239945766,17.17,0,0,195,4,38
472.317738745,17.17,0,0,195,4,38
472.395202440,17.17,0,0,195,4,38
472.473400206,17.17,0,0,195,4,38
472.551087545,17.04,0,0,195,4,38
472.628237955,17.04,0,0,195,4,38
472.705346527,17.04,0,0,195,4,38
472.782806745,17.04,0,0,195,4,38
472.859999025,17.04,0,0,195,4,38
472.937467719,17.04,0,0,195,4,38
473.014878804,17.04,0,0,195,4,38
473.092864217,17.04,0,0,195,4,38
473.170329906,17.04,0,0,195,4,38
473.247285597,17.04,0,0,195,4,38
473.325018112,17.04,0,0,195,4,38
473.402400472,17.04,0,0,195,4,38
473.479774787,17.04,0,0,195,4,38
473.556975283,16.81,0,0,195,4,38
473.634905292,16.81,0,0,195,4,38
473.712926223,16.81,0,0,195,4,38
473.790539381,16.81,0,0,195,4,38
473.868742608,16.81,0,0,195,4,38
473.945558564,16.81,0,0,195,4,38
474.023048689,16.81,0,0,195,4,38
474.100004952,16.81,0,0,195,4,38
474.177456053,16.81,0,0,195,4,38
474.255388005,16.81,0,0,195,4,38
474.332078133,16.81,0,0,195,4,38
474.408002650,16.81,0,0,195,4,38
474.485127582,16.81,0,0,195,4,38
474.561842999,16.79,0,0,195,4,38
474.638893209,16.79,0,0,195,4,38
474.715996040,16.79,0,0,195,4,38
474.792513230,16.79,0,0,195,4,38
474.869536080,16.79,0,0,195,4,38
474.946980518,16.79,0,0,195,4,38
475.024740845,16.79,0,0,195,4,38
475.101342626,16.79,0,0,195,4,38
475.178123406,16.79,0,0,195,4,38
475.254908063,16.79,0,0,195,4,38
475.331414413,16.79,0,0,195,4,38
475.409122130,16.79,0,0,195,4,38
475.486327205,16.79,0,0,195,4,38
475.563477305,16.91,0,0,195,4,38
475.641596352,16.91,0,0,195,4,38
475.718894413,16.91,0,0,195,4,38
475.796852796,16.91,0,0,195,4,38
475.873941530,16.91,0,0,195,4,38
475.951323760,16.91,0,0,195,4,38
476.030028858,16.91,0,0,195,4,38
476.106942771,16.91,0,0,195,4,38
476.186477391,16.91,0,0,195,4,38
476.264235855,16.91,0,0,195,4,38
476.341739706,16.91,0,0,195,4,38
476.420467357,16.91,0,0,195,4,38
476.498857879,16.91,0,0,195,4,38
476.576429729,16.74,0,0,195,4,38
476.654388983,16.74,0,0,195,4,38
476.731863258,16.74,0,0,195,4,38
476.808446704,16.74,0,0,195,4,38
476.885919456,16.74,0,0,195,4,38
476.963198481,16.74,0,0,195,4,38
477.040203456,16.74,0,0,195,4,38
477.117876097,16.74,0,0,195,4,38
477.195095168,16.74,0,0,195,4,38
477.272297848,16.74,0,0,195,4,38
477.349382334,16.74,0,0,195,4,38
477.426656550,16.74,0,0,195,4,38
477.503946465,16.74,0,0,195,4,38
477.581487186,16.80,0,0,195,4,38
477.659100275,16.80,0,0,195,4,38
477.736458129,16.80,0,0,195,4,38
477.814895760,16.80,0,0,195,4,38
477.892465907,16.80,0,0,195,4,38
477.969546696,16.80,0,0,195,4,38
478.047473759,16.80,0,0,195,4,38
478.124805764,16.80,0,0,195,4,38
478.202611628,16.80,0,0,195,4,38
478.280945823,16.80,0,0,195,4,38
478.359159220,16.80,0,0,195,4,38
478.437195490,16.80,0,0,195,4,38
478.514240782,16.80,0,0,195,4,38
478.591548371,16.87,0,0,195,4,38
478.669173302,16.87,0,0,195,4,38
478.746282174,16.87,0,0,195,4,38
478.823844436,16.87,0,0,195,4,38
478.901318220,16.87,0,0,195,4,38
478.978618605,16.87,0,0,195,4,38
479.056290755,16.87,0,0,195,4,38
479.133674989,16.87,0,0,195,4,38
479.210837744,16.87,0,0,195,4,38
479.287879740,16.87,0,0,195,4,38
479.365403849,16.87,0,0,195,4,38
479.442893694,16.87,0,0,195,4,38
479.520386314,16.87,0,0,195,4,38
479.598207146,16.89,0,0,195,4,38
479.676184835,16.89,0,0,195,4,38
479.753710698,16.89,0,0,195,4,38
479.831455926,16.89,0,0,195,4,38
479.908955870,16.89,0,0,195,4,38
479.986029015,16.89,0,0,195,4,38
480.062940072,16.89,0,0,195,4,38
480.140689880,16.89,0,0,195,4,38
480.218129679,16.89,0,0,195,4,38
480.295356646,16.89,0,0,195,4,38
480.371803643,16.89,0,0,195,4,38
480.449012876,16.89,0,0,195,4,38
480.526332077,16.89,0,0,195,4,38
480.603438144,16.82,0,0,195,4,38
480.680506951,16.82,0,0,195,4,38
480.757237596,16.82,0,0,195,4,38
480.834152551,16.82,0,0,195,4,38
480.910048834,16.82,0,0,195,4,38
480.987101039,16.82,0,0,195,4,38
481.064157803,16.82,0,0,195,4,38
481.141383647,16.82,0,0,195,4,38
481.218113651,16.82,0,0,195,4,38
481.295991612,16.82,0,0,195,4,38
481.373984510,16.82,0,0,195,4,38
481.451086129,16.82,0,0,195,4,38
481.529268376,16.82,0,0,195,4,38
481.606347182,16.68,0,0,195,4,38
481.683803583,16.68,0,0,195,4,38
481.761565253,16.68,0,0,195,4,38
481.838946031,16.68,0,0,195,4,38
481.916014066,16.68,0,0,195,4,38
481.993341904,16.68,0,0,195,4,38
482.071163828,16.68,0,0,195,4,38
482.150538936,16.68,0,0,195,4,38
482.228534149,16.68,0,0,195,4,38
482.306055053,16.68,0,0,195,4,38
482.384311070,16.68,0,0,195,4,38
482.461915953,16.68,0,0,195,4,38
482.539825674,16.75,0,0,195,4,38
482.617231699,16.75,0,0,195,4,38
482.694325323,16.75,0,0,195,4,38
482.771170375,16.75,0,0,195,4,38
482.848310026,16.75,0,0,195,4,38
482.926310188,16.75,0,0,195,4,38
483.003449619,16.75,0,0,195,4,38
483.081366924,16.75,0,0,195,4,38
483.159250054,16.75,0,0,195,4,38
483.236362734,16.75,0,0,195,4,38
483.313716040,16.75,0,0,195,4,38
483.391612866,16.75,0,0,195,4,38
483.468940904,16.75,0,0,195,4,38
483.546306554,16.93,0,0,195,4,38
483.623443489,16.93,0,0,195,4,38
483.700848493,16.93,0,0,195,4,38
483.778150522,16.93,0,0,195,4,38
483.855445347,16.93,0,0,195,4,38
483.933080577,16.93,0,0,195,4,38
484.010715347,16.93,0,0,195,4,38
484.087851982,16.93,0,0,195,4,38
484.164945516,16.93,0,0,195,4,38
484.242094474,16.93,0,0,195,4,38
484.319823472,16.93,0,0,195,4,38
484.397303779,16.93,0,0,195,4,38
484.475946760,16.93,0,0,195,4,38
484.553778563,16.94,0,0,195,4,38
484.631048050,16.94,0,0,195,4,38
484.708370588,16.94,0,0,195,4,38
484.785936317,16.94,0,0,195,4,38
484.864135156,16.94,0,0,195,4,38
484.942228765,16.94,0,0,195,4,38
485.020323827,16.94,0,0,195,4,38
485.098197771,16.94,0,0,195,4,38
485.175863679,16.94,0,0,195,4,38
485.253348194,16.94,0,0,195,4,38
485.330965120,16.94,0,0,195,4,38
485.408602935,16.94,0,0,195,4,38
485.485710145,16.94,0,0,195,4,38
485.563450745,16.93,0,0,195,4,38
485.640697439,16.93,0,0,195,4,38
485.717801853,16.93,0,0,195,4,38
485.794552777,16.93,0,0,195,4,38
485.871931612,16.93,0,0,195,4,38
485.949010127,16.93,0,0,195,4,38
486.026406685,16.93,0,0,195,4,38
486.103884326,16.93,0,0,195,4,38
486.181534996,16.93,0,0,195,4,38
486.258415536,16.93,0,0,195,4,38
486.335240170,16.93,0,0,195,4,38
486.411926702,16.93,0,0,195,4,38
486.488767266,16.93,0,0,195,4,38
486.565237949,16.58,0,0,195,4,38
486.642345579,16.58,0,0,195,4,38
486.719772234,16.58,0,0,195,4,38
486.796654257,16.58,0,0,195,4,38
486.873602896,16.58,0,0,195,4,38
486.950726095,16.58,0,0,195,4,38
487.028054124,16.58,0,0,195,4,38
487.105159520,16.58,0,0,195,4,38
487.182553263,16.58,0,0,195,4,38
487.259794657,16.58,0,0,195,4,38
487.335869309,16.58,0,0,195,4,38
487.413664703,16.58,0,0,195,4,38
487.491390295,16.58,0,0,195,4,38
487.568248192,16.69,0,0,195,4,38
487.646053836,16.69,0,0,195,4,38
487.723217582,16.69,0,0,195,4,38
487.800956510,16.69,0,0,195,4,38
487.878752014,16.69,0,0,195,4,38
487.956174411,16.69,0,0,195,4,38
488.035403934,16.69,0,0,195,4,38
488.113391272,16.69,0,0,195,4,38
488.197664467,16.69,0,0,195,4,38
488.273096431,16.69,0,0,195,4,38
488.350143787,16.69,0,0,195,4,38
488.427305079,16.69,0,0,195,4,38
488.503644303,16.69,0,0,195,4,38
488.580538278,16.68,0,0,195,4,38
488.657050490,16.68,0,0,195,4,38
488.732554841,16.68,0,0,195,4,38
488.809625832,16.68,0,0,195,4,38
488.886127263,16.68,0,0,195,4,38
488.962011144,16.68,0,0,195,4,38
489.037782842,16.68,0,0,195,4,38
489.114864654,16.68,0,0,195,4,38
489.192025445,16.68,0,0,195,4,38
489.269480474,16.68,0,0,195,4,38
489.346926797,16.68,0,0,195,4,38
489.424180143,16.68,0,0,195,4,38
489.501664859,16.68,0,0,195,4,38
489.580537134,17.11,0,0,195,4,38
489.658936935,17.11,0,0,195,4,38
489.736331098,17.11,0,0,195,4,38
489.814024539,17.11,0,0,195,4,38
489.891485179,17.11,0,0,195,4,38
489.968910261,17.11,0,0,195,4,38
490.046215557,17.11,0,0,195,4,38
490.123982517,17.11,0,0,195,4,38
490.201193874,17.11,0,0,195,4,38
490.278431471,17.11,0,0,195,4,38
490.356785565,17.11,0,0,195,4,38
490.435374784,17.11,0,0,195,4,38
490.516486546,17.11,0,0,195,4,38
490.595896020,16.98,0,0,195,4,38
490.676682415,16.98,0,0,195,4,38
490.755870339,16.98,0,0,195,4,38
490.834980747,16.98,0,0,195,4,38
490.913459246,16.98,0,0,195,4,38
490.992110754,16.98,0,0,195,4,38
491.071581594,16.98,0,0,195,4,38
491.150829202,16.98,0,0,195,4,38
491.229465601,16.98,0,0,195,4,38
491.308792579,16.98,0,0,195,4,38
491.387100585,16.98,0,0,195,4,38
491.464543622,16.98,0,0,195,4,38
491.542168813,16.96,0,0,195,4,38
491.619127772,16.96,0,0,195,4,38
491.697031552,16.96,0,0,195,4,38
491.775329670,16.96,0,0,195,4,38
491.853189526,16.96,0,0,195,4,38
491.931603113,16.96,0,0,195,4,38
492.010240033,16.96,0,0,195,4,38
492.087278342,16.96,0,0,195,4,38
492.165416847,16.96,0,0,195,4,38
492.243169220,16.96,0,0,195,4,38
492.320942382,16.96,0,0,195,4,38
492.398441545,16.96,0,0,195,4,38
492.475223428,16.96,0,0,195,4,38
492.552473639,16.91,0,0,195,4,38
492.630072531,16.91,0,0,195,4,38
492.707509176,16.91,0,0,195,4,38
492.784486619,16.91,0,0,195,4,38
492.863000927,16.91,0,0,195,4,38
492.940087257,16.91,0,0,195,4,38
493.015808850,16.91,0,0,195,4,38
493.092393930,16.91,0,0,195,4,38
493.168784381,16.91,0,0,195,4,38
493.245464251,16.91,0,0,195,4,38
493.322124183,16.91,0,0,195,4,38
493.397931338,16.91,0,0,195,4,38
493.473853311,16.91,0,0,195,4,38
493.550517531,16.80,0,0,195,4,38
493.628608726,16.80,0,0,195,4,38
493.705586010,16.80,0,0,195,4,38
493.782253687,16.80,0,0,195,4,38
493.858383614,16.80,0,0,195,4,38
493.935027866,16.80,0,0,195,4,38
494.012410087,16.80,0,0,195,4,38
494.089222629,16.80,0,0,195,4,38
494.165354019,16.80,0,0,195,4,38
494.242130933,16.80,0,0,195,4,38
494.319106513,16.80,0,0,195,4,38
494.395905919,16.80,0,0,195,4,38
494.472770439,16.80,0,0,195,4,38
494.549705523,16.69,0,0,195,4,38
494.626464853,16.69,0,0,195,4,38
494.704304362,16.69,0,0,195,4,38
494.781154474,16.69,0,0,195,4,38
494.858033041,16.69,0,0,195,4,38
494.935272842,16.69,0,0,195,4,38
495.013456673,16.69,0,0,195,4,38
495.091034435,16.69,0,0,195,4,38
495.168250692,16.69,0,0,195,4,38
495.245131433,16.69,0,0,195,4,38
495.322302113,16.69,0,0,195,4,38
495.399251814,16.69,0,0,195,4,38
495.476823345,16.69,0,0,195,4,38
495.553807432,16.67,0,0,195,4,38
495.630975267,16.67,0,0,195,4,38
495.708051177,16.67,0,0,195,4,38
495.785251875,16.67,0,0,195,4,38
495.862847250,16.67,0,0,195,4,38
495.941075876,16.67,0,0,195,4,38
496.018066114,16.67,0,0,195,4,38
496.095741281,16.67,0,0,195,4,38
496.173390819,16.67,0,0,195,4,38
496.250242224,16.67,0,0,195,4,38
496.327559292,16.67,0,0,195,4,38
496.404274469,16.67,0,0,195,4,38
496.481311446,16.67,0,0,195,4,38
496.558748421,16.58,0,0,195,4,38
496.635664369,16.58,0,0,195,4,38
496.712443036,16.58,0,0,195,4,38
496.789414759,16.58,0,0,195,4,38
496.866742387,16.58,0,0,195,4,38
496.944351398,16.58,0,0,195,4,38
497.021796158,16.58,0,0,195,4,38
497.099026031,16.58,0,0,195,4,38
497.176090119,16.58,0,0,195,4,38
497.253020744,16.58,0,0,195,4,38
497.330003549,16.58,0,0,195,4,38
497.406768700,16.58,0,0,195,4,38
497.484089405,16.58,0,0,195,4,38
497.561670444,16.82,0,0,195,4,38
497.638979246,16.82,0,0,195,4,38
497.716470715,16.82,0,0,195,4,38
497.793818371,16.82,0,0,195,4,38
497.870166933,16.82,0,0,195,4,38
497.947161589,16.82,0,0,195,4,38
498.023615120,16.82,0,0,195,4,38
498.099950657,16.82,0,0,195,4,38
498.176405922,16.82,0,0,195,4,38
498.252449665,16.82,0,0,195,4,38
498.328116104,16.82,0,0,195,4,38
498.404972829,16.82,0,0,195,4,38
498.481067640,16.82,0,0,195,4,38
498.557337253,16.86,0,0,195,4,38
498.634315428,16.86,0,0,195,4,38
498.710870351,16.86,0,0,195,4,38
498.787761602,16.86,0,0,195,4,38
498.864952912,16.86,0,0,195,4,38
498.942168367,16.86,0,0,195,4,38
499.019325812,16.86,0,0,195,4,38
499.096635947,16.86,0,0,195,4,38
499.173910505,16.86,0,0,195,4,38
499.251563830,16.86,0,0,195,4,38
499.328269870,16.86,0,0,195,4,38
499.405524880,16.86,0,0,195,4,38
499.482691894,16.86,0,0,195,4,38
499.560141223,16.86,0,0,195,4,38
499.637404509,16.86,0,0,195,4,38
499.714399777,16.86,0,0,195,4,38
499.791766269,16.86,0,0,195,4,38
499.868917212,16.86,0,0,195,4,38
499.946070369,16.86,0,0,195,4,38
500.023132665,16.86,0,0,195,4,38
500.100570001,16.86,0,0,195,4,38
500.177536234,16.86,0,0,195,4,38
500.254508097,16.86,0,0,195,4,38
500.331408535,16.86,0,0,195,4,38
500.408162236,16.86,0,0,195,4,38
500.485239770,16.86,0,0,195,4,38
500.562484230,17.15,0,0,195,4,38
500.639603854,17.15,0,0,195,4,38
500.718178306,17.15,0,0,195,4,38
500.796241218,17.15,0,0,195,4,38
500.875126790,17.15,0,0,195,4,38
500.952854827,17.15,0,0,195,4,38
501.029991653,17.15,0,0,195,4,38
501.107726624,17.15,0,0,195,4,38
501.185230116,17.15,0,0,195,4,38
501.262052787,17.15,0,0,195,4,38
501.338762844,17.15,0,0,195,4,38
501.415844947,17.15,0,0,195,4,38
501.492170205,17.15,0,0,195,4,38
501.569588545,16.75,0,0,195,4,38
501.647043965,16.75,0,0,195,4,38
501.724356876,16.75,0,0,195,4,38
501.801644668,16.75,0,0,195,4,38
501.878723154,16.75,0,0,195,4,38
501.955838981,16.75,0,0,195,4,38
502.033240118,16.75,0,0,195,4,38
502.110274290,16.75,0,0,195,4,38
502.186958148,16.75,0,0,195,4,38
502.263840202,16.75,0,0,195,4,38
502.341381435,16.75,0,0,195,4,38
502.418238070,16.75,0,0,195,4,38
502.495052696,16.75,0,0,195,4,38
502.572173001,16.89,0,0,195,4,38
502.649226660,16.89,0,0,195,4,38
502.727424017,16.89,0,0,195,4,38
502.804595980,16.89,0,0,195,4,38
502.881762844,16.89,0,0,195,4,38
502.958906583,16.89,0,0,195,4,38
503.037900831,16.89,0,0,195,4,38
503.114749251,16.89,0,0,195,4,38
503.191233310,16.89,0,0,195,4,38
503.268014562,16.89,0,0,195,4,38
503.345330709,16.89,0,0,195,4,38
503.422525616,16.89,0,0,195,4,38
503.499750129,16.89,0,0,195,4,38
503.577134905,16.85,0,0,195,4,38
503.654211367,16.85,0,0,195,4,38
503.731497006,16.85,0,0,195,4,38
503.808599247,16.85,0,0,195,4,38
503.885682903,16.85,0,0,195,4,38
503.962420993,16.85,0,0,195,4,38
504.040266193,16.85,0,0,195,4,38
504.117021446,16.85,0,0,195,4,38
504.193517037,16.85,0,0,195,4,38
504.271181244,16.85,0,0,195,4,38
504.347892524,16.85,0,0,195,4,38
504.424789556,16.85,0,0,195,4,38
504.501223379,16.85,0,0,195,4,38
504.578318978,16.87,0,0,195,4,38
504.655278809,16.87,0,0,195,4,38
504.732849908,16.87,0,0,195,4,38
504.810201092,16.87,0,0,195,4,38
504.887424924,16.87,0,0,195,4,38
504.964629098,16.87,0,0,195,4,38
505.042644701,16.87,0,0,195,4,38
505.119731332,16.87,0,0,195,4,38
505.197349311,16.87,0,0,195,4,38
505.274642815,16.87,0,0,195,4,38
505.352041378,16.87,0,0,195,4,38
505.429074077,16.87,0,0,195,4,38
505.505928248,16.87,0,0,195,4,38
505.583720406,16.87,0,0,195,4,38
505.660305597,16.87,0,0,195,4,38
505.736968365,16.87,0,0,195,4,38
505.813342546,16.87,0,0,195,4,38
505.889862202,16.87,0,0,195,4,38
505.967137861,16.87,0,0,195,4,38
506.043652348,16.87,0,0,195,4,38
506.119570384,16.87,0,0,195,4,38
506.196102555,16.87,0,0,195,4,38
506.273238540,16.87,0,0,195,4,38
506.350202489,16.87,0,0,195,4,38
506.427418085,16.87,0,0,195,4,38
506.504206321,16.87,0,0,195,4,38
506.581194957,16.93,0,0,195,4,38
506.658016296,16.93,0,0,195,4,38
506.735615078,16.93,0,0,195,4,38
506.812915144,16.93,0,0,195,4,38
506.890025721,16.93,0,0,195,4,38
506.967102975,16.93,0,0,195,4,38
507.044206809,16.93,0,0,195,4,38
507.120895597,16.93,0,0,195,4,38
507.198289320,16.93,0,0,195,4,38
507.275258179,16.93,0,0,195,4,38
507.351789508,16.93,0,0,195,4,38
507.428772232,16.93,0,0,195,4,38
507.505776819,16.93,0,0,195,4,38
507.582913034,16.85,0,0,195,4,38
507.660268435,16.85,0,0,195,4,38
507.737266880,16.85,0,0,195,4,38
507.814394589,16.85,0,0,195,4,38
507.891248500,16.85,0,0,195,4,38
507.968242426,16.85,0,0,195,4,38
508.046055735,16.85,0,0,195,4,38
508.123296288,16.85,0,0,195,4,38
508.200103380,16.85,0,0,195,4,38
508.276988099,16.85,0,0,195,4,38
508.354572664,16.85,0,0,195,4,38
508.431332727,16.85,0,0,195,4,38
508.508438886,16.85,0,0,195,4,38
508.585871383,16.83,0,0,195,4,38
508.662976340,16.83,0,0,195,4,38
508.740164073,16.83,0,0,195,4,38
508.817184990,16.83,0,0,195,4,38
508.894126577,16.83,0,0,195,4,38
508.971406295,16.83,0,0,195,4,38
509.048650565,16.83,0,0,195,4,38
509.125125637,16.83,0,0,195,4,38
509.201734714,16.83,0,0,195,4,38
509.279007649,16.83,0,0,195,4,38
509.356126762,16.83,0,0,195,4,38
509.432937831,16.83,0,0,195,4,38
509.509820126,16.83,0,0,195,4,38
509.587134970,16.81,0,0,195,4,38
509.664469101,16.81,0,0,195,4,38
509.741550914,16.81,0,0,195,4,38
509.818009334,16.81,0,0,195,4,38
509.893688939,16.81,0,0,195,4,38
509.971071351,16.81,0,0,195,4,38
510.047813871,16.81,0,0,195,4,38
510.123368638,16.81,0,0,195,4,38
510.199785951,16.81,0,0,195,4,38
510.276288095,16.81,0,0,195,4,38
510.352791431,16.81,0,0,195,4,38
510.428665965,16.81,0,0,195,4,38
510.506434129,16.81,0,0,195,4,38
510.583901823,16.85,0,0,195,4,38
510.660801310,16.85,0,0,195,4,38
510.738001737,16.85,0,0,195,4,38
510.815523804,16.85,0,0,195,4,38
510.892233772,16.85,0,0,195,4,38
510.969293192,16.85,0,0,195,4,38
511.047015289,16.85,0,0,195,4,38
511.124873534,16.85,0,0,195,4,38
511.202014208,16.85,0,0,195,4,38
511.279088987,16.85,0,0,195,4,38
511.356081471,16.85,0,0,195,4,38
511.432734571,16.85,0,0,195,4,38
511.509719550,16.85,0,0,195,4,38
511.586923744,16.92,0,0,195,4,38
511.664233670,16.92,0,0,195,4,38
511.741398420,16.92,0,0,195,4,38
511.818198198,16.92,0,0,195,4,38
511.895161746,16.92,0,0,195,4,38
511.972359659,16.92,0,0,195,4,38
512.050031119,16.92,0,0,195,4,38
512.127149742,16.92,0,0,195,4,38
512.204112980,16.92,0,0,195,4,38
512.281297748,16.92,0,0,195,4,38
512.358405630,16.92,0,0,195,4,38
512.435447777,16.92,0,0,195,4,38
512.512941451,16.92,0,0,195,4,38
512.590395228,17.12,0,0,195,4,38
512.668592566,17.12,0,0,195,4,38
512.745675982,17.12,0,0,195,4,38
512.823044057,17.12,0,0,195,4,38
512.900076857,17.12,0,0,195,4,38
512.977126509,17.12,0,0,195,4,38
513.054985004,17.12,0,0,195,4,38
513.131800412,17.12,0,0,195,4,38
513.209083667,17.12,0,0,195,4,38
513.286065059,17.12,0,0,195,4,38
513.363661387,17.12,0,0,195,4,38
513.441447034,17.12,0,0,195,4,38
513.519216631,17.12,0,0,195,4,38
513.596260081,17.07,0,0,195,4,38
513.673427566,17.07,0,0,195,4,38
513.750462330,17.07,0,0,195,4,38
513.827265675,17.07,0,0,195,4,38
513.904293475,17.07,0,0,195,4,38
513.981600405,17.07,0,0,195,4,38
514.059222622,17.07,0,0,195,4,38
514.136205237,17.07,0,0,195,4,38
514.213294364,17.07,0,0,195,4,38
514.290089804,17.07,0,0,195,4,38
514.367287987,17.07,0,0,195,4,38
514.446778847,17.07,0,0,195,4,38
514.524101246,17.07,0,0,195,4,38
514.601413576,16.87,0,0,195,4,38
514.678550273,16.87,0,0,195,4,38
514.756144787,16.87,0,0,195,4,38
514.833361767,16.87,0,0,195,4,38
514.910340384,16.87,0,0,195,4,38
514.987184907,16.87,0,0,195,4,38
515.064053626,16.87,0,0,195,4,38
515.141226842,16.87,0,0,195,4,38
515.218685038,16.87,0,0,195,4,38
515.295308733,16.87,0,0,195,4,38
515.372345360,16.87,0,0,195,4,38
515.449814076,16.87,0,0,195,4,38
515.526472687,16.87,0,0,195,4,38
515.604093141,17.38,0,0,195,4,38
515.681058493,17.38,0,0,195,4,38
515.757821672,17.38,0,0,195,4,38
515.834834414,17.38,0,0,195,4,38
515.911090422,17.38,0,0,195,4,38
515.987376816,17.38,0,0,195,4,38
516.063779472,17.38,0,0,195,4,38
516.140402144,17.38,0,0,195,4,38
516.216438125,17.38,0,0,195,4,38
516.293024949,17.38,0,0,195,4,38
516.369697466,17.38,0,0,195,4,38
516.445942603,17.38,0,0,195,4,38
516.522934425,17.38,0,0,195,4,38
516.600947624,16.79,0,0,195,4,37
516.678311061,16.79,0,0,195,4,37
516.755039654,16.79,0,0,195,4,37
516.832617397,16.79,0,0,195,4,37
516.909458714,16.79,0,0,195,4,37
516.986590943,16.79,0,0,195,4,37
517.063480121,16.79,0,0,195,4,37
517.140394536,16.79,0,0,195,4,37
517.217644238,16.79,0,0,195,4,37
517.297058472,16.79,0,0,195,4,37
517.374347158,16.79,0,0,195,4,37
517.451620844,16.79,0,0,195,4,37
517.528325863,16.79,0,0,195,4,37
517.605430299,16.83,0,0,195,4,38
517.682551887,16.83,0,0,195,4,38
517.759526387,16.83,0,0,195,4,38
517.836949457,16.83,0,0,195,4,38
517.913974933,16.83,0,0,195,4,38
517.991305157,16.83,0,0,195,4,38
518.068687189,16.83,0,0,195,4,38
518.145357602,16.83,0,0,195,4,38
518.223795426,16.83,0,0,195,4,38
518.301491133,16.83,0,0,195,4,38
518.379315454,16.83,0,0,195,4,38
518.456342633,16.83,0,0,195,4,38
518.533297305,16.83,0,0,195,4,38
518.610698243,16.82,0,0,195,4,38
518.687353277,16.82,0,0,195,4,38
518.764448175,16.82,0,0,195,4,38
518.841568962,16.82,0,0,195,4,38
518.918599558,16.82,0,0,195,4,38
518.996707977,16.82,0,0,195,4,38
519.073735487,16.82,0,0,195,4,38
519.152902965,16.82,0,0,195,4,38
519.230079167,16.82,0,0,195,4,38
519.306859168,16.82,0,0,195,4,38
519.385478556,16.82,0,0,195,4,38
519.462722757,16.82,0,0,195,4,38
519.540474099,16.82,0,0,195,4,38
519.617864247,16.83,0,0,195,4,37
519.694762111,16.83,0,0,195,4,37
519.771790954,16.83,0,0,195,4,37
519.848944793,16.83,0,0,195,4,37
519.925822740,16.83,0,0,195,4,37
520.002818249,16.83,0,0,195,4,37
520.080331410,16.83,0,0,195,4,37
520.157287766,16.83,0,0,195,4,37
520.234105238,16.83,0,0,195,4,37
520.311417047,16.83,0,0,195,4,37
520.388376137,16.83,0,0,195,4,37
520.465248774,16.83,0,0,195,4,37
520.543892348,16.83,0,0,195,4,37
520.621366665,16.84,0,0,195,4,38
520.698539050,16.84,0,0,195,4,38
520.775429800,16.84,0,0,195,4,38
520.852918735,16.84,0,0,195,4,38
520.929904035,16.84,0,0,195,4,38
521.006910316,16.84,0,0,195,4,38
521.084725288,16.84,0,0,195,4,38
521.161898756,16.84,0,0,195,4,38
521.239507608,16.84,0,0,195,4,38
521.316754073,16.84,0,0,195,4,38
521.394497090,16.84,0,0,195,4,38
521.471819770,16.84,0,0,195,4,38
521.548749284,16.98,0,0,195,4,37
521.625598266,16.98,0,0,195,4,37
521.701992416,16.98,0,0,195,4,37
521.778617623,16.98,0,0,195,4,37
521.855321290,16.98,0,0,195,4,37
521.931485964,16.98,0,0,195,4,37
522.008125779,16.98,0,0,195,4,37
522.084602385,16.98,0,0,195,4,37
522.162406317,16.98,0,0,195,4,37
522.238989175,16.98,0,0,195,4,37
522.316411884,16.98,0,0,195,4,37
522.393090964,16.98,0,0,195,4,37
522.470477665,16.98,0,0,195,4,37
522.549186673,16.97,0,0,195,4,37
522.626686159,16.97,0,0,195,4,37
522.704318816,16.97,0,0,195,4,37
522.781436968,16.97,0,0,195,4,37
522.858346505,16.97,0,0,195,4,37
522.935684815,16.97,0,0,195,4,37
523.012756208,16.97,0,0,195,4,37
523.090209806,16.97,0,0,195,4,37
523.167078696,16.97,0,0,195,4,37
523.244489102,16.97,0,0,195,4,37
523.322618732,16.97,0,0,195,4,37
523.400378300,16.97,0,0,195,4,37
523.477242421,16.97,0,0,195,4,37
523.554283206,17.03,0,0,195,4,37
523.631298033,17.03,0,0,195,4,37
523.708271290,17.03,0,0,195,4,37
523.785547852,17.03,0,0,195,4,37
523.862546889,17.03,0,0,195,4,37
523.939703203,17.03,0,0,195,4,37
524.016774978,17.03,0,0,195,4,37
524.094417294,17.03,0,0,195,4,37
524.171423494,17.03,0,0,195,4,37
524.248882192,17.03,0,0,195,4,37
524.325665479,17.03,0,0,195,4,37
524.402739317,17.03,0,0,195,4,37
524.479940437,17.03,0,0,195,4,37
524.557171383,16.87,0,0,195,4,37
524.633974137,16.87,0,0,195,4,37
524.711890873,16.87,0,0,195,4,37
524.789057197,16.87,0,0,195,4,37
524.866209584,16.87,0,0,195,4,37
524.943210374,16.87,0,0,195,4,37
525.020443544,16.87,0,0,195,4,37
525.097667247,16.87,0,0,195,4,37
525.175099204,16.87,0,0,195,4,37
525.252317676,16.87,0,0,195,4,37
525.330159600,16.87,0,0,195,4,37
525.407965747,16.87,0,0,195,4,37
525.486452103,16.87,0,0,195,4,37
525.564222602,16.75,0,0,195,4,37
525.641604234,16.75,0,0,195,4,37
525.718917757,16.75,0,0,195,4,37
525.795994250,16.75,0,0,195,4,37
525.873179500,16.75,0,0,195,4,37
525.950359399,16.75,0,0,195,4,37
526.027456020,16.75,0,0,195,4,37
526.104989450,16.75,0,0,195,4,37
526.182524703,16.75,0,0,195,4,37
526.260011524,16.75,0,0,195,4,37
526.337195862,16.75,0,0,195,4,37
526.414750833,16.75,0,0,195,4,37
526.492357872,16.75,0,0,195,4,37
526.570102842,16.67,0,0,195,4,37
526.647629439,16.67,0,0,195,4,37
526.725198486,16.67,0,0,195,4,37
526.802518992,16.67,0,0,195,4,37
526.879410886,16.67,0,0,195,4,37
526.957516330,16.67,0,0,195,4,37
527.034560071,16.67,0,0,195,4,37
527.111403823,16.67,0,0,195,4,37
527.187775510,16.67,0,0,195,4,37
527.264931224,16.67,0,0,195,4,37
527.341865838,16.67,0,0,195,4,37
527.419131521,16.67,0,0,195,4,37
527.495605602,16.67,0,0,195,4,37
527.572037994,16.71,0,0,195,4,37
527.648742422,16.71,0,0,195,4,37
527.726312151,16.71,0,0,195,4,37
527.803186731,16.71,0,0,195,4,37
527.879835965,16.71,0,0,195,4,37
527.956107943,16.71,0,0,195,4,37
528.032255756,16.71,0,0,195,4,37
528.108787096,16.71,0,0,195,4,37
528.184869555,16.71,0,0,195,4,37
528.260792642,16.71,0,0,195,4,37
528.338455998,16.71,0,0,195,4,37
528.416538218,16.71,0,0,195,4,37
528.493968312,16.71,0,0,195,4,37
528.571008035,16.83,0,0,195,4,37
528.648675680,16.83,0,0,195,4,37
528.725949507,16.83,0,0,195,4,37
528.802726823,16.83,0,0,195,4,37
528.879873540,16.83,0,0,195,4,37
528.956812904,16.83,0,0,195,4,37
529.033905377,16.83,0,0,195,4,37
529.110983043,16.83,0,0,195,4,37
529.188468612,16.83,0,0,195,4,37
529.266156485,16.83,0,0,195,4,37
529.343824049,16.83,0,0,195,4,37
529.421112344,16.83,0,0,195,4,37
529.497642402,16.83,0,0,195,4,37
529.575905605,16.81,0,0,195,4,37
529.652996957,16.81,0,0,195,4,37
529.731514712,16.81,0,0,195,4,37
529.808498600,16.81,0,0,195,4,37
529.886270923,16.81,0,0,195,4,37
529.963194256,16.81,0,0,195,4,37
530.041087538,16.81,0,0,195,4,37
530.118446928,16.81,0,0,195,4,37
530.196611355,16.81,0,0,195,4,37
530.274189600,16.81,0,0,195,4,37
530.351530544,16.81,0,0,195,4,37
530.428910653,16.81,0,0,195,4,37
530.506687585,16.81,0,0,195,4,37
530.584239650,17.22,0,0,195,4,37
530.661538265,17.22,0,0,195,4,37
530.738864231,17.22,0,0,195,4,37
530.815856445,17.22,0,0,195,4,37
530.893452424,17.22,0,0,195,4,37
530.971124386,17.22,0,0,195,4,37
531.050158771,17.22,0,0,195,4,37
531.127775940,17.22,0,0,195,4,37
531.205016755,17.22,0,0,195,4,37
531.282189972,17.22,0,0,195,4,37
531.359391413,17.22,0,0,195,4,37
531.436338671,17.22,0,0,195,4,37
531.513624612,17.22,0,0,195,4,37
531.591018728,16.88,0,0,195,4,37
531.668614205,16.88,0,0,195,4,37
531.746035443,16.88,0,0,195,4,37
531.823198931,16.88,0,0,195,4,37
531.900124979,16.88,0,0,195,4,37
531.977555013,16.88,0,0,195,4,37
532.054481012,16.88,0,0,195,4,37
532.131489025,16.88,0,0,195,4,37
532.208432928,16.88,0,0,195,4,37
532.285762391,16.88,0,0,195,4,37
532.362943202,16.88,0,0,195,4,37
532.440288766,16.88,0,0,195,4,37
532.517567373,16.88,0,0,195,4,37
532.594664826,16.87,0,0,195,4,37
532.671847642,16.87,0,0,195,4,37
532.749032180,16.87,0,0,195,4,37
532.825964420,16.87,0,0,195,4,37
532.903531584,16.87,0,0,195,4,37
532.980289334,16.87,0,0,195,4,37
533.057704950,16.87,0,0,195,4,37
533.134184171,16.87,0,0,195,4,37
533.211348973,16.87,0,0,195,4,37
533.288578707,16.87,0,0,195,4,37
533.366411344,16.87,0,0,195,4,37
533.443284382,16.87,0,0,195,4,37
533.520533774,16.87,0,0,195,4,37
533.597061808,16.71,0,0,195,4,37
533.673810009,16.71,0,0,195,4,37
533.750263502,16.71,0,0,195,4,37
533.826538716,16.71,0,0,195,4,37
533.903127305,16.71,0,0,195,4,37
533.979327257,16.71,0,0,195,4,37
534.055937797,16.71,0,0,195,4,37
534.132295869,16.71,0,0,195,4,37
534.208662236,16.71,0,0,195,4,37
534.285590469,16.71,0,0,195,4,37
534.362912759,16.71,0,0,195,4,37
534.440308017,16.71,0,0,195,4,37
534.516900914,16.71,0,0,195,4,37
534.594288347,16.76,0,0,195,4,37
534.671595057,16.76,0,0,195,4,37
534.748664738,16.76,0,0,195,4,37
534.825962120,16.76,0,0,195,4,37
534.902900282,16.76,0,0,195,4,37
534.980057198,16.76,0,0,195,4,37
535.057191381,16.76,0,0,195,4,37
535.134118421,16.76,0,0,195,4,37
535.210902281,16.76,0,0,195,4,37
535.287882151,16.76,0,0,195,4,37
535.365784841,16.76,0,0,195,4,37
535.444070658,16.76,0,0,195,4,37
535.521525529,16.76,0,0,195,4,37
535.598289681,16.91,0,0,195,4,37
535.675116701,16.91,0,0,195,4,37
535.752273547,16.91,0,0,195,4,37
535.829289647,16.91,0,0,195,4,37
535.906685125,16.91,0,0,195,4,37
535.984542820,16.91,0,0,195,4,37
536.061605858,16.91,0,0,195,4,37
536.139339268,16.91,0,0,195,4,37
536.216762449,16.91,0,0,195,4,37
536.294462745,16.91,0,0,195,4,37
536.371413200,16.91,0,0,195,4,37
536.448402288,16.91,0,0,195,4,37
536.525647312,16.91,0,0,195,4,37
536.602975723,16.96,0,0,195,4,37
536.680735923,16.96,0,0,195,4,37
536.758435308,16.96,0,0,195,4,37
536.835364042,16.96,0,0,195,4,37
536.912440115,16.96,0,0,195,4,37
536.989414585,16.96,0,0,195,4,37
537.066317119,16.96,0,0,195,4,37
537.143491288,16.96,0,0,195,4,37
537.220588201,16.96,0,0,195,4,37
537.298031310,16.96,0,0,195,4,37
537.375265493,16.96,0,0,195,4,37
537.452257396,16.96,0,0,195,4,37
537.529327729,16.96,0,0,195,4,37
537.606193032,16.99,0,0,195,4,37
537.682295409,16.99,0,0,195,4,37
537.758841628,16.99,0,0,195,4,37
537.835359182,16.99,0,0,195,4,37
537.911224911,16.99,0,0,195,4,37
537.987918338,16.99,0,0,195,4,37
538.065196404,16.99,0,0,195,4,37
538.141303240,16.99,0,0,195,4,37
538.218410272,16.99,0,0,195,4,37
538.295769151,16.99,0,0,195,4,37
538.373084137,16.99,0,0,195,4,37
538.450432266,16.99,0,0,195,4,37
538.528370334,16.99,0,0,195,4,37
538.605438472,17.06,0,0,195,4,37
538.682749220,17.06,0,0,195,4,37
538.759176012,17.06,0,0,195,4,37
538.835974880,17.06,0,0,195,4,37
538.913304854,17.06,0,0,195,4,37
538.991115309,17.06,0,0,195,4,37
539.068080763,17.06,0,0,195,4,37
539.145668556,17.06,0,0,195,4,37
539.223293240,17.06,0,0,195,4,37
539.300702134,17.06,0,0,195,4,37
539.377701281,17.06,0,0,195,4,37
539.454025799,17.06,0,0,195,4,37
539.530376097,17.06,0,0,195,4,37
539.608514514,17.10,0,0,195,4,37
539.685881839,17.10,0,0,195,4,37
539.762117369,17.10,0,0,195,4,37
539.839590545,17.10,0,0,195,4,37
539.916162923,17.10,0,0,195,4,37
539.993057643,17.10,0,0,195,4,37
540.069688993,17.10,0,0,195,4,37
540.146317708,17.10,0,0,195,4,37
540.223286398,17.10,0,0,195,4,37
540.300203760,17.10,0,0,195,4,37
540.377217816,17.10,0,0,195,4,37
540.454215630,17.10,0,0,195,4,37
540.530972438,17.10,0,0,195,4,37
540.608615987,17.06,0,0,195,4,37
540.686344858,17.06,0,0,195,4,37
540.763298720,17.06,0,0,195,4,37
540.840445808,17.06,0,0,195,4,37
540.917275204,17.06,0,0,195,4,37
540.994420578,17.06,0,0,195,4,37
541.071572235,17.06,0,0,195,4,37
541.148672664,17.06,0,0,195,4,37
541.226111786,17.06,0,0,195,4,37
541.303307526,17.06,0,0,195,4,37
541.380542921,17.06,0,0,195,4,37
541.457756084,17.06,0,0,195,4,37
541.535841171,17.06,0,0,195,4,37
541.613245767,16.90,0,0,195,4,37
541.690295550,16.90,0,0,195,4,37
541.768247013,16.90,0,0,195,4,37
541.845551129,16.90,0,0,195,4,37
541.922441410,16.90,0,0,195,4,37
542.001226283,16.90,0,0,195,4,37
542.079240314,16.90,0,0,195,4,37
542.156931774,16.90,0,0,195,4,37
542.233917266,16.90,0,0,195,4,37
542.311242912,16.90,0,0,195,4,37
542.388288749,16.90,0,0,195,4,37
542.465721027,16.90,0,0,195,4,37
542.542594266,16.90,0,0,195,4,37
542.620226914,16.68,0,0,195,4,37
542.697412505,16.68,0,0,195,4,37
542.774404539,16.68,0,0,195,4,37
542.851423344,16.68,0,0,195,4,37
542.928852437,16.68,0,0,195,4,37
543.006449668,16.68,0,0,195,4,37
543.083249428,16.68,0,0,195,4,37
543.160294602,16.68,0,0,195,4,37
543.237281276,16.68,0,0,195,4,37
543.314574942,16.68,0,0,195,4,37
543.392287642,16.68,0,0,195,4,37
543.469103442,16.68,0,0,195,4,37
543.548831243,16.68,0,0,195,4,37
543.627413151,16.85,0,0,195,4,37
543.705340990,16.85,0,0,195,4,37
543.783011720,16.85,0,0,195,4,37
543.860147287,16.85,0,0,195,4,37
543.937928306,16.85,0,0,195,4,37
544.015327302,16.85,0,0,195,4,37
544.092291303,16.85,0,0,195,4,37
544.169667155,16.85,0,0,195,4,37
544.246922368,16.85,0,0,195,4,37
544.324211816,16.85,0,0,195,4,37
544.402002323,16.85,0,0,195,4,37
544.479428631,16.85,0,0,195,4,37
544.556726986,16.89,0,0,195,4,37
544.634300833,16.89,0,0,195,4,37
544.711156488,16.89,0,0,195,4,37
544.788568689,16.89,0,0,195,4,37
544.865368429,16.89,0,0,195,4,37
544.942319625,16.89,0,0,195,4,37
545.020427946,16.89,0,0,195,4,37
545.097424258,16.89,0,0,195,4,37
545.174063493,16.89,0,0,195,4,37
545.250287231,16.89,0,0,195,4,37
545.326591632,16.89,0,0,195,4,37
545.402407265,16.89,0,0,195,4,37
545.478251714,16.89,0,0,195,4,37
545.556027444,16.90,0,0,195,4,37
545.632218920,16.90,0,0,195,4,37
545.707923424,16.90,0,0,195,4,37
545.785433650,16.90,0,0,195,4,37
545.862431054,16.90,0,0,195,4,37
545.938622731,16.90,0,0,195,4,37
546.015865260,16.90,0,0,195,4,37
546.093273544,16.90,0,0,195,4,37
546.170242434,16.90,0,0,195,4,37
546.247054868,16.90,0,0,195,4,37
546.323533128,16.90,0,0,195,4,37
546.400813569,16.90,0,0,195,4,37
546.477562272,16.90,0,0,195,4,37
546.556422317,16.81,0,0,195,4,37
546.633786797,16.81,0,0,195,4,37
546.711737128,16.81,0,0,195,4,37
546.788609736,16.81,0,0,195,4,37
546.865812510,16.81,0,0,195,4,37
546.942887431,16.81,0,0,195,4,37
547.019744029,16.81,0,0,195,4,37
547.096643137,16.81,0,0,195,4,37
547.173189295,16.81,0,0,195,4,37
547.249523723,16.81,0,0,195,4,37
547.327773121,16.81,0,0,195,4,37
547.404625230,16.81,0,0,195,4,37
547.483358275,16.81,0,0,195,4,37
547.561248513,17.26,0,0,195,4,37
547.638900338,17.26,0,0,195,4,37
547.716135723,17.26,0,0,195,4,37
547.793084836,17.26,0,0,195,4,37
547.870467080,17.26,0,0,195,4,37
547.946960690,17.26,0,0,195,4,37
548.024029169,17.26,0,0,195,4,37
548.101650336,17.26,0,0,195,4,37
548.178775032,17.26,0,0,195,4,37
548.258325667,17.26,0,0,195,4,37
548.335891088,17.26,0,0,195,4,37
548.413089183,17.26,0,0,195,4,37
548.490007417,17.26,0,0,195,4,37
548.567254485,16.80,0,0,195,4,37
548.644328976,16.80,0,0,195,4,37
548.721517272,16.80,0,0,195,4,37
548.799025264,16.80,0,0,195,4,37
548.876079517,16.80,0,0,195,4,37
548.953216236,16.80,0,0,195,4,37
549.030202619,16.80,0,0,195,4,37
549.107057072,16.80,0,0,195,4,37
549.183596048,16.80,0,0,195,4,37
549.261421693,16.80,0,0,195,4,37
549.338431000,16.80,0,0,195,4,37
549.415580633,16.80,0,0,195,4,37
549.493013493,16.80,0,0,195,4,37
549.570233440,16.84,0,0,187,4,37
549.647415284,16.84,0,0,187,4,37
549.724310234,16.84,0,0,187,4,37
549.801291899,16.84,0,0,187,4,37
549.878952671,16.84,0,0,187,4,37
549.956210329,16.84,0,0,187,4,37
550.034250681,16.84,0,0,187,4,37
550.112181134,16.84,0,0,187,4,37
550.190020996,16.84,0,0,187,4,37
550.267539649,16.84,0,0,187,4,37
550.345004479,16.84,0,0,187,4,37
550.422123094,16.84,0,0,187,4,37
550.498933464,16.84,0,0,187,4,37
550.575950165,16.83,0,0,195,4,37
550.652781575,16.83,0,0,195,4,37
550.729324027,16.83,0,0,195,4,37
550.805592930,16.83,0,0,195,4,37
550.883059264,16.83,0,0,195,4,37
550.959890744,16.83,0,0,195,4,37
551.037238272,16.83,0,0,195,4,37
551.114114968,16.83,0,0,195,4,37
551.191811037,16.83,0,0,195,4,37
551.268161686,16.83,0,0,195,4,37
551.345117000,16.83,0,0,195,4,37
551.421817522,16.83,0,0,195,4,37
551.498297676,16.83,0,0,195,4,37
551.574841791,16.83,0,0,195,4,37
551.651154588,16.83,0,0,195,4,37
551.727553889,16.83,0,0,195,4,37
551.804709684,16.83,0,0,195,4,37
551.880773649,16.83,0,0,195,4,37
551.956973131,16.83,0,0,195,4,37
552.033994250,16.83,0,0,195,4,37
552.111558419,16.83,0,0,195,4,37
552.189001269,16.83,0,0,195,4,37
552.266083314,16.83,0,0,195,4,37
552.344990649,16.83,0,0,195,4,37
552.422513369,16.83,0,0,195,4,37
552.499895884,16.83,0,0,195,4,37
552.577375854,16.86,0,0,195,4,37
552.654800238,16.86,0,0,195,4,37
552.732659216,16.86,0,0,195,4,37
552.809878872,16.86,0,0,195,4,37
552.887469361,16.86,0,0,195,4,37
552.964360114,16.86,0,0,195,4,37
553.042163456,16.86,0,0,195,4,37
553.119588882,16.86,0,0,195,4,37
553.197251588,16.86,0,0,195,4,37
553.275293063,16.86,0,0,195,4,37
553.352515033,16.86,0,0,195,4,37
553.429663955,16.86,0,0,195,4,37
553.506411305,16.86,0,0,195,4,37
553.583556951,16.75,0,0,195,4,37
553.660207067,16.75,0,0,195,4,37
553.737381889,16.75,0,0,195,4,37
553.814713196,16.75,0,0,195,4,37
553.891634867,16.75,0,0,195,4,37
553.968265246,16.75,0,0,195,4,37
554.045316153,16.75,0,0,195,4,37
554.122598417,16.75,0,0,195,4,37
554.199919696,16.75,0,0,195,4,37
554.277034003,16.75,0,0,195,4,37
554.355087800,16.75,0,0,195,4,37
554.432572639,16.75,0,0,195,4,37
554.509757159,16.75,0,0,195,4,37
554.587417650,16.88,0,0,195,4,37
554.663991432,16.88,0,0,195,4,37
554.740951175,16.88,0,0,195,4,37
554.818357666,16.88,0,0,195,4,37
554.895408732,16.88,0,0,195,4,37
554.972767311,16.88,0,0,195,4,37
555.049420253,16.88,0,0,195,4,37
555.126906565,16.88,0,0,195,4,37
555.204200792,16.88,0,0,195,4,37
555.282125465,16.88,0,0,195,4,37
555.359285328,16.88,0,0,195,4,37
555.436416205,16.88,0,0,195,4,37
555.514055938,16.88,0,0,195,4,37
555.591244756,16.83,0,0,195,4,37
555.667845368,16.83,0,0,195,4,37
555.745385362,16.83,0,0,195,4,37
555.822855854,16.83,0,0,195,4,37
555.900300937,16.83,0,0,195,4,37
555.977881467,16.83,0,0,195,4,37
556.056702269,16.83,0,0,195,4,37
556.134201425,16.83,0,0,195,4,37
556.211177700,16.83,0,0,195,4,37
556.288581846,16.83,0,0,195,4,37
556.365819005,16.83,0,0,195,4,37
556.442720288,16.83,0,0,195,4,37
556.520051265,16.83,0,0,195,4,37
556.597370580,16.61,0,0,195,4,37
556.673839173,16.61,0,0,195,4,37
556.750241800,16.61,0,0,195,4,37
556.827185683,16.61,0,0,195,4,37
556.903846791,16.61,0,0,195,4,37
556.980636462,16.61,0,0,195,4,37
557.059807698,16.61,0,0,195,4,37
557.136348196,16.61,0,0,195,4,37
557.213446352,16.61,0,0,195,4,37
557.289933189,16.61,0,0,195,4,37
557.366301231,16.61,0,0,195,4,37
557.442514940,16.61,0,0,195,4,37
557.518286321,16.61,0,0,195,4,37
557.595130175,16.65,0,0,195,4,37
557.671391614,16.65,0,0,195,4,37
557.747998860,16.65,0,0,195,4,37
557.826307260,16.65,0,0,195,4,37
557.903221698,16.65,0,0,195,4,37
557.980916254,16.65,0,0,195,4,37
558.059716878,16.65,0,0,195,4,37
558.136717078,16.65,0,0,195,4,37
558.213967893,16.65,0,0,195,4,37
558.291407056,16.65,0,0,195,4,37
558.368425962,16.65,0,0,195,4,37
558.445375396,16.65,0,0,195,4,37
558.522358764,16.65,0,0,195,4,37
558.600509325,16.82,0,0,195,4,37
558.677745282,16.82,0,0,195,4,37
558.755514661,16.82,0,0,195,4,37
558.832921362,16.82,0,0,195,4,37
558.910559662,16.82,0,0,195,4,37
558.987701430,16.82,0,0,195,4,37
559.065466120,16.82,0,0,195,4,37
559.142674074,16.82,0,0,195,4,37
559.220158383,16.82,0,0,195,4,37
559.297827571,16.82,0,0,195,4,37
559.374911400,16.82,0,0,195,4,37
559.455057665,16.82,0,0,195,4,37
559.532089645,16.82,0,0,195,4,37
559.610012004,16.93,0,0,195,4,37
559.686996294,16.93,0,0,195,4,37
559.764182447,16.93,0,0,195,4,37
559.841149905,16.93,0,0,195,4,37
559.917932042,16.93,0,0,195,4,37
559.995465984,16.93,0,0,195,4,37
560.072362598,16.93,0,0,195,4,37
560.149182777,16.93,0,0,195,4,37
560.226378939,16.93,0,0,195,4,37
560.303350665,16.93,0,0,195,4,37
560.380085943,16.93,0,0,195,4,37
560.456753062,16.93,0,0,195,4,37
560.534948448,16.93,0,0,195,4,37
560.612746441,17.07,0,0,195,4,37
560.690585833,17.07,0,0,195,4,37
560.767964240,17.07,0,0,195,4,37
560.846066509,17.07,0,0,195,4,37
560.923251590,17.07,0,0,195,4,37
561.000372490,17.07,0,0,195,4,37
561.077485895,17.07,0,0,195,4,37
561.154922853,17.07,0,0,195,4,37
561.232541436,17.07,0,0,195,4,37
561.310003251,17.07,0,0,195,4,37
561.387207278,17.07,0,0,195,4,37
561.464832544,17.07,0,0,195,4,37
561.541533877,17.07,0,0,195,4,37
561.618109783,16.96,0,0,195,4,37
561.695483111,16.96,0,0,195,4,37
561.772310604,16.96,0,0,195,4,37
561.849278002,16.96,0,0,195,4,37
561.926408770,16.96,0,0,195,4,37
562.003805593,16.96,0,0,195,4,37
562.080970806,16.96,0,0,195,4,37
562.158339735,16.96,0,0,195,4,37
562.235514617,16.96,0,0,195,4,37
562.312259023,16.96,0,0,195,4,37
562.389052932,16.96,0,0,195,4,37
562.466834754,16.96,0,0,195,4,37
562.544240533,16.96,0,0,195,4,37
562.620569151,16.98,0,0,195,4,37
562.697756255,16.98,0,0,195,4,37
562.774829715,16.98,0,0,195,4,37
562.852134923,16.98,0,0,195,4,37
562.928380383,16.98,0,0,195,4,37
563.005584730,16.98,0,0,195,4,37
563.082565374,16.98,0,0,195,4,37
563.158362954,16.98,0,0,195,4,37
563.234771593,16.98,0,0,195,4,37
563.311551276,16.98,0,0,195,4,37
563.388018446,16.98,0,0,195,4,37
563.464058987,16.98,0,0,195,4,37
563.540611398,16.98,0,0,195,4,37
563.617248460,16.94,0,0,195,4,37
563.693745847,16.94,0,0,195,4,37
563.770989249,16.94,0,0,195,4,37
563.848546295,16.94,0,0,195,4,37
563.925431126,16.94,0,0,195,4,37
564.002320818,16.94,0,0,195,4,37
564.079482925,16.94,0,0,195,4,37
564.156427250,16.94,0,0,195,4,37
564.233947366,16.94,0,0,195,4,37
564.310995367,16.94,0,0,195,4,37
564.388282672,16.94,0,0,195,4,37
564.465124983,16.94,0,0,195,4,37
564.542348647,16.94,0,0,195,4,37
564.620016654,16.87,0,0,195,4,37
564.697588278,16.87,0,0,195,4,37
564.774348413,16.87,0,0,195,4,37
564.851936709,16.87,0,0,195,4,37
564.929309225,16.87,0,0,195,4,37
565.006013535,16.87,0,0,195,4,37
565.082402596,16.87,0,0,195,4,37
565.159310823,16.87,0,0,195,4,37
565.236379343,16.87,0,0,195,4,37
565.313730098,16.87,0,0,195,4,37
565.390969602,16.87,0,0,195,4,37
565.468741095,16.87,0,0,195,4,37
565.547932700,16.87,0,0,195,4,37
565.625356894,16.69,0,0,195,4,37
565.702833598,16.69,0,0,195,4,37
565.780232465,16.69,0,0,195,4,37
565.857521122,16.69,0,0,195,4,37
565.934655778,16.69,0,0,195,4,37
566.012106031,16.69,0,0,195,4,37
566.088903147,16.69,0,0,195,4,37
566.166031020,16.69,0,0,195,4,37
566.243605309,16.69,0,0,195,4,37
566.320599207,16.69,0,0,195,4,37
566.399406945,16.69,0,0,195,4,37
566.477165273,16.69,0,0,195,4,37
566.553934555,16.69,0,0,195,4,37
566.631161285,16.64,0,0,195,4,37
566.708039886,16.64,0,0,195,4,37
566.785283037,16.64,0,0,195,4,37
566.862719314,16.64,0,0,195,4,37
566.939897693,16.64,0,0,195,4,37
567.017026337,16.64,0,0,195,4,37
567.094294956,16.64,0,0,195,4,37
567.171283806,16.64,0,0,195,4,37
567.247699418,16.64,0,0,195,4,37
567.325058399,16.64,0,0,195,4,37
567.402109907,16.64,0,0,195,4,37
567.479196541,16.64,0,0,195,4,37
567.555647321,16.64,0,0,195,4,37
567.632763431,16.50,0,0,195,4,37
567.709864563,16.50,0,0,195,4,37
567.786543484,16.50,0,0,195,4,37
567.864089720,16.50,0,0,195,4,37
567.941303456,16.50,0,0,195,4,37
568.018495080,16.50,0,0,195,4,37
568.095525578,16.50,0,0,195,4,37
568.173103273,16.50,0,0,195,4,37
568.250124404,16.50,0,0,195,4,37
568.327160252,16.50,0,0,195,4,37
568.404011711,16.50,0,0,195,4,37
568.480788027,16.50,0,0,195,4,37
568.557950305,16.50,0,0,195,4,37
568.635271123,16.45,0,0,195,4,37
568.711663071,16.45,0,0,195,4,37
568.789578026,16.45,0,0,195,4,37
568.867454698,16.45,0,0,195,4,37
568.944075900,16.45,0,0,195,4,37
569.020416180,16.45,0,0,195,4,37
569.097349394,16.45,0,0,195,4,37
569.174284882,16.45,0,0,195,4,37
569.251667217,16.45,0,0,195,4,37
569.328605841,16.45,0,0,195,4,37
569.406013815,16.45,0,0,195,4,37
569.483102744,16.45,0,0,195,4,37
569.561169547,16.45,0,0,195,4,37
569.637938629,16.73,0,0,195,4,37
569.714238542,16.73,0,0,195,4,37
569.791015220,16.73,0,0,195,4,37
569.866963276,16.73,0,0,195,4,37
569.942774472,16.73,0,0,195,4,37
570.019482319,16.73,0,0,195,4,37
570.096645458,16.73,0,0,195,4,37
570.172879567,16.73,0,0,195,4,37
570.249001172,16.73,0,0,195,4,37
570.324679657,16.73,0,0,195,4,37
570.401408874,16.73,0,0,195,4,37
570.478019696,16.73,0,0,195,4,37
570.554783639,16.73,0,0,195,4,37
570.632773396,16.81,0,0,195,4,37
570.709876943,16.81,0,0,195,4,37
570.786915406,16.81,0,0,195,4,37
570.863787474,16.81,0,0,195,4,37
570.940960883,16.81,0,0,195,4,37
571.018454269,16.81,0,0,195,4,37
571.095765840,16.81,0,0,195,4,37
571.172513042,16.81,0,0,195,4,37
571.249686691,16.81,0,0,195,4,37
571.326998142,16.81,0,0,195,4,37
571.404107991,16.81,0,0,195,4,37
571.480923501,16.81,0,0,195,4,37
571.557968738,16.81,0,0,195,4,37
571.636019230,16.72,0,0,195,4,37
571.713111846,16.72,0,0,195,4,37
571.790047905,16.72,0,0,195,4,37
571.867022367,16.72,0,0,195,4,37
571.944821092,16.72,0,0,195,4,37
572.022040709,16.72,0,0,195,4,37
572.099283750,16.72,0,0,195,4,37
572.176367610,16.72,0,0,195,4,37
572.253213027,16.72,0,0,195,4,37
572.330352151,16.72,0,0,195,4,37
572.407569093,16.72,0,0,195,4,37
572.484651189,16.72,0,0,195,4,37
572.562662437,16.72,0,0,195,4,37
572.640049421,16.91,0,0,195,4,37
572.717386270,16.91,0,0,195,4,37
572.794200879,16.91,0,0,195,4,37
572.871088827,16.91,0,0,195,4,37
572.948204086,16.91,0,0,195,4,37
573.025396862,16.91,0,0,195,4,37
573.102993153,16.91,0,0,195,4,37
573.180291159,16.91,0,0,195,4,37
573.257298503,16.91,0,0,195,4,37
573.334835843,16.91,0,0,195,4,37
573.411392603,16.91,0,0,195,4,37
573.488723761,16.91,0,0,195,4,37
573.567152110,16.70,0,0,195,4,37
573.643956159,16.70,0,0,195,4,37
573.720797789,16.70,0,0,195,4,37
573.797549819,16.70,0,0,195,4,37
573.874335233,16.70,0,0,195,4,37
573.951310507,16.70,0,0,195,4,37
574.028382794,16.70,0,0,195,4,37
574.105320948,16.70,0,0,195,4,37
574.182628000,16.70,0,0,195,4,37
574.259933159,16.70,0,0,195,4,37
574.336901260,16.70,0,0,195,4,37
574.414066343,16.70,0,0,195,4,37
574.491592501,16.70,0,0,195,4,37
574.568629742,16.67,0,0,195,4,37
574.645493605,16.67,0,0,195,4,37
574.722608083,16.67,0,0,195,4,37
574.799350184,16.67,0,0,195,4,37
574.875911573,16.67,0,0,195,4,37
574.951133543,16.67,0,0,195,4,37
575.027559866,16.67,0,0,195,4,37
575.103796690,16.67,0,0,195,4,37
575.180734142,16.67,0,0,195,4,37
575.257801280,16.67,0,0,195,4,37
575.334455886,16.67,0,0,195,4,37
575.410310935,16.67,0,0,195,4,37
575.486768568,16.67,0,0,195,4,37
575.565679331,16.67,0,0,187,4,37
575.643032050,16.94,0,0,187,4,37
575.719674603,16.94,0,0,187,4,37
575.796736401,16.94,0,0,187,4,37
575.874036661,16.94,0,0,187,4,37
575.951197356,16.94,0,0,187,4,37
576.028120170,16.94,0,0,187,4,37
576.105236913,16.94,0,0,187,4,37
576.182253164,16.94,0,0,187,4,37
576.259246192,16.94,0,0,187,4,37
576.336263636,16.94,0,0,187,4,37
576.414069925,16.94,0,0,187,4,37
576.491279152,16.94,0,0,187,4,37
576.569306471,16.68,0,0,195,4,37
576.646248371,16.68,0,0,195,4,37
576.723267488,16.68,0,0,195,4,37
576.800630667,16.68,0,0,195,4,37
576.878447486,16.68,0,0,195,4,37
576.955922538,16.68,0,0,195,4,37
577.033188583,16.68,0,0,195,4,37
577.110237697,16.68,0,0,195,4,37
577.187298393,16.68,0,0,195,4,37
577.264712528,16.68,0,0,195,4,37
577.341938598,16.68,0,0,195,4,37
577.418961292,16.68,0,0,195,4,37
577.496124882,16.68,0,0,195,4,37
577.572859831,16.66,0,0,195,4,37
577.649686022,16.66,0,0,195,4,37
577.726670854,16.66,0,0,195,4,37
577.803489440,16.66,0,0,195,4,37
577.881358789,16.66,0,0,195,4,37
577.958879768,16.66,0,0,195,4,37
578.035701871,16.66,0,0,195,4,37
578.113167284,16.66,0,0,195,4,37
578.189984839,16.66,0,0,195,4,37
578.267576852,16.66,0,0,195,4,37
578.344390530,16.66,0,0,195,4,37
578.421559441,16.66,0,0,195,4,37
578.499247726,16.66,0,0,195,4,37
578.577278812,16.62,0,0,195,4,37
578.654543244,16.62,0,0,195,4,37
578.731364566,16.62,0,0,195,4,37
578.807989676,16.62,0,0,195,4,37
578.885324662,16.62,0,0,195,4,37
578.962590286,16.62,0,0,195,4,37
579.039414724,16.62,0,0,195,4,37
579.116593544,16.62,0,0,195,4,37
579.193773506,16.62,0,0,195,4,37
579.270896099,16.62,0,0,195,4,37
579.349011214,16.62,0,0,195,4,37
579.426108339,16.62,0,0,195,4,37
579.503553163,16.62,0,0,195,4,37
579.581092526,16.61,0,0,195,4,37
579.658399138,16.61,0,0,195,4,37
579.735528354,16.61,0,0,195,4,37
579.813431688,16.61,0,0,195,4,37
579.890433252,16.61,0,0,195,4,37
579.967356126,16.61,0,0,195,4,37
580.044332793,16.61,0,0,195,4,37
580.121188670,16.61,0,0,195,4,37
580.197884344,16.61,0,0,195,4,37
580.274852365,16.61,0,0,195,4,37
580.352195746,16.61,0,0,195,4,37
580.429593231,16.61,0,0,195,4,37
580.506423871,16.61,0,0,195,4,37
580.583970668,16.69,0,0,195,4,37
580.661605022,16.69,0,0,195,4,37
580.738799291,16.69,0,0,195,4,37
580.816337452,16.69,0,0,195,4,37
580.893337793,16.69,0,0,195,4,37
580.969839560,16.69,0,0,195,4,37
581.046908832,16.69,0,0,195,4,37
581.123425526,16.69,0,0,195,4,37
581.200077838,16.69,0,0,195,4,37
581.276608750,16.69,0,0,195,4,37
581.353022609,16.69,0,0,195,4,37
581.429435547,16.69,0,0,195,4,37
581.505942023,16.69,0,0,195,4,37
581.583351470,16.90,0,0,195,4,37
581.660303941,16.90,0,0,195,4,37
581.736907700,16.90,0,0,195,4,37
581.813918712,16.90,0,0,195,4,37
581.891170570,16.90,0,0,195,4,37
581.968373135,16.90,0,0,195,4,37
582.045747275,16.90,0,0,195,4,37
582.123291228,16.90,0,0,195,4,37
582.200220985,16.90,0,0,195,4,37
582.277701157,16.90,0,0,195,4,37
582.355410673,16.90,0,0,195,4,37
582.432292369,16.90,0,0,195,4,37
582.509983290,16.90,0,0,195,4,37
582.586938957,16.99,0,0,195,4,37
582.664151661,16.99,0,0,195,4,37
582.741650839,16.99,0,0,195,4,37
582.818724970,16.99,0,0,195,4,37
582.895931663,16.99,0,0,195,4,37
582.973288410,16.99,0,0,195,4,37
583.051504246,16.99,0,0,195,4,37
583.130169424,16.99,0,0,195,4,37
583.207660446,16.99,0,0,195,4,37
583.285026912,16.99,0,0,195,4,37
583.361965396,16.99,0,0,195,4,37
583.439724566,16.99,0,0,195,4,37
583.516834606,16.99,0,0,195,4,37
583.594475181,16.89,0,0,195,4,37
583.672169659,16.89,0,0,195,4,37
583.749813220,16.89,0,0,195,4,37
583.827019442,16.89,0,0,195,4,37
583.904089476,16.89,0,0,195,4,37
583.981728148,16.89,0,0,195,4,37
584.059122526,16.89,0,0,195,4,37
584.137488768,16.89,0,0,195,4,37
584.215276572,16.89,0,0,195,4,37
584.292261454,16.89,0,0,195,4,37
584.369329214,16.89,0,0,195,4,37
584.446512362,16.89,0,0,195,4,37
584.523314107,16.89,0,0,195,4,37
584.602387690,16.79,0,0,195,4,37
584.679817135,16.79,0,0,195,4,37
584.757090655,16.79,0,0,195,4,37
584.833964637,16.79,0,0,195,4,37
584.911337855,16.79,0,0,195,4,37
584.988518279,16.79,0,0,195,4,37
585.065813128,16.79,0,0,195,4,37
585.142659669,16.79,0,0,195,4,37
585.220100045,16.79,0,0,195,4,37
585.296987422,16.79,0,0,195,4,37
585.374433870,16.79,0,0,195,4,37
585.451829862,16.79,0,0,195,4,37
585.529000456,16.79,0,0,195,4,37
585.606070290,16.80,0,0,195,4,37
585.683092743,16.80,0,0,195,4,37
585.759184603,16.80,0,0,195,4,37
585.836977076,16.80,0,0,195,4,37
585.913396817,16.80,0,0,195,4,37
585.991345577,16.80,0,0,195,4,37
586.069676191,16.80,0,0,195,4,37
586.146368128,16.80,0,0,195,4,37
586.223362027,16.80,0,0,195,4,37
586.299933125,16.80,0,0,195,4,37
586.377025231,16.80,0,0,195,4,37
586.454030953,16.80,0,0,195,4,37
586.530691320,16.80,0,0,195,4,37
586.607789628,16.85,0,0,195,4,37
586.684620969,16.85,0,0,195,4,37
586.762225246,16.85,0,0,195,4,37
586.837860740,16.85,0,0,195,4,37
586.914348881,16.85,0,0,195,4,37
586.991286354,16.85,0,0,195,4,37
587.067898680,16.85,0,0,195,4,37
587.143759952,16.85,0,0,195,4,37
587.220070376,16.85,0,0,195,4,37
587.296210116,16.85,0,0,195,4,37
587.372163603,16.85,0,0,195,4,37
587.448590818,16.85,0,0,195,4,37
587.525149954,16.85,0,0,195,4,37
587.601134279,16.84,0,0,195,4,37
587.677399097,16.84,0,0,195,4,37
587.754653530,16.84,0,0,195,4,37
587.832349701,16.84,0,0,195,4,37
587.909746915,16.84,0,0,195,4,37
587.987207350,16.84,0,0,195,4,37
588.064398904,16.84,0,0,195,4,37
588.141998091,16.84,0,0,195,4,37
588.219405625,16.84,0,0,195,4,37
588.297107477,16.84,0,0,195,4,37
588.374031865,16.84,0,0,195,4,37
588.451303641,16.84,0,0,195,4,37
588.528146004,16.84,0,0,195,4,37
588.605281942,16.72,0,0,187,4,37
588.682527008,16.72,0,0,187,4,37
588.760471941,16.72,0,0,187,4,37
588.837390017,16.72,0,0,187,4,37
588.914195389,16.72,0,0,187,4,37
588.991536577,16.72,0,0,187,4,37
589.071122431,16.72,0,0,187,4,37
589.148433081,16.72,0,0,187,4,37
589.225802733,16.72,0,0,187,4,37
589.303330845,16.72,0,0,187,4,37
589.380460743,16.72,0,0,187,4,37
589.460079439,16.72,0,0,187,4,37
589.537344994,16.72,0,0,187,4,37
589.616582417,16.79,0,0,195,4,37
589.694288026,16.79,0,0,195,4,37
589.771751937,16.79,0,0,195,4,37
589.848914897,16.79,0,0,195,4,37
589.925973028,16.79,0,0,195,4,37
590.002969412,16.79,0,0,195,4,37
590.081259009,16.79,0,0,195,4,37
590.158868506,16.79,0,0,195,4,37
590.236271651,16.79,0,0,195,4,37
590.313397711,16.79,0,0,195,4,37
590.390512080,16.79,0,0,195,4,37
590.467897792,16.79,0,0,195,4,37
590.545844348,16.79,0,0,195,4,37
590.622923499,16.97,0,0,195,4,37
590.699899425,16.97,0,0,195,4,37
590.776907101,16.97,0,0,195,4,37
590.854278256,16.97,0,0,195,4,37
590.931957355,16.97,0,0,195,4,37
591.008560113,16.97,0,0,195,4,37
591.085838562,16.97,0,0,195,4,37
591.163019587,16.97,0,0,195,4,37
591.239789021,16.97,0,0,195,4,37
591.317015352,16.97,0,0,195,4,37
591.395258680,16.97,0,0,195,4,37
591.472835214,16.97,0,0,195,4,37
591.549913815,16.97,0,0,195,4,37
591.627363639,16.75,0,0,195,4,37
591.704432340,16.75,0,0,195,4,37
591.781488098,16.75,0,0,195,4,37
591.858605511,16.75,0,0,195,4,37
591.936172337,16.75,0,0,195,4,37
592.013352611,16.75,0,0,195,4,37
592.090375145,16.75,0,0,195,4,37
592.167169085,16.75,0,0,195,4,37
592.244671630,16.75,0,0,195,4,37
592.321449730,16.75,0,0,195,4,37
592.398622479,16.75,0,0,195,4,37
592.475606961,16.75,0,0,195,4,37
592.552390853,16.75,0,0,195,4,37
592.629288230,16.82,0,0,195,4,37
592.705719252,16.82,0,0,195,4,37
592.781628235,16.82,0,0,195,4,37
592.858325362,16.82,0,0,195,4,37
592.935731043,16.82,0,0,195,4,37
593.012590558,16.82,0,0,195,4,37
593.089141418,16.82,0,0,195,4,37
593.166040378,16.82,0,0,195,4,37
593.243121783,16.82,0,0,195,4,37
593.320200204,16.82,0,0,195,4,37
593.397010445,16.82,0,0,195,4,37
593.474295998,16.82,0,0,195,4,37
593.551420115,16.82,0,0,195,4,37
593.630074863,16.78,0,0,195,4,37
593.707969160,16.78,0,0,195,4,37
593.785761714,16.78,0,0,195,4,37
593.862500200,16.78,0,0,195,4,37
593.939349946,16.78,0,0,195,4,37
594.017723822,16.78,0,0,195,4,37
594.095083335,16.78,0,0,195,4,37
594.174002996,16.78,0,0,195,4,37
594.250888571,16.78,0,0,195,4,37
594.328035340,16.78,0,0,195,4,37
594.405195355,16.78,0,0,195,4,37
594.482249049,16.78,0,0,195,4,37
594.559371061,16.78,0,0,195,4,37
594.636294898,16.66,0,0,195,4,37
594.713391052,16.66,0,0,195,4,37
594.790204109,16.66,0,0,195,4,37
594.866996978,16.66,0,0,195,4,37
594.944484163,16.66,0,0,195,4,37
595.021859657,16.66,0,0,195,4,37
595.099085396,16.66,0,0,195,4,37
595.176202209,16.66,0,0,195,4,37
595.253323561,16.66,0,0,195,4,37
595.330992450,16.66,0,0,195,4,37
595.408538056,16.66,0,0,195,4,37
595.485926093,16.66,0,0,195,4,37
595.563336202,16.66,0,0,195,4,37
595.640579606,16.59,0,0,195,4,37
595.717613211,16.59,0,0,195,4,37
595.794662105,16.59,0,0,195,4,37
595.872296619,16.59,0,0,195,4,37
595.949054281,16.59,0,0,195,4,37
596.025906232,16.59,0,0,195,4,37
596.103102866,16.59,0,0,195,4,37
596.179993851,16.59,0,0,195,4,37
596.256788694,16.59,0,0,195,4,37
596.333654271,16.59,0,0,195,4,37
596.410895199,16.59,0,0,195,4,37
596.487828083,16.59,0,0,195,4,37
596.564905642,16.59,0,0,195,4,37
596.642650616,16.54,0,0,195,4,37
596.719230160,16.54,0,0,195,4,37
596.796630200,16.54,0,0,195,4,37
596.873376942,16.54,0,0,195,4,37
596.950921686,16.54,0,0,195,4,37
597.028183454,16.54,0,0,195,4,37
597.105255642,16.54,0,0,195,4,37
597.182107433,16.54,0,0,195,4,37
597.259118205,16.54,0,0,195,4,37
597.336894378,16.54,0,0,195,4,37
597.414025719,16.54,0,0,195,4,37
597.491203006,16.54,0,0,195,4,37
597.568261088,16.54,0,0,195,4,37
597.645031835,16.53,0,0,195,4,37
597.722813178,16.53,0,0,195,4,37
597.800166670,16.53,0,0,195,4,37
597.878002105,16.53,0,0,195,4,37
597.955423395,16.53,0,0,195,4,37
598.032294232,16.53,0,0,195,4,37
598.109860578,16.53,0,0,195,4,37
598.186935912,16.53,0,0,195,4,37
598.264094364,16.53,0,0,195,4,37
598.341330403,16.53,0,0,195,4,37
598.418938708,16.53,0,0,195,4,37
598.496182873,16.53,0,0,195,4,37
598.573975908,16.53,0,0,195,4,37
598.650277796,16.77,0,0,195,4,37
598.726245731,16.77,0,0,195,4,37
598.803208482,16.77,0,0,195,4,37
598.879066198,16.77,0,0,195,4,37
598.954876734,16.77,0,0,195,4,37
599.030918108,16.77,0,0,195,4,37
599.108017168,16.77,0,0,195,4,37
599.184403126,16.77,0,0,195,4,37
599.261458592,16.77,0,0,195,4,37
599.338859234,16.77,0,0,195,4,37
599.418654795,16.77,0,0,195,4,37
599.496919535,16.77,0,0,195,4,37
599.576158782,16.58,0,0,195,4,37
599.653265476,16.58,0,0,195,4,37
599.730271018,16.58,0,0,195,4,37
599.807617717,16.58,0,0,195,4,37
599.885360086,16.58,0,0,195,4,37
599.962248176,16.58,0,0,195,4,37
600.039807588,16.58,0,0,195,4,37
600.117195616,16.58,0,0,195,4,37
600.195464703,16.58,0,0,195,4,37
600.273019126,16.58,0,0,195,4,37
600.350319588,16.58,0,0,195,4,37
600.428113164,16.58,0,0,195,4,37
600.505417092,16.58,0,0,195,4,37
600.582870433,16.59,0,0,195,4,37
600.659746800,16.59,0,0,195,4,37
600.737023066,16.59,0,0,195,4,37
600.813805565,16.59,0,0,195,4,37
600.890993583,16.59,0,0,195,4,37
600.968111078,16.59,0,0,195,4,37
601.045185531,16.59,0,0,195,4,37
601.122510168,16.59,0,0,195,4,37
601.200041337,16.59,0,0,195,4,37
601.277641967,16.59,0,0,195,4,37
601.354516952,16.59,0,0,195,4,37
601.431690182,16.59,0,0,195,4,37
601.508986646,16.59,0,0,195,4,37
601.586356970,16.58,0,0,195,4,37
601.664082567,16.58,0,0,195,4,37
601.741620108,16.58,0,0,195,4,37
601.818735900,16.58,0,0,195,4,37
601.895931272,16.58,0,0,195,4,37
601.973290685,16.58,0,0,195,4,37
602.050504031,16.58,0,0,195,4,37
602.127940050,16.58,0,0,195,4,37
602.205185307,16.58,0,0,195,4,37
602.282319673,16.58,0,0,195,4,37
602.359267015,16.58,0,0,195,4,37
602.436486203,16.58,0,0,195,4,37
602.513414719,16.58,0,0,195,4,37
602.590948012,16.74,0,0,195,4,37
602.670045450,16.74,0,0,195,4,37
602.747400766,16.74,0,0,195,4,37
602.824775418,16.74,0,0,195,4,37
602.902299653,16.74,0,0,195,4,37
602.979158157,16.74,0,0,195,4,37
603.055456929,16.74,0,0,195,4,37
603.132209863,16.74,0,0,195,4,37
603.209605365,16.74,0,0,195,4,37
603.286778274,16.74,0,0,195,4,37
603.364154059,16.74,0,0,195,4,37
603.441408122,16.74,0,0,195,4,37
603.518324365,16.74,0,0,195,4,37
603.595447200,16.69,0,0,195,4,37
603.672745688,16.69,0,0,195,4,37
603.750224798,16.69,0,0,195,4,37
603.827267551,16.69,0,0,195,4,37
603.904257804,16.69,0,0,195,4,37
603.981065391,16.69,0,0,195,4,37
604.057572849,16.69,0,0,195,4,37
604.135199149,16.69,0,0,195,4,37
604.212713145,16.69,0,0,195,4,37
604.289474835,16.69,0,0,195,4,37
604.366891266,16.69,0,0,195,4,37
604.443036177,16.69,0,0,195,4,37
604.518905155,16.69,0,0,195,4,37
604.595085843,16.66,0,0,195,4,37
604.671252666,16.66,0,0,195,4,37
604.748201581,16.66,0,0,195,4,37
604.824752361,16.66,0,0,195,4,37
604.901214032,16.66,0,0,195,4,37
604.978287012,16.66,0,0,195,4,37
605.054007909,16.66,0,0,195,4,37
605.130245335,16.66,0,0,195,4,37
605.207189241,16.66,0,0,195,4,37
605.284016345,16.66,0,0,195,4,37
605.361144810,16.66,0,0,195,4,37
605.438094537,16.66,0,0,195,4,37
605.515233142,16.66,0,0,195,4,37
605.592291825,17.01,0,0,195,4,37
605.669365206,17.01,0,0,195,4,37
605.746293953,17.01,0,0,195,4,37
605.823969685,17.01,0,0,195,4,37
605.901535761,17.01,0,0,195,4,37
605.978889874,17.01,0,0,195,4,37
606.056226855,17.01,0,0,195,4,37
606.134025861,17.01,0,0,195,4,37
606.211353144,17.01,0,0,195,4,37
606.288632746,17.01,0,0,195,4,37
606.366036964,17.01,0,0,195,4,37
606.443612868,17.01,0,0,195,4,37
606.521059848,17.01,0,0,195,4,37
606.597887904,16.90,0,0,195,4,37
606.674717823,16.90,0,0,195,4,37
606.752420938,16.90,0,0,195,4,37
606.829532782,16.90,0,0,195,4,37
606.907233853,16.90,0,0,195,4,37
606.984586464,16.90,0,0,195,4,37
607.062076505,16.90,0,0,195,4,37
607.138938776,16.90,0,0,195,4,37
607.216186507,16.90,0,0,195,4,37
607.293239400,16.90,0,0,195,4,37
607.370288996,16.90,0,0,195,4,37
607.447092766,16.90,0,0,195,4,37
607.524164854,16.90,0,0,195,4,37
607.601781586,16.91,0,0,195,4,37
607.679089952,16.91,0,0,195,4,37
607.756423777,16.91,0,0,195,4,37
607.833278413,16.91,0,0,195,4,37
607.911032766,16.91,0,0,195,4,37
607.988256582,16.91,0,0,195,4,37
608.065289016,16.91,0,0,195,4,37
608.142244052,16.91,0,0,195,4,37
608.219765303,16.91,0,0,195,4,37
608.297078358,16.91,0,0,195,4,37
608.374231992,16.91,0,0,195,4,37
608.451667990,16.91,0,0,195,4,37
608.530885236,16.91,0,0,195,4,37
608.608612687,16.88,0,0,195,4,37
608.685619562,16.88,0,0,195,4,37
608.762876852,16.88,0,0,195,4,37
608.840350222,16.88,0,0,195,4,37
608.917017493,16.88,0,0,195,4,37
608.994258843,16.88,0,0,195,4,37
609.071264235,16.88,0,0,195,4,37
609.148288022,16.88,0,0,195,4,37
609.225398323,16.88,0,0,195,4,37
609.302540595,16.88,0,0,195,4,37
609.379480613,16.88,0,0,195,4,37
609.456412587,16.88,0,0,195,4,37
609.533378474,16.88,0,0,195,4,37
609.610993492,16.69,0,0,195,4,37
609.687817591,16.69,0,0,195,4,37
609.764934505,16.69,0,0,195,4,37
609.841409331,16.69,0,0,195,4,37
609.917865232,16.69,0,0,195,4,37
609.994988457,16.69,0,0,195,4,37
610.071808588,16.69,0,0,195,4,37
610.148413011,16.69,0,0,195,4,37
610.225943458,16.69,0,0,195,4,37
610.303083987,16.69,0,0,195,4,37
610.379399992,16.69,0,0,195,4,37
610.455471605,16.69,0,0,195,4,37
610.531892849,16.69,0,0,195,4,37
610.608243841,16.65,0,0,195,4,37
610.684719249,16.65,0,0,195,4,37
610.763367315,16.65,0,0,195,4,37
610.840193578,16.65,0,0,195,4,37
610.916564518,16.65,0,0,195,4,37
610.993053671,16.65,0,0,195,4,37
611.069568153,16.65,0,0,195,4,37
611.147590373,16.65,0,0,195,4,37
611.225002367,16.65,0,0,195,4,37
611.302395434,16.65,0,0,195,4,37
611.379608209,16.65,0,0,195,4,37
611.456629272,16.65,0,0,195,4,37
611.533887954,16.65,0,0,195,4,37
611.611229935,16.62,0,0,195,4,37
611.688549393,16.62,0,0,195,4,37
611.766316699,16.62,0,0,195,4,37
611.843390672,16.62,0,0,195,4,37
611.920349045,16.62,0,0,195,4,37
611.997393432,16.62,0,0,195,4,37
612.074732787,16.62,0,0,195,4,37
612.154722377,16.62,0,0,195,4,37
612.231965551,16.62,0,0,195,4,37
612.309185189,16.62,0,0,195,4,37
612.386262037,16.62,0,0,195,4,37
612.463229097,16.62,0,0,195,4,37
612.540617646,16.62,0,0,195,4,37
612.617536695,16.63,0,0,195,4,37
612.694480380,16.63,0,0,195,4,37
612.771856956,16.63,0,0,195,4,37
612.849055465,16.63,0,0,195,4,37
612.926776404,16.63,0,0,195,4,37
613.005004034,16.63,0,0,195,4,37
613.082653057,16.63,0,0,195,4,37
613.160279206,16.63,0,0,195,4,37
613.237592963,16.63,0,0,195,4,37
613.314919064,16.63,0,0,195,4,37
613.392325376,16.63,0,0,195,4,37
613.469946496,16.63,0,0,195,4,37
613.547224285,16.63,0,0,195,4,37
613.624840275,16.75,0,0,195,4,37
613.703002801,16.75,0,0,195,4,37
613.780159300,16.75,0,0,195,4,37
613.857377566,16.75,0,0,195,4,37
613.935410337,16.75,0,0,195,4,37
614.013850810,16.75,0,0,195,4,37
614.091359867,16.75,0,0,195,4,37
614.169181758,16.75,0,0,195,4,37
614.246805893,16.75,0,0,195,4,37
614.324482709,16.75,0,0,195,4,37
614.401543747,16.75,0,0,195,4,37
614.480508644,16.75,0,0,195,4,37
614.558119575,16.75,0,0,195,4,37
614.635833821,16.77,0,0,195,4,37
614.713094508,16.77,0,0,195,4,37
614.791004846,16.77,0,0,195,4,37
614.868310678,16.77,0,0,195,4,37
614.945476655,16.77,0,0,195,4,37
615.022919667,16.77,0,0,195,4,37
615.101865679,16.77,0,0,195,4,37
615.178944000,16.77,0,0,195,4,37
615.255919846,16.77,0,0,195,4,37
615.333303486,16.77,0,0,195,4,37
615.410090194,16.77,0,0,195,4,37
615.487261311,16.77,0,0,195,4,37
615.564310767,16.77,0,0,195,4,37
615.641392304,16.57,0,0,195,4,37
615.718168592,16.57,0,0,195,4,37
615.794618010,16.57,0,0,195,4,37
615.871644954,16.57,0,0,195,4,37
615.948616222,16.57,0,0,195,4,37
616.025818408,16.57,0,0,195,4,37
616.103625710,16.57,0,0,195,4,37
616.181273271,16.57,0,0,195,4,37
616.258527655,16.57,0,0,195,4,37
616.335307651,16.57,0,0,195,4,37
616.412843809,16.57,0,0,195,4,37
616.489609618,16.57,0,0,195,4,37
616.566561799,16.57,0,0,195,4,37
616.643005277,16.50,0,0,195,4,37
616.719999589,16.50,0,0,195,4,37
616.796144399,16.50,0,0,195,4,37
616.873103474,16.50,0,0,195,4,37
616.949922093,16.50,0,0,195,4,37
617.027229748,16.50,0,0,195,4,37
617.104666759,16.50,0,0,195,4,37
617.181893552,16.50,0,0,195,4,37
617.259057415,16.50,0,0,195,4,37
617.336385680,16.50,0,0,195,4,37
617.413212013,16.50,0,0,195,4,37
617.489989854,16.50,0,0,195,4,37
617.567711264,16.50,0,0,195,4,37
617.644944649,16.79,0,0,195,4,37
617.721841125,16.79,0,0,195,4,37
617.799223793,16.79,0,0,195,4,37
617.876433643,16.79,0,0,195,4,37
617.953279413,16.79,0,0,195,4,37
618.030911805,16.79,0,0,195,4,37
618.108300965,16.79,0,0,195,4,37
618.185222098,16.79,0,0,195,4,37
618.262033182,16.79,0,0,195,4,37
618.339262830,16.79,0,0,195,4,37
618.416143787,16.79,0,0,195,4,37
618.493263677,16.79,0,0,195,4,37
618.569808136,16.79,0,0,195,4,37
618.647397215,16.69,0,0,195,4,37
618.724527574,16.69,0,0,195,4,37
618.801946221,16.69,0,0,195,4,37
618.879630260,16.69,0,0,195,4,37
618.956974144,16.69,0,0,195,4,37
619.034258957,16.69,0,0,195,4,37
619.111489376,16.69,0,0,195,4,37
619.188748610,16.69,0,0,195,4,37
619.266026169,16.69,0,0,195,4,37
619.344087103,16.69,0,0,195,4,37
619.421338873,16.69,0,0,195,4,37
619.498565335,16.69,0,0,195,4,37
619.575307568,16.69,0,0,195,4,37
619.652208543,16.56,0,0,195,4,37
619.729371164,16.56,0,0,195,4,37
619.806437512,16.56,0,0,195,4,37
619.883193813,16.56,0,0,195,4,37
619.960042378,16.56,0,0,195,4,37
620.036860867,16.56,0,0,195,4,37
620.113797650,16.56,0,0,195,4,37
620.191336774,16.56,0,0,195,4,37
620.268111109,16.56,0,0,195,4,37
620.345294169,16.56,0,0,195,4,37
620.422758742,16.56,0,0,195,4,37
620.500332182,16.56,0,0,195,4,37
620.578122553,16.56,0,0,195,4,37
620.655891183,16.75,0,0,195,4,37
620.733004430,16.75,0,0,195,4,37
620.810048005,16.75,0,0,195,4,37
620.887112269,16.75,0,0,195,4,37
620.964079840,16.75,0,0,195,4,37
621.041114158,16.75,0,0,195,4,37
621.118223749,16.75,0,0,195,4,37
621.195477422,16.75,0,0,195,4,37
621.272673887,16.75,0,0,195,4,37
621.349386625,16.75,0,0,195,4,37
621.426304883,16.75,0,0,195,4,37
621.503252847,16.75,0,0,195,4,37
621.581629098,16.75,0,0,195,4,37
621.658811056,16.79,0,0,195,4,37
621.736349920,16.79,0,0,195,4,37
621.813591421,16.79,0,0,195,4,37
621.890691052,16.79,0,0,195,4,37
621.967505212,16.79,0,0,195,4,37
622.045058354,16.79,0,0,195,4,37
622.121664379,16.79,0,0,195,4,37
622.197893531,16.79,0,0,195,4,37
622.273973268,16.79,0,0,195,4,37
622.350447905,16.79,0,0,195,4,37
622.426673970,16.79,0,0,195,4,37
622.503229099,16.79,0,0,195,4,37
622.581926750,16.79,0,0,195,4,37
622.658460389,16.75,0,0,195,4,37
622.734570114,16.75,0,0,195,4,37
622.810762725,16.75,0,0,195,4,37
622.886921473,16.75,0,0,195,4,37
622.963967283,16.75,0,0,195,4,37
623.041515294,16.75,0,0,195,4,37
623.119047466,16.75,0,0,195,4,37
623.196216660,16.75,0,0,195,4,37
623.273254274,16.75,0,0,195,4,37
623.351116721,16.75,0,0,195,4,37
623.428248414,16.75,0,0,195,4,37
623.505156933,16.75,0,0,195,4,37
623.584054884,16.68,0,0,195,4,37
623.661793146,16.68,0,0,195,4,37
623.738685625,16.68,0,0,195,4,37
623.815549640,16.68,0,0,195,4,37
623.893153438,16.68,0,0,195,4,37
623.970573126,16.68,0,0,195,4,37
624.048397682,16.68,0,0,195,4,37
624.126038479,16.68,0,0,195,4,37
624.203096502,16.68,0,0,195,4,37
624.280484981,16.68,0,0,195,4,37
624.357306215,16.68,0,0,195,4,37
624.434300076,16.68,0,0,195,4,37
624.511716949,16.68,0,0,195,4,37
624.588947299,16.69,0,0,195,4,37
624.665895974,16.69,0,0,195,4,37
624.743254276,16.69,0,0,195,4,37
624.820017380,16.69,0,0,195,4,37
624.897148241,16.69,0,0,195,4,37
624.974045679,16.69,0,0,195,4,37
625.052448561,16.69,0,0,195,4,37
625.129905080,16.69,0,0,195,4,37
625.207653812,16.69,0,0,195,4,37
625.285347119,16.69,0,0,195,4,37
625.362959693,16.69,0,0,195,4,37
625.440019019,16.69,0,0,195,4,37
625.517046543,16.69,0,0,195,4,37
625.594249872,17.16,0,0,195,4,37
625.671515097,17.16,0,0,195,4,37
625.748545357,17.16,0,0,195,4,37
625.825389535,17.16,0,0,195,4,37
625.902773275,17.16,0,0,195,4,37
625.980015437,17.16,0,0,195,4,37
626.056906272,17.16,0,0,195,4,37
626.133875817,17.16,0,0,195,4,37
626.211002210,17.16,0,0,195,4,37
626.288275290,17.16,0,0,195,4,37
626.365855072,17.16,0,0,195,4,37
626.443941254,17.16,0,0,195,4,37
626.520760966,17.16,0,0,195,4,37
626.597763373,17.07,0,0,195,4,37
626.674820474,17.07,0,0,195,4,37
626.752139902,17.07,0,0,195,4,37
626.829069472,17.07,0,0,195,4,37
626.905925812,17.07,0,0,195,4,37
626.983184776,17.07,0,0,195,4,37
627.060204877,17.07,0,0,195,4,37
627.137658229,17.07,0,0,195,4,37
627.214810441,17.07,0,0,195,4,37
627.291748797,17.07,0,0,195,4,37
627.368820105,17.07,0,0,195,4,37
627.446735483,17.07,0,0,195,4,37
627.524100999,17.07,0,0,195,4,37
627.601522731,16.56,0,0,195,4,37
627.678987225,16.56,0,0,195,4,37
627.756789929,16.56,0,0,195,4,37
627.833987166,16.56,0,0,195,4,37
627.910699724,16.56,0,0,195,4,37
627.987684428,16.56,0,0,195,4,37
628.064523606,16.56,0,0,195,4,37
628.140863547,16.56,0,0,195,4,37
628.218286181,16.56,0,0,195,4,37
628.295094010,16.56,0,0,195,4,37
628.371933919,16.56,0,0,195,4,37
628.448013587,16.56,0,0,195,4,37
628.524672283,16.56,0,0,195,4,37
628.601050227,16.63,0,0,195,4,37
628.676584381,16.63,0,0,195,4,37
628.752207473,16.63,0,0,195,4,37
628.829390713,16.63,0,0,195,4,37
628.906108501,16.63,0,0,195,4,37
628.983455983,16.63,0,0,195,4,37
629.060673428,16.63,0,0,195,4,37
629.138346527,16.63,0,0,195,4,37
629.215280876,16.63,0,0,195,4,37
629.292610394,16.63,0,0,195,4,37
629.369527569,16.63,0,0,195,4,37
629.446973277,16.63,0,0,195,4,37
629.524204228,16.63,0,0,195,4,37
629.601389923,16.66,0,0,195,4,37
629.678355330,16.66,0,0,195,4,37
629.755644071,16.66,0,0,195,4,37
629.832587877,16.66,0,0,195,4,37
629.909677661,16.66,0,0,195,4,37
629.986676862,16.66,0,0,195,4,37
630.064061935,16.66,0,0,195,4,37
630.140900943,16.66,0,0,195,4,37
630.217920032,16.66,0,0,195,4,37
630.295274988,16.66,0,0,195,4,37
630.372841134,16.66,0,0,195,4,37
630.450133271,16.66,0,0,195,4,37
630.527081456,16.66,0,0,195,4,37
630.604595353,16.66,0,0,195,4,37
630.681047157,16.66,0,0,195,4,37
630.758297795,16.66,0,0,195,4,37
630.835349055,16.66,0,0,195,4,37
630.912512538,16.66,0,0,195,4,37
630.989702030,16.66,0,0,195,4,37
631.066548622,16.66,0,0,195,4,37
631.143305024,16.66,0,0,195,4,37
631.220040405,16.66,0,0,195,4,37
631.296836541,16.66,0,0,195,4,37
631.373928479,16.66,0,0,195,4,37
631.450799748,16.66,0,0,195,4,37
631.527736290,16.66,0,0,195,4,37
631.604906216,16.73,0,0,195,4,37
631.682178345,16.73,0,0,195,4,37
631.759299557,16.73,0,0,195,4,37
631.836343714,16.73,0,0,195,4,37
631.913217007,16.73,0,0,195,4,37
631.990375631,16.73,0,0,195,4,37
632.067724725,16.73,0,0,195,4,37
632.144366059,16.73,0,0,195,4,37
632.222084694,16.73,0,0,195,4,37
632.299443818,16.73,0,0,195,4,37
632.376397573,16.73,0,0,195,4,37
632.453794228,16.73,0,0,195,4,37
632.531168912,16.73,0,0,195,4,37
632.608429068,16.88,0,0,195,4,37
632.685690256,16.88,0,0,195,4,37
632.763285698,16.88,0,0,195,4,37
632.840355444,16.88,0,0,195,4,37
632.918328502,16.88,0,0,195,4,37
632.995539855,16.88,0,0,195,4,37
633.072416194,16.88,0,0,195,4,37
633.149242588,16.88,0,0,195,4,37
633.226685250,16.88,0,0,195,4,37
633.303424950,16.88,0,0,195,4,37
633.380344240,16.88,0,0,195,4,37
633.457426970,16.88,0,0,195,4,37
633.534739706,16.88,0,0,195,4,37
633.611804151,16.90,0,0,195,4,37
633.688382775,16.90,0,0,195,4,37
633.765136421,16.90,0,0,195,4,37
633.842003893,16.90,0,0,195,4,37
633.918912303,16.90,0,0,195,4,37
633.995769335,16.90,0,0,195,4,37
634.072063620,16.90,0,0,195,4,37
634.148350741,16.90,0,0,195,4,37
634.225013655,16.90,0,0,195,4,37
634.301643938,16.90,0,0,195,4,37
634.377982988,16.90,0,0,195,4,37
634.457634468,16.90,0,0,195,4,37
634.534958706,16.90,0,0,195,4,37
634.611584038,16.58,0,0,195,4,37
634.687846583,16.58,0,0,195,4,37
634.764548461,16.58,0,0,195,4,37
634.841907094,16.58,0,0,195,4,37
634.920521258,16.58,0,0,195,4,37
634.998024745,16.58,0,0,195,4,37
635.075026171,16.58,0,0,195,4,37
635.152428136,16.58,0,0,195,4,37
635.229870158,16.58,0,0,195,4,37
635.306984548,16.58,0,0,195,4,37
635.383806694,16.58,0,0,195,4,37
635.460992519,16.58,0,0,195,4,37
635.537990709,16.58,0,0,195,4,37
635.615465522,16.76,0,0,195,4,37
635.692620419,16.76,0,0,195,4,37
635.770243063,16.76,0,0,195,4,37
635.847105465,16.76,0,0,195,4,37
635.924222039,16.76,0,0,195,4,37
636.001295512,16.76,0,0,195,4,37
636.078127196,16.76,0,0,195,4,37
636.155078897,16.76,0,0,195,4,37
636.233953204,16.76,0,0,195,4,37
636.311370899,16.76,0,0,195,4,37
636.388879627,16.76,0,0,195,4,37
636.466097453,16.76,0,0,195,4,37
636.543752007,16.76,0,0,195,4,37
636.621299278,16.70,0,0,195,4,36
636.698248455,16.70,0,0,195,4,36
636.775666451,16.70,0,0,195,4,36
636.852241358,16.70,0,0,195,4,36
636.929687747,16.70,0,0,195,4,36
637.007185895,16.70,0,0,195,4,36
637.086541975,16.70,0,0,195,4,36
637.164233579,16.70,0,0,195,4,36
637.241078338,16.70,0,0,195,4,36
637.318203529,16.70,0,0,195,4,36
637.395535341,16.70,0,0,195,4,36
637.473034120,16.70,0,0,195,4,36
637.550420466,16.70,0,0,195,4,36
637.627720258,16.93,0,0,195,4,36
637.705119959,16.93,0,0,195,4,36
637.782249948,16.93,0,0,195,4,36
637.860659965,16.93,0,0,195,4,36
637.937316888,16.93,0,0,195,4,36
638.014438491,16.93,0,0,195,4,36
638.091381156,16.93,0,0,195,4,36
638.169256559,16.93,0,0,195,4,36
638.246644698,16.93,0,0,195,4,36
638.324026866,16.93,0,0,195,4,36
638.401670419,16.93,0,0,195,4,36
638.478293779,16.93,0,0,195,4,36
638.555270558,16.93,0,0,195,4,36
638.632833669,16.95,0,0,195,4,37
638.709732070,16.95,0,0,195,4,37
638.787479139,16.95,0,0,195,4,37
638.864427975,16.95,0,0,195,4,37
638.941668324,16.95,0,0,195,4,37
639.019563194,16.95,0,0,195,4,37
639.097591948,16.95,0,0,195,4,37
639.174396010,16.95,0,0,195,4,37
639.251684851,16.95,0,0,195,4,37
639.328769615,16.95,0,0,195,4,37
639.405538079,16.95,0,0,195,4,37
639.483086743,16.95,0,0,195,4,37
639.560058442,16.95,0,0,195,4,37
639.637829107,16.55,0,0,195,4,36
639.714620525,16.55,0,0,195,4,36
639.791443112,16.55,0,0,195,4,36
639.868160349,16.55,0,0,195,4,36
639.944171497,16.55,0,0,195,4,36
640.020182466,16.55,0,0,195,4,36
640.098355553,16.55,0,0,195,4,36
640.175096445,16.55,0,0,195,4,36
640.251260373,16.55,0,0,195,4,36
640.327613460,16.55,0,0,195,4,36
640.403928004,16.55,0,0,195,4,36
640.480218983,16.55,0,0,195,4,36
640.556610102,16.55,0,0,195,4,36
640.633665541,16.60,0,0,195,4,37
640.710979509,16.60,0,0,195,4,37
640.788369191,16.60,0,0,195,4,37
640.865676587,16.60,0,0,195,4,37
640.943239789,16.60,0,0,195,4,37
641.019870672,16.60,0,0,195,4,37
641.097116331,16.60,0,0,195,4,37
641.174276378,16.60,0,0,195,4,37
641.251745181,16.60,0,0,195,4,37
641.329126567,16.60,0,0,195,4,37
641.405949254,16.60,0,0,195,4,37
641.482618461,16.60,0,0,195,4,37
641.559478639,16.60,0,0,195,4,37
641.636169617,16.58,0,0,195,4,36
641.712808656,16.58,0,0,195,4,36
641.789810923,16.58,0,0,195,4,36
641.866633861,16.58,0,0,195,4,36
641.943454614,16.58,0,0,195,4,36
642.020419732,16.58,0,0,195,4,36
642.098374756,16.58,0,0,195,4,36
642.175708001,16.58,0,0,195,4,36
642.253060693,16.58,0,0,195,4,36
642.330199069,16.58,0,0,195,4,36
642.408090653,16.58,0,0,195,4,36
642.485586136,16.58,0,0,195,4,36
642.563142594,16.58,0,0,195,4,36
642.640425784,16.64,0,0,195,4,36
642.717774699,16.64,0,0,195,4,36
642.794696174,16.64,0,0,195,4,36
642.871722177,16.64,0,0,195,4,36
642.948771854,16.64,0,0,195,4,36
643.026604807,16.64,0,0,195,4,36
643.103606764,16.64,0,0,195,4,36
643.181083532,16.64,0,0,195,4,36
643.258081611,16.64,0,0,195,4,36
643.335302123,16.64,0,0,195,4,36
643.412686074,16.64,0,0,195,4,36
643.489968093,16.64,0,0,195,4,36
643.566974739,16.64,0,0,195,4,36
643.644250575,16.68,0,0,195,4,36
643.721012647,16.68,0,0,195,4,36
643.798043930,16.68,0,0,195,4,36
643.875624695,16.68,0,0,195,4,36
643.953144544,16.68,0,0,195,4,36
644.030550446,16.68,0,0,195,4,36
644.107800885,16.68,0,0,195,4,36
644.185520042,16.68,0,0,195,4,36
644.262342940,16.68,0,0,195,4,36
644.340081824,16.68,0,0,195,4,36
644.417091246,16.68,0,0,195,4,36
644.494135703,16.68,0,0,195,4,36
644.571186143,16.68,0,0,195,4,36
644.648965524,16.77,0,0,195,4,36
644.726032955,16.77,0,0,195,4,36
644.803246784,16.77,0,0,195,4,36
644.880713292,16.77,0,0,195,4,36
644.958124245,16.77,0,0,195,4,36
645.035160066,16.77,0,0,195,4,36
645.112276611,16.77,0,0,195,4,36
645.189600779,16.77,0,0,195,4,36
645.267076204,16.77,0,0,195,4,36
645.343455060,16.77,0,0,195,4,36
645.420596521,16.77,0,0,195,4,36
645.497101516,16.77,0,0,195,4,36
645.574303383,16.77,0,0,195,4,36
645.651460635,16.71,0,0,195,4,36
645.727983022,16.71,0,0,195,4,36
645.805122290,16.71,0,0,195,4,36
645.881922655,16.71,0,0,195,4,36
645.958710266,16.71,0,0,195,4,36
646.034510866,16.71,0,0,195,4,36
646.110983379,16.71,0,0,195,4,36
646.188008130,16.71,0,0,195,4,36
646.264552960,16.71,0,0,195,4,36
646.341118590,16.71,0,0,195,4,36
646.417634887,16.71,0,0,195,4,36
646.493619776,16.71,0,0,195,4,36
646.570650759,16.71,0,0,195,4,36
646.647842255,16.70,0,0,195,4,36
646.724765363,16.70,0,0,195,4,36
646.801504773,16.70,0,0,195,4,36
646.878190460,16.70,0,0,195,4,36
646.954965017,16.70,0,0,195,4,36
647.031726257,16.70,0,0,195,4,36
647.108948733,16.70,0,0,195,4,36
647.186024049,16.70,0,0,195,4,36
647.263232127,16.70,0,0,195,4,36
647.339762511,16.70,0,0,195,4,36
647.417185196,16.70,0,0,195,4,36
647.494341165,16.70,0,0,195,4,36
647.572826134,16.70,0,0,195,4,36
647.650190508,16.92,0,0,195,4,36
647.727313696,16.92,0,0,195,4,36
647.804696284,16.92,0,0,195,4,36
647.881013023,16.92,0,0,195,4,36
647.958507303,16.92,0,0,195,4,36
648.035837974,16.92,0,0,195,4,36
648.113262322,16.92,0,0,195,4,36
648.190126468,16.92,0,0,195,4,36
648.267957467,16.92,0,0,195,4,36
648.345338083,16.92,0,0,195,4,36
648.422182502,16.92,0,0,195,4,36
648.499307693,16.92,0,0,195,4,36
648.576310512,16.92,0,0,195,4,36
648.653377322,16.68,0,0,195,4,36
648.730587604,16.68,0,0,195,4,36
648.807545198,16.68,0,0,195,4,36
648.884976820,16.68,0,0,195,4,36
648.961717822,16.68,0,0,195,4,36
649.039608655,16.68,0,0,195,4,36
649.116933835,16.68,0,0,195,4,36
649.194708878,16.68,0,0,195,4,36
649.271811397,16.68,0,0,195,4,36
649.349218883,16.68,0,0,195,4,36
649.426126041,16.68,0,0,195,4,36
649.502986720,16.68,0,0,195,4,36
649.579705912,16.68,0,0,195,4,36
649.657322174,16.73,0,0,195,4,36
649.734355200,16.73,0,0,195,4,36
649.811839011,16.73,0,0,195,4,36
649.889511199,16.73,0,0,195,4,36
649.967248180,16.73,0,0,195,4,36
650.044921740,16.73,0,0,195,4,36
650.122613937,16.73,0,0,195,4,36
650.200028356,16.73,0,0,195,4,36
650.277361732,16.73,0,0,195,4,36
650.354906649,16.73,0,0,195,4,36
650.432317642,16.73,0,0,195,4,36
650.509712254,16.73,0,0,195,4,36
650.587535879,16.73,0,0,195,4,36
650.665845075,16.96,0,0,195,4,36
650.742995574,16.96,0,0,195,4,36
650.820309964,16.96,0,0,195,4,36
650.897836927,16.96,0,0,195,4,36
650.975110419,16.96,0,0,195,4,36
651.052201335,16.96,0,0,195,4,36
651.129042658,16.96,0,0,195,4,36
651.206301021,16.96,0,0,195,4,36
651.282637978,16.96,0,0,195,4,36
651.360030626,16.96,0,0,195,4,36
651.437056219,16.96,0,0,195,4,36
651.513644222,16.96,0,0,195,4,36
651.591955091,16.96,0,0,195,4,36
651.669685780,17.02,0,0,195,4,36
651.746478100,17.02,0,0,195,4,36
651.822779038,17.02,0,0,195,4,36
651.898920254,17.02,0,0,195,4,36
651.975004481,17.02,0,0,195,4,36
652.050799040,17.02,0,0,195,4,36
652.127452096,17.02,0,0,195,4,36
652.203634099,17.02,0,0,195,4,36
652.280136990,17.02,0,0,195,4,36
652.355329838,17.02,0,0,195,4,36
652.432002471,17.02,0,0,195,4,36
652.509231368,17.02,0,0,195,4,36
652.586471898,17.02,0,0,195,4,36
652.663841362,16.83,0,0,195,4,36
652.740895028,16.83,0,0,195,4,36
652.817884792,16.83,0,0,195,4,36
652.894679737,16.83,0,0,195,4,36
652.972582813,16.83,0,0,195,4,36
653.049829174,16.83,0,0,195,4,36
653.127582937,16.83,0,0,195,4,36
653.206844658,16.83,0,0,195,4,36
653.285003279,16.83,0,0,195,4,36
653.362081331,16.83,0,0,195,4,36
653.438927984,16.83,0,0,195,4,36
653.516003952,16.83,0,0,195,4,36
653.595207854,16.74,0,0,195,4,36
653.672616893,16.74,0,0,195,4,36
653.749691158,16.74,0,0,195,4,36
653.827539530,16.74,0,0,195,4,36
653.904675502,16.74,0,0,195,4,36
653.982366787,16.74,0,0,195,4,36
654.059037596,16.74,0,0,195,4,36
654.136427550,16.74,0,0,195,4,36
654.213530659,16.74,0,0,195,4,36
654.290963964,16.74,0,0,195,4,36
654.368448467,16.74,0,0,195,4,36
654.445932519,16.74,0,0,195,4,36
654.523158461,16.74,0,0,195,4,36
654.600865636,16.63,0,0,195,4,36
654.677991438,16.63,0,0,195,4,36
654.754982355,16.63,0,0,195,4,36
654.832623955,16.63,0,0,195,4,36
654.910546688,16.63,0,0,195,4,36
654.988057410,16.63,0,0,195,4,36
655.065069908,16.63,0,0,195,4,36
655.142274921,16.63,0,0,195,4,36
655.219215111,16.63,0,0,195,4,36
655.296157767,16.63,0,0,195,4,36
655.373252510,16.63,0,0,195,4,36
655.450897557,16.63,0,0,195,4,36
655.527770340,16.63,0,0,195,4,36
655.605056737,16.71,0,0,195,4,36
655.681744318,16.71,0,0,195,4,36
655.759519332,16.71,0,0,195,4,36
655.837326416,16.71,0,0,195,4,36
655.914340216,16.71,0,0,195,4,36
655.991131464,16.71,0,0,195,4,36
656.068675159,16.71,0,0,195,4,36
656.146589977,16.71,0,0,195,4,36
656.223698247,16.71,0,0,195,4,36
656.300749107,16.71,0,0,195,4,36
656.377917180,16.71,0,0,195,4,36
656.455114989,16.71,0,0,195,4,36
656.532128498,16.71,0,0,195,4,36
656.609753207,16.76,0,0,195,4,36
656.687968885,16.76,0,0,195,4,36
656.764419959,16.76,0,0,195,4,36
656.841281149,16.76,0,0,195,4,36
656.918526829,16.76,0,0,195,4,36
656.995089714,16.76,0,0,195,4,36
657.071895430,16.76,0,0,195,4,36
657.148619411,16.76,0,0,195,4,36
657.225295160,16.76,0,0,195,4,36
657.302252012,16.76,0,0,195,4,36
657.379926104,16.76,0,0,195,4,36
657.457358097,16.76,0,0,195,4,36
657.534883397,16.76,0,0,195,4,36
657.611398542,16.71,0,0,195,4,36
657.687617315,16.71,0,0,195,4,36
657.764255583,16.71,0,0,195,4,36
657.840150512,16.71,0,0,195,4,36
657.916512377,16.71,0,0,195,4,36
657.992139798,16.71,0,0,195,4,36
658.068042181,16.71,0,0,195,4,36
658.145078114,16.71,0,0,195,4,36
658.221909077,16.71,0,0,195,4,36
658.298424873,16.71,0,0,195,4,36
658.375167860,16.71,0,0,195,4,36
658.452678261,16.71,0,0,195,4,36
658.529765691,16.71,0,0,195,4,36
658.607072988,16.62,0,0,195,4,36
658.685403244,16.62,0,0,195,4,36
658.763003767,16.62,0,0,195,4,36
658.840758451,16.62,0,0,195,4,36
658.918142463,16.62,0,0,195,4,36
658.995223601,16.62,0,0,195,4,36
659.072773949,16.62,0,0,195,4,36
659.149853544,16.62,0,0,195,4,36
659.226979225,16.62,0,0,195,4,36
659.306936446,16.62,0,0,195,4,36
659.385114765,16.62,0,0,195,4,36
659.462214538,16.62,0,0,195,4,36
659.539355550,16.62,0,0,195,4,36
659.616907300,16.71,0,0,195,4,36
659.694301130,16.71,0,0,195,4,36
659.771537523,16.71,0,0,195,4,36
659.848828529,16.71,0,0,195,4,36
659.926017922,16.71,0,0,195,4,36
660.003209679,16.71,0,0,195,4,36
660.080302789,16.71,0,0,195,4,36
660.157872454,16.71,0,0,195,4,36
660.234797636,16.71,0,0,195,4,36
660.311824712,16.71,0,0,195,4,36
660.388786203,16.71,0,0,195,4,36
660.466129407,16.71,0,0,195,4,36
660.542649762,16.71,0,0,195,4,36
660.620107134,16.80,0,0,195,4,36
660.697348415,16.80,0,0,195,4,36
660.774255774,16.80,0,0,195,4,36
660.851561678,16.80,0,0,195,4,36
660.929324027,16.80,0,0,195,4,36
661.006308021,16.80,0,0,195,4,36
661.083496893,16.80,0,0,195,4,36
661.160279074,16.80,0,0,195,4,36
661.237401651,16.80,0,0,195,4,36
661.314462921,16.80,0,0,195,4,36
661.391046205,16.80,0,0,195,4,36
661.467826884,16.80,0,0,195,4,36
661.545147746,16.80,0,0,195,4,36
661.622029135,16.83,0,0,195,4,36
661.699445108,16.83,0,0,195,4,36
661.776699435,16.83,0,0,195,4,36
661.853664913,16.83,0,0,195,4,36
661.930705154,16.83,0,0,195,4,36
662.007810728,16.83,0,0,195,4,36
662.085505259,16.83,0,0,195,4,36
662.162890333,16.83,0,0,195,4,36
662.240418188,16.83,0,0,195,4,36
662.317403315,16.83,0,0,195,4,36
662.394939124,16.83,0,0,195,4,36
662.471900415,16.83,0,0,195,4,36
662.549363157,16.83,0,0,195,4,36
662.626675173,16.85,0,0,195,4,36
662.704325049,16.85,0,0,195,4,36
662.781309083,16.85,0,0,195,4,36
662.858444915,16.85,0,0,195,4,36
662.935325042,16.85,0,0,195,4,36
663.012175653,16.85,0,0,195,4,36
663.088247547,16.85,0,0,195,4,36
663.165114619,16.85,0,0,195,4,36
663.241828551,16.85,0,0,195,4,36
663.318454927,16.85,0,0,195,4,36
663.395169170,16.85,0,0,195,4,36
663.472534517,16.85,0,0,195,4,36
663.548783467,16.85,0,0,195,4,36
663.624883876,16.79,0,0,195,4,36
663.700859728,16.79,0,0,195,4,36
663.777258593,16.79,0,0,195,4,36
663.853785841,16.79,0,0,195,4,36
663.929932056,16.79,0,0,195,4,36
664.006305974,16.79,0,0,195,4,36
664.081883301,16.79,0,0,195,4,36
664.157965315,16.79,0,0,195,4,36
664.234757655,16.79,0,0,195,4,36
664.311352621,16.79,0,0,195,4,36
664.388953976,16.79,0,0,195,4,36
664.469806795,16.79,0,0,195,4,36
664.547088223,16.79,0,0,195,4,36
664.624007444,16.75,0,0,195,4,36
664.701838724,16.75,0,0,195,4,36
664.779007078,16.75,0,0,195,4,36
664.856075101,16.75,0,0,195,4,36
664.933355186,16.75,0,0,195,4,36
665.010195368,16.75,0,0,195,4,36
665.087703556,16.75,0,0,195,4,36
665.164986687,16.75,0,0,195,4,36
665.242120915,16.75,0,0,195,4,36
665.319312974,16.75,0,0,195,4,36
665.396142916,16.75,0,0,195,4,36
665.474300264,16.75,0,0,195,4,36
665.551257758,16.75,0,0,195,4,36
665.628088832,17.01,0,0,195,4,36
665.705068939,17.01,0,0,195,4,36
665.781943886,17.01,0,0,195,4,36
665.859994702,17.01,0,0,195,4,36
665.937160781,17.01,0,0,195,4,36
666.013662151,17.01,0,0,195,4,36
666.090565372,17.01,0,0,195,4,36
666.167631862,17.01,0,0,195,4,36
666.244712318,17.01,0,0,195,4,36
666.321685091,17.01,0,0,195,4,36
666.399109120,17.01,0,0,195,4,36
666.476583854,17.01,0,0,195,4,36
666.553805389,17.01,0,0,195,4,36
666.631641077,16.85,0,0,195,4,36
666.708517808,16.85,0,0,195,4,36
666.785962175,16.85,0,0,195,4,36
666.863287887,16.85,0,0,195,4,36
666.940845238,16.85,0,0,195,4,36
667.018329691,16.85,0,0,195,4,36
667.098204204,16.85,0,0,195,4,36
667.175593016,16.85,0,0,195,4,36
667.252710634,16.85,0,0,195,4,36
667.330277182,16.85,0,0,195,4,36
667.407148713,16.85,0,0,195,4,36
667.484724599,16.85,0,0,195,4,36
667.562011257,16.85,0,0,195,4,36
667.639021471,16.79,0,0,195,4,36
667.716097740,16.79,0,0,195,4,36
667.793309255,16.79,0,0,195,4,36
667.870969391,16.79,0,0,195,4,36
667.949543760,16.79,0,0,195,4,36
668.027380060,16.79,0,0,195,4,36
668.105135096,16.79,0,0,195,4,36
668.182300013,16.79,0,0,195,4,36
668.259446435,16.79,0,0,195,4,36
668.337010369,16.79,0,0,195,4,36
668.414006065,16.79,0,0,195,4,36
668.491015007,16.79,0,0,195,4,36
668.568355406,16.79,0,0,195,4,36
668.645170931,16.75,0,0,195,4,36
668.722094761,16.75,0,0,195,4,36
668.799030103,16.75,0,0,195,4,36
668.876043263,16.75,0,0,195,4,36
668.953276980,16.75,0,0,195,4,36
669.030184579,16.75,0,0,195,4,36
669.106805435,16.75,0,0,195,4,36
669.183814707,16.75,0,0,195,4,36
669.260996506,16.75,0,0,195,4,36
669.337584099,16.75,0,0,195,4,36
669.414899732,16.75,0,0,195,4,36
669.491300129,16.75,0,0,195,4,36
669.567958025,16.75,0,0,195,4,36
669.644986534,16.75,0,0,195,4,36
669.721006971,16.75,0,0,195,4,36
669.797777560,16.75,0,0,195,4,36
669.873670085,16.75,0,0,195,4,36
669.951063516,16.75,0,0,195,4,36
670.026870488,16.75,0,0,195,4,36
670.102928527,16.75,0,0,195,4,36
670.179735986,16.75,0,0,195,4,36
670.257091595,16.75,0,0,195,4,36
670.334916834,16.75,0,0,195,4,36
670.412273906,16.75,0,0,195,4,36
670.489237972,16.75,0,0,195,4,36
670.566469055,16.75,0,0,195,4,36
670.643671603,16.76,0,0,195,4,36
670.720835328,16.76,0,0,195,4,36
670.797956011,16.76,0,0,195,4,36
670.875691180,16.76,0,0,195,4,36
670.952758051,16.76,0,0,195,4,36
671.029937966,16.76,0,0,195,4,36
671.107222330,16.76,0,0,195,4,36
671.184432272,16.76,0,0,195,4,36
671.261734620,16.76,0,0,195,4,36
671.339136747,16.76,0,0,195,4,36
671.416735587,16.76,0,0,195,4,36
671.494133526,16.76,0,0,195,4,36
671.571014024,16.76,0,0,195,4,36
671.648286766,16.76,0,0,195,4,36
671.725258026,16.76,0,0,195,4,36
671.802383849,16.76,0,0,195,4,36
671.879377872,16.76,0,0,195,4,36
671.956266736,16.76,0,0,195,4,36
672.033410924,16.76,0,0,195,4,36
672.110257087,16.76,0,0,195,4,36
672.187277470,16.76,0,0,195,4,36
672.264936965,16.76,0,0,195,4,36
672.343667701,16.76,0,0,195,4,36
672.421882940,16.76,0,0,195,4,36
672.499343147,16.76,0,0,195,4,36
672.577097622,16.76,0,0,195,4,36
672.654479551,16.65,0,0,195,4,36
672.731256112,16.65,0,0,195,4,36
672.808286113,16.65,0,0,195,4,36
672.885277331,16.65,0,0,195,4,36
672.962182095,16.65,0,0,195,4,36
673.039141903,16.65,0,0,195,4,36
673.116083447,16.65,0,0,195,4,36
673.193577078,16.65,0,0,195,4,36
673.270238571,16.65,0,0,195,4,36
673.349339739,16.65,0,0,195,4,36
673.427018220,16.65,0,0,195,4,36
673.504288597,16.65,0,0,195,4,36
673.581366559,16.65,0,0,195,4,36
673.658578075,16.73,0,0,187,4,36
673.736264702,16.73,0,0,187,4,36
673.815164007,16.73,0,0,187,4,36
673.892438531,16.73,0,0,187,4,36
673.970004740,16.73,0,0,187,4,36
674.047460058,16.73,0,0,187,4,36
674.124670141,16.73,0,0,187,4,36
674.202071527,16.73,0,0,187,4,36
674.279201438,16.73,0,0,187,4,36
674.356817280,16.73,0,0,187,4,36
674.434362348,16.73,0,0,187,4,36
674.511314252,16.73,0,0,187,4,36
674.588564400,16.73,0,0,187,4,36
674.666289259,16.82,0,0,195,4,36
674.743236444,16.82,0,0,195,4,36
674.820417091,16.82,0,0,195,4,36
674.897872179,16.82,0,0,195,4,36
674.975052655,16.82,0,0,195,4,36
675.051623316,16.82,0,0,195,4,36
675.128260323,16.82,0,0,195,4,36
675.205787687,16.82,0,0,195,4,36
675.283215212,16.82,0,0,195,4,36
675.360066715,16.82,0,0,195,4,36
675.436578675,16.82,0,0,195,4,36
675.512842203,16.82,0,0,195,4,36
675.590197021,16.82,0,0,195,4,36
675.666603620,16.77,0,0,195,4,36
675.742885133,16.77,0,0,195,4,36
675.819086413,16.77,0,0,195,4,36
675.894824475,16.77,0,0,195,4,36
675.971036406,16.77,0,0,195,4,36
676.046964729,16.77,0,0,195,4,36
676.126608666,16.77,0,0,195,4,36
676.204082860,16.77,0,0,195,4,36
676.280968979,16.77,0,0,195,4,36
676.357911204,16.77,0,0,195,4,36
676.434755423,16.77,0,0,195,4,36
676.511393963,16.77,0,0,195,4,36
676.588973025,16.77,0,0,195,4,36
676.666232963,16.81,0,0,195,4,36
676.743331284,16.81,0,0,195,4,36
676.820360745,16.81,0,0,195,4,36
676.897378192,16.81,0,0,195,4,36
676.974422281,16.81,0,0,195,4,36
677.051761268,16.81,0,0,195,4,36
677.129552293,16.81,0,0,195,4,36
677.206725716,16.81,0,0,195,4,36
677.283904911,16.81,0,0,195,4,36
677.361104824,16.81,0,0,195,4,36
677.438730034,16.81,0,0,195,4,36
677.516074693,16.81,0,0,195,4,36
677.593763093,16.81,0,0,195,4,36
677.671273776,16.85,0,0,195,4,36
677.748451748,16.85,0,0,195,4,36
677.825887839,16.85,0,0,195,4,36
677.903984133,16.85,0,0,195,4,36
677.981434902,16.85,0,0,195,4,36
678.058949813,16.85,0,0,195,4,36
678.138188703,16.85,0,0,195,4,36
678.215278217,16.85,0,0,195,4,36
678.292922273,16.85,0,0,195,4,36
678.370400925,16.85,0,0,195,4,36
678.448089015,16.85,0,0,195,4,36
678.524991394,16.85,0,0,195,4,36
678.604218662,16.68,0,0,195,4,36
678.681381896,16.68,0,0,195,4,36
678.758277463,16.68,0,0,195,4,36
678.834983310,16.68,0,0,195,4,36
678.912188764,16.68,0,0,195,4,36
678.989234496,16.68,0,0,195,4,36
679.067364613,16.68,0,0,195,4,36
679.145327434,16.68,0,0,195,4,36
679.223051391,16.68,0,0,195,4,36
679.299953360,16.68,0,0,195,4,36
679.377006165,16.68,0,0,195,4,36
679.457279185,16.68,0,0,195,4,36
679.535089296,16.68,0,0,195,4,36
679.612388147,16.81,0,0,195,4,36
679.689867180,16.81,0,0,195,4,36
679.767098403,16.81,0,0,195,4,36
679.843834157,16.81,0,0,195,4,36
679.921144440,16.81,0,0,195,4,36
679.998522292,16.81,0,0,195,4,36
680.075828166,16.81,0,0,195,4,36
680.153957803,16.81,0,0,195,4,36
680.231209164,16.81,0,0,195,4,36
680.308298218,16.81,0,0,195,4,36
680.385517449,16.81,0,0,195,4,36
680.462825147,16.81,0,0,195,4,36
680.539626565,16.81,0,0,195,4,36
680.616486154,16.88,0,0,195,4,36
680.694017176,16.88,0,0,195,4,36
680.771508332,16.88,0,0,195,4,36
680.848328135,16.88,0,0,195,4,36
680.926000434,16.88,0,0,195,4,36
681.003244682,16.88,0,0,195,4,36
681.080903166,16.88,0,0,195,4,36
681.158367832,16.88,0,0,195,4,36
681.235759469,16.88,0,0,195,4,36
681.312393851,16.88,0,0,195,4,36
681.388978688,16.88,0,0,195,4,36
681.465972371,16.88,0,0,195,4,36
681.543190991,16.88,0,0,195,4,36
681.620024520,16.85,0,0,195,4,36
681.697138962,16.85,0,0,195,4,36
681.774214099,16.85,0,0,195,4,36
681.851359831,16.85,0,0,195,4,36
681.928196145,16.85,0,0,195,4,36
682.004612674,16.85,0,0,195,4,36
682.080895689,16.85,0,0,195,4,36
682.157358927,16.85,0,0,195,4,36
682.234641678,16.85,0,0,195,4,36
682.312141280,16.85,0,0,195,4,36
682.388738201,16.85,0,0,195,4,36
682.466207526,16.85,0,0,195,4,36
682.542870101,16.85,0,0,195,4,36
682.619188623,16.63,0,0,195,4,36
682.696062900,16.63,0,0,195,4,36
682.772515016,16.63,0,0,195,4,36
682.849345720,16.63,0,0,195,4,36
682.926894295,16.63,0,0,195,4,36
683.004044846,16.63,0,0,195,4,36
683.080861393,16.63,0,0,195,4,36
683.158315419,16.63,0,0,195,4,36
683.236738311,16.63,0,0,195,4,36
683.314237673,16.63,0,0,195,4,36
683.391231627,16.63,0,0,195,4,36
683.468408898,16.63,0,0,195,4,36
683.545371021,16.63,0,0,195,4,36
683.622545767,16.70,0,0,195,4,36
683.700067621,16.70,0,0,195,4,36
683.777321858,16.70,0,0,195,4,36
683.854713616,16.70,0,0,195,4,36
683.931795446,16.70,0,0,195,4,36
684.009415878,16.70,0,0,195,4,36
684.087842527,16.70,0,0,195,4,36
684.165829012,16.70,0,0,195,4,36
684.243263311,16.70,0,0,195,4,36
684.320209033,16.70,0,0,195,4,36
684.397317955,16.70,0,0,195,4,36
684.476366103,16.70,0,0,195,4,36
684.553699250,16.70,0,0,195,4,36
684.631070238,16.62,0,0,195,4,36
684.708583737,16.62,0,0,195,4,36
684.785795573,16.62,0,0,195,4,36
684.862981150,16.62,0,0,195,4,36
684.939931491,16.62,0,0,195,4,36
685.016873045,16.62,0,0,195,4,36
685.094088639,16.62,0,0,195,4,36
685.170997271,16.62,0,0,195,4,36
685.248131350,16.62,0,0,195,4,36
685.325415744,16.62,0,0,195,4,36
685.404032384,16.62,0,0,195,4,36
685.481232058,16.62,0,0,195,4,36
685.558760455,16.62,0,0,195,4,36
685.635967703,16.47,0,0,195,4,36
685.713206801,16.47,0,0,195,4,36
685.789994633,16.47,0,0,195,4,36
685.867442207,16.47,0,0,195,4,36
685.944636511,16.47,0,0,195,4,36
686.022459867,16.47,0,0,195,4,36
686.099747477,16.47,0,0,195,4,36
686.176792919,16.47,0,0,195,4,36
686.254232818,16.47,0,0,195,4,36
686.331802944,16.47,0,0,195,4,36
686.408557283,16.47,0,0,195,4,36
686.485926418,16.47,0,0,195,4,36
686.562748937,16.47,0,0,195,4,36
686.640548878,16.33,0,0,195,4,36
686.717212756,16.33,0,0,195,4,36
686.793970061,16.33,0,0,195,4,36
686.870987209,16.33,0,0,195,4,36
686.948358818,16.33,0,0,195,4,36
687.025265386,16.33,0,0,195,4,36
687.104628071,16.33,0,0,195,4,36
687.181042335,16.33,0,0,195,4,36
687.256859769,16.33,0,0,195,4,36
687.333496976,16.33,0,0,195,4,36
687.410329604,16.33,0,0,195,4,36
687.487028879,16.33,0,0,195,4,36
687.564078708,16.33,0,0,195,4,36
687.640985547,16.33,0,0,195,4,36
687.717916381,16.33,0,0,195,4,36
687.794371182,16.33,0,0,195,4,36
687.870253398,16.33,0,0,195,4,36
687.946012952,16.33,0,0,195,4,36
688.023045869,16.33,0,0,195,4,36
688.100438709,16.33,0,0,195,4,36
688.178157748,16.33,0,0,195,4,36
688.255030231,16.33,0,0,195,4,36
688.331976865,16.33,0,0,195,4,36
688.409472148,16.33,0,0,195,4,36
688.486584507,16.33,0,0,195,4,36
688.564227170,16.33,0,0,195,4,36
688.641774183,16.51,0,0,195,4,36
688.719095417,16.51,0,0,195,4,36
688.796335187,16.51,0,0,195,4,36
688.873455611,16.51,0,0,195,4,36
688.950144165,16.51,0,0,195,4,36
689.027436855,16.51,0,0,195,4,36
689.106433176,16.51,0,0,195,4,36
689.184079045,16.51,0,0,195,4,36
689.261274030,16.51,0,0,195,4,36
689.338205165,16.51,0,0,195,4,36
689.414788580,16.51,0,0,195,4,36
689.492609742,16.51,0,0,195,4,36
689.569994817,16.51,0,0,195,4,36
689.647267820,16.45,0,0,195,4,36
689.723777466,16.45,0,0,195,4,36
689.800736123,16.45,0,0,195,4,36
689.878311218,16.45,0,0,195,4,36
689.955720048,16.45,0,0,195,4,36
690.033198952,16.45,0,0,195,4,36
690.111353907,16.45,0,0,195,4,36
690.188507283,16.45,0,0,195,4,36
690.265906034,16.45,0,0,195,4,36
690.342911770,16.45,0,0,195,4,36
690.420678499,16.45,0,0,195,4,36
690.497783012,16.45,0,0,195,4,36
690.574955164,16.45,0,0,195,4,36
690.652242253,16.68,0,0,195,4,36
690.729704014,16.68,0,0,195,4,36
690.806325151,16.68,0,0,195,4,36
690.883340886,16.68,0,0,195,4,36
690.960325342,16.68,0,0,195,4,36
691.037086454,16.68,0,0,195,4,36
691.114423729,16.68,0,0,195,4,36
691.191805819,16.68,0,0,195,4,36
691.269249415,16.68,0,0,195,4,36
691.346672070,16.68,0,0,195,4,36
691.424288715,16.68,0,0,195,4,36
691.501205893,16.68,0,0,195,4,36
691.578196481,16.68,0,0,195,4,36
691.655041893,16.66,0,0,195,4,36
691.732542839,16.66,0,0,195,4,36
691.809618547,16.66,0,0,195,4,36
691.886745854,16.66,0,0,195,4,36
691.964127714,16.66,0,0,195,4,36
692.041478714,16.66,0,0,195,4,36
692.118428174,16.66,0,0,195,4,36
692.195628349,16.66,0,0,195,4,36
692.273269059,16.66,0,0,195,4,36
692.350256099,16.66,0,0,195,4,36
692.427725144,16.66,0,0,195,4,36
692.505194750,16.66,0,0,195,4,36
692.582529870,16.66,0,0,195,4,36
692.659900799,16.71,0,0,195,4,36
692.737320440,16.71,0,0,195,4,36
692.814039983,16.71,0,0,195,4,36
692.891546379,16.71,0,0,195,4,36
692.968344982,16.71,0,0,195,4,36
693.045841148,16.71,0,0,195,4,36
693.123478672,16.71,0,0,195,4,36
693.199455287,16.71,0,0,195,4,36
693.276149643,16.71,0,0,195,4,36
693.353247033,16.71,0,0,195,4,36
693.429630600,16.71,0,0,195,4,36
693.505953962,16.71,0,0,195,4,36
693.582238000,16.71,0,0,195,4,36
693.658524272,16.66,0,0,195,4,36
693.735261169,16.66,0,0,195,4,36
693.811762088,16.66,0,0,195,4,36
693.888611758,16.66,0,0,195,4,36
693.965944975,16.66,0,0,195,4,36
694.042979376,16.66,0,0,195,4,36
694.121180869,16.66,0,0,195,4,36
694.198990720,16.66,0,0,195,4,36
694.275599143,16.66,0,0,195,4,36
694.353153679,16.66,0,0,195,4,36
694.430815981,16.66,0,0,195,4,36
694.508292369,16.66,0,0,195,4,36
694.585841165,16.66,0,0,195,4,36
694.663142242,16.61,0,0,195,4,36
694.739888646,16.61,0,0,195,4,36
694.817180605,16.61,0,0,195,4,36
694.894262876,16.61,0,0,195,4,36
694.971546159,16.61,0,0,195,4,36
695.048746895,16.61,0,0,195,4,36
695.126465382,16.61,0,0,195,4,36
695.203654366,16.61,0,0,195,4,36
695.280498416,16.61,0,0,195,4,36
695.358217084,16.61,0,0,195,4,36
695.435628660,16.61,0,0,195,4,36
695.513335094,16.61,0,0,195,4,36
695.590781316,16.61,0,0,195,4,36
695.668734488,17.10,0,0,195,4,36
695.746181581,17.10,0,0,195,4,36
695.823204781,17.10,0,0,195,4,36
695.900326186,17.10,0,0,195,4,36
695.977333616,17.10,0,0,195,4,36
696.054406039,17.10,0,0,195,4,36
696.132017974,17.10,0,0,195,4,36
696.209209152,17.10,0,0,195,4,36
696.286351788,17.10,0,0,195,4,36
696.363295607,17.10,0,0,195,4,36
696.440164524,17.10,0,0,195,4,36
696.517392792,17.10,0,0,195,4,36
696.594940796,17.10,0,0,195,4,36
696.672175066,17.03,0,0,195,4,36
696.749009838,17.03,0,0,195,4,36
696.825921827,17.03,0,0,195,4,36
696.902628787,17.03,0,0,195,4,36
696.979509857,17.03,0,0,195,4,36
697.056254538,17.03,0,0,195,4,36
697.133741778,17.03,0,0,195,4,36
697.211023788,17.03,0,0,195,4,36
697.287961736,17.03,0,0,195,4,36
697.364885066,17.03,0,0,195,4,36
697.441973258,17.03,0,0,195,4,36
697.518900566,17.03,0,0,195,4,36
697.595725319,17.03,0,0,195,4,36
697.672947195,16.89,0,0,195,4,36
697.750275363,16.89,0,0,195,4,36
697.827193543,16.89,0,0,195,4,36
697.904501503,16.89,0,0,195,4,36
697.982059035,16.89,0,0,195,4,36
698.059515646,16.89,0,0,195,4,36
698.136944224,16.89,0,0,195,4,36
698.213753889,16.89,0,0,195,4,36
698.290935639,16.89,0,0,195,4,36
698.367903624,16.89,0,0,195,4,36
698.444882319,16.89,0,0,195,4,36
698.522152998,16.89,0,0,195,4,36
698.598436144,16.89,0,0,195,4,36
698.676008495,16.82,0,0,195,4,36
698.752922758,16.82,0,0,195,4,36
698.830429625,16.82,0,0,195,4,36
698.908114478,16.82,0,0,195,4,36
698.985287472,16.82,0,0,195,4,36
699.061906085,16.82,0,0,195,4,36
699.138308457,16.82,0,0,195,4,36
699.214373871,16.82,0,0,195,4,36
699.291773253,16.82,0,0,195,4,36
699.367932114,16.82,0,0,195,4,36
699.444030280,16.82,0,0,195,4,36
699.520963860,16.82,0,0,195,4,36
699.597658386,16.82,0,0,195,4,36
699.673875337,16.89,0,0,187,4,36
699.749544069,16.89,0,0,187,4,36
699.825724881,16.89,0,0,187,4,36
699.902085083,16.89,0,0,187,4,36
699.979150443,16.89,0,0,187,4,36
700.056487948,16.89,0,0,187,4,36
700.133414294,16.89,0,0,187,4,36
700.210986966,16.89,0,0,187,4,36
700.288725441,16.89,0,0,187,4,36
700.365872035,16.89,0,0,187,4,36
700.444229153,16.89,0,0,187,4,36
700.520948657,16.89,0,0,187,4,36
700.598052019,16.89,0,0,187,4,36
700.675059619,16.90,0,0,195,4,36
700.751766018,16.90,0,0,195,4,36
700.829230304,16.90,0,0,195,4,36
700.906376947,16.90,0,0,195,4,36
700.983470560,16.90,0,0,195,4,36
701.061157037,16.90,0,0,195,4,36
701.138717295,16.90,0,0,195,4,36
701.215557658,16.90,0,0,195,4,36
701.293286816,16.90,0,0,195,4,36
701.370847174,16.90,0,0,195,4,36
701.448141768,16.90,0,0,195,4,36
701.525270929,16.90,0,0,195,4,36
701.602312453,16.90,0,0,195,4,36
701.679056404,16.82,0,0,195,4,36
701.755801496,16.82,0,0,195,4,36
701.832810499,16.82,0,0,195,4,36
701.910658221,16.82,0,0,195,4,36
701.987815375,16.82,0,0,195,4,36
702.065392525,16.82,0,0,195,4,36
702.142910875,16.82,0,0,195,4,36
702.221665927,16.82,0,0,195,4,36
702.299701156,16.82,0,0,195,4,36
702.378205874,16.82,0,0,195,4,36
702.455523351,16.82,0,0,195,4,36
702.532933114,16.82,0,0,195,4,36
702.612160913,17.77,0,0,195,4,36
702.689314970,17.77,0,0,195,4,36
702.766336838,17.77,0,0,195,4,36
702.843702757,17.77,0,0,195,4,36
702.922564031,17.77,0,0,195,4,36
703.001215588,17.77,0,0,195,4,36
703.078771568,17.77,0,0,195,4,36
703.156275730,17.77,0,0,195,4,36
703.233310642,17.77,0,0,195,4,36
703.311138657,17.77,0,0,195,4,36
703.388536086,17.77,0,0,195,4,36
703.466386915,17.77,0,0,195,4,36
703.543282012,17.77,0,0,195,4,36
703.621412020,17.24,0,0,195,4,36
703.698832212,17.24,0,0,195,4,36
703.775916638,17.24,0,0,195,4,36
703.853475914,17.24,0,0,195,4,36
703.930945420,17.24,0,0,195,4,36
704.008003285,17.24,0,0,195,4,36
704.085647022,17.24,0,0,195,4,36
704.162655163,17.24,0,0,195,4,36
704.240363091,17.24,0,0,195,4,36
704.317662354,17.24,0,0,195,4,36
704.395125157,17.24,0,0,195,4,36
704.472094825,17.24,0,0,195,4,36
704.549452229,17.24,0,0,195,4,36
704.627004932,16.79,0,0,195,4,36
704.703998676,16.79,0,0,195,4,36
704.781386687,16.79,0,0,195,4,36
704.858696871,16.79,0,0,195,4,36
704.935415123,16.79,0,0,195,4,36
705.011690905,16.79,0,0,195,4,36
705.087861859,16.79,0,0,195,4,36
705.164132202,16.79,0,0,195,4,36
705.240693396,16.79,0,0,195,4,36
705.317901656,16.79,0,0,195,4,36
705.394147793,16.79,0,0,195,4,36
705.470665674,16.79,0,0,195,4,36
705.547482663,16.79,0,0,195,4,36
705.624236953,16.76,0,0,195,4,36
705.701479108,16.76,0,0,195,4,36
705.779364332,16.76,0,0,195,4,36
705.856763996,16.76,0,0,195,4,36
705.933804037,16.76,0,0,195,4,36
706.010967172,16.76,0,0,195,4,36
706.088787934,16.76,0,0,195,4,36
706.165826022,16.76,0,0,195,4,36
706.242742941,16.76,0,0,195,4,36
706.320081839,16.76,0,0,195,4,36
706.397361725,16.76,0,0,195,4,36
706.474868742,16.76,0,0,195,4,36
706.552638668,16.76,0,0,195,4,36
706.630205008,16.74,0,0,195,4,36
706.707530851,16.74,0,0,195,4,36
706.785288213,16.74,0,0,195,4,36
706.862462118,16.74,0,0,195,4,36
706.939390669,16.74,0,0,195,4,36
707.015947083,16.74,0,0,195,4,36
707.092971616,16.74,0,0,195,4,36
707.169898753,16.74,0,0,195,4,36
707.247197025,16.74,0,0,195,4,36
707.323834954,16.74,0,0,195,4,36
707.401487437,16.74,0,0,195,4,36
707.478634121,16.74,0,0,195,4,36
707.555721472,16.74,0,0,195,4,36
707.633787670,16.63,0,0,195,4,36
707.711292182,16.63,0,0,195,4,36
707.788351961,16.63,0,0,195,4,36
707.865737758,16.63,0,0,195,4,36
707.942479875,16.63,0,0,195,4,36
708.020048349,16.63,0,0,195,4,36
708.097035741,16.63,0,0,195,4,36
708.174196572,16.63,0,0,195,4,36
708.251944285,16.63,0,0,195,4,36
708.329651351,16.63,0,0,195,4,36
708.407169340,16.63,0,0,195,4,36
708.486189796,16.63,0,0,195,4,36
708.563874470,16.63,0,0,195,4,36
708.641487698,16.48,0,0,195,4,36
708.718470802,16.48,0,0,195,4,36
708.795664776,16.48,0,0,195,4,36
708.872824925,16.48,0,0,195,4,36
708.951447287,16.48,0,0,195,4,36
709.028595073,16.48,0,0,195,4,36
709.106471711,16.48,0,0,195,4,36
709.184029605,16.48,0,0,195,4,36
709.261094203,16.48,0,0,195,4,36
709.338264011,16.48,0,0,195,4,36
709.415467583,16.48,0,0,195,4,36
709.492533574,16.48,0,0,195,4,36
709.569231077,16.48,0,0,195,4,36
709.646432384,16.48,0,0,195,4,36
709.723987482,16.48,0,0,195,4,36
709.801133876,16.48,0,0,195,4,36
709.878554359,16.48,0,0,195,4,36
709.955722544,16.48,0,0,195,4,36
710.033510253,16.48,0,0,195,4,36
710.112089203,16.48,0,0,195,4,36
710.189140766,16.48,0,0,195,4,36
710.266282401,16.48,0,0,195,4,36
710.343030539,16.48,0,0,195,4,36
710.419598315,16.48,0,0,195,4,36
710.496765468,16.48,0,0,195,4,36
710.574489086,16.48,0,0,195,4,36
710.651159838,16.70,0,0,195,4,36
710.728216652,16.70,0,0,195,4,36
710.804753109,16.70,0,0,195,4,36
710.881313000,16.70,0,0,195,4,36
710.957608611,16.70,0,0,195,4,36
711.033425433,16.70,0,0,195,4,36
711.112041784,16.70,0,0,195,4,36
711.188816633,16.70,0,0,195,4,36
711.265857056,16.70,0,0,195,4,36
711.342018151,16.70,0,0,195,4,36
711.418244280,16.70,0,0,195,4,36
711.495567960,16.70,0,0,195,4,36
711.572521447,16.70,0,0,195,4,36
711.649115804,16.59,0,0,195,4,36
711.726018426,16.59,0,0,195,4,36
711.803052226,16.59,0,0,195,4,36
711.880428335,16.59,0,0,195,4,36
711.957875409,16.59,0,0,195,4,36
712.034806995,16.59,0,0,195,4,36
712.113719537,16.59,0,0,195,4,36
712.191150370,16.59,0,0,195,4,36
712.268516250,16.59,0,0,195,4,36
712.345611296,16.59,0,0,195,4,36
712.422799198,16.59,0,0,195,4,36
712.499778384,16.59,0,0,195,4,36
712.576759334,16.59,0,0,195,4,36
712.653935444,16.49,0,0,187,4,36
712.731937250,16.49,0,0,187,4,36
712.809965485,16.49,0,0,187,4,36
712.887098123,16.49,0,0,187,4,36
712.964135229,16.49,0,0,187,4,36
713.041409365,16.49,0,0,187,4,36
713.118460818,16.49,0,0,187,4,36
713.195782134,16.49,0,0,187,4,36
713.273238765,16.49,0,0,187,4,36
713.350487944,16.49,0,0,187,4,36
713.427553264,16.49,0,0,187,4,36
713.506140159,16.49,0,0,187,4,36
713.583132270,16.49,0,0,187,4,36
713.659954849,16.88,0,0,195,4,36
713.737098017,16.88,0,0,195,4,36
713.814172544,16.88,0,0,195,4,36
713.892697992,16.88,0,0,195,4,36
713.972014401,16.88,0,0,195,4,36
714.050604210,16.88,0,0,195,4,36
714.128057696,16.88,0,0,195,4,36
714.204899021,16.88,0,0,195,4,36
714.281692185,16.88,0,0,195,4,36
714.358828139,16.88,0,0,195,4,36
714.435991144,16.88,0,0,195,4,36
714.513070962,16.88,0,0,195,4,36
714.590357621,16.88,0,0,195,4,36
714.667731286,16.68,0,0,195,4,36
714.745278970,16.68,0,0,195,4,36
714.822514142,16.68,0,0,195,4,36
714.899451339,16.68,0,0,195,4,36
714.976249633,16.68,0,0,195,4,36
715.053005165,16.68,0,0,195,4,36
715.130651327,16.68,0,0,195,4,36
715.207737366,16.68,0,0,195,4,36
715.285917820,16.68,0,0,195,4,36
715.362963793,16.68,0,0,195,4,36
715.440009256,16.68,0,0,195,4,36
715.517077120,16.68,0,0,195,4,36
715.594131159,16.68,0,0,195,4,36
715.671325834,16.62,0,0,195,4,36
715.748250227,16.62,0,0,195,4,36
715.825602722,16.62,0,0,195,4,36
715.902795383,16.62,0,0,195,4,36
715.979678798,16.62,0,0,195,4,36
716.056780407,16.62,0,0,195,4,36
716.133950926,16.62,0,0,195,4,36
716.211442114,16.62,0,0,195,4,36
716.289278605,16.62,0,0,195,4,36
716.366176338,16.62,0,0,195,4,36
716.443151767,16.62,0,0,195,4,36
716.520128239,16.62,0,0,195,4,36
716.596940609,16.62,0,0,195,4,36
716.673985320,16.58,0,0,195,4,36
716.751025753,16.58,0,0,195,4,36
716.827611584,16.58,0,0,195,4,36
716.904147069,16.58,0,0,195,4,36
716.980466335,16.58,0,0,195,4,36
717.056692524,16.58,0,0,195,4,36
717.133093194,16.58,0,0,195,4,36
717.209105818,16.58,0,0,195,4,36
717.285078116,16.58,0,0,195,4,36
717.362257763,16.58,0,0,195,4,36
717.438640018,16.58,0,0,195,4,36
717.515854310,16.58,0,0,195,4,36
717.593313787,16.58,0,0,195,4,36
717.670557556,16.62,0,0,195,4,36
717.748030949,16.62,0,0,195,4,36
717.825294866,16.62,0,0,195,4,36
717.902771376,16.62,0,0,195,4,36
717.979789366,16.62,0,0,195,4,36
718.057026231,16.62,0,0,195,4,36
718.134935121,16.62,0,0,195,4,36
718.211695693,16.62,0,0,195,4,36
718.288798073,16.62,0,0,195,4,36
718.365866840,16.62,0,0,195,4,36
718.443243991,16.62,0,0,195,4,36
718.521984216,16.62,0,0,195,4,36
718.599247392,16.62,0,0,195,4,36
718.677047204,16.62,0,0,195,4,36
718.754504267,16.62,0,0,195,4,36
718.831658936,16.62,0,0,195,4,36
718.910068595,16.62,0,0,195,4,36
718.987206373,16.62,0,0,195,4,36
719.065115823,16.62,0,0,195,4,36
719.142852696,16.62,0,0,195,4,36
719.219689493,16.62,0,0,195,4,36
719.297389387,16.62,0,0,195,4,36
719.374626112,16.62,0,0,195,4,36
719.451693175,16.62,0,0,195,4,36
719.528914010,16.62,0,0,195,4,36
719.605806493,16.62,0,0,195,4,36
719.682929382,16.71,0,0,195,4,36
719.760365194,16.71,0,0,195,4,36
719.837319594,16.71,0,0,195,4,36
719.914376428,16.71,0,0,195,4,36
719.991148131,16.71,0,0,195,4,36
720.067962626,16.71,0,0,195,4,36
720.145663481,16.71,0,0,195,4,36
720.222474890,16.71,0,0,195,4,36
720.299937673,16.71,0,0,195,4,36
720.377418301,16.71,0,0,195,4,36
720.455163400,16.71,0,0,195,4,36
720.533320500,16.71,0,0,195,4,36
720.610211399,16.71,0,0,195,4,36
720.687524980,16.81,0,0,195,4,36
720.765307911,16.81,0,0,195,4,36
720.842868730,16.81,0,0,195,4,36
720.920084005,16.81,0,0,195,4,36
720.997243503,16.81,0,0,195,4,36
721.073980882,16.81,0,0,195,4,36
721.150998502,16.81,0,0,195,4,36
721.228491563,16.81,0,0,195,4,36
721.305678433,16.81,0,0,195,4,36
721.383559620,16.81,0,0,195,4,36
721.460961599,16.81,0,0,195,4,36
721.538176603,16.81,0,0,195,4,36
721.616781472,16.81,0,0,195,4,36
721.693617177,16.88,0,0,195,4,36
721.770563651,16.88,0,0,195,4,36
721.847754129,16.88,0,0,195,4,36
721.924893019,16.88,0,0,195,4,36
722.002042799,16.88,0,0,195,4,36
722.079098831,16.88,0,0,195,4,36
722.156117603,16.88,0,0,195,4,36
722.232788175,16.88,0,0,195,4,36
722.309351403,16.88,0,0,195,4,36
722.387107814,16.88,0,0,195,4,36
722.463955521,16.88,0,0,195,4,36
722.540885395,16.88,0,0,195,4,36
722.620163360,16.87,0,0,195,4,36
722.696749261,16.87,0,0,195,4,36
722.773185338,16.87,0,0,195,4,36
722.850072390,16.87,0,0,195,4,36
722.926012968,16.87,0,0,195,4,36
723.002696645,16.87,0,0,195,4,36
723.078865546,16.87,0,0,195,4,36
723.155835295,16.87,0,0,195,4,36
723.232282633,16.87,0,0,195,4,36
723.308426987,16.87,0,0,195,4,36
723.385652141,16.87,0,0,195,4,36
723.461933124,16.87,0,0,195,4,36
723.539121407,16.87,0,0,195,4,36
723.618153877,16.87,0,0,195,4,36
723.695166878,16.94,0,0,195,4,36
723.772565199,16.94,0,0,195,4,36
723.849382239,16.94,0,0,195,4,36
723.926520708,16.94,0,0,195,4,36
724.003673213,16.94,0,0,195,4,36
724.080375976,16.94,0,0,195,4,36
724.158216055,16.94,0,0,195,4,36
724.235525449,16.94,0,0,195,4,36
724.312769838,16.94,0,0,195,4,36
724.390097496,16.94,0,0,195,4,36
724.469421438,16.94,0,0,195,4,36
724.547115270,16.94,0,0,195,4,36
724.624941864,16.88,0,0,195,4,36
724.701981957,16.88,0,0,195,4,36
724.779455520,16.88,0,0,195,4,36
724.856425801,16.88,0,0,195,4,36
724.934292771,16.88,0,0,195,4,36
725.011429035,16.88,0,0,195,4,36
725.089466138,16.88,0,0,195,4,36
725.166723863,16.88,0,0,195,4,36
725.244275445,16.88,0,0,195,4,36
725.321844361,16.88,0,0,195,4,36
725.399373901,16.88,0,0,195,4,36
725.476421518,16.88,0,0,195,4,36
725.553391347,16.88,0,0,195,4,36
725.630845825,16.91,0,0,195,4,36
725.708693098,16.91,0,0,195,4,36
725.785963948,16.91,0,0,195,4,36
725.863114820,16.91,0,0,195,4,36
725.939893006,16.91,0,0,195,4,36
726.017311927,16.91,0,0,195,4,36
726.094297506,16.91,0,0,195,4,36
726.171421447,16.91,0,0,195,4,36
726.248325933,16.91,0,0,195,4,36
726.325424807,16.91,0,0,195,4,36
726.402992099,16.91,0,0,195,4,36
726.480005871,16.91,0,0,195,4,36
726.557060161,16.91,0,0,195,4,36
726.634041302,16.59,0,0,195,4,36
726.711239995,16.59,0,0,195,4,36
726.788281570,16.59,0,0,195,4,36
726.865171698,16.59,0,0,195,4,36
726.942651695,16.59,0,0,195,4,36
727.019939787,16.59,0,0,195,4,36
727.097315927,16.59,0,0,195,4,36
727.174480065,16.59,0,0,195,4,36
727.251276956,16.59,0,0,195,4,36
727.327811400,16.59,0,0,195,4,36
727.404840853,16.59,0,0,195,4,36
727.481425171,16.59,0,0,195,4,36
727.558643110,16.59,0,0,195,4,36
727.635891979,16.60,0,0,195,4,36
727.713144524,16.60,0,0,195,4,36
727.789980890,16.60,0,0,195,4,36
727.867153003,16.60,0,0,195,4,36
727.944750432,16.60,0,0,195,4,36
728.021692980,16.60,0,0,195,4,36
728.098804318,16.60,0,0,195,4,36
728.175060043,16.60,0,0,195,4,36
728.251922028,16.60,0,0,195,4,36
728.328628638,16.60,0,0,195,4,36
728.405942089,16.60,0,0,195,4,36
728.482787513,16.60,0,0,195,4,36
728.560480773,16.60,0,0,195,4,36
728.638250399,16.73,0,0,195,4,36
728.713944350,16.73,0,0,195,4,36
728.790672861,16.73,0,0,195,4,36
728.866902277,16.73,0,0,195,4,36
728.942308672,16.73,0,0,195,4,36
729.019221974,16.73,0,0,195,4,36
729.095898508,16.73,0,0,195,4,36
729.172280583,16.73,0,0,195,4,36
729.248115761,16.73,0,0,195,4,36
729.326326603,16.73,0,0,195,4,36
729.403566925,16.73,0,0,195,4,36
729.480598452,16.73,0,0,195,4,36
729.557803307,16.73,0,0,195,4,36
729.635249219,16.74,0,0,195,4,36
729.712244887,16.74,0,0,195,4,36
729.790272582,16.74,0,0,195,4,36
729.867071367,16.74,0,0,195,4,36
729.944287624,16.74,0,0,195,4,36
730.022092857,16.74,0,0,195,4,36
730.099259971,16.74,0,0,195,4,36
730.176643885,16.74,0,0,195,4,36
730.253964670,16.74,0,0,195,4,36
730.331889399,16.74,0,0,195,4,36
730.409332376,16.74,0,0,195,4,36
730.487183667,16.74,0,0,195,4,36
730.564568723,16.74,0,0,195,4,36
730.642015066,16.63,0,0,195,4,36
730.719615090,16.63,0,0,195,4,36
730.798835287,16.63,0,0,195,4,36
730.876920771,16.63,0,0,195,4,36
730.954583233,16.63,0,0,195,4,36
731.031758212,16.63,0,0,195,4,36
731.109365400,16.63,0,0,195,4,36
731.186793318,16.63,0,0,195,4,36
731.264140021,16.63,0,0,195,4,36
731.341246620,16.63,0,0,195,4,36
731.418019296,16.63,0,0,195,4,36
731.495644017,16.63,0,0,195,4,36
731.572504880,16.63,0,0,195,4,36
731.649476513,16.52,0,0,195,4,36
731.726443657,16.52,0,0,195,4,36
731.803305161,16.52,0,0,195,4,36
731.880140866,16.52,0,0,195,4,36
731.956942587,16.52,0,0,195,4,36
732.034251309,16.52,0,0,195,4,36
732.111158440,16.52,0,0,195,4,36
732.188176000,16.52,0,0,195,4,36
732.264828938,16.52,0,0,195,4,36
732.341570555,16.52,0,0,195,4,36
732.418102244,16.52,0,0,195,4,36
732.494848860,16.52,0,0,195,4,36
732.571759287,16.52,0,0,195,4,36
732.649262107,16.49,0,0,195,4,36
732.726449559,16.49,0,0,195,4,36
732.803502316,16.49,0,0,195,4,36
732.880446346,16.49,0,0,195,4,36
732.957202651,16.49,0,0,195,4,36
733.034485614,16.49,0,0,195,4,36
733.111961233,16.49,0,0,195,4,36
733.188741102,16.49,0,0,195,4,36
733.266039084,16.49,0,0,195,4,36
733.343414843,16.49,0,0,195,4,36
733.420748562,16.49,0,0,195,4,36
733.498495856,16.49,0,0,195,4,36
733.575715839,16.49,0,0,195,4,36
733.653366650,16.48,0,0,195,4,36
733.730918944,16.48,0,0,195,4,36
733.808365157,16.48,0,0,195,4,36
733.886202300,16.48,0,0,195,4,36
733.963478541,16.48,0,0,195,4,36
734.040566685,16.48,0,0,195,4,36
734.117424221,16.48,0,0,195,4,36
734.195487654,16.48,0,0,195,4,36
734.272628929,16.48,0,0,195,4,36
734.350366524,16.48,0,0,195,4,36
734.427126786,16.48,0,0,195,4,36
734.504212596,16.48,0,0,195,4,36
734.580825579,16.48,0,0,195,4,36
734.657348270,16.62,0,0,195,4,36
734.733099941,16.62,0,0,195,4,36
734.809302936,16.62,0,0,195,4,36
734.885760545,16.62,0,0,195,4,36
734.961407917,16.62,0,0,195,4,36
735.038050005,16.62,0,0,195,4,36
735.114609907,16.62,0,0,195,4,36
735.190644604,16.62,0,0,195,4,36
735.267352227,16.62,0,0,195,4,36
735.344070479,16.62,0,0,195,4,36
735.421372939,16.62,0,0,195,4,36
735.500604096,16.62,0,0,195,4,36
735.578303098,16.62,0,0,195,4,36
735.656365108,16.63,0,0,195,4,36
735.733316062,16.63,0,0,195,4,36
735.810308886,16.63,0,0,195,4,36
735.887318420,16.63,0,0,195,4,36
735.964107667,16.63,0,0,195,4,36
736.040919778,16.63,0,0,195,4,36
736.118065852,16.63,0,0,195,4,36
736.195224109,16.63,0,0,195,4,36
736.272533983,16.63,0,0,195,4,36
736.349905825,16.63,0,0,195,4,36
736.427410839,16.63,0,0,195,4,36
736.504291830,16.63,0,0,195,4,36
736.581600131,16.63,0,0,195,4,36
736.658976301,16.54,0,0,195,4,36
736.736256710,16.54,0,0,195,4,36
736.814064648,16.54,0,0,195,4,36
736.891155848,16.54,0,0,195,4,36
736.968148682,16.54,0,0,195,4,36
737.045237717,16.54,0,0,195,4,36
737.124103542,16.54,0,0,195,4,36
737.201161418,16.54,0,0,195,4,36
737.278136057,16.54,0,0,195,4,36
737.355404993,16.54,0,0,195,4,36
737.433141356,16.54,0,0,195,4,36
737.510152584,16.54,0,0,195,4,36
737.587220770,16.54,0,0,195,4,36
737.664115869,16.56,0,0,195,4,36
737.741209753,16.56,0,0,195,4,36
737.818505761,16.56,0,0,195,4,36
737.895363338,16.56,0,0,195,4,36
737.972181110,16.56,0,0,195,4,36
738.049243374,16.56,0,0,195,4,36
738.126449372,16.56,0,0,195,4,36
738.203331375,16.56,0,0,195,4,36
738.280311564,16.56,0,0,195,4,36
738.357146568,16.56,0,0,195,4,36
738.434522207,16.56,0,0,195,4,36
738.511664464,16.56,0,0,195,4,36
738.589265771,16.56,0,0,195,4,36
738.666183923,16.61,0,0,195,4,36
738.744033350,16.61,0,0,195,4,36
738.821073563,16.61,0,0,195,4,36
738.897971777,16.61,0,0,195,4,36
738.974982705,16.61,0,0,195,4,36
739.052211956,16.61,0,0,195,4,36
739.129741387,16.61,0,0,195,4,36
739.206616397,16.61,0,0,195,4,36
739.283542203,16.61,0,0,195,4,36
739.360626299,16.61,0,0,195,4,36
739.440123140,16.61,0,0,195,4,36
739.517771396,16.61,0,0,195,4,36
739.595316857,16.61,0,0,195,4,36
739.672203479,16.76,0,0,195,4,36
739.749380091,16.76,0,0,195,4,36
739.826527627,16.76,0,0,195,4,36
739.903813206,16.76,0,0,195,4,36
739.981217739,16.76,0,0,195,4,36
740.057487803,16.76,0,0,195,4,36
740.133728310,16.76,0,0,195,4,36
740.210467963,16.76,0,0,195,4,36
740.287435047,16.76,0,0,195,4,36
740.365206758,16.76,0,0,195,4,36
740.442087999,16.76,0,0,195,4,36
740.519870289,16.76,0,0,195,4,36
740.596055241,16.76,0,0,195,4,36
740.672439811,16.92,0,0,195,4,36
740.749349567,16.92,0,0,195,4,36
740.825125092,16.92,0,0,195,4,36
740.901206968,16.92,0,0,195,4,36
740.977895876,16.92,0,0,195,4,36
741.054531913,16.92,0,0,195,4,36
741.130229831,16.92,0,0,195,4,36
741.207357079,16.92,0,0,195,4,36
741.284037781,16.92,0,0,195,4,36
741.361404513,16.92,0,0,195,4,36
741.438988277,16.92,0,0,195,4,36
741.516305816,16.92,0,0,195,4,36
741.594006431,16.92,0,0,195,4,36
741.671319812,16.85,0,0,195,4,36
741.748150137,16.85,0,0,195,4,36
741.825531217,16.85,0,0,195,4,36
741.902715333,16.85,0,0,195,4,36
741.979760636,16.85,0,0,195,4,36
742.057839228,16.85,0,0,195,4,36
742.134852570,16.85,0,0,195,4,36
742.211787654,16.85,0,0,195,4,36
742.288338149,16.85,0,0,195,4,36
742.365514540,16.85,0,0,195,4,36
742.442663490,16.85,0,0,195,4,36
742.519641304,16.85,0,0,195,4,36
742.598070571,16.85,0,0,195,4,36
742.675548154,16.61,0,0,195,4,36
742.753008403,16.61,0,0,195,4,36
742.830032747,16.61,0,0,195,4,36
742.907455705,16.61,0,0,195,4,36
742.984550903,16.61,0,0,195,4,36
743.062397485,16.61,0,0,195,4,36
743.139395628,16.61,0,0,195,4,36
743.217014709,16.61,0,0,195,4,36
743.293882886,16.61,0,0,195,4,36
743.371150661,16.61,0,0,195,4,36
743.448144456,16.61,0,0,195,4,36
743.525207042,16.61,0,0,195,4,36
743.602340242,16.61,0,0,195,4,36
743.679272039,16.70,0,0,195,4,36
743.756613163,16.70,0,0,195,4,36
743.833917798,16.70,0,0,195,4,36
743.910791786,16.70,0,0,195,4,36
743.987764160,16.70,0,0,195,4,36
744.064808041,16.70,0,0,195,4,36
744.141714951,16.70,0,0,195,4,36
744.219035676,16.70,0,0,195,4,36
744.296517217,16.70,0,0,195,4,36
744.373535929,16.70,0,0,195,4,36
744.450420297,16.70,0,0,195,4,36
744.527626996,16.70,0,0,195,4,36
744.604930388,16.70,0,0,195,4,36
744.682313892,16.89,0,0,195,4,36
744.759173152,16.89,0,0,195,4,36
744.836597564,16.89,0,0,195,4,36
744.913629792,16.89,0,0,195,4,36
744.990583361,16.89,0,0,195,4,36
745.067405792,16.89,0,0,195,4,36
745.144275231,16.89,0,0,195,4,36
745.221620653,16.89,0,0,195,4,36
745.299112673,16.89,0,0,195,4,36
745.376711606,16.89,0,0,195,4,36
745.453950817,16.89,0,0,195,4,36
745.531022961,16.89,0,0,195,4,36
745.607708942,16.89,0,0,195,4,36
745.685139556,16.88,0,0,195,4,36
745.762276502,16.88,0,0,195,4,36
745.839140031,16.88,0,0,195,4,36
745.916149696,16.88,0,0,195,4,36
745.993102825,16.88,0,0,195,4,36
746.070060020,16.88,0,0,195,4,36
746.146993942,16.88,0,0,195,4,36
746.224341418,16.88,0,0,195,4,36
746.300806732,16.88,0,0,195,4,36
746.376944775,16.88,0,0,195,4,36
746.453212323,16.88,0,0,195,4,36
746.529466456,16.88,0,0,195,4,36
746.606540614,16.88,0,0,195,4,36
746.683455029,16.78,0,0,195,4,36
746.759707999,16.78,0,0,195,4,36
746.836984811,16.78,0,0,195,4,36
746.913585061,16.78,0,0,195,4,36
746.989758911,16.78,0,0,195,4,36
747.066188797,16.78,0,0,195,4,36
747.143220715,16.78,0,0,195,4,36
747.219953816,16.78,0,0,195,4,36
747.297445225,16.78,0,0,195,4,36
747.374363267,16.78,0,0,195,4,36
747.451419160,16.78,0,0,195,4,36
747.528735337,16.78,0,0,195,4,36
747.607134537,16.78,0,0,195,4,36
747.684903983,16.71,0,0,195,4,36
747.761834939,16.71,0,0,195,4,36
747.839191121,16.71,0,0,195,4,36
747.916712197,16.71,0,0,195,4,36
747.994318103,16.71,0,0,195,4,36
748.071935140,16.71,0,0,195,4,36
748.150897978,16.71,0,0,195,4,36
748.228289628,16.71,0,0,195,4,36
748.305621625,16.71,0,0,195,4,36
748.382943692,16.71,0,0,195,4,36
748.460161623,16.71,0,0,195,4,36
748.537458513,16.71,0,0,195,4,36
748.614154624,16.71,0,0,195,4,36
748.691527298,16.70,0,0,195,4,36
748.768581978,16.70,0,0,195,4,36
748.845665855,16.70,0,0,195,4,36
748.922820164,16.70,0,0,195,4,36
748.999805845,16.70,0,0,195,4,36
749.076491726,16.70,0,0,195,4,36
749.153446868,16.70,0,0,195,4,36
749.230286141,16.70,0,0,195,4,36
749.307769945,16.70,0,0,195,4,36
749.385151456,16.70,0,0,195,4,36
749.462075619,16.70,0,0,195,4,36
749.539015542,16.70,0,0,195,4,36
749.616154262,16.70,0,0,195,4,36
749.694141030,16.67,0,0,195,4,36
749.770945517,16.67,0,0,195,4,36
749.847739464,16.67,0,0,195,4,36
749.924701509,16.67,0,0,195,4,36
750.001772060,16.67,0,0,195,4,36
750.078955795,16.67,0,0,195,4,36
750.156069799,16.67,0,0,195,4,36
750.232896809,16.67,0,0,195,4,36
750.309987528,16.67,0,0,195,4,36
750.387790628,16.67,0,0,195,4,36
750.465181566,16.67,0,0,195,4,36
750.542350964,16.67,0,0,195,4,36
750.619295867,16.67,0,0,195,4,36
750.696084403,16.66,0,0,195,4,36
750.773322092,16.66,0,0,195,4,36
750.849927130,16.66,0,0,195,4,36
750.926773085,16.66,0,0,195,4,36
751.004051480,16.66,0,0,195,4,36
751.081290941,16.66,0,0,195,4,36
751.158266803,16.66,0,0,195,4,36
751.236068290,16.66,0,0,195,4,36
751.314336842,16.66,0,0,195,4,36
751.391579620,16.66,0,0,195,4,36
751.469038928,16.66,0,0,195,4,36
751.546803695,16.66,0,0,195,4,36
751.626257324,16.66,0,0,195,4,36
751.703188140,16.69,0,0,195,4,36
751.779874723,16.69,0,0,195,4,36
751.856119349,16.69,0,0,195,4,36
751.932931049,16.69,0,0,195,4,36
752.009411191,16.69,0,0,195,4,36
752.086440694,16.69,0,0,195,4,36
752.163903449,16.69,0,0,195,4,36
752.240407576,16.69,0,0,195,4,36
752.316902786,16.69,0,0,195,4,36
752.393777416,16.69,0,0,195,4,36
752.469944103,16.69,0,0,195,4,36
752.546321770,16.69,0,0,195,4,36
752.622537140,16.69,0,0,195,4,36
752.698823514,16.72,0,0,195,4,36
752.775227151,16.72,0,0,195,4,36
752.851318506,16.72,0,0,195,4,36
752.927820669,16.72,0,0,195,4,36
753.004176314,16.72,0,0,195,4,36
753.082366579,16.72,0,0,195,4,36
753.160529421,16.72,0,0,195,4,36
753.237251681,16.72,0,0,195,4,36
753.314169774,16.72,0,0,195,4,36
753.391417350,16.72,0,0,195,4,36
753.468717336,16.72,0,0,195,4,36
753.546670791,16.72,0,0,195,4,36
753.624985702,16.72,0,0,195,4,36
753.702272102,16.81,0,0,195,4,36
753.779578020,16.81,0,0,195,4,36
753.857642165,16.81,0,0,195,4,36
753.934922684,16.81,0,0,195,4,36
754.012489225,16.81,0,0,195,4,36
754.089611655,16.81,0,0,195,4,36
754.167281061,16.81,0,0,195,4,36
754.244137166,16.81,0,0,195,4,36
754.321115772,16.81,0,0,195,4,36
754.398265644,16.81,0,0,195,4,36
754.477711348,16.81,0,0,195,4,36
754.555211724,16.81,0,0,195,4,36
754.632651486,16.75,0,0,195,4,36
754.709875908,16.75,0,0,195,4,36
754.786380066,16.75,0,0,195,4,36
754.863842891,16.75,0,0,195,4,36
754.941418499,16.75,0,0,195,4,36
755.018867338,16.75,0,0,195,4,36
755.096901265,16.75,0,0,195,4,36
755.175104504,16.75,0,0,195,4,36
755.253122522,16.75,0,0,195,4,36
755.330870868,16.75,0,0,195,4,36
755.408054834,16.75,0,0,195,4,36
755.485729190,16.75,0,0,195,4,36
755.562792928,16.75,0,0,195,4,36
755.640067146,16.69,0,0,195,4,36
755.717090748,16.69,0,0,195,4,36
755.794303719,16.69,0,0,195,4,36
755.871351717,16.69,0,0,195,4,36
755.949050610,16.69,0,0,195,4,36
756.026325288,16.69,0,0,195,4,36
756.103351796,16.69,0,0,195,4,36
756.180824900,16.69,0,0,195,4,36
756.258127782,16.69,0,0,195,4,36
756.335488243,16.69,0,0,195,4,36
756.412639116,16.69,0,0,195,4,36
756.489592274,16.69,0,0,195,4,36
756.566569809,16.69,0,0,195,4,36
756.643887178,16.58,0,0,195,4,36
756.721858618,16.58,0,0,195,4,36
756.800030197,16.58,0,0,195,4,36
756.877135243,16.58,0,0,195,4,36
756.955180943,16.58,0,0,195,4,36
757.032043881,16.58,0,0,195,4,36
757.109222437,16.58,0,0,195,4,36
757.186587436,16.58,0,0,195,4,36
757.264301137,16.58,0,0,195,4,36
757.341760796,16.58,0,0,195,4,36
757.419107230,16.58,0,0,195,4,36
757.496297288,16.58,0,0,195,4,36
757.573425298,16.58,0,0,195,4,36
757.650278918,16.88,0,0,195,4,36
757.727090168,16.88,0,0,195,4,36
757.804190946,16.88,0,0,195,4,36
757.881280764,16.88,0,0,195,4,36
757.958064632,16.88,0,0,195,4,36
758.034977534,16.88,0,0,195,4,36
758.111661152,16.88,0,0,195,4,36
758.188373965,16.88,0,0,195,4,36
758.264215095,16.88,0,0,195,4,36
758.340847977,16.88,0,0,195,4,36
758.417173135,16.88,0,0,195,4,36
758.493741163,16.88,0,0,195,4,36
758.570246473,16.88,0,0,195,4,36
758.646566491,16.81,0,0,195,4,36
758.723335601,16.81,0,0,195,4,36
758.800124859,16.81,0,0,195,4,36
758.876555176,16.81,0,0,195,4,36
758.953310700,16.81,0,0,195,4,36
759.030295349,16.81,0,0,195,4,36
759.107401227,16.81,0,0,195,4,36
759.185084650,16.81,0,0,195,4,36
759.263031072,16.81,0,0,195,4,36
759.339982026,16.81,0,0,195,4,36
759.416716921,16.81,0,0,195,4,36
759.494401577,16.81,0,0,195,4,36
759.571125281,16.81,0,0,195,4,36
759.647761208,16.79,0,0,195,4,36
759.724878398,16.79,0,0,195,4,36
759.802298983,16.79,0,0,195,4,36
759.879755155,16.79,0,0,195,4,36
759.956978005,16.79,0,0,195,4,36
760.033963124,16.79,0,0,195,4,36
760.110841331,16.79,0,0,195,4,36
760.188540354,16.79,0,0,195,4,36
760.266345027,16.79,0,0,195,4,36
760.343281975,16.79,0,0,195,4,36
760.420405196,16.79,0,0,195,4,36
760.497397860,16.79,0,0,195,4,36
760.574672940,16.79,0,0,195,4,36
760.652581670,16.74,0,0,195,4,36
760.731449138,16.74,0,0,195,4,36
760.808851568,16.74,0,0,195,4,36
760.886296570,16.74,0,0,195,4,36
760.963687629,16.74,0,0,195,4,36
761.041201771,16.74,0,0,195,4,36
761.118260030,16.74,0,0,195,4,36
761.195536501,16.74,0,0,195,4,36
761.272991682,16.74,0,0,195,4,36
761.350234440,16.74,0,0,195,4,36
761.427274093,16.74,0,0,195,4,36
761.504313806,16.74,0,0,195,4,36
761.581626646,16.74,0,0,195,4,36
761.658894832,16.63,0,0,195,4,36
761.736143381,16.63,0,0,195,4,36
761.813822837,16.63,0,0,195,4,36
761.890820701,16.63,0,0,195,4,36
761.967968829,16.63,0,0,195,4,36
762.044933209,16.63,0,0,195,4,36
762.121664908,16.63,0,0,195,4,36
762.198981897,16.63,0,0,195,4,36
762.275296195,16.63,0,0,195,4,36
762.352566755,16.63,0,0,195,4,36
762.429460231,16.63,0,0,195,4,36
762.507451979,16.63,0,0,195,4,36
762.584983034,16.63,0,0,195,4,36
762.662303549,16.75,0,0,195,4,36
762.739476054,16.75,0,0,195,4,36
762.816901498,16.75,0,0,195,4,36
762.894464713,16.75,0,0,195,4,36
762.971423693,16.75,0,0,195,4,36
763.048585437,16.75,0,0,195,4,36
763.125309382,16.75,0,0,195,4,36
763.202593097,16.75,0,0,195,4,36
763.279662406,16.75,0,0,195,4,36
763.356821175,16.75,0,0,195,4,36
763.434293729,16.75,0,0,195,4,36
763.511659109,16.75,0,0,195,4,36
763.588628348,16.75,0,0,195,4,36
763.665321123,16.73,0,0,195,4,36
763.742361708,16.73,0,0,195,4,36
763.820346363,16.73,0,0,195,4,36
763.897369965,16.73,0,0,195,4,36
763.974469662,16.73,0,0,195,4,36
764.051477705,16.73,0,0,195,4,36
764.128679405,16.73,0,0,195,4,36
764.205020724,16.73,0,0,195,4,36
764.281146173,16.73,0,0,195,4,36
764.357599605,16.73,0,0,195,4,36
764.434470758,16.73,0,0,195,4,36
764.511189282,16.73,0,0,195,4,36
764.587517807,16.73,0,0,195,4,36
764.664326772,16.72,0,0,195,4,36
764.740808598,16.72,0,0,195,4,36
764.818000770,16.72,0,0,195,4,36
764.895058086,16.72,0,0,195,4,36
764.972281687,16.72,0,0,195,4,36
765.049122944,16.72,0,0,195,4,36
765.126405668,16.72,0,0,195,4,36
765.203245963,16.72,0,0,195,4,36
765.280717384,16.72,0,0,195,4,36
765.358383786,16.72,0,0,195,4,36
765.435225844,16.72,0,0,195,4,36
765.512272891,16.72,0,0,195,4,36
765.589262338,16.72,0,0,195,4,36
765.666300428,16.67,0,0,195,4,36
765.742934112,16.67,0,0,195,4,36
765.819986048,16.67,0,0,195,4,36
765.897171217,16.67,0,0,195,4,36
765.975384294,16.67,0,0,195,4,36
766.052570986,16.67,0,0,195,4,36
766.132703884,16.67,0,0,195,4,36
766.211214475,16.67,0,0,195,4,36
766.290606268,16.67,0,0,195,4,36
766.368402916,16.67,0,0,195,4,36
766.445711619,16.67,0,0,195,4,36
766.522897750,16.67,0,0,195,4,36
766.600387706,16.67,0,0,195,4,36
766.678064828,16.83,0,0,195,4,36
766.754961039,16.83,0,0,195,4,36
766.832080243,16.83,0,0,195,4,36
766.909505877,16.83,0,0,195,4,36
766.986232146,16.83,0,0,195,4,36
767.063330140,16.83,0,0,195,4,36
767.140435077,16.83,0,0,195,4,36
767.218940479,16.83,0,0,195,4,36
767.296574528,16.83,0,0,195,4,36
767.374178632,16.83,0,0,195,4,36
767.450933635,16.83,0,0,195,4,36
767.528714794,16.83,0,0,195,4,36
767.606184402,16.83,0,0,195,4,36
767.683255525,16.83,0,0,195,4,36
767.760606377,16.83,0,0,195,4,36
767.838038414,16.83,0,0,195,4,36
767.915498715,16.83,0,0,195,4,36
767.992315605,16.83,0,0,195,4,36
768.069395755,16.83,0,0,195,4,36
768.147280941,16.83,0,0,195,4,36
768.224292631,16.83,0,0,195,4,36
768.301657471,16.83,0,0,195,4,36
768.379201260,16.83,0,0,195,4,36
768.456557483,16.83,0,0,195,4,36
768.533666167,16.83,0,0,195,4,36
768.612215602,16.83,0,0,195,4,36
768.689500831,16.78,0,0,195,4,36
768.767644958,16.78,0,0,195,4,36
768.845352387,16.78,0,0,195,4,36
768.922319883,16.78,0,0,195,4,36
769.000197655,16.78,0,0,195,4,36
769.077546234,16.78,0,0,195,4,36
769.154800494,16.78,0,0,195,4,36
769.232528772,16.78,0,0,195,4,36
769.309707198,16.78,0,0,195,4,36
769.386960507,16.78,0,0,195,4,36
769.466843711,16.78,0,0,195,4,36
769.543824141,16.78,0,0,195,4,36
769.620285037,16.78,0,0,195,4,36
769.697901464,16.52,0,0,195,4,36
769.774722522,16.52,0,0,195,4,36
769.851629644,16.52,0,0,195,4,36
769.928822127,16.52,0,0,195,4,36
770.005517217,16.52,0,0,195,4,36
770.081307130,16.52,0,0,195,4,36
770.158110926,16.52,0,0,195,4,36
770.234252997,16.52,0,0,195,4,36
770.310068169,16.52,0,0,195,4,36
770.387332107,16.52,0,0,195,4,36
770.463756664,16.52,0,0,195,4,36
770.540565048,16.52,0,0,195,4,36
770.618021442,16.52,0,0,195,4,36
770.694113508,16.73,0,0,195,4,36
770.770782168,16.73,0,0,195,4,36
770.847813896,16.73,0,0,195,4,36
770.925022209,16.73,0,0,195,4,36
771.002664214,16.73,0,0,195,4,36
771.079849984,16.73,0,0,195,4,36
771.157413631,16.73,0,0,195,4,36
771.234022116,16.73,0,0,195,4,36
771.311392436,16.73,0,0,195,4,36
771.388630586,16.73,0,0,195,4,36
771.466154948,16.73,0,0,195,4,36
771.542976096,16.73,0,0,195,4,36
771.620166445,16.73,0,0,195,4,36
771.697429682,16.89,0,0,195,4,36
771.774440080,16.89,0,0,195,4,36
771.851243656,16.89,0,0,195,4,36
771.927925019,16.89,0,0,195,4,36
772.005145205,16.89,0,0,195,4,36
772.082899443,16.89,0,0,195,4,36
772.160390141,16.89,0,0,195,4,36
772.237259762,16.89,0,0,195,4,36
772.314252035,16.89,0,0,195,4,36
772.391163194,16.89,0,0,195,4,36
772.468045229,16.89,0,0,195,4,36
772.546058197,16.89,0,0,195,4,36
772.623525431,16.89,0,0,195,4,36
772.700682487,16.92,0,0,195,4,36
772.777588116,16.92,0,0,195,4,36
772.855168364,16.92,0,0,195,4,36
772.932860203,16.92,0,0,195,4,36
773.010242676,16.92,0,0,195,4,36
773.087235952,16.92,0,0,195,4,36
773.164127243,16.92,0,0,195,4,36
773.241398896,16.92,0,0,195,4,36
773.318590818,16.92,0,0,195,4,36
773.395414061,16.92,0,0,195,4,36
773.472386367,16.92,0,0,195,4,36
773.549422283,16.92,0,0,195,4,36
773.626239704,16.92,0,0,195,4,36
773.703968765,16.79,0,0,195,4,36
773.781241129,16.79,0,0,195,4,36
773.858618212,16.79,0,0,195,4,36
773.935882050,16.79,0,0,195,4,36
774.012884052,16.79,0,0,195,4,36
774.090315488,16.79,0,0,195,4,36
774.167797039,16.79,0,0,195,4,36
774.244743205,16.79,0,0,195,4,36
774.322045286,16.79,0,0,195,4,36
774.398833702,16.79,0,0,195,4,36
774.476388091,16.79,0,0,195,4,36
774.553600442,16.79,0,0,195,4,36
774.632236442,16.79,0,0,195,4,36
774.709447280,16.68,0,0,195,4,36
774.786885839,16.68,0,0,195,4,36
774.865442799,16.68,0,0,195,4,36
774.943038496,16.68,0,0,195,4,36
775.020470934,16.68,0,0,195,4,36
775.097660792,16.68,0,0,195,4,36
775.175145038,16.68,0,0,195,4,36
775.252429346,16.68,0,0,195,4,36
775.329592693,16.68,0,0,195,4,36
775.407771737,16.68,0,0,195,4,36
775.485318912,16.68,0,0,195,4,36
775.563149715,16.68,0,0,195,4,36
775.640040075,16.61,0,0,195,4,36
775.716885811,16.61,0,0,195,4,36
775.793852596,16.61,0,0,195,4,36
775.871085205,16.61,0,0,195,4,36
775.947797968,16.61,0,0,195,4,36
776.024348895,16.61,0,0,195,4,36
776.100741011,16.61,0,0,195,4,36
776.178053251,16.61,0,0,195,4,36
776.254308346,16.61,0,0,195,4,36
776.331239624,16.61,0,0,195,4,36
776.407777787,16.61,0,0,195,4,36
776.483621232,16.61,0,0,195,4,36
776.559814020,16.61,0,0,195,4,36
776.638228469,16.71,0,0,195,4,36
776.715171469,16.71,0,0,195,4,36
776.792705510,16.71,0,0,195,4,36
776.869968026,16.71,0,0,195,4,36
776.947350409,16.71,0,0,195,4,36
777.024107176,16.71,0,0,195,4,36
777.101249644,16.71,0,0,195,4,36
777.178908782,16.71,0,0,195,4,36
777.256899468,16.71,0,0,195,4,36
777.334944167,16.71,0,0,195,4,36
777.412240647,16.71,0,0,195,4,36
777.489276313,16.71,0,0,195,4,36
777.566543287,16.71,0,0,195,4,36
777.643971627,16.79,0,0,195,4,36
777.720937651,16.79,0,0,195,4,36
777.798664487,16.79,0,0,195,4,36
777.875963121,16.79,0,0,195,4,36
777.953077677,16.79,0,0,195,4,36
778.029888226,16.79,0,0,195,4,36
778.106257879,16.79,0,0,195,4,36
778.183578615,16.79,0,0,195,4,36
778.260288653,16.79,0,0,195,4,36
778.337725489,16.79,0,0,195,4,36
778.414934444,16.79,0,0,195,4,36
778.492269537,16.79,0,0,195,4,36
778.569001637,16.79,0,0,195,4,36
778.647226839,16.64,0,0,195,4,36
778.724805093,16.64,0,0,195,4,36
778.802105871,16.64,0,0,195,4,36
778.879115738,16.64,0,0,195,4,36
778.956435623,16.64,0,0,195,4,36
779.033728526,16.64,0,0,195,4,36
779.110857649,16.64,0,0,195,4,36
779.188950009,16.64,0,0,195,4,36
779.266098378,16.64,0,0,195,4,36
779.343183327,16.64,0,0,195,4,36
779.420504725,16.64,0,0,195,4,36
779.497860177,16.64,0,0,195,4,36
779.576762652,16.64,0,0,195,4,36
779.654257348,16.56,0,0,195,4,36
779.731875699,16.56,0,0,195,4,36
779.810353258,16.56,0,0,195,4,36
779.888855254,16.56,0,0,195,4,36
779.966285989,16.56,0,0,195,4,36
780.043348255,16.56,0,0,195,4,36
780.120711773,16.56,0,0,195,4,36
780.200321779,16.56,0,0,195,4,36
780.278154797,16.56,0,0,195,4,36
780.355595581,16.56,0,0,195,4,36
780.432974617,16.56,0,0,195,4,36
780.510580835,16.56,0,0,195,4,36
780.588178456,16.56,0,0,195,4,36
780.665443236,17.72,0,0,195,4,36
780.742577339,17.72,0,0,195,4,36
780.819770493,17.72,0,0,195,4,36
780.897618479,17.72,0,0,195,4,36
780.974901534,17.72,0,0,195,4,36
781.052979947,17.72,0,0,195,4,36
781.130340549,17.72,0,0,195,4,36
781.208192943,17.72,0,0,195,4,36
781.285057655,17.72,0,0,195,4,36
781.361682431,17.72,0,0,195,4,36
781.439047251,17.72,0,0,195,4,36
781.515860856,17.72,0,0,195,4,36
781.593122681,17.72,0,0,195,4,36
781.669973967,16.87,0,0,195,4,36
781.746846574,16.87,0,0,195,4,36
781.823780006,16.87,0,0,195,4,36
781.899846875,16.87,0,0,195,4,36
781.976721034,16.87,0,0,195,4,36
782.052588485,16.87,0,0,195,4,36
782.129223983,16.87,0,0,195,4,36
782.205545334,16.87,0,0,195,4,36
782.281507635,16.87,0,0,195,4,36
782.357696315,16.87,0,0,195,4,36
782.434365636,16.87,0,0,195,4,36
782.510971157,16.87,0,0,195,4,36
782.587669603,16.87,0,0,195,4,36
782.664304950,16.89,0,0,195,4,36
782.741031500,16.89,0,0,195,4,36
782.817874050,16.89,0,0,195,4,36
782.895000227,16.89,0,0,195,4,36
782.972285516,16.89,0,0,195,4,36
783.049082499,16.89,0,0,195,4,36
783.126374762,16.89,0,0,195,4,36
783.203335656,16.89,0,0,195,4,36
783.280466132,16.89,0,0,195,4,36
783.357153407,16.89,0,0,195,4,36
783.435037962,16.89,0,0,195,4,36
783.512394797,16.89,0,0,195,4,36
783.589276691,16.89,0,0,195,4,36
783.667037402,16.65,0,0,195,4,36
783.743663591,16.65,0,0,195,4,36
783.820688597,16.65,0,0,195,4,36
783.898567932,16.65,0,0,195,4,36
783.975868861,16.65,0,0,195,4,36
784.053050344,16.65,0,0,195,4,36
784.130142717,16.65,0,0,195,4,36
784.207920490,16.65,0,0,195,4,36
784.285046918,16.65,0,0,195,4,36
784.362569998,16.65,0,0,195,4,36
784.440991241,16.65,0,0,195,4,36
784.518645740,16.65,0,0,195,4,36
784.597277062,16.65,0,0,195,4,36
784.674913035,16.69,0,0,195,4,36
784.753247905,16.69,0,0,195,4,36
784.830774080,16.69,0,0,195,4,36
784.908113933,16.69,0,0,195,4,36
784.985123510,16.69,0,0,195,4,36
785.062172992,16.69,0,0,195,4,36
785.141294172,16.69,0,0,195,4,36
785.218854643,16.69,0,0,195,4,36
785.295807171,16.69,0,0,195,4,36
785.373389594,16.69,0,0,195,4,36
785.450977687,16.69,0,0,195,4,36
785.527940585,16.69,0,0,195,4,36
785.606672136,16.69,0,0,195,4,36
785.684088384,16.86,0,0,195,4,36
785.761230892,16.86,0,0,195,4,36
785.838408207,16.86,0,0,195,4,36
785.916834689,16.86,0,0,195,4,36
785.994102816,16.86,0,0,195,4,36
786.071277506,16.86,0,0,195,4,36
786.148793152,16.86,0,0,195,4,36
786.227031197,16.86,0,0,195,4,36
786.304660288,16.86,0,0,195,4,36
786.382264042,16.86,0,0,195,4,36
786.460151032,16.86,0,0,195,4,36
786.536835432,16.86,0,0,195,4,36
786.615060723,16.86,0,0,195,4,36
786.692719600,16.73,0,0,195,4,36
786.770510689,16.73,0,0,195,4,36
786.847727198,16.73,0,0,195,4,36
786.924832546,16.73,0,0,195,4,36
787.001746150,16.73,0,0,195,4,36
787.079394248,16.73,0,0,195,4,36
787.156845842,16.73,0,0,195,4,36
787.233880296,16.73,0,0,195,4,36
787.310563073,16.73,0,0,195,4,36
787.387992946,16.73,0,0,195,4,36
787.465571121,16.73,0,0,195,4,36
787.543040399,16.73,0,0,195,4,36
787.619995492,16.73,0,0,195,4,36
787.696728494,16.79,0,0,195,4,36
787.773571204,16.79,0,0,195,4,36
787.849448965,16.79,0,0,195,4,36
787.926290904,16.79,0,0,195,4,36
788.002600914,16.79,0,0,195,4,36
788.078655981,16.79,0,0,195,4,36
788.154859219,16.79,0,0,195,4,36
788.231580849,16.79,0,0,195,4,36
788.308035864,16.79,0,0,195,4,36
788.384754970,16.79,0,0,195,4,36
788.461366101,16.79,0,0,195,4,36
788.538413149,16.79,0,0,195,4,36
788.615658002,16.79,0,0,195,4,36
788.692703346,16.90,0,0,195,4,36
788.769512252,16.90,0,0,195,4,36
788.846208023,16.90,0,0,195,4,36
788.923166283,16.90,0,0,195,4,36
788.999895798,16.90,0,0,195,4,36
789.076949869,16.90,0,0,195,4,36
789.154874871,16.90,0,0,195,4,36
789.231866373,16.90,0,0,195,4,36
789.309023149,16.90,0,0,195,4,36
789.387112092,16.90,0,0,195,4,36
789.464499255,16.90,0,0,195,4,36
789.541868032,16.90,0,0,195,4,36
789.619263260,16.90,0,0,195,4,36
789.696376704,16.89,0,0,195,4,36
789.773284898,16.89,0,0,195,4,36
789.850227728,16.89,0,0,195,4,36
789.927255880,16.89,0,0,195,4,36
790.004100854,16.89,0,0,195,4,36
790.081703606,16.89,0,0,195,4,36
790.159207199,16.89,0,0,195,4,36
790.238009825,16.89,0,0,195,4,36
790.315826472,16.89,0,0,195,4,36
790.393110790,16.89,0,0,195,4,36
790.470059140,16.89,0,0,195,4,36
790.547554438,16.89,0,0,195,4,36
790.624775766,16.89,0,0,195,4,36
790.702133613,16.92,0,0,195,4,36
790.780089453,16.92,0,0,195,4,36
790.857242322,16.92,0,0,195,4,36
790.933960085,16.92,0,0,195,4,36
791.010923073,16.92,0,0,195,4,36
791.088755530,16.92,0,0,195,4,36
791.165841452,16.92,0,0,195,4,36
791.243228163,16.92,0,0,195,4,36
791.321071230,16.92,0,0,195,4,36
791.398204321,16.92,0,0,195,4,36
791.475357700,16.92,0,0,195,4,36
791.552401892,16.92,0,0,195,4,36
791.629194958,16.92,0,0,195,4,36
791.706004807,16.90,0,0,195,4,36
791.783360920,16.90,0,0,195,4,36
791.860399452,16.90,0,0,195,4,36
791.937631680,16.90,0,0,195,4,36
792.014859451,16.90,0,0,195,4,36
792.091745363,16.90,0,0,195,4,36
792.169287289,16.90,0,0,195,4,36
792.246148715,16.90,0,0,195,4,36
792.323866023,16.90,0,0,195,4,36
792.401417948,16.90,0,0,195,4,36
792.478599281,16.90,0,0,195,4,36
792.555829175,16.90,0,0,195,4,36
792.632794127,16.90,0,0,195,4,36
792.710440001,16.85,0,0,195,4,36
792.787698379,16.85,0,0,195,4,36
792.864888337,16.85,0,0,195,4,36
792.942074579,16.85,0,0,195,4,36
793.019093874,16.85,0,0,195,4,36
793.096341783,16.85,0,0,195,4,36
793.173273081,16.85,0,0,195,4,36
793.249514782,16.85,0,0,195,4,36
793.326794972,16.85,0,0,195,4,36
793.404854088,16.85,0,0,195,4,36
793.482146942,16.85,0,0,195,4,36
793.559098359,16.85,0,0,195,4,36
793.635833455,16.85,0,0,195,4,36
793.712841288,16.63,0,0,195,4,36
793.789188690,16.63,0,0,195,4,36
793.866002565,16.63,0,0,195,4,36
793.942770744,16.63,0,0,195,4,36
794.018884002,16.63,0,0,195,4,36
794.096086424,16.63,0,0,195,4,36
794.172922752,16.63,0,0,195,4,36
794.249683547,16.63,0,0,195,4,36
794.326429805,16.63,0,0,195,4,36
794.402942369,16.63,0,0,195,4,36
794.480179488,16.63,0,0,195,4,36
794.557540721,16.63,0,0,195,4,36
794.634238607,16.63,0,0,195,4,36
794.712650112,16.75,0,0,195,4,36
794.789955139,16.75,0,0,195,4,36
794.867390482,16.75,0,0,195,4,36
794.944479971,16.75,0,0,195,4,36
795.021767575,16.75,0,0,195,4,36
795.099279865,16.75,0,0,195,4,36
795.176647951,16.75,0,0,195,4,36
795.253983947,16.75,0,0,195,4,36
795.332401152,16.75,0,0,195,4,36
795.409413324,16.75,0,0,195,4,36
795.487889191,16.75,0,0,195,4,36
795.564850807,16.75,0,0,195,4,36
795.643962399,16.83,0,0,195,4,36
795.721118464,16.83,0,0,195,4,36
795.798418471,16.83,0,0,195,4,36
795.875614681,16.83,0,0,195,4,36
795.952430661,16.83,0,0,195,4,36
796.029350688,16.83,0,0,195,4,36
796.106779269,16.83,0,0,195,4,36
796.184175198,16.83,0,0,195,4,36
796.261759014,16.83,0,0,195,4,36
796.339160404,16.83,0,0,195,4,36
796.417882587,16.83,0,0,195,4,36
796.494912593,16.83,0,0,195,4,36
796.571759992,16.83,0,0,195,4,36
796.648830915,16.77,0,0,195,4,36
796.725969998,16.77,0,0,195,4,36
796.803138375,16.77,0,0,195,4,36
796.880618274,16.77,0,0,195,4,36
796.957939522,16.77,0,0,195,4,36
797.035034190,16.77,0,0,195,4,36
797.112319079,16.77,0,0,195,4,36
797.189243915,16.77,0,0,195,4,36
797.266308095,16.77,0,0,195,4,36
797.344047826,16.77,0,0,195,4,36
797.421634006,16.77,0,0,195,4,36
797.498288169,16.77,0,0,195,4,36
797.575779129,16.77,0,0,195,4,36
797.653630842,16.72,0,0,187,4,36
797.730737794,16.72,0,0,187,4,36
797.808411289,16.72,0,0,187,4,36
797.885875719,16.72,0,0,187,4,36
797.964029104,16.72,0,0,187,4,36
798.041404345,16.72,0,0,187,4,36
798.118160862,16.72,0,0,187,4,36
798.195330863,16.72,0,0,187,4,36
798.272117186,16.72,0,0,187,4,36
798.349415360,16.72,0,0,187,4,36
798.426788977,16.72,0,0,187,4,36
798.505695170,16.72,0,0,187,4,36
798.584169694,16.72,0,0,187,4,36
798.661599799,16.80,0,0,195,4,36
798.738793795,16.80,0,0,195,4,36
798.816034060,16.80,0,0,195,4,36
798.893006266,16.80,0,0,195,4,36
798.970027335,16.80,0,0,195,4,36
799.047109289,16.80,0,0,195,4,36
799.123599523,16.80,0,0,195,4,36
799.201124036,16.80,0,0,195,4,36
799.278066065,16.80,0,0,195,4,36
799.355317891,16.80,0,0,195,4,36
799.432400176,16.80,0,0,195,4,36
799.510015241,16.80,0,0,195,4,36
799.587015079,16.80,0,0,195,4,36
799.663291145,16.70,0,0,195,4,36
799.740250557,16.70,0,0,195,4,36
799.816867279,16.70,0,0,195,4,36
799.893439567,16.70,0,0,195,4,36
799.970435468,16.70,0,0,195,4,36
800.047127022,16.70,0,0,195,4,36
800.123583120,16.70,0,0,195,4,36
800.199412589,16.70,0,0,195,4,36
800.275317752,16.70,0,0,195,4,36
800.352517600,16.70,0,0,195,4,36
800.429131537,16.70,0,0,195,4,36
800.505952075,16.70,0,0,195,4,36
800.583134440,16.70,0,0,195,4,36
800.660212827,16.81,0,0,195,4,36
800.737349004,16.81,0,0,195,4,36
800.814577947,16.81,0,0,195,4,36
800.891719614,16.81,0,0,195,4,36
800.968446435,16.81,0,0,195,4,36
801.045595035,16.81,0,0,195,4,36
801.122509753,16.81,0,0,195,4,36
801.200128725,16.81,0,0,195,4,36
801.276834806,16.81,0,0,195,4,36
801.353787365,16.81,0,0,195,4,36
801.431019905,16.81,0,0,195,4,36
801.508412298,16.81,0,0,195,4,36
801.585292560,16.81,0,0,195,4,36
801.662777618,16.48,0,0,195,4,36
801.739708756,16.48,0,0,195,4,36
801.817246054,16.48,0,0,195,4,36
801.894481409,16.48,0,0,195,4,36
801.971580355,16.48,0,0,195,4,36
802.048278772,16.48,0,0,195,4,36
802.125419318,16.48,0,0,195,4,36
802.203091090,16.48,0,0,195,4,36
802.280177172,16.48,0,0,195,4,36
802.357603319,16.48,0,0,195,4,36
802.434797446,16.48,0,0,195,4,36
802.512311179,16.48,0,0,195,4,36
802.589991698,16.48,0,0,195,4,36
802.667202066,16.58,0,0,195,4,36
802.744782084,16.58,0,0,195,4,36
802.821829563,16.58,0,0,195,4,36
802.898561384,16.58,0,0,195,4,36
802.975619142,16.58,0,0,195,4,36
803.051995919,16.58,0,0,195,4,36
803.129629008,16.58,0,0,195,4,36
803.206830279,16.58,0,0,195,4,36
803.284117763,16.58,0,0,195,4,36
803.361286862,16.58,0,0,195,4,36
803.438482131,16.58,0,0,195,4,36
803.515435251,16.58,0,0,195,4,36
803.592989651,16.58,0,0,195,4,36
803.670315107,16.79,0,0,195,4,36
803.747633059,16.79,0,0,195,4,36
803.824367744,16.79,0,0,195,4,36
803.901420704,16.79,0,0,195,4,36
803.978509771,16.79,0,0,195,4,36
804.055659825,16.79,0,0,195,4,36
804.132672728,16.79,0,0,195,4,36
804.210502350,16.79,0,0,195,4,36
804.288088370,16.79,0,0,195,4,36
804.364917575,16.79,0,0,195,4,36
804.442046509,16.79,0,0,195,4,36
804.519084379,16.79,0,0,195,4,36
804.596183466,16.79,0,0,195,4,36
804.674184373,16.79,0,0,195,4,35
804.751485232,16.79,0,0,195,4,35
804.828407604,16.79,0,0,195,4,35
804.905592132,16.79,0,0,195,4,35
804.983224701,16.79,0,0,195,4,35
805.059496148,16.79,0,0,195,4,35
805.136038990,16.79,0,0,195,4,35
805.213233548,16.79,0,0,195,4,35
805.290145530,16.79,0,0,195,4,35
805.366942785,16.79,0,0,195,4,35
805.443907447,16.79,0,0,195,4,35
805.520548856,16.79,0,0,195,4,35
805.596913400,16.79,0,0,195,4,35
805.673287612,16.73,0,0,195,4,36
805.749719284,16.73,0,0,195,4,36
805.826187024,16.73,0,0,195,4,36
805.902418776,16.73,0,0,195,4,36
805.979401823,16.73,0,0,195,4,36
806.055828675,16.73,0,0,195,4,36
806.131574366,16.73,0,0,195,4,36
806.208410975,16.73,0,0,195,4,36
806.285668602,16.73,0,0,195,4,36
806.363301631,16.73,0,0,195,4,36
806.440794675,16.73,0,0,195,4,36
806.517785346,16.73,0,0,195,4,36
806.595029628,16.73,0,0,195,4,36
806.672398126,16.74,0,0,195,4,36
806.749997011,16.74,0,0,195,4,36
806.827248947,16.74,0,0,195,4,36
806.903985997,16.74,0,0,195,4,36
806.982088437,16.74,0,0,195,4,36
807.059394155,16.74,0,0,195,4,36
807.136188815,16.74,0,0,195,4,36
807.212996800,16.74,0,0,195,4,36
807.290432465,16.74,0,0,195,4,36
807.367647792,16.74,0,0,195,4,36
807.445284438,16.74,0,0,195,4,36
807.522108273,16.74,0,0,195,4,36
807.599514732,16.74,0,0,195,4,36
807.677012395,16.72,0,0,195,4,36
807.754451206,16.72,0,0,195,4,36
807.831590789,16.72,0,0,195,4,36
807.908953446,16.72,0,0,195,4,36
807.985910794,16.72,0,0,195,4,36
808.062807788,16.72,0,0,195,4,36
808.140066177,16.72,0,0,195,4,36
808.217439984,16.72,0,0,195,4,36
808.294936895,16.72,0,0,195,4,36
808.372218318,16.72,0,0,195,4,36
808.449247623,16.72,0,0,195,4,36
808.526507985,16.72,0,0,195,4,36
808.603458180,16.72,0,0,195,4,36
808.680983044,16.78,0,0,195,4,36
808.760093885,16.78,0,0,195,4,36
808.837904541,16.78,0,0,195,4,36
808.915020540,16.78,0,0,195,4,36
808.993542415,16.78,0,0,195,4,36
809.070968041,16.78,0,0,195,4,36
809.148690159,16.78,0,0,195,4,36
809.225488275,16.78,0,0,195,4,36
809.302313273,16.78,0,0,195,4,36
809.379369078,16.78,0,0,195,4,36
809.456437687,16.78,0,0,195,4,36
809.535155042,16.78,0,0,195,4,36
809.612372974,16.78,0,0,195,4,36
809.689485236,16.70,0,0,195,4,36
809.767011222,16.70,0,0,195,4,36
809.844958046,16.70,0,0,195,4,36
809.922214041,16.70,0,0,195,4,36
809.999245629,16.70,0,0,195,4,36
810.076272970,16.70,0,0,195,4,36
810.152885405,16.70,0,0,195,4,36
810.230606541,16.70,0,0,195,4,36
810.307738731,16.70,0,0,195,4,36
810.384907981,16.70,0,0,195,4,36
810.462209842,16.70,0,0,195,4,36
810.539473511,16.70,0,0,195,4,36
810.617242057,16.70,0,0,195,4,36
810.694556763,16.71,0,0,187,4,36
810.772210050,16.71,0,0,187,4,36
810.849295311,16.71,0,0,187,4,36
810.926589558,16.71,0,0,187,4,36
811.003880409,16.71,0,0,187,4,36
811.080710245,16.71,0,0,187,4,36
811.157739550,16.71,0,0,187,4,36
811.234782560,16.71,0,0,187,4,36
811.311861158,16.71,0,0,187,4,36
811.388777078,16.71,0,0,187,4,36
811.465213098,16.71,0,0,187,4,36
811.542067471,16.71,0,0,187,4,36
811.618158757,16.71,0,0,187,4,36
811.694501680,16.68,0,0,195,4,36
811.771042168,16.68,0,0,195,4,36
811.847090613,16.68,0,0,195,4,36
811.923881496,16.68,0,0,195,4,36
812.000254827,16.68,0,0,195,4,36
812.076216708,16.68,0,0,195,4,36
812.153168866,16.68,0,0,195,4,36
812.229988383,16.68,0,0,195,4,36
812.306852003,16.68,0,0,195,4,36
812.384168603,16.68,0,0,195,4,36
812.461156579,16.68,0,0,195,4,36
812.538263331,16.68,0,0,195,4,36
812.615317102,16.68,0,0,195,4,36
812.692378948,16.82,0,0,195,4,35
812.769182074,16.82,0,0,195,4,35
812.846035755,16.82,0,0,195,4,35
812.922861564,16.82,0,0,195,4,35
812.999882162,16.82,0,0,195,4,35
813.076627369,16.82,0,0,195,4,35
813.153331607,16.82,0,0,195,4,35
813.230204585,16.82,0,0,195,4,35
813.307203372,16.82,0,0,195,4,35
813.384211547,16.82,0,0,195,4,35
813.461354787,16.82,0,0,195,4,35
813.540062675,16.82,0,0,195,4,35
813.617351451,16.82,0,0,195,4,35
813.694199603,16.81,0,0,195,4,36
813.771347622,16.81,0,0,195,4,36
813.847967922,16.81,0,0,195,4,36
813.925252300,16.81,0,0,195,4,36
814.002195672,16.81,0,0,195,4,36
814.079173088,16.81,0,0,195,4,36
814.156773676,16.81,0,0,195,4,36
814.233768525,16.81,0,0,195,4,36
814.310792570,16.81,0,0,195,4,36
814.387989293,16.81,0,0,195,4,36
814.468605678,16.81,0,0,195,4,36
814.545454751,16.81,0,0,195,4,36
814.622888513,16.81,0,0,195,4,36
814.700244948,16.87,0,0,195,4,35
814.777379903,16.87,0,0,195,4,35
814.854254554,16.87,0,0,195,4,35
814.931413044,16.87,0,0,195,4,35
815.008799225,16.87,0,0,195,4,35
815.085943618,16.87,0,0,195,4,35
815.163704440,16.87,0,0,195,4,35
815.240709218,16.87,0,0,195,4,35
815.317766536,16.87,0,0,195,4,35
815.395464699,16.87,0,0,195,4,35
815.473439747,16.87,0,0,195,4,35
815.550349635,16.87,0,0,195,4,35
815.627798194,16.87,0,0,195,4,35
815.704559541,16.98,0,0,195,4,35
815.782069367,16.98,0,0,195,4,35
815.859260989,16.98,0,0,195,4,35
815.937103296,16.98,0,0,195,4,35
816.014288145,16.98,0,0,195,4,35
816.091723630,16.98,0,0,195,4,35
816.169283010,16.98,0,0,195,4,35
816.248224460,16.98,0,0,195,4,35
816.325592447,16.98,0,0,195,4,35
816.403237790,16.98,0,0,195,4,35
816.480149862,16.98,0,0,195,4,35
816.557449339,16.98,0,0,195,4,35
816.634603481,16.98,0,0,195,4,35
816.711648656,16.83,0,0,195,4,36
816.788950828,16.83,0,0,195,4,36
816.865796715,16.83,0,0,195,4,36
816.943011902,16.83,0,0,195,4,36
817.019791463,16.83,0,0,195,4,36
817.097010337,16.83,0,0,195,4,36
817.175434898,16.83,0,0,195,4,36
817.252748311,16.83,0,0,195,4,36
817.330481681,16.83,0,0,195,4,36
817.407298884,16.83,0,0,195,4,36
817.484702458,16.83,0,0,195,4,36
817.561920310,16.83,0,0,195,4,36
817.639090672,16.83,0,0,195,4,36
817.715327374,16.45,0,0,195,4,35
817.792162671,16.45,0,0,195,4,35
817.868697609,16.45,0,0,195,4,35
817.944678035,16.45,0,0,195,4,35
818.021347888,16.45,0,0,195,4,35
818.098261453,16.45,0,0,195,4,35
818.177050465,16.45,0,0,195,4,35
818.254257917,16.45,0,0,195,4,35
818.331857433,16.45,0,0,195,4,35
818.409147503,16.45,0,0,195,4,35
818.486620799,16.45,0,0,195,4,35
818.564653617,16.45,0,0,195,4,35
818.642447311,16.45,0,0,195,4,35
818.719550796,16.75,0,0,195,4,35
818.796670983,16.75,0,0,195,4,35
818.874143759,16.75,0,0,195,4,35
818.951549678,16.75,0,0,195,4,35
819.028720992,16.75,0,0,195,4,35
819.105969462,16.75,0,0,195,4,35
819.183775029,16.75,0,0,195,4,35
819.260891159,16.75,0,0,195,4,35
819.338140300,16.75,0,0,195,4,35
819.415206475,16.75,0,0,195,4,35
819.491986517,16.75,0,0,195,4,35
819.568857692,16.75,0,0,195,4,35
819.647237408,16.75,0,0,195,4,35
819.724126737,16.66,0,0,195,4,35
819.801151934,16.66,0,0,195,4,35
819.878557713,16.66,0,0,195,4,35
819.955652011,16.66,0,0,195,4,35
820.033307202,16.66,0,0,195,4,35
820.110450213,16.66,0,0,195,4,35
820.187387263,16.66,0,0,195,4,35
820.264193825,16.66,0,0,195,4,35
820.341334311,16.66,0,0,195,4,35
820.418847053,16.66,0,0,195,4,35
820.496547520,16.66,0,0,195,4,35
820.573338713,16.66,0,0,195,4,35
820.652716210,16.64,0,0,195,4,35
820.729841267,16.64,0,0,195,4,35
820.806948860,16.64,0,0,195,4,35
820.884025335,16.64,0,0,195,4,35
820.961281239,16.64,0,0,195,4,35
821.038614620,16.64,0,0,195,4,35
821.115682037,16.64,0,0,195,4,35
821.193711248,16.64,0,0,195,4,35
821.270916807,16.64,0,0,195,4,35
821.348709490,16.64,0,0,195,4,35
821.425868300,16.64,0,0,195,4,35
821.503346075,16.64,0,0,195,4,35
821.580866321,16.64,0,0,195,4,35
821.658119380,16.52,0,0,195,4,35
821.734718950,16.52,0,0,195,4,35
821.812701022,16.52,0,0,195,4,35
821.889735547,16.52,0,0,195,4,35
821.967701217,16.52,0,0,195,4,35
822.045159795,16.52,0,0,195,4,35
822.122248964,16.52,0,0,195,4,35
822.199171266,16.52,0,0,195,4,35
822.276364211,16.52,0,0,195,4,35
822.353535305,16.52,0,0,195,4,35
822.430267236,16.52,0,0,195,4,35
822.507798122,16.52,0,0,195,4,35
822.584830874,16.52,0,0,195,4,35
822.661751773,16.79,0,0,195,4,35
822.738787240,16.79,0,0,195,4,35
822.815307239,16.79,0,0,195,4,35
822.892849005,16.79,0,0,195,4,35
822.970511541,16.79,0,0,195,4,35
823.047443181,16.79,0,0,195,4,35
823.124689487,16.79,0,0,195,4,35
823.202043969,16.79,0,0,195,4,35
823.278527369,16.79,0,0,195,4,35
823.354897053,16.79,0,0,195,4,35
823.431760914,16.79,0,0,195,4,35
823.508062209,16.79,0,0,195,4,35
823.584791645,16.79,0,0,195,4,35
823.661205674,16.74,0,0,195,4,35
823.737844088,16.74,0,0,195,4,35
823.813492655,16.74,0,0,195,4,35
823.890029677,16.74,0,0,195,4,35
823.966407036,16.74,0,0,195,4,35
824.045131384,16.74,0,0,195,4,35
824.122655467,16.74,0,0,195,4,35
824.199476518,16.74,0,0,195,4,35
824.277320046,16.74,0,0,195,4,35
824.354295640,16.74,0,0,195,4,35
824.431341486,16.74,0,0,195,4,35
824.510367837,16.74,0,0,195,4,35
824.588756279,16.74,0,0,195,4,35
824.666030078,16.66,0,0,195,4,35
824.743454181,16.66,0,0,195,4,35
824.820384829,16.66,0,0,195,4,35
824.897655121,16.66,0,0,195,4,35
824.974783564,16.66,0,0,195,4,35
825.051705876,16.66,0,0,195,4,35
825.128995735,16.66,0,0,195,4,35
825.205967231,16.66,0,0,195,4,35
825.282953454,16.66,0,0,195,4,35
825.360060777,16.66,0,0,195,4,35
825.437235167,16.66,0,0,195,4,35
825.514238924,16.66,0,0,195,4,35
825.591444683,16.66,0,0,195,4,35
825.669626113,16.67,0,0,195,4,35
825.747253221,16.67,0,0,195,4,35
825.824797863,16.67,0,0,195,4,35
825.901974237,16.67,0,0,195,4,35
825.979100596,16.67,0,0,195,4,35
826.056306356,16.67,0,0,195,4,35
826.133117708,16.67,0,0,195,4,35
826.210284323,16.67,0,0,195,4,35
826.287209350,16.67,0,0,195,4,35
826.364351389,16.67,0,0,195,4,35
826.441843722,16.67,0,0,195,4,35
826.519706567,16.67,0,0,195,4,35
826.595881873,16.67,0,0,195,4,35
826.673548577,16.73,0,0,195,4,35
826.751192076,16.73,0,0,195,4,35
826.828717973,16.73,0,0,195,4,35
826.905806640,16.73,0,0,195,4,35
826.982981461,16.73,0,0,195,4,35
827.060461260,16.73,0,0,195,4,35
827.137853393,16.73,0,0,195,4,35
827.215469511,16.73,0,0,195,4,35
827.292874218,16.73,0,0,195,4,35
827.370499453,16.73,0,0,195,4,35
827.447571819,16.73,0,0,195,4,35
827.524969443,16.73,0,0,195,4,35
827.602572426,16.73,0,0,195,4,35
827.679970089,16.75,0,0,195,4,35
827.757818868,16.75,0,0,195,4,35
827.834392760,16.75,0,0,195,4,35
827.910974196,16.75,0,0,195,4,35
827.988202087,16.75,0,0,195,4,35
828.065443775,16.75,0,0,195,4,35
828.143079029,16.75,0,0,195,4,35
828.219924906,16.75,0,0,195,4,35
828.297412881,16.75,0,0,195,4,35
828.374512640,16.75,0,0,195,4,35
828.451359479,16.75,0,0,195,4,35
828.528314112,16.75,0,0,195,4,35
828.605392380,16.75,0,0,195,4,35
828.682161292,16.85,0,0,195,4,35
828.758714564,16.85,0,0,195,4,35
828.835188266,16.85,0,0,195,4,35
828.911733463,16.85,0,0,195,4,35
828.988118256,16.85,0,0,195,4,35
829.065011964,16.85,0,0,195,4,35
829.141326464,16.85,0,0,195,4,35
829.217882352,16.85,0,0,195,4,35
829.294446876,16.85,0,0,195,4,35
829.370495702,16.85,0,0,195,4,35
829.448807018,16.85,0,0,195,4,35
829.525271642,16.85,0,0,195,4,35
829.601508846,16.85,0,0,195,4,35
829.677824778,16.75,0,0,195,4,35
829.753801919,16.75,0,0,195,4,35
829.831159877,16.75,0,0,195,4,35
829.907704784,16.75,0,0,195,4,35
829.984601157,16.75,0,0,195,4,35
830.061835320,16.75,0,0,195,4,35
830.138793781,16.75,0,0,195,4,35
830.216727581,16.75,0,0,195,4,35
830.294057106,16.75,0,0,195,4,35
830.371779835,16.75,0,0,195,4,35
830.449160777,16.75,0,0,195,4,35
830.527894334,16.75,0,0,195,4,35
830.605307978,16.75,0,0,195,4,35
830.682461057,16.84,0,0,195,4,35
830.759454845,16.84,0,0,195,4,35
830.837107943,16.84,0,0,195,4,35
830.914244491,16.84,0,0,195,4,35
830.992986203,16.84,0,0,195,4,35
831.070149733,16.84,0,0,195,4,35
831.147533240,16.84,0,0,195,4,35
831.225481036,16.84,0,0,195,4,35
831.303350184,16.84,0,0,195,4,35
831.380076525,16.84,0,0,195,4,35
831.457510447,16.84,0,0,195,4,35
831.534950952,16.84,0,0,195,4,35
831.612067843,16.84,0,0,195,4,35
831.689429208,16.83,0,0,195,4,35
831.766751629,16.83,0,0,195,4,35
831.845418058,16.83,0,0,195,4,35
831.922989210,16.83,0,0,195,4,35
831.999969442,16.83,0,0,195,4,35
832.077912059,16.83,0,0,195,4,35
832.156659502,16.83,0,0,195,4,35
832.234349750,16.83,0,0,195,4,35
832.311486018,16.83,0,0,195,4,35
832.388425223,16.83,0,0,195,4,35
832.465780796,16.83,0,0,195,4,35
832.542725371,16.83,0,0,195,4,35
832.619413049,16.83,0,0,195,4,35
832.696894792,16.78,0,0,195,4,35
832.774250616,16.78,0,0,195,4,35
832.851040588,16.78,0,0,195,4,35
832.928036299,16.78,0,0,195,4,35
833.005267627,16.78,0,0,195,4,35
833.082507041,16.78,0,0,195,4,35
833.160049369,16.78,0,0,195,4,35
833.237372491,16.78,0,0,195,4,35
833.315126460,16.78,0,0,195,4,35
833.392306932,16.78,0,0,195,4,35
833.469451015,16.78,0,0,195,4,35
833.546643840,16.78,0,0,195,4,35
833.623707180,16.78,0,0,195,4,35
833.702815748,16.84,0,0,195,4,35
833.781297016,16.84,0,0,195,4,35
833.858403377,16.84,0,0,195,4,35
833.936647125,16.84,0,0,195,4,35
834.014296195,16.84,0,0,195,4,35
834.091606794,16.84,0,0,195,4,35
834.168487187,16.84,0,0,195,4,35
834.245621050,16.84,0,0,195,4,35
834.323113193,16.84,0,0,195,4,35
834.400991408,16.84,0,0,195,4,35
834.478325621,16.84,0,0,195,4,35
834.555224078,16.84,0,0,195,4,35
834.632307947,16.84,0,0,195,4,35
834.709945125,16.80,0,0,195,4,35
834.787182585,16.80,0,0,195,4,35
834.864762404,16.80,0,0,195,4,35
834.941305848,16.80,0,0,195,4,35
835.018145874,16.80,0,0,195,4,35
835.095007812,16.80,0,0,195,4,35
835.171979077,16.80,0,0,195,4,35
835.248160545,16.80,0,0,195,4,35
835.324947591,16.80,0,0,195,4,35
835.401816472,16.80,0,0,195,4,35
835.477776430,16.80,0,0,195,4,35
835.554143099,16.80,0,0,195,4,35
835.630198077,16.80,0,0,195,4,35
835.706415102,16.68,0,0,195,4,35
835.783020273,16.68,0,0,195,4,35
835.860257022,16.68,0,0,195,4,35
835.937378081,16.68,0,0,195,4,35
836.014175156,16.68,0,0,195,4,35
836.090840642,16.68,0,0,195,4,35
836.167704123,16.68,0,0,195,4,35
836.245590483,16.68,0,0,195,4,35
836.322300162,16.68,0,0,195,4,35
836.399441841,16.68,0,0,195,4,35
836.476987034,16.68,0,0,195,4,35
836.553639435,16.68,0,0,195,4,35
836.630578209,16.68,0,0,195,4,35
836.707988136,16.71,0,0,187,4,35
836.785357967,16.71,0,0,187,4,35
836.862348488,16.71,0,0,187,4,35
836.939552024,16.71,0,0,187,4,35
837.016813820,16.71,0,0,187,4,35
837.094168242,16.71,0,0,187,4,35
837.172837106,16.71,0,0,187,4,35
837.250249938,16.71,0,0,187,4,35
837.327144859,16.71,0,0,187,4,35
837.404140190,16.71,0,0,187,4,35
837.481378291,16.71,0,0,187,4,35
837.558404030,16.71,0,0,187,4,35
837.635736149,16.71,0,0,187,4,35
837.714000867,16.64,0,0,195,4,35
837.790912389,16.64,0,0,195,4,35
837.867894926,16.64,0,0,195,4,35
837.944792361,16.64,0,0,195,4,35
838.021944009,16.64,0,0,195,4,35
838.099075417,16.64,0,0,195,4,35
838.176699761,16.64,0,0,195,4,35
838.253629588,16.64,0,0,195,4,35
838.330576156,16.64,0,0,195,4,35
838.407708838,16.64,0,0,195,4,35
838.485047880,16.64,0,0,195,4,35
838.561989409,16.64,0,0,195,4,35
838.640272983,16.64,0,0,195,4,35
838.718211572,16.69,0,0,195,4,35
838.796485958,16.69,0,0,195,4,35
838.874047152,16.69,0,0,195,4,35
838.951068692,16.69,0,0,195,4,35
839.028134317,16.69,0,0,195,4,35
839.104909440,16.69,0,0,195,4,35
839.182410310,16.69,0,0,195,4,35
839.259191965,16.69,0,0,195,4,35
839.336960232,16.69,0,0,195,4,35
839.413675963,16.69,0,0,195,4,35
839.491317108,16.69,0,0,195,4,35
839.568363296,16.69,0,0,195,4,35
839.645620142,16.69,0,0,195,4,35
839.722924589,16.68,0,0,195,4,35
839.802076750,16.68,0,0,195,4,35
839.880563007,16.68,0,0,195,4,35
839.957593695,16.68,0,0,195,4,35
840.034948478,16.68,0,0,195,4,35
840.111625505,16.68,0,0,195,4,35
840.188556695,16.68,0,0,195,4,35
840.265691350,16.68,0,0,195,4,35
840.342607852,16.68,0,0,195,4,35
840.419963987,16.68,0,0,195,4,35
840.496930203,16.68,0,0,195,4,35
840.573417681,16.68,0,0,195,4,35
840.650234363,16.68,0,0,195,4,35
840.727189838,16.70,0,0,195,4,35
840.804679116,16.70,0,0,195,4,35
840.881446685,16.70,0,0,195,4,35
840.958084558,16.70,0,0,195,4,35
841.034655395,16.70,0,0,195,4,35
841.111196925,16.70,0,0,195,4,35
841.187948384,16.70,0,0,195,4,35
841.264723898,16.70,0,0,195,4,35
841.341550088,16.70,0,0,195,4,35
841.417576783,16.70,0,0,195,4,35
841.494059612,16.70,0,0,195,4,35
841.570282949,16.70,0,0,195,4,35
841.646862232,16.70,0,0,195,4,35
841.723708420,16.62,0,0,195,4,35
841.800393723,16.62,0,0,195,4,35
841.877482672,16.62,0,0,195,4,35
841.954735100,16.62,0,0,195,4,35
842.031848786,16.62,0,0,195,4,35
842.108724570,16.62,0,0,195,4,35
842.185886988,16.62,0,0,195,4,35
842.263313005,16.62,0,0,195,4,35
842.340718624,16.62,0,0,195,4,35
842.418095228,16.62,0,0,195,4,35
842.496103761,16.62,0,0,195,4,35
842.573329469,16.62,0,0,195,4,35
842.650517385,16.62,0,0,195,4,35
842.727748012,16.71,0,0,195,4,35
842.805175282,16.71,0,0,195,4,35
842.882381343,16.71,0,0,195,4,35
842.959458669,16.71,0,0,195,4,35
843.036340585,16.71,0,0,195,4,35
843.113480350,16.71,0,0,195,4,35
843.190793343,16.71,0,0,195,4,35
843.268111446,16.71,0,0,195,4,35
843.347538829,16.71,0,0,195,4,35
843.425456919,16.71,0,0,195,4,35
843.502756888,16.71,0,0,195,4,35
843.580155073,16.71,0,0,195,4,35
843.659421360,16.76,0,0,195,4,35
843.738568120,16.76,0,0,195,4,35
843.816087554,16.76,0,0,195,4,35
843.893733058,16.76,0,0,195,4,35
843.971225231,16.76,0,0,195,4,35
844.048957821,16.76,0,0,195,4,35
844.126301883,16.76,0,0,195,4,35
844.203819234,16.76,0,0,195,4,35
844.281456742,16.76,0,0,195,4,35
844.359248524,16.76,0,0,195,4,35
844.438462742,16.76,0,0,195,4,35
844.515329269,16.76,0,0,195,4,35
844.592321915,16.76,0,0,195,4,35
844.669260087,16.79,0,0,195,4,35
844.746678991,16.79,0,0,195,4,35
844.823757650,16.79,0,0,195,4,35
844.900919898,16.79,0,0,195,4,35
844.977782558,16.79,0,0,195,4,35
845.055242590,16.79,0,0,195,4,35
845.132399958,16.79,0,0,195,4,35
845.209790389,16.79,0,0,195,4,35
845.286870951,16.79,0,0,195,4,35
845.364064348,16.79,0,0,195,4,35
845.441227527,16.79,0,0,195,4,35
845.519137252,16.79,0,0,195,4,35
845.596521781,16.79,0,0,195,4,35
845.673566386,17.20,0,0,195,4,35
845.750508436,17.20,0,0,195,4,35
845.828000879,17.20,0,0,195,4,35
845.905187122,17.20,0,0,195,4,35
845.982737777,17.20,0,0,195,4,35
846.059774937,17.20,0,0,195,4,35
846.136105768,17.20,0,0,195,4,35
846.213323170,17.20,0,0,195,4,35
846.290261564,17.20,0,0,195,4,35
846.367539350,17.20,0,0,195,4,35
846.443586374,17.20,0,0,195,4,35
846.520855955,17.20,0,0,195,4,35
846.597422242,17.20,0,0,195,4,35
846.674577357,17.00,0,0,195,4,35
846.751892504,17.00,0,0,195,4,35
846.828578539,17.00,0,0,195,4,35
846.905043875,17.00,0,0,195,4,35
846.981283544,17.00,0,0,195,4,35
847.057696080,17.00,0,0,195,4,35
847.133516704,17.00,0,0,195,4,35
847.211043383,17.00,0,0,195,4,35
847.287602467,17.00,0,0,195,4,35
847.364756819,17.00,0,0,195,4,35
847.441572079,17.00,0,0,195,4,35
847.517717549,17.00,0,0,195,4,35
847.594424273,17.00,0,0,195,4,35
847.671197484,16.85,0,0,195,4,35
847.748289798,16.85,0,0,195,4,35
847.825745823,16.85,0,0,195,4,35
847.902714674,16.85,0,0,195,4,35
847.979921185,16.85,0,0,195,4,35
848.057481047,16.85,0,0,195,4,35
848.134653244,16.85,0,0,195,4,35
848.211904110,16.85,0,0,195,4,35
848.290735282,16.85,0,0,195,4,35
848.367886238,16.85,0,0,195,4,35
848.445401254,16.85,0,0,195,4,35
848.522943793,16.85,0,0,195,4,35
848.600460844,16.85,0,0,195,4,35
848.677417722,16.72,0,0,195,4,35
848.755169878,16.72,0,0,195,4,35
848.832252615,16.72,0,0,195,4,35
848.909387131,16.72,0,0,195,4,35
848.986562403,16.72,0,0,195,4,35
849.063267113,16.72,0,0,195,4,35
849.140112861,16.72,0,0,195,4,35
849.217620183,16.72,0,0,195,4,35
849.294774846,16.72,0,0,195,4,35
849.371875106,16.72,0,0,195,4,35
849.449949413,16.72,0,0,195,4,35
849.527000169,16.72,0,0,195,4,35
849.604750231,16.72,0,0,195,4,35
849.681670070,16.85,0,0,195,4,35
849.758928530,16.85,0,0,195,4,35
849.835482895,16.85,0,0,195,4,35
849.912578967,16.85,0,0,195,4,35
849.989804304,16.85,0,0,195,4,35
850.066934512,16.85,0,0,195,4,35
850.144678122,16.85,0,0,195,4,35
850.222340648,16.85,0,0,195,4,35
850.299406223,16.85,0,0,195,4,35
850.376809718,16.85,0,0,195,4,35
850.454256174,16.85,0,0,195,4,35
850.531654189,16.85,0,0,195,4,35
850.609723767,16.85,0,0,195,4,35
850.687703996,16.75,0,0,195,4,35
850.765135635,16.75,0,0,195,4,35
850.842119745,16.75,0,0,195,4,35
850.919713130,16.75,0,0,195,4,35
850.998310749,16.75,0,0,195,4,35
851.075486192,16.75,0,0,195,4,35
851.152128273,16.75,0,0,195,4,35
851.229705758,16.75,0,0,195,4,35
851.307267524,16.75,0,0,195,4,35
851.384462654,16.75,0,0,195,4,35
851.461667042,16.75,0,0,195,4,35
851.538720653,16.75,0,0,195,4,35
851.617856353,16.75,0,0,195,4,35
851.695315544,16.75,0,0,195,4,35
851.772324461,16.75,0,0,195,4,35
851.849558985,16.75,0,0,195,4,35
851.926367242,16.75,0,0,195,4,35
852.003193423,16.75,0,0,195,4,35
852.080397359,16.75,0,0,195,4,35
852.158161458,16.75,0,0,195,4,35
852.235169764,16.75,0,0,195,4,35
852.312354735,16.75,0,0,195,4,35
852.389330850,16.75,0,0,195,4,35
852.466793237,16.75,0,0,195,4,35
852.543827793,16.75,0,0,195,4,35
852.621336658,16.75,0,0,195,4,35
852.698717229,16.72,0,0,195,4,35
852.776124301,16.72,0,0,195,4,35
852.852344213,16.72,0,0,195,4,35
852.929167157,16.72,0,0,195,4,35
853.006210039,16.72,0,0,195,4,35
853.082762130,16.72,0,0,195,4,35
853.160864631,16.72,0,0,195,4,35
853.237425869,16.72,0,0,195,4,35
853.314257470,16.72,0,0,195,4,35
853.390410965,16.72,0,0,195,4,35
853.466763848,16.72,0,0,195,4,35
853.544060681,16.72,0,0,195,4,35
853.621042848,16.72,0,0,195,4,35
853.698969916,16.65,0,0,195,4,35
853.776451188,16.65,0,0,195,4,35
853.853255918,16.65,0,0,195,4,35
853.930522163,16.65,0,0,195,4,35
854.007845416,16.65,0,0,195,4,35
854.085551495,16.65,0,0,195,4,35
854.164850074,16.65,0,0,195,4,35
854.241900359,16.65,0,0,195,4,35
854.319492692,16.65,0,0,195,4,35
854.396933478,16.65,0,0,195,4,35
854.474156271,16.65,0,0,195,4,35
854.551007098,16.65,0,0,195,4,35
854.627895738,16.65,0,0,195,4,35
854.705475758,16.63,0,0,195,4,35
854.782500535,16.63,0,0,195,4,35
854.859722175,16.63,0,0,195,4,35
854.936329361,16.63,0,0,195,4,35
855.013214854,16.63,0,0,195,4,35
855.090539009,16.63,0,0,195,4,35
855.167728148,16.63,0,0,195,4,35
855.245407907,16.63,0,0,195,4,35
855.323009347,16.63,0,0,195,4,35
855.400064081,16.63,0,0,195,4,35
855.478874835,16.63,0,0,195,4,35
855.556843512,16.63,0,0,195,4,35
855.634554480,16.63,0,0,195,4,35
855.712434279,16.62,0,0,195,4,35
855.790877125,16.62,0,0,195,4,35
855.868570700,16.62,0,0,195,4,35
855.945929651,16.62,0,0,195,4,35
856.023616543,16.62,0,0,195,4,35
856.101069192,16.62,0,0,195,4,35
856.178141479,16.62,0,0,195,4,35
856.255361536,16.62,0,0,195,4,35
856.332407013,16.62,0,0,195,4,35
856.409630437,16.62,0,0,195,4,35
856.486680091,16.62,0,0,195,4,35
856.564186071,16.62,0,0,195,4,35
856.640915047,16.62,0,0,195,4,35
856.717998566,16.43,0,0,195,4,35
856.795795317,16.43,0,0,195,4,35
856.872716888,16.43,0,0,195,4,35
856.950099314,16.43,0,0,195,4,35
857.027441132,16.43,0,0,195,4,35
857.104730261,16.43,0,0,195,4,35
857.181847183,16.43,0,0,195,4,35
857.258819851,16.43,0,0,195,4,35
857.336274784,16.43,0,0,195,4,35
857.413292929,16.43,0,0,195,4,35
857.490344337,16.43,0,0,195,4,35
857.567323097,16.43,0,0,195,4,35
857.644079475,16.43,0,0,195,4,35
857.721190456,17.08,0,0,195,4,35
857.798400354,17.08,0,0,195,4,35
857.875244819,17.08,0,0,195,4,35
857.952464897,17.08,0,0,195,4,35
858.029556732,17.08,0,0,195,4,35
858.107078742,17.08,0,0,195,4,35
858.184232574,17.08,0,0,195,4,35
858.261085184,17.08,0,0,195,4,35
858.338261699,17.08,0,0,195,4,35
858.415454385,17.08,0,0,195,4,35
858.493445404,17.08,0,0,195,4,35
858.569914428,17.08,0,0,195,4,35
858.647119397,17.08,0,0,195,4,35
858.724456306,16.72,0,0,195,4,35
858.800131164,16.72,0,0,195,4,35
858.876578677,16.72,0,0,195,4,35
858.953613614,16.72,0,0,195,4,35
859.030091504,16.72,0,0,195,4,35
859.106293471,16.72,0,0,195,4,35
859.183344258,16.72,0,0,195,4,35
859.260508480,16.72,0,0,195,4,35
859.337064689,16.72,0,0,195,4,35
859.413515948,16.72,0,0,195,4,35
859.489773321,16.72,0,0,195,4,35
859.566413900,16.72,0,0,195,4,35
859.643591076,16.72,0,0,195,4,35
859.721048103,16.73,0,0,195,4,35
859.798065196,16.73,0,0,195,4,35
859.875203478,16.73,0,0,195,4,35
859.952374623,16.73,0,0,195,4,35
860.029393499,16.73,0,0,195,4,35
860.106054156,16.73,0,0,195,4,35
860.183368673,16.73,0,0,195,4,35
860.260235801,16.73,0,0,195,4,35
860.337396767,16.73,0,0,195,4,35
860.414501576,16.73,0,0,195,4,35
860.491436583,16.73,0,0,195,4,35
860.568606095,16.73,0,0,195,4,35
860.645753555,16.73,0,0,195,4,35
860.723478690,16.85,0,0,195,4,35
860.801001953,16.85,0,0,195,4,35
860.878333201,16.85,0,0,195,4,35
860.955306882,16.85,0,0,195,4,35
861.032277757,16.85,0,0,195,4,35
861.109405419,16.85,0,0,195,4,35
861.186074192,16.85,0,0,195,4,35
861.263451087,16.85,0,0,195,4,35
861.340260506,16.85,0,0,195,4,35
861.417040309,16.85,0,0,195,4,35
861.494465796,16.85,0,0,195,4,35
861.571930006,16.85,0,0,195,4,35
861.649043011,16.85,0,0,195,4,35
861.726486452,16.74,0,0,195,4,35
861.803737909,16.74,0,0,195,4,35
861.880646747,16.74,0,0,195,4,35
861.957773728,16.74,0,0,195,4,35
862.035058358,16.74,0,0,195,4,35
862.112324904,16.74,0,0,195,4,35
862.189418121,16.74,0,0,195,4,35
862.266802130,16.74,0,0,195,4,35
862.343981210,16.74,0,0,195,4,35
862.421056162,16.74,0,0,195,4,35
862.498263065,16.74,0,0,195,4,35
862.574950383,16.74,0,0,195,4,35
862.651986261,16.74,0,0,195,4,35
862.729316989,16.53,0,0,195,4,35
862.806100369,16.53,0,0,195,4,35
862.883078477,16.53,0,0,195,4,35
862.960398925,16.53,0,0,195,4,35
863.037771021,16.53,0,0,195,4,35
863.115438367,16.53,0,0,195,4,35
863.192952492,16.53,0,0,195,4,35
863.270519197,16.53,0,0,195,4,35
863.347624317,16.53,0,0,195,4,35
863.425207032,16.53,0,0,195,4,35
863.502958678,16.53,0,0,195,4,35
863.582028583,16.53,0,0,195,4,35
863.659462256,16.53,0,0,195,4,35
863.737430041,16.63,0,0,195,4,35
863.814768012,16.63,0,0,195,4,35
863.892240479,16.63,0,0,195,4,35
863.969920458,16.63,0,0,195,4,35
864.047362156,16.63,0,0,195,4,35
864.124441066,16.63,0,0,195,4,35
864.201260835,16.63,0,0,195,4,35
864.278764460,16.63,0,0,195,4,35
864.355498026,16.63,0,0,195,4,35
864.432529907,16.63,0,0,195,4,35
864.509613456,16.63,0,0,195,4,35
864.586883007,16.63,0,0,195,4,35
864.665190326,16.63,0,0,195,4,35
864.740895793,16.79,0,0,195,4,35
864.816245785,16.79,0,0,195,4,35
864.892658802,16.79,0,0,195,4,35
864.970003346,16.79,0,0,195,4,35
865.046563883,16.79,0,0,195,4,35
865.123942432,16.79,0,0,195,4,35
865.200317958,16.79,0,0,195,4,35
865.276231829,16.79,0,0,195,4,35
865.352168754,16.79,0,0,195,4,35
865.428795267,16.79,0,0,195,4,35
865.506594432,16.79,0,0,195,4,35
865.584176236,16.79,0,0,195,4,35
865.661660505,16.79,0,0,195,4,35
865.739256936,16.77,0,0,195,4,35
865.817050692,16.77,0,0,195,4,35
865.894237045,16.77,0,0,195,4,35
865.971325303,16.77,0,0,195,4,35
866.048145403,16.77,0,0,195,4,35
866.125233009,16.77,0,0,195,4,35
866.202353779,16.77,0,0,195,4,35
866.279385109,16.77,0,0,195,4,35
866.356580059,16.77,0,0,195,4,35
866.433858387,16.77,0,0,195,4,35
866.511201709,16.77,0,0,195,4,35
866.588600105,16.77,0,0,195,4,35
866.667973245,16.78,0,0,195,4,35
866.745140683,16.78,0,0,195,4,35
866.822141124,16.78,0,0,195,4,35
866.899230524,16.78,0,0,195,4,35
866.976986338,16.78,0,0,195,4,35
867.054436111,16.78,0,0,195,4,35
867.131245710,16.78,0,0,195,4,35
867.208687839,16.78,0,0,195,4,35
867.285864956,16.78,0,0,195,4,35
867.363003659,16.78,0,0,195,4,35
867.440372569,16.78,0,0,195,4,35
867.517951407,16.78,0,0,195,4,35
867.595299889,16.78,0,0,195,4,35
867.672881202,16.82,0,0,195,4,35
867.749944753,16.82,0,0,195,4,35
867.826759742,16.82,0,0,195,4,35
867.903871355,16.82,0,0,195,4,35
867.980914948,16.82,0,0,195,4,35
868.057881435,16.82,0,0,195,4,35
868.135006332,16.82,0,0,195,4,35
868.211985664,16.82,0,0,195,4,35
868.288672992,16.82,0,0,195,4,35
868.365391829,16.82,0,0,195,4,35
868.442301899,16.82,0,0,195,4,35
868.519417719,16.82,0,0,195,4,35
868.597083863,16.82,0,0,195,4,35
868.674173173,16.82,0,0,195,4,35
868.750701940,16.82,0,0,195,4,35
868.827659861,16.82,0,0,195,4,35
868.904886121,16.82,0,0,195,4,35
868.981878947,16.82,0,0,195,4,35
869.059140193,16.82,0,0,195,4,35
869.136522639,16.82,0,0,195,4,35
869.213786149,16.82,0,0,195,4,35
869.291020735,16.82,0,0,195,4,35
869.368064569,16.82,0,0,195,4,35
869.445402089,16.82,0,0,195,4,35
869.522415675,16.82,0,0,195,4,35
869.600192549,16.82,0,0,195,4,35
869.677953753,16.77,0,0,195,4,35
869.755142051,16.77,0,0,195,4,35
869.831997327,16.77,0,0,195,4,35
869.909341330,16.77,0,0,195,4,35
869.986921170,16.77,0,0,195,4,35
870.063734787,16.77,0,0,195,4,35
870.140318829,16.77,0,0,195,4,35
870.217484704,16.77,0,0,195,4,35
870.294543686,16.77,0,0,195,4,35
870.371434470,16.77,0,0,195,4,35
870.448474477,16.77,0,0,195,4,35
870.526296897,16.77,0,0,195,4,35
870.602633429,16.77,0,0,195,4,35
870.680033218,16.70,0,0,195,4,35
870.756440625,16.70,0,0,195,4,35
870.832978259,16.70,0,0,195,4,35
870.909500003,16.70,0,0,195,4,35
870.984817444,16.70,0,0,195,4,35
871.062637239,16.70,0,0,195,4,35
871.138625832,16.70,0,0,195,4,35
871.215023310,16.70,0,0,195,4,35
871.290448565,16.70,0,0,195,4,35
871.367100806,16.70,0,0,195,4,35
871.443974778,16.70,0,0,195,4,35
871.521383263,16.70,0,0,195,4,35
871.599133266,16.70,0,0,195,4,35
871.675705966,16.74,0,0,195,4,35
871.752929981,16.74,0,0,195,4,35
871.830161551,16.74,0,0,195,4,35
871.906898343,16.74,0,0,195,4,35
871.984079617,16.74,0,0,195,4,35
872.060980109,16.74,0,0,195,4,35
872.137891572,16.74,0,0,195,4,35
872.215230506,16.74,0,0,195,4,35
872.291861266,16.74,0,0,195,4,35
872.368949214,16.74,0,0,195,4,35
872.445900292,16.74,0,0,195,4,35
872.522920340,16.74,0,0,195,4,35
872.599831172,16.74,0,0,195,4,35
872.677841228,16.79,0,0,195,4,35
872.756010586,16.79,0,0,195,4,35
872.833136094,16.79,0,0,195,4,35
872.910922045,16.79,0,0,195,4,35
872.988124620,16.79,0,0,195,4,35
873.065448084,16.79,0,0,195,4,35
873.144280839,16.79,0,0,195,4,35
873.221866901,16.79,0,0,195,4,35
873.299370607,16.79,0,0,195,4,35
873.377370634,16.79,0,0,195,4,35
873.454674941,16.79,0,0,195,4,35
873.531938952,16.79,0,0,195,4,35
873.609214846,16.79,0,0,195,4,35
873.686886771,17.10,0,0,195,4,35
873.763950753,17.10,0,0,195,4,35
873.841326857,17.10,0,0,195,4,35
873.918337448,17.10,0,0,195,4,35
873.995713181,17.10,0,0,195,4,35
874.073005716,17.10,0,0,195,4,35
874.150482862,17.10,0,0,195,4,35
874.228025090,17.10,0,0,195,4,35
874.305706253,17.10,0,0,195,4,35
874.382985914,17.10,0,0,195,4,35
874.461303683,17.10,0,0,195,4,35
874.538350552,17.10,0,0,195,4,35
874.615716437,17.10,0,0,195,4,35
874.692634432,16.95,0,0,195,4,35
874.770365399,16.95,0,0,195,4,35
874.847191310,16.95,0,0,195,4,35
874.924386220,16.95,0,0,195,4,35
875.001422850,16.95,0,0,195,4,35
875.078572936,16.95,0,0,195,4,35
875.155612331,16.95,0,0,195,4,35
875.233362424,16.95,0,0,195,4,35
875.310056925,16.95,0,0,195,4,35
875.387354531,16.95,0,0,195,4,35
875.464808813,16.95,0,0,195,4,35
875.541836937,16.95,0,0,195,4,35
875.619014224,16.95,0,0,195,4,35
875.696430985,17.07,0,0,195,4,35
875.774016075,17.07,0,0,195,4,35
875.851158586,17.07,0,0,195,4,35
875.927941385,17.07,0,0,195,4,35
876.004107214,17.07,0,0,195,4,35
876.080889372,17.07,0,0,195,4,35
876.158219939,17.07,0,0,195,4,35
876.235314750,17.07,0,0,195,4,35
876.311604895,17.07,0,0,195,4,35
876.389656770,17.07,0,0,195,4,35
876.467098398,17.07,0,0,195,4,35
876.543326064,17.07,0,0,195,4,35
876.619803023,17.07,0,0,195,4,35
876.696682776,16.91,0,0,195,4,35
876.772405956,16.91,0,0,195,4,35
876.849028241,16.91,0,0,195,4,35
876.925441770,16.91,0,0,195,4,35
877.001284607,16.91,0,0,195,4,35
877.077699087,16.91,0,0,195,4,35
877.153999271,16.91,0,0,195,4,35
877.230883412,16.91,0,0,195,4,35
877.308022206,16.91,0,0,195,4,35
877.385278423,16.91,0,0,195,4,35
877.462373524,16.91,0,0,195,4,35
877.540038786,16.91,0,0,195,4,35
877.617090896,16.91,0,0,195,4,35
877.694359816,16.93,0,0,195,4,35
877.771425121,16.93,0,0,195,4,35
877.848914069,16.93,0,0,195,4,35
877.926074284,16.93,0,0,195,4,35
878.002984975,16.93,0,0,195,4,35
878.080015434,16.93,0,0,195,4,35
878.156989485,16.93,0,0,195,4,35
878.234474115,16.93,0,0,195,4,35
878.311542596,16.93,0,0,195,4,35
878.388734631,16.93,0,0,195,4,35
878.466181860,16.93,0,0,195,4,35
878.543342685,16.93,0,0,195,4,35
878.620509623,16.93,0,0,195,4,35
878.698183902,16.80,0,0,195,4,35
878.775445519,16.80,0,0,195,4,35
878.852450209,16.80,0,0,195,4,35
878.929526244,16.80,0,0,195,4,35
879.006627897,16.80,0,0,195,4,35
879.084002368,16.80,0,0,195,4,35
879.161151973,16.80,0,0,195,4,35
879.238374926,16.80,0,0,195,4,35
879.316141070,16.80,0,0,195,4,35
879.393457511,16.80,0,0,195,4,35
879.470551960,16.80,0,0,195,4,35
879.547984512,16.80,0,0,195,4,35
879.625472137,16.80,0,0,195,4,35
879.702380554,16.81,0,0,195,4,35
879.779831730,16.81,0,0,195,4,35
879.857353040,16.81,0,0,195,4,35
879.934670142,16.81,0,0,195,4,35
880.011472147,16.81,0,0,195,4,35
880.088299401,16.81,0,0,195,4,35
880.165521563,16.81,0,0,195,4,35
880.242752502,16.81,0,0,195,4,35
880.319958313,16.81,0,0,195,4,35
880.397115802,16.81,0,0,195,4,35
880.474465216,16.81,0,0,195,4,35
880.551892557,16.81,0,0,195,4,35
880.629464122,16.81,0,0,195,4,35
880.706821270,16.84,0,0,195,4,35
880.784454631,16.84,0,0,195,4,35
880.861442108,16.84,0,0,195,4,35
880.938681403,16.84,0,0,195,4,35
881.015848841,16.84,0,0,195,4,35
881.093005429,16.84,0,0,195,4,35
881.172182137,16.84,0,0,195,4,35
881.249507314,16.84,0,0,195,4,35
881.326909077,16.84,0,0,195,4,35
881.404288297,16.84,0,0,195,4,35
881.481294590,16.84,0,0,195,4,35
881.558724305,16.84,0,0,195,4,35
881.635808666,16.84,0,0,195,4,35
881.713305860,16.74,0,0,195,4,35
881.790291443,16.74,0,0,195,4,35
881.867779940,16.74,0,0,195,4,35
881.944859422,16.74,0,0,195,4,35
882.021604440,16.74,0,0,195,4,35
882.098548104,16.74,0,0,195,4,35
882.176177909,16.74,0,0,195,4,35
882.253217314,16.74,0,0,195,4,35
882.330203449,16.74,0,0,195,4,35
882.407291166,16.74,0,0,195,4,35
882.483563257,16.74,0,0,195,4,35
882.559751198,16.74,0,0,195,4,35
882.636161561,16.74,0,0,195,4,35
882.712474580,16.69,0,0,195,4,35
882.788448195,16.69,0,0,195,4,35
882.864797672,16.69,0,0,195,4,35
882.942565830,16.69,0,0,195,4,35
883.019047979,16.69,0,0,195,4,35
883.095214960,16.69,0,0,195,4,35
883.173943388,16.69,0,0,195,4,35
883.250983255,16.69,0,0,195,4,35
883.328443138,16.69,0,0,195,4,35
883.406251111,16.69,0,0,195,4,35
883.483240872,16.69,0,0,195,4,35
883.560695906,16.69,0,0,195,4,35
883.638347482,16.69,0,0,195,4,35
883.715583331,16.80,0,0,195,4,35
883.792823276,16.80,0,0,195,4,35
883.869946661,16.80,0,0,195,4,35
883.947010604,16.80,0,0,195,4,35
884.024246041,16.80,0,0,195,4,35
884.101258145,16.80,0,0,195,4,35
884.178584354,16.80,0,0,195,4,35
884.256390604,16.80,0,0,195,4,35
884.334520016,16.80,0,0,195,4,35
884.412080169,16.80,0,0,195,4,35
884.489551815,16.80,0,0,195,4,35
884.566510046,16.80,0,0,195,4,35
884.643402113,16.80,0,0,195,4,35
884.719978791,16.67,0,0,195,4,35
884.797426571,16.67,0,0,195,4,35
884.875239784,16.67,0,0,195,4,35
884.952652698,16.67,0,0,195,4,35
885.029451758,16.67,0,0,195,4,35
885.106663130,16.67,0,0,195,4,35
885.184114697,16.67,0,0,195,4,35
885.261400399,16.67,0,0,195,4,35
885.338743411,16.67,0,0,195,4,35
885.416781149,16.67,0,0,195,4,35
885.494080368,16.67,0,0,195,4,35
885.571109424,16.67,0,0,195,4,35
885.648485188,16.67,0,0,195,4,35
885.725805636,16.45,0,0,195,4,35
885.803430461,16.45,0,0,195,4,35
885.880300085,16.45,0,0,195,4,35
885.957785948,16.45,0,0,195,4,35
886.034627869,16.45,0,0,195,4,35
886.112405063,16.45,0,0,195,4,35
886.189766059,16.45,0,0,195,4,35
886.266512599,16.45,0,0,195,4,35
886.343914242,16.45,0,0,195,4,35
886.421245060,16.45,0,0,195,4,35
886.498330353,16.45,0,0,195,4,35
886.575573124,16.45,0,0,195,4,35
886.653299523,16.45,0,0,195,4,35
886.730724459,16.50,0,0,195,4,35
886.808200984,16.50,0,0,195,4,35
886.884930352,16.50,0,0,195,4,35
886.961812459,16.50,0,0,195,4,35
887.039402288,16.50,0,0,195,4,35
887.116683763,16.50,0,0,195,4,35
887.194837572,16.50,0,0,195,4,35
887.272255144,16.50,0,0,195,4,35
887.349375233,16.50,0,0,195,4,35
887.426326953,16.50,0,0,195,4,35
887.503463052,16.50,0,0,195,4,35
887.580672921,16.50,0,0,195,4,35
887.657849978,16.50,0,0,195,4,35
887.735023508,16.58,0,0,195,4,35
887.812059317,16.58,0,0,195,4,35
887.889825280,16.58,0,0,195,4,35
887.967338705,16.58,0,0,195,4,35
888.044332103,16.58,0,0,195,4,35
888.121550769,16.58,0,0,195,4,35
888.198526955,16.58,0,0,195,4,35
888.275459278,16.58,0,0,195,4,35
888.352012832,16.58,0,0,195,4,35
888.428559474,16.58,0,0,195,4,35
888.504889685,16.58,0,0,195,4,35
888.581313443,16.58,0,0,195,4,35
888.657932142,16.58,0,0,195,4,35
888.734599462,16.74,0,0,195,4,35
888.810708454,16.74,0,0,195,4,35
888.887076647,16.74,0,0,195,4,35
888.963567673,16.74,0,0,195,4,35
889.039790040,16.74,0,0,195,4,35
889.117017432,16.74,0,0,195,4,35
889.194149263,16.74,0,0,195,4,35
889.271113486,16.74,0,0,195,4,35
889.348141070,16.74,0,0,195,4,35
889.426836336,16.74,0,0,195,4,35
889.504220014,16.74,0,0,195,4,35
889.582241983,16.74,0,0,195,4,35
889.660141900,16.74,0,0,195,4,35
889.738139383,16.78,0,0,195,4,35
889.815152799,16.78,0,0,195,4,35
889.893056434,16.78,0,0,195,4,35
889.970574537,16.78,0,0,195,4,35
890.047583124,16.78,0,0,195,4,35
890.125152305,16.78,0,0,195,4,35
890.202529651,17.23,0,0,195,4,35
890.280231373,17.23,0,0,195,4,35
890.357079747,17.23,0,0,195,4,35
890.435062581,17.23,0,0,195,4,35
890.512194432,17.23,0,0,195,4,35
890.589207598,17.23,0,0,195,4,35
890.666668824,17.23,0,0,195,4,35
890.744386506,17.23,0,0,195,4,35
890.821154367,17.23,0,0,195,4,35
890.898899190,17.23,0,0,195,4,35
890.976017596,17.23,0,0,195,4,35
891.053186417,17.23,0,0,195,4,35
891.130300965,17.23,0,0,195,4,35
891.207765808,17.04,0,0,195,4,35
891.285749003,17.04,0,0,195,4,35
891.363004549,17.04,0,0,195,4,35
891.440308426,17.04,0,0,195,4,35
891.517442361,17.04,0,0,195,4,35
891.595040707,17.04,0,0,195,4,35
891.674451729,17.04,0,0,195,4,35
891.752138142,17.04,0,0,195,4,35
891.828797968,17.04,0,0,195,4,35
891.906167750,17.04,0,0,195,4,35
891.983973018,17.04,0,0,195,4,35
892.061517662,17.04,0,0,195,4,35
892.138733633,17.04,0,0,195,4,35
892.216183727,16.78,0,0,195,4,35
892.293536257,16.78,0,0,195,4,35
892.371106880,16.78,0,0,195,4,35
892.448184308,16.78,0,0,195,4,35
892.525660753,16.78,0,0,195,4,35
892.602856074,16.78,0,0,195,4,35
892.680062486,16.78,0,0,195,4,35
892.756928784,16.78,0,0,195,4,35
892.834178829,16.78,0,0,195,4,35
892.911591593,16.78,0,0,195,4,35
892.988922171,16.78,0,0,195,4,35
893.066036368,16.78,0,0,195,4,35
893.143674950,16.78,0,0,195,4,35
893.220465224,16.85,0,0,195,4,35
893.297674842,16.85,0,0,195,4,35
893.375729944,16.85,0,0,195,4,35
893.452912531,16.85,0,0,195,4,35
893.529700240,16.85,0,0,195,4,35
893.606864462,16.85,0,0,195,4,35
893.683041303,16.85,0,0,195,4,35
893.759285131,16.85,0,0,195,4,35
893.836832500,16.85,0,0,195,4,35
893.913981844,16.85,0,0,195,4,35
893.990649315,16.85,0,0,195,4,35
894.067412367,16.85,0,0,195,4,35
894.144686998,16.85,0,0,195,4,35
894.221177824,16.83,0,0,195,4,35
894.297254054,16.83,0,0,195,4,35
894.373398403,16.83,0,0,195,4,35
894.450395639,16.83,0,0,195,4,35
894.526740138,16.83,0,0,195,4,35
894.603412758,16.83,0,0,195,4,35
894.679618443,16.83,0,0,195,4,35
894.756029789,16.83,0,0,195,4,35
894.832523330,16.83,0,0,195,4,35
894.909225977,16.83,0,0,195,4,35
894.986359031,16.83,0,0,195,4,35
895.063164623,16.83,0,0,195,4,35
895.140531891,16.83,0,0,195,4,35
895.218086504,16.80,0,0,195,4,35
895.295311582,16.80,0,0,195,4,35
895.373190529,16.80,0,0,195,4,35
895.450503945,16.80,0,0,195,4,35
895.527560002,16.80,0,0,195,4,35
895.604249074,16.80,0,0,195,4,35
895.681555306,16.80,0,0,195,4,35
895.758309872,16.80,0,0,195,4,35
895.835993599,16.80,0,0,195,4,35
895.913047222,16.80,0,0,195,4,35
895.990029219,16.80,0,0,195,4,35
896.067299924,16.80,0,0,195,4,35
896.144712478,16.80,0,0,195,4,35
896.221751633,16.68,0,0,195,4,35
896.298922077,16.68,0,0,195,4,35
896.375789257,16.68,0,0,195,4,35
896.453097553,16.68,0,0,195,4,35
896.531408640,16.68,0,0,195,4,35
896.608962943,16.68,0,0,195,4,35
896.686025513,16.68,0,0,195,4,35
896.763587309,16.68,0,0,195,4,35
896.841380484,16.68,0,0,195,4,35
896.918270657,16.68,0,0,195,4,35
896.995043448,16.68,0,0,195,4,35
897.072379115,16.68,0,0,195,4,35
897.149544831,16.68,0,0,195,4,35
897.227085067,16.70,0,0,195,4,35
897.304403923,16.70,0,0,195,4,35
897.381311859,16.70,0,0,195,4,35
897.458506389,16.70,0,0,195,4,35
897.535693385,16.70,0,0,195,4,35
897.612311693,16.70,0,0,195,4,35
897.689276558,16.70,0,0,195,4,35
897.766019672,16.70,0,0,195,4,35
897.842902381,16.70,0,0,195,4,35
897.919739193,16.70,0,0,195,4,35
897.996619688,16.70,0,0,195,4,35
898.073613116,16.70,0,0,195,4,35
898.151025299,16.70,0,0,195,4,35
898.228063473,16.74,0,0,195,4,35
898.305179745,16.74,0,0,195,4,35
898.382036254,16.74,0,0,195,4,35
898.459004295,16.74,0,0,195,4,35
898.536260572,16.74,0,0,195,4,35
898.613751273,16.74,0,0,195,4,35
898.691018191,16.74,0,0,195,4,35
898.768165331,16.74,0,0,195,4,35
898.846692949,16.74,0,0,195,4,35
898.924328044,16.74,0,0,195,4,35
899.001080917,16.74,0,0,195,4,35
899.078557052,16.74,0,0,195,4,35
899.155575097,16.74,0,0,195,4,35
899.233149788,16.68,0,0,195,4,35
899.310332596,16.68,0,0,195,4,35
899.387696988,16.68,0,0,195,4,35
899.464751964,16.68,0,0,195,4,35
899.541404436,16.68,0,0,195,4,35
899.618691362,16.68,0,0,195,4,35
899.695583579,16.68,0,0,195,4,35
899.772392788,16.68,0,0,195,4,35
899.849799701,16.68,0,0,195,4,35
899.926666420,16.68,0,0,195,4,35
900.003738939,16.68,0,0,195,4,35
900.081144669,16.68,0,0,195,4,35
900.157093097,16.68,0,0,195,4,35
900.233280277,16.78,0,0,195,4,35
900.309696291,16.78,0,0,195,4,35
900.385784143,16.78,0,0,195,4,35
900.461584711,16.78,0,0,195,4,35
900.538549315,16.78,0,0,195,4,35
900.615189324,16.78,0,0,195,4,35
900.691728742,16.78,0,0,195,4,35
900.768686212,16.78,0,0,195,4,35
900.845504589,16.78,0,0,195,4,35
900.922756789,16.78,0,0,195,4,35
900.999938304,16.78,0,0,195,4,35
901.077095063,16.78,0,0,195,4,35
901.154360558,16.78,0,0,195,4,35
901.231238057,16.79,0,0,195,4,35
901.308437226,16.79,0,0,195,4,35
901.386517105,16.79,0,0,195,4,35
901.464049776,16.79,0,0,195,4,35
901.541368432,16.79,0,0,195,4,35
901.618347463,16.79,0,0,195,4,35
901.695311727,16.79,0,0,195,4,35
901.772275670,16.79,0,0,195,4,35
901.849051787,16.79,0,0,195,4,35
901.926194529,16.79,0,0,195,4,35
902.003230108,16.79,0,0,195,4,35
902.080128797,16.79,0,0,195,4,35
902.156812118,16.79,0,0,195,4,35
902.234356833,16.86,0,0,195,4,35
902.311592992,16.86,0,0,195,4,35
902.388485650,16.86,0,0,195,4,35
902.465785309,16.86,0,0,195,4,35
902.543148559,16.86,0,0,195,4,35
902.620016400,16.86,0,0,195,4,35
902.697078219,16.86,0,0,195,4,35
902.774211042,16.86,0,0,195,4,35
902.851070568,16.86,0,0,195,4,35
902.928037506,16.86,0,0,195,4,35
903.005080189,16.86,0,0,195,4,35
903.082224554,16.86,0,0,195,4,35
903.160193953,16.86,0,0,195,4,35
903.237613691,16.95,0,0,195,4,35
903.314939700,16.95,0,0,195,4,35
903.392039381,16.95,0,0,195,4,35
903.468969690,16.95,0,0,195,4,35
903.546836675,16.95,0,0,195,4,35
903.625459734,16.95,0,0,195,4,35
903.703369440,16.95,0,0,195,4,35
903.780893205,16.95,0,0,195,4,35
903.858185961,16.95,0,0,195,4,35
903.935118826,16.95,0,0,195,4,35
904.012464753,16.95,0,0,195,4,35
904.089871445,16.95,0,0,195,4,35
904.167637078,16.95,0,0,195,4,35
904.246251872,16.90,0,0,195,4,35
904.324098909,16.90,0,0,195,4,35
904.401844154,16.90,0,0,195,4,35
904.479689999,16.90,0,0,195,4,35
904.557250463,16.90,0,0,195,4,35
904.634196352,16.90,0,0,195,4,35
904.711893946,16.90,0,0,195,4,35
904.789375761,16.90,0,0,195,4,35
904.866545024,16.90,0,0,195,4,35
904.943678718,16.90,0,0,195,4,35
905.021248871,16.90,0,0,195,4,35
905.098182717,16.90,0,0,195,4,35
905.176058359,16.90,0,0,195,4,35
905.253378858,17.05,0,0,195,4,35
905.330891251,17.05,0,0,195,4,35
905.408209826,17.05,0,0,195,4,35
905.485714805,17.05,0,0,195,4,35
905.562867877,17.05,0,0,195,4,35
905.639159946,17.05,0,0,195,4,35
905.716273894,17.05,0,0,195,4,35
905.793677360,17.05,0,0,195,4,35
905.871030441,17.05,0,0,195,4,35
905.947963255,17.05,0,0,195,4,35
906.024006362,17.05,0,0,195,4,35
906.100269357,17.05,0,0,195,4,35
906.178715761,17.05,0,0,195,4,35
906.254719143,16.89,0,0,195,4,35
906.331210149,16.89,0,0,195,4,35
906.407643837,16.89,0,0,195,4,35
906.483924124,16.89,0,0,195,4,35
906.559718991,16.89,0,0,195,4,35
906.635438084,16.89,0,0,195,4,35
906.712300865,16.89,0,0,195,4,35
906.789687660,16.89,0,0,195,4,35
906.866926674,16.89,0,0,195,4,35
906.944236854,16.89,0,0,195,4,35
907.021535712,16.89,0,0,195,4,35
907.098694435,16.89,0,0,195,4,35
907.176738396,16.89,0,0,195,4,35
907.253933747,16.67,0,0,195,4,35
907.331546030,16.67,0,0,195,4,35
907.408875707,16.67,0,0,195,4,35
907.485941813,16.67,0,0,195,4,35
907.563427075,16.67,0,0,195,4,35
907.640992268,16.67,0,0,195,4,35
907.719041930,16.67,0,0,195,4,35
907.797275610,16.67,0,0,195,4,35
907.875118710,16.67,0,0,195,4,35
907.953745917,16.67,0,0,195,4,35
908.031251828,16.67,0,0,195,4,35
908.108142432,16.67,0,0,195,4,35
908.186063280,16.55,0,0,195,4,35
908.263256458,16.55,0,0,195,4,35
908.340259635,16.55,0,0,195,4,35
908.417404251,16.55,0,0,195,4,35
908.494769545,16.55,0,0,195,4,35
908.571699093,16.55,0,0,195,4,35
908.649438487,16.55,0,0,195,4,35
908.727188269,16.55,0,0,195,4,35
908.804411214,16.55,0,0,195,4,35
908.881757883,16.55,0,0,195,4,35
908.959080396,16.55,0,0,195,4,35
909.036486287,16.55,0,0,195,4,35
909.113358797,16.55,0,0,195,4,35
909.190718260,16.67,0,0,195,4,35
909.267260674,16.67,0,0,195,4,35
909.344507524,16.67,0,0,195,4,35
909.422152027,16.67,0,0,195,4,35
909.499648209,16.67,0,0,195,4,35
909.577187253,16.67,0,0,195,4,35
909.653971455,16.67,0,0,195,4,35
909.731530678,16.67,0,0,195,4,35
909.808478991,16.67,0,0,195,4,35
909.886052731,16.67,0,0,195,4,35
909.962884112,16.67,0,0,195,4,35
910.040181588,16.67,0,0,195,4,35
910.117724399,16.67,0,0,195,4,35
910.195080145,16.73,0,0,195,4,35
910.271810706,16.73,0,0,195,4,35
910.350380103,16.73,0,0,195,4,35
910.428186553,16.73,0,0,195,4,35
910.506511257,16.73,0,0,195,4,35
910.584468593,16.73,0,0,195,4,35
910.662081487,16.73,0,0,195,4,35
910.739180737,16.73,0,0,195,4,35
910.816403931,16.73,0,0,195,4,35
910.893844338,16.73,0,0,195,4,35
910.971609450,16.73,0,0,195,4,35
911.048539399,16.73,0,0,195,4,35
911.125645662,16.73,0,0,195,4,35
911.203148718,16.82,0,0,195,4,35
911.279484320,16.82,0,0,195,4,35
911.356857509,16.82,0,0,195,4,35
911.433584914,16.82,0,0,195,4,35
911.509810617,16.82,0,0,195,4,35
911.586066889,16.82,0,0,195,4,35
911.663114260,16.82,0,0,195,4,35
911.739877252,16.82,0,0,195,4,35
911.816404688,16.82,0,0,195,4,35
911.893075275,16.82,0,0,195,4,35
911.969159080,16.82,0,0,195,4,35
912.046020509,16.82,0,0,195,4,35
912.122704291,16.82,0,0,195,4,35
912.198842408,16.79,0,0,195,4,35
912.275727492,16.79,0,0,195,4,35
912.351756503,16.79,0,0,195,4,35
912.427870054,16.79,0,0,195,4,35
912.504600605,16.79,0,0,195,4,35
912.580819485,16.79,0,0,195,4,35
912.658300399,16.79,0,0,195,4,35
912.735278068,16.79,0,0,195,4,35
912.812181146,16.79,0,0,195,4,35
912.889365327,16.79,0,0,195,4,35
912.966326164,16.79,0,0,195,4,35
913.043190258,16.79,0,0,195,4,35
913.120621768,16.79,0,0,195,4,35
913.197832710,16.89,0,0,195,4,35
913.274443143,16.89,0,0,195,4,35
913.351914809,16.89,0,0,195,4,35
913.429411653,16.89,0,0,195,4,35
913.507347619,16.89,0,0,195,4,35
913.585228241,16.89,0,0,195,4,35
913.663041955,16.89,0,0,195,4,35
913.740137538,16.89,0,0,195,4,35
913.817863737,16.89,0,0,195,4,35
913.895117099,16.89,0,0,195,4,35
913.972395909,16.89,0,0,195,4,35
914.049541146,16.89,0,0,195,4,35
914.126621250,16.89,0,0,195,4,35
914.203732853,16.96,0,0,195,4,35
914.281045648,16.96,0,0,195,4,35
914.358263833,16.96,0,0,195,4,35
914.435640338,16.96,0,0,195,4,35
914.513057852,16.96,0,0,195,4,35
914.590403619,16.96,0,0,195,4,35
914.667640169,16.96,0,0,195,4,35
914.744623660,16.96,0,0,195,4,35
914.821876811,16.96,0,0,195,4,35
914.899389996,16.96,0,0,195,4,35
914.976920133,16.96,0,0,195,4,35
915.053743630,16.96,0,0,195,4,35
915.131158999,16.96,0,0,195,4,35
915.208398195,16.82,0,0,195,4,35
915.285979739,16.82,0,0,195,4,35
915.363276383,16.82,0,0,195,4,35
915.440856435,16.82,0,0,195,4,35
915.517862317,16.82,0,0,195,4,35
915.595728872,16.82,0,0,195,4,35
915.672868218,16.82,0,0,195,4,35
915.750425967,16.82,0,0,195,4,35
915.827445897,16.82,0,0,195,4,35
915.904795842,16.82,0,0,195,4,35
915.982516019,16.82,0,0,195,4,35
916.059921590,16.82,0,0,195,4,35
916.137017333,16.82,0,0,195,4,35
916.214094241,16.81,0,0,195,4,35
916.291910270,16.81,0,0,195,4,35
916.369323154,16.81,0,0,195,4,35
916.448911904,16.81,0,0,195,4,35
916.526588649,16.81,0,0,195,4,35
916.604002205,16.81,0,0,195,4,35
916.682953085,16.81,0,0,195,4,35
916.759902591,16.81,0,0,195,4,35
916.837141867,16.81,0,0,195,4,35
916.914196612,16.81,0,0,195,4,35
916.991125249,16.81,0,0,195,4,35
917.068424127,16.81,0,0,195,4,35
917.146031581,16.81,0,0,195,4,35
917.223029388,16.82,0,0,195,4,35
917.300548895,16.82,0,0,195,4,35
917.377068987,16.82,0,0,195,4,35
917.453099140,16.82,0,0,195,4,35
917.530312146,16.82,0,0,195,4,35
917.607444498,16.82,0,0,195,4,35
917.684371832,16.82,0,0,195,4,35
917.761411439,16.82,0,0,195,4,35
917.838101123,16.82,0,0,195,4,35
917.914771379,16.82,0,0,195,4,35
917.990725027,16.82,0,0,195,4,35
918.067265598,16.82,0,0,195,4,35
918.143610227,16.82,0,0,195,4,35
918.220131461,16.99,0,0,195,4,35
918.296443168,16.99,0,0,195,4,35
918.373136158,16.99,0,0,195,4,35
918.449943173,16.99,0,0,195,4,35
918.526515134,16.99,0,0,195,4,35
918.603345795,16.99,0,0,195,4,35
918.682111745,16.99,0,0,195,4,35
918.759010114,16.99,0,0,195,4,35
918.836303622,16.99,0,0,195,4,35
918.913467875,16.99,0,0,195,4,35
918.990505789,16.99,0,0,195,4,35
919.067579991,16.99,0,0,195,4,35
919.144280255,16.99,0,0,195,4,35
919.221309802,16.91,0,0,195,4,35
919.298081772,16.91,0,0,195,4,35
919.375133281,16.91,0,0,195,4,35
919.455391120,16.91,0,0,195,4,35
919.532271325,16.91,0,0,195,4,35
919.609286906,16.91,0,0,195,4,35
919.686155559,16.91,0,0,195,4,35
919.763227938,16.91,0,0,195,4,35
919.840303012,16.91,0,0,195,4,35
919.917376333,16.91,0,0,195,4,35
919.994940585,16.91,0,0,195,4,35
920.071994779,16.91,0,0,195,4,35
920.148939897,16.91,0,0,195,4,35
920.225984353,16.97,0,0,195,4,35
920.303081549,16.97,0,0,195,4,35
920.380207370,16.97,0,0,195,4,35
920.457581501,16.97,0,0,195,4,35
920.535361371,16.97,0,0,195,4,35
920.612315556,16.97,0,0,195,4,35
920.689030528,16.97,0,0,195,4,35
920.766125730,16.97,0,0,195,4,35
920.843210142,16.97,0,0,195,4,35
920.920199604,16.97,0,0,195,4,35
920.997539560,16.97,0,0,195,4,35
921.074477354,16.97,0,0,195,4,35
921.151192325,16.97,0,0,195,4,35
921.228132404,16.76,0,0,195,4,35
921.305452262,16.76,0,0,195,4,35
921.382272603,16.76,0,0,195,4,35
921.459212742,16.76,0,0,195,4,35
921.536789677,16.76,0,0,195,4,35
921.615180476,16.76,0,0,195,4,35
921.692726794,16.76,0,0,187,4,35
921.769968244,16.76,0,0,187,4,35
921.847326144,16.76,0,0,187,4,35
921.924673885,16.76,0,0,187,4,35
922.001736806,16.76,0,0,187,4,35
922.079632687,16.76,0,0,187,4,35
922.157306336,16.76,0,0,187,4,35
922.235240449,16.69,0,0,187,4,35
922.314772622,16.69,0,0,187,4,35
922.391980688,16.69,0,0,187,4,35
922.469319312,16.69,0,0,187,4,35
922.546361284,16.69,0,0,187,4,35
922.623731578,16.69,0,0,187,4,35
922.700882015,16.69,0,0,195,4,35
922.777907425,16.69,0,0,195,4,35
922.855583268,16.69,0,0,195,4,35
922.933135638,16.69,0,0,195,4,35
923.010159585,16.69,0,0,195,4,35
923.086923489,16.69,0,0,195,4,35
923.164186800,16.69,0,0,195,4,35
923.241553527,16.72,0,0,195,4,35
923.317918195,16.72,0,0,195,4,35
923.395259343,16.72,0,0,195,4,35
923.472546770,16.72,0,0,195,4,35
923.549506065,16.72,0,0,195,4,35
923.626855780,16.72,0,0,195,4,35
923.704921683,16.72,0,0,195,4,35
923.781814602,16.72,0,0,195,4,35
923.858776101,16.72,0,0,195,4,35
923.934865937,16.72,0,0,195,4,35
924.011459037,16.72,0,0,195,4,35
924.087684691,16.72,0,0,195,4,35
924.163712640,16.72,0,0,195,4,35
924.239958212,16.91,0,0,195,4,35
924.316513771,16.91,0,0,195,4,35
924.392730558,16.91,0,0,195,4,35
924.469150951,16.91,0,0,195,4,35
924.546602579,16.91,0,0,195,4,35
924.623875939,16.91,0,0,195,4,35
924.702963128,16.91,0,0,195,4,35
924.780529544,16.91,0,0,195,4,35
924.857664542,16.91,0,0,195,4,35
924.935599597,16.91,0,0,195,4,35
925.013428301,16.91,0,0,195,4,35
925.090817190,16.91,0,0,195,4,35
925.168449831,16.91,0,0,195,4,35
925.246165430,16.97,0,0,195,4,35
925.323480028,16.97,0,0,195,4,35
925.400505709,16.97,0,0,195,4,35
925.477481675,16.97,0,0,195,4,35
925.554815711,16.97,0,0,195,4,35
925.631639799,16.97,0,0,195,4,35
925.709098481,16.97,0,0,195,4,35
925.786268936,16.97,0,0,195,4,35
925.863420596,16.97,0,0,195,4,35
925.940950352,16.97,0,0,195,4,35
926.017921780,16.97,0,0,195,4,35
926.094451961,16.97,0,0,195,4,35
926.171266722,16.97,0,0,195,4,35
926.248345343,16.90,0,0,195,4,35
926.325387374,16.90,0,0,195,4,35
926.402530388,16.90,0,0,195,4,35
926.480426448,16.90,0,0,195,4,35
926.557280223,16.90,0,0,195,4,35
926.634597937,16.90,0,0,195,4,35
926.711703680,16.90,0,0,195,4,35
926.788886008,16.90,0,0,195,4,35
926.865878335,16.90,0,0,195,4,35
926.943370851,16.90,0,0,195,4,35
927.020566964,16.90,0,0,195,4,35
927.098003184,16.90,0,0,195,4,35
927.174863130,16.90,0,0,195,4,35
927.252402344,16.76,0,0,195,4,35
927.329159817,16.76,0,0,195,4,35
927.407914746,16.76,0,0,195,4,35
927.485812720,16.76,0,0,195,4,35
927.563298634,16.76,0,0,195,4,35
927.640177827,16.76,0,0,195,4,35
927.717867606,16.76,0,0,195,4,35
927.795486151,16.76,0,0,195,4,35
927.873295788,16.76,0,0,195,4,35
927.950938128,16.76,0,0,195,4,35
928.028045544,16.76,0,0,195,4,35
928.105060524,16.76,0,0,195,4,35
928.183028972,16.76,0,0,195,4,35
928.259859764,16.81,0,0,195,4,35
928.337069263,16.81,0,0,195,4,35
928.414350037,16.81,0,0,195,4,35
928.493900224,16.81,0,0,195,4,35
928.572226351,16.81,0,0,195,4,35
928.649633124,16.81,0,0,195,4,35
928.727321461,16.81,0,0,195,4,35
928.804244437,16.81,0,0,195,4,35
928.881461260,16.81,0,0,195,4,35
928.958434702,16.81,0,0,195,4,35
929.034913616,16.81,0,0,195,4,35
929.111688691,16.81,0,0,195,4,35
929.188723810,16.89,0,0,195,4,35
929.265208154,16.89,0,0,195,4,35
929.341954516,16.89,0,0,195,4,35
929.419136202,16.89,0,0,195,4,35
929.496373424,16.89,0,0,195,4,35
929.573936544,16.89,0,0,195,4,35
929.651173355,16.89,0,0,195,4,35
929.727274643,16.89,0,0,195,4,35
929.802695130,16.89,0,0,195,4,35
929.878428280,16.89,0,0,195,4,35
929.955020830,16.89,0,0,195,4,35
930.031219853,16.89,0,0,195,4,35
930.107554463,16.89,0,0,195,4,35
930.186046645,16.89,0,0,195,4,35
930.262760404,16.89,0,0,195,4,35
930.339037265,16.89,0,0,195,4,35
930.415480101,16.89,0,0,195,4,35
930.492975081,16.89,0,0,195,4,35
930.570364321,16.89,0,0,195,4,35
930.647022896,16.89,0,0,195,4,35
930.724316865,16.89,0,0,195,4,35
930.801245773,16.89,0,0,195,4,35
930.878033873,16.89,0,0,195,4,35
930.955912892,16.89,0,0,195,4,35
931.033065032,16.89,0,0,195,4,35
931.110494809,16.89,0,0,195,4,35
931.189428337,16.84,0,0,195,4,35
931.267318858,16.84,0,0,195,4,35
931.344788160,16.84,0,0,195,4,35
931.422484532,16.84,0,0,195,4,35
931.500231460,16.84,0,0,195,4,35
931.577542592,16.84,0,0,195,4,35
931.654668073,16.84,0,0,195,4,35
931.731734891,16.84,0,0,195,4,35
931.808638641,16.84,0,0,195,4,35
931.885995149,16.84,0,0,195,4,35
931.963342539,16.84,0,0,195,4,35
932.040950104,16.84,0,0,195,4,35
932.118497874,16.84,0,0,195,4,35
932.195102627,16.93,0,0,195,4,35
932.273163951,16.93,0,0,195,4,35
932.350016404,16.93,0,0,195,4,35
932.427651791,16.93,0,0,195,4,35
932.505341019,16.93,0,0,195,4,35
932.583008106,16.93,0,0,195,4,35
932.660707094,16.93,0,0,195,4,35
932.738087537,16.93,0,0,195,4,35
932.815228106,16.93,0,0,195,4,35
932.892029822,16.93,0,0,195,4,35
932.968977244,16.93,0,0,195,4,35
933.046201792,16.93,0,0,195,4,35
933.123523825,16.93,0,0,195,4,35
933.200659634,16.96,0,0,195,4,35
933.277801986,16.96,0,0,195,4,35
933.354595046,16.96,0,0,195,4,35
933.431547208,16.96,0,0,195,4,35
933.509076213,16.96,0,0,195,4,35
933.585830028,16.96,0,0,195,4,35
933.662995975,16.96,0,0,195,4,35
933.740501175,16.96,0,0,195,4,35
933.817893270,16.96,0,0,195,4,35
933.895280747,16.96,0,0,195,4,35
933.972767913,16.96,0,0,195,4,35
934.050638666,16.96,0,0,195,4,35
934.131538051,16.96,0,0,195,4,35
934.209386522,17.84,0,0,195,4,35
934.286756486,17.84,0,0,195,4,35
934.363428757,17.84,0,0,195,4,35
934.441122955,17.84,0,0,195,4,35
934.518223778,17.84,0,0,195,4,35
934.594814865,17.84,0,0,195,4,35
934.672113453,17.84,0,0,195,4,35
934.749066246,17.84,0,0,187,4,35
934.826481185,17.84,0,0,187,4,35
934.903255048,17.84,0,0,187,4,35
934.980375829,17.84,0,0,187,4,35
935.057477514,17.84,0,0,187,4,35
935.134552639,17.84,0,0,187,4,35
935.211601494,17.53,0,0,187,4,35
935.289228104,17.53,0,0,187,4,35
935.366932121,17.53,0,0,187,4,35
935.444806281,17.53,0,0,187,4,35
935.522043072,17.53,0,0,187,4,35
935.598399023,17.53,0,0,187,4,35
935.674870423,17.53,0,0,187,4,35
935.751773912,17.53,0,0,195,4,35
935.828533568,17.53,0,0,195,4,35
935.904573420,17.53,0,0,195,4,35
935.980763437,17.53,0,0,195,4,35
936.058970077,17.53,0,0,195,4,35
936.135791060,17.53,0,0,195,4,35
936.212541288,16.82,0,0,195,4,35
936.288950941,16.82,0,0,195,4,35
936.365920676,16.82,0,0,195,4,35
936.442669492,16.82,0,0,195,4,35
936.520278539,16.82,0,0,195,4,35
936.597298479,16.82,0,0,195,4,35
936.674122227,16.82,0,0,195,4,35
936.750948620,16.82,0,0,195,4,35
936.827727863,16.82,0,0,195,4,35
936.904692148,16.82,0,0,195,4,35
936.981763065,16.82,0,0,195,4,35
937.059439049,16.82,0,0,195,4,35
937.136670700,16.82,0,0,195,4,35
937.214148498,16.78,0,0,195,4,35
937.291431036,16.78,0,0,195,4,35
937.368026862,16.78,0,0,195,4,35
937.445659714,16.78,0,0,195,4,35
937.522057695,16.78,0,0,195,4,35
937.600011305,16.78,0,0,195,4,35
937.676924613,16.78,0,0,195,4,35
937.753899628,16.78,0,0,195,4,35
937.831181685,16.78,0,0,195,4,35
937.908359615,16.78,0,0,195,4,35
937.985987768,16.78,0,0,195,4,35
938.063231161,16.78,0,0,195,4,35
938.140420132,16.78,0,0,195,4,35
938.217814873,16.85,0,0,195,4,35
938.296515900,16.85,0,0,195,4,35
938.373926521,16.85,0,0,195,4,35
938.451513566,16.85,0,0,195,4,35
938.528225933,16.85,0,0,195,4,35
938.605075790,16.85,0,0,195,4,35
938.682056386,16.85,0,0,195,4,35
938.759302294,16.85,0,0,195,4,35
938.837121580,16.85,0,0,195,4,35
938.914259554,16.85,0,0,195,4,35
938.992998463,16.85,0,0,195,4,35
939.070020277,16.85,0,0,195,4,35
939.147040447,16.85,0,0,195,4,35
939.224909807,16.87,0,0,195,4,35
939.302366496,16.87,0,0,195,4,35
939.379206645,16.87,0,0,195,4,35
939.456210765,16.87,0,0,195,4,35
939.533451093,16.87,0,0,195,4,35
939.610842728,16.87,0,0,195,4,35
939.689603548,16.87,0,0,195,4,35
939.766457063,16.87,0,0,195,4,35
939.843483996,16.87,0,0,195,4,35
939.920343412,16.87,0,0,195,4,35
939.997888518,16.87,0,0,195,4,35
940.075111623,16.87,0,0,195,4,35
940.152151381,16.87,0,0,195,4,35
940.229510414,16.87,0,0,195,4,35
940.306538008,16.87,0,0,195,4,35
940.383867465,16.87,0,0,195,4,35
940.460935657,16.87,0,0,195,4,35
940.538220028,16.87,0,0,195,4,35
940.615513827,16.87,0,0,195,4,35
940.693175935,16.87,0,0,195,4,35
940.770153395,16.87,0,0,195,4,35
940.846865631,16.87,0,0,195,4,35
940.923923473,16.87,0,0,195,4,35
941.000869453,16.87,0,0,195,4,35
941.078236682,16.87,0,0,195,4,35
941.155239229,16.87,0,0,195,4,35
941.232342297,16.78,0,0,195,4,35
941.309479559,16.78,0,0,195,4,35
941.386671896,16.78,0,0,195,4,35
941.463716483,16.78,0,0,195,4,35
941.540290217,16.78,0,0,195,4,35
941.616717133,16.78,0,0,195,4,35
941.693817626,16.78,0,0,195,4,35
941.770199666,16.78,0,0,195,4,35
941.846241873,16.78,0,0,195,4,35
941.923075319,16.78,0,0,195,4,35
941.999119219,16.78,0,0,195,4,35
942.075537137,16.78,0,0,195,4,35
942.151582480,16.78,0,0,195,4,35
942.229237674,16.82,0,0,195,4,35
942.306437035,16.82,0,0,195,4,35
942.383654519,16.82,0,0,195,4,35
942.461258387,16.82,0,0,195,4,35
942.538187354,16.82,0,0,195,4,35
942.615721890,16.82,0,0,195,4,35
942.693701420,16.82,0,0,195,4,35
942.770926379,16.82,0,0,195,4,35
942.847987657,16.82,0,0,195,4,35
942.925038395,16.82,0,0,195,4,35
943.002029571,16.82,0,0,195,4,35
943.079415405,16.82,0,0,195,4,35
943.156553449,16.82,0,0,195,4,35
943.233980070,16.72,0,0,195,4,35
943.313388328,16.72,0,0,195,4,35
943.390992025,16.72,0,0,195,4,35
943.468261318,16.72,0,0,195,4,35
943.545617666,16.72,0,0,195,4,35
943.623687186,16.72,0,0,195,4,35
943.701583087,16.72,0,0,195,4,35
943.778800512,16.72,0,0,195,4,35
943.855796256,16.72,0,0,195,4,35
943.933010445,16.72,0,0,195,4,35
944.009982875,16.72,0,0,195,4,35
944.087164271,16.72,0,0,195,4,35
944.164192778,16.72,0,0,195,4,35
944.241245981,16.58,0,0,195,4,35
944.318039833,16.58,0,0,195,4,35
944.394980853,16.58,0,0,195,4,35
944.472483819,16.58,0,0,195,4,35
944.549595373,16.58,0,0,195,4,35
944.626948736,16.58,0,0,195,4,35
944.706061353,16.58,0,0,195,4,35
944.783799145,16.58,0,0,195,4,35
944.860863559,16.58,0,0,195,4,35
944.938142961,16.58,0,0,195,4,35
945.015416943,16.58,0,0,195,4,35
945.092599211,16.58,0,0,195,4,35
945.170199682,16.58,0,0,195,4,35
945.247267162,16.67,0,0,195,4,35
945.324361183,16.67,0,0,195,4,35
945.401404678,16.67,0,0,195,4,35
945.478192538,16.67,0,0,195,4,35
945.555481328,16.67,0,0,195,4,35
945.632017711,16.67,0,0,195,4,35
945.709103155,16.67,0,0,195,4,35
945.786159024,16.67,0,0,195,4,35
945.863319631,16.67,0,0,195,4,35
945.940218682,16.67,0,0,195,4,35
946.017709945,16.67,0,0,195,4,35
946.094828593,16.67,0,0,195,4,35
946.171958101,16.67,0,0,195,4,35
946.248815463,16.53,0,0,195,4,35
946.325826606,16.53,0,0,195,4,35
946.402675392,16.53,0,0,195,4,35
946.479174405,16.53,0,0,195,4,35
946.556475758,16.53,0,0,195,4,35
946.633836966,16.53,0,0,195,4,35
946.710837469,16.53,0,0,195,4,35
946.788776863,16.53,0,0,195,4,35
946.865528825,16.53,0,0,195,4,35
946.942204151,16.53,0,0,195,4,35
947.018901911,16.53,0,0,195,4,35
947.096302793,16.53,0,0,195,4,35
947.173832971,16.53,0,0,195,4,35
947.251219426,16.67,0,0,195,4,35
947.328180274,16.67,0,0,195,4,35
947.404926456,16.67,0,0,195,4,35
947.481929334,16.67,0,0,195,4,35
947.557953867,16.67,0,0,195,4,35
947.634207344,16.67,0,0,195,4,35
947.710834239,16.67,0,0,195,4,35
947.787013625,16.67,0,0,195,4,35
947.863754837,16.67,0,0,195,4,35
947.939560596,16.67,0,0,195,4,35
948.017429225,16.67,0,0,195,4,35
948.094374885,16.67,0,0,195,4,35
948.171621935,16.67,0,0,195,4,35
948.248537147,16.88,0,0,195,4,35
948.326105477,16.88,0,0,195,4,35
948.403449912,16.88,0,0,195,4,35
948.481220776,16.88,0,0,195,4,35
948.558718913,16.88,0,0,195,4,35
948.636639972,16.88,0,0,195,4,35
948.713724675,16.88,0,0,195,4,35
948.790996082,16.88,0,0,195,4,35
948.868244346,16.88,0,0,195,4,35
948.944660672,16.88,0,0,195,4,35
949.021709326,16.88,0,0,195,4,35
949.098814328,16.88,0,0,195,4,35
949.176626470,16.88,0,0,195,4,35
949.253971527,16.92,0,0,195,4,35
949.331679972,16.92,0,0,195,4,35
949.408974133,16.92,0,0,195,4,35
949.487165935,16.92,0,0,195,4,35
949.564154004,16.92,0,0,195,4,35
949.641277681,16.92,0,0,195,4,35
949.718375830,16.92,0,0,195,4,35
949.795403906,16.92,0,0,195,4,35
949.872681885,16.92,0,0,195,4,35
949.949873591,16.92,0,0,195,4,35
950.026804082,16.92,0,0,195,4,35
950.104387151,16.92,0,0,195,4,35
950.181178457,16.92,0,0,195,4,35
950.258396223,17.01,0,0,195,4,35
950.335388090,17.01,0,0,195,4,35
950.411984217,17.01,0,0,195,4,35
950.489020247,17.01,0,0,195,4,35
950.566047481,17.01,0,0,195,4,35
950.643480986,17.01,0,0,195,4,35
950.720913879,17.01,0,0,195,4,35
950.798167452,17.01,0,0,195,4,35
950.875039202,17.01,0,0,195,4,35
950.952717791,17.01,0,0,195,4,35
951.030069801,17.01,0,0,195,4,35
951.107314387,17.01,0,0,195,4,35
951.184612625,17.01,0,0,195,4,35
951.261408831,16.79,0,0,195,4,35
951.338784366,16.79,0,0,195,4,35
951.416066313,16.79,0,0,195,4,35
951.493352969,16.79,0,0,195,4,35
951.570525188,16.79,0,0,195,4,35
951.651307031,16.79,0,0,195,4,35
951.728926368,16.79,0,0,195,4,35
951.805899800,16.79,0,0,195,4,35
951.883239697,16.79,0,0,195,4,35
951.960877138,16.79,0,0,195,4,35
952.039002725,16.79,0,0,195,4,35
952.116102236,16.79,0,0,195,4,35
952.194735445,16.79,0,0,195,4,35
952.271705261,16.85,0,0,195,4,35
952.348785105,16.85,0,0,195,4,35
952.426365728,16.85,0,0,195,4,35
952.503261252,16.85,0,0,195,4,35
952.580901238,16.85,0,0,195,4,35
952.657954131,16.85,0,0,195,4,35
952.734817274,16.85,0,0,195,4,35
952.811954657,16.85,0,0,195,4,35
952.888658138,16.85,0,0,195,4,35
952.965720288,16.85,0,0,195,4,35
953.042482249,16.85,0,0,195,4,35
953.119877571,16.85,0,0,195,4,35
953.197930250,16.90,0,0,195,4,35
953.274700096,16.90,0,0,195,4,35
953.351411451,16.90,0,0,195,4,35
953.428568793,16.90,0,0,195,4,35
953.505050022,16.90,0,0,195,4,35
953.581591916,16.90,0,0,195,4,35
953.658717136,16.90,0,0,195,4,35
953.736059307,16.90,0,0,195,4,35
953.812160225,16.90,0,0,195,4,35
953.890545875,16.90,0,0,195,4,35
953.967689449,16.90,0,0,195,4,35
954.044908547,16.90,0,0,195,4,35
954.122048455,16.90,0,0,195,4,35
954.199394454,16.82,0,0,195,4,35
954.276295529,16.82,0,0,195,4,35
954.353962336,16.82,0,0,195,4,35
954.431202063,16.82,0,0,195,4,35
954.509049422,16.82,0,0,195,4,35
954.586118215,16.82,0,0,195,4,35
954.663214019,16.82,0,0,195,4,35
954.740371220,16.82,0,0,195,4,35
954.817400398,16.82,0,0,195,4,35
954.895115857,16.82,0,0,195,4,35
954.972579859,16.82,0,0,195,4,35
955.049998395,16.82,0,0,195,4,35
955.127135778,16.82,0,0,195,4,35
955.205151837,16.83,0,0,195,4,35
955.281793290,16.83,0,0,195,4,35
955.358428731,16.83,0,0,195,4,35
955.435673448,16.83,0,0,195,4,35
955.513227742,16.83,0,0,195,4,35
955.590534987,16.83,0,0,195,4,35
955.667752512,16.83,0,0,195,4,35
955.745459154,16.83,0,0,195,4,35
955.823013268,16.83,0,0,195,4,35
955.900489353,16.83,0,0,195,4,35
955.977726806,16.83,0,0,195,4,35
956.054914494,16.83,0,0,195,4,35
956.132383045,16.83,0,0,195,4,35
956.211585874,16.76,0,0,195,4,35
956.289085905,16.76,0,0,195,4,35
956.367072789,16.76,0,0,195,4,35
956.444345438,16.76,0,0,195,4,35
956.522954662,16.76,0,0,195,4,35
956.600719856,16.76,0,0,195,4,35
956.677386456,16.76,0,0,195,4,35
956.754464136,16.76,0,0,195,4,35
956.831817679,16.76,0,0,195,4,35
956.909558386,16.76,0,0,195,4,35
956.986948779,16.76,0,0,195,4,35
957.063817172,16.76,0,0,195,4,35
957.140818006,16.76,0,0,195,4,35
957.219200841,16.80,0,0,195,4,35
957.296793056,16.80,0,0,195,4,35
957.374318846,16.80,0,0,195,4,35
957.451990723,16.80,0,0,195,4,35
957.529858911,16.80,0,0,195,4,35
957.607765222,16.80,0,0,195,4,35
957.685592954,16.80,0,0,195,4,35
957.763041267,16.80,0,0,195,4,35
957.840453011,16.80,0,0,195,4,35
957.917895001,16.80,0,0,195,4,35
957.995677658,16.80,0,0,195,4,35
958.072758043,16.80,0,0,195,4,35
958.149913761,16.80,0,0,195,4,35
958.227306588,16.91,0,0,195,4,35
958.304415618,16.91,0,0,195,4,35
958.381972076,16.91,0,0,195,4,35
958.458792808,16.91,0,0,195,4,35
958.536158074,16.91,0,0,195,4,35
958.613035303,16.91,0,0,195,4,35
958.690262627,16.91,0,0,195,4,35
958.766656591,16.91,0,0,195,4,35
958.843594987,16.91,0,0,195,4,35
958.921301499,16.91,0,0,195,4,35
958.997967088,16.91,0,0,195,4,35
959.074676078,16.91,0,0,195,4,35
959.151988704,16.91,0,0,195,4,35
959.228993586,16.86,0,0,195,4,35
959.305603449,16.86,0,0,195,4,35
959.381947438,16.86,0,0,195,4,35
959.457944469,16.86,0,0,195,4,35
959.533929958,16.86,0,0,195,4,35
959.610242267,16.86,0,0,195,4,35
959.686395925,16.86,0,0,195,4,35
959.762607112,16.86,0,0,195,4,35
959.839308459,16.86,0,0,195,4,35
959.916419171,16.86,0,0,195,4,35
959.993154522,16.86,0,0,195,4,35
960.070362960,16.86,0,0,195,4,35
960.147157243,16.86,0,0,195,4,35
960.224288985,16.64,0,0,195,4,35
960.301117974,16.64,0,0,195,4,35
960.378423586,16.64,0,0,195,4,35
960.455897467,16.64,0,0,195,4,35
960.532998491,16.64,0,0,195,4,35
960.609955092,16.64,0,0,195,4,35
960.687131078,16.64,0,0,195,4,35
960.764306183,16.64,0,0,187,4,35
960.841866618,16.64,0,0,187,4,35
960.918519854,16.64,0,0,187,4,35
960.995420128,16.64,0,0,187,4,35
961.072159226,16.64,0,0,187,4,35
961.149318440,16.64,0,0,187,4,35
961.226440955,16.61,0,0,187,4,35
961.304059501,16.61,0,0,187,4,35
961.380961788,16.61,0,0,187,4,35
961.458040440,16.61,0,0,187,4,35
961.535100326,16.61,0,0,187,4,35
961.612293275,16.61,0,0,187,4,35
961.688856700,16.61,0,0,187,4,35
961.766004623,16.61,0,0,195,4,35
961.843019514,16.61,0,0,195,4,35
961.920086544,16.61,0,0,195,4,35
961.996958323,16.61,0,0,195,4,35
962.074201668,16.61,0,0,195,4,35
962.151110608,16.61,0,0,195,4,35
962.228451817,16.70,0,0,195,4,35
962.305716121,16.70,0,0,195,4,35
962.382963844,16.70,0,0,195,4,35
962.460546371,16.70,0,0,195,4,35
962.537741895,16.70,0,0,195,4,35
962.614992813,16.70,0,0,195,4,35
962.692514505,16.70,0,0,195,4,35
962.770180050,16.70,0,0,195,4,35
962.847302895,16.70,0,0,195,4,35
962.924353454,16.70,0,0,195,4,35
963.001656461,16.70,0,0,195,4,35
963.079594473,16.70,0,0,195,4,35
963.158307684,16.70,0,0,195,4,35
963.235252602,16.79,0,0,195,4,35
963.312625221,16.79,0,0,195,4,35
963.389718130,16.79,0,0,195,4,35
963.467209354,16.79,0,0,195,4,35
963.544480491,16.79,0,0,195,4,35
963.621892766,16.79,0,0,195,4,35
963.701145500,16.79,0,0,195,4,35
963.778526054,16.79,0,0,195,4,35
963.855966342,16.79,0,0,195,4,35
963.933379668,16.79,0,0,195,4,35
964.010665423,16.79,0,0,195,4,35
964.087213338,16.79,0,0,195,4,35
964.164506457,16.79,0,0,195,4,35
964.241693424,16.93,0,0,195,4,35
964.319224033,16.93,0,0,195,4,35
964.396307694,16.93,0,0,195,4,35
964.473468943,16.93,0,0,195,4,35
964.551021103,16.93,0,0,195,4,35
964.627975599,16.93,0,0,195,4,35
964.704583258,16.93,0,0,195,4,35
964.781904179,16.93,0,0,195,4,35
964.858566933,16.93,0,0,195,4,35
964.935472566,16.93,0,0,195,4,35
965.012486556,16.93,0,0,195,4,35
965.089726524,16.93,0,0,195,4,35
965.167700673,16.93,0,0,195,4,35
965.244480228,17.05,0,0,195,4,35
965.320991004,17.05,0,0,195,4,35
965.398020853,17.05,0,0,195,4,35
965.474741917,17.05,0,0,195,4,35
965.551969952,17.05,0,0,195,4,35
965.628329591,17.05,0,0,195,4,35
965.704355547,17.05,0,0,195,4,35
965.780730605,17.05,0,0,195,4,35
965.856684514,17.05,0,0,195,4,35
965.932396195,17.05,0,0,195,4,35
966.009597619,17.05,0,0,195,4,35
966.087175648,17.05,0,0,195,4,35
966.164047809,17.05,0,0,195,4,35
966.241940955,16.74,0,0,195,4,35
966.319815987,16.74,0,0,195,4,35
966.396752800,16.74,0,0,195,4,35
966.474007546,16.74,0,0,195,4,35
966.551023960,16.74,0,0,195,4,35
966.627673488,16.74,0,0,195,4,35
966.704314270,16.74,0,0,195,4,35
966.781033169,16.74,0,0,195,4,35
966.859221185,16.74,0,0,195,4,35
966.936223602,16.74,0,0,195,4,35
967.013291193,16.74,0,0,195,4,35
967.090981886,16.74,0,0,195,4,35
967.168675854,16.74,0,0,195,4,35
967.245846070,16.65,0,0,195,4,35
967.324048222,16.65,0,0,195,4,35
967.401364354,16.65,0,0,195,4,35
967.490344973,16.65,0,0,195,4,35
967.566736702,16.65,0,0,195,4,35
967.643131007,16.65,0,0,195,4,35
967.719822084,16.65,0,0,195,4,35
967.796689054,16.65,0,0,195,4,35
967.873402213,16.65,0,0,195,4,35
967.951175904,16.65,0,0,195,4,35
968.027896036,16.65,0,0,195,4,35
968.104715416,16.65,0,0,195,4,35
968.181875904,16.65,0,0,195,4,35
968.259860293,16.75,0,0,195,4,35
968.336631382,16.75,0,0,195,4,35
968.412849452,16.75,0,0,195,4,35
968.490223915,16.75,0,0,195,4,35
968.567941438,16.75,0,0,195,4,35
968.645142853,16.75,0,0,195,4,35
968.722365859,16.75,0,0,195,4,35
968.800133497,16.75,0,0,195,4,35
968.877105357,16.75,0,0,195,4,35
968.954432820,16.75,0,0,195,4,35
969.031650326,16.75,0,0,195,4,35
969.108580727,16.75,0,0,195,4,35
969.185546114,16.75,0,0,195,4,35
969.263189687,16.63,0,0,195,4,35
969.340161747,16.63,0,0,195,4,35
969.417299561,16.63,0,0,195,4,35
969.494926262,16.63,0,0,195,4,35
969.571951573,16.63,0,0,195,4,35
969.649362846,16.63,0,0,195,4,35
969.729659820,16.63,0,0,195,4,35
969.809638711,16.63,0,0,195,4,35
969.890488713,16.63,0,0,195,4,35
969.970115296,16.63,0,0,195,4,35
970.048745220,16.63,0,0,195,4,35
970.126781307,16.63,0,0,195,4,35
970.205585300,16.64,0,0,195,4,35
970.284730901,16.64,0,0,195,4,35
970.363092907,16.64,0,0,195,4,35
970.442332546,16.64,0,0,195,4,35
970.521376134,16.64,0,0,195,4,35
970.600609301,16.64,0,0,195,4,35
970.679341678,16.64,0,0,195,4,35
970.756649374,16.64,0,0,195,4,35
970.834058503,16.64,0,0,195,4,35
970.912705479,16.64,0,0,195,4,35
970.989723396,16.64,0,0,195,4,35
971.069195947,16.64,0,0,195,4,35
971.148685901,16.64,0,0,195,4,35
971.227809570,16.72,0,0,195,4,35
971.306711579,16.72,0,0,195,4,35
971.385628176,16.72,0,0,195,4,35
971.464130557,16.72,0,0,195,4,35
971.543290025,16.72,0,0,195,4,35
971.619796803,16.72,0,0,195,4,35
971.697029386,16.72,0,0,195,4,35
971.773132148,16.72,0,0,195,4,35
971.850028184,16.72,0,0,195,4,35
971.926041376,16.72,0,0,195,4,35
972.002840769,16.72,0,0,195,4,35
972.080176568,16.72,0,0,195,4,35
972.156602463,16.72,0,0,195,4,35
972.233348243,16.88,0,0,195,4,35
972.310244410,16.88,0,0,195,4,35
972.386829245,16.88,0,0,195,4,35
972.464112375,16.88,0,0,195,4,35
972.540775790,16.88,0,0,195,4,35
972.616946100,16.88,0,0,195,4,35
972.693777373,16.88,0,0,195,4,35
972.771027580,16.88,0,0,195,4,35
972.847038929,16.88,0,0,195,4,35
972.923719967,16.88,0,0,195,4,35
972.999939480,16.88,0,0,195,4,35
973.077407410,16.88,0,0,195,4,35
973.154396492,16.88,0,0,195,4,35
973.231767539,16.99,0,0,195,4,35
973.310482554,16.99,0,0,195,4,35
973.387903675,16.99,0,0,195,4,35
973.465324426,16.99,0,0,195,4,35
973.542769483,16.99,0,0,195,4,35
973.620100023,16.99,0,0,195,4,35
973.698086817,16.99,0,0,195,4,35
973.774916497,16.99,0,0,195,4,35
973.852214615,16.99,0,0,195,4,35
973.930001830,16.99,0,0,195,4,35
974.007287255,16.99,0,0,195,4,35
974.084933783,16.99,0,0,195,4,35
974.162039437,16.99,0,0,195,4,35
974.239249408,17.00,0,0,195,4,35
974.317174134,17.00,0,0,195,4,35
974.393901570,17.00,0,0,195,4,35
974.471115219,17.00,0,0,195,4,35
974.548898487,17.00,0,0,195,4,35
974.625620152,17.00,0,0,195,4,35
974.704966614,17.00,0,0,195,4,35
974.782013065,17.00,0,0,195,4,35
974.859629707,17.00,0,0,195,4,35
974.937062030,17.00,0,0,195,4,35
975.014529179,17.00,0,0,195,4,35
975.091793653,17.00,0,0,195,4,35
975.169445081,17.00,0,0,195,4,35
975.246656756,16.85,0,0,195,4,35
975.324460192,16.85,0,0,195,4,35
975.402140815,16.85,0,0,195,4,35
975.479570573,16.85,0,0,195,4,35
975.557080784,16.85,0,0,195,4,35
975.635059212,16.85,0,0,195,4,35
975.713075893,16.85,0,0,195,4,35
975.790539534,16.85,0,0,195,4,35
975.868742699,16.85,0,0,195,4,35
975.946199458,16.85,0,0,195,4,35
976.023823444,16.85,0,0,195,4,35
976.101804817,16.85,0,0,195,4,35
976.178973059,16.85,0,0,195,4,35
976.256240920,16.47,0,0,195,4,35
976.333366291,16.47,0,0,195,4,35
976.410633491,16.47,0,0,195,4,35
976.487541249,16.47,0,0,195,4,35
976.564602889,16.47,0,0,195,4,35
976.643002255,16.47,0,0,195,4,35
976.720430219,16.47,0,0,195,4,35
976.797940460,16.47,0,0,195,4,35
976.875318750,16.47,0,0,195,4,35
976.952048030,16.47,0,0,195,4,35
977.029019088,16.47,0,0,195,4,35
977.105610206,16.47,0,0,195,4,35
977.181768533,16.47,0,0,195,4,35
977.258478947,16.56,0,0,195,4,35
977.336125276,16.56,0,0,195,4,35
977.413199179,16.56,0,0,195,4,35
977.489691279,16.56,0,0,195,4,35
977.567284818,16.56,0,0,195,4,35
977.644365834,16.56,0,0,195,4,35
977.721159376,16.56,0,0,195,4,35
977.798220826,16.56,0,0,195,4,35
977.875117834,16.56,0,0,195,4,35
977.952295654,16.56,0,0,195,4,35
978.029406357,16.56,0,0,195,4,35
978.107186870,16.56,0,0,195,4,35
978.184332479,16.56,0,0,195,4,35
978.261800149,16.93,0,0,195,4,35
978.339183579,16.93,0,0,195,4,35
978.416408749,16.93,0,0,195,4,35
978.494117055,16.93,0,0,195,4,35
978.573183376,16.93,0,0,195,4,35
978.650856695,16.93,0,0,195,4,35
978.728669179,16.93,0,0,195,4,35
978.805930688,16.93,0,0,195,4,35
978.882985605,16.93,0,0,195,4,35
978.960192020,16.93,0,0,195,4,35
979.037165703,16.93,0,0,195,4,35
979.114498016,16.93,0,0,195,4,35
979.191563273,16.93,0,0,195,4,35
979.269543274,16.87,0,0,195,4,35
979.346795295,16.87,0,0,195,4,35
979.423938660,16.87,0,0,195,4,35
979.500851989,16.87,0,0,195,4,35
979.578141591,16.87,0,0,195,4,35
979.656417774,16.87,0,0,195,4,35
979.734019468,16.87,0,0,195,4,35
979.811324870,16.87,0,0,195,4,35
979.888500276,16.87,0,0,195,4,35
979.966286640,16.87,0,0,195,4,35
980.043371895,16.87,0,0,195,4,35
980.120498177,16.87,0,0,195,4,35
980.197640270,16.87,0,0,195,4,35
980.275649677,16.97,0,0,195,4,35
980.353311064,16.97,0,0,195,4,35
980.430199385,16.97,0,0,195,4,35
980.507800278,16.97,0,0,195,4,35
980.585527359,16.97,0,0,195,4,35
980.662950254,16.97,0,0,195,4,35
980.740192106,16.97,0,0,195,4,35
980.817369726,16.97,0,0,195,4,35
980.895012097,16.97,0,0,195,4,35
980.972413421,16.97,0,0,195,4,35
981.049853368,16.97,0,0,195,4,35
981.127096512,16.97,0,0,195,4,35
981.205661122,16.97,0,0,195,4,35
981.282964150,16.78,0,0,195,4,35
981.360179671,16.78,0,0,195,4,35
981.437295664,16.78,0,0,195,4,35
981.514224002,16.78,0,0,195,4,35
981.591291663,16.78,0,0,195,4,35
981.668569964,16.78,0,0,195,4,35
981.746250337,16.78,0,0,195,4,35
981.823945638,16.78,0,0,195,4,35
981.900991939,16.78,0,0,195,4,35
981.978028592,16.78,0,0,195,4,35
982.055292916,16.78,0,0,195,4,35
982.132352432,16.78,0,0,195,4,35
982.209742705,16.79,0,0,195,4,35
982.286926357,16.79,0,0,195,4,35
982.364648900,16.79,0,0,195,4,35
982.441696012,16.79,0,0,195,4,35
982.518821844,16.79,0,0,195,4,35
982.595967503,16.79,0,0,195,4,35
982.672883187,16.79,0,0,195,4,35
982.750680442,16.79,0,0,195,4,35
982.828104789,16.79,0,0,195,4,35
982.904893001,16.79,0,0,195,4,35
982.982039492,16.79,0,0,195,4,35
983.058850507,16.79,0,0,195,4,35
983.135313902,16.79,0,0,195,4,35
983.211741139,16.76,0,0,195,4,35
983.288985817,16.76,0,0,195,4,35
983.365787193,16.76,0,0,195,4,35
983.442256510,16.76,0,0,195,4,35
983.519277593,16.76,0,0,195,4,35
983.597106158,16.76,0,0,195,4,35
983.674219826,16.76,0,0,195,4,35
983.752211119,16.76,0,0,195,4,35
983.829098478,16.76,0,0,195,4,35
983.906674694,16.76,0,0,195,4,35
983.984502867,16.76,0,0,195,4,35
984.062876275,16.76,0,0,195,4,35
984.142685264,16.76,0,0,195,4,35
984.220652200,16.72,0,0,195,4,35
984.298405742,16.72,0,0,195,4,35
984.375650329,16.72,0,0,195,4,35
984.453209613,16.72,0,0,195,4,35
984.531051542,16.72,0,0,195,4,35
984.608092343,16.72,0,0,195,4,35
984.684595664,16.72,0,0,195,4,35
984.760817632,16.72,0,0,195,4,35
984.837304733,16.72,0,0,195,4,35
984.914127009,16.72,0,0,195,4,35
984.990998168,16.72,0,0,195,4,35
985.068304783,16.72,0,0,195,4,35
985.146121054,16.72,0,0,195,4,35
985.223808560,16.80,0,0,195,4,35
985.301092442,16.80,0,0,195,4,35
985.378862125,16.80,0,0,195,4,35
985.456413243,16.80,0,0,195,4,35
985.533534897,16.80,0,0,195,4,35
985.611986302,16.80,0,0,195,4,35
985.689468119,16.80,0,0,195,4,35
985.766906623,16.80,0,0,195,4,35
985.845943388,16.80,0,0,195,4,35
985.924229190,16.80,0,0,195,4,35
986.002296967,16.80,0,0,195,4,35
986.079703702,16.80,0,0,195,4,35
986.157629070,16.80,0,0,195,4,35
986.234541737,16.75,0,0,195,4,35
986.311993728,16.75,0,0,195,4,35
986.389427273,16.75,0,0,195,4,35
986.467636038,16.75,0,0,195,4,35
986.545056589,16.75,0,0,195,4,35
986.622741220,16.75,0,0,195,4,35
986.699785727,16.75,0,0,195,4,35
986.776996661,16.75,0,0,195,4,35
986.853987887,16.75,0,0,195,4,35
986.931337614,16.75,0,0,195,4,35
987.008274387,16.75,0,0,195,4,35
987.085926757,16.75,0,0,195,4,35
987.162970383,16.75,0,0,195,4,35
987.239822757,16.73,0,0,195,4,35
987.317015395,16.73,0,0,195,4,35
987.394650693,16.73,0,0,195,4,35
987.471883949,16.73,0,0,195,4,35
987.549348954,16.73,0,0,195,4,35
987.626412898,16.73,0,0,195,4,35
987.704366229,16.73,0,0,195,4,35
987.781953205,16.73,0,0,195,4,35
987.859509353,16.73,0,0,195,4,35
987.936837118,16.73,0,0,195,4,35
988.014799936,16.73,0,0,195,4,35
988.092074631,16.73,0,0,195,4,35
988.169142032,16.73,0,0,195,4,35
988.246415503,16.63,0,0,195,4,35
988.323271754,16.63,0,0,195,4,35
988.399961539,16.63,0,0,195,4,35
988.477097410,16.63,0,0,195,4,35
988.554154021,16.63,0,0,195,4,35
988.631253202,16.63,0,0,195,4,35
988.710227559,16.63,0,0,195,4,35
988.786782037,16.63,0,0,195,4,35
988.863489105,16.63,0,0,195,4,35
988.939729398,16.63,0,0,195,4,35
989.016517620,16.63,0,0,195,4,35
989.094177024,16.63,0,0,195,4,35
989.170911434,16.63,0,0,195,4,35
989.248324540,16.55,0,0,195,4,35
989.324921920,16.55,0,0,195,4,35
989.401432766,16.55,0,0,195,4,35
989.477826690,16.55,0,0,195,4,35
989.554235262,16.55,0,0,195,4,35
989.631343741,16.55,0,0,195,4,35
989.710277651,16.55,0,0,195,4,35
989.788176769,16.55,0,0,195,4,35
989.865629591,16.55,0,0,195,4,35
989.943040383,16.55,0,0,195,4,35
990.019815961,16.55,0,0,195,4,35
990.097468852,16.55,0,0,195,4,35
990.174910493,16.55,0,0,195,4,35
990.251965731,16.47,0,0,195,4,35
990.329418503,16.47,0,0,195,4,35
990.406690491,16.47,0,0,195,4,35
990.483832474,16.47,0,0,195,4,35
990.561284655,16.47,0,0,195,4,35
990.638455502,16.47,0,0,195,4,35
990.715888446,16.47,0,0,195,4,35
990.793152771,16.47,0,0,195,4,35
990.870079656,16.47,0,0,195,4,35
990.947092133,16.47,0,0,195,4,35
991.024447930,16.47,0,0,195,4,35
991.101244167,16.47,0,0,195,4,35
991.178445322,16.47,0,0,195,4,35
991.255929844,16.48,0,0,195,4,35
991.334544248,16.48,0,0,195,4,35
991.411720165,16.48,0,0,195,4,35
991.489328802,16.48,0,0,195,4,35
991.566830597,16.48,0,0,195,4,35
991.644249845,16.48,0,0,195,4,35
991.721799982,16.48,0,0,195,4,35
991.799114822,16.48,0,0,195,4,35
991.876834369,16.48,0,0,195,4,35
991.954045203,16.48,0,0,195,4,35
992.031091494,16.48,0,0,195,4,35
992.107964396,16.48,0,0,195,4,35
992.185283164,16.48,0,0,195,4,35
992.262689548,16.59,0,0,195,4,35
992.340363709,16.59,0,0,195,4,35
992.418416960,16.59,0,0,195,4,35
992.496477063,16.59,0,0,195,4,35
992.574263948,16.59,0,0,195,4,35
992.651634655,16.59,0,0,195,4,35
992.729152209,16.59,0,0,195,4,35
992.806349787,16.59,0,0,195,4,35
992.883758696,16.59,0,0,195,4,35
992.961383865,16.59,0,0,195,4,35
993.038787443,16.59,0,0,195,4,35
993.116206431,16.59,0,0,195,4,35
993.193635138,16.59,0,0,195,4,35
993.270750700,16.76,0,0,195,4,35
993.348115936,16.76,0,0,195,4,35
993.425651996,16.76,0,0,195,4,35
993.502972978,16.76,0,0,195,4,35
993.580957447,16.76,0,0,195,4,35
993.658032263,16.76,0,0,195,4,35
993.735054007,16.76,0,0,195,4,35
993.812516137,16.76,0,0,195,4,35
993.889688157,16.76,0,0,195,4,35
993.967751877,16.76,0,0,195,4,35
994.044515973,16.76,0,0,195,4,35
994.121753868,16.76,0,0,195,4,35
994.199067195,16.76,0,0,195,4,35
994.275594613,16.73,0,0,195,4,35
994.352671742,16.73,0,0,195,4,35
994.429265966,16.73,0,0,195,4,35
994.506222818,16.73,0,0,195,4,35
994.583627218,16.73,0,0,195,4,35
994.661339832,16.73,0,0,195,4,35
994.738706802,16.73,0,0,195,4,35
994.814724563,16.73,0,0,195,4,35
994.891033576,16.73,0,0,195,4,35
994.968289455,16.73,0,0,195,4,35
995.044842410,16.73,0,0,195,4,35
995.121577622,16.73,0,0,195,4,35
995.198071365,16.73,0,0,195,4,35
995.274624461,16.87,0,0,195,4,35
995.351234375,16.87,0,0,195,4,35
995.428304712,16.87,0,0,195,4,35
995.506023779,16.87,0,0,195,4,35
995.583953355,16.87,0,0,195,4,35
995.660897993,16.87,0,0,195,4,35
995.738325387,16.87,0,0,195,4,35
995.815534978,16.87,0,0,195,4,35
995.892449469,16.87,0,0,195,4,35
995.969747908,16.87,0,0,195,4,35
996.046659474,16.87,0,0,195,4,35
996.123630382,16.87,0,0,195,4,35
996.201305426,16.87,0,0,195,4,35
996.278479209,16.79,0,0,195,4,35
996.356059372,16.79,0,0,195,4,35
996.433396284,16.79,0,0,195,4,35
996.511383139,16.79,0,0,195,4,35
996.588515193,16.79,0,0,195,4,35
996.665795919,16.79,0,0,195,4,35
996.743091232,16.79,0,0,195,4,35
996.819959786,16.79,0,0,195,4,35
996.897172363,16.79,0,0,195,4,35
996.974209076,16.79,0,0,195,4,35
997.051393439,16.79,0,0,195,4,35
997.129106184,16.79,0,0,195,4,35
997.206812567,16.79,0,0,195,4,35
997.283527329,16.74,0,0,195,4,35
997.361084750,16.74,0,0,195,4,35
997.438523996,16.74,0,0,195,4,35
997.516139146,16.74,0,0,195,4,35
997.593566349,16.74,0,0,195,4,35
997.671187771,16.74,0,0,195,4,35
997.748047238,16.74,0,0,195,4,35
997.825285904,16.74,0,0,195,4,35
997.902214021,16.74,0,0,195,4,35
997.979110438,16.74,0,0,195,4,35
998.055990104,16.74,0,0,195,4,35
998.133508119,16.74,0,0,195,4,35
998.212783507,16.57,0,0,195,4,35
998.289658032,16.57,0,0,195,4,35
998.367222115,16.57,0,0,195,4,35
998.444483464,16.57,0,0,195,4,35
998.522197311,16.57,0,0,195,4,35
998.599592624,16.57,0,0,195,4,35
998.677415368,16.57,0,0,195,4,35
998.755574128,16.57,0,0,195,4,35
998.833760872,16.57,0,0,195,4,35
998.910870293,16.57,0,0,195,4,35
998.988311623,16.57,0,0,195,4,35
999.065374997,16.57,0,0,195,4,35
999.143038659,16.57,0,0,195,4,35
999.221119952,16.60,0,0,195,4,35
999.298200999,16.60,0,0,195,4,35
999.375567047,16.60,0,0,195,4,35
999.453022404,16.60,0,0,195,4,35
999.530703148,16.60,0,0,195,4,35
999.608159266,16.60,0,0,195,4,35
999.685226117,16.60,0,0,195,4,35
999.763444600,16.60,0,0,195,4,35
999.840956625,16.60,0,0,195,4,35
999.918723272,16.60,0,0,195,4,35
999.995807635,16.60,0,0,195,4,35
1000.073130010,16.60,0,0,195,4,35
1000.150598973,16.60,0,0,195,4,35
1000.227654011,16.68,0,0,195,4,35
1000.305175252,16.68,0,0,195,4,35
1000.382873400,16.68,0,0,195,4,35
1000.459962181,16.68,0,0,195,4,35
1000.537660669,16.68,0,0,195,4,35
1000.614601962,16.68,0,0,195,4,35
1000.691065678,16.68,0,0,195,4,35
1000.769240990,16.68,0,0,195,4,35
1000.845890850,16.68,0,0,195,4,35
1000.922123980,16.68,0,0,195,4,35
1000.998458181,16.68,0,0,195,4,35
1001.075312669,16.68,0,0,195,4,35
1001.151824236,16.68,0,0,195,4,35
1001.228425404,16.73,0,0,195,4,35
1001.304625330,16.73,0,0,195,4,35
1001.381784024,16.73,0,0,195,4,35
1001.459444440,16.73,0,0,195,4,35
1001.536800459,16.73,0,0,195,4,35
1001.615387952,16.73,0,0,195,4,35
1001.693806696,16.73,0,0,195,4,35
1001.770775550,16.73,0,0,195,4,35
1001.848464771,16.73,0,0,195,4,35
1001.925767739,16.73,0,0,195,4,35
1002.003070687,16.73,0,0,195,4,35
1002.080462243,16.73,0,0,195,4,35
1002.158123420,16.73,0,0,195,4,35
1002.235434223,16.69,0,0,195,4,35
1002.312921089,16.69,0,0,195,4,35
1002.390501714,16.69,0,0,195,4,35
1002.468112586,16.69,0,0,195,4,35
1002.545819229,16.69,0,0,195,4,35
1002.622850171,16.69,0,0,195,4,35
1002.699105883,16.69,0,0,195,4,35
1002.775744852,16.69,0,0,195,4,35
1002.852748974,16.69,0,0,195,4,35
1002.929417940,16.69,0,0,195,4,35
1003.006000532,16.69,0,0,195,4,35
1003.082811197,16.69,0,0,195,4,35
1003.159120741,16.69,0,0,195,4,35
1003.236045622,16.65,0,0,195,4,35
1003.313304366,16.65,0,0,195,4,35
1003.391016350,16.65,0,0,195,4,35
1003.468220350,16.65,0,0,195,4,35
1003.545495846,16.65,0,0,195,4,35
1003.622455423,16.65,0,0,195,4,35
1003.699839284,16.65,0,0,195,4,35
1003.776962291,16.65,0,0,195,4,35
1003.853835875,16.65,0,0,195,4,35
1003.930849785,16.65,0,0,195,4,35
1004.008419940,16.65,0,0,195,4,35
1004.086131923,16.65,0,0,195,4,35
1004.163854767,16.65,0,0,195,4,35
1004.242293388,16.72,0,0,195,4,35
1004.320010131,16.72,0,0,195,4,35
1004.397999540,16.72,0,0,195,4,35
1004.475434419,16.72,0,0,195,4,35
1004.552174579,16.72,0,0,195,4,35
1004.629186346,16.72,0,0,195,4,35
1004.706256272,16.72,0,0,195,4,35
1004.784245110,16.72,0,0,195,4,35
1004.861278928,16.72,0,0,195,4,35
1004.938970342,16.72,0,0,195,4,35
1005.016217374,16.72,0,0,195,4,35
1005.093540491,16.72,0,0,195,4,35
1005.171476929,16.72,0,0,195,4,35
1005.250095893,16.82,0,0,195,4,35
1005.327334359,16.82,0,0,195,4,35
1005.404783734,16.82,0,0,195,4,35
1005.482008203,16.82,0,0,195,4,35
1005.559548010,16.82,0,0,195,4,35
1005.637102135,16.82,0,0,195,4,35
1005.715036400,16.82,0,0,195,4,35
1005.792800452,16.82,0,0,195,4,35
1005.870408789,16.82,0,0,195,4,35
1005.947987370,16.82,0,0,195,4,35
1006.024967776,16.82,0,0,195,4,35
1006.102300400,16.82,0,0,195,4,35
1006.179240029,16.82,0,0,195,4,35
1006.257041022,16.47,0,0,195,4,35
1006.334481501,16.47,0,0,195,4,35
1006.412047167,16.47,0,0,195,4,35
1006.489923352,16.47,0,0,195,4,35
1006.566982097,16.47,0,0,195,4,35
1006.644329669,16.47,0,0,195,4,35
1006.720098619,16.47,0,0,195,4,35
1006.797028851,16.47,0,0,195,4,35
1006.873920759,16.47,0,0,195,4,35
1006.949878607,16.47,0,0,195,4,35
1007.026704801,16.47,0,0,195,4,35
1007.102992634,16.47,0,0,195,4,35
1007.179229040,16.47,0,0,195,4,35
1007.254956070,16.66,0,0,195,4,35
1007.332386350,16.66,0,0,195,4,35
1007.409639564,16.66,0,0,195,4,35
1007.487190903,16.66,0,0,195,4,35
1007.564239338,16.66,0,0,195,4,35
1007.641511979,16.66,0,0,195,4,35
1007.718766365,16.66,0,0,195,4,35
1007.796228314,16.66,0,0,195,4,35
1007.873865827,16.66,0,0,195,4,35
1007.951269556,16.66,0,0,195,4,35
1008.029279595,16.66,0,0,195,4,35
1008.107163885,16.66,0,0,195,4,35
1008.184525384,16.66,0,0,195,4,35
1008.262711347,16.62,0,0,195,4,35
1008.340198774,16.62,0,0,195,4,35
1008.418365110,16.62,0,0,195,4,35
1008.495466395,16.62,0,0,195,4,35
1008.572825089,16.62,0,0,195,4,35
1008.650660016,16.62,0,0,195,4,35
1008.728036053,16.62,0,0,195,4,35
1008.805963394,16.62,0,0,195,4,35
1008.882999577,16.62,0,0,195,4,35
1008.959847853,16.62,0,0,195,4,35
1009.037414100,16.62,0,0,195,4,35
1009.115067472,16.62,0,0,195,4,35
1009.192445022,16.62,0,0,195,4,35
1009.269909977,16.70,0,0,195,4,35
1009.347467708,16.70,0,0,195,4,35
1009.424799211,16.70,0,0,195,4,35
1009.502086239,16.70,0,0,195,4,35
1009.579647697,16.70,0,0,195,4,35
1009.656966946,16.70,0,0,195,4,35
1009.734342351,16.70,0,0,195,4,35
1009.811956259,16.70,0,0,195,4,35
1009.888979497,16.70,0,0,195,4,35
1009.965463662,16.70,0,0,195,4,35
1010.042640752,16.70,0,0,195,4,35
1010.120223039,16.70,0,0,195,4,35
1010.197357658,16.70,0,0,195,4,35
1010.274322545,16.81,0,0,195,4,35
1010.351453217,16.81,0,0,195,4,35
1010.428351137,16.81,0,0,195,4,35
1010.505315814,16.81,0,0,195,4,35
1010.582512420,16.81,0,0,195,4,35
1010.659938742,16.81,0,0,195,4,35
1010.737916851,16.81,0,0,195,4,35
1010.815190393,16.81,0,0,195,4,35
1010.892217919,16.81,0,0,195,4,35
1010.969545374,16.81,0,0,195,4,35
1011.047019987,16.81,0,0,195,4,35
1011.124713326,16.81,0,0,195,4,35
1011.202406123,16.81,0,0,195,4,35
1011.279691007,16.71,0,0,195,4,35
1011.356893945,16.71,0,0,195,4,35
1011.434567637,16.71,0,0,195,4,35
1011.516485575,16.71,0,0,195,4,35
1011.598120627,16.71,0,0,195,4,35
1011.675128906,16.71,0,0,195,4,35
1011.752529930,16.71,0,0,195,4,35
1011.830010645,16.71,0,0,195,4,35
1011.907104858,16.71,0,0,195,4,35
1011.984197557,16.71,0,0,195,4,35
1012.061879624,16.71,0,0,195,4,35
1012.139660559,16.71,0,0,195,4,35
1012.217755549,17.52,0,0,195,4,35
1012.294619043,17.52,0,0,195,4,35
1012.371713937,17.52,0,0,195,4,35
1012.448069920,17.52,0,0,195,4,35
1012.524745378,17.52,0,0,195,4,35
1012.601035707,17.52,0,0,195,4,35
1012.678127034,17.52,0,0,195,4,35
1012.755399294,17.52,0,0,195,4,35
1012.831517415,17.52,0,0,195,4,35
1012.908035646,17.52,0,0,195,4,35
1012.985745064,17.52,0,0,195,4,35
1013.062155911,17.52,0,0,195,4,35
1013.138169655,17.52,0,0,195,4,35
1013.215780607,17.03,0,0,195,4,35
1013.292972494,17.03,0,0,195,4,35
1013.370170333,17.03,0,0,195,4,35
1013.447282179,17.03,0,0,195,4,35
1013.525037305,17.03,0,0,195,4,35
1013.602462495,17.03,0,0,195,4,35
1013.680359790,17.03,0,0,195,4,35
1013.758084758,17.03,0,0,195,4,35
1013.834916362,17.03,0,0,195,4,35
1013.912981005,17.03,0,0,195,4,35
1013.992194355,17.03,0,0,195,4,35
1014.069771584,17.03,0,0,195,4,35
1014.146990813,17.03,0,0,195,4,35
1014.224363874,16.62,0,0,195,4,35
1014.301876490,16.62,0,0,195,4,35
1014.379082304,16.62,0,0,195,4,35
1014.456391624,16.62,0,0,195,4,35
1014.533411225,16.62,0,0,195,4,35
1014.610163990,16.62,0,0,195,4,35
1014.686999903,16.62,0,0,195,4,35
1014.764400666,16.62,0,0,195,4,35
1014.841127602,16.62,0,0,195,4,35
1014.918555858,16.62,0,0,195,4,35
1014.995695226,16.62,0,0,195,4,35
1015.072792424,16.62,0,0,195,4,35
1015.150164443,16.62,0,0,195,4,35
1015.227337164,16.82,0,0,195,4,35
1015.305187010,16.82,0,0,195,4,35
1015.382040015,16.82,0,0,195,4,35
1015.459255527,16.82,0,0,195,4,35
1015.537057762,16.82,0,0,195,4,35
1015.614489354,16.82,0,0,195,4,35
1015.691361716,16.82,0,0,195,4,35
1015.769049364,16.82,0,0,195,4,35
1015.846000906,16.82,0,0,195,4,35
1015.923249841,16.82,0,0,195,4,35
1016.000192016,16.82,0,0,195,4,35
1016.076444222,16.82,0,0,195,4,35
1016.153588569,16.82,0,0,195,4,35
1016.230557544,16.79,0,0,195,4,35
1016.308182342,16.79,0,0,195,4,35
1016.385286564,16.79,0,0,195,4,35
1016.462731000,16.79,0,0,195,4,35
1016.540472350,16.79,0,0,195,4,35
1016.617761362,16.79,0,0,195,4,35
1016.695898462,16.79,0,0,195,4,35
1016.773082474,16.79,0,0,195,4,35
1016.850145267,16.79,0,0,195,4,35
1016.927926623,16.79,0,0,195,4,35
1017.005427697,16.79,0,0,195,4,35
1017.082438070,16.79,0,0,195,4,35
1017.159831901,16.79,0,0,195,4,35
1017.237335379,16.79,0,0,195,4,35
1017.315034328,16.79,0,0,195,4,35
1017.391903845,16.79,0,0,195,4,35
1017.468819349,16.79,0,0,195,4,35
1017.546513108,16.79,0,0,195,4,35
1017.624255038,16.79,0,0,195,4,35
1017.701583234,16.79,0,0,195,4,35
1017.779655461,16.79,0,0,195,4,35
1017.857499806,16.79,0,0,195,4,35
1017.934594469,16.79,0,0,195,4,35
1018.012348563,16.79,0,0,195,4,35
1018.089396879,16.79,0,0,195,4,35
1018.166639813,16.79,0,0,195,4,35
1018.245010626,16.74,0,0,195,4,35
1018.322535565,16.74,0,0,195,4,35
1018.400547958,16.74,0,0,195,4,35
1018.478827518,16.74,0,0,195,4,35
1018.556640945,16.74,0,0,195,4,35
1018.633507616,16.74,0,0,195,4,35
1018.710965147,16.74,0,0,195,4,35
1018.788244200,16.74,0,0,195,4,35
1018.864903678,16.74,0,0,195,4,35
1018.941556534,16.74,0,0,195,4,35
1019.018274743,16.74,0,0,195,4,35
1019.094198356,16.74,0,0,195,4,35
1019.171001387,16.74,0,0,195,4,35
1019.247628063,16.74,0,0,195,4,35
1019.324300656,16.74,0,0,195,4,35
1019.401334765,16.74,0,0,195,4,35
1019.479115649,16.74,0,0,195,4,35
1019.556063464,16.74,0,0,195,4,35
1019.633913149,16.74,0,0,195,4,35
1019.713064592,16.74,0,0,195,4,35
1019.790209381,16.74,0,0,195,4,35
1019.867835532,16.74,0,0,195,4,35
1019.945962903,16.74,0,0,195,4,35
1020.024886705,16.74,0,0,195,4,35
1020.102919787,16.74,0,0,195,4,35
1020.180866536,16.74,0,0,195,4,35
1020.257981298,16.68,0,0,195,4,35
1020.335132839,16.68,0,0,195,4,35
1020.412371335,16.68,0,0,195,4,35
1020.489193392,16.68,0,0,195,4,35
1020.566997661,16.68,0,0,195,4,35
1020.644401460,16.68,0,0,195,4,35
1020.724782895,16.68,0,0,195,4,35
1020.802220389,16.68,0,0,195,4,35
1020.879241302,16.68,0,0,195,4,35
1020.957082251,16.68,0,0,195,4,35
1021.035316274,16.68,0,0,195,4,35
1021.113795132,16.68,0,0,195,4,35
1021.191409741,16.68,0,0,195,4,35
1021.269215914,16.43,0,0,195,4,35
1021.346173427,16.43,0,0,195,4,35
1021.423351529,16.43,0,0,195,4,35
1021.500268575,16.43,0,0,195,4,35
1021.577617882,16.43,0,0,195,4,35
1021.655211220,16.43,0,0,195,4,35
1021.732473251,16.43,0,0,195,4,35
1021.809717127,16.43,0,0,195,4,35
1021.887203103,16.43,0,0,195,4,35
1021.964052551,16.43,0,0,195,4,35
1022.041544408,16.43,0,0,195,4,35
1022.119062945,16.43,0,0,195,4,35
1022.196880920,16.43,0,0,195,4,35
1022.274440495,16.56,0,0,195,4,35
1022.352253571,16.56,0,0,195,4,35
1022.429996754,16.56,0,0,195,4,35
1022.507369094,16.56,0,0,195,4,35
1022.584403803,16.56,0,0,195,4,35
1022.662345573,16.56,0,0,195,4,35
1022.739668299,16.56,0,0,195,4,35
1022.817242011,16.56,0,0,195,4,35
1022.895061689,16.56,0,0,195,4,35
1022.973507905,16.56,0,0,195,4,35
1023.051707644,16.56,0,0,195,4,35
1023.129439115,16.56,0,0,195,4,35
1023.206302089,16.56,0,0,195,4,35
1023.283974287,16.43,0,0,195,4,35
1023.361101593,16.43,0,0,195,4,35
1023.438280366,16.43,0,0,195,4,35
1023.516168544,16.43,0,0,195,4,35
1023.593568686,16.43,0,0,195,4,35
1023.670631069,16.43,0,0,195,4,35
1023.747537084,16.43,0,0,195,4,35
1023.824098787,16.43,0,0,195,4,35
1023.901617374,16.43,0,0,195,4,35
1023.978553157,16.43,0,0,195,4,35
1024.055802864,16.43,0,0,195,4,35
1024.133320329,16.43,0,0,195,4,35
1024.211301012,16.43,0,0,195,4,35
1024.289115050,16.55,0,0,195,4,35
1024.366060460,16.55,0,0,195,4,35
1024.441929310,16.55,0,0,195,4,35
1024.518259824,16.55,0,0,195,4,35
1024.593950416,16.55,0,0,195,4,35
1024.670678794,16.55,0,0,195,4,35
1024.746385486,16.55,0,0,195,4,35
1024.822791514,16.55,0,0,195,4,35
1024.899723369,16.55,0,0,195,4,35
1024.976308085,16.55,0,0,195,4,35
1025.054364913,16.55,0,0,195,4,35
1025.131232165,16.55,0,0,195,4,35
1025.208098987,16.55,0,0,195,4,35
1025.286695438,17.01,0,0,195,4,35
1025.363685613,17.01,0,0,195,4,35
1025.440884805,17.01,0,0,195,4,35
1025.518411998,17.01,0,0,195,4,35
1025.595154935,17.01,0,0,195,4,35
1025.672695154,17.01,0,0,195,4,35
1025.750375107,17.01,0,0,195,4,35
1025.828214001,17.01,0,0,195,4,35
1025.905910326,17.01,0,0,195,4,35
1025.983734132,17.01,0,0,195,4,35
1026.061126069,17.01,0,0,195,4,35
1026.138054457,17.01,0,0,195,4,35
1026.218230212,16.86,0,0,195,4,35
1026.296570117,16.86,0,0,195,4,35
1026.373760862,16.86,0,0,195,4,35
1026.451387825,16.86,0,0,195,4,35
1026.528606734,16.86,0,0,195,4,35
1026.606382609,16.86,0,0,195,4,35
1026.683261083,16.86,0,0,195,4,35
1026.761020146,16.86,0,0,195,4,35
1026.838724986,16.86,0,0,195,4,35
1026.916366366,16.86,0,0,195,4,35
1026.993920992,16.86,0,0,195,4,35
1027.071424871,16.86,0,0,195,4,35
1027.148891420,16.86,0,0,195,4,35
1027.226089670,16.69,0,0,195,4,35
1027.303534928,16.69,0,0,195,4,35
1027.381504360,16.69,0,0,195,4,35
1027.458807068,16.69,0,0,195,4,35
1027.536021339,16.69,0,0,195,4,35
1027.613286435,16.69,0,0,195,4,35
1027.690735250,16.69,0,0,195,4,35
1027.768134501,16.69,0,0,195,4,35
1027.845400510,16.69,0,0,195,4,35
1027.922064567,16.69,0,0,195,4,35
1027.999446545,16.69,0,0,195,4,35
1028.076577868,16.69,0,0,195,4,35
1028.154409850,16.69,0,0,195,4,35
1028.231784785,16.80,0,0,195,4,35
1028.309315294,16.80,0,0,195,4,35
1028.386383067,16.80,0,0,195,4,35
1028.463297559,16.80,0,0,195,4,35
1028.540736465,16.80,0,0,195,4,35
1028.618291321,16.80,0,0,195,4,35
1028.695822342,16.80,0,0,195,4,35
1028.773210703,16.80,0,0,195,4,35
1028.850580378,16.80,0,0,195,4,35
1028.928318040,16.80,0,0,195,4,35
1029.005914836,16.80,0,0,195,4,35
1029.082971097,16.80,0,0,195,4,35
1029.160232937,16.80,0,0,195,4,35
1029.238015465,16.81,0,0,195,4,35
1029.315877483,16.81,0,0,195,4,35
1029.393424344,16.81,0,0,195,4,35
1029.470831010,16.81,0,0,195,4,35
1029.548908356,16.81,0,0,195,4,35
1029.626429188,16.81,0,0,195,4,35
1029.704419700,16.81,0,0,195,4,35
1029.781802219,16.81,0,0,195,4,35
1029.859407431,16.81,0,0,195,4,35
1029.936296755,16.81,0,0,195,4,35
1030.013560940,16.81,0,0,195,4,35
1030.091478083,16.81,0,0,195,4,35
1030.169073606,16.81,0,0,195,4,35
1030.246338402,16.71,0,0,195,4,35
1030.322772073,16.71,0,0,195,4,35
1030.399939645,16.71,0,0,195,4,35
1030.476772131,16.71,0,0,195,4,35
1030.553085203,16.71,0,0,195,4,35
1030.629311430,16.71,0,0,195,4,35
1030.705547746,16.71,0,0,195,4,35
1030.783276842,16.71,0,0,195,4,35
1030.859742754,16.71,0,0,195,4,35
1030.936256446,16.71,0,0,195,4,35
1031.013634717,16.71,0,0,195,4,35
1031.090951902,16.71,0,0,195,4,35
1031.168132609,16.71,0,0,195,4,35
1031.245409639,16.77,0,0,195,4,35
1031.322629620,16.77,0,0,195,4,35
1031.400395556,16.77,0,0,195,4,35
1031.479133556,16.77,0,0,195,4,35
1031.556850980,16.77,0,0,195,4,35
1031.634253307,16.77,0,0,195,4,35
1031.711649592,16.77,0,0,195,4,35
1031.788912365,16.77,0,0,195,4,35
1031.865980047,16.77,0,0,195,4,35
1031.943025968,16.77,0,0,195,4,35
1032.020665244,16.77,0,0,195,4,35
1032.098127204,16.77,0,0,195,4,35
1032.175788883,16.77,0,0,195,4,35
1032.253568065,16.49,0,0,195,4,35
1032.330896221,16.49,0,0,195,4,35
1032.407970275,16.49,0,0,195,4,35
1032.485723287,16.49,0,0,195,4,35
1032.562972203,16.49,0,0,195,4,35
1032.639844726,16.49,0,0,195,4,35
1032.719398272,16.49,0,0,195,4,35
1032.796881282,16.49,0,0,195,4,35
1032.874118566,16.49,0,0,195,4,35
1032.951200956,16.49,0,0,195,4,35
1033.028655662,16.49,0,0,195,4,35
1033.105799429,16.49,0,0,195,4,35
1033.183308889,16.49,0,0,195,4,35
1033.260693042,16.58,0,0,195,4,35
1033.338202502,16.58,0,0,195,4,35
1033.415692084,16.58,0,0,195,4,35
1033.492971237,16.58,0,0,195,4,35
1033.570431845,16.58,0,0,195,4,35
1033.647539784,16.58,0,0,195,4,35
1033.724990903,16.58,0,0,195,4,35
1033.802541702,16.58,0,0,195,4,35
1033.879871391,16.58,0,0,195,4,35
1033.957042289,16.58,0,0,195,4,35
1034.034545748,16.58,0,0,195,4,35
1034.111555611,16.58,0,0,195,4,35
1034.189068948,16.58,0,0,195,4,35
1034.266739233,16.64,0,0,195,4,35
1034.344157009,16.64,0,0,195,4,35
1034.421743956,16.64,0,0,195,4,35
1034.498987883,16.64,0,0,195,4,35
1034.576818271,16.64,0,0,195,4,35
1034.654323073,16.64,0,0,195,4,35
1034.732061918,16.64,0,0,195,4,35
1034.809405413,16.64,0,0,195,4,35
1034.886808412,16.64,0,0,195,4,35
1034.964093006,16.64,0,0,195,4,35
1035.041379283,16.64,0,0,195,4,35
1035.118896908,16.64,0,0,195,4,35
1035.197198250,16.64,0,0,195,4,35
1035.275079184,16.81,0,0,195,4,35
1035.353004844,16.81,0,0,195,4,35
1035.430421287,16.81,0,0,195,4,35
1035.507926730,16.81,0,0,195,4,35
1035.585755766,16.81,0,0,195,4,35
1035.663043646,16.81,0,0,195,4,35
1035.740357605,16.81,0,0,195,4,35
1035.817673478,16.81,0,0,195,4,35
1035.895377327,16.81,0,0,195,4,35
1035.973226752,16.81,0,0,195,4,35
1036.050308902,16.81,0,0,195,4,35
1036.127087506,16.81,0,0,195,4,35
1036.203864307,16.81,0,0,195,4,35
1036.280641870,16.77,0,0,195,4,35
1036.357046355,16.77,0,0,195,4,35
1036.433015074,16.77,0,0,195,4,35
1036.510014277,16.77,0,0,195,4,35
1036.586605756,16.77,0,0,195,4,35
1036.663118647,16.77,0,0,195,4,35
1036.740104895,16.77,0,0,195,4,35
1036.817140998,16.77,0,0,195,4,35
1036.893898993,16.77,0,0,195,4,35
1036.971409926,16.77,0,0,195,4,35
1037.048630839,16.77,0,0,195,4,35
1037.126079353,16.77,0,0,195,4,35
1037.203296068,16.77,0,0,195,4,35
1037.280331590,16.78,0,0,195,4,35
1037.357824569,16.78,0,0,195,4,35
1037.434708463,16.78,0,0,195,4,35
1037.512519224,16.78,0,0,195,4,35
1037.590312603,16.78,0,0,195,4,35
1037.667510201,16.78,0,0,195,4,35
1037.744589325,16.78,0,0,195,4,35
1037.822066555,16.78,0,0,195,4,35
1037.899327914,16.78,0,0,195,4,35
1037.976991447,16.78,0,0,195,4,35
1038.054323210,16.78,0,0,195,4,35
1038.131180724,16.78,0,0,195,4,35
1038.208258005,16.78,0,0,195,4,35
1038.285572846,16.58,0,0,195,4,35
1038.362845788,16.58,0,0,195,4,35
1038.439984204,16.58,0,0,195,4,35
1038.517111610,16.58,0,0,195,4,35
1038.594876745,16.58,0,0,195,4,35
1038.672162702,16.58,0,0,195,4,35
1038.749363056,16.58,0,0,195,4,35
1038.826296504,16.58,0,0,195,4,35
1038.903918467,16.58,0,0,195,4,35
1038.981387080,16.58,0,0,195,4,35
1039.059400776,16.58,0,0,195,4,35
1039.136499638,16.58,0,0,195,4,35
1039.215780497,16.58,0,0,195,4,35
1039.293733858,16.65,0,0,195,4,35
1039.371346695,16.65,0,0,195,4,35
1039.450094383,16.65,0,0,195,4,35
1039.527277003,16.65,0,0,195,4,35
1039.604376656,16.65,0,0,195,4,35
1039.682054877,16.65,0,0,195,4,35
1039.759532757,16.65,0,0,195,4,35
1039.837083135,16.65,0,0,195,4,35
1039.914432191,16.65,0,0,195,4,35
1039.991598861,16.65,0,0,195,4,35
1040.068866412,16.65,0,0,195,4,35
1040.146275472,16.65,0,0,195,4,35
1040.223119431,16.90,0,0,195,4,35
1040.300262617,16.90,0,0,195,4,35
1040.378444722,16.90,0,0,195,4,35
1040.455617574,16.90,0,0,195,4,35
1040.532926113,16.90,0,0,195,4,35
1040.610686168,16.90,0,0,195,4,35
1040.688654910,16.90,0,0,195,4,35
1040.766442046,16.90,0,0,195,4,35
1040.844195028,16.90,0,0,195,4,35
1040.921352631,16.90,0,0,195,4,35
1040.998894002,16.90,0,0,195,4,35
1041.075752688,16.90,0,0,195,4,35
1041.152768112,16.90,0,0,195,4,35
1041.230804301,16.83,0,0,195,4,35
1041.309011294,16.83,0,0,195,4,35
1041.386511416,16.83,0,0,195,4,35
1041.463530266,16.83,0,0,195,4,35
1041.540789702,16.83,0,0,195,4,35
1041.617598394,16.83,0,0,195,4,35
1041.694812895,16.83,0,0,195,4,35
1041.771735402,16.83,0,0,195,4,35
1041.849948857,16.83,0,0,195,4,35
1041.927172506,16.83,0,0,195,4,35
1042.004038977,16.83,0,0,195,4,35
1042.080865192,16.83,0,0,195,4,35
1042.157467392,16.83,0,0,195,4,35
1042.234028283,16.81,0,0,195,4,35
1042.310894303,16.81,0,0,195,4,35
1042.387512353,16.81,0,0,195,4,35
1042.463908022,16.81,0,0,195,4,35
1042.541225368,16.81,0,0,195,4,35
1042.618266179,16.81,0,0,195,4,35
1042.694598267,16.81,0,0,195,4,35
1042.771440382,16.81,0,0,195,4,35
1042.847928837,16.81,0,0,195,4,35
1042.924951865,16.81,0,0,195,4,35
1043.002331329,16.81,0,0,195,4,35
1043.079324971,16.81,0,0,195,4,35
1043.157123529,16.81,0,0,195,4,35
1043.236011744,16.81,0,0,195,4,35
1043.313499212,16.81,0,0,195,4,35
1043.391381059,16.81,0,0,195,4,35
1043.468859640,16.81,0,0,195,4,35
1043.546150236,16.81,0,0,195,4,35
1043.624818323,16.81,0,0,195,4,35
1043.703014245,16.81,0,0,195,4,35
1043.780891763,16.81,0,0,195,4,35
1043.858099802,16.81,0,0,195,4,35
1043.936594680,16.81,0,0,195,4,35
1044.013506217,16.81,0,0,195,4,35
1044.091439150,16.81,0,0,195,4,35
1044.168906821,16.81,0,0,195,4,35
1044.246321722,16.79,0,0,195,4,35
1044.323081852,16.79,0,0,195,4,35
1044.400756465,16.79,0,0,195,4,35
1044.477967971,16.79,0,0,195,4,35
1044.555770156,16.79,0,0,195,4,35
1044.632989206,16.79,0,0,195,4,35
1044.710072217,16.79,0,0,195,4,35
1044.787670746,16.79,0,0,195,4,35
1044.864851243,16.79,0,0,195,4,35
1044.942173729,16.79,0,0,195,4,35
1045.020293646,16.79,0,0,195,4,35
1045.097218789,16.79,0,0,195,4,35
1045.174477163,16.79,0,0,195,4,35
1045.251375816,16.37,0,0,195,4,35
1045.328388945,16.37,0,0,195,4,35
1045.405236390,16.37,0,0,195,4,35
1045.482543476,16.37,0,0,195,4,35
1045.559803744,16.37,0,0,195,4,35
1045.637020790,16.37,0,0,195,4,35
1045.714427806,16.37,0,0,195,4,35
1045.792433918,16.37,0,0,187,4,35
1045.869404807,16.37,0,0,187,4,35
1045.947213625,16.37,0,0,187,4,35
1046.025322642,16.37,0,0,187,4,35
1046.102223008,16.37,0,0,187,4,35
1046.179613432,16.37,0,0,187,4,35
1046.257065304,16.55,0,0,187,4,35
1046.334100274,16.55,0,0,187,4,35
1046.411410928,16.55,0,0,187,4,35
1046.488508657,16.55,0,0,187,4,35
1046.565408973,16.55,0,0,187,4,35
1046.642612954,16.55,0,0,187,4,35
1046.722151141,16.55,0,0,195,4,35
1046.799042219,16.55,0,0,195,4,35
1046.875967762,16.55,0,0,195,4,35
1046.954207236,16.55,0,0,195,4,35
1047.031657184,16.55,0,0,195,4,35
1047.108379462,16.55,0,0,195,4,35
1047.185851010,16.55,0,0,195,4,35
1047.263550801,16.71,0,0,195,4,35
1047.340888506,16.71,0,0,195,4,35
1047.418633803,16.71,0,0,195,4,35
1047.495770938,16.71,0,0,195,4,35
1047.572846015,16.71,0,0,195,4,35
1047.649852892,16.71,0,0,195,4,35
1047.727580055,16.71,0,0,195,4,35
1047.804616459,16.71,0,0,195,4,35
1047.881821061,16.71,0,0,195,4,35
1047.958341676,16.71,0,0,195,4,35
1048.035062071,16.71,0,0,195,4,35
1048.111892423,16.71,0,0,195,4,35
1048.188279476,16.71,0,0,195,4,35
1048.265390651,16.68,0,0,195,4,35
1048.342424399,16.68,0,0,195,4,35
1048.418298148,16.68,0,0,195,4,35
1048.495358177,16.68,0,0,195,4,35
1048.572723013,16.68,0,0,195,4,35
1048.649767030,16.68,0,0,195,4,35
1048.726206622,16.68,0,0,195,4,35
1048.804134055,16.68,0,0,195,4,35
1048.881617987,16.68,0,0,195,4,35
1048.959083434,16.68,0,0,195,4,35
1049.036414095,16.68,0,0,195,4,35
1049.113755237,16.68,0,0,195,4,35
1049.190500328,16.68,0,0,195,4,35
1049.267939344,16.54,0,0,195,4,35
1049.347504002,16.54,0,0,195,4,35
1049.425182753,16.54,0,0,195,4,35
1049.503062225,16.54,0,0,195,4,35
1049.580671915,16.54,0,0,195,4,35
1049.658283409,16.54,0,0,195,4,35
1049.735565278,16.54,0,0,195,4,35
1049.812734002,16.54,0,0,195,4,35
1049.890293297,16.54,0,0,195,4,35
1049.967766268,16.54,0,0,195,4,35
1050.044893384,16.54,0,0,195,4,35
1050.121876807,16.54,0,0,195,4,35
1050.199528036,16.54,0,0,195,4,35
1050.277431082,16.55,0,0,195,4,35
1050.355031215,16.55,0,0,195,4,35
1050.432321590,16.55,0,0,195,4,35
1050.509626222,16.55,0,0,195,4,35
1050.586678134,16.55,0,0,195,4,35
1050.663462139,16.55,0,0,195,4,35
1050.741138847,16.55,0,0,195,4,35
1050.818845351,16.55,0,0,195,4,35
1050.896145054,16.55,0,0,195,4,35
1050.973241351,16.55,0,0,195,4,35
1051.050307070,16.55,0,0,195,4,35
1051.127283379,16.55,0,0,195,4,35
1051.204277022,16.55,0,0,195,4,35
1051.281851946,16.57,0,0,195,4,35
1051.359462378,16.57,0,0,195,4,35
1051.437279422,16.57,0,0,195,4,35
1051.514810162,16.57,0,0,195,4,35
1051.592362865,16.57,0,0,195,4,35
1051.670137839,16.57,0,0,195,4,35
1051.748031658,16.57,0,0,195,4,35
1051.826080752,16.57,0,0,195,4,35
1051.903942600,16.57,0,0,195,4,35
1051.981087549,16.57,0,0,195,4,35
1052.058342678,16.57,0,0,195,4,35
1052.136326257,16.57,0,0,195,4,35
1052.213404279,16.57,0,0,195,4,35
1052.290982821,16.56,0,0,195,4,35
1052.368572783,16.56,0,0,195,4,35
1052.446244602,16.56,0,0,195,4,35
1052.523364003,16.56,0,0,195,4,35
1052.600101940,16.56,0,0,195,4,35
1052.676725531,16.56,0,0,195,4,35
1052.754096339,16.56,0,0,195,4,35
1052.831186955,16.56,0,0,195,4,35
1052.909058252,16.56,0,0,195,4,35
1052.986208321,16.56,0,0,195,4,35
1053.063129375,16.56,0,0,195,4,35
1053.140301296,16.56,0,0,195,4,35
1053.217540424,16.56,0,0,195,4,35
1053.294757129,16.55,0,0,195,4,35
1053.371444150,16.55,0,0,195,4,35
1053.448986243,16.55,0,0,195,4,35
1053.525913199,16.55,0,0,195,4,35
1053.603292522,16.55,0,0,195,4,35
1053.680795871,16.55,0,0,195,4,35
1053.757881097,16.55,0,0,195,4,35
1053.835246344,16.55,0,0,195,4,35
1053.912035098,16.55,0,0,195,4,35
1053.988597944,16.55,0,0,195,4,35
1054.064661172,16.55,0,0,195,4,35
1054.142159311,16.55,0,0,195,4,35
1054.218941683,16.55,0,0,195,4,35
1054.295983247,16.58,0,0,195,4,35
1054.372213562,16.58,0,0,195,4,35
1054.449079172,16.58,0,0,195,4,35
1054.526060561,16.58,0,0,195,4,35
1054.602196898,16.58,0,0,195,4,35
1054.678848301,16.58,0,0,195,4,35
1054.755808030,16.58,0,0,195,4,35
1054.832957017,16.58,0,0,195,4,35
1054.910058834,16.58,0,0,195,4,35
1054.987831353,16.58,0,0,195,4,35
1055.064769310,16.58,0,0,195,4,35
1055.141911705,16.58,0,0,195,4,35
1055.218869469,16.58,0,0,195,4,35
1055.296232272,16.70,0,0,195,4,35
1055.373842133,16.70,0,0,195,4,35
1055.450716349,16.70,0,0,195,4,35
1055.528445386,16.70,0,0,195,4,35
1055.605224020,16.70,0,0,195,4,35
1055.682170083,16.70,0,0,195,4,35
1055.759393260,16.70,0,0,195,4,35
1055.836789606,16.70,0,0,195,4,35
1055.914275352,16.70,0,0,195,4,35
1055.991530059,16.70,0,0,195,4,35
1056.068596420,16.70,0,0,195,4,35
1056.145930878,16.70,0,0,195,4,35
1056.224823461,16.70,0,0,195,4,35
1056.303046986,16.48,0,0,195,4,35
1056.380054925,16.48,0,0,195,4,35
1056.457180328,16.48,0,0,195,4,35
1056.535121226,16.48,0,0,195,4,35
1056.612561736,16.48,0,0,195,4,35
1056.690629806,16.48,0,0,195,4,35
1056.768208197,16.48,0,0,195,4,35
1056.846147883,16.48,0,0,195,4,35
1056.923153429,16.48,0,0,195,4,35
1057.000378610,16.48,0,0,195,4,35
1057.077128611,16.48,0,0,195,4,35
1057.154007977,16.48,0,0,195,4,35
1057.231455319,16.48,0,0,195,4,35
1057.309002912,16.48,0,0,195,4,35
1057.386000202,16.48,0,0,195,4,35
1057.462741285,16.48,0,0,195,4,35
1057.540347950,16.48,0,0,195,4,35
1057.618539434,16.48,0,0,195,4,35
1057.696320359,16.48,0,0,195,4,35
1057.773625763,16.48,0,0,195,4,35
1057.852566978,16.48,0,0,195,4,35
1057.930370095,16.48,0,0,195,4,35
1058.008044529,16.48,0,0,195,4,35
1058.085443069,16.48,0,0,195,4,35
1058.162842090,16.48,0,0,195,4,35
1058.240642241,16.53,0,0,195,4,35
1058.318062413,16.53,0,0,195,4,35
1058.395229574,16.53,0,0,195,4,35
1058.472764694,16.53,0,0,195,4,35
1058.550350048,16.53,0,0,195,4,35
1058.627677985,16.53,0,0,195,4,35
1058.704964052,16.53,0,0,195,4,35
1058.782483121,16.53,0,0,187,4,35
1058.859998082,16.53,0,0,187,4,35
1058.937461244,16.53,0,0,187,4,35
1059.014920910,16.53,0,0,187,4,35
1059.093793035,16.53,0,0,187,4,35
1059.171645045,16.53,0,0,187,4,35
1059.249217044,16.51,0,0,187,4,35
1059.326830451,16.51,0,0,187,4,35
1059.404328731,16.51,0,0,187,4,35
1059.481619657,16.51,0,0,187,4,35
1059.560103846,16.51,0,0,187,4,35
1059.637393369,16.51,0,0,187,4,35
1059.714439111,16.51,0,0,187,4,35
1059.791835837,16.51,0,0,195,4,35
1059.868910043,16.51,0,0,195,4,35
1059.945456267,16.51,0,0,195,4,35
1060.022507318,16.51,0,0,195,4,35
1060.098483982,16.51,0,0,195,4,35
1060.176149699,16.51,0,0,195,4,35
1060.253224346,16.49,0,0,195,4,35
1060.329660421,16.49,0,0,195,4,35
1060.405940951,16.49,0,0,195,4,35
1060.482675082,16.49,0,0,195,4,35
1060.559801426,16.49,0,0,195,4,35
1060.637437727,16.49,0,0,195,4,35
1060.714574120,16.49,0,0,195,4,35
1060.791994001,16.49,0,0,195,4,35
1060.869322559,16.49,0,0,195,4,35
1060.946393197,16.49,0,0,195,4,35
1061.024448433,16.49,0,0,195,4,35
1061.101907638,16.49,0,0,195,4,35
1061.179116960,16.49,0,0,195,4,35
1061.256598066,16.75,0,0,195,4,35
1061.334187538,16.75,0,0,195,4,35
1061.411904533,16.75,0,0,195,4,35
1061.489652936,16.75,0,0,195,4,35
1061.567198375,16.75,0,0,195,4,35
1061.644659624,16.75,0,0,195,4,35
1061.722170227,16.75,0,0,195,4,35
1061.800086028,16.75,0,0,195,4,35
1061.877486612,16.75,0,0,195,4,35
1061.955051087,16.75,0,0,195,4,35
1062.032117077,16.75,0,0,195,4,35
1062.109665060,16.75,0,0,195,4,35
1062.186550868,16.75,0,0,195,4,35
1062.263848908,16.66,0,0,195,4,35
1062.341269560,16.66,0,0,195,4,35
1062.418601835,16.66,0,0,195,4,35
1062.496788850,16.66,0,0,195,4,35
1062.573813021,16.66,0,0,195,4,35
1062.651110319,16.66,0,0,195,4,35
1062.730210957,16.66,0,0,195,4,35
1062.807240367,16.66,0,0,195,4,35
1062.885744754,16.66,0,0,195,4,35
1062.963287448,16.66,0,0,195,4,35
1063.040966119,16.66,0,0,195,4,35
1063.120122072,16.66,0,0,195,4,35
1063.197894010,16.66,0,0,195,4,35
1063.275942202,16.67,0,0,195,4,35
1063.353822345,16.67,0,0,195,4,35
1063.431427217,16.67,0,0,195,4,35
1063.508933020,16.67,0,0,195,4,35
1063.586724075,16.67,0,0,195,4,35
1063.663726394,16.67,0,0,195,4,35
1063.741343950,16.67,0,0,195,4,35
1063.818682556,16.67,0,0,195,4,35
1063.896076748,16.67,0,0,195,4,35
1063.973826555,16.67,0,0,195,4,35
1064.050983016,16.67,0,0,195,4,35
1064.128101265,16.67,0,0,195,4,35
1064.205335003,16.67,0,0,195,4,35
1064.282891854,16.97,0,0,195,4,35
1064.360793889,16.97,0,0,195,4,35
1064.437884565,16.97,0,0,195,4,35
1064.515650352,16.97,0,0,195,4,35
1064.593088207,16.97,0,0,195,4,35
1064.670249247,16.97,0,0,195,4,35
1064.747967694,16.97,0,0,195,4,35
1064.825153531,16.97,0,0,195,4,35
1064.902715371,16.97,0,0,195,4,35
1064.980413840,16.97,0,0,195,4,35
1065.058102971,16.97,0,0,195,4,35
1065.135890730,16.97,0,0,195,4,35
1065.213173060,16.97,0,0,195,4,35
1065.290586218,16.92,0,0,195,4,35
1065.368630823,16.92,0,0,195,4,35
1065.445695781,16.92,0,0,195,4,35
1065.522470949,16.92,0,0,195,4,35
1065.600001400,16.92,0,0,195,4,35
1065.677719426,16.92,0,0,195,4,35
1065.755889810,16.92,0,0,195,4,35
1065.832624081,16.92,0,0,195,4,35
1065.909720929,16.92,0,0,195,4,35
1065.986501047,16.92,0,0,195,4,35
1066.064211950,16.92,0,0,195,4,35
1066.141771265,16.92,0,0,195,4,35
1066.218808390,16.92,0,0,195,4,35
1066.296370701,16.80,0,0,195,4,35
1066.373950154,16.80,0,0,195,4,35
1066.450928708,16.80,0,0,195,4,35
1066.527966284,16.80,0,0,195,4,35
1066.605157772,16.80,0,0,195,4,35
1066.681608926,16.80,0,0,195,4,35
1066.758781408,16.80,0,0,195,4,35
1066.835634554,16.80,0,0,195,4,35
1066.912428318,16.80,0,0,195,4,35
1066.989264051,16.80,0,0,195,4,35
1067.066212348,16.80,0,0,195,4,35
1067.143310389,16.80,0,0,195,4,35
1067.218906662,16.80,0,0,195,4,35
1067.295339571,16.80,0,0,195,4,35
1067.371203252,16.80,0,0,195,4,35
1067.447541061,16.80,0,0,195,4,35
1067.524524124,16.80,0,0,195,4,35
1067.601131013,16.80,0,0,195,4,35
1067.678157218,16.80,0,0,195,4,35
1067.755987527,16.80,0,0,195,4,35
1067.832966912,16.80,0,0,195,4,35
1067.909934846,16.80,0,0,195,4,35
1067.987551510,16.80,0,0,195,4,35
1068.064933099,16.80,0,0,195,4,35
1068.142373499,16.80,0,0,195,4,35
1068.219845849,16.80,0,0,195,4,35
1068.297682850,16.65,0,0,195,4,35
1068.375529541,16.65,0,0,195,4,35
1068.452401302,16.65,0,0,195,4,35
1068.530012616,16.65,0,0,195,4,35
1068.608212616,16.65,0,0,195,4,35
1068.686078553,16.65,0,0,195,4,35
1068.762951767,16.65,0,0,195,4,35
1068.840515511,16.65,0,0,195,4,35
1068.918072001,16.65,0,0,195,4,35
1068.995517671,16.65,0,0,195,4,35
1069.072710882,16.65,0,0,195,4,35
1069.150438125,16.65,0,0,195,4,35
1069.229394660,16.65,0,0,195,4,35
1069.307332352,16.65,0,0,195,4,35
1069.384674576,16.65,0,0,195,4,35
1069.462726586,16.65,0,0,195,4,35
1069.539887085,16.65,0,0,195,4,35
1069.617575244,16.65,0,0,195,4,35
1069.694802540,16.65,0,0,195,4,35
1069.772195099,16.65,0,0,195,4,35
1069.849748263,16.65,0,0,195,4,35
1069.927124280,16.65,0,0,195,4,35
1070.004386282,16.65,0,0,195,4,35
1070.081405463,16.65,0,0,195,4,35
1070.158663477,16.65,0,0,195,4,35
1070.236160073,16.83,0,0,195,4,35
1070.313444547,16.83,0,0,195,4,35
1070.390726727,16.83,0,0,195,4,35
1070.468327120,16.83,0,0,195,4,35
1070.545752141,16.83,0,0,195,4,35
1070.623330342,16.83,0,0,195,4,35
1070.701832596,16.83,0,0,195,4,35
1070.778966695,16.83,0,0,195,4,35
1070.856277699,16.83,0,0,195,4,35
1070.934038977,16.83,0,0,195,4,35
1071.010982365,16.83,0,0,195,4,35
1071.088799569,16.83,0,0,195,4,35
1071.165996267,16.83,0,0,195,4,35
1071.243712480,16.74,0,0,195,4,35
1071.321162918,16.74,0,0,195,4,35
1071.398531061,16.74,0,0,195,4,35
1071.476113270,16.74,0,0,195,4,35
1071.553329435,16.74,0,0,195,4,35
1071.630618357,16.74,0,0,195,4,35
1071.707167738,16.74,0,0,195,4,35
1071.784070668,16.74,0,0,195,4,35
1071.860157452,16.74,0,0,195,4,35
1071.937433570,16.74,0,0,195,4,35
1072.013872221,16.74,0,0,195,4,35
1072.090797454,16.74,0,0,195,4,35
1072.167569967,16.74,0,0,195,4,35
1072.244098488,16.70,0,0,195,4,35
1072.320782624,16.70,0,0,195,4,35
1072.397439669,16.70,0,0,195,4,35
1072.474882283,16.70,0,0,195,4,35
1072.551745498,16.70,0,0,195,4,35
1072.629299443,16.70,0,0,195,4,35
1072.706430006,16.70,0,0,195,4,35
1072.783342034,16.70,0,0,195,4,35
1072.860627480,16.70,0,0,195,4,35
1072.938089550,16.70,0,0,195,4,35
1073.015488562,16.70,0,0,195,4,35
1073.092477005,16.70,0,0,195,4,35
1073.169969654,16.70,0,0,195,4,35
1073.247456532,16.61,0,0,195,4,35
1073.324664070,16.61,0,0,195,4,35
1073.401985544,16.61,0,0,195,4,35
1073.479229762,16.61,0,0,195,4,35
1073.556649783,16.61,0,0,195,4,35
1073.634002036,16.61,0,0,195,4,35
1073.711204545,16.61,0,0,195,4,35
1073.789044262,16.61,0,0,195,4,35
1073.866063283,16.61,0,0,195,4,35
1073.943255011,16.61,0,0,195,4,35
1074.020486685,16.61,0,0,195,4,35
1074.097598372,16.61,0,0,195,4,35
1074.174734515,16.61,0,0,195,4,35
1074.251429912,16.43,0,0,195,4,35
1074.328219438,16.43,0,0,195,4,35
1074.405281431,16.43,0,0,195,4,35
1074.482569451,16.43,0,0,195,4,35
1074.560106144,16.43,0,0,195,4,35
1074.637037478,16.43,0,0,195,4,35
1074.714392977,16.43,0,0,195,4,35
1074.791775127,16.43,0,0,195,4,35
1074.868821941,16.43,0,0,195,4,35
1074.946009471,16.43,0,0,195,4,35
1075.023010628,16.43,0,0,195,4,35
1075.100098730,16.43,0,0,195,4,35
1075.177628830,16.43,0,0,195,4,35
1075.254702114,16.60,0,0,195,4,35
1075.332207327,16.60,0,0,195,4,35
1075.409355422,16.60,0,0,195,4,35
1075.486562530,16.60,0,0,195,4,35
1075.563829651,16.60,0,0,195,4,35
1075.640859944,16.60,0,0,195,4,35
1075.719257568,16.60,0,0,195,4,35
1075.797006042,16.60,0,0,195,4,35
1075.875048634,16.60,0,0,195,4,35
1075.952631103,16.60,0,0,195,4,35
1076.030276171,16.60,0,0,195,4,35
1076.107692315,16.60,0,0,195,4,35
1076.185317635,16.60,0,0,195,4,35
1076.262683444,16.58,0,0,195,4,35
1076.339959673,16.58,0,0,195,4,35
1076.417587909,16.58,0,0,195,4,35
1076.494991830,16.58,0,0,195,4,35
1076.572867885,16.58,0,0,195,4,35
1076.650332541,16.58,0,0,195,4,35
1076.727511185,16.58,0,0,195,4,35
1076.804843500,16.58,0,0,195,4,35
1076.882698807,16.58,0,0,195,4,35
1076.960822843,16.58,0,0,195,4,35
1077.038215532,16.58,0,0,195,4,35
1077.115818991,16.58,0,0,195,4,35
1077.193293365,16.58,0,0,195,4,35
1077.270313458,16.60,0,0,195,4,35
1077.347440444,16.60,0,0,195,4,35
1077.424975914,16.60,0,0,195,4,35
1077.502335611,16.60,0,0,195,4,35
1077.578360427,16.60,0,0,195,4,35
1077.655215668,16.60,0,0,195,4,35
1077.733770310,16.60,0,0,195,4,35
1077.811372176,16.60,0,0,195,4,35
1077.888422346,16.60,0,0,195,4,35
1077.964262753,16.60,0,0,195,4,35
1078.040836239,16.60,0,0,195,4,35
1078.116824275,16.60,0,0,195,4,35
1078.192750614,16.60,0,0,195,4,35
1078.269478283,16.73,0,0,195,4,35
1078.346805889,16.73,0,0,195,4,35
1078.424423375,16.73,0,0,195,4,35
1078.502178121,16.73,0,0,195,4,35
1078.579302551,16.73,0,0,195,4,35
1078.657007994,16.73,0,0,195,4,35
1078.735990909,16.73,0,0,195,4,35
1078.812998187,16.73,0,0,195,4,35
1078.890232386,16.73,0,0,195,4,35
1078.967333833,16.73,0,0,195,4,35
1079.044450750,16.73,0,0,195,4,35
1079.121684739,16.73,0,0,195,4,35
1079.199056408,16.73,0,0,195,4,35
1079.276618749,16.80,0,0,195,4,35
1079.353942618,16.80,0,0,195,4,35
1079.431549694,16.80,0,0,195,4,35
1079.509122285,16.80,0,0,195,4,35
1079.586051365,16.80,0,0,195,4,35
1079.662949537,16.80,0,0,195,4,35
1079.740589336,16.80,0,0,195,4,35
1079.817966115,16.80,0,0,195,4,35
1079.894990827,16.80,0,0,195,4,35
1079.972515957,16.80,0,0,195,4,35
1080.049500773,16.80,0,0,195,4,35
1080.126789666,16.80,0,0,195,4,35
1080.204088959,16.80,0,0,195,4,35
1080.281972679,16.93,0,0,195,4,35
1080.359121326,16.93,0,0,195,4,35
1080.436784528,16.93,0,0,195,4,35
1080.514073591,16.93,0,0,195,4,35
1080.591955318,16.93,0,0,195,4,35
1080.668635527,16.93,0,0,195,4,35
1080.746176157,16.93,0,0,195,4,35
1080.823595587,16.93,0,0,195,4,35
1080.901232530,16.93,0,0,195,4,35
1080.978833805,16.93,0,0,195,4,35
1081.056872419,16.93,0,0,195,4,35
1081.134665067,16.93,0,0,195,4,35
1081.212665929,16.93,0,0,195,4,35
1081.290517579,16.88,0,0,195,4,35
1081.368010799,16.88,0,0,195,4,35
1081.445229228,16.88,0,0,195,4,35
1081.522265743,16.88,0,0,195,4,35
1081.599547612,16.88,0,0,195,4,35
1081.676905536,16.88,0,0,195,4,35
1081.754298696,16.88,0,0,195,4,35
1081.831882879,16.88,0,0,195,4,35
1081.909091048,16.88,0,0,195,4,35
1081.986120519,16.88,0,0,195,4,35
1082.064147592,16.88,0,0,195,4,35
1082.141227628,16.88,0,0,195,4,35
1082.218647480,16.88,0,0,195,4,35
1082.296368091,16.89,0,0,195,4,35
1082.373680448,16.89,0,0,195,4,35
1082.451128964,16.89,0,0,195,4,35
1082.528582419,16.89,0,0,195,4,35
1082.605857104,16.89,0,0,195,4,35
1082.683441588,16.89,0,0,195,4,35
1082.761007816,16.89,0,0,195,4,35
1082.838457043,16.89,0,0,195,4,35
1082.916261834,16.89,0,0,195,4,35
1082.993292317,16.89,0,0,195,4,35
1083.071401284,16.89,0,0,195,4,35
1083.148497362,16.89,0,0,195,4,35
1083.226831817,16.89,0,0,195,4,35
1083.304256036,16.83,0,0,195,4,35
1083.381268735,16.83,0,0,195,4,35
1083.458181715,16.83,0,0,195,4,35
1083.534796540,16.83,0,0,195,4,35
1083.611516965,16.83,0,0,195,4,35
1083.688275642,16.83,0,0,195,4,35
1083.764908541,16.83,0,0,195,4,35
1083.841741730,16.83,0,0,195,4,35
1083.919077882,16.83,0,0,195,4,35
1083.996196682,16.83,0,0,195,4,35
1084.073539067,16.83,0,0,195,4,35
1084.151020925,16.83,0,0,195,4,35
1084.229101118,16.83,0,0,195,4,35
1084.306307234,16.78,0,0,195,4,35
1084.384068903,16.78,0,0,195,4,35
1084.462297277,16.78,0,0,195,4,35
1084.539689065,16.78,0,0,195,4,35
1084.617341637,16.78,0,0,195,4,35
1084.694766267,16.78,0,0,195,4,35
1084.772460098,16.78,0,0,187,4,35
1084.849246027,16.78,0,0,187,4,35
1084.926276961,16.78,0,0,187,4,35
1085.003622982,16.78,0,0,187,4,35
1085.080979203,16.78,0,0,187,4,35
1085.158136967,16.78,0,0,187,4,35
1085.236953586,16.78,0,0,187,4,35
1085.314163088,17.09,0,0,187,4,35
1085.391839766,17.09,0,0,187,4,35
1085.468932057,17.09,0,0,187,4,35
1085.545760526,17.09,0,0,187,4,35
1085.623592569,17.09,0,0,187,4,35
1085.701452334,17.09,0,0,187,4,35
1085.780003661,17.09,0,0,195,4,35
1085.857504635,17.09,0,0,195,4,35
1085.935110700,17.09,0,0,195,4,35
1086.012354437,17.09,0,0,195,4,35
1086.089913372,17.09,0,0,195,4,35
1086.167271235,17.09,0,0,195,4,35
1086.244972740,16.90,0,0,195,4,35
1086.322177003,16.90,0,0,195,4,35
1086.399631439,16.90,0,0,195,4,35
1086.477415882,16.90,0,0,195,4,35
1086.554812649,16.90,0,0,195,4,35
1086.632537719,16.90,0,0,195,4,35
1086.709787257,16.90,0,0,195,4,35
1086.787331404,16.90,0,0,195,4,35
1086.864258501,16.90,0,0,195,4,35
1086.941341894,16.90,0,0,195,4,35
1087.018648019,16.90,0,0,195,4,35
1087.096432491,16.90,0,0,195,4,35
1087.173397300,16.90,0,0,195,4,35
1087.250481064,16.86,0,0,195,4,35
1087.327845680,16.86,0,0,195,4,35
1087.405347717,16.86,0,0,195,4,35
1087.483250724,16.86,0,0,195,4,35
1087.560798658,16.86,0,0,195,4,35
1087.637901759,16.86,0,0,195,4,35
1087.715270754,16.86,0,0,195,4,35
1087.793012315,16.86,0,0,195,4,35
1087.870202310,16.86,0,0,195,4,35
1087.947260025,16.86,0,0,195,4,35
1088.023965060,16.86,0,0,195,4,35
1088.102117020,16.86,0,0,195,4,35
1088.179622754,16.86,0,0,195,4,35
1088.257149217,16.82,0,0,195,4,35
1088.333991884,16.82,0,0,195,4,35
1088.411173243,16.82,0,0,195,4,35
1088.488763367,16.82,0,0,195,4,35
1088.566508345,16.82,0,0,195,4,35
1088.644189251,16.82,0,0,195,4,35
1088.721485157,16.82,0,0,195,4,35
1088.798893967,16.82,0,0,195,4,35
1088.876429878,16.82,0,0,195,4,35
1088.961210776,16.82,0,0,195,4,35
1089.047957712,16.82,0,0,195,4,35
1089.124973888,16.82,0,0,195,4,35
1089.202356989,16.82,0,0,195,4,35
1089.279516407,17.47,0,0,195,4,35
1089.357385449,17.47,0,0,195,4,35
1089.434403970,17.47,0,0,195,4,35
1089.510892786,17.47,0,0,195,4,35
1089.587852685,17.47,0,0,195,4,35
1089.664393269,17.47,0,0,195,4,35
1089.741055353,17.47,0,0,195,4,35
1089.817522839,17.47,0,0,195,4,35
1089.893928888,17.47,0,0,195,4,35
1089.971351785,17.47,0,0,195,4,35
1090.047928507,17.47,0,0,195,4,35
1090.125350613,17.47,0,0,195,4,35
1090.202790782,17.47,0,0,195,4,35
1090.280543064,17.19,0,0,195,4,35
1090.357867314,17.19,0,0,195,4,35
1090.435428733,17.19,0,0,195,4,35
1090.513735526,17.19,0,0,195,4,35
1090.591123907,17.19,0,0,195,4,35
1090.668273586,17.19,0,0,195,4,35
1090.745234929,17.19,0,0,195,4,35
1090.823021635,17.19,0,0,195,4,35
1090.900389718,17.19,0,0,195,4,35
1090.977901283,17.19,0,0,195,4,35
1091.055176571,17.19,0,0,195,4,35
1091.132346398,17.19,0,0,195,4,35
1091.209739909,17.19,0,0,195,4,35
1091.287108203,16.90,0,0,195,4,35
1091.364761166,16.90,0,0,195,4,35
1091.442012999,16.90,0,0,195,4,35
1091.518876505,16.90,0,0,195,4,35
1091.596563292,16.90,0,0,195,4,35
1091.673891379,16.90,0,0,195,4,35
1091.751126410,16.90,0,0,195,4,35
1091.828235602,16.90,0,0,195,4,35
1091.905176295,16.90,0,0,195,4,35
1091.981996128,16.90,0,0,195,4,35
1092.058991455,16.90,0,0,195,4,35
1092.136073205,16.90,0,0,195,4,35
1092.213428634,16.90,0,0,195,4,35
1092.290366551,16.81,0,0,195,4,35
1092.367288318,16.81,0,0,195,4,35
1092.444515133,16.81,0,0,195,4,35
1092.521412945,16.81,0,0,195,4,35
1092.598792179,16.81,0,0,195,4,35
1092.675911250,16.81,0,0,195,4,35
1092.753526832,16.81,0,0,195,4,35
1092.831092871,16.81,0,0,195,4,35
1092.908497834,16.81,0,0,195,4,35
1092.985732865,16.81,0,0,195,4,35
1093.063024413,16.81,0,0,195,4,35
1093.140469161,16.81,0,0,195,4,35
1093.217982049,16.81,0,0,195,4,35
1093.295270110,16.72,0,0,195,4,35
1093.373044443,16.72,0,0,195,4,35
1093.450108069,16.72,0,0,195,4,35
1093.527180702,16.72,0,0,195,4,35
1093.604675586,16.72,0,0,195,4,35
1093.681852767,16.72,0,0,195,4,35
1093.760177403,16.72,0,0,195,4,35
1093.837867246,16.72,0,0,195,4,35
1093.915065227,16.72,0,0,195,4,35
1093.992077405,16.72,0,0,195,4,35
1094.069449005,16.72,0,0,195,4,35
1094.146919783,16.72,0,0,195,4,35
1094.224373859,16.72,0,0,195,4,35
1094.301835399,16.70,0,0,195,4,35
1094.378641256,16.70,0,0,195,4,35
1094.456011023,16.70,0,0,195,4,35
1094.533663175,16.70,0,0,195,4,35
1094.611138281,16.70,0,0,195,4,35
1094.688113469,16.70,0,0,195,4,35
1094.765162096,16.70,0,0,195,4,35
1094.842416213,16.70,0,0,195,4,35
1094.919184639,16.70,0,0,195,4,35
1094.997227291,16.70,0,0,195,4,35
1095.074888751,16.70,0,0,195,4,35
1095.152316256,16.70,0,0,195,4,35
1095.230047809,16.70,0,0,195,4,35
1095.307405262,17.03,0,0,195,4,35
1095.383923714,17.03,0,0,195,4,35
1095.460628860,17.03,0,0,195,4,35
1095.537268933,17.03,0,0,195,4,35
1095.613746517,17.03,0,0,195,4,35
1095.690094136,17.03,0,0,195,4,35
1095.766630532,17.03,0,0,195,4,35
1095.842858553,17.03,0,0,195,4,35
1095.919488587,17.03,0,0,195,4,35
1095.996075599,17.03,0,0,195,4,35
1096.073356748,17.03,0,0,195,4,35
1096.151234718,17.03,0,0,195,4,35
1096.228909282,17.03,0,0,195,4,35
1096.306112873,17.00,0,0,195,4,35
1096.383453063,17.00,0,0,195,4,35
1096.463552315,17.00,0,0,195,4,35
1096.541399647,17.00,0,0,195,4,35
1096.618949544,17.00,0,0,195,4,35
1096.696118490,17.00,0,0,195,4,35
1096.773257719,17.00,0,0,195,4,35
1096.850412839,17.00,0,0,195,4,35
1096.928346464,17.00,0,0,195,4,35
1097.005283851,17.00,0,0,195,4,35
1097.083010884,17.00,0,0,195,4,35
1097.160486491,17.00,0,0,195,4,35
1097.239392751,17.00,0,0,195,4,35
1097.316922691,16.88,0,0,195,4,35
1097.393900023,16.88,0,0,195,4,35
1097.471386541,16.88,0,0,195,4,35
1097.549401210,16.88,0,0,195,4,35
1097.627006813,16.88,0,0,195,4,35
1097.704776137,16.88,0,0,195,4,35
1097.782255922,16.88,0,0,195,4,35
1097.859642992,16.88,0,0,195,4,35
1097.937177430,16.88,0,0,195,4,35
1098.015116155,16.88,0,0,195,4,35
1098.092261165,16.88,0,0,195,4,35
1098.170470914,16.88,0,0,195,4,35
1098.249459430,16.83,0,0,195,4,35
1098.326768982,16.83,0,0,195,4,35
1098.404498491,16.83,0,0,195,4,35
1098.482030494,16.83,0,0,195,4,35
1098.559438734,16.83,0,0,195,4,35
1098.636582612,16.83,0,0,195,4,35
1098.713396354,16.83,0,0,195,4,35
1098.790731675,16.83,0,0,195,4,35
1098.867964742,16.83,0,0,195,4,35
1098.944993873,16.83,0,0,195,4,35
1099.021966105,16.83,0,0,195,4,35
1099.098470180,16.83,0,0,195,4,35
1099.174860520,16.83,0,0,195,4,35
1099.250508752,16.60,0,0,195,4,35
1099.328389778,16.60,0,0,195,4,35
1099.405976355,16.60,0,0,195,4,35
1099.482972463,16.60,0,0,195,4,35
1099.560850623,16.60,0,0,195,4,35
1099.638220320,16.60,0,0,195,4,35
1099.715179457,16.60,0,0,195,4,35
1099.792089843,16.60,0,0,195,4,35
1099.869412219,16.60,0,0,195,4,35
1099.947084910,16.60,0,0,195,4,35
1100.024827493,16.60,0,0,195,4,35
1100.102429009,16.60,0,0,195,4,35
1100.180103834,16.60,0,0,195,4,35
1100.257877817,16.96,0,0,195,4,35
1100.335103750,16.96,0,0,195,4,35
1100.412189558,16.96,0,0,195,4,35
1100.489042755,16.96,0,0,195,4,35
1100.566396611,16.96,0,0,195,4,35
1100.643364085,16.96,0,0,195,4,35
1100.720922459,16.96,0,0,195,4,35
1100.798344625,16.96,0,0,195,4,35
1100.875913459,16.96,0,0,195,4,35
1100.953431616,16.96,0,0,195,4,35
1101.030747851,16.96,0,0,195,4,35
1101.109689027,16.96,0,0,195,4,35
1101.186885715,16.96,0,0,195,4,35
1101.263807352,16.76,0,0,195,4,35
1101.340023081,16.76,0,0,195,4,35
1101.415883675,16.76,0,0,195,4,35
1101.492669434,16.76,0,0,195,4,35
1101.569082667,16.76,0,0,195,4,35
1101.645747036,16.76,0,0,195,4,35
1101.721839421,16.76,0,0,195,4,35
1101.797806708,16.76,0,0,195,4,35
1101.874172411,16.76,0,0,195,4,35
1101.950569292,16.76,0,0,195,4,35
1102.027743157,16.76,0,0,195,4,35
1102.104831611,16.76,0,0,195,4,35
1102.182314091,16.76,0,0,195,4,35
1102.260119964,16.58,0,0,195,4,35
1102.339062072,16.58,0,0,195,4,35
1102.416775380,16.58,0,0,195,4,35
1102.495405866,16.58,0,0,195,4,35
1102.572836348,16.58,0,0,195,4,35
1102.650789220,16.58,0,0,195,4,35
1102.727947746,16.58,0,0,195,4,35
1102.805198878,16.58,0,0,195,4,35
1102.882155020,16.58,0,0,195,4,35
1102.959839312,16.58,0,0,195,4,35
1103.037293759,16.58,0,0,195,4,35
1103.114780417,16.58,0,0,195,4,35
1103.192754089,16.58,0,0,195,4,35
1103.270513644,16.50,0,0,195,4,35
1103.348088189,16.50,0,0,195,4,35
1103.425403913,16.50,0,0,195,4,35
1103.503171474,16.50,0,0,195,4,35
1103.580785654,16.50,0,0,195,4,35
1103.657619905,16.50,0,0,195,4,35
1103.735099299,16.50,0,0,195,4,35
1103.813060577,16.50,0,0,195,4,35
1103.890343799,16.50,0,0,195,4,35
1103.968330215,16.50,0,0,195,4,35
1104.045795873,16.50,0,0,195,4,35
1104.123132517,16.50,0,0,195,4,35
1104.200635947,16.50,0,0,195,4,35
1104.278293369,16.55,0,0,195,4,35
1104.355355121,16.55,0,0,195,4,35
1104.432677187,16.55,0,0,195,4,35
1104.509857665,16.55,0,0,195,4,35
1104.587406811,16.55,0,0,195,4,35
1104.665146559,16.55,0,0,195,4,35
1104.744310548,16.55,0,0,195,4,35
1104.822045677,16.55,0,0,195,4,35
1104.899174186,16.55,0,0,195,4,35
1104.977085730,16.55,0,0,195,4,35
1105.054723214,16.55,0,0,195,4,35
1105.131731805,16.55,0,0,195,4,35
1105.209026239,16.55,0,0,195,4,35
1105.286628767,16.62,0,0,195,4,35
1105.363684849,16.62,0,0,195,4,35
1105.440689623,16.62,0,0,195,4,35
1105.518362735,16.62,0,0,195,4,35
1105.595799528,16.62,0,0,195,4,35
1105.673241592,16.62,0,0,195,4,35
1105.750823080,16.62,0,0,195,4,35
1105.828306382,16.62,0,0,195,4,35
1105.906037233,16.62,0,0,195,4,35
1105.983277073,16.62,0,0,195,4,35
1106.060541029,16.62,0,0,195,4,35
1106.137441465,16.62,0,0,195,4,35
1106.214299201,16.62,0,0,195,4,35
1106.291588305,16.56,0,0,195,4,35
1106.369177888,16.56,0,0,195,4,35
1106.445801239,16.56,0,0,195,4,35
1106.523071607,16.56,0,0,195,4,35
1106.600260270,16.56,0,0,195,4,35
1106.677414398,16.56,0,0,195,4,35
1106.754075360,16.56,0,0,195,4,35
1106.831188550,16.56,0,0,195,4,35
1106.908840001,16.56,0,0,195,4,35
1106.986333632,16.56,0,0,195,4,35
1107.063432585,16.56,0,0,195,4,35
1107.140472436,16.56,0,0,195,4,35
1107.217309272,16.56,0,0,195,4,35
1107.294749502,16.64,0,0,195,4,35
1107.370380332,16.64,0,0,195,4,35
1107.447908359,16.64,0,0,195,4,35
1107.524477437,16.64,0,0,195,4,35
1107.600987073,16.64,0,0,195,4,35
1107.677798601,16.64,0,0,195,4,35
1107.755160282,16.64,0,0,195,4,35
1107.832797886,16.64,0,0,195,4,35
1107.910025864,16.64,0,0,195,4,35
1107.987865782,16.64,0,0,195,4,35
1108.064987087,16.64,0,0,195,4,35
1108.142218982,16.64,0,0,195,4,35
1108.219145148,16.64,0,0,195,4,35
1108.296941834,16.76,0,0,195,4,35
1108.374683606,16.76,0,0,195,4,35
1108.451956338,16.76,0,0,195,4,35
1108.528962876,16.76,0,0,195,4,35
1108.606415449,16.76,0,0,195,4,35
1108.683808830,16.76,0,0,195,4,35
1108.761068809,16.76,0,0,195,4,35
1108.837894904,16.76,0,0,195,4,35
1108.915726687,16.76,0,0,195,4,35
1108.993126190,16.76,0,0,195,4,35
1109.070295526,16.76,0,0,195,4,35
1109.147726749,16.76,0,0,195,4,35
1109.225511122,16.76,0,0,195,4,35
1109.303172502,16.78,0,0,195,4,35
1109.382094651,16.78,0,0,195,4,35
1109.459311538,16.78,0,0,195,4,35
1109.536884350,16.78,0,0,195,4,35
1109.614606484,16.78,0,0,195,4,35
1109.692459627,16.78,0,0,195,4,35
1109.770048209,16.78,0,0,195,4,35
1109.847103359,16.78,0,0,195,4,35
1109.924113984,16.78,0,0,195,4,35
1110.001899329,16.78,0,0,195,4,35
1110.079224901,16.78,0,0,195,4,35
1110.156027613,16.78,0,0,195,4,35
1110.233576128,16.78,0,0,195,4,35
1110.310851636,16.85,0,0,195,4,35
1110.388318958,16.85,0,0,195,4,35
1110.465752335,16.85,0,0,195,4,35
1110.543658378,16.85,0,0,195,4,35
1110.620750588,16.85,0,0,195,4,35
1110.698148007,16.85,0,0,195,4,35
1110.775718785,16.85,0,0,195,4,35
1110.853203199,16.85,0,0,195,4,35
1110.930001041,16.85,0,0,195,4,35
1111.007282190,16.85,0,0,195,4,35
1111.085171361,16.85,0,0,195,4,35
1111.163002593,16.85,0,0,195,4,35
1111.240045239,16.85,0,0,195,4,35
1111.318128929,16.86,0,0,195,4,35
1111.395281464,16.86,0,0,195,4,35
1111.473642981,16.86,0,0,195,4,35
1111.550862502,16.86,0,0,195,4,35
1111.627973478,16.86,0,0,195,4,35
1111.705883259,16.86,0,0,195,4,35
1111.783225022,16.86,0,0,195,4,35
1111.860399208,16.86,0,0,195,4,35
1111.937236034,16.86,0,0,195,4,35
1112.014421070,16.86,0,0,195,4,35
1112.091305637,16.86,0,0,195,4,35
1112.168787416,16.86,0,0,195,4,35
1112.247515007,16.73,0,0,195,4,35
1112.324737514,16.73,0,0,195,4,35
1112.402007051,16.73,0,0,195,4,35
1112.479056089,16.73,0,0,195,4,35
1112.556745552,16.73,0,0,195,4,35
1112.634002014,16.73,0,0,195,4,35
1112.710796389,16.73,0,0,195,4,35
1112.787927894,16.73,0,0,195,4,35
1112.865222558,16.73,0,0,195,4,35
1112.943243349,16.73,0,0,195,4,35
1113.020677558,16.73,0,0,195,4,35
1113.097142309,16.73,0,0,195,4,35
1113.173680118,16.73,0,0,195,4,35
1113.250184694,16.59,0,0,195,4,35
1113.326618957,16.59,0,0,195,4,35
1113.403632979,16.59,0,0,195,4,35
1113.480590484,16.59,0,0,195,4,35
1113.557720015,16.59,0,0,195,4,35
1113.634237366,16.59,0,0,195,4,35
1113.711152089,16.59,0,0,195,4,35
1113.788227087,16.59,0,0,195,4,35
1113.865496904,16.59,0,0,195,4,35
1113.942835963,16.59,0,0,195,4,35
1114.019998106,16.59,0,0,195,4,35
1114.096921215,16.59,0,0,195,4,35
1114.174475302,16.59,0,0,195,4,35
1114.251438016,16.58,0,0,195,4,35
1114.329087193,16.58,0,0,195,4,35
1114.406489231,16.58,0,0,195,4,35
1114.484139269,16.58,0,0,195,4,35
1114.561799426,16.58,0,0,195,4,35
1114.639094150,16.58,0,0,195,4,35
1114.716234963,16.58,0,0,195,4,35
1114.795142575,16.58,0,0,195,4,35
1114.872250826,16.58,0,0,195,4,35
1114.949558795,16.58,0,0,195,4,35
1115.027110136,16.58,0,0,195,4,35
1115.104152241,16.58,0,0,195,4,35
1115.181950961,16.58,0,0,195,4,35
1115.259512541,16.86,0,0,195,4,35
1115.336699842,16.86,0,0,195,4,35
1115.413688556,16.86,0,0,195,4,35
1115.491894999,16.86,0,0,195,4,35
1115.569198631,16.86,0,0,195,4,35
1115.646636326,16.86,0,0,195,4,35
1115.723638736,16.86,0,0,195,4,35
1115.801276451,16.86,0,0,195,4,35
1115.878876374,16.86,0,0,195,4,35
1115.956540939,16.86,0,0,195,4,35
1116.033287013,16.86,0,0,195,4,35
1116.111451647,16.86,0,0,195,4,35
1116.188901907,16.86,0,0,195,4,35
1116.266294256,16.85,0,0,195,4,35
1116.343519288,16.85,0,0,195,4,35
1116.421055420,16.85,0,0,195,4,35
1116.498805037,16.85,0,0,195,4,35
1116.576439476,16.85,0,0,195,4,35
1116.653983503,16.85,0,0,195,4,35
1116.731800347,16.85,0,0,195,4,35
1116.809016673,16.85,0,0,195,4,35
1116.886704322,16.85,0,0,195,4,35
1116.963989739,16.85,0,0,195,4,35
1117.041082691,16.85,0,0,195,4,35
1117.118140115,16.85,0,0,195,4,35
1117.196275333,16.85,0,0,195,4,35
1117.274000213,16.88,0,0,195,4,35
1117.351169340,16.88,0,0,195,4,35
1117.428274885,16.88,0,0,195,4,35
1117.505052319,16.88,0,0,195,4,35
1117.582203020,16.88,0,0,195,4,35
1117.659267037,16.88,0,0,195,4,35
1117.736716345,16.88,0,0,195,4,35
1117.813899107,16.88,0,0,195,4,35
1117.891470255,16.88,0,0,195,4,35
1117.969473793,16.88,0,0,195,4,35
1118.047269638,16.88,0,0,195,4,35
1118.124281997,16.88,0,0,195,4,35
1118.201640693,16.88,0,0,195,4,35
1118.279040356,16.87,0,0,195,4,35
1118.356243016,16.87,0,0,195,4,35
1118.433928000,16.87,0,0,195,4,35
1118.511069063,16.87,0,0,195,4,35
1118.587462469,16.87,0,0,195,4,35
1118.664885967,16.87,0,0,195,4,35
1118.742361795,16.87,0,0,195,4,35
1118.819439819,16.87,0,0,195,4,35
1118.896633692,16.87,0,0,195,4,35
1118.973561811,16.87,0,0,195,4,35
1119.049983209,16.87,0,0,195,4,35
1119.125808758,16.87,0,0,195,4,35
1119.202436538,16.87,0,0,195,4,35
1119.278947406,16.65,0,0,195,4,35
1119.355397499,16.65,0,0,195,4,35
1119.431790504,16.65,0,0,195,4,35
1119.508942407,16.65,0,0,195,4,35
1119.585391198,16.65,0,0,195,4,35
1119.661832163,16.65,0,0,195,4,35
1119.739576981,16.65,0,0,195,4,35
1119.817585719,16.65,0,0,195,4,35
1119.894902806,16.65,0,0,195,4,35
1119.972444940,16.65,0,0,195,4,35
1120.050043109,16.65,0,0,195,4,35
1120.127284553,16.65,0,0,195,4,35
1120.204560541,16.65,0,0,195,4,35
1120.282190421,16.65,0,0,195,4,35
1120.359163786,16.65,0,0,195,4,35
1120.437370280,16.65,0,0,195,4,35
1120.515031419,16.65,0,0,195,4,35
1120.592708127,16.65,0,0,195,4,35
1120.669608033,16.65,0,0,195,4,35
1120.748862092,16.65,0,0,195,4,35
1120.826319916,16.65,0,0,195,4,35
1120.903930990,16.65,0,0,195,4,35
1120.981263126,16.65,0,0,195,4,35
1121.058904507,16.65,0,0,195,4,35
1121.136135771,16.65,0,0,195,4,35
1121.213212432,16.65,0,0,195,4,35
1121.291201594,16.90,0,0,195,4,35
1121.368900945,16.90,0,0,195,4,35
1121.446435204,16.90,0,0,195,4,35
1121.523870865,16.90,0,0,195,4,35
1121.601528398,16.90,0,0,195,4,35
1121.678769741,16.90,0,0,195,4,35
1121.755837195,16.90,0,0,195,4,35
1121.833039905,16.90,0,0,195,4,35
1121.911029466,16.90,0,0,195,4,35
1121.988109814,16.90,0,0,195,4,35
1122.065072469,16.90,0,0,195,4,35
1122.142646764,16.90,0,0,195,4,35
1122.219789450,16.90,0,0,195,4,35
1122.297600714,16.86,0,0,195,4,35
1122.374948449,16.86,0,0,195,4,35
1122.452077940,16.86,0,0,195,4,35
1122.530387498,16.86,0,0,195,4,35
1122.607527720,16.86,0,0,195,4,35
1122.684963301,16.86,0,0,195,4,35
1122.761923091,16.86,0,0,195,4,35
1122.839845575,16.86,0,0,195,4,35
1122.917789451,16.86,0,0,195,4,35
1122.995135522,16.86,0,0,195,4,35
1123.072757327,16.86,0,0,195,4,35
1123.150383820,16.86,0,0,195,4,35
1123.227687983,16.86,0,0,195,4,35
1123.305086113,16.77,0,0,195,4,35
1123.382264166,16.77,0,0,195,4,35
1123.459856345,16.77,0,0,195,4,35
1123.536770908,16.77,0,0,195,4,35
1123.613851267,16.77,0,0,195,4,35
1123.690774296,16.77,0,0,195,4,35
1123.768643780,16.77,0,0,195,4,35
1123.846102927,16.77,0,0,195,4,35
1123.923211638,16.77,0,0,195,4,35
1124.000616121,16.77,0,0,195,4,35
1124.077445193,16.77,0,0,195,4,35
1124.154892757,16.77,0,0,195,4,35
1124.232015225,16.77,0,0,195,4,35
1124.308917295,16.79,0,0,195,4,35
1124.386040644,16.79,0,0,195,4,35
1124.462219914,16.79,0,0,195,4,35
1124.539354956,16.79,0,0,195,4,35
1124.616590818,16.79,0,0,195,4,35
1124.694064943,16.79,0,0,195,4,35
1124.771839487,16.79,0,0,195,4,35
1124.848727631,16.79,0,0,195,4,35
1124.925462063,16.79,0,0,195,4,35
1125.002162691,16.79,0,0,195,4,35
1125.078820478,16.79,0,0,195,4,35
1125.155719582,16.79,0,0,195,4,35
1125.232679311,16.79,0,0,195,4,35
1125.309226489,16.83,0,0,195,4,35
1125.385960330,16.83,0,0,195,4,35
1125.462652762,16.83,0,0,195,4,35
1125.538899349,16.83,0,0,195,4,35
1125.616229701,16.83,0,0,195,4,35
1125.693705970,16.83,0,0,195,4,35
1125.771371458,16.83,0,0,195,4,35
1125.850906540,16.83,0,0,195,4,35
1125.927920492,16.83,0,0,195,4,35
1126.005293675,16.83,0,0,195,4,35
1126.082530741,16.83,0,0,195,4,35
1126.159998593,16.83,0,0,195,4,35
1126.236873913,16.83,0,0,195,4,35
1126.314391299,16.86,0,0,195,4,35
1126.391831660,16.86,0,0,195,4,35
1126.469149839,16.86,0,0,195,4,35
1126.546757917,16.86,0,0,195,4,35
1126.624044917,16.86,0,0,195,4,35
1126.701193425,16.86,0,0,195,4,35
1126.778363974,16.86,0,0,195,4,35
1126.856564676,16.86,0,0,195,4,35
1126.934121307,16.86,0,0,195,4,35
1127.011483008,16.86,0,0,195,4,35
1127.088708642,16.86,0,0,195,4,35
1127.165626683,16.86,0,0,195,4,35
1127.243071993,16.86,0,0,195,4,35
1127.320559192,16.66,0,0,195,4,35
1127.397227489,16.66,0,0,195,4,35
1127.473942615,16.66,0,0,195,4,35
1127.551141768,16.66,0,0,195,4,35
1127.628252594,16.66,0,0,195,4,35
1127.705431789,16.66,0,0,195,4,35
1127.782567112,16.66,0,0,195,4,35
1127.860046466,16.66,0,0,195,4,35
1127.937541330,16.66,0,0,195,4,35
1128.015085718,16.66,0,0,195,4,35
1128.092217143,16.66,0,0,195,4,35
1128.170341230,16.66,0,0,195,4,35
1128.248798839,16.66,0,0,195,4,35
1128.325967024,16.61,0,0,195,4,35
1128.403300883,16.61,0,0,195,4,35
1128.480436405,16.61,0,0,195,4,35
1128.558658048,16.61,0,0,195,4,35
1128.635989922,16.61,0,0,195,4,35
1128.713531255,16.61,0,0,195,4,35
1128.790996933,16.61,0,0,195,4,35
1128.868155560,16.61,0,0,195,4,35
1128.945249163,16.61,0,0,195,4,35
1129.022472001,16.61,0,0,195,4,35
1129.100098224,16.61,0,0,195,4,35
1129.177777478,16.61,0,0,195,4,35
1129.254666363,16.39,0,0,195,4,35
1129.331860908,16.39,0,0,195,4,35
1129.409383224,16.39,0,0,195,4,35
1129.487679668,16.39,0,0,195,4,35
1129.565731067,16.39,0,0,195,4,35
1129.643564473,16.39,0,0,195,4,35
1129.720337418,16.39,0,0,195,4,35
1129.798451295,16.39,0,0,195,4,35
1129.875884713,16.39,0,0,195,4,35
1129.953323811,16.39,0,0,195,4,35
1130.030676386,16.39,0,0,195,4,35
1130.108100906,16.39,0,0,195,4,35
1130.185141038,16.39,0,0,195,4,35
1130.262342045,16.62,0,0,195,4,35
1130.339310812,16.62,0,0,195,4,35
1130.416312521,16.62,0,0,195,4,35
1130.493756518,16.62,0,0,195,4,35
1130.571297139,16.62,0,0,195,4,35
1130.649296950,16.62,0,0,195,4,35
1130.726468101,16.62,0,0,195,4,35
1130.804750308,16.62,0,0,195,4,35
1130.881540175,16.62,0,0,195,4,35
1130.958199174,16.62,0,0,195,4,35
1131.034127418,16.62,0,0,195,4,35
1131.110514291,16.62,0,0,195,4,35
1131.186617877,16.62,0,0,195,4,35
1131.263386074,16.78,0,0,195,4,35
1131.341200934,16.78,0,0,195,4,35
1131.417778820,16.78,0,0,195,4,35
1131.494682844,16.78,0,0,195,4,35
1131.570849599,16.78,0,0,195,4,35
1131.648110270,16.78,0,0,195,4,35
1131.725330182,16.78,0,0,195,4,35
1131.802431771,16.78,0,0,195,4,35
1131.879882782,16.78,0,0,195,4,35
1131.957017222,16.78,0,0,195,4,35
1132.034436764,16.78,0,0,195,4,35
1132.111673228,16.78,0,0,195,4,35
1132.188834128,16.78,0,0,195,4,35
1132.266089909,16.80,0,0,195,4,34
1132.343112758,16.80,0,0,195,4,34
1132.420263900,16.80,0,0,195,4,34
1132.497402920,16.80,0,0,195,4,34
1132.574501142,16.80,0,0,195,4,34
1132.652556108,16.80,0,0,195,4,34
1132.730129781,16.80,0,0,195,4,34
1132.809178051,16.80,0,0,195,4,34
1132.886725705,16.80,0,0,195,4,34
1132.963992988,16.80,0,0,195,4,34
1133.042576215,16.80,0,0,195,4,34
1133.120355489,16.80,0,0,195,4,34
1133.197340686,16.80,0,0,195,4,34
1133.274517558,16.84,0,0,195,4,35
1133.351597936,16.84,0,0,195,4,35
1133.429506875,16.84,0,0,195,4,35
1133.506671674,16.84,0,0,195,4,35
1133.584176797,16.84,0,0,195,4,35
1133.660952147,16.84,0,0,195,4,35
1133.738163453,16.84,0,0,195,4,35
1133.816291318,16.84,0,0,195,4,35
1133.894009134,16.84,0,0,195,4,35
1133.971244346,16.84,0,0,195,4,35
1134.049801785,16.84,0,0,195,4,35
1134.127152917,16.84,0,0,195,4,35
1134.204369403,16.84,0,0,195,4,35
1134.282194313,16.83,0,0,195,4,35
1134.359448030,16.83,0,0,195,4,35
1134.436460679,16.83,0,0,195,4,35
1134.514223221,16.83,0,0,195,4,35
1134.591691184,16.83,0,0,195,4,35
1134.669900412,16.83,0,0,195,4,35
1134.747909522,16.83,0,0,195,4,35
1134.825168007,16.83,0,0,195,4,35
1134.902583100,16.83,0,0,195,4,35
1134.979837539,16.83,0,0,195,4,35
1135.057648422,16.83,0,0,195,4,35
1135.135462742,16.83,0,0,195,4,35
1135.212903363,16.83,0,0,195,4,35
1135.290322012,16.78,0,0,195,4,35
1135.368038827,16.78,0,0,195,4,35
1135.445720085,16.78,0,0,195,4,35
1135.523237822,16.78,0,0,195,4,35
1135.600147096,16.78,0,0,195,4,35
1135.677627893,16.78,0,0,195,4,35
1135.754836415,16.78,0,0,195,4,35
1135.832208275,16.78,0,0,195,4,35
1135.909202921,16.78,0,0,195,4,35
1135.986709778,16.78,0,0,195,4,35
1136.064236112,16.78,0,0,195,4,35
1136.141126400,16.78,0,0,195,4,35
1136.218449718,16.78,0,0,195,4,35
1136.295052080,16.57,0,0,195,4,35
1136.372528159,16.57,0,0,195,4,35
1136.449989950,16.57,0,0,195,4,35
1136.528423625,16.57,0,0,195,4,35
1136.606859613,16.57,0,0,195,4,35
1136.684080458,16.57,0,0,195,4,35
1136.761343733,16.57,0,0,195,4,35
1136.837831958,16.57,0,0,195,4,35
1136.914740801,16.57,0,0,195,4,35
1136.991071308,16.57,0,0,195,4,35
1137.067789689,16.57,0,0,195,4,35
1137.143823353,16.57,0,0,195,4,35
1137.220396399,16.57,0,0,195,4,35
1137.296980046,16.62,0,0,195,4,35
1137.373645377,16.62,0,0,195,4,35
1137.450916407,16.62,0,0,195,4,35
1137.528384610,16.62,0,0,195,4,35
1137.605180840,16.62,0,0,195,4,35
1137.682193610,16.62,0,0,195,4,35
1137.759926966,16.62,0,0,195,4,35
1137.837054294,16.62,0,0,195,4,35
1137.914451032,16.62,0,0,195,4,35
1137.991352761,16.62,0,0,195,4,35
1138.068423151,16.62,0,0,195,4,35
1138.145766818,16.62,0,0,195,4,35
1138.222759731,16.62,0,0,195,4,35
1138.300316762,16.58,0,0,195,4,35
1138.377909021,16.58,0,0,195,4,35
1138.455307012,16.58,0,0,195,4,35
1138.533179151,16.58,0,0,195,4,35
1138.610907217,16.58,0,0,195,4,35
1138.688275291,16.58,0,0,195,4,35
1138.765745929,16.58,0,0,195,4,35
1138.843052396,16.58,0,0,195,4,35
1138.920282799,16.58,0,0,195,4,35
1138.997233952,16.58,0,0,195,4,35
1139.074651420,16.58,0,0,195,4,35
1139.151818873,16.58,0,0,195,4,35
1139.228813429,16.58,0,0,195,4,35
1139.308157960,16.56,0,0,195,4,35
1139.385746311,16.56,0,0,195,4,35
1139.462789058,16.56,0,0,195,4,35
1139.540292438,16.56,0,0,195,4,35
1139.617912039,16.56,0,0,195,4,35
1139.695586844,16.56,0,0,195,4,35
1139.772811627,16.56,0,0,195,4,35
1139.849875283,16.56,0,0,195,4,35
1139.926879116,16.56,0,0,195,4,35
1140.004048263,16.56,0,0,195,4,35
1140.081460561,16.56,0,0,195,4,35
1140.159252739,16.56,0,0,195,4,35
1140.236733767,16.56,0,0,195,4,35
1140.314214995,16.70,0,0,195,4,34
1140.391312275,16.70,0,0,195,4,34
1140.468903392,16.70,0,0,195,4,34
1140.546473669,16.70,0,0,195,4,34
1140.625578276,16.70,0,0,195,4,34
1140.702890754,16.70,0,0,195,4,34
1140.780235503,16.70,0,0,195,4,34
1140.857570474,16.70,0,0,195,4,34
1140.935669394,16.70,0,0,195,4,34
1141.013479315,16.70,0,0,195,4,34
1141.091125396,16.70,0,0,195,4,34
1141.168365136,16.70,0,0,195,4,34
1141.245818542,16.70,0,0,195,4,34
1141.322923166,16.66,0,0,195,4,35
1141.400640122,16.66,0,0,195,4,35
1141.478453099,16.66,0,0,195,4,35
1141.556389290,16.66,0,0,195,4,35
1141.633403974,16.66,0,0,195,4,35
1141.710624157,16.66,0,0,195,4,35
1141.788319492,16.66,0,0,195,4,35
1141.865609477,16.66,0,0,195,4,35
1141.943297418,16.66,0,0,195,4,35
1142.020382545,16.66,0,0,195,4,35
1142.097756851,16.66,0,0,195,4,35
1142.175407410,16.66,0,0,195,4,35
1142.253823000,16.67,0,0,195,4,35
1142.331065696,16.67,0,0,195,4,35
1142.408060843,16.67,0,0,195,4,35
1142.485369153,16.67,0,0,195,4,35
1142.562671923,16.67,0,0,195,4,35
1142.640548481,16.67,0,0,195,4,35
1142.716842619,16.67,0,0,195,4,35
1142.794327665,16.67,0,0,195,4,35
1142.870325110,16.67,0,0,195,4,35
1142.947024105,16.67,0,0,195,4,35
1143.023484477,16.67,0,0,195,4,35
1143.099995276,16.67,0,0,195,4,35
1143.176022027,16.67,0,0,195,4,35
1143.254953274,16.75,0,0,195,4,35
1143.331584371,16.75,0,0,195,4,35
1143.408945962,16.75,0,0,195,4,35
1143.486008337,16.75,0,0,195,4,35
1143.563865227,16.75,0,0,195,4,35
1143.641341627,16.75,0,0,195,4,35
1143.718702236,16.75,0,0,195,4,35
1143.796374787,16.75,0,0,195,4,35
1143.873952439,16.75,0,0,195,4,35
1143.951083463,16.75,0,0,195,4,35
1144.028331891,16.75,0,0,195,4,35
1144.105385879,16.75,0,0,195,4,35
1144.182245419,16.75,0,0,195,4,35
1144.259816107,16.66,0,0,195,4,35
1144.336778030,16.66,0,0,195,4,35
1144.414056214,16.66,0,0,195,4,35
1144.491172450,16.66,0,0,195,4,35
1144.568434403,16.66,0,0,195,4,35
1144.645404232,16.66,0,0,195,4,35
1144.722854081,16.66,0,0,195,4,35
1144.799754128,16.66,0,0,195,4,35
1144.876944474,16.66,0,0,195,4,35
1144.954713448,16.66,0,0,195,4,35
1145.032201459,16.66,0,0,195,4,35
1145.111328619,16.66,0,0,195,4,35
1145.188905118,16.66,0,0,195,4,35
1145.266338225,16.75,0,0,195,4,35
1145.345911350,16.75,0,0,195,4,35
1145.423203310,16.75,0,0,195,4,35
1145.500447268,16.75,0,0,195,4,35
1145.578195964,16.75,0,0,195,4,35
1145.655466523,16.75,0,0,195,4,35
1145.732702366,16.75,0,0,195,4,35
1145.810407980,16.75,0,0,195,4,35
1145.887997424,16.75,0,0,195,4,35
1145.965319390,16.75,0,0,195,4,35
1146.043713380,16.75,0,0,195,4,35
1146.120535338,16.75,0,0,195,4,35
1146.197895547,16.75,0,0,195,4,35
1146.275251498,16.83,0,0,195,4,35
1146.352885396,16.83,0,0,195,4,35
1146.430699275,16.83,0,0,195,4,35
1146.508134276,16.83,0,0,195,4,35
1146.585064620,16.83,0,0,195,4,35
1146.662099392,16.83,0,0,195,4,35
1146.739058670,16.83,0,0,195,4,35
1146.816374225,16.83,0,0,195,4,35
1146.894090949,16.83,0,0,195,4,35
1146.970599484,16.83,0,0,195,4,35
1147.047032074,16.83,0,0,195,4,35
1147.124005239,16.83,0,0,195,4,35
1147.200309416,16.83,0,0,195,4,35
1147.276721537,16.75,0,0,195,4,35
1147.353648935,16.75,0,0,195,4,35
1147.430413184,16.75,0,0,195,4,35
1147.507825142,16.75,0,0,195,4,35
1147.585540434,16.75,0,0,195,4,35
1147.662720000,16.75,0,0,195,4,35
1147.740499655,16.75,0,0,195,4,35
1147.817787947,16.75,0,0,195,4,35
1147.895526935,16.75,0,0,195,4,35
1147.973062596,16.75,0,0,195,4,35
1148.050095184,16.75,0,0,195,4,35
1148.127966111,16.75,0,0,195,4,35
1148.205624886,16.75,0,0,195,4,35
1148.282327378,16.67,0,0,195,4,34
1148.359071309,16.67,0,0,195,4,34
1148.436273188,16.67,0,0,195,4,34
1148.513199103,16.67,0,0,195,4,34
1148.590886042,16.67,0,0,195,4,34
1148.667569487,16.67,0,0,195,4,34
1148.743682882,16.67,0,0,195,4,34
1148.819952634,16.67,0,0,195,4,34
1148.896887546,16.67,0,0,195,4,34
1148.972941228,16.67,0,0,195,4,34
1149.049229234,16.67,0,0,195,4,34
1149.125582935,16.67,0,0,195,4,34
1149.203060377,16.67,0,0,195,4,34
1149.279375354,16.59,0,0,195,4,35
1149.356354611,16.59,0,0,195,4,35
1149.433411294,16.59,0,0,195,4,35
1149.510764420,16.59,0,0,195,4,35
1149.587653846,16.59,0,0,195,4,35
1149.665521066,16.59,0,0,195,4,35
1149.743194990,16.59,0,0,195,4,35
1149.820623659,16.59,0,0,195,4,35
1149.898107883,16.59,0,0,195,4,35
1149.975574704,16.59,0,0,195,4,35
1150.053226646,16.59,0,0,195,4,35
1150.130220751,16.59,0,0,195,4,35
1150.207846324,16.59,0,0,195,4,35
1150.284878901,16.59,0,0,195,4,35
1150.362120956,16.59,0,0,195,4,35
1150.440040686,16.59,0,0,195,4,35
1150.517044910,16.59,0,0,195,4,35
1150.594444193,16.59,0,0,195,4,35
1150.672072992,16.59,0,0,195,4,35
1150.749333121,16.59,0,0,195,4,35
1150.827015351,16.59,0,0,195,4,35
1150.904511297,16.59,0,0,195,4,35
1150.981362822,16.59,0,0,195,4,35
1151.059681388,16.59,0,0,195,4,35
1151.137176082,16.59,0,0,195,4,35
1151.214368192,16.59,0,0,195,4,35
1151.291740454,16.57,0,0,195,4,34
1151.369265576,16.57,0,0,195,4,34
1151.446320055,16.57,0,0,195,4,34
1151.523997886,16.57,0,0,195,4,34
1151.600697573,16.57,0,0,195,4,34
1151.677769676,16.57,0,0,195,4,34
1151.757008747,16.57,0,0,195,4,34
1151.834109945,16.57,0,0,195,4,34
1151.911205342,16.57,0,0,195,4,34
1151.988067337,16.57,0,0,195,4,34
1152.065597798,16.57,0,0,195,4,34
1152.142992393,16.57,0,0,195,4,34
1152.220191947,16.57,0,0,195,4,34
1152.298014172,16.63,0,0,195,4,35
1152.375276305,16.63,0,0,195,4,35
1152.452437457,16.63,0,0,195,4,35
1152.529263774,16.63,0,0,195,4,35
1152.606365372,16.63,0,0,195,4,35
1152.683803239,16.63,0,0,195,4,35
1152.761734049,16.63,0,0,195,4,35
1152.839468879,16.63,0,0,195,4,35
1152.916565859,16.63,0,0,195,4,35
1152.993995599,16.63,0,0,195,4,35
1153.072559360,16.63,0,0,195,4,35
1153.150785892,16.63,0,0,195,4,35
1153.228569233,16.63,0,0,195,4,35
1153.305668628,16.59,0,0,195,4,35
1153.383162511,16.59,0,0,195,4,35
1153.460782602,16.59,0,0,195,4,35
1153.538170354,16.59,0,0,195,4,35
1153.615678714,16.59,0,0,195,4,35
1153.692436340,16.59,0,0,195,4,35
1153.770056803,16.59,0,0,195,4,35
1153.847602874,16.59,0,0,195,4,35
1153.924892650,16.59,0,0,195,4,35
1154.001688028,16.59,0,0,195,4,35
1154.079041855,16.59,0,0,195,4,35
1154.156427933,16.59,0,0,195,4,35
1154.233393253,16.59,0,0,195,4,35
1154.310329008,16.67,0,0,195,4,35
1154.387954189,16.67,0,0,195,4,35
1154.465128446,16.67,0,0,195,4,35
1154.542505246,16.67,0,0,195,4,35
1154.619907114,16.67,0,0,195,4,35
1154.695957400,16.67,0,0,195,4,35
1154.772952737,16.67,0,0,195,4,35
1154.849268385,16.67,0,0,195,4,35
1154.925810303,16.67,0,0,195,4,35
1155.003265993,16.67,0,0,195,4,35
1155.080027818,16.67,0,0,195,4,35
1155.157019949,16.67,0,0,195,4,35
1155.234188885,16.67,0,0,195,4,35
1155.311834516,16.90,0,0,195,4,35
1155.390320650,16.90,0,0,195,4,35
1155.467442256,16.90,0,0,195,4,35
1155.545227882,16.90,0,0,195,4,35
1155.622764466,16.90,0,0,195,4,35
1155.700323101,16.90,0,0,195,4,35
1155.778096102,16.90,0,0,195,4,35
1155.855189275,16.90,0,0,195,4,35
1155.932461758,16.90,0,0,195,4,35
1156.009620064,16.90,0,0,195,4,35
1156.086689292,16.90,0,0,195,4,35
1156.163506642,16.90,0,0,195,4,35
1156.241339397,16.90,0,0,195,4,35
1156.318394307,16.91,0,0,195,4,34
1156.395702498,16.91,0,0,195,4,34
1156.473189447,16.91,0,0,195,4,34
1156.550393841,16.91,0,0,195,4,34
1156.627251868,16.91,0,0,195,4,34
1156.704311517,16.91,0,0,195,4,34
1156.781994668,16.91,0,0,195,4,34
1156.859460087,16.91,0,0,195,4,34
1156.937024213,16.91,0,0,195,4,34
1157.014417114,16.91,0,0,195,4,34
1157.092022548,16.91,0,0,195,4,34
1157.169494559,16.91,0,0,195,4,34
1157.246550111,16.91,0,0,195,4,34
1157.323763521,16.73,0,0,195,4,35
1157.400943158,16.73,0,0,195,4,35
1157.478670854,16.73,0,0,195,4,35
1157.556406205,16.73,0,0,195,4,35
1157.635801703,16.73,0,0,195,4,35
1157.713657572,16.73,0,0,195,4,35
1157.791003834,16.73,0,0,195,4,35
1157.868284012,16.73,0,0,195,4,35
1157.945616568,16.73,0,0,195,4,35
1158.023034317,16.73,0,0,195,4,35
1158.100955800,16.73,0,0,195,4,35
1158.178416229,16.73,0,0,195,4,35
1158.256922411,16.73,0,0,195,4,35
1158.334580054,16.57,0,0,195,4,34
1158.411809926,16.57,0,0,195,4,34
1158.488993330,16.57,0,0,195,4,34
1158.566725484,16.57,0,0,195,4,34
1158.643750368,16.57,0,0,195,4,34
1158.721013042,16.57,0,0,195,4,34
1158.797973253,16.57,0,0,195,4,34
1158.875267817,16.57,0,0,195,4,34
1158.953012626,16.57,0,0,195,4,34
1159.030265572,16.57,0,0,195,4,34
1159.107180977,16.57,0,0,195,4,34
1159.184756415,16.57,0,0,195,4,34
1159.262007236,16.50,0,0,195,4,34
1159.339302492,16.50,0,0,195,4,34
1159.416409491,16.50,0,0,195,4,34
1159.493943350,16.50,0,0,195,4,34
1159.571202407,16.50,0,0,195,4,34
1159.648072447,16.50,0,0,195,4,34
1159.724982493,16.50,0,0,195,4,34
1159.802136681,16.50,0,0,195,4,34
1159.879317240,16.50,0,0,195,4,34
1159.956367571,16.50,0,0,195,4,34
1160.033407002,16.50,0,0,195,4,34
1160.111051570,16.50,0,0,195,4,34
1160.188477224,16.50,0,0,195,4,34
1160.265662000,16.94,0,0,195,4,35
1160.343160391,16.94,0,0,195,4,35
1160.420243385,16.94,0,0,195,4,35
1160.496633044,16.94,0,0,195,4,35
1160.573018685,16.94,0,0,195,4,35
1160.649588586,16.94,0,0,195,4,35
1160.726323480,16.94,0,0,195,4,35
1160.803090945,16.94,0,0,195,4,35
1160.880106891,16.94,0,0,195,4,35
1160.957018109,16.94,0,0,195,4,35
1161.033330522,16.94,0,0,195,4,35
1161.109772340,16.94,0,0,195,4,35
1161.186487917,16.94,0,0,195,4,35
1161.264323878,16.75,0,0,195,4,34
1161.341768327,16.75,0,0,195,4,34
1161.419433354,16.75,0,0,195,4,34
1161.496868425,16.75,0,0,195,4,34
1161.574313956,16.75,0,0,195,4,34
1161.651831233,16.75,0,0,195,4,34
1161.729133292,16.75,0,0,195,4,34
1161.807215150,16.75,0,0,195,4,34
1161.884655471,16.75,0,0,195,4,34
1161.962143763,16.75,0,0,195,4,34
1162.039309663,16.75,0,0,195,4,34
1162.117001642,16.75,0,0,195,4,34
1162.194711995,16.75,0,0,195,4,34
1162.272815052,16.75,0,0,195,4,34
1162.350832758,16.75,0,0,195,4,34
1162.428187097,16.75,0,0,195,4,34
1162.506043527,16.75,0,0,195,4,34
1162.583181695,16.75,0,0,195,4,34
1162.660508811,16.75,0,0,195,4,34
1162.737731961,16.75,0,0,195,4,34
1162.815672590,16.75,0,0,195,4,34
1162.893727416,16.75,0,0,195,4,34
1162.971322711,16.75,0,0,195,4,34
1163.048450330,16.75,0,0,195,4,34
1163.126386982,16.75,0,0,195,4,34
1163.204072648,16.75,0,0,195,4,34
1163.281354910,16.87,0,0,195,4,35
1163.358940466,16.87,0,0,195,4,35
1163.435867003,16.87,0,0,195,4,35
1163.513025870,16.87,0,0,195,4,35
1163.589949341,16.87,0,0,195,4,35
1163.667292759,16.87,0,0,195,4,35
1163.744814114,16.87,0,0,195,4,35
1163.822510390,16.87,0,0,195,4,35
1163.899870249,16.87,0,0,195,4,35
1163.977001834,16.87,0,0,195,4,35
1164.053965071,16.87,0,0,195,4,35
1164.131401515,16.87,0,0,195,4,35
1164.208793344,16.87,0,0,195,4,35
1164.286243514,16.80,0,0,195,4,34
1164.363902690,16.80,0,0,195,4,34
1164.441072107,16.80,0,0,195,4,34
1164.518604753,16.80,0,0,195,4,34
1164.596434022,16.80,0,0,195,4,34
1164.673921763,16.80,0,0,195,4,34
1164.750903144,16.80,0,0,195,4,34
1164.828426542,16.80,0,0,195,4,34
1164.905935944,16.80,0,0,195,4,34
1164.983092948,16.80,0,0,195,4,34
1165.061000575,16.80,0,0,195,4,34
1165.138188598,16.80,0,0,195,4,34
1165.215474557,16.80,0,0,195,4,34
1165.292800391,16.88,0,0,195,4,34
1165.369836365,16.88,0,0,195,4,34
1165.447055878,16.88,0,0,195,4,34
1165.524150734,16.88,0,0,195,4,34
1165.601292399,16.88,0,0,195,4,34
1165.678733481,16.88,0,0,195,4,34
1165.756607795,16.88,0,0,195,4,34
1165.833252508,16.88,0,0,195,4,34
1165.910167704,16.88,0,0,195,4,34
1165.987161388,16.88,0,0,195,4,34
1166.064588314,16.88,0,0,195,4,34
1166.141288892,16.88,0,0,195,4,34
1166.218268420,16.88,0,0,195,4,34
1166.296476777,16.85,0,0,195,4,34
1166.380618565,16.85,0,0,195,4,34
1166.456947178,16.85,0,0,195,4,34
1166.533167326,16.85,0,0,195,4,34
1166.609805806,16.85,0,0,195,4,34
1166.685826526,16.85,0,0,195,4,34
1166.764651553,16.85,0,0,195,4,34
1166.841066630,16.85,0,0,195,4,34
1166.917852650,16.85,0,0,195,4,34
1166.994369240,16.85,0,0,195,4,34
1167.070219757,16.85,0,0,195,4,34
1167.147454127,16.85,0,0,195,4,34
1167.224867457,16.85,0,0,195,4,34
1167.302007139,17.53,0,0,195,4,34
1167.379117123,17.53,0,0,195,4,34
1167.456233921,17.53,0,0,195,4,34
1167.533247794,17.53,0,0,195,4,34
1167.610387335,17.53,0,0,195,4,34
1167.687545491,17.53,0,0,195,4,34
1167.764818765,17.53,0,0,195,4,34
1167.841508584,17.53,0,0,195,4,34
1167.918578683,17.53,0,0,195,4,34
1167.996610515,17.53,0,0,195,4,34
1168.074119527,17.53,0,0,195,4,34
1168.150948799,17.53,0,0,195,4,34
1168.228274323,17.53,0,0,195,4,34
1168.306275347,17.11,0,0,195,4,35
1168.383597815,17.11,0,0,195,4,35
1168.461489442,17.11,0,0,195,4,35
1168.538727390,17.11,0,0,195,4,35
1168.615993851,17.11,0,0,195,4,35
1168.693308714,17.11,0,0,195,4,35
1168.771360745,17.11,0,0,195,4,35
1168.848435894,17.11,0,0,195,4,35
1168.926022803,17.11,0,0,195,4,35
1169.002770902,17.11,0,0,195,4,35
1169.080960253,17.11,0,0,195,4,35
1169.158669123,17.11,0,0,195,4,35
1169.236119835,17.11,0,0,195,4,35
1169.313673881,16.67,0,0,195,4,34
1169.391387200,16.67,0,0,195,4,34
1169.468930677,16.67,0,0,195,4,34
1169.545878314,16.67,0,0,195,4,34
1169.623041159,16.67,0,0,195,4,34
1169.700013673,16.67,0,0,195,4,34
1169.778375271,16.67,0,0,195,4,34
1169.855892328,16.67,0,0,195,4,34
1169.933322049,16.67,0,0,195,4,34
1170.011139435,16.67,0,0,195,4,34
1170.088925782,16.67,0,0,195,4,34
1170.166094639,16.67,0,0,195,4,34
1170.242909504,16.67,0,0,195,4,34
1170.320294581,16.72,0,0,195,4,34
1170.397696459,16.72,0,0,195,4,34
1170.475251748,16.72,0,0,195,4,34
1170.553368352,16.72,0,0,195,4,34
1170.630709194,16.72,0,0,195,4,34
1170.708161268,16.72,0,0,195,4,34
1170.787369922,16.72,0,0,195,4,34
1170.865164895,16.72,0,0,195,4,34
1170.944267949,16.72,0,0,195,4,34
1171.021967001,16.72,0,0,195,4,34
1171.099759360,16.72,0,0,195,4,34
1171.177518415,16.72,0,0,195,4,34
1171.255771077,16.72,0,0,195,4,34
1171.333047267,16.68,0,0,195,4,34
1171.410113669,16.68,0,0,195,4,34
1171.487618493,16.68,0,0,195,4,34
1171.564971859,16.68,0,0,195,4,34
1171.641882355,16.68,0,0,195,4,34
1171.719157564,16.68,0,0,195,4,34
1171.796548511,16.68,0,0,195,4,34
1171.873574286,16.68,0,0,195,4,34
1171.950725459,16.68,0,0,195,4,34
1172.027304267,16.68,0,0,195,4,34
1172.104594464,16.68,0,0,195,4,34
1172.180813129,16.68,0,0,195,4,34
1172.257035010,16.68,0,0,195,4,34
1172.334153050,16.65,0,0,195,4,34
1172.411237877,16.65,0,0,195,4,34
1172.488038646,16.65,0,0,195,4,34
1172.563932956,16.65,0,0,195,4,34
1172.640477208,16.65,0,0,195,4,34
1172.717397724,16.65,0,0,195,4,34
1172.793904154,16.65,0,0,195,4,34
1172.870522807,16.65,0,0,195,4,34
1172.947801111,16.65,0,0,195,4,34
1173.024437308,16.65,0,0,195,4,34
1173.101558694,16.65,0,0,195,4,34
1173.178894357,16.65,0,0,195,4,34
1173.255883994,16.65,0,0,195,4,34
1173.332798188,16.68,0,0,195,4,34
1173.410047176,16.68,0,0,195,4,34
1173.487832702,16.68,0,0,195,4,34
1173.564800818,16.68,0,0,195,4,34
1173.642068070,16.68,0,0,195,4,34
1173.718975020,16.68,0,0,195,4,34
1173.796000886,16.68,0,0,195,4,34
1173.873184140,16.68,0,0,195,4,34
1173.950154450,16.68,0,0,195,4,34
1174.027531551,16.68,0,0,195,4,34
1174.104336207,16.68,0,0,195,4,34
1174.182498347,16.68,0,0,195,4,34
1174.260612837,16.68,0,0,195,4,34
1174.337918312,16.68,0,0,195,4,34
1174.415296325,16.68,0,0,195,4,34
1174.492622300,16.68,0,0,195,4,34
1174.569835190,16.68,0,0,195,4,34
1174.647839460,16.68,0,0,195,4,34
1174.725632771,16.68,0,0,195,4,34
1174.802834640,16.68,0,0,195,4,34
1174.881454347,16.68,0,0,195,4,34
1174.959067677,16.68,0,0,195,4,34
1175.036053957,16.68,0,0,195,4,34
1175.113372428,16.68,0,0,195,4,34
1175.191308800,16.68,0,0,195,4,34
1175.268169322,16.95,0,0,195,4,34
1175.345023802,16.95,0,0,195,4,34
1175.422578240,16.95,0,0,195,4,34
1175.499407092,16.95,0,0,195,4,34
1175.576648195,16.95,0,0,195,4,34
1175.653871525,16.95,0,0,195,4,34
1175.731869143,16.95,0,0,195,4,34
1175.808978677,16.95,0,0,195,4,34
1175.886361930,16.95,0,0,195,4,34
1175.963473047,16.95,0,0,195,4,34
1176.040363406,16.95,0,0,195,4,34
1176.117386727,16.95,0,0,195,4,34
1176.194302744,16.95,0,0,195,4,34
1176.272153503,16.75,0,0,195,4,35
1176.349309185,16.75,0,0,195,4,35
1176.426790193,16.75,0,0,195,4,35
1176.504220215,16.75,0,0,195,4,35
1176.581231493,16.75,0,0,195,4,35
1176.659013522,16.75,0,0,195,4,35
1176.736234537,16.75,0,0,195,4,35
1176.813580610,16.75,0,0,195,4,35
1176.890578533,16.75,0,0,195,4,35
1176.967778368,16.75,0,0,195,4,35
1177.044765861,16.75,0,0,195,4,35
1177.121882318,16.75,0,0,195,4,35
1177.199018372,16.75,0,0,195,4,35
1177.276318758,16.67,0,0,195,4,34
1177.353781782,16.67,0,0,195,4,34
1177.431107977,16.67,0,0,195,4,34
1177.508307262,16.67,0,0,195,4,34
1177.586029447,16.67,0,0,195,4,34
1177.662987625,16.67,0,0,195,4,34
1177.740509350,16.67,0,0,195,4,34
1177.817757738,16.67,0,0,195,4,34
1177.895078773,16.67,0,0,195,4,34
1177.973048648,16.67,0,0,195,4,34
1178.050308097,16.67,0,0,195,4,34
1178.127257788,16.67,0,0,195,4,34
1178.204098232,16.67,0,0,195,4,34
1178.281203458,16.83,0,0,195,4,34
1178.359600774,16.83,0,0,195,4,34
1178.437441544,16.83,0,0,195,4,34
1178.515415968,16.83,0,0,195,4,34
1178.592707377,16.83,0,0,195,4,34
1178.669865343,16.83,0,0,195,4,34
1178.747336132,16.83,0,0,195,4,34
1178.823350660,16.83,0,0,195,4,34
1178.899622065,16.83,0,0,195,4,34
1178.976750806,16.83,0,0,195,4,34
1179.054180537,16.83,0,0,195,4,34
1179.130638526,16.83,0,0,195,4,34
1179.207305170,16.83,0,0,195,4,34
1179.284627317,16.83,0,0,195,4,34
1179.360842396,16.83,0,0,195,4,34
1179.437235181,16.83,0,0,195,4,34
1179.513713378,16.83,0,0,195,4,34
1179.589275759,16.83,0,0,195,4,34
1179.665437105,16.83,0,0,195,4,34
1179.742432563,16.83,0,0,195,4,34
1179.820352503,16.83,0,0,195,4,34
1179.897850915,16.83,0,0,195,4,34
1179.975294613,16.83,0,0,195,4,34
1180.052685731,16.83,0,0,195,4,34
1180.130519889,16.83,0,0,195,4,34
1180.207714043,16.83,0,0,195,4,34
1180.285872847,16.74,0,0,195,4,34
1180.362701178,16.74,0,0,195,4,34
1180.440144184,16.74,0,0,195,4,34
1180.517364899,16.74,0,0,195,4,34
1180.595682173,16.74,0,0,195,4,34
1180.673462248,16.74,0,0,195,4,34
1180.750770900,16.74,0,0,195,4,34
1180.827587178,16.74,0,0,195,4,34
1180.905032469,16.74,0,0,195,4,34
1180.982362892,16.74,0,0,195,4,34
1181.059733751,16.74,0,0,195,4,34
1181.137018157,16.74,0,0,195,4,34
1181.213976214,16.74,0,0,195,4,34
1181.291832173,16.66,0,0,195,4,34
1181.369188235,16.66,0,0,195,4,34
1181.446409251,16.66,0,0,195,4,34
1181.523775341,16.66,0,0,195,4,34
1181.601742531,16.66,0,0,195,4,34
1181.679226555,16.66,0,0,195,4,34
1181.756584300,16.66,0,0,195,4,34
1181.833710416,16.66,0,0,195,4,34
1181.910956289,16.66,0,0,195,4,34
1181.988171844,16.66,0,0,195,4,34
1182.065347423,16.66,0,0,195,4,34
1182.142763569,16.66,0,0,195,4,34
1182.220205944,16.66,0,0,195,4,34
1182.297198386,16.81,0,0,187,4,34
1182.374396238,16.81,0,0,187,4,34
1182.451597266,16.81,0,0,187,4,34
1182.528706990,16.81,0,0,187,4,34
1182.605713629,16.81,0,0,187,4,34
1182.682836669,16.81,0,0,187,4,34
1182.760840379,16.81,0,0,187,4,34
1182.838031097,16.81,0,0,187,4,34
1182.915386156,16.81,0,0,187,4,34
1182.993267494,16.81,0,0,187,4,34
1183.070622403,16.81,0,0,187,4,34
1183.147965501,16.81,0,0,187,4,34
1183.225848271,16.81,0,0,187,4,34
1183.303019041,16.75,0,0,195,4,34
1183.380453291,16.75,0,0,195,4,34
1183.457693443,16.75,0,0,195,4,34
1183.535405510,16.75,0,0,195,4,34
1183.612638097,16.75,0,0,195,4,34
1183.690191062,16.75,0,0,195,4,34
1183.769580379,16.75,0,0,195,4,34
1183.846774113,16.75,0,0,195,4,34
1183.924284527,16.75,0,0,195,4,34
1184.001111175,16.75,0,0,195,4,34
1184.077366049,16.75,0,0,195,4,34
1184.153806574,16.75,0,0,195,4,34
1184.230232512,16.75,0,0,195,4,34
1184.306828292,16.71,0,0,195,4,34
1184.384013049,16.71,0,0,195,4,34
1184.460774974,16.71,0,0,195,4,34
1184.537881332,16.71,0,0,195,4,34
1184.614856361,16.71,0,0,195,4,34
1184.691261270,16.71,0,0,195,4,34
1184.769786468,16.71,0,0,195,4,34
1184.846855205,16.71,0,0,195,4,34
1184.924654166,16.71,0,0,195,4,34
1185.002015398,16.71,0,0,195,4,34
1185.079498090,16.71,0,0,195,4,34
1185.156887585,16.71,0,0,195,4,34
1185.234337945,16.71,0,0,195,4,34
1185.311194800,16.69,0,0,195,4,34
1185.388404815,16.69,0,0,195,4,34
1185.465486306,16.69,0,0,195,4,34
1185.542912831,16.69,0,0,195,4,34
1185.620372990,16.69,0,0,195,4,34
1185.697923911,16.69,0,0,195,4,34
1185.775487827,16.69,0,0,195,4,34
1185.852783945,16.69,0,0,195,4,34
1185.931745180,16.69,0,0,195,4,34
1186.009374069,16.69,0,0,195,4,34
1186.086733477,16.69,0,0,195,4,34
1186.164451956,16.69,0,0,195,4,34
1186.241750328,16.69,0,0,195,4,34
1186.319289537,16.68,0,0,195,4,34
1186.396993428,16.68,0,0,195,4,34
1186.477022228,16.68,0,0,195,4,34
1186.554411943,16.68,0,0,195,4,34
1186.631799905,16.68,0,0,195,4,34
1186.708446672,16.68,0,0,195,4,34
1186.785584069,16.68,0,0,195,4,34
1186.862433500,16.68,0,0,195,4,34
1186.940411080,16.68,0,0,195,4,34
1187.017399846,16.68,0,0,195,4,34
1187.094803207,16.68,0,0,195,4,34
1187.172006820,16.68,0,0,195,4,34
1187.248765589,16.68,0,0,195,4,34
1187.326414466,16.51,0,0,195,4,34
1187.404226732,16.51,0,0,195,4,34
1187.481261846,16.51,0,0,195,4,34
1187.558502669,16.51,0,0,195,4,34
1187.635351358,16.51,0,0,195,4,34
1187.713348466,16.51,0,0,195,4,34
1187.791286982,16.51,0,0,195,4,34
1187.868399592,16.51,0,0,195,4,34
1187.945904767,16.51,0,0,195,4,34
1188.023199172,16.51,0,0,195,4,34
1188.100237641,16.51,0,0,195,4,34
1188.178624036,16.51,0,0,195,4,34
1188.256265289,16.51,0,0,195,4,34
1188.333883989,16.44,0,0,195,4,34
1188.411052855,16.44,0,0,195,4,34
1188.488950063,16.44,0,0,195,4,34
1188.565977201,16.44,0,0,195,4,34
1188.642952010,16.44,0,0,195,4,34
1188.719810769,16.44,0,0,195,4,34
1188.797240049,16.44,0,0,195,4,34
1188.874289780,16.44,0,0,195,4,34
1188.951224182,16.44,0,0,195,4,34
1189.028225441,16.44,0,0,195,4,34
1189.105190141,16.44,0,0,195,4,34
1189.182214343,16.44,0,0,195,4,34
1189.259949704,16.44,0,0,195,4,34
1189.337478123,16.35,0,0,195,4,34
1189.415484638,16.35,0,0,195,4,34
1189.491913221,16.35,0,0,195,4,34
1189.569484601,16.35,0,0,195,4,34
1189.646990687,16.35,0,0,195,4,34
1189.724464101,16.35,0,0,195,4,34
1189.802602276,16.35,0,0,195,4,34
1189.879563970,16.35,0,0,195,4,34
1189.956130504,16.35,0,0,195,4,34
1190.032516727,16.35,0,0,195,4,34
1190.109147885,16.35,0,0,195,4,34
1190.186272497,16.35,0,0,195,4,34
1190.263316457,16.35,0,0,195,4,34
1190.339961631,16.82,0,0,195,4,34
1190.416823215,16.82,0,0,195,4,34
1190.493510950,16.82,0,0,195,4,34
1190.570244301,16.82,0,0,195,4,34
1190.647198170,16.82,0,0,195,4,34
1190.724664340,16.82,0,0,195,4,34
1190.802266529,16.82,0,0,195,4,34
1190.879762596,16.82,0,0,195,4,34
1190.957422444,16.82,0,0,195,4,34
1191.035277492,16.82,0,0,195,4,34
1191.113183817,16.82,0,0,195,4,34
1191.190283553,16.82,0,0,195,4,34
1191.269100454,16.82,0,0,195,4,34
1191.346890108,16.73,0,0,195,4,34
1191.423863414,16.73,0,0,195,4,34
1191.501780620,16.73,0,0,195,4,34
1191.578916003,16.73,0,0,195,4,34
1191.656305899,16.73,0,0,195,4,34
1191.733532074,16.73,0,0,195,4,34
1191.811652816,16.73,0,0,195,4,34
1191.889202975,16.73,0,0,195,4,34
1191.966348949,16.73,0,0,195,4,34
1192.043310763,16.73,0,0,195,4,34
1192.120968236,16.73,0,0,195,4,34
1192.198081007,16.73,0,0,195,4,34
1192.275270743,16.72,0,0,195,4,34
1192.352798330,16.72,0,0,195,4,34
1192.430578927,16.72,0,0,195,4,34
1192.507747142,16.72,0,0,195,4,34
1192.585367746,16.72,0,0,195,4,34
1192.662570356,16.72,0,0,195,4,34
1192.739896091,16.72,0,0,195,4,34
1192.817189233,16.72,0,0,195,4,34
1192.894414447,16.72,0,0,195,4,34
1192.971890416,16.72,0,0,195,4,34
1193.049378969,16.72,0,0,195,4,34
1193.126266923,16.72,0,0,195,4,34
1193.203656128,16.72,0,0,195,4,34
1193.280983996,16.77,0,0,195,4,34
1193.358396375,16.77,0,0,195,4,34
1193.435743419,16.77,0,0,195,4,34
1193.513586745,16.77,0,0,195,4,34
1193.590917529,16.77,0,0,195,4,34
1193.668487666,16.77,0,0,195,4,34
1193.746107468,16.77,0,0,195,4,34
1193.823927820,16.77,0,0,195,4,34
1193.900875287,16.77,0,0,195,4,34
1193.978527510,16.77,0,0,195,4,34
1194.055875998,16.77,0,0,195,4,34
1194.133353760,16.77,0,0,195,4,34
1194.211249075,16.77,0,0,195,4,34
1194.288276563,16.77,0,0,195,4,34
1194.365978260,16.77,0,0,195,4,34
1194.444005304,16.77,0,0,195,4,34
1194.521412062,16.77,0,0,195,4,34
1194.599099282,16.77,0,0,195,4,34
1194.677131145,16.77,0,0,195,4,34
1194.756545300,16.77,0,0,195,4,34
1194.833965232,16.77,0,0,195,4,34
1194.913254239,16.77,0,0,195,4,34
1194.991591531,16.77,0,0,195,4,34
1195.069348874,16.77,0,0,195,4,34
1195.146248460,16.77,0,0,195,4,34
1195.224033435,16.77,0,0,195,4,34
1195.301668516,16.70,0,0,195,4,34
1195.379018326,16.70,0,0,195,4,34
1195.455906020,16.70,0,0,195,4,34
1195.532462696,16.70,0,0,195,4,34
1195.609437465,16.70,0,0,195,4,34
1195.686702985,16.70,0,0,195,4,34
1195.763863085,16.70,0,0,195,4,34
1195.840274887,16.70,0,0,195,4,34
1195.917122505,16.70,0,0,195,4,34
1195.993307536,16.70,0,0,195,4,34
1196.069597647,16.70,0,0,195,4,34
1196.146573899,16.70,0,0,195,4,34
1196.222918152,16.70,0,0,195,4,34
1196.299394025,16.66,0,0,195,4,34
1196.376189945,16.66,0,0,195,4,34
1196.452524079,16.66,0,0,195,4,34
1196.529257781,16.66,0,0,195,4,34
1196.606402251,16.66,0,0,195,4,34
1196.683115785,16.66,0,0,195,4,34
1196.760419688,16.66,0,0,195,4,34
1196.838295615,16.66,0,0,195,4,34
1196.914947902,16.66,0,0,195,4,34
1196.992212822,16.66,0,0,195,4,34
1197.069260509,16.66,0,0,195,4,34
1197.146312284,16.66,0,0,195,4,34
1197.223700296,16.66,0,0,195,4,34
1197.301119918,16.83,0,0,195,4,34
1197.378800596,16.83,0,0,195,4,34
1197.456304107,16.83,0,0,195,4,34
1197.534629387,16.83,0,0,195,4,34
1197.612114844,16.83,0,0,195,4,34
1197.689168402,16.83,0,0,195,4,34
1197.767372091,16.83,0,0,195,4,34
1197.844830397,16.83,0,0,195,4,34
1197.922257053,16.83,0,0,195,4,34
1197.999506593,16.83,0,0,195,4,34
1198.076860610,16.83,0,0,195,4,34
1198.154571204,16.83,0,0,195,4,34
1198.233495440,16.83,0,0,195,4,34
1198.312393345,16.67,0,0,195,4,34
1198.389919219,16.67,0,0,195,4,34
1198.467873796,16.67,0,0,195,4,34
1198.545420609,16.67,0,0,195,4,34
1198.623289814,16.67,0,0,195,4,34
1198.701327749,16.67,0,0,195,4,34
1198.778891344,16.67,0,0,195,4,34
1198.855960702,16.67,0,0,195,4,34
1198.933360888,16.67,0,0,195,4,34
1199.010483437,16.67,0,0,195,4,34
1199.088054917,16.67,0,0,195,4,34
1199.165373929,16.67,0,0,195,4,34
1199.242807638,16.67,0,0,195,4,34
1199.320152659,16.64,0,0,195,4,34
1199.397704061,16.64,0,0,195,4,34
1199.475069611,16.64,0,0,195,4,34
1199.552383172,16.64,0,0,195,4,34
1199.629909086,16.64,0,0,195,4,34
1199.707402769,16.64,0,0,195,4,34
1199.784392086,16.64,0,0,195,4,34
1199.862046253,16.64,0,0,195,4,34
1199.939088059,16.64,0,0,195,4,34
1200.016087444,16.64,0,0,195,4,34
1200.093210074,16.64,0,0,195,4,34
1200.170608937,16.64,0,0,195,4,34
1200.247879426,16.64,0,0,195,4,34
1200.324827605,16.59,0,0,195,4,34
1200.401993156,16.59,0,0,195,4,34
1200.481379196,16.59,0,0,195,4,34
1200.558921571,16.59,0,0,195,4,34
1200.636421877,16.59,0,0,195,4,34
1200.714039965,16.59,0,0,195,4,34
1200.791219062,16.59,0,0,195,4,34
1200.868389963,16.59,0,0,195,4,34
1200.946012430,16.59,0,0,195,4,34
1201.023295994,16.59,0,0,195,4,34
1201.100596511,16.59,0,0,195,4,34
1201.177915161,16.59,0,0,195,4,34
1201.254949964,16.59,0,0,195,4,34
1201.332861760,16.58,0,0,195,4,34
1201.409768770,16.58,0,0,195,4,34
1201.486998723,16.58,0,0,195,4,34
1201.564206995,16.58,0,0,195,4,34
1201.640957639,16.58,0,0,195,4,34
1201.718320674,16.58,0,0,195,4,34
1201.795449715,16.58,0,0,195,4,34
1201.872525997,16.58,0,0,195,4,34
1201.949497870,16.58,0,0,195,4,34
1202.026299601,16.58,0,0,195,4,34
1202.102866106,16.58,0,0,195,4,34
1202.179431027,16.58,0,0,195,4,34
1202.255849071,16.58,0,0,195,4,34
1202.332096531,16.83,0,0,195,4,34
1202.408868094,16.83,0,0,195,4,34
1202.485826192,16.83,0,0,195,4,34
1202.563216268,16.83,0,0,195,4,34
1202.640757551,16.83,0,0,195,4,34
1202.718625664,16.83,0,0,195,4,34
1202.796082938,16.83,0,0,195,4,34
1202.873434812,16.83,0,0,195,4,34
1202.950778370,16.83,0,0,195,4,34
1203.028089957,16.83,0,0,195,4,34
1203.105610451,16.83,0,0,195,4,34
1203.182888014,16.83,0,0,195,4,34
1203.260679832,16.83,0,0,195,4,34
1203.337896990,16.55,0,0,195,4,34
1203.415488118,16.55,0,0,195,4,34
1203.493281188,16.55,0,0,195,4,34
1203.570711110,16.55,0,0,195,4,34
1203.647659038,16.55,0,0,195,4,34
1203.725201093,16.55,0,0,195,4,34
1203.802789515,16.55,0,0,195,4,34
1203.879926271,16.55,0,0,195,4,34
1203.957127409,16.55,0,0,195,4,34
1204.034399552,16.55,0,0,195,4,34
1204.111304519,16.55,0,0,195,4,34
1204.188484627,16.55,0,0,195,4,34
1204.266117915,16.55,0,0,195,4,34
1204.343303283,16.67,0,0,195,4,34
1204.420251922,16.67,0,0,195,4,34
1204.498481891,16.67,0,0,195,4,34
1204.575131554,16.67,0,0,195,4,34
1204.652208797,16.67,0,0,195,4,34
1204.729195899,16.67,0,0,195,4,34
1204.806352183,16.67,0,0,195,4,34
1204.883623524,16.67,0,0,195,4,34
1204.961112698,16.67,0,0,195,4,34
1205.038284110,16.67,0,0,195,4,34
1205.115426667,16.67,0,0,195,4,34
1205.192874002,16.67,0,0,195,4,34
1205.270160772,16.67,0,0,195,4,34
1205.347774964,16.85,0,0,195,4,34
1205.424992303,16.85,0,0,195,4,34
1205.502793799,16.85,0,0,195,4,34
1205.580204164,16.85,0,0,195,4,34
1205.657359576,16.85,0,0,195,4,34
1205.734816449,16.85,0,0,195,4,34
1205.811867723,16.85,0,0,195,4,34
1205.888956688,16.85,0,0,195,4,34
1205.966451894,16.85,0,0,195,4,34
1206.044200550,16.85,0,0,195,4,34
1206.121868233,16.85,0,0,195,4,34
1206.199278417,16.85,0,0,195,4,34
1206.277697695,16.79,0,0,195,4,34
1206.355005596,16.79,0,0,195,4,34
1206.432428144,16.79,0,0,195,4,34
1206.509949429,16.79,0,0,195,4,34
1206.587696502,16.79,0,0,195,4,34
1206.665649186,16.79,0,0,195,4,34
1206.743116248,16.79,0,0,195,4,34
1206.820897416,16.79,0,0,195,4,34
1206.898304304,16.79,0,0,195,4,34
1206.975363403,16.79,0,0,195,4,34
1207.051861568,16.79,0,0,195,4,34
1207.129008033,16.79,0,0,195,4,34
1207.205716147,16.79,0,0,195,4,34
1207.283472277,16.66,0,0,195,4,34
1207.360731285,16.66,0,0,195,4,34
1207.438580422,16.66,0,0,195,4,34
1207.516329760,16.66,0,0,195,4,34
1207.593302655,16.66,0,0,195,4,34
1207.669981172,16.66,0,0,195,4,34
1207.746662445,16.66,0,0,195,4,34
1207.823189224,16.66,0,0,195,4,34
1207.900187217,16.66,0,0,195,4,34
1207.976926660,16.66,0,0,195,4,34
1208.053740634,16.66,0,0,195,4,34
1208.130097792,16.66,0,0,195,4,34
1208.206880287,16.66,0,0,195,4,34
1208.282957524,16.74,0,0,187,4,34
1208.360067149,16.74,0,0,187,4,34
1208.436807934,16.74,0,0,187,4,34
1208.514245781,16.74,0,0,187,4,34
1208.591843080,16.74,0,0,187,4,34
1208.669849365,16.74,0,0,187,4,34
1208.747176292,16.74,0,0,187,4,34
1208.824250259,16.74,0,0,187,4,34
1208.901980541,16.74,0,0,187,4,34
1208.979492679,16.74,0,0,187,4,34
1209.056553902,16.74,0,0,187,4,34
1209.133463647,16.74,0,0,187,4,34
1209.210988339,16.74,0,0,187,4,34
1209.288224333,16.71,0,0,195,4,34
1209.365314000,16.71,0,0,195,4,34
1209.442572146,16.71,0,0,195,4,34
1209.519912158,16.71,0,0,195,4,34
1209.597082848,16.71,0,0,195,4,34
1209.674115617,16.71,0,0,195,4,34
1209.751525582,16.71,0,0,195,4,34
1209.828901662,16.71,0,0,195,4,34
1209.906190486,16.71,0,0,195,4,34
1209.982861409,16.71,0,0,195,4,34
1210.060192183,16.71,0,0,195,4,34
1210.137212639,16.71,0,0,195,4,34
1210.215435424,16.71,0,0,195,4,34
1210.293619837,16.62,0,0,195,4,34
1210.370935041,16.62,0,0,195,4,34
1210.448139386,16.62,0,0,195,4,34
1210.525288956,16.62,0,0,195,4,34
1210.602514200,16.62,0,0,195,4,34
1210.679759162,16.62,0,0,195,4,34
1210.756973946,16.62,0,0,195,4,34
1210.834245998,16.62,0,0,195,4,34
1210.911528190,16.62,0,0,195,4,34
1210.988742894,16.62,0,0,195,4,34
1211.065177088,16.62,0,0,195,4,34
1211.141268092,16.62,0,0,195,4,34
1211.218121360,16.62,0,0,195,4,34
1211.294959100,16.69,0,0,195,4,34
1211.371489286,16.69,0,0,195,4,34
1211.447804334,16.69,0,0,195,4,34
1211.524210365,16.69,0,0,195,4,34
1211.601152171,16.69,0,0,195,4,34
1211.678252699,16.69,0,0,195,4,34
1211.755700795,16.69,0,0,195,4,34
1211.833086123,16.69,0,0,195,4,34
1211.910192100,16.69,0,0,195,4,34
1211.987789500,16.69,0,0,195,4,34
1212.064190441,16.69,0,0,195,4,34
1212.141133279,16.69,0,0,195,4,34
1212.218722013,16.69,0,0,195,4,34
1212.296054330,16.71,0,0,195,4,34
1212.373041592,16.71,0,0,195,4,34
1212.450320358,16.71,0,0,195,4,34
1212.527764507,16.71,0,0,195,4,34
1212.605211932,16.71,0,0,195,4,34
1212.682088776,16.71,0,0,195,4,34
1212.759171119,16.71,0,0,195,4,34
1212.836546758,16.71,0,0,195,4,34
1212.914356430,16.71,0,0,195,4,34
1212.991496332,16.71,0,0,195,4,34
1213.068612419,16.71,0,0,195,4,34
1213.145829027,16.71,0,0,195,4,34
1213.223284377,16.71,0,0,195,4,34
1213.300925269,16.72,0,0,195,4,34
1213.378096851,16.72,0,0,195,4,34
1213.455165498,16.72,0,0,195,4,34
1213.532119237,16.72,0,0,195,4,34
1213.609203384,16.72,0,0,195,4,34
1213.686294273,16.72,0,0,195,4,34
1213.762776048,16.72,0,0,195,4,34
1213.839276026,16.72,0,0,195,4,34
1213.915962980,16.72,0,0,195,4,34
1213.992728562,16.72,0,0,195,4,34
1214.069053770,16.72,0,0,195,4,34
1214.145684797,16.72,0,0,195,4,34
1214.222984613,16.72,0,0,195,4,34
1214.300026920,16.70,0,0,195,4,34
1214.377565357,16.70,0,0,195,4,34
1214.454865023,16.70,0,0,195,4,34
1214.531113494,16.70,0,0,195,4,34
1214.608329852,16.70,0,0,195,4,34
1214.685476146,16.70,0,0,195,4,34
1214.762571153,16.70,0,0,195,4,34
1214.840572298,16.70,0,0,195,4,34
1214.917708283,16.70,0,0,195,4,34
1214.994560359,16.70,0,0,195,4,34
1215.071746179,16.70,0,0,195,4,34
1215.148409728,16.70,0,0,195,4,34
1215.226301997,16.70,0,0,195,4,34
1215.303809155,16.70,0,0,195,4,34
1215.381332284,16.70,0,0,195,4,34
1215.458800068,16.70,0,0,195,4,34
1215.535762684,16.70,0,0,195,4,34
1215.613545685,16.70,0,0,195,4,34
1215.690562294,16.70,0,0,195,4,34
1215.767840328,16.70,0,0,195,4,34
1215.845026728,16.70,0,0,195,4,34
1215.921881670,16.70,0,0,195,4,34
1215.999215871,16.70,0,0,195,4,34
1216.076480940,16.70,0,0,195,4,34
1216.153705914,16.70,0,0,195,4,34
1216.230799208,16.70,0,0,195,4,34
1216.308346743,16.73,0,0,195,4,34
1216.386176072,16.73,0,0,195,4,34
1216.463628306,16.73,0,0,195,4,34
1216.541053069,16.73,0,0,195,4,34
1216.618041344,16.73,0,0,195,4,34
1216.695358702,16.73,0,0,195,4,34
1216.772658307,16.73,0,0,195,4,34
1216.850361157,16.73,0,0,195,4,34
1216.927721467,16.73,0,0,195,4,34
1217.004996405,16.73,0,0,195,4,34
1217.081952008,16.73,0,0,195,4,34
1217.159263916,16.73,0,0,195,4,34
1217.237815686,16.73,0,0,195,4,34
1217.315909507,16.70,0,0,195,4,34
1217.393141093,16.70,0,0,195,4,34
1217.470219168,16.70,0,0,195,4,34
1217.547277615,16.70,0,0,195,4,34
1217.625025010,16.70,0,0,195,4,34
1217.702605337,16.70,0,0,195,4,34
1217.780320380,16.70,0,0,195,4,34
1217.857607912,16.70,0,0,195,4,34
1217.934687299,16.70,0,0,195,4,34
1218.012314085,16.70,0,0,195,4,34
1218.089842203,16.70,0,0,195,4,34
1218.167434864,16.70,0,0,195,4,34
1218.245024960,16.70,0,0,195,4,34
1218.322614054,16.69,0,0,195,4,34
1218.399859867,16.69,0,0,195,4,34
1218.477821016,16.69,0,0,195,4,34
1218.554936472,16.69,0,0,195,4,34
1218.632316329,16.69,0,0,195,4,34
1218.709342957,16.69,0,0,195,4,34
1218.786986884,16.69,0,0,195,4,34
1218.864459517,16.69,0,0,195,4,34
1218.941344967,16.69,0,0,195,4,34
1219.018445826,16.69,0,0,195,4,34
1219.095409363,16.69,0,0,195,4,34
1219.172088572,16.69,0,0,195,4,34
1219.249246148,16.69,0,0,195,4,34
1219.326865479,16.55,0,0,195,4,34
1219.404724635,16.55,0,0,195,4,34
1219.481259340,16.55,0,0,195,4,34
1219.557223964,16.55,0,0,195,4,34
1219.634279686,16.55,0,0,195,4,34
1219.711365346,16.55,0,0,195,4,34
1219.788057880,16.55,0,0,195,4,34
1219.864451687,16.55,0,0,195,4,34
1219.941319584,16.55,0,0,195,4,34
1220.017650262,16.55,0,0,195,4,34
1220.093823391,16.55,0,0,195,4,34
1220.170287863,16.55,0,0,195,4,34
1220.247141763,16.55,0,0,195,4,34
1220.323979883,16.63,0,0,195,4,34
1220.400697544,16.63,0,0,195,4,34
1220.477864418,16.63,0,0,195,4,34
1220.555514167,16.63,0,0,195,4,34
1220.632893523,16.63,0,0,195,4,34
1220.711004507,16.63,0,0,195,4,34
1220.787834090,16.63,0,0,195,4,34
1220.865376185,16.63,0,0,195,4,34
1220.941805360,16.63,0,0,195,4,34
1221.018235386,16.63,0,0,195,4,34
1221.095146865,16.63,0,0,195,4,34
1221.172915239,16.63,0,0,195,4,34
1221.249853649,16.63,0,0,195,4,34
1221.327253755,16.63,0,0,187,4,34
1221.404400019,16.63,0,0,187,4,34
1221.481536265,16.63,0,0,187,4,34
1221.558791305,16.63,0,0,187,4,34
1221.635913043,16.63,0,0,187,4,34
1221.713460618,16.63,0,0,187,4,34
1221.791410457,16.63,0,0,187,4,34
1221.869110190,16.63,0,0,187,4,34
1221.946292794,16.63,0,0,187,4,34
1222.023602648,16.63,0,0,187,4,34
1222.100717192,16.63,0,0,187,4,34
1222.178018571,16.63,0,0,187,4,34
1222.255395813,16.63,0,0,187,4,34
1222.332524444,16.55,0,0,195,4,34
1222.409760108,16.55,0,0,195,4,34
1222.487307503,16.55,0,0,195,4,34
1222.565378130,16.55,0,0,195,4,34
1222.642807110,16.55,0,0,195,4,34
1222.719886538,16.55,0,0,195,4,34
1222.797031961,16.55,0,0,195,4,34
1222.874569707,16.55,0,0,195,4,34
1222.952118064,16.55,0,0,195,4,34
1223.029973272,16.55,0,0,195,4,34
1223.107597834,16.55,0,0,195,4,34
1223.184929830,16.55,0,0,195,4,34
1223.262182035,16.55,0,0,195,4,34
1223.339865809,16.64,0,0,195,4,34
1223.417619455,16.64,0,0,195,4,34
1223.494911496,16.64,0,0,195,4,34
1223.572249424,16.64,0,0,195,4,34
1223.649631445,16.64,0,0,195,4,34
1223.727110040,16.64,0,0,195,4,34
1223.804325705,16.64,0,0,195,4,34
1223.881482931,16.64,0,0,195,4,34
1223.959123151,16.64,0,0,195,4,34
1224.036488401,16.64,0,0,195,4,34
1224.114466523,16.64,0,0,195,4,34
1224.191846841,16.64,0,0,195,4,34
1224.269367415,16.64,0,0,195,4,34
1224.346896475,16.72,0,0,195,4,34
1224.424236387,16.72,0,0,195,4,34
1224.501674414,16.72,0,0,195,4,34
1224.579717840,16.72,0,0,195,4,34
1224.656934367,16.72,0,0,195,4,34
1224.734248219,16.72,0,0,195,4,34
1224.811372141,16.72,0,0,195,4,34
1224.888449034,16.72,0,0,195,4,34
1224.965516149,16.72,0,0,195,4,34
1225.042365470,16.72,0,0,195,4,34
1225.119778480,16.72,0,0,195,4,34
1225.197219754,16.72,0,0,195,4,34
1225.274349958,16.72,0,0,195,4,34
1225.351903835,16.76,0,0,195,4,34
1225.428721045,16.76,0,0,195,4,34
1225.507014585,16.76,0,0,195,4,34
1225.583171223,16.76,0,0,195,4,34
1225.660202630,16.76,0,0,195,4,34
1225.736962041,16.76,0,0,195,4,34
1225.813740227,16.76,0,0,195,4,34
1225.890565182,16.76,0,0,195,4,34
1225.967163678,16.76,0,0,195,4,34
1226.043991980,16.76,0,0,195,4,34
1226.120529099,16.76,0,0,195,4,34
1226.197663000,16.76,0,0,195,4,34
1226.274928340,16.76,0,0,195,4,34
1226.352134148,16.75,0,0,195,4,34
1226.429466024,16.75,0,0,195,4,34
1226.506737235,16.75,0,0,195,4,34
1226.584187817,16.75,0,0,195,4,34
1226.661675258,16.75,0,0,195,4,34
1226.738608809,16.75,0,0,195,4,34
1226.815942078,16.75,0,0,195,4,34
1226.893768031,16.75,0,0,195,4,34
1226.971126418,16.75,0,0,195,4,34
1227.048677269,16.75,0,0,195,4,34
1227.126285570,16.75,0,0,195,4,34
1227.203335712,16.75,0,0,195,4,34
1227.281678195,16.80,0,0,195,4,34
1227.359414628,16.80,0,0,195,4,34
1227.437014793,16.80,0,0,195,4,34
1227.514292136,16.80,0,0,195,4,34
1227.591616288,16.80,0,0,195,4,34
1227.668284496,16.80,0,0,195,4,34
1227.746354822,16.80,0,0,195,4,34
1227.824123777,16.80,0,0,195,4,34
1227.902075669,16.80,0,0,195,4,34
1227.979648653,16.80,0,0,195,4,34
1228.057354097,16.80,0,0,195,4,34
1228.134315210,16.80,0,0,195,4,34
1228.211946324,16.80,0,0,195,4,34
1228.289788408,16.75,0,0,195,4,34
1228.366878807,16.75,0,0,195,4,34
1228.444303158,16.75,0,0,195,4,34
1228.521278018,16.75,0,0,195,4,34
1228.598667323,16.75,0,0,195,4,34
1228.676236940,16.75,0,0,195,4,34
1228.753288255,16.75,0,0,195,4,34
1228.830627275,16.75,0,0,195,4,34
1228.907891282,16.75,0,0,195,4,34
1228.984910265,16.75,0,0,195,4,34
1229.061927766,16.75,0,0,195,4,34
1229.139019807,16.75,0,0,195,4,34
1229.217147773,16.75,0,0,195,4,34
1229.295062925,16.56,0,0,195,4,34
1229.372745867,16.56,0,0,195,4,34
1229.449757587,16.56,0,0,195,4,34
1229.527009471,16.56,0,0,195,4,34
1229.604170464,16.56,0,0,195,4,34
1229.681368256,16.56,0,0,195,4,34
1229.759187937,16.56,0,0,195,4,34
1229.836781560,16.56,0,0,195,4,34
1229.913977138,16.56,0,0,195,4,34
1229.991799113,16.56,0,0,195,4,34
1230.068994621,16.56,0,0,195,4,34
1230.146184198,16.56,0,0,195,4,34
1230.223734158,16.56,0,0,195,4,34
1230.301076584,16.58,0,0,195,4,34
1230.378966659,16.58,0,0,195,4,34
1230.456312191,16.58,0,0,195,4,34
1230.533413270,16.58,0,0,195,4,34
1230.610533776,16.58,0,0,195,4,34
1230.688059710,16.58,0,0,195,4,34
1230.765350208,16.58,0,0,195,4,34
1230.842851415,16.58,0,0,195,4,34
1230.920035411,16.58,0,0,195,4,34
1230.997545085,16.58,0,0,195,4,34
1231.074333371,16.58,0,0,195,4,34
1231.150965470,16.58,0,0,195,4,34
1231.227786438,16.58,0,0,195,4,34
1231.305232461,16.55,0,0,195,4,34
1231.382433038,16.55,0,0,195,4,34
1231.459025102,16.55,0,0,195,4,34
1231.535738485,16.55,0,0,195,4,34
1231.612183190,16.55,0,0,195,4,34
1231.689505789,16.55,0,0,195,4,34
1231.766664146,16.55,0,0,195,4,34
1231.843525440,16.55,0,0,195,4,34
1231.919911393,16.55,0,0,195,4,34
1231.996942660,16.55,0,0,195,4,34
1232.072915950,16.55,0,0,195,4,34
1232.150532476,16.55,0,0,195,4,34
1232.228361526,16.55,0,0,195,4,34
1232.306075917,16.71,0,0,195,4,34
1232.384076802,16.71,0,0,195,4,34
1232.461226513,16.71,0,0,195,4,34
1232.538519135,16.71,0,0,195,4,34
1232.615661512,16.71,0,0,195,4,34
1232.693401523,16.71,0,0,195,4,34
1232.770845772,16.71,0,0,195,4,34
1232.847968192,16.71,0,0,195,4,34
1232.924953611,16.71,0,0,195,4,34
1233.002059830,16.71,0,0,195,4,34
1233.079703978,16.71,0,0,195,4,34
1233.156711640,16.71,0,0,195,4,34
1233.235484508,16.71,0,0,195,4,34
1233.314662395,16.74,0,0,195,4,34
1233.392253062,16.74,0,0,195,4,34
1233.469776502,16.74,0,0,195,4,34
1233.547224638,16.74,0,0,195,4,34
1233.624647207,16.74,0,0,195,4,34
1233.701846973,16.74,0,0,195,4,34
1233.781166298,16.74,0,0,195,4,34
1233.858730605,16.74,0,0,195,4,34
1233.936316242,16.74,0,0,195,4,34
1234.013807030,16.74,0,0,195,4,34
1234.090620784,16.74,0,0,195,4,34
1234.168045887,16.74,0,0,195,4,34
1234.245394936,16.74,0,0,195,4,34
1234.323166516,16.68,0,0,195,4,34
1234.400907739,16.68,0,0,195,4,34
1234.478232933,16.68,0,0,195,4,34
1234.556205895,16.68,0,0,195,4,34
1234.633669752,16.68,0,0,195,4,34
1234.711019592,16.68,0,0,195,4,34
1234.788353923,16.68,0,0,195,4,34
1234.865463027,16.68,0,0,195,4,34
1234.942709211,16.68,0,0,195,4,34
1235.020252779,16.68,0,0,195,4,34
1235.097150733,16.68,0,0,195,4,34
1235.174329960,16.68,0,0,195,4,34
1235.251449895,16.68,0,0,195,4,34
1235.328866431,16.67,0,0,195,4,34
1235.406386515,16.67,0,0,195,4,34
1235.483296882,16.67,0,0,195,4,34
1235.561231421,16.67,0,0,195,4,34
1235.638322772,16.67,0,0,195,4,34
1235.715709191,16.67,0,0,195,4,34
1235.792812624,16.67,0,0,195,4,34
1235.870449569,16.67,0,0,195,4,34
1235.948074892,16.67,0,0,195,4,34
1236.025323290,16.67,0,0,195,4,34
1236.103417973,16.67,0,0,195,4,34
1236.180408892,16.67,0,0,195,4,34
1236.257651399,16.67,0,0,195,4,34
1236.335580769,16.57,0,0,195,4,34
1236.412630620,16.57,0,0,195,4,34
1236.490241916,16.57,0,0,195,4,34
1236.567347775,16.57,0,0,195,4,34
1236.644291123,16.57,0,0,195,4,34
1236.721251736,16.57,0,0,195,4,34
1236.798378273,16.57,0,0,195,4,34
1236.875250598,16.57,0,0,195,4,34
1236.952774960,16.57,0,0,195,4,34
1237.030215111,16.57,0,0,195,4,34
1237.107211642,16.57,0,0,195,4,34
1237.184363698,16.57,0,0,195,4,34
1237.261804110,16.57,0,0,195,4,34
1237.338356358,16.59,0,0,195,4,34
1237.415046117,16.59,0,0,195,4,34
1237.491407924,16.59,0,0,195,4,34
1237.568483906,16.59,0,0,195,4,34
1237.645281689,16.59,0,0,195,4,34
1237.721565308,16.59,0,0,195,4,34
1237.798114220,16.59,0,0,195,4,34
1237.875436819,16.59,0,0,195,4,34
1237.951813194,16.59,0,0,195,4,34
1238.028792352,16.59,0,0,195,4,34
1238.105850679,16.59,0,0,195,4,34
1238.182990221,16.59,0,0,195,4,34
1238.260089977,16.59,0,0,195,4,34
1238.339045462,16.69,0,0,195,4,34
1238.416784962,16.69,0,0,195,4,34
1238.494403462,16.69,0,0,195,4,34
1238.571704740,16.69,0,0,195,4,34
1238.648988175,16.69,0,0,195,4,34
1238.726469314,16.69,0,0,195,4,34
1238.804167976,16.69,0,0,195,4,34
1238.881836711,16.69,0,0,195,4,34
1238.958782897,16.69,0,0,195,4,34
1239.036368715,16.69,0,0,195,4,34
1239.113896923,16.69,0,0,195,4,34
1239.191279245,16.69,0,0,195,4,34
1239.269061796,16.69,0,0,195,4,34
1239.346363516,16.76,0,0,195,4,34
1239.423382078,16.76,0,0,195,4,34
1239.500654392,16.76,0,0,195,4,34
1239.578032396,16.76,0,0,195,4,34
1239.655295292,16.76,0,0,195,4,34
1239.732795687,16.76,0,0,195,4,34
1239.810195923,16.76,0,0,195,4,34
1239.887365873,16.76,0,0,195,4,34
1239.964937224,16.76,0,0,195,4,34
1240.042012283,16.76,0,0,195,4,34
1240.119255181,16.76,0,0,195,4,34
1240.196722765,16.76,0,0,195,4,34
1240.274012351,16.76,0,0,195,4,34
1240.351886546,16.75,0,0,195,4,34
1240.429284778,16.75,0,0,195,4,34
1240.506671749,16.75,0,0,195,4,34
1240.584218964,16.75,0,0,195,4,34
1240.661759646,16.75,0,0,195,4,34
1240.739370071,16.75,0,0,195,4,34
1240.817034047,16.75,0,0,195,4,34
1240.894183217,16.75,0,0,195,4,34
1240.972057833,16.75,0,0,195,4,34
1241.049127813,16.75,0,0,195,4,34
1241.126731295,16.75,0,0,195,4,34
1241.204193809,16.75,0,0,195,4,34
1241.283394258,16.75,0,0,195,4,34
1241.360868094,16.80,0,0,195,4,34
1241.438285853,16.80,0,0,195,4,34
1241.515655762,16.80,0,0,195,4,34
1241.592930780,16.80,0,0,195,4,34
1241.670303254,16.80,0,0,195,4,34
1241.747785476,16.80,0,0,195,4,34
1241.824719698,16.80,0,0,195,4,34
1241.901782414,16.80,0,0,195,4,34
1241.979070849,16.80,0,0,195,4,34
1242.056251408,16.80,0,0,195,4,34
1242.133142949,16.80,0,0,195,4,34
1242.210059619,16.80,0,0,195,4,34
1242.287180896,16.77,0,0,195,4,34
1242.364084030,16.77,0,0,195,4,34
1242.441229653,16.77,0,0,195,4,34
1242.518045421,16.77,0,0,195,4,34
1242.595579681,16.77,0,0,195,4,34
1242.672362196,16.77,0,0,195,4,34
1242.749967922,16.77,0,0,195,4,34
1242.826911703,16.77,0,0,195,4,34
1242.903775221,16.77,0,0,195,4,34
1242.981573302,16.77,0,0,195,4,34
1243.059232609,16.77,0,0,195,4,34
1243.137359323,16.77,0,0,195,4,34
1243.213913094,16.77,0,0,195,4,34
1243.290343912,16.72,0,0,195,4,34
1243.366573749,16.72,0,0,195,4,34
1243.442893807,16.72,0,0,195,4,34
1243.521004991,16.72,0,0,195,4,34
1243.602546500,16.72,0,0,195,4,34
1243.696224780,16.72,0,0,195,4,34
1243.773088699,16.72,0,0,195,4,34
1243.850187614,16.72,0,0,195,4,34
1243.926263449,16.72,0,0,195,4,34
1244.002583507,16.72,0,0,195,4,34
1244.079697581,16.72,0,0,195,4,34
1244.157579992,16.72,0,0,195,4,34
1244.234712190,16.72,0,0,195,4,34
1244.313313634,17.70,0,0,195,4,34
1244.390898941,17.70,0,0,195,4,34
1244.468239584,17.70,0,0,195,4,34
1244.545156193,17.70,0,0,195,4,34
1244.622136393,17.70,0,0,195,4,34
1244.699042131,17.70,0,0,195,4,34
1244.776183747,17.70,0,0,195,4,34
1244.853713980,17.70,0,0,195,4,34
1244.930679261,17.70,0,0,195,4,34
1245.009644084,17.70,0,0,195,4,34
1245.087221967,17.70,0,0,195,4,34
1245.164863701,17.70,0,0,195,4,34
1245.242361171,17.70,0,0,195,4,34
1245.319798147,16.86,0,0,195,4,34
1245.397320826,16.86,0,0,195,4,34
1245.476076011,16.86,0,0,195,4,34
1245.554144193,16.86,0,0,195,4,34
1245.631122830,16.86,0,0,195,4,34
1245.708992797,16.86,0,0,195,4,34
1245.787958301,16.86,0,0,195,4,34
1245.865491199,16.86,0,0,195,4,34
1245.942925379,16.86,0,0,195,4,34
1246.020747816,16.86,0,0,195,4,34
1246.098213716,16.86,0,0,195,4,34
1246.175802861,16.86,0,0,195,4,34
1246.253365014,16.86,0,0,195,4,34
1246.330937236,16.77,0,0,195,4,34
1246.408620149,16.77,0,0,195,4,34
1246.485660282,16.77,0,0,195,4,34
1246.562950760,16.77,0,0,195,4,34
1246.640089320,16.77,0,0,195,4,34
1246.717258288,16.77,0,0,195,4,34
1246.795341920,16.77,0,0,195,4,34
1246.872909103,16.77,0,0,195,4,34
1246.950097938,16.77,0,0,195,4,34
1247.027007584,16.77,0,0,195,4,34
1247.103780731,16.77,0,0,195,4,34
1247.181204071,16.77,0,0,195,4,34
1247.258178630,16.77,0,0,195,4,34
1247.335639501,16.67,0,0,195,4,34
1247.412647704,16.67,0,0,195,4,34
1247.490243351,16.67,0,0,195,4,34
1247.567434511,16.67,0,0,195,4,34
1247.644459646,16.67,0,0,195,4,34
1247.721551858,16.67,0,0,195,4,34
1247.798982011,16.67,0,0,195,4,34
1247.876768830,16.67,0,0,195,4,34
1247.953863878,16.67,0,0,195,4,34
1248.030918619,16.67,0,0,195,4,34
1248.107961187,16.67,0,0,195,4,34
1248.185283004,16.67,0,0,195,4,34
1248.262642213,16.67,0,0,195,4,34
1248.339413847,16.76,0,0,195,4,34
1248.416915756,16.76,0,0,195,4,34
1248.494039087,16.76,0,0,195,4,34
1248.571645204,16.76,0,0,195,4,34
1248.649101627,16.76,0,0,195,4,34
1248.726469402,16.76,0,0,195,4,34
1248.805258712,16.76,0,0,195,4,34
1248.882601328,16.76,0,0,195,4,34
1248.960177068,16.76,0,0,195,4,34
1249.037844049,16.76,0,0,195,4,34
1249.115161378,16.76,0,0,195,4,34
1249.191359155,16.76,0,0,195,4,34
1249.268244745,16.76,0,0,195,4,34
1249.345248860,16.74,0,0,195,4,34
1249.421947606,16.74,0,0,195,4,34
1249.499259846,16.74,0,0,195,4,34
1249.576479259,16.74,0,0,195,4,34
1249.653893652,16.74,0,0,195,4,34
1249.731083920,16.74,0,0,195,4,34
1249.807203699,16.74,0,0,195,4,34
1249.884211070,16.74,0,0,195,4,34
1249.961865729,16.74,0,0,195,4,34
1250.040147196,16.74,0,0,195,4,34
1250.117140771,16.74,0,0,195,4,34
1250.194550916,16.74,0,0,195,4,34
1250.272217517,16.74,0,0,195,4,34
1250.351223518,16.89,0,0,195,4,34
1250.429027570,16.89,0,0,195,4,34
1250.507234165,16.89,0,0,195,4,34
1250.584411619,16.89,0,0,195,4,34
1250.662053493,16.89,0,0,195,4,34
1250.738954793,16.89,0,0,195,4,34
1250.816384115,16.89,0,0,195,4,34
1250.893973620,16.89,0,0,195,4,34
1250.970968828,16.89,0,0,195,4,34
1251.048537564,16.89,0,0,195,4,34
1251.125806581,16.89,0,0,195,4,34
1251.203032888,16.89,0,0,195,4,34
1251.280746488,16.89,0,0,195,4,34
1251.359316262,16.79,0,0,195,4,34
1251.437016798,16.79,0,0,195,4,34
1251.515118004,16.79,0,0,195,4,34
1251.592358387,16.79,0,0,195,4,34
1251.669838945,16.79,0,0,195,4,34
1251.747245784,16.79,0,0,195,4,34
1251.825399088,16.79,0,0,195,4,34
1251.902979065,16.79,0,0,195,4,34
1251.980113007,16.79,0,0,195,4,34
1252.057410919,16.79,0,0,195,4,34
1252.134924560,16.79,0,0,195,4,34
1252.214256619,16.79,0,0,195,4,34
1252.292145542,16.83,0,0,195,4,34
1252.369369925,16.83,0,0,195,4,34
1252.446783246,16.83,0,0,195,4,34
1252.524787597,16.83,0,0,195,4,34
1252.602122640,16.83,0,0,195,4,34
1252.679741791,16.83,0,0,195,4,34
1252.757033612,16.83,0,0,195,4,34
1252.834635541,16.83,0,0,195,4,34
1252.912094448,16.83,0,0,195,4,34
1252.989354579,16.83,0,0,195,4,34
1253.066804359,16.83,0,0,195,4,34
1253.144612609,16.83,0,0,195,4,34
1253.222055927,16.83,0,0,195,4,34
1253.299287494,16.83,0,0,195,4,34
1253.376824980,16.83,0,0,195,4,34
1253.454076665,16.83,0,0,195,4,34
1253.531189897,16.83,0,0,195,4,34
1253.608438897,16.83,0,0,195,4,34
1253.685481725,16.83,0,0,195,4,34
1253.762856874,16.83,0,0,195,4,34
1253.840384682,16.83,0,0,195,4,34
1253.918162324,16.83,0,0,195,4,34
1253.995341110,16.83,0,0,195,4,34
1254.072795690,16.83,0,0,195,4,34
1254.150186979,16.83,0,0,195,4,34
1254.227311903,16.83,0,0,195,4,34
1254.304692482,16.92,0,0,195,4,34
1254.382134909,16.92,0,0,195,4,34
1254.459861945,16.92,0,0,195,4,34
1254.537663742,16.92,0,0,195,4,34
1254.614362859,16.92,0,0,195,4,34
1254.691647316,16.92,0,0,195,4,34
1254.769309519,16.92,0,0,195,4,34
1254.846995016,16.92,0,0,195,4,34
1254.924349947,16.92,0,0,195,4,34
1255.001567046,16.92,0,0,195,4,34
1255.077995820,16.92,0,0,195,4,34
1255.154821086,16.92,0,0,195,4,34
1255.231253026,16.92,0,0,195,4,34
1255.307650772,16.91,0,0,195,4,34
1255.384183543,16.91,0,0,195,4,34
1255.460676930,16.91,0,0,195,4,34
1255.537619599,16.91,0,0,195,4,34
1255.614500691,16.91,0,0,195,4,34
1255.691132380,16.91,0,0,195,4,34
1255.769954232,16.91,0,0,195,4,34
1255.848465785,16.91,0,0,195,4,34
1255.926522977,16.91,0,0,195,4,34
1256.004415106,16.91,0,0,195,4,34
1256.082319558,16.91,0,0,195,4,34
1256.159295680,16.91,0,0,195,4,34
1256.236455130,16.91,0,0,195,4,34
1256.313978239,16.86,0,0,195,4,34
1256.391015498,16.86,0,0,195,4,34
1256.468185868,16.86,0,0,195,4,34
1256.545372509,16.86,0,0,195,4,34
1256.622817521,16.86,0,0,195,4,34
1256.700527073,16.86,0,0,195,4,34
1256.777501502,16.86,0,0,195,4,34
1256.854796048,16.86,0,0,195,4,34
1256.931983852,16.86,0,0,195,4,34
1257.009061947,16.86,0,0,195,4,34
1257.086413892,16.86,0,0,195,4,34
1257.164166396,16.86,0,0,195,4,34
1257.241434753,16.86,0,0,195,4,34
1257.319067660,16.72,0,0,195,4,34
1257.396824723,16.72,0,0,195,4,34
1257.474000554,16.72,0,0,195,4,34
1257.551446447,16.72,0,0,195,4,34
1257.630957726,16.72,0,0,195,4,34
1257.708672469,16.72,0,0,195,4,34
1257.786960007,16.72,0,0,195,4,34
1257.864593396,16.72,0,0,195,4,34
1257.942001848,16.72,0,0,195,4,34
1258.019316151,16.72,0,0,195,4,34
1258.096722208,16.72,0,0,195,4,34
1258.174560455,16.72,0,0,195,4,34
1258.252237406,16.72,0,0,195,4,34
1258.329677338,16.71,0,0,195,4,34
1258.407450060,16.71,0,0,195,4,34
1258.484864674,16.71,0,0,195,4,34
1258.562056856,16.71,0,0,195,4,34
1258.639051423,16.71,0,0,195,4,34
1258.716265306,16.71,0,0,195,4,34
1258.794851160,16.71,0,0,195,4,34
1258.872459882,16.71,0,0,195,4,34
1258.949748797,16.71,0,0,195,4,34
1259.027033555,16.71,0,0,195,4,34
1259.104579077,16.71,0,0,195,4,34
1259.182461357,16.71,0,0,195,4,34
1259.259960351,16.71,0,0,195,4,34
1259.337801223,16.68,0,0,195,4,34
1259.415176652,16.68,0,0,195,4,34
1259.492439438,16.68,0,0,195,4,34
1259.569922050,16.68,0,0,195,4,34
1259.647464837,16.68,0,0,195,4,34
1259.725120898,16.68,0,0,195,4,34
1259.802516987,16.68,0,0,195,4,34
1259.879813607,16.68,0,0,195,4,34
1259.956793105,16.68,0,0,195,4,34
1260.034204383,16.68,0,0,195,4,34
1260.111873028,16.68,0,0,195,4,34
1260.190086316,16.68,0,0,195,4,34
1260.267552307,16.68,0,0,195,4,34
1260.344943466,16.71,0,0,195,4,34
1260.422606932,16.71,0,0,195,4,34
1260.499582483,16.71,0,0,195,4,34
1260.577079623,16.71,0,0,195,4,34
1260.653995781,16.71,0,0,195,4,34
1260.730886181,16.71,0,0,195,4,34
1260.808076389,16.71,0,0,195,4,34
1260.885683718,16.71,0,0,195,4,34
1260.962065754,16.71,0,0,195,4,34
1261.038904886,16.71,0,0,195,4,34
1261.115364099,16.71,0,0,195,4,34
1261.192571900,16.71,0,0,195,4,34
1261.269373041,16.71,0,0,195,4,34
1261.345960305,16.79,0,0,195,4,34
1261.422615690,16.79,0,0,195,4,34
1261.499581031,16.79,0,0,195,4,34
1261.576568706,16.79,0,0,195,4,34
1261.653905101,16.79,0,0,195,4,34
1261.731357236,16.79,0,0,195,4,34
1261.808690655,16.79,0,0,195,4,34
1261.886156496,16.79,0,0,195,4,34
1261.962824865,16.79,0,0,195,4,34
1262.040791094,16.79,0,0,195,4,34
1262.118090800,16.79,0,0,195,4,34
1262.195730821,16.79,0,0,195,4,34
1262.273157097,16.79,0,0,195,4,34
1262.350703781,16.83,0,0,195,4,34
1262.428129806,16.83,0,0,195,4,34
1262.504926148,16.83,0,0,195,4,34
1262.582016066,16.83,0,0,195,4,34
1262.659464994,16.83,0,0,195,4,34
1262.736805077,16.83,0,0,195,4,34
1262.814271488,16.83,0,0,195,4,34
1262.891506191,16.83,0,0,195,4,34
1262.968440664,16.83,0,0,195,4,34
1263.045411246,16.83,0,0,195,4,34
1263.122685253,16.83,0,0,195,4,34
1263.199928562,16.83,0,0,195,4,34
1263.277562742,16.83,0,0,195,4,34
1263.354957839,16.82,0,0,195,4,34
1263.432327718,16.82,0,0,195,4,34
1263.509091567,16.82,0,0,195,4,34
1263.586232412,16.82,0,0,195,4,34
1263.663253900,16.82,0,0,195,4,34
1263.740239891,16.82,0,0,195,4,34
1263.817521412,16.82,0,0,195,4,34
1263.894723743,16.82,0,0,195,4,34
1263.971617159,16.82,0,0,195,4,34
1264.049012115,16.82,0,0,195,4,34
1264.126296732,16.82,0,0,195,4,34
1264.203295417,16.82,0,0,195,4,34
1264.280807115,16.82,0,0,195,4,34
1264.358684656,16.76,0,0,195,4,34
1264.438570506,16.76,0,0,195,4,34
1264.515452450,16.76,0,0,195,4,34
1264.592632669,16.76,0,0,195,4,34
1264.668844452,16.76,0,0,195,4,34
1264.746010785,16.76,0,0,195,4,34
1264.823072189,16.76,0,0,195,4,34
1264.899940286,16.76,0,0,195,4,34
1264.977355761,16.76,0,0,195,4,34
1265.055040808,16.76,0,0,195,4,34
1265.132283555,16.76,0,0,195,4,34
1265.209284605,16.76,0,0,195,4,34
1265.286368071,16.76,0,0,195,4,34
1265.363338873,16.82,0,0,195,4,34
1265.439911159,16.82,0,0,195,4,34
1265.516894716,16.82,0,0,195,4,34
1265.593894543,16.82,0,0,195,4,34
1265.670850016,16.82,0,0,195,4,34
1265.747088720,16.82,0,0,195,4,34
1265.824121099,16.82,0,0,195,4,34
1265.901129172,16.82,0,0,195,4,34
1265.978879733,16.82,0,0,195,4,34
1266.056010378,16.82,0,0,195,4,34
1266.133190237,16.82,0,0,195,4,34
1266.210963380,16.82,0,0,195,4,34
1266.289006666,16.82,0,0,195,4,34
1266.366481754,16.75,0,0,195,4,34
1266.443689716,16.75,0,0,195,4,34
1266.521066949,16.75,0,0,195,4,34
1266.598635024,16.75,0,0,195,4,34
1266.675838577,16.75,0,0,195,4,34
1266.752685575,16.75,0,0,195,4,34
1266.829954732,16.75,0,0,195,4,34
1266.906945112,16.75,0,0,195,4,34
1266.983269458,16.75,0,0,195,4,34
1267.059634552,16.75,0,0,195,4,34
1267.135922409,16.75,0,0,195,4,34
1267.212138100,16.75,0,0,195,4,34
1267.289586708,16.75,0,0,195,4,34
1267.366396545,16.76,0,0,195,4,34
1267.442733506,16.76,0,0,195,4,34
1267.519625408,16.76,0,0,195,4,34
1267.598005302,16.76,0,0,195,4,34
1267.675646996,16.76,0,0,195,4,34
1267.753285434,16.76,0,0,195,4,34
1267.830991360,16.76,0,0,195,4,34
1267.908651400,16.76,0,0,195,4,34
1267.985747870,16.76,0,0,195,4,34
1268.062623241,16.76,0,0,195,4,34
1268.139651252,16.76,0,0,195,4,34
1268.216893409,16.76,0,0,195,4,34
1268.295031394,16.73,0,0,195,4,34
1268.372476636,16.73,0,0,195,4,34
1268.449687944,16.73,0,0,195,4,34
1268.527261680,16.73,0,0,195,4,34
1268.604384380,16.73,0,0,195,4,34
1268.681689536,16.73,0,0,195,4,34
1268.758683843,16.73,0,0,195,4,34
1268.836645844,16.73,0,0,195,4,34
1268.914319529,16.73,0,0,195,4,34
1268.991267327,16.73,0,0,195,4,34
1269.068554069,16.73,0,0,195,4,34
1269.145518769,16.73,0,0,195,4,34
1269.223172807,16.73,0,0,195,4,34
1269.300752654,16.72,0,0,195,4,34
1269.378148091,16.72,0,0,195,4,34
1269.455402000,16.72,0,0,195,4,34
1269.532822556,16.72,0,0,195,4,34
1269.610447147,16.72,0,0,195,4,34
1269.687815664,16.72,0,0,195,4,34
1269.765216782,16.72,0,0,195,4,34
1269.842613802,16.72,0,0,195,4,34
1269.920421401,16.72,0,0,195,4,34
1269.997859990,16.72,0,0,195,4,34
1270.075367450,16.72,0,0,195,4,34
1270.152412724,16.72,0,0,195,4,34
1270.229896649,16.72,0,0,195,4,34
1270.307552791,16.77,0,0,195,4,34
1270.385131045,16.77,0,0,195,4,34
1270.462728936,16.77,0,0,195,4,34
1270.539988356,16.77,0,0,195,4,34
1270.617610543,16.77,0,0,195,4,34
1270.694861997,16.77,0,0,195,4,34
1270.772566962,16.77,0,0,195,4,34
1270.849742101,16.77,0,0,195,4,34
1270.927211449,16.77,0,0,195,4,34
1271.004428598,16.77,0,0,195,4,34
1271.081849353,16.77,0,0,195,4,34
1271.159166001,16.77,0,0,195,4,34
1271.237058612,16.77,0,0,195,4,34
1271.314701438,16.87,0,0,195,4,34
1271.392505069,16.87,0,0,195,4,34
1271.469996659,16.87,0,0,195,4,34
1271.547600882,16.87,0,0,195,4,34
1271.625097161,16.87,0,0,195,4,34
1271.702534017,16.87,0,0,195,4,34
1271.779334887,16.87,0,0,195,4,34
1271.857146333,16.87,0,0,195,4,34
1271.934754754,16.87,0,0,195,4,34
1272.011984898,16.87,0,0,195,4,34
1272.089076940,16.87,0,0,195,4,34
1272.166999016,16.87,0,0,195,4,34
1272.244253056,16.87,0,0,195,4,34
1272.321729326,16.81,0,0,195,4,34
1272.399263607,16.81,0,0,195,4,34
1272.476120253,16.81,0,0,195,4,34
1272.553105182,16.81,0,0,195,4,34
1272.630262277,16.81,0,0,195,4,34
1272.707418752,16.81,0,0,195,4,34
1272.783946644,16.81,0,0,195,4,34
1272.861187719,16.81,0,0,195,4,34
1272.936892140,16.81,0,0,195,4,34
1273.014384882,16.81,0,0,195,4,34
1273.091414115,16.81,0,0,195,4,34
1273.167061809,16.81,0,0,195,4,34
1273.244046076,16.81,0,0,195,4,34
1273.321401448,16.63,0,0,195,4,34
1273.398134630,16.63,0,0,195,4,34
1273.474774153,16.63,0,0,195,4,34
1273.553320503,16.63,0,0,195,4,34
1273.630691524,16.63,0,0,195,4,34
1273.709237092,16.63,0,0,195,4,34
1273.785900121,16.63,0,0,195,4,34
1273.863389326,16.63,0,0,195,4,34
1273.940583542,16.63,0,0,195,4,34
1274.017928634,16.63,0,0,195,4,34
1274.095667513,16.63,0,0,195,4,34
1274.174048880,16.63,0,0,195,4,34
1274.251916232,16.63,0,0,195,4,34
1274.329189357,16.61,0,0,195,4,34
1274.407141230,16.61,0,0,195,4,34
1274.484891030,16.61,0,0,195,4,34
1274.562037385,16.61,0,0,195,4,34
1274.640293574,16.61,0,0,195,4,34
1274.718349354,16.61,0,0,195,4,34
1274.797123836,16.61,0,0,195,4,34
1274.873939915,16.61,0,0,195,4,34
1274.951765077,16.61,0,0,195,4,34
1275.028818286,16.61,0,0,195,4,34
1275.106093745,16.61,0,0,195,4,34
1275.183336664,16.61,0,0,195,4,34
1275.260629827,16.61,0,0,195,4,34
1275.338339992,16.53,0,0,195,4,34
1275.415482399,16.53,0,0,195,4,34
1275.492732030,16.53,0,0,195,4,34
1275.570752272,16.53,0,0,195,4,34
1275.648206030,16.53,0,0,195,4,34
1275.725862773,16.53,0,0,195,4,34
1275.803092717,16.53,0,0,195,4,34
1275.880260703,16.53,0,0,195,4,34
1275.958060928,16.53,0,0,195,4,34
1276.035307783,16.53,0,0,195,4,34
1276.113198640,16.53,0,0,195,4,34
1276.190198638,16.53,0,0,195,4,34
1276.267848518,16.53,0,0,195,4,34
1276.345111504,16.56,0,0,195,4,34
1276.422043803,16.56,0,0,195,4,34
1276.500195976,16.56,0,0,195,4,34
1276.578011590,16.56,0,0,195,4,34
1276.655386909,16.56,0,0,195,4,34
1276.732445989,16.56,0,0,195,4,34
1276.809631168,16.56,0,0,195,4,34
1276.887626192,16.56,0,0,195,4,34
1276.965237869,16.56,0,0,195,4,34
1277.042541222,16.56,0,0,195,4,34
1277.120626468,16.56,0,0,195,4,34
1277.197580027,16.56,0,0,195,4,34
1277.274485095,16.56,0,0,195,4,34
1277.351581596,16.70,0,0,195,4,34
1277.428697824,16.70,0,0,195,4,34
1277.505991588,16.70,0,0,195,4,34
1277.583478028,16.70,0,0,195,4,34
1277.661179185,16.70,0,0,195,4,34
1277.738682828,16.70,0,0,195,4,34
1277.816749288,16.70,0,0,195,4,34
1277.893611875,16.70,0,0,195,4,34
1277.970825678,16.70,0,0,195,4,34
1278.048621384,16.70,0,0,195,4,34
1278.126408665,16.70,0,0,195,4,34
1278.203812038,16.70,0,0,195,4,34
1278.280831713,16.70,0,0,195,4,34
1278.357944494,16.79,0,0,195,4,34
1278.435148549,16.79,0,0,195,4,34
1278.512277501,16.79,0,0,195,4,34
1278.589879430,16.79,0,0,195,4,34
1278.666280011,16.79,0,0,195,4,34
1278.742700500,16.79,0,0,195,4,34
1278.819618252,16.79,0,0,195,4,34
1278.895782625,16.79,0,0,195,4,34
1278.973058506,16.79,0,0,195,4,34
1279.049031676,16.79,0,0,195,4,34
1279.125725604,16.79,0,0,195,4,34
1279.202642504,16.79,0,0,195,4,34
1279.279111274,16.79,0,0,195,4,34
1279.356133514,16.77,0,0,195,4,34
1279.433414595,16.77,0,0,195,4,34
1279.510387361,16.77,0,0,195,4,34
1279.587456890,16.77,0,0,195,4,34
1279.665066564,16.77,0,0,195,4,34
1279.741971231,16.77,0,0,195,4,34
1279.819204471,16.77,0,0,195,4,34
1279.897105768,16.77,0,0,195,4,34
1279.974856328,16.77,0,0,195,4,34
1280.052281763,16.77,0,0,195,4,34
1280.130251459,16.77,0,0,195,4,34
1280.207948429,16.77,0,0,195,4,34
1280.285056030,16.77,0,0,195,4,34
1280.362645075,16.97,0,0,195,4,34
1280.440191298,16.97,0,0,195,4,34
1280.517609008,16.97,0,0,195,4,34
1280.594802172,16.97,0,0,195,4,34
1280.672524930,16.97,0,0,195,4,34
1280.749964000,16.97,0,0,195,4,34
1280.827171191,16.97,0,0,195,4,34
1280.904914337,16.97,0,0,195,4,34
1280.982179668,16.97,0,0,195,4,34
1281.059829328,16.97,0,0,195,4,34
1281.137635143,16.97,0,0,195,4,34
1281.214415645,16.97,0,0,195,4,34
1281.292279651,16.97,0,0,195,4,34
1281.370894200,16.81,0,0,195,4,34
1281.448238320,16.81,0,0,195,4,34
1281.525615813,16.81,0,0,195,4,34
1281.602727873,16.81,0,0,195,4,34
1281.680036697,16.81,0,0,195,4,34
1281.757480606,16.81,0,0,195,4,34
1281.834920408,16.81,0,0,195,4,34
1281.912627416,16.81,0,0,195,4,34
1281.991093393,16.81,0,0,195,4,34
1282.068630479,16.81,0,0,195,4,34
1282.146025676,16.81,0,0,195,4,34
1282.223158516,16.81,0,0,195,4,34
1282.301002674,16.76,0,0,195,4,34
1282.378402140,16.76,0,0,195,4,34
1282.455603870,16.76,0,0,195,4,34
1282.534047545,16.76,0,0,195,4,34
1282.611196385,16.76,0,0,195,4,34
1282.688731417,16.76,0,0,195,4,34
1282.766018339,16.76,0,0,195,4,34
1282.843573800,16.76,0,0,195,4,34
1282.920995538,16.76,0,0,195,4,34
1282.998328677,16.76,0,0,195,4,34
1283.075511802,16.76,0,0,195,4,34
1283.153312598,16.76,0,0,195,4,34
1283.230946027,16.76,0,0,195,4,34
1283.308344971,16.82,0,0,195,4,34
1283.386004780,16.82,0,0,195,4,34
1283.463305067,16.82,0,0,195,4,34
1283.540226375,16.82,0,0,195,4,34
1283.617453885,16.82,0,0,195,4,34
1283.695215787,16.82,0,0,195,4,34
1283.772357203,16.82,0,0,195,4,34
1283.850044253,16.82,0,0,195,4,34
1283.927472022,16.82,0,0,195,4,34
1284.004548865,16.82,0,0,195,4,34
1284.082331327,16.82,0,0,195,4,34
1284.158674199,16.82,0,0,195,4,34
1284.235635323,16.82,0,0,195,4,34
1284.312984012,16.82,0,0,195,4,34
1284.389952469,16.82,0,0,195,4,34
1284.467029644,16.82,0,0,195,4,34
1284.543875429,16.82,0,0,195,4,34
1284.620128411,16.82,0,0,195,4,34
1284.696762004,16.82,0,0,195,4,34
1284.773675607,16.82,0,0,195,4,34
1284.850208029,16.82,0,0,195,4,34
1284.926611255,16.82,0,0,195,4,34
1285.003545748,16.82,0,0,195,4,34
1285.079754856,16.82,0,0,195,4,34
1285.156009300,16.82,0,0,195,4,34
1285.232861618,16.82,0,0,195,4,34
1285.310072295,16.80,0,0,195,4,34
1285.387471170,16.80,0,0,195,4,34
1285.464574203,16.80,0,0,195,4,34
1285.542126498,16.80,0,0,195,4,34
1285.619334319,16.80,0,0,195,4,34
1285.696354005,16.80,0,0,195,4,34
1285.773769430,16.80,0,0,195,4,34
1285.851443185,16.80,0,0,195,4,34
1285.928362991,16.80,0,0,195,4,34
1286.005099810,16.80,0,0,195,4,34
1286.082761242,16.80,0,0,195,4,34
1286.160399249,16.80,0,0,195,4,34
1286.238123330,16.80,0,0,195,4,34
1286.315452712,16.77,0,0,195,4,34
1286.393004246,16.77,0,0,195,4,34
1286.470307428,16.77,0,0,195,4,34
1286.547723495,16.77,0,0,195,4,34
1286.625182623,16.77,0,0,195,4,34
1286.702698760,16.77,0,0,195,4,34
1286.779681455,16.77,0,0,195,4,34
1286.856977484,16.77,0,0,195,4,34
1286.934788660,16.77,0,0,195,4,34
1287.012092634,16.77,0,0,195,4,34
1287.089124953,16.77,0,0,195,4,34
1287.166204912,16.77,0,0,195,4,34
1287.243161919,16.77,0,0,195,4,34
1287.320848087,16.57,0,0,195,4,34
1287.399050866,16.57,0,0,195,4,34
1287.476161112,16.57,0,0,195,4,34
1287.552959999,16.57,0,0,195,4,34
1287.630106785,16.57,0,0,195,4,34
1287.707861704,16.57,0,0,195,4,34
1287.785296136,16.57,0,0,195,4,34
1287.862779290,16.57,0,0,195,4,34
1287.940419381,16.57,0,0,195,4,34
1288.017917453,16.57,0,0,195,4,34
1288.094689900,16.57,0,0,195,4,34
1288.172114102,16.57,0,0,195,4,34
1288.248971970,16.57,0,0,195,4,34
1288.326692113,16.53,0,0,195,4,34
1288.404818787,16.53,0,0,195,4,34
1288.482308003,16.53,0,0,195,4,34
1288.559241114,16.53,0,0,195,4,34
1288.638605033,16.53,0,0,195,4,34
1288.716807621,16.53,0,0,195,4,34
1288.793640452,16.53,0,0,195,4,34
1288.870677761,16.53,0,0,195,4,34
1288.948165243,16.53,0,0,195,4,34
1289.025455551,16.53,0,0,195,4,34
1289.102297349,16.53,0,0,195,4,34
1289.179773129,16.53,0,0,195,4,34
1289.256779238,16.53,0,0,195,4,34
1289.334006357,16.46,0,0,195,4,34
1289.411258122,16.46,0,0,195,4,34
1289.488516519,16.46,0,0,195,4,34
1289.565975147,16.46,0,0,195,4,34
1289.642964715,16.46,0,0,195,4,34
1289.719826571,16.46,0,0,195,4,34
1289.798974872,16.46,0,0,195,4,34
1289.876145233,16.46,0,0,195,4,34
1289.953303130,16.46,0,0,195,4,34
1290.030461168,16.46,0,0,195,4,34
1290.108266162,16.46,0,0,195,4,34
1290.185051583,16.46,0,0,195,4,34
1290.262006455,16.46,0,0,195,4,34
1290.339083970,16.26,0,0,195,4,34
1290.415642250,16.26,0,0,195,4,34
1290.492342860,16.26,0,0,195,4,34
1290.569307701,16.26,0,0,195,4,34
1290.645871763,16.26,0,0,195,4,34
1290.722627588,16.26,0,0,195,4,34
1290.801496078,16.26,0,0,195,4,34
1290.878831392,16.26,0,0,195,4,34
1290.955539256,16.26,0,0,195,4,34
1291.031494312,16.26,0,0,195,4,34
1291.108182749,16.26,0,0,195,4,34
1291.184370607,16.26,0,0,195,4,34
1291.262715104,16.26,0,0,195,4,34
1291.340238855,16.49,0,0,195,4,34
1291.417227281,16.49,0,0,195,4,34
1291.496353741,16.49,0,0,195,4,34
1291.573255613,16.49,0,0,195,4,34
1291.650862331,16.49,0,0,195,4,34
1291.729932274,16.49,0,0,195,4,34
1291.807913362,16.49,0,0,195,4,34
1291.884769847,16.49,0,0,195,4,34
1291.962294099,16.49,0,0,195,4,34
1292.040774494,16.49,0,0,195,4,34
1292.118015098,16.49,0,0,195,4,34
1292.194951375,16.49,0,0,195,4,34
1292.272619279,16.49,0,0,195,4,34
1292.350192454,16.62,0,0,195,4,34
1292.427925622,16.62,0,0,195,4,34
1292.504866858,16.62,0,0,195,4,34
1292.582407541,16.62,0,0,195,4,34
1292.659924570,16.62,0,0,195,4,34
1292.737217292,16.62,0,0,195,4,34
1292.814570179,16.62,0,0,195,4,34
1292.892262319,16.62,0,0,195,4,34
1292.969579799,16.62,0,0,195,4,34
1293.046881840,16.62,0,0,195,4,34
1293.124202095,16.62,0,0,195,4,34
1293.202848334,16.62,0,0,195,4,34
1293.280421789,16.62,0,0,195,4,34
1293.357929290,16.86,0,0,195,4,34
1293.435072288,16.86,0,0,195,4,34
1293.512558608,16.86,0,0,195,4,34
1293.590990321,16.86,0,0,195,4,34
1293.669310662,16.86,0,0,195,4,34
1293.747335403,16.86,0,0,195,4,34
1293.824863592,16.86,0,0,195,4,34
1293.902268077,16.86,0,0,195,4,34
1293.979019033,16.86,0,0,195,4,34
1294.056536231,16.86,0,0,195,4,34
1294.133889279,16.86,0,0,195,4,34
1294.211668334,16.86,0,0,195,4,34
1294.288840338,16.86,0,0,195,4,34
1294.366509214,16.78,0,0,195,4,34
1294.444519748,16.78,0,0,195,4,34
1294.521898544,16.78,0,0,195,4,34
1294.598924591,16.78,0,0,195,4,34
1294.676530668,16.78,0,0,195,4,34
1294.753913041,16.78,0,0,195,4,34
1294.831111155,16.78,0,0,195,4,34
1294.908869520,16.78,0,0,195,4,34
1294.986775055,16.78,0,0,195,4,34
1295.064124265,16.78,0,0,195,4,34
1295.141183976,16.78,0,0,195,4,34
1295.218780125,16.78,0,0,195,4,34
1295.297186890,16.78,0,0,195,4,34
1295.375214085,17.03,0,0,195,4,34
1295.452499555,17.03,0,0,195,4,34
1295.529530431,17.03,0,0,195,4,34
1295.607060614,17.03,0,0,195,4,34
1295.684322308,17.03,0,0,195,4,34
1295.761157283,17.03,0,0,195,4,34
1295.838006155,17.03,0,0,195,4,34
1295.915096814,17.03,0,0,195,4,34
1295.991953060,17.03,0,0,195,4,34
1296.069064208,17.03,0,0,195,4,34
1296.146799410,17.03,0,0,195,4,34
1296.224441826,17.03,0,0,195,4,34
1296.304087521,16.88,0,0,195,4,34
1296.381031432,16.88,0,0,195,4,34
1296.458027122,16.88,0,0,195,4,34
1296.534855093,16.88,0,0,195,4,34
1296.612356933,16.88,0,0,195,4,34
1296.689221804,16.88,0,0,195,4,34
1296.766035609,16.88,0,0,195,4,34
1296.843077587,16.88,0,0,195,4,34
1296.921654835,16.88,0,0,195,4,34
1296.999171853,16.88,0,0,195,4,34
1297.076032777,16.88,0,0,195,4,34
1297.152678544,16.88,0,0,195,4,34
1297.230156558,16.88,0,0,195,4,34
1297.307354191,16.66,0,0,195,4,34
1297.385219208,16.66,0,0,195,4,34
1297.462462247,16.66,0,0,195,4,34
1297.539659349,16.66,0,0,195,4,34
1297.616449258,16.66,0,0,195,4,34
1297.693912224,16.66,0,0,195,4,34
1297.771218332,16.66,0,0,195,4,34
1297.849157591,16.66,0,0,195,4,34
1297.926285692,16.66,0,0,195,4,34
1298.004918386,16.66,0,0,195,4,34
1298.082305708,16.66,0,0,195,4,34
1298.159429240,16.66,0,0,195,4,34
1298.237858868,16.66,0,0,195,4,34
1298.315446100,16.67,0,0,195,4,34
1298.392705379,16.67,0,0,195,4,34
1298.470777310,16.67,0,0,195,4,34
1298.548545073,16.67,0,0,195,4,34
1298.626159496,16.67,0,0,195,4,34
1298.703998795,16.67,0,0,195,4,34
1298.780987652,16.67,0,0,195,4,34
1298.858208709,16.67,0,0,195,4,34
1298.935409668,16.67,0,0,195,4,34
1299.012434714,16.67,0,0,195,4,34
1299.089510625,16.67,0,0,195,4,34
1299.166440581,16.67,0,0,195,4,34
1299.244854420,16.67,0,0,195,4,34
1299.322063224,16.68,0,0,195,4,34
1299.399430157,16.68,0,0,195,4,34
1299.476255304,16.68,0,0,195,4,34
1299.553625624,16.68,0,0,195,4,34
1299.630861740,16.68,0,0,195,4,34
1299.707914187,16.68,0,0,195,4,34
1299.785546564,16.68,0,0,195,4,34
1299.862446322,16.68,0,0,195,4,34
1299.940450494,16.68,0,0,195,4,34
1300.017277043,16.68,0,0,195,4,34
1300.094763533,16.68,0,0,195,4,34
1300.171886505,16.68,0,0,195,4,34
1300.249158037,16.68,0,0,195,4,34
1300.326730691,16.63,0,0,195,4,34
1300.404459020,16.63,0,0,195,4,34
1300.482593319,16.63,0,0,195,4,34
1300.560020126,16.63,0,0,195,4,34
1300.637268635,16.63,0,0,195,4,34
1300.714957399,16.63,0,0,195,4,34
1300.792385138,16.63,0,0,195,4,34
1300.870068211,16.63,0,0,195,4,34
1300.946834576,16.63,0,0,195,4,34
1301.024010758,16.63,0,0,195,4,34
1301.101167754,16.63,0,0,195,4,34
1301.179228603,16.63,0,0,195,4,34
1301.256482592,16.63,0,0,195,4,34
1301.333941651,16.59,0,0,195,4,34
1301.411134114,16.59,0,0,195,4,34
1301.487976112,16.59,0,0,195,4,34
1301.564973635,16.59,0,0,195,4,34
1301.642483891,16.59,0,0,195,4,34
1301.719723593,16.59,0,0,195,4,34
1301.797432055,16.59,0,0,195,4,34
1301.874727212,16.59,0,0,195,4,34
1301.951852347,16.59,0,0,195,4,34
1302.028865470,16.59,0,0,195,4,34
1302.105862813,16.59,0,0,195,4,34
1302.183510479,16.59,0,0,195,4,34
1302.260905706,16.59,0,0,195,4,34
1302.337293083,16.62,0,0,195,4,34
1302.414398791,16.62,0,0,195,4,34
1302.490893090,16.62,0,0,195,4,34
1302.567691145,16.62,0,0,195,4,34
1302.644592887,16.62,0,0,195,4,34
1302.721013096,16.62,0,0,195,4,34
1302.797239116,16.62,0,0,195,4,34
1302.873911142,16.62,0,0,195,4,34
1302.950235439,16.62,0,0,195,4,34
1303.027302143,16.62,0,0,195,4,34
1303.104559199,16.62,0,0,195,4,34
1303.182199791,16.62,0,0,195,4,34
1303.259286434,16.62,0,0,195,4,34
1303.338133684,16.73,0,0,195,4,34
1303.415780979,16.73,0,0,195,4,34
1303.492834158,16.73,0,0,195,4,34
1303.570459712,16.73,0,0,195,4,34
1303.647435905,16.73,0,0,195,4,34
1303.724612638,16.73,0,0,195,4,34
1303.803477753,16.73,0,0,195,4,34
1303.880778180,16.73,0,0,195,4,34
1303.958711708,16.73,0,0,195,4,34
1304.036661978,16.73,0,0,195,4,34
1304.113314367,16.73,0,0,195,4,34
1304.190209476,16.73,0,0,195,4,34
1304.267287802,16.73,0,0,195,4,34
1304.344557572,16.67,0,0,195,4,34
1304.421484852,16.67,0,0,195,4,34
1304.499548386,16.67,0,0,195,4,34
1304.576563734,16.67,0,0,195,4,34
1304.653922953,16.67,0,0,195,4,34
1304.733207973,16.67,0,0,195,4,34
1304.810919811,16.67,0,0,195,4,34
1304.888041129,16.67,0,0,195,4,34
1304.964916782,16.67,0,0,195,4,34
1305.042225435,16.67,0,0,195,4,34
1305.119110825,16.67,0,0,195,4,34
1305.196044287,16.67,0,0,195,4,34
1305.273893014,16.67,0,0,195,4,34
1305.350776662,16.67,0,0,195,4,34
1305.427477052,16.67,0,0,195,4,34
1305.504963021,16.67,0,0,195,4,34
1305.582273227,16.67,0,0,195,4,34
1305.659390608,16.67,0,0,195,4,34
1305.737024588,16.67,0,0,195,4,34
1305.814458789,16.67,0,0,195,4,34
1305.891391299,16.67,0,0,195,4,34
1305.968143517,16.67,0,0,195,4,34
1306.045341180,16.67,0,0,195,4,34
1306.123083355,16.67,0,0,195,4,34
1306.200922394,16.67,0,0,195,4,34
1306.279661240,16.67,0,0,195,4,34
1306.357243281,16.73,0,0,187,4,34
1306.434468075,16.73,0,0,187,4,34
1306.511945519,16.73,0,0,187,4,34
1306.589802973,16.73,0,0,187,4,34
1306.668094359,16.73,0,0,187,4,34
1306.746042996,16.73,0,0,187,4,34
1306.824171884,16.73,0,0,187,4,34
1306.901241905,16.73,0,0,187,4,34
1306.978293410,16.73,0,0,187,4,34
1307.055400191,16.73,0,0,187,4,34
1307.132366756,16.73,0,0,187,4,34
1307.209760711,16.73,0,0,187,4,34
1307.287354955,16.73,0,0,187,4,34
1307.364909495,16.84,0,0,195,4,34
1307.442910581,16.84,0,0,195,4,34
1307.520564379,16.84,0,0,195,4,34
1307.598647300,16.84,0,0,195,4,34
1307.675881101,16.84,0,0,195,4,34
1307.753441402,16.84,0,0,195,4,34
1307.830567589,16.84,0,0,195,4,34
1307.907765182,16.84,0,0,195,4,34
1307.985169747,16.84,0,0,195,4,34
1308.062328726,16.84,0,0,195,4,34
1308.139505670,16.84,0,0,195,4,34
1308.216079359,16.84,0,0,195,4,34
1308.292037492,16.84,0,0,195,4,34
1308.369767244,16.83,0,0,195,4,34
1308.446752023,16.83,0,0,195,4,34
1308.524931387,16.83,0,0,195,4,34
1308.602033739,16.83,0,0,195,4,34
1308.678481580,16.83,0,0,195,4,34
1308.755467571,16.83,0,0,195,4,34
1308.832670805,16.83,0,0,195,4,34
1308.908399082,16.83,0,0,195,4,34
1308.984875407,16.83,0,0,195,4,34
1309.062421690,16.83,0,0,195,4,34
1309.140127908,16.83,0,0,195,4,34
1309.217310622,16.83,0,0,195,4,34
1309.296542171,16.83,0,0,195,4,34
1309.374189467,16.72,0,0,195,4,34
1309.452377177,16.72,0,0,195,4,34
1309.529711719,16.72,0,0,195,4,34
1309.607432875,16.72,0,0,195,4,34
1309.684959341,16.72,0,0,195,4,34
1309.762303752,16.72,0,0,195,4,34
1309.839939485,16.72,0,0,195,4,34
1309.917571702,16.72,0,0,195,4,34
1309.995402475,16.72,0,0,195,4,34
1310.073093093,16.72,0,0,195,4,34
1310.150737262,16.72,0,0,195,4,34
1310.227803005,16.72,0,0,195,4,34
1310.306631149,16.72,0,0,195,4,34
1310.385481886,16.84,0,0,195,4,34
1310.462984627,16.84,0,0,195,4,34
1310.541640976,16.84,0,0,195,4,34
1310.619372802,16.84,0,0,195,4,34
1310.696833183,16.84,0,0,195,4,34
1310.773925586,16.84,0,0,195,4,34
1310.851411846,16.84,0,0,195,4,34
1310.928616181,16.84,0,0,195,4,34
1311.005920837,16.84,0,0,195,4,34
1311.082626257,16.84,0,0,195,4,34
1311.160425239,16.84,0,0,195,4,34
1311.237831017,16.84,0,0,195,4,34
1311.315102700,16.70,0,0,195,4,34
1311.392232474,16.70,0,0,195,4,34
1311.469428764,16.70,0,0,195,4,34
1311.546913702,16.70,0,0,195,4,34
1311.623723620,16.70,0,0,195,4,34
1311.701112485,16.70,0,0,195,4,34
1311.778110750,16.70,0,0,195,4,34
1311.855476952,16.70,0,0,195,4,34
1311.933132563,16.70,0,0,195,4,34
1312.010679889,16.70,0,0,195,4,34
1312.088325070,16.70,0,0,195,4,34
1312.165551548,16.70,0,0,195,4,34
1312.242681151,16.70,0,0,195,4,34
1312.319845491,16.75,0,0,195,4,34
1312.396880155,16.75,0,0,195,4,34
1312.474379390,16.75,0,0,195,4,34
1312.551688484,16.75,0,0,195,4,34
1312.629337863,16.75,0,0,195,4,34
1312.706092706,16.75,0,0,195,4,34
1312.785125729,16.75,0,0,195,4,34
1312.862640894,16.75,0,0,195,4,34
1312.940053995,16.75,0,0,195,4,34
1313.017478428,16.75,0,0,195,4,34
1313.094738239,16.75,0,0,195,4,34
1313.172216443,16.75,0,0,195,4,34
1313.249569271,16.75,0,0,195,4,34
1313.327050371,16.73,0,0,195,4,34
1313.404352221,16.73,0,0,195,4,34
1313.481899808,16.73,0,0,195,4,34
1313.559304743,16.73,0,0,195,4,34
1313.636534207,16.73,0,0,195,4,34
1313.713513205,16.73,0,0,195,4,34
1313.791203161,16.73,0,0,195,4,34
1313.868581376,16.73,0,0,195,4,34
1313.946072335,16.73,0,0,195,4,34
1314.023160310,16.73,0,0,195,4,34
1314.100328307,16.73,0,0,195,4,34
1314.176925822,16.73,0,0,195,4,34
1314.253953633,16.73,0,0,195,4,34
1314.330559083,16.61,0,0,195,4,34
1314.408073917,16.61,0,0,195,4,34
1314.484712139,16.61,0,0,195,4,34
1314.561439149,16.61,0,0,195,4,34
1314.638623307,16.61,0,0,195,4,34
1314.715204681,16.61,0,0,195,4,34
1314.791833345,16.61,0,0,195,4,34
1314.868286146,16.61,0,0,195,4,34
1314.945194761,16.61,0,0,195,4,34
1315.022319966,16.61,0,0,195,4,34
1315.099594174,16.61,0,0,195,4,34
1315.177117514,16.61,0,0,195,4,34
1315.254299087,16.61,0,0,195,4,34
1315.331380629,16.77,0,0,195,4,34
1315.409061639,16.77,0,0,195,4,34
1315.486115299,16.77,0,0,195,4,34
1315.563054151,16.77,0,0,195,4,34
1315.640035854,16.77,0,0,195,4,34
1315.717001958,16.77,0,0,195,4,34
1315.794366708,16.77,0,0,195,4,34
1315.871409156,16.77,0,0,195,4,34
1315.949076850,16.77,0,0,195,4,34
1316.026104862,16.77,0,0,195,4,34
1316.103106072,16.77,0,0,195,4,34
1316.180092845,16.77,0,0,195,4,34
1316.256888155,16.77,0,0,195,4,34
1316.333974076,16.59,0,0,195,4,34
1316.411135260,16.59,0,0,195,4,34
1316.488019398,16.59,0,0,195,4,34
1316.564918795,16.59,0,0,195,4,34
1316.641884989,16.59,0,0,195,4,34
1316.719047425,16.59,0,0,195,4,34
1316.797218053,16.59,0,0,195,4,34
1316.874314304,16.59,0,0,195,4,34
1316.951214222,16.59,0,0,195,4,34
1317.029850463,16.59,0,0,195,4,34
1317.107649166,16.59,0,0,195,4,34
1317.184715630,16.59,0,0,195,4,34
1317.262380218,16.59,0,0,195,4,34
1317.339486809,16.62,0,0,195,4,34
1317.417423132,16.62,0,0,195,4,34
1317.494937525,16.62,0,0,195,4,34
1317.572384371,16.62,0,0,195,4,34
1317.649660502,16.62,0,0,195,4,34
1317.726636966,16.62,0,0,195,4,34
1317.803885776,16.62,0,0,195,4,34
1317.881072598,16.62,0,0,195,4,34
1317.958308744,16.62,0,0,195,4,34
1318.035101088,16.62,0,0,195,4,34
1318.112813758,16.62,0,0,195,4,34
1318.190254101,16.62,0,0,195,4,34
1318.267819832,16.62,0,0,195,4,34
1318.345844152,16.66,0,0,195,4,34
1318.424499890,16.66,0,0,195,4,34
1318.501743430,16.66,0,0,195,4,34
1318.579597958,16.66,0,0,195,4,34
1318.656578930,16.66,0,0,195,4,34
1318.733894066,16.66,0,0,195,4,34
1318.812782354,16.66,0,0,195,4,34
1318.889660181,16.66,0,0,195,4,34
1318.967641870,16.66,0,0,195,4,34
1319.044811330,16.66,0,0,195,4,34
1319.122045812,16.66,0,0,195,4,34
1319.199126544,16.66,0,0,195,4,34
1319.276367028,16.66,0,0,195,4,34
1319.354381439,16.67,0,0,187,4,34
1319.432380131,16.67,0,0,187,4,34
1319.509824331,16.67,0,0,187,4,34
1319.587188159,16.67,0,0,187,4,34
1319.664052029,16.67,0,0,187,4,34
1319.740937270,16.67,0,0,187,4,34
1319.818462063,16.67,0,0,187,4,34
1319.895822194,16.67,0,0,187,4,34
1319.973066355,16.67,0,0,187,4,34
1320.050054711,16.67,0,0,187,4,34
1320.126138923,16.67,0,0,187,4,34
1320.203704714,16.67,0,0,187,4,34
1320.279857806,16.67,0,0,187,4,34
1320.356267515,16.61,0,0,195,4,34
1320.432402553,16.61,0,0,195,4,34
1320.508761656,16.61,0,0,195,4,34
1320.585690790,16.61,0,0,195,4,34
1320.662406529,16.61,0,0,195,4,34
1320.738755002,16.61,0,0,195,4,34
1320.815994855,16.61,0,0,195,4,34
1320.892998590,16.61,0,0,195,4,34
1320.971228300,16.61,0,0,195,4,34
1321.050387883,16.61,0,0,195,4,34
1321.127343006,16.61,0,0,195,4,34
1321.204969071,16.61,0,0,195,4,34
1321.282901868,16.61,0,0,195,4,34
1321.359940289,17.48,0,0,195,4,34
1321.436930559,17.48,0,0,195,4,34
1321.513974771,17.48,0,0,195,4,34
1321.591098123,17.48,0,0,195,4,34
1321.668218649,17.48,0,0,195,4,34
1321.745592937,17.48,0,0,195,4,34
1321.823731695,17.48,0,0,195,4,34
1321.901044636,17.48,0,0,195,4,34
1321.977968540,17.48,0,0,195,4,34
1322.055175781,17.48,0,0,195,4,34
1322.132103763,17.48,0,0,195,4,34
1322.209009843,17.48,0,0,195,4,34
1322.286376577,17.48,0,0,195,4,34
1322.364877060,17.04,0,0,195,4,34
1322.442406211,17.04,0,0,195,4,34
1322.519485239,17.04,0,0,195,4,34
1322.596281902,17.04,0,0,195,4,34
1322.674646888,17.04,0,0,195,4,34
1322.752014042,17.04,0,0,195,4,34
1322.830115950,17.04,0,0,195,4,34
1322.907231998,17.04,0,0,195,4,34
1322.984391178,17.04,0,0,195,4,34
1323.061937552,17.04,0,0,195,4,34
1323.139201842,17.04,0,0,195,4,34
1323.216333580,17.04,0,0,195,4,34
1323.293745148,17.04,0,0,195,4,34
1323.371051497,16.58,0,0,195,4,34
1323.448647525,16.58,0,0,195,4,34
1323.525733226,16.58,0,0,195,4,34
1323.602876586,16.58,0,0,195,4,34
1323.680336897,16.58,0,0,195,4,34
1323.757246865,16.58,0,0,195,4,34
1323.834969072,16.58,0,0,195,4,34
1323.912323813,16.58,0,0,195,4,34
1323.989899703,16.58,0,0,195,4,34
1324.067538713,16.58,0,0,195,4,34
1324.145457353,16.58,0,0,195,4,34
1324.222765305,16.58,0,0,195,4,34
1324.300332769,16.58,0,0,195,4,34
1324.378548893,16.68,0,0,195,4,34
1324.459148116,16.68,0,0,195,4,34
1324.536696384,16.68,0,0,195,4,34
1324.613776374,16.68,0,0,195,4,34
1324.691313901,16.68,0,0,195,4,34
1324.768708858,16.68,0,0,195,4,34
1324.845753571,16.68,0,0,195,4,34
1324.923039682,16.68,0,0,195,4,34
1325.000860897,16.68,0,0,195,4,34
1325.078704124,16.68,0,0,195,4,34
1325.156373231,16.68,0,0,195,4,34
1325.233703996,16.68,0,0,195,4,34
1325.313088446,16.68,0,0,195,4,34
1325.390645430,16.88,0,0,195,4,34
1325.467825099,16.88,0,0,195,4,34
1325.544602425,16.88,0,0,195,4,34
1325.621862937,16.88,0,0,195,4,34
1325.699414671,16.88,0,0,195,4,34
1325.778880976,16.88,0,0,195,4,34
1325.856999134,16.88,0,0,195,4,34
1325.934153144,16.88,0,0,195,4,34
1326.011104701,16.88,0,0,195,4,34
1326.087814889,16.88,0,0,195,4,34
1326.164627262,16.88,0,0,195,4,34
1326.243066730,16.88,0,0,195,4,34
1326.322552661,16.76,0,0,195,4,34
1326.399848300,16.76,0,0,195,4,34
1326.477267874,16.76,0,0,195,4,34
1326.553748748,16.76,0,0,195,4,34
1326.630750158,16.76,0,0,195,4,34
1326.708304187,16.76,0,0,195,4,34
1326.785256916,16.76,0,0,195,4,34
1326.861809786,16.76,0,0,195,4,34
1326.938466333,16.76,0,0,195,4,34
1327.015347826,16.76,0,0,195,4,34
1327.092541803,16.76,0,0,195,4,34
1327.170034304,16.76,0,0,195,4,34
1327.247096691,16.76,0,0,195,4,34
1327.325194731,16.64,0,0,195,4,34
1327.402730645,16.64,0,0,195,4,34
1327.480415923,16.64,0,0,195,4,34
1327.558219785,16.64,0,0,195,4,34
1327.635439771,16.64,0,0,195,4,34
1327.712328047,16.64,0,0,195,4,34
1327.789621362,16.64,0,0,195,4,34
1327.867529462,16.64,0,0,195,4,34
1327.944827786,16.64,0,0,195,4,34
1328.022993064,16.64,0,0,195,4,34
1328.100451551,16.64,0,0,195,4,34
1328.177493459,16.64,0,0,195,4,34
1328.254965152,16.64,0,0,195,4,34
1328.333921499,16.44,0,0,195,4,34
1328.411707077,16.44,0,0,195,4,34
1328.488694742,16.44,0,0,195,4,34
1328.566253349,16.44,0,0,195,4,34
1328.643998621,16.44,0,0,195,4,34
1328.721414948,16.44,0,0,195,4,34
1328.799300395,16.44,0,0,195,4,34
1328.876821552,16.44,0,0,195,4,34
1328.954156255,16.44,0,0,195,4,34
1329.031078085,16.44,0,0,195,4,34
1329.108124210,16.44,0,0,195,4,34
1329.185298489,16.44,0,0,195,4,34
1329.262912101,16.44,0,0,195,4,34
1329.340564596,16.58,0,0,195,4,34
1329.418148461,16.58,0,0,195,4,34
1329.495274449,16.58,0,0,195,4,34
1329.572388553,16.58,0,0,195,4,34
1329.649922744,16.58,0,0,195,4,34
1329.727145234,16.58,0,0,195,4,34
1329.805690032,16.58,0,0,195,4,34
1329.883337027,16.58,0,0,195,4,34
1329.960798800,16.58,0,0,195,4,34
1330.037819959,16.58,0,0,195,4,34
1330.114837570,16.58,0,0,195,4,34
1330.191993374,16.58,0,0,195,4,34
1330.269184655,16.58,0,0,195,4,34
1330.346513707,16.72,0,0,195,4,34
1330.424038360,16.72,0,0,195,4,34
1330.501100496,16.72,0,0,195,4,34
1330.579169622,16.72,0,0,195,4,34
1330.656096391,16.72,0,0,195,4,34
1330.733335893,16.72,0,0,195,4,34
1330.811619405,16.72,0,0,195,4,34
1330.889324009,16.72,0,0,195,4,34
1330.967220858,16.72,0,0,195,4,34
1331.044559178,16.72,0,0,195,4,34
1331.121557413,16.72,0,0,195,4,34
1331.198751138,16.72,0,0,195,4,34
1331.275605951,16.72,0,0,195,4,34
1331.353083515,16.75,0,0,195,4,34
1331.429956442,16.75,0,0,195,4,34
1331.507230149,16.75,0,0,195,4,34
1331.583849847,16.75,0,0,195,4,34
1331.660779021,16.75,0,0,195,4,34
1331.738048189,16.75,0,0,195,4,34
1331.817100258,16.75,0,0,195,4,34
1331.893566775,16.75,0,0,195,4,34
1331.970350634,16.75,0,0,195,4,34
1332.047471882,16.75,0,0,195,4,34
1332.126235264,16.75,0,0,195,4,34
1332.202789146,16.75,0,0,195,4,34
1332.278943451,16.75,0,0,195,4,34
1332.355229255,16.72,0,0,195,4,34
1332.431772758,16.72,0,0,195,4,34
1332.508611540,16.72,0,0,195,4,34
1332.585064071,16.72,0,0,195,4,34
1332.662286972,16.72,0,0,195,4,34
1332.739455359,16.72,0,0,195,4,34
1332.817402383,16.72,0,0,195,4,34
1332.895386457,16.72,0,0,195,4,34
1332.972999878,16.72,0,0,195,4,34
1333.050033050,16.72,0,0,195,4,34
1333.126850882,16.72,0,0,195,4,34
1333.204281647,16.72,0,0,195,4,34
1333.281374993,16.72,0,0,195,4,34
1333.359463124,16.73,0,0,195,4,34
1333.437220719,16.73,0,0,195,4,34
1333.516133013,16.73,0,0,195,4,34
1333.594589713,16.73,0,0,195,4,34
1333.672085331,16.73,0,0,195,4,34
1333.749322329,16.73,0,0,195,4,34
1333.826721284,16.73,0,0,195,4,34
1333.904165905,16.73,0,0,195,4,34
1333.981330586,16.73,0,0,195,4,34
1334.058678404,16.73,0,0,195,4,34
1334.136722913,16.73,0,0,195,4,34
1334.213879708,16.73,0,0,195,4,34
1334.291591135,16.73,0,0,195,4,34
1334.369302893,16.74,0,0,195,4,34
1334.446819751,16.74,0,0,195,4,34
1334.524034146,16.74,0,0,195,4,34
1334.601823110,16.74,0,0,195,4,34
1334.679277430,16.74,0,0,195,4,34
1334.756790311,16.74,0,0,195,4,34
1334.834790045,16.74,0,0,195,4,34
1334.912304298,16.74,0,0,195,4,34
1334.990160460,16.74,0,0,195,4,34
1335.067348845,16.74,0,0,195,4,34
1335.144985230,16.74,0,0,195,4,34
1335.222563084,16.74,0,0,195,4,34
1335.300352499,16.74,0,0,195,4,34
1335.377773525,16.81,0,0,195,4,34
1335.455203529,16.81,0,0,195,4,34
1335.532416672,16.81,0,0,195,4,34
1335.611471125,16.81,0,0,195,4,34
1335.689261983,16.81,0,0,195,4,34
1335.767293027,16.81,0,0,195,4,34
1335.844955922,16.81,0,0,195,4,34
1335.922374384,16.81,0,0,195,4,34
1335.999987034,16.81,0,0,195,4,34
1336.076959610,16.81,0,0,195,4,34
1336.154437445,16.81,0,0,195,4,34
1336.231888508,16.81,0,0,195,4,34
1336.308999236,16.81,0,0,195,4,34
1336.386539790,16.76,0,0,195,4,34
1336.463549156,16.76,0,0,195,4,34
1336.541154582,16.76,0,0,195,4,34
1336.618398613,16.76,0,0,195,4,34
1336.695467752,16.76,0,0,195,4,34
1336.772816932,16.76,0,0,195,4,34
1336.850588483,16.76,0,0,195,4,34
1336.927880526,16.76,0,0,195,4,34
1337.005036670,16.76,0,0,195,4,34
1337.082321528,16.76,0,0,195,4,34
1337.159461853,16.76,0,0,195,4,34
1337.237336830,16.76,0,0,195,4,34
1337.317244852,16.76,0,0,195,4,34
1337.394653185,16.77,0,0,195,4,34
1337.471689552,16.77,0,0,195,4,34
1337.548870323,16.77,0,0,195,4,34
1337.626713420,16.77,0,0,195,4,34
1337.704381866,16.77,0,0,195,4,34
1337.782024663,16.77,0,0,195,4,34
1337.858845842,16.77,0,0,195,4,34
1337.935985886,16.77,0,0,195,4,34
1338.012495725,16.77,0,0,195,4,34
1338.091205104,16.77,0,0,195,4,34
1338.168558893,16.77,0,0,195,4,34
1338.245047512,16.77,0,0,195,4,34
1338.321961077,16.93,0,0,195,4,34
1338.398168432,16.93,0,0,195,4,34
1338.475170675,16.93,0,0,195,4,34
1338.552155484,16.93,0,0,195,4,34
1338.629241616,16.93,0,0,195,4,34
1338.706093363,16.93,0,0,195,4,34
1338.783234830,16.93,0,0,195,4,34
1338.860376797,16.93,0,0,195,4,34
1338.937413455,16.93,0,0,195,4,34
1339.014815135,16.93,0,0,195,4,34
1339.091989855,16.93,0,0,195,4,34
1339.169278821,16.93,0,0,195,4,34
1339.246603234,16.93,0,0,195,4,34
1339.323711298,16.88,0,0,195,4,34
1339.401054346,16.88,0,0,195,4,34
1339.479031868,16.88,0,0,195,4,34
1339.556444559,16.88,0,0,195,4,34
1339.633617345,16.88,0,0,195,4,34
1339.712456741,16.88,0,0,195,4,34
1339.791017138,16.88,0,0,195,4,34
1339.868276598,16.88,0,0,195,4,34
1339.945327052,16.88,0,0,195,4,34
1340.021715892,16.88,0,0,195,4,34
1340.099301130,16.88,0,0,195,4,34
1340.176636434,16.88,0,0,195,4,34
1340.253474515,16.88,0,0,195,4,34
1340.330440970,16.87,0,0,195,4,34
1340.407985471,16.87,0,0,195,4,34
1340.485217148,16.87,0,0,195,4,34
1340.562402408,16.87,0,0,195,4,34
1340.639793448,16.87,0,0,195,4,34
1340.716782034,16.87,0,0,195,4,34
1340.794432897,16.87,0,0,195,4,34
1340.872534925,16.87,0,0,195,4,34
1340.949434312,16.87,0,0,195,4,34
1341.026676540,16.87,0,0,195,4,34
1341.104440056,16.87,0,0,195,4,34
1341.181800678,16.87,0,0,195,4,34
1341.259375196,16.87,0,0,195,4,34
1341.336907213,16.75,0,0,195,4,34
1341.415175315,16.75,0,0,195,4,34
1341.494421533,16.75,0,0,195,4,34
1341.572081893,16.75,0,0,195,4,34
1341.649519932,16.75,0,0,195,4,34
1341.726971056,16.75,0,0,195,4,34
1341.804207302,16.75,0,0,195,4,34
1341.881940832,16.75,0,0,195,4,34
1341.959206183,16.75,0,0,195,4,34
1342.036690360,16.75,0,0,195,4,34
1342.113942095,16.75,0,0,195,4,34
1342.190989143,16.75,0,0,195,4,34
1342.268419107,16.75,0,0,195,4,34
1342.345383117,16.59,0,0,195,4,34
1342.423080728,16.59,0,0,195,4,34
1342.500359816,16.59,0,0,195,4,34
1342.578466652,16.59,0,0,195,4,34
1342.656106835,16.59,0,0,195,4,34
1342.733299198,16.59,0,0,195,4,34
1342.810391100,16.59,0,0,195,4,34
1342.887842274,16.59,0,0,195,4,34
1342.965380062,16.59,0,0,195,4,34
1343.042852156,16.59,0,0,195,4,34
1343.120058977,16.59,0,0,195,4,34
1343.197375234,16.59,0,0,195,4,34
1343.274364553,16.59,0,0,195,4,34
1343.351524715,16.69,0,0,195,4,34
1343.429190546,16.69,0,0,195,4,34
1343.506858380,16.69,0,0,195,4,34
1343.583624986,16.69,0,0,195,4,34
1343.661178985,16.69,0,0,195,4,34
1343.738395013,16.69,0,0,195,4,34
1343.814693190,16.69,0,0,195,4,34
1343.890903381,16.69,0,0,195,4,34
1343.967777651,16.69,0,0,195,4,34
1344.043421208,16.69,0,0,195,4,34
1344.119341338,16.69,0,0,195,4,34
1344.196159222,16.69,0,0,195,4,34
1344.273168447,16.69,0,0,195,4,34
1344.349833190,16.79,0,0,195,4,34
1344.426111009,16.79,0,0,195,4,34
1344.503140103,16.79,0,0,195,4,34
1344.580190727,16.79,0,0,195,4,34
1344.657296185,16.79,0,0,195,4,34
1344.735080852,16.79,0,0,195,4,34
1344.812343969,16.79,0,0,195,4,34
1344.889912335,16.79,0,0,195,4,34
1344.967226730,16.79,0,0,195,4,34
1345.044542066,16.79,0,0,195,4,34
1345.121648356,16.79,0,0,195,4,34
1345.199212323,16.79,0,0,195,4,34
1345.276926556,16.79,0,0,195,4,34
1345.354541310,16.71,0,0,187,4,34
1345.431765474,16.71,0,0,187,4,34
1345.510821941,16.71,0,0,187,4,34
1345.588002913,16.71,0,0,187,4,34
1345.665280347,16.71,0,0,187,4,34
1345.742707726,16.71,0,0,187,4,34
1345.822336198,16.71,0,0,187,4,34
1345.899294848,16.71,0,0,187,4,34
1345.976809583,16.71,0,0,187,4,34
1346.053847233,16.71,0,0,187,4,34
1346.131213686,16.71,0,0,187,4,34
1346.208532609,16.71,0,0,187,4,34
1346.285679736,16.71,0,0,187,4,34
1346.363807813,16.70,0,0,195,4,34
1346.441563845,16.70,0,0,195,4,34
1346.518946850,16.70,0,0,195,4,34
1346.595820078,16.70,0,0,195,4,34
1346.672887174,16.70,0,0,195,4,34
1346.750892238,16.70,0,0,195,4,34
1346.829326796,16.70,0,0,195,4,34
1346.906514571,16.70,0,0,195,4,34
1346.983733183,16.70,0,0,195,4,34
1347.060898716,16.70,0,0,195,4,34
1347.137810938,16.70,0,0,195,4,34
1347.214637678,16.70,0,0,195,4,34
1347.291460059,16.70,0,0,195,4,34
1347.368985333,16.74,0,0,195,4,34
1347.446681351,16.74,0,0,195,4,34
1347.524332054,16.74,0,0,195,4,34
1347.601216623,16.74,0,0,195,4,34
1347.678778688,16.74,0,0,195,4,34
1347.756553365,16.74,0,0,195,4,34
1347.834016091,16.74,0,0,195,4,34
1347.911133282,16.74,0,0,195,4,34
1347.988266793,16.74,0,0,195,4,34
1348.065678091,16.74,0,0,195,4,34
1348.143142601,16.74,0,0,195,4,34
1348.220591370,16.74,0,0,195,4,34
1348.299157127,16.74,0,0,195,4,34
1348.377362722,16.79,0,0,195,4,34
1348.455405848,16.79,0,0,195,4,34
1348.532940019,16.79,0,0,195,4,34
1348.610405460,16.79,0,0,195,4,34
1348.687378367,16.79,0,0,195,4,34
1348.765386327,16.79,0,0,195,4,34
1348.842746689,16.79,0,0,195,4,34
1348.920158899,16.79,0,0,195,4,34
1348.996984687,16.79,0,0,195,4,34
1349.074376969,16.79,0,0,195,4,34
1349.152623762,16.79,0,0,195,4,34
1349.229590507,16.79,0,0,195,4,34
1349.307230439,16.79,0,0,195,4,34
1349.384678847,16.86,0,0,195,4,34
1349.462101928,16.86,0,0,195,4,34
1349.539029599,16.86,0,0,195,4,34
1349.616747739,16.86,0,0,195,4,34
1349.693808262,16.86,0,0,195,4,34
1349.770866942,16.86,0,0,195,4,34
1349.847846792,16.86,0,0,195,4,34
1349.924118189,16.86,0,0,195,4,34
1350.000928638,16.86,0,0,195,4,34
1350.077965977,16.86,0,0,195,4,34
1350.154754044,16.86,0,0,195,4,34
1350.230159900,16.86,0,0,195,4,34
1350.306993573,16.86,0,0,195,4,34
1350.385179330,16.85,0,0,195,4,34
1350.462451554,16.85,0,0,195,4,34
1350.540628324,16.85,0,0,195,4,34
1350.618401739,16.85,0,0,195,4,34
1350.695540130,16.85,0,0,195,4,34
1350.772661047,16.85,0,0,195,4,34
1350.849989288,16.85,0,0,195,4,34
1350.928516683,16.85,0,0,195,4,34
1351.005902012,16.85,0,0,195,4,34
1351.083345782,16.85,0,0,195,4,34
1351.162204695,16.85,0,0,195,4,34
1351.239923506,16.85,0,0,195,4,34
1351.316998477,16.85,0,0,195,4,34
1351.394154101,16.82,0,0,195,4,34
1351.471409884,16.82,0,0,195,4,34
1351.549156388,16.82,0,0,195,4,34
1351.625991363,16.82,0,0,195,4,34
1351.703611918,16.82,0,0,195,4,34
1351.781848281,16.82,0,0,195,4,34
1351.859937355,16.82,0,0,195,4,34
1351.937533203,16.82,0,0,195,4,34
1352.015154319,16.82,0,0,195,4,34
1352.093255145,16.82,0,0,195,4,34
1352.170632779,16.82,0,0,195,4,34
1352.248074976,16.82,0,0,195,4,34
1352.325684651,16.78,0,0,195,4,34
1352.402815858,16.78,0,0,195,4,34
1352.480454678,16.78,0,0,195,4,34
1352.557947991,16.78,0,0,195,4,34
1352.635044333,16.78,0,0,195,4,34
1352.712198173,16.78,0,0,195,4,34
1352.790149175,16.78,0,0,195,4,34
1352.867672946,16.78,0,0,195,4,34
1352.944961602,16.78,0,0,195,4,34
1353.022119750,16.78,0,0,195,4,34
1353.099373099,16.78,0,0,195,4,34
1353.176373388,16.78,0,0,195,4,34
1353.253587853,16.78,0,0,195,4,34
1353.332249122,16.54,0,0,195,4,34
1353.410910460,16.54,0,0,195,4,34
1353.488330846,16.54,0,0,195,4,34
1353.566221874,16.54,0,0,195,4,34
1353.643636529,16.54,0,0,195,4,34
1353.720697683,16.54,0,0,195,4,34
1353.798049088,16.54,0,0,195,4,34
1353.875753101,16.54,0,0,195,4,34
1353.953373045,16.54,0,0,195,4,34
1354.030725813,16.54,0,0,195,4,34
1354.108771544,16.54,0,0,195,4,34
1354.186165960,16.54,0,0,195,4,34
1354.263655457,16.54,0,0,195,4,34
1354.341069280,16.63,0,0,195,4,34
1354.418655109,16.63,0,0,195,4,34
1354.496675112,16.63,0,0,195,4,34
1354.574094575,16.63,0,0,195,4,34
1354.651419390,16.63,0,0,195,4,34
1354.728379162,16.63,0,0,195,4,34
1354.805813644,16.63,0,0,195,4,34
1354.883245972,16.63,0,0,195,4,34
1354.960771597,16.63,0,0,195,4,34
1355.037964021,16.63,0,0,195,4,34
1355.115202462,16.63,0,0,195,4,34
1355.192590025,16.63,0,0,195,4,34
1355.269155760,16.63,0,0,195,4,34
1355.346275355,16.88,0,0,195,4,34
1355.423319087,16.88,0,0,195,4,34
1355.500739021,16.88,0,0,195,4,34
1355.580018732,16.88,0,0,195,4,34
1355.656885218,16.88,0,0,195,4,34
1355.734469584,16.88,0,0,195,4,34
1355.811163312,16.88,0,0,195,4,34
1355.887439518,16.88,0,0,195,4,34
1355.964645137,16.88,0,0,195,4,34
1356.041409659,16.88,0,0,195,4,34
1356.118632910,16.88,0,0,195,4,34
1356.195284017,16.88,0,0,195,4,34
1356.272098795,16.88,0,0,195,4,34
1356.349405034,16.83,0,0,195,4,34
1356.426447312,16.83,0,0,195,4,34
1356.503480133,16.83,0,0,195,4,34
1356.581147557,16.83,0,0,195,4,34
1356.659924926,16.83,0,0,195,4,34
1356.737341324,16.83,0,0,195,4,34
1356.814458364,16.83,0,0,195,4,34
1356.892500288,16.83,0,0,195,4,34
1356.970250319,16.83,0,0,195,4,34
1357.047305221,16.83,0,0,195,4,34
1357.126358623,16.83,0,0,195,4,34
1357.204122330,16.83,0,0,195,4,34
1357.281668935,16.83,0,0,195,4,34
1357.359075675,16.90,0,0,195,4,34
1357.436669008,16.90,0,0,195,4,34
1357.514329900,16.90,0,0,195,4,34
1357.592014186,16.90,0,0,195,4,34
1357.669707639,16.90,0,0,195,4,34
1357.747017044,16.90,0,0,195,4,34
1357.826815348,16.90,0,0,195,4,34
1357.904620574,16.90,0,0,195,4,34
1357.981908829,16.90,0,0,195,4,34
1358.059790539,16.90,0,0,195,4,34
1358.138266977,16.90,0,0,195,4,34
1358.215784126,16.90,0,0,195,4,34
1358.294021651,16.90,0,0,195,4,34
1358.372947111,16.81,0,0,195,4,34
1358.450532259,16.81,0,0,195,4,34
1358.527881209,16.81,0,0,195,4,34
1358.605203909,16.81,0,0,195,4,34
1358.682730536,16.81,0,0,195,4,34
1358.760832835,16.81,0,0,195,4,34
1358.837940588,16.81,0,0,195,4,34
1358.915284118,16.81,0,0,195,4,34
1358.992509654,16.81,0,0,195,4,34
1359.071270651,16.81,0,0,195,4,34
1359.149021634,16.81,0,0,195,4,34
1359.226703315,16.81,0,0,195,4,34
1359.305261678,16.81,0,0,195,4,34
1359.384131402,16.68,0,0,195,4,34
1359.461684900,16.68,0,0,195,4,34
1359.539253276,16.68,0,0,195,4,34
1359.616266830,16.68,0,0,195,4,34
1359.693700962,16.68,0,0,195,4,34
1359.771260682,16.68,0,0,195,4,34
1359.849153273,16.68,0,0,195,4,34
1359.926281134,16.68,0,0,195,4,34
1360.003126128,16.68,0,0,195,4,34
1360.080263818,16.68,0,0,195,4,34
1360.157166262,16.68,0,0,195,4,34
1360.234714930,16.68,0,0,195,4,34
1360.311992746,16.68,0,0,195,4,34
1360.389844229,16.70,0,0,195,4,34
1360.467620148,16.70,0,0,195,4,34
1360.545312941,16.70,0,0,195,4,34
1360.622624009,16.70,0,0,195,4,34
1360.700242390,16.70,0,0,195,4,34
1360.777466724,16.70,0,0,195,4,34
1360.854909151,16.70,0,0,195,4,34
1360.932001495,16.70,0,0,195,4,34
1361.009058151,16.70,0,0,195,4,34
1361.086253440,16.70,0,0,195,4,34
1361.163319694,16.70,0,0,195,4,34
1361.240579245,16.70,0,0,195,4,34
1361.318322663,16.70,0,0,195,4,34
1361.395917870,16.83,0,0,195,4,34
1361.472143731,16.83,0,0,195,4,34
1361.548730366,16.83,0,0,195,4,34
1361.624350358,16.83,0,0,195,4,34
1361.700780155,16.83,0,0,195,4,34
1361.777253355,16.83,0,0,195,4,34
1361.854325139,16.83,0,0,195,4,34
1361.931233634,16.83,0,0,195,4,34
1362.007138216,16.83,0,0,195,4,34
1362.083494043,16.83,0,0,195,4,34
1362.159755351,16.83,0,0,195,4,34
1362.236721806,16.83,0,0,195,4,34
1362.314270014,16.83,0,0,195,4,34
1362.392119874,16.95,0,0,195,4,34
1362.469418318,16.95,0,0,195,4,34
1362.547197414,16.95,0,0,195,4,34
1362.624446294,16.95,0,0,195,4,34
1362.702310862,16.95,0,0,195,4,34
1362.779478148,16.95,0,0,195,4,34
1362.856854360,16.95,0,0,195,4,34
1362.934068134,16.95,0,0,195,4,34
1363.011564273,16.95,0,0,195,4,34
1363.089455411,16.95,0,0,195,4,34
1363.166288082,16.95,0,0,195,4,34
1363.243403770,16.95,0,0,195,4,34
1363.321205389,16.95,0,0,195,4,34
1363.398445382,16.85,0,0,195,4,34
1363.475609091,16.85,0,0,195,4,34
1363.552355128,16.85,0,0,195,4,34
1363.629861607,16.85,0,0,195,4,34
1363.707048681,16.85,0,0,195,4,34
1363.784535913,16.85,0,0,195,4,34
1363.861762672,16.85,0,0,195,4,34
1363.939522080,16.85,0,0,195,4,34
1364.016410517,16.85,0,0,195,4,34
1364.093449399,16.85,0,0,195,4,34
1364.170596847,16.85,0,0,195,4,34
1364.247396606,16.85,0,0,195,4,34
1364.325767214,16.85,0,0,195,4,34
1364.403335269,16.61,0,0,195,4,34
1364.480286245,16.61,0,0,195,4,34
1364.558175800,16.61,0,0,195,4,34
1364.635929498,16.61,0,0,195,4,34
1364.712831962,16.61,0,0,195,4,34
1364.789998386,16.61,0,0,195,4,34
1364.867170370,16.61,0,0,195,4,34
1364.944210725,16.61,0,0,195,4,34
1365.021168624,16.61,0,0,195,4,34
1365.098509900,16.61,0,0,195,4,34
1365.176061554,16.61,0,0,195,4,34
1365.253662072,16.61,0,0,195,4,34
1365.330938965,16.46,0,0,195,4,34
1365.407954163,16.46,0,0,195,4,34
1365.485538920,16.46,0,0,195,4,34
1365.562956541,16.46,0,0,195,4,34
1365.639943414,16.46,0,0,195,4,34
1365.717057309,16.46,0,0,195,4,34
1365.794084599,16.46,0,0,195,4,34
1365.870922711,16.46,0,0,195,4,34
1365.947980629,16.46,0,0,195,4,34
1366.025263464,16.46,0,0,195,4,34
1366.102179343,16.46,0,0,195,4,34
1366.179316622,16.46,0,0,195,4,34
1366.256318444,16.46,0,0,195,4,34
1366.333825374,16.53,0,0,195,4,34
1366.411065788,16.53,0,0,195,4,34
1366.488233305,16.53,0,0,195,4,34
1366.565619496,16.53,0,0,195,4,34
1366.643009624,16.53,0,0,195,4,34
1366.720229539,16.53,0,0,195,4,34
1366.797241801,16.53,0,0,195,4,34
1366.874846717,16.53,0,0,195,4,34
1366.952246443,16.53,0,0,195,4,34
1367.029307638,16.53,0,0,195,4,34
1367.105972391,16.53,0,0,195,4,34
1367.182959155,16.53,0,0,195,4,34
1367.260349213,16.53,0,0,195,4,34
1367.337116991,16.70,0,0,195,4,34
1367.414276622,16.70,0,0,195,4,34
1367.490724544,16.70,0,0,195,4,34
1367.567241747,16.70,0,0,195,4,34
1367.643809045,16.70,0,0,195,4,34
1367.720652658,16.70,0,0,195,4,34
1367.796938973,16.70,0,0,195,4,34
1367.873873958,16.70,0,0,195,4,34
1367.950272416,16.70,0,0,195,4,34
1368.027277174,16.70,0,0,195,4,34
1368.104059711,16.70,0,0,195,4,34
1368.181160841,16.70,0,0,195,4,34
1368.258970044,16.70,0,0,195,4,34
1368.337452573,16.75,0,0,195,4,34
1368.414883830,16.75,0,0,195,4,34
1368.492958436,16.75,0,0,195,4,34
1368.569826264,16.75,0,0,195,4,34
1368.646963963,16.75,0,0,195,4,34
1368.725794703,16.75,0,0,195,4,34
1368.802922464,16.75,0,0,195,4,34
1368.880257338,16.75,0,0,195,4,34
1368.957648959,16.75,0,0,195,4,34
1369.034784956,16.75,0,0,195,4,34
1369.111993930,16.75,0,0,195,4,34
1369.189065565,16.75,0,0,195,4,34
1369.266609164,16.75,0,0,195,4,34
1369.344044118,16.66,0,0,195,4,34
1369.421862979,16.66,0,0,195,4,34
1369.499102241,16.66,0,0,195,4,34
1369.576158387,16.66,0,0,195,4,34
1369.653199543,16.66,0,0,195,4,34
1369.730901563,16.66,0,0,195,4,34
1369.808878835,16.66,0,0,195,4,34
1369.886216243,16.66,0,0,195,4,34
1369.963360235,16.66,0,0,195,4,34
1370.040429164,16.66,0,0,195,4,34
1370.117585088,16.66,0,0,195,4,34
1370.194664187,16.66,0,0,195,4,34
1370.271797748,16.66,0,0,195,4,34
1370.349037391,17.09,0,0,195,4,34
1370.426812139,17.09,0,0,195,4,34
1370.504249818,17.09,0,0,195,4,34
1370.581677147,17.09,0,0,195,4,34
1370.659190599,17.09,0,0,195,4,34
1370.736617778,17.09,0,0,195,4,34
1370.813543916,17.09,0,0,195,4,34
1370.890819437,17.09,0,0,195,4,34
1370.968009256,17.09,0,0,195,4,34
1371.045118491,17.09,0,0,195,4,34
1371.122992357,17.09,0,0,195,4,34
1371.200159933,17.09,0,0,195,4,34
1371.278225572,17.09,0,0,195,4,34
1371.355759774,16.71,0,0,195,4,34
1371.435440415,16.71,0,0,195,4,34
1371.513355900,16.71,0,0,195,4,34
1371.591154352,16.71,0,0,195,4,34
1371.668668185,16.71,0,0,195,4,34
1371.745955780,16.71,0,0,195,4,34
1371.823099321,16.71,0,0,195,4,34
1371.900824805,16.71,0,0,195,4,34
1371.978558865,16.71,0,0,195,4,34
1372.056990027,16.71,0,0,195,4,34
1372.136708420,16.71,0,0,195,4,34
1372.214328264,16.71,0,0,195,4,34
1372.291735485,16.71,0,0,195,4,34
1372.369203842,16.72,0,0,195,4,34
1372.447236468,16.72,0,0,195,4,34
1372.524546926,16.72,0,0,195,4,34
1372.602013389,16.72,0,0,195,4,34
1372.679237993,16.72,0,0,195,4,34
1372.756289760,16.72,0,0,195,4,34
1372.833668206,16.72,0,0,195,4,34
1372.910577172,16.72,0,0,195,4,34
1372.988089362,16.72,0,0,195,4,34
1373.065265064,16.72,0,0,195,4,34
1373.143334951,16.72,0,0,195,4,34
1373.220522886,16.72,0,0,195,4,34
1373.297042033,16.72,0,0,195,4,34
1373.373963964,16.74,0,0,195,4,34
1373.450847893,16.74,0,0,195,4,34
1373.527107517,16.74,0,0,195,4,34
1373.603414532,16.74,0,0,195,4,34
1373.679820435,16.74,0,0,195,4,34
1373.756555701,16.74,0,0,195,4,34
1373.832933520,16.74,0,0,195,4,34
1373.910379945,16.74,0,0,195,4,34
1373.986659208,16.74,0,0,195,4,34
1374.063296879,16.74,0,0,195,4,34
1374.140342565,16.74,0,0,195,4,34
1374.217776526,16.74,0,0,195,4,34
1374.295293595,16.74,0,0,195,4,34
1374.372434541,16.79,0,0,195,4,34
1374.450026282,16.79,0,0,195,4,34
1374.528011038,16.79,0,0,195,4,34
1374.605199704,16.79,0,0,195,4,34
1374.682243756,16.79,0,0,195,4,34
1374.759847981,16.79,0,0,195,4,34
1374.837904563,16.79,0,0,195,4,34
1374.915123657,16.79,0,0,195,4,34
1374.992534314,16.79,0,0,195,4,34
1375.069458770,16.79,0,0,195,4,34
1375.146747726,16.79,0,0,195,4,34
1375.224256700,16.79,0,0,195,4,34
1375.301751437,16.79,0,0,195,4,34
1375.379336445,16.80,0,0,195,4,34
1375.457877606,16.80,0,0,195,4,34
1375.535213812,16.80,0,0,195,4,34
1375.612265168,16.80,0,0,195,4,34
1375.689070808,16.80,0,0,195,4,34
1375.766470404,16.80,0,0,195,4,34
1375.844422188,16.80,0,0,195,4,34
1375.922123386,16.80,0,0,195,4,34
1375.999412623,16.80,0,0,195,4,34
1376.076675881,16.80,0,0,195,4,34
1376.153795787,16.80,0,0,195,4,34
1376.231203840,16.80,0,0,195,4,34
1376.308603797,16.80,0,0,195,4,34
1376.386125946,16.54,0,0,195,4,34
1376.463018241,16.54,0,0,195,4,34
1376.541272768,16.54,0,0,195,4,34
1376.618154803,16.54,0,0,195,4,34
1376.695062988,16.54,0,0,195,4,34
1376.771939071,16.54,0,0,195,4,34
1376.849436173,16.54,0,0,195,4,34
1376.926424900,16.54,0,0,195,4,34
1377.003649695,16.54,0,0,195,4,34
1377.080568920,16.54,0,0,195,4,34
1377.157687845,16.54,0,0,195,4,34
1377.235568222,16.54,0,0,195,4,34
1377.312793979,16.54,0,0,195,4,34
1377.390620895,16.68,0,0,195,4,34
1377.467992218,16.68,0,0,195,4,34
1377.545488498,16.68,0,0,195,4,34
1377.623163807,16.68,0,0,195,4,34
1377.700366851,16.68,0,0,195,4,34
1377.777479583,16.68,0,0,195,4,34
1377.854740477,16.68,0,0,195,4,34
1377.932262966,16.68,0,0,195,4,34
1378.009895615,16.68,0,0,195,4,34
1378.089337683,16.68,0,0,195,4,34
1378.167469558,16.68,0,0,195,4,34
1378.245463532,16.68,0,0,195,4,34
1378.323713400,16.68,0,0,195,4,34
1378.401871555,16.59,0,0,195,4,34
1378.479573074,16.59,0,0,195,4,34
1378.556999842,16.59,0,0,195,4,34
1378.634770782,16.59,0,0,195,4,34
1378.711599306,16.59,0,0,195,4,34
1378.788778705,16.59,0,0,195,4,34
1378.866397577,16.59,0,0,195,4,34
1378.943563751,16.59,0,0,195,4,34
1379.020468599,16.59,0,0,195,4,34
1379.097177346,16.59,0,0,195,4,34
1379.173916379,16.59,0,0,195,4,34
1379.250510970,16.59,0,0,195,4,34
1379.328123109,16.59,0,0,195,4,34
1379.405145340,16.40,0,0,195,4,34
1379.482491645,16.40,0,0,195,4,34
1379.558711264,16.40,0,0,195,4,34
1379.635795904,16.40,0,0,195,4,34
1379.712870133,16.40,0,0,195,4,34
1379.789276837,16.40,0,0,195,4,34
1379.866088749,16.40,0,0,195,4,34
1379.942798367,16.40,0,0,195,4,34
1380.020814553,16.40,0,0,195,4,34
1380.097893972,16.40,0,0,195,4,34
1380.174741983,16.40,0,0,195,4,34
1380.251561770,16.40,0,0,195,4,34
1380.330989862,16.40,0,0,195,4,34
1380.408570773,16.41,0,0,195,4,34
1380.486275518,16.41,0,0,195,4,34
1380.563338346,16.41,0,0,195,4,34
1380.640333966,16.41,0,0,195,4,34
1380.717515169,16.41,0,0,195,4,34
1380.795198784,16.41,0,0,195,4,34
1380.872599352,16.41,0,0,195,4,34
1380.950388718,16.41,0,0,195,4,34
1381.028304282,16.41,0,0,195,4,34
1381.105720500,16.41,0,0,195,4,34
1381.182756197,16.41,0,0,195,4,34
1381.259417453,16.41,0,0,195,4,34
1381.336702352,16.64,0,0,195,4,34
1381.414582840,16.64,0,0,195,4,34
1381.492477936,16.64,0,0,195,4,34
1381.569953727,16.64,0,0,195,4,34
1381.647000414,16.64,0,0,195,4,34
1381.724398869,16.64,0,0,195,4,34
1381.801275193,16.64,0,0,195,4,34
1381.878910898,16.64,0,0,195,4,34
1381.956635541,16.64,0,0,195,4,34
1382.034596261,16.64,0,0,195,4,34
1382.112037266,16.64,0,0,195,4,34
1382.189364465,16.64,0,0,195,4,34
1382.266311423,16.64,0,0,195,4,34
1382.343419156,16.72,0,0,195,4,34
1382.421269938,16.72,0,0,195,4,34
1382.499044696,16.72,0,0,195,4,34
1382.576309126,16.72,0,0,195,4,34
1382.653021169,16.72,0,0,195,4,34
1382.732062448,16.72,0,0,195,4,34
1382.809603993,16.72,0,0,195,4,34
1382.886954457,16.72,0,0,195,4,34
1382.964485883,16.72,0,0,195,4,34
1383.041760843,16.72,0,0,195,4,34
1383.120147642,16.72,0,0,195,4,34
1383.197600920,16.72,0,0,195,4,34
1383.275167152,16.72,0,0,195,4,34
1383.352400854,16.77,0,0,195,4,34
1383.429649424,16.77,0,0,195,4,34
1383.507460921,16.77,0,0,195,4,34
1383.584944958,16.77,0,0,195,4,34
1383.662264122,16.77,0,0,195,4,34
1383.739316510,16.77,0,0,195,4,34
1383.816302472,16.77,0,0,195,4,34
1383.894162692,16.77,0,0,195,4,34
1383.971170686,16.77,0,0,195,4,34
1384.048914465,16.77,0,0,195,4,34
1384.125961473,16.77,0,0,195,4,34
1384.204072689,16.77,0,0,195,4,34
1384.281871602,16.77,0,0,195,4,34
1384.358833318,16.87,0,0,195,4,34
1384.438773743,16.87,0,0,195,4,34
1384.515778961,16.87,0,0,195,4,34
1384.592824516,16.87,0,0,195,4,34
1384.671177300,16.87,0,0,195,4,34
1384.748324788,16.87,0,0,195,4,34
1384.825832410,16.87,0,0,195,4,34
1384.903138930,16.87,0,0,195,4,34
1384.980518689,16.87,0,0,195,4,34
1385.058063350,16.87,0,0,195,4,34
1385.135023674,16.87,0,0,195,4,34
1385.212273196,16.87,0,0,195,4,34
1385.288992141,16.87,0,0,195,4,34
1385.367017184,16.97,0,0,195,4,34
1385.443580364,16.97,0,0,195,4,34
1385.520452961,16.97,0,0,195,4,34
1385.597033715,16.97,0,0,195,4,34
1385.673910190,16.97,0,0,195,4,34
1385.750147392,16.97,0,0,195,4,34
1385.827053803,16.97,0,0,195,4,34
1385.903157493,16.97,0,0,195,4,34
1385.980207326,16.97,0,0,195,4,34
1386.057455555,16.97,0,0,195,4,34
1386.134798995,16.97,0,0,195,4,34
1386.212124040,16.97,0,0,195,4,34
1386.289287158,16.97,0,0,195,4,34
1386.367149993,16.53,0,0,195,4,34
1386.443840866,16.53,0,0,195,4,34
1386.521484014,16.53,0,0,195,4,34
1386.599338413,16.53,0,0,195,4,34
1386.676445605,16.53,0,0,195,4,34
1386.753621057,16.53,0,0,195,4,34
1386.833079166,16.53,0,0,195,4,34
1386.909641355,16.53,0,0,195,4,34
1386.987461909,16.53,0,0,195,4,34
1387.064254325,16.53,0,0,195,4,34
1387.141443071,16.53,0,0,195,4,34
1387.217991664,16.53,0,0,195,4,34
1387.294543904,16.53,0,0,195,4,34
1387.370869634,16.60,0,0,195,4,34
1387.447788148,16.60,0,0,195,4,34
1387.524645707,16.60,0,0,195,4,34
1387.602554249,16.60,0,0,195,4,34
1387.679280829,16.60,0,0,195,4,34
1387.756205956,16.60,0,0,195,4,34
1387.833897416,16.60,0,0,195,4,34
1387.911183226,16.60,0,0,195,4,34
1387.989233507,16.60,0,0,195,4,34
1388.066312646,16.60,0,0,195,4,34
1388.143843621,16.60,0,0,195,4,34
1388.221010496,16.60,0,0,195,4,34
1388.298084415,16.60,0,0,195,4,34
1388.375692207,16.64,0,0,195,4,34
1388.453172246,16.64,0,0,195,4,34
1388.530426406,16.64,0,0,195,4,34
1388.607707258,16.64,0,0,195,4,34
1388.685301994,16.64,0,0,195,4,34
1388.762447189,16.64,0,0,195,4,34
1388.839728390,16.64,0,0,195,4,34
1388.917506514,16.64,0,0,195,4,34
1388.994843262,16.64,0,0,195,4,34
1389.071931187,16.64,0,0,195,4,34
1389.149180359,16.64,0,0,195,4,34
1389.226872420,16.64,0,0,195,4,34
1389.303809700,16.64,0,0,195,4,34
1389.381540274,16.59,0,0,195,4,34
1389.458438850,16.59,0,0,195,4,34
1389.536588118,16.59,0,0,195,4,34
1389.614356264,16.59,0,0,195,4,34
1389.692058113,16.59,0,0,195,4,34
1389.769275745,16.59,0,0,195,4,34
1389.846627521,16.59,0,0,195,4,34
1389.923944981,16.59,0,0,195,4,34
1390.001219170,16.59,0,0,195,4,34
1390.078282469,16.59,0,0,195,4,34
1390.155473199,16.59,0,0,195,4,34
1390.232252570,16.59,0,0,195,4,34
1390.309590349,16.59,0,0,195,4,34
1390.386962273,16.57,0,0,195,4,34
1390.464175637,16.57,0,0,195,4,34
1390.541287147,16.57,0,0,195,4,34
1390.618106002,16.57,0,0,195,4,34
1390.695509917,16.57,0,0,195,4,34
1390.772950241,16.57,0,0,195,4,34
1390.850696023,16.57,0,0,195,4,34
1390.927933403,16.57,0,0,195,4,34
1391.005248799,16.57,0,0,195,4,34
1391.081628702,16.57,0,0,195,4,34
1391.158091222,16.57,0,0,195,4,34
1391.234510821,16.57,0,0,195,4,34
1391.310539979,16.57,0,0,195,4,34
1391.387364986,16.54,0,0,195,4,34
1391.464623715,16.54,0,0,195,4,34
1391.541713524,16.54,0,0,195,4,34
1391.618588436,16.54,0,0,195,4,34
1391.694848201,16.54,0,0,195,4,34
1391.770703951,16.54,0,0,195,4,34
1391.847645288,16.54,0,0,195,4,34
1391.925698664,16.54,0,0,195,4,34
1392.002619122,16.54,0,0,195,4,34
1392.079443939,16.54,0,0,195,4,34
1392.156452624,16.54,0,0,195,4,34
1392.234224467,16.54,0,0,195,4,34
1392.311763748,16.54,0,0,195,4,34
1392.389302979,16.59,0,0,195,4,34
1392.467258890,16.59,0,0,195,4,34
1392.544482633,16.59,0,0,195,4,34
1392.621355792,16.59,0,0,195,4,34
1392.698813037,16.59,0,0,195,4,34
1392.776360234,16.59,0,0,195,4,34
1392.854023170,16.59,0,0,195,4,34
1392.931215483,16.59,0,0,195,4,34
1393.007893211,16.59,0,0,195,4,34
1393.084787078,16.59,0,0,195,4,34
1393.161854826,16.59,0,0,195,4,34
1393.238984671,16.59,0,0,195,4,34
1393.316274720,16.59,0,0,195,4,34
1393.394398139,16.58,0,0,195,4,34
1393.472352237,16.58,0,0,195,4,34
1393.550198801,16.58,0,0,195,4,34
1393.628190210,16.58,0,0,195,4,34
1393.705175280,16.58,0,0,195,4,34
1393.783284202,16.58,0,0,195,4,34
1393.861056896,16.58,0,0,195,4,34
1393.938254028,16.58,0,0,195,4,34
1394.015752042,16.58,0,0,195,4,34
1394.093001874,16.58,0,0,195,4,34
1394.170898383,16.58,0,0,195,4,34
1394.248211575,16.58,0,0,195,4,34
1394.325656758,16.58,0,0,195,4,34
1394.403510576,16.57,0,0,195,4,34
1394.481771065,16.57,0,0,195,4,34
1394.559170311,16.57,0,0,195,4,34
1394.636851642,16.57,0,0,195,4,34
1394.713744377,16.57,0,0,195,4,34
1394.790930910,16.57,0,0,195,4,34
1394.868159131,16.57,0,0,195,4,34
1394.945169520,16.57,0,0,195,4,34
1395.022255882,16.57,0,0,195,4,34
1395.099440291,16.57,0,0,195,4,34
1395.177002706,16.57,0,0,195,4,34
1395.254089991,16.57,0,0,195,4,34
1395.331221198,16.57,0,0,195,4,34
1395.409643895,16.44,0,0,195,4,34
1395.486965213,16.44,0,0,195,4,34
1395.564096771,16.44,0,0,195,4,34
1395.642229498,16.44,0,0,195,4,34
1395.719032173,16.44,0,0,195,4,34
1395.797366672,16.44,0,0,195,4,34
1395.874617767,16.44,0,0,195,4,34
1395.952007775,16.44,0,0,195,4,34
1396.029428301,16.44,0,0,195,4,34
1396.106604985,16.44,0,0,195,4,34
1396.184356038,16.44,0,0,195,4,34
1396.260985996,16.44,0,0,195,4,34
1396.339212670,16.51,0,0,195,4,34
1396.416395276,16.51,0,0,195,4,34
1396.493719729,16.51,0,0,195,4,34
1396.571262177,16.51,0,0,195,4,34
1396.649093522,16.51,0,0,195,4,34
1396.727068279,16.51,0,0,195,4,34
1396.804371012,16.51,0,0,195,4,34
1396.882072742,16.51,0,0,195,4,34
1396.958673914,16.51,0,0,195,4,34
1397.034775430,16.51,0,0,195,4,34
1397.111357907,16.51,0,0,195,4,34
1397.187767546,16.51,0,0,195,4,34
1397.264901750,16.51,0,0,195,4,34
1397.340989208,16.58,0,0,195,4,34
1397.417704137,16.58,0,0,195,4,34
1397.494837228,16.58,0,0,195,4,34
1397.572155580,16.58,0,0,195,4,34
1397.648842265,16.58,0,0,195,4,34
1397.725344290,16.58,0,0,195,4,34
1397.801843129,16.58,0,0,195,4,34
1397.878757505,16.58,0,0,195,4,34
1397.956641099,16.58,0,0,195,4,34
1398.034110077,16.58,0,0,195,4,34
1398.111110738,16.58,0,0,195,4,34
1398.188360771,16.58,0,0,195,4,34
1398.270170820,16.58,0,0,195,4,34
1398.354821285,16.70,0,0,195,4,34
1398.431774906,16.70,0,0,195,4,34
1398.509148443,16.70,0,0,195,4,34
1398.586619194,16.70,0,0,195,4,34
1398.663454871,16.70,0,0,195,4,34
1398.741077261,16.70,0,0,195,4,34
1398.818425650,16.70,0,0,195,4,34
1398.896057086,16.70,0,0,195,4,34
1398.973923338,16.70,0,0,195,4,34
1399.051641458,16.70,0,0,195,4,34
1399.128522291,16.70,0,0,195,4,34
1399.205498485,16.70,0,0,195,4,34
1399.282635644,16.70,0,0,195,4,34
1399.359915754,17.46,0,0,195,4,34
1399.439338326,17.46,0,0,195,4,34
1399.516807204,17.46,0,0,195,4,34
1399.594652766,17.46,0,0,195,4,34
1399.671842965,17.46,0,0,195,4,34
1399.749241450,17.46,0,0,195,4,34
1399.826396864,17.46,0,0,195,4,34
1399.904039711,17.46,0,0,195,4,34
1399.981638485,17.46,0,0,195,4,34
1400.058830709,17.46,0,0,195,4,34
1400.136159802,17.46,0,0,195,4,34
1400.213519603,17.46,0,0,195,4,34
1400.290913799,17.46,0,0,195,4,34
1400.368190553,16.89,0,0,195,4,34
1400.445020700,16.89,0,0,195,4,34
1400.522200570,16.89,0,0,195,4,34
1400.599305698,16.89,0,0,195,4,34
1400.676991016,16.89,0,0,195,4,34
1400.754348573,16.89,0,0,195,4,34
1400.831404919,16.89,0,0,195,4,34
1400.908989726,16.89,0,0,195,4,34
1400.986373783,16.89,0,0,195,4,34
1401.063884220,16.89,0,0,195,4,34
1401.141280010,16.89,0,0,195,4,34
1401.218787952,16.89,0,0,195,4,34
1401.299142431,16.89,0,0,195,4,34
1401.376986100,16.59,0,0,195,4,34
1401.454231464,16.59,0,0,195,4,34
1401.534433063,16.59,0,0,195,4,34
1401.612843146,16.59,0,0,195,4,34
1401.690322033,16.59,0,0,195,4,34
1401.768074418,16.59,0,0,195,4,34
1401.845418650,16.59,0,0,195,4,34
1401.922484443,16.59,0,0,195,4,34
1402.000253230,16.59,0,0,195,4,34
1402.077805727,16.59,0,0,195,4,34
1402.154940872,16.59,0,0,195,4,34
1402.232231121,16.59,0,0,195,4,34
1402.309731499,16.59,0,0,195,4,34
1402.387081391,16.56,0,0,195,4,34
1402.463383947,16.56,0,0,195,4,34
1402.540812709,16.56,0,0,195,4,34
1402.617606597,16.56,0,0,195,4,34
1402.694843886,16.56,0,0,195,4,34
1402.771823066,16.56,0,0,195,4,34
1402.849598305,16.56,0,0,195,4,34
1402.925650446,16.56,0,0,195,4,34
1403.003234884,16.56,0,0,195,4,34
1403.080445903,16.56,0,0,195,4,34
1403.156719925,16.56,0,0,195,4,34
1403.233466183,16.56,0,0,195,4,34
1403.309673870,16.56,0,0,195,4,34
1403.386665693,16.48,0,0,195,4,34
1403.462672469,16.48,0,0,195,4,34
1403.539472558,16.48,0,0,195,4,34
1403.616465644,16.48,0,0,195,4,34
1403.694369517,16.48,0,0,195,4,34
1403.772404428,16.48,0,0,195,4,34
1403.849747688,16.48,0,0,195,4,34
1403.926912029,16.48,0,0,195,4,34
1404.004140330,16.48,0,0,195,4,34
1404.081273883,16.48,0,0,195,4,34
1404.158124669,16.48,0,0,195,4,34
1404.235557909,16.48,0,0,195,4,34
1404.312945553,16.48,0,0,195,4,34
1404.390387390,16.58,0,0,195,4,34
1404.467018930,16.58,0,0,195,4,34
1404.544125220,16.58,0,0,195,4,34
1404.621449595,16.58,0,0,195,4,34
1404.698275964,16.58,0,0,195,4,34
1404.775717561,16.58,0,0,195,4,34
1404.853002189,16.58,0,0,195,4,34
1404.930406956,16.58,0,0,195,4,34
1405.009008391,16.58,0,0,195,4,34
1405.088289886,16.58,0,0,195,4,34
1405.165914309,16.58,0,0,195,4,34
1405.243842417,16.58,0,0,195,4,34
1405.322210240,16.58,0,0,195,4,34
1405.399644101,16.62,0,0,195,4,34
1405.477177241,16.62,0,0,195,4,34
1405.554307978,16.62,0,0,195,4,34
1405.631486957,16.62,0,0,195,4,34
1405.709316308,16.62,0,0,195,4,34
1405.786488844,16.62,0,0,195,4,34
1405.864007727,16.62,0,0,195,4,34
1405.941300812,16.62,0,0,195,4,34
1406.018063901,16.62,0,0,195,4,34
1406.095019857,16.62,0,0,195,4,34
1406.172476962,16.62,0,0,195,4,34
1406.250160738,16.62,0,0,195,4,34
1406.327174844,16.62,0,0,195,4,34
1406.404781543,16.61,0,0,195,4,34
1406.482266782,16.61,0,0,195,4,34
1406.559279004,16.61,0,0,195,4,34
1406.636357622,16.61,0,0,195,4,34
1406.713679281,16.61,0,0,195,4,34
1406.791399095,16.61,0,0,195,4,34
1406.868780477,16.61,0,0,195,4,34
1406.946327703,16.61,0,0,195,4,34
1407.023198718,16.61,0,0,195,4,34
1407.100389719,16.61,0,0,195,4,34
1407.178079576,16.61,0,0,195,4,34
1407.255961367,16.61,0,0,195,4,34
1407.332621702,16.61,0,0,195,4,34
1407.409774641,16.51,0,0,195,4,34
1407.487215857,16.51,0,0,195,4,34
1407.564316767,16.51,0,0,195,4,34
1407.641335522,16.51,0,0,195,4,34
1407.719283558,16.51,0,0,195,4,34
1407.796264701,16.51,0,0,195,4,34
1407.873940963,16.51,0,0,195,4,34
1407.951342563,16.51,0,0,195,4,34
1408.028208388,16.51,0,0,195,4,34
1408.105453642,16.51,0,0,195,4,34
1408.182673998,16.51,0,0,195,4,34
1408.259236528,16.51,0,0,195,4,34
1408.336614634,16.51,0,0,195,4,34
1408.414319049,16.51,0,0,195,4,34
1408.491727943,16.51,0,0,195,4,34
1408.569466703,16.51,0,0,195,4,34
1408.646893401,16.51,0,0,195,4,34
1408.724516441,16.51,0,0,195,4,34
1408.801259112,16.51,0,0,195,4,34
1408.878211010,16.51,0,0,195,4,34
1408.954447341,16.51,0,0,195,4,34
1409.031457990,16.51,0,0,195,4,34
1409.107805793,16.51,0,0,195,4,34
1409.183901036,16.51,0,0,195,4,34
1409.259551386,16.51,0,0,195,4,34
1409.336058711,16.51,0,0,195,4,34
1409.412589500,16.63,0,0,195,4,34
1409.489064584,16.63,0,0,195,4,34
1409.566441889,16.63,0,0,195,4,34
1409.643630385,16.63,0,0,195,4,34
1409.720894104,16.63,0,0,195,4,34
1409.798177230,16.63,0,0,195,4,34
1409.876390770,16.63,0,0,195,4,34
1409.953864006,16.63,0,0,195,4,34
1410.031631440,16.63,0,0,195,4,34
1410.108987144,16.63,0,0,195,4,34
1410.186000207,16.63,0,0,195,4,34
1410.263631534,16.63,0,0,195,4,34
1410.342784134,16.63,0,0,195,4,34
1410.420794639,16.51,0,0,195,4,34
1410.498363396,16.51,0,0,195,4,34
1410.576003509,16.51,0,0,195,4,34
1410.653346198,16.51,0,0,195,4,34
1410.730950393,16.51,0,0,195,4,34
1410.808368144,16.51,0,0,195,4,34
1410.886332441,16.51,0,0,195,4,34
1410.963973606,16.51,0,0,195,4,34
1411.041367963,16.51,0,0,195,4,34
1411.118628355,16.51,0,0,195,4,34
1411.196003796,16.51,0,0,195,4,34
1411.273447386,16.51,0,0,195,4,34
1411.351177880,16.53,0,0,195,4,34
1411.428484942,16.53,0,0,195,4,34
1411.507953111,16.53,0,0,195,4,34
1411.587371646,16.53,0,0,195,4,34
1411.665000187,16.53,0,0,195,4,34
1411.741972433,16.53,0,0,195,4,34
1411.819899820,16.53,0,0,195,4,34
1411.897278537,16.53,0,0,195,4,34
1411.974378165,16.53,0,0,195,4,34
1412.051923989,16.53,0,0,195,4,34
1412.129141140,16.53,0,0,195,4,34
1412.206306032,16.53,0,0,195,4,34
1412.283680411,16.53,0,0,195,4,34
1412.361072453,16.61,0,0,195,4,34
1412.438834968,16.61,0,0,195,4,34
1412.515874422,16.61,0,0,195,4,34
1412.595111663,16.61,0,0,195,4,34
1412.673870166,16.61,0,0,195,4,34
1412.751223505,16.61,0,0,195,4,34
1412.829169938,16.61,0,0,195,4,34
1412.906811103,16.61,0,0,195,4,34
1412.986692255,16.61,0,0,195,4,34
1413.064797620,16.61,0,0,195,4,34
1413.142376527,16.61,0,0,195,4,34
1413.219530778,16.61,0,0,195,4,34
1413.296396232,16.61,0,0,195,4,34
1413.374096228,16.61,0,0,195,4,34
1413.451336022,16.61,0,0,195,4,34
1413.528961026,16.61,0,0,195,4,34
1413.606324585,16.61,0,0,195,4,34
1413.683790477,16.61,0,0,195,4,34
1413.760825001,16.61,0,0,195,4,34
1413.837955528,16.61,0,0,195,4,34
1413.915300100,16.61,0,0,195,4,34
1413.992262117,16.61,0,0,195,4,34
1414.069679969,16.61,0,0,195,4,34
1414.146697581,16.61,0,0,195,4,34
1414.223450091,16.61,0,0,195,4,34
1414.300563986,16.61,0,0,195,4,34
1414.378180674,16.56,0,0,195,4,34
1414.459486097,16.56,0,0,195,4,34
1414.536214781,16.56,0,0,195,4,34
1414.613250688,16.56,0,0,195,4,34
1414.689843035,16.56,0,0,195,4,34
1414.767059554,16.56,0,0,195,4,34
1414.845627737,16.56,0,0,195,4,34
1414.922646612,16.56,0,0,195,4,34
1414.999206316,16.56,0,0,195,4,34
1415.077050545,16.56,0,0,195,4,34
1415.153903756,16.56,0,0,195,4,34
1415.229803138,16.56,0,0,195,4,34
1415.306138076,16.56,0,0,195,4,34
1415.382682291,16.82,0,0,195,4,34
1415.459055953,16.82,0,0,195,4,34
1415.536544679,16.82,0,0,195,4,34
1415.613614730,16.82,0,0,195,4,34
1415.691191994,16.82,0,0,195,4,34
1415.768779046,16.82,0,0,195,4,34
1415.846830950,16.82,0,0,195,4,34
1415.924268248,16.82,0,0,195,4,34
1416.001831876,16.82,0,0,195,4,34
1416.079321393,16.82,0,0,195,4,34
1416.156878027,16.82,0,0,195,4,34
1416.234762884,16.82,0,0,195,4,34
1416.311945991,16.82,0,0,195,4,34
1416.389736038,16.65,0,0,195,4,34
1416.466955713,16.65,0,0,195,4,34
1416.544161974,16.65,0,0,195,4,34
1416.621226385,16.65,0,0,195,4,34
1416.698413459,16.65,0,0,195,4,34
1416.775883990,16.65,0,0,195,4,34
1416.854185947,16.65,0,0,195,4,34
1416.931947911,16.65,0,0,195,4,34
1417.010416154,16.65,0,0,195,4,34
1417.087745748,16.65,0,0,195,4,34
1417.165152799,16.65,0,0,195,4,34
1417.242243380,16.65,0,0,195,4,34
1417.319205427,16.65,0,0,195,4,34
1417.396415324,16.54,0,0,195,4,34
1417.474360385,16.54,0,0,195,4,34
1417.551753690,16.54,0,0,195,4,34
1417.628870931,16.54,0,0,195,4,34
1417.706149128,16.54,0,0,195,4,34
1417.783906814,16.54,0,0,195,4,34
1417.861455634,16.54,0,0,195,4,34
1417.939070068,16.54,0,0,195,4,34
1418.016435680,16.54,0,0,195,4,34
1418.093974371,16.54,0,0,195,4,34
1418.170956856,16.54,0,0,195,4,34
1418.248236666,16.54,0,0,195,4,34
1418.325371661,16.54,0,0,195,4,34
1418.404414454,16.43,0,0,195,4,34
1418.482316553,16.43,0,0,195,4,34
1418.559881363,16.43,0,0,195,4,34
1418.637643518,16.43,0,0,195,4,34
1418.715358572,16.43,0,0,195,4,34
1418.792812783,16.43,0,0,195,4,34
1418.870149410,16.43,0,0,195,4,34
1418.949331136,16.43,0,0,195,4,34
1419.027744034,16.43,0,0,195,4,34
1419.105108714,16.43,0,0,195,4,34
1419.182232909,16.43,0,0,195,4,34
1419.259885866,16.43,0,0,195,4,34
1419.337019689,16.43,0,0,195,4,34
1419.414508926,16.26,0,0,195,4,34
1419.491725175,16.26,0,0,195,4,34
1419.569111276,16.26,0,0,195,4,34
1419.646445669,16.26,0,0,195,4,34
1419.723679371,16.26,0,0,195,4,34
1419.801032109,16.26,0,0,195,4,34
1419.878453768,16.26,0,0,195,4,34
1419.955662733,16.26,0,0,195,4,34
1420.032585005,16.26,0,0,195,4,34
1420.110015240,16.26,0,0,195,4,34
1420.186530379,16.26,0,0,195,4,34
1420.263768871,16.26,0,0,195,4,34
1420.340897163,16.26,0,0,195,4,34
1420.418408782,16.39,0,0,195,4,34
1420.495309373,16.39,0,0,195,4,34
1420.573049585,16.39,0,0,195,4,34
1420.650534824,16.39,0,0,195,4,34
1420.727499727,16.39,0,0,195,4,34
1420.804280120,16.39,0,0,195,4,34
1420.880857357,16.39,0,0,195,4,34
1420.957809596,16.39,0,0,195,4,34
1421.034244023,16.39,0,0,195,4,34
1421.110774121,16.39,0,0,195,4,34
1421.187924695,16.39,0,0,195,4,34
1421.265002903,16.39,0,0,195,4,34
1421.343110161,16.39,0,0,195,4,34
1421.420616591,16.48,0,0,195,4,34
1421.499863350,16.48,0,0,195,4,34
1421.577036397,16.48,0,0,195,4,34
1421.655505522,16.48,0,0,195,4,34
1421.733387293,16.48,0,0,195,4,34
1421.810115296,16.48,0,0,195,4,34
1421.886895699,16.48,0,0,195,4,34
1421.964080859,16.48,0,0,195,4,34
1422.041296647,16.48,0,0,195,4,34
1422.118901764,16.48,0,0,195,4,34
1422.197917254,16.48,0,0,195,4,34
1422.275563739,16.48,0,0,195,4,34
1422.353321255,16.67,0,0,195,4,34
1422.430964874,16.67,0,0,195,4,34
1422.508420628,16.67,0,0,195,4,34
1422.585758287,16.67,0,0,195,4,34
1422.663196497,16.67,0,0,195,4,34
1422.740178542,16.67,0,0,195,4,34
1422.817256329,16.67,0,0,195,4,34
1422.894237492,16.67,0,0,195,4,34
1422.972381771,16.67,0,0,195,4,34
1423.049774014,16.67,0,0,195,4,34
1423.127189410,16.67,0,0,195,4,34
1423.204459983,16.67,0,0,195,4,34
1423.282382962,16.67,0,0,195,4,34
1423.360262198,16.48,0,0,195,4,34
1423.438320844,16.48,0,0,195,4,34
1423.515976116,16.48,0,0,195,4,34
1423.593897753,16.48,0,0,195,4,34
1423.671855167,16.48,0,0,195,4,34
1423.748942151,16.48,0,0,195,4,34
1423.826359251,16.48,0,0,195,4,34
1423.903820385,16.48,0,0,195,4,34
1423.981643073,16.48,0,0,195,4,34
1424.059267777,16.48,0,0,195,4,34
1424.136960630,16.48,0,0,195,4,34
1424.214359585,16.48,0,0,195,4,34
1424.291731931,16.48,0,0,195,4,34
1424.369697821,16.53,0,0,195,4,34
1424.447137153,16.53,0,0,195,4,34
1424.524776505,16.53,0,0,195,4,34
1424.601978637,16.53,0,0,195,4,34
1424.679287211,16.53,0,0,195,4,34
1424.756918868,16.53,0,0,195,4,34
1424.834444784,16.53,0,0,195,4,34
1424.912289705,16.53,0,0,195,4,34
1424.989337866,16.53,0,0,195,4,34
1425.066286949,16.53,0,0,195,4,34
1425.143511243,16.53,0,0,195,4,34
1425.220738092,16.53,0,0,195,4,34
1425.300315548,16.53,0,0,195,4,34
1425.378016908,16.56,0,0,195,4,34
1425.455078223,16.56,0,0,195,4,34
1425.531962182,16.56,0,0,195,4,34
1425.609820368,16.56,0,0,195,4,34
1425.687071955,16.56,0,0,195,4,34
1425.764441544,16.56,0,0,195,4,34
1425.841668073,16.56,0,0,195,4,34
1425.919558541,16.56,0,0,195,4,34
1425.997030725,16.56,0,0,195,4,34
1426.074772721,16.56,0,0,195,4,34
1426.152161808,16.56,0,0,195,4,34
1426.229965551,16.56,0,0,195,4,34
1426.307596036,16.56,0,0,195,4,34
1426.384613458,16.44,0,0,195,4,34
1426.462099679,16.44,0,0,195,4,34
1426.539324134,16.44,0,0,195,4,34
1426.616430284,16.44,0,0,195,4,34
1426.693191120,16.44,0,0,195,4,34
1426.769684028,16.44,0,0,195,4,34
1426.847855538,16.44,0,0,195,4,34
1426.924143327,16.44,0,0,195,4,34
1427.000234262,16.44,0,0,195,4,34
1427.076488868,16.44,0,0,195,4,34
1427.153993775,16.44,0,0,195,4,34
1427.230992291,16.44,0,0,195,4,34
1427.308051071,16.44,0,0,195,4,34
1427.385005194,16.63,0,0,195,4,34
1427.462889820,16.63,0,0,195,4,34
1427.540012462,16.63,0,0,195,4,34
1427.617520765,16.63,0,0,195,4,34
1427.695582768,16.63,0,0,195,4,34
1427.773062086,16.63,0,0,195,4,34
1427.850547686,16.63,0,0,195,4,34
1427.927598050,16.63,0,0,195,4,34
1428.005094872,16.63,0,0,195,4,34
1428.082430747,16.63,0,0,195,4,34
1428.159592914,16.63,0,0,195,4,34
1428.236752917,16.63,0,0,195,4,34
1428.313885147,16.63,0,0,195,4,34
1428.391399060,16.64,0,0,195,4,34
1428.469334192,16.64,0,0,195,4,34
1428.546403213,16.64,0,0,195,4,34
1428.623549880,16.64,0,0,195,4,34
1428.700958674,16.64,0,0,195,4,34
1428.778736428,16.64,0,0,195,4,34
1428.855766123,16.64,0,0,195,4,34
1428.933007710,16.64,0,0,195,4,34
1429.010698800,16.64,0,0,195,4,34
1429.087924126,16.64,0,0,195,4,34
1429.164910129,16.64,0,0,195,4,34
1429.242530334,16.64,0,0,195,4,34
1429.320057933,16.64,0,0,195,4,34
1429.397425479,16.66,0,0,195,4,34
1429.475025817,16.66,0,0,195,4,34
1429.552120295,16.66,0,0,195,4,34
1429.629365119,16.66,0,0,195,4,34
1429.707127443,16.66,0,0,195,4,34
1429.784793124,16.66,0,0,195,4,34
1429.861711579,16.66,0,0,195,4,34
1429.938874076,16.66,0,0,195,4,34
1430.016430811,16.66,0,0,195,4,34
1430.093327164,16.66,0,0,195,4,34
1430.170607676,16.66,0,0,195,4,34
1430.248089578,16.66,0,0,195,4,34
1430.325393624,16.66,0,0,195,4,34
1430.402866239,16.75,0,0,187,4,34
1430.480454333,16.75,0,0,187,4,34
1430.557793055,16.75,0,0,187,4,34
1430.635383063,16.75,0,0,187,4,34
1430.712388031,16.75,0,0,187,4,34
1430.789714600,16.75,0,0,187,4,34
1430.867520928,16.75,0,0,187,4,34
1430.945277812,16.75,0,0,187,4,34
1431.022439638,16.75,0,0,187,4,34
1431.100157598,16.75,0,0,187,4,34
1431.177811888,16.75,0,0,187,4,34
1431.255161020,16.75,0,0,187,4,34
1431.332448043,16.75,0,0,187,4,34
1431.409880342,16.42,0,0,195,4,34
1431.487461263,16.42,0,0,195,4,34
1431.564469858,16.42,0,0,195,4,34
1431.641047937,16.42,0,0,195,4,34
1431.718442515,16.42,0,0,195,4,34
1431.796423834,16.42,0,0,195,4,34
1431.874195807,16.42,0,0,195,4,34
1431.951309532,16.42,0,0,195,4,34
1432.028081118,16.42,0,0,195,4,34
1432.105517335,16.42,0,0,195,4,34
1432.183098897,16.42,0,0,195,4,34
1432.261509530,16.42,0,0,195,4,34
1432.338428245,16.42,0,0,195,4,34
1432.415997203,16.42,0,0,195,4,34
1432.492564963,16.42,0,0,195,4,34
1432.569045297,16.42,0,0,195,4,34
1432.644858686,16.42,0,0,195,4,34
1432.720877545,16.42,0,0,195,4,34
1432.799117305,16.42,0,0,195,4,34
1432.876771495,16.42,0,0,195,4,34
1432.953668408,16.42,0,0,195,4,34
1433.029792015,16.42,0,0,195,4,34
1433.106061269,16.42,0,0,195,4,34
1433.182887549,16.42,0,0,195,4,34
1433.261434882,16.42,0,0,195,4,34
1433.339253092,16.42,0,0,195,4,34
1433.416776594,16.49,0,0,195,4,34
1433.494544139,16.49,0,0,195,4,34
1433.572084042,16.49,0,0,195,4,34
1433.649453481,16.49,0,0,195,4,34
1433.726878587,16.49,0,0,195,4,34
1433.804748074,16.49,0,0,195,4,34
1433.883400537,16.49,0,0,195,4,34
1433.961274894,16.49,0,0,195,4,34
1434.038282217,16.49,0,0,195,4,34
1434.115304548,16.49,0,0,195,4,34
1434.192349022,16.49,0,0,195,4,34
1434.269865711,16.49,0,0,195,4,34
1434.349792770,16.49,0,0,195,4,34
1434.427393899,16.58,0,0,195,4,34
1434.504815538,16.58,0,0,195,4,34
1434.582041796,16.58,0,0,195,4,34
1434.659116547,16.58,0,0,195,4,34
1434.736601285,16.58,0,0,195,4,34
1434.813807065,16.58,0,0,195,4,34
1434.891054824,16.58,0,0,195,4,34
1434.968223874,16.58,0,0,195,4,34
1435.045274809,16.58,0,0,195,4,34
1435.123909568,16.58,0,0,195,4,34
1435.201960600,16.58,0,0,195,4,34
1435.279910912,16.58,0,0,195,4,34
1435.360475570,16.67,0,0,195,4,34
1435.438150890,16.67,0,0,195,4,34
1435.515413026,16.67,0,0,195,4,34
1435.592792304,16.67,0,0,195,4,34
1435.670226797,16.67,0,0,195,4,34
1435.747740120,16.67,0,0,195,4,34
1435.825079192,16.67,0,0,195,4,34
1435.902354964,16.67,0,0,195,4,34
1435.979913593,16.67,0,0,195,4,34
1436.057547143,16.67,0,0,195,4,34
1436.134564205,16.67,0,0,195,4,34
1436.211883028,16.67,0,0,195,4,34
1436.290819539,16.67,0,0,195,4,34
1436.368485822,16.64,0,0,195,4,34
1436.446874544,16.64,0,0,195,4,34
1436.524661265,16.64,0,0,195,4,34
1436.603410511,16.64,0,0,195,4,34
1436.681319574,16.64,0,0,195,4,34
1436.758865919,16.64,0,0,195,4,34
1436.836145899,16.64,0,0,195,4,34
1436.913114139,16.64,0,0,195,4,34
1436.990284401,16.64,0,0,195,4,34
1437.067419757,16.64,0,0,195,4,34
1437.145090357,16.64,0,0,195,4,34
1437.222213470,16.64,0,0,195,4,34
1437.300137120,16.64,0,0,195,4,34
1437.377193627,16.72,0,0,195,4,34
1437.454405878,16.72,0,0,195,4,34
1437.531681059,16.72,0,0,195,4,34
1437.608487702,16.72,0,0,195,4,34
1437.686134167,16.72,0,0,195,4,34
1437.763011454,16.72,0,0,195,4,34
1437.840102095,16.72,0,0,195,4,34
1437.917419135,16.72,0,0,195,4,34
1437.994929131,16.72,0,0,195,4,34
1438.071911657,16.72,0,0,195,4,34
1438.148965358,16.72,0,0,195,4,34
1438.225814802,16.72,0,0,195,4,34
1438.303721190,16.72,0,0,195,4,34
1438.380595030,16.79,0,0,195,4,34
1438.456920440,16.79,0,0,195,4,34
1438.534004108,16.79,0,0,195,4,34
1438.611395380,16.79,0,0,195,4,34
1438.688097434,16.79,0,0,195,4,34
1438.765040755,16.79,0,0,195,4,34
1438.841314748,16.79,0,0,195,4,34
1438.917841310,16.79,0,0,195,4,34
1438.994464604,16.79,0,0,195,4,34
1439.070988852,16.79,0,0,195,4,34
1439.147866128,16.79,0,0,195,4,34
1439.225012405,16.79,0,0,195,4,34
1439.302155125,16.79,0,0,195,4,34
1439.379794386,16.75,0,0,195,4,34
1439.456888764,16.75,0,0,195,4,34
1439.533928549,16.75,0,0,195,4,34
1439.611064025,16.75,0,0,195,4,34
1439.689355934,16.75,0,0,195,4,34
1439.766688103,16.75,0,0,195,4,34
1439.843825252,16.75,0,0,195,4,34
1439.921406053,16.75,0,0,195,4,34
1439.999717338,16.75,0,0,195,4,34
1440.077299271,16.75,0,0,195,4,34
1440.155899945,16.75,0,0,195,4,34
1440.233105755,16.75,0,0,195,4,34
1440.310918195,16.75,0,0,195,4,34
1440.389520442,16.72,0,0,195,4,34
1440.467640625,16.72,0,0,195,4,34
1440.546067941,16.72,0,0,195,4,34
1440.623138303,16.72,0,0,195,4,34
1440.700387716,16.72,0,0,195,4,34
1440.778693320,16.72,0,0,195,4,34
1440.856046399,16.72,0,0,195,4,34
1440.934330403,16.72,0,0,195,4,34
1441.012130800,16.72,0,0,195,4,34
1441.089196774,16.72,0,0,195,4,34
1441.166717791,16.72,0,0,195,4,34
1441.244340291,16.72,0,0,195,4,34
1441.321429029,16.72,0,0,195,4,34
1441.398925469,16.70,0,0,195,4,34
1441.476177957,16.70,0,0,195,4,34
1441.553379018,16.70,0,0,195,4,34
1441.630218473,16.70,0,0,195,4,34
1441.708569854,16.70,0,0,195,4,34
1441.785419879,16.70,0,0,195,4,34
1441.862854663,16.70,0,0,195,4,34
1441.940321707,16.70,0,0,195,4,34
1442.017321606,16.70,0,0,195,4,34
1442.095135329,16.70,0,0,195,4,34
1442.172503506,16.70,0,0,195,4,34
1442.250000768,16.70,0,0,195,4,34
1442.327065129,16.70,0,0,195,4,34
1442.404961949,16.63,0,0,195,4,34
1442.482695920,16.63,0,0,195,4,34
1442.560781437,16.63,0,0,195,4,34
1442.638096684,16.63,0,0,195,4,34
1442.715460954,16.63,0,0,195,4,34
1442.794203547,16.63,0,0,195,4,34
1442.872617007,16.63,0,0,195,4,34
1442.950815659,16.63,0,0,195,4,34
1443.028146475,16.63,0,0,195,4,34
1443.105103123,16.63,0,0,195,4,34
1443.182447114,16.63,0,0,195,4,34
1443.259640140,16.63,0,0,195,4,34
1443.337372177,16.63,0,0,195,4,34
1443.415264398,16.51,0,0,187,4,34
1443.492720702,16.51,0,0,187,4,34
1443.569972930,16.51,0,0,187,4,34
1443.647465323,16.51,0,0,187,4,34
1443.724262057,16.51,0,0,187,4,34
1443.800961065,16.51,0,0,187,4,34
1443.877760184,16.51,0,0,187,4,34
1443.955061855,16.51,0,0,187,4,34
1444.031705719,16.51,0,0,187,4,34
1444.108871693,16.51,0,0,187,4,34
1444.185992652,16.51,0,0,187,4,34
1444.263391888,16.51,0,0,187,4,34
1444.339869958,16.51,0,0,187,4,34
1444.417425550,16.86,0,0,195,4,34
1444.493850870,16.86,0,0,195,4,34
1444.570797218,16.86,0,0,195,4,34
1444.647092691,16.86,0,0,195,4,34
1444.724460798,16.86,0,0,195,4,34
1444.801075166,16.86,0,0,195,4,34
1444.878287709,16.86,0,0,195,4,34
1444.954907206,16.86,0,0,195,4,34
1445.032377778,16.86,0,0,195,4,34
1445.110305988,16.86,0,0,195,4,34
1445.187076231,16.86,0,0,195,4,34
1445.264750930,16.86,0,0,195,4,34
1445.342159594,16.86,0,0,195,4,34
1445.419323414,17.00,0,0,195,4,34
1445.496296723,17.00,0,0,195,4,34
1445.573698273,17.00,0,0,195,4,34
1445.651312637,17.00,0,0,195,4,34
1445.728120843,17.00,0,0,195,4,34
1445.806185281,17.00,0,0,195,4,34
1445.883473437,17.00,0,0,195,4,34
1445.961375246,17.00,0,0,195,4,34
1446.039054343,17.00,0,0,195,4,34
1446.116476472,17.00,0,0,195,4,34
1446.193690317,17.00,0,0,195,4,34
1446.270487191,17.00,0,0,195,4,34
1446.347798841,17.00,0,0,195,4,34
1446.426302552,16.86,0,0,195,4,34
1446.503858676,16.86,0,0,195,4,34
1446.581354665,16.86,0,0,195,4,34
1446.658837139,16.86,0,0,195,4,34
1446.736428921,16.86,0,0,195,4,34
1446.813956571,16.86,0,0,195,4,34
1446.891655145,16.86,0,0,195,4,34
1446.969030856,16.86,0,0,195,4,34
1447.046695967,16.86,0,0,195,4,34
1447.124197707,16.86,0,0,195,4,34
1447.201470985,16.86,0,0,195,4,34
1447.279213772,16.86,0,0,195,4,34
1447.356851070,16.78,0,0,195,4,34
1447.433894001,16.78,0,0,195,4,34
1447.510691366,16.78,0,0,195,4,34
1447.588919243,16.78,0,0,195,4,34
1447.666052285,16.78,0,0,195,4,34
1447.743012850,16.78,0,0,195,4,34
1447.820396406,16.78,0,0,195,4,34
1447.897778620,16.78,0,0,195,4,34
1447.976100416,16.78,0,0,195,4,34
1448.053592368,16.78,0,0,195,4,34
1448.131250335,16.78,0,0,195,4,34
1448.209310585,16.78,0,0,195,4,34
1448.286864444,16.78,0,0,195,4,34
1448.364287345,16.82,0,0,195,4,34
1448.441782794,16.82,0,0,195,4,34
1448.519314562,16.82,0,0,195,4,34
1448.596635971,16.82,0,0,195,4,34
1448.674205590,16.82,0,0,195,4,34
1448.750888127,16.82,0,0,195,4,34
1448.827234938,16.82,0,0,195,4,34
1448.904530839,16.82,0,0,195,4,34
1448.981770012,16.82,0,0,195,4,34
1449.058689899,16.82,0,0,195,4,34
1449.135932027,16.82,0,0,195,4,34
1449.212929332,16.82,0,0,195,4,34
1449.290126675,16.82,0,0,195,4,34
1449.367475666,16.80,0,0,195,4,34
1449.444677027,16.80,0,0,195,4,34
1449.521970754,16.80,0,0,195,4,34
1449.599442047,16.80,0,0,195,4,34
1449.676890286,16.80,0,0,195,4,34
1449.753848887,16.80,0,0,195,4,34
1449.831080716,16.80,0,0,195,4,34
1449.908253392,16.80,0,0,195,4,34
1449.985675662,16.80,0,0,195,4,34
1450.062518053,16.80,0,0,195,4,34
1450.141120280,16.80,0,0,195,4,34
1450.217849145,16.80,0,0,195,4,34
1450.294313960,16.80,0,0,195,4,34
1450.371266810,16.89,0,0,195,4,34
1450.447849618,16.89,0,0,195,4,34
1450.524849016,16.89,0,0,195,4,34
1450.601589042,16.89,0,0,195,4,34
1450.678558284,16.89,0,0,195,4,34
1450.754728179,16.89,0,0,195,4,34
1450.831381561,16.89,0,0,195,4,34
1450.908775407,16.89,0,0,195,4,34
1450.986189472,16.89,0,0,195,4,34
1451.064528741,16.89,0,0,195,4,34
1451.142187810,16.89,0,0,195,4,34
1451.218991236,16.89,0,0,195,4,34
1451.296510510,16.89,0,0,195,4,34
1451.374798151,16.88,0,0,195,4,34
1451.452158183,16.88,0,0,195,4,34
1451.530274890,16.88,0,0,195,4,34
1451.607771491,16.88,0,0,195,4,34
1451.684974966,16.88,0,0,195,4,34
1451.762714948,16.88,0,0,195,4,34
1451.839856697,16.88,0,0,195,4,34
1451.917297873,16.88,0,0,195,4,34
1451.994578494,16.88,0,0,195,4,34
1452.071916745,16.88,0,0,195,4,34
1452.151514299,16.88,0,0,195,4,34
1452.229513583,16.88,0,0,195,4,34
1452.306776521,16.88,0,0,195,4,34
1452.383855801,16.77,0,0,195,4,34
1452.461167552,16.77,0,0,195,4,34
1452.538622463,16.77,0,0,195,4,34
1452.615637140,16.77,0,0,195,4,34
1452.693885807,16.77,0,0,195,4,34
1452.771914837,16.77,0,0,195,4,34
1452.849554139,16.77,0,0,195,4,34
1452.927129489,16.77,0,0,195,4,34
1453.004108739,16.77,0,0,195,4,34
1453.080833587,16.77,0,0,195,4,34
1453.158379481,16.77,0,0,195,4,34
1453.235470814,16.77,0,0,195,4,34
1453.312610548,16.77,0,0,195,4,34
1453.390994051,16.62,0,0,195,4,34
1453.468457619,16.62,0,0,195,4,34
1453.545989277,16.62,0,0,195,4,34
1453.623316677,16.62,0,0,195,4,34
1453.702858716,16.62,0,0,195,4,34
1453.781057198,16.62,0,0,195,4,34
1453.859122026,16.62,0,0,195,4,34
1453.936393040,16.62,0,0,195,4,34
1454.014131069,16.62,0,0,195,4,34
1454.091781391,16.62,0,0,195,4,34
1454.168466864,16.62,0,0,195,4,34
1454.245884435,16.62,0,0,195,4,34
1454.323673581,16.62,0,0,195,4,34
1454.402869814,16.67,0,0,195,4,34
1454.480486433,16.67,0,0,195,4,34
1454.558140052,16.67,0,0,195,4,34
1454.635329029,16.67,0,0,195,4,34
1454.712892888,16.67,0,0,195,4,34
1454.790267357,16.67,0,0,195,4,34
1454.867940433,16.67,0,0,195,4,34
1454.945181068,16.67,0,0,195,4,34
1455.023224877,16.67,0,0,195,4,34
1455.100825395,16.67,0,0,195,4,34
1455.178528197,16.67,0,0,195,4,34
1455.255341423,16.67,0,0,195,4,34
1455.332836611,16.67,0,0,195,4,34
1455.410766043,16.58,0,0,195,4,34
1455.488351362,16.58,0,0,195,4,34
1455.566277808,16.58,0,0,195,4,34
1455.643829183,16.58,0,0,195,4,34
1455.721018581,16.58,0,0,195,4,34
1455.798550529,16.58,0,0,195,4,34
1455.875930379,16.58,0,0,195,4,34
1455.952892677,16.58,0,0,195,4,34
1456.030202263,16.58,0,0,195,4,34
1456.107081944,16.58,0,0,195,4,34
1456.184128833,16.58,0,0,195,4,34
1456.260635196,16.58,0,0,195,4,34
1456.337967546,16.58,0,0,195,4,34
1456.414833761,16.61,0,0,195,4,34
1456.491139013,16.61,0,0,195,4,34
1456.568061786,16.61,0,0,195,4,34
1456.645093977,16.61,0,0,195,4,34
1456.721129277,16.61,0,0,195,4,34
1456.797863062,16.61,0,0,195,4,34
1456.875455284,16.61,0,0,195,4,34
1456.953195026,16.61,0,0,195,4,34
1457.030603019,16.61,0,0,195,4,34
1457.108268781,16.61,0,0,195,4,34
1457.185380532,16.61,0,0,195,4,34
1457.262846625,16.61,0,0,195,4,34
1457.340983751,16.61,0,0,195,4,34
1457.418277738,16.70,0,0,195,4,34
1457.495498927,16.70,0,0,195,4,34
1457.572762205,16.70,0,0,195,4,34
1457.650208862,16.70,0,0,195,4,34
1457.727758593,16.70,0,0,195,4,34
1457.805702282,16.70,0,0,195,4,34
1457.882658068,16.70,0,0,195,4,34
1457.960033960,16.70,0,0,195,4,34
1458.036946373,16.70,0,0,195,4,34
1458.114231954,16.70,0,0,195,4,34
1458.193550710,16.70,0,0,195,4,34
1458.270913407,16.70,0,0,195,4,34
1458.348885640,16.70,0,0,195,4,34
1458.426373625,16.72,0,0,195,4,34
1458.503848915,16.72,0,0,195,4,34
1458.581138013,16.72,0,0,195,4,34
1458.658814996,16.72,0,0,195,4,34
1458.736087863,16.72,0,0,195,4,34
1458.813544588,16.72,0,0,195,4,34
1458.891115200,16.72,0,0,195,4,34
1458.968063070,16.72,0,0,195,4,34
1459.045635405,16.72,0,0,195,4,34
1459.123184475,16.72,0,0,195,4,34
1459.200374866,16.72,0,0,195,4,34
1459.277687247,16.72,0,0,195,4,34
1459.355726056,16.72,0,0,195,4,34
1459.433135392,16.71,0,0,195,4,34
1459.510309401,16.71,0,0,195,4,34
1459.587402657,16.71,0,0,195,4,34
1459.664378982,16.71,0,0,195,4,34
1459.741926890,16.71,0,0,195,4,34
1459.819723671,16.71,0,0,195,4,34
1459.897233467,16.71,0,0,195,4,34
1459.974398309,16.71,0,0,195,4,34
1460.051742210,16.71,0,0,195,4,34
1460.129454180,16.71,0,0,195,4,34
1460.206900696,16.71,0,0,195,4,34
1460.284297928,16.71,0,0,195,4,34
1460.361231812,17.08,0,0,195,4,34
1460.438632942,17.08,0,0,195,4,34
1460.515697013,17.08,0,0,195,4,34
1460.593608591,17.08,0,0,195,4,34
1460.671011745,17.08,0,0,195,4,34
1460.748256609,17.08,0,0,195,4,34
1460.825543302,17.08,0,0,195,4,34
1460.903221287,17.08,0,0,195,4,34
1460.980331114,17.08,0,0,195,4,34
1461.057143217,17.08,0,0,195,4,34
1461.134893049,17.08,0,0,195,4,34
1461.212228604,17.08,0,0,195,4,34
1461.289488016,17.08,0,0,195,4,34
1461.366822469,16.85,0,0,195,4,34
1461.443923240,16.85,0,0,195,4,34
1461.521473703,16.85,0,0,195,4,34
1461.598005164,16.85,0,0,195,4,34
1461.674627267,16.85,0,0,195,4,34
1461.751584565,16.85,0,0,195,4,34
1461.829334667,16.85,0,0,195,4,34
1461.906316542,16.85,0,0,195,4,34
1461.982820691,16.85,0,0,195,4,34
1462.058962944,16.85,0,0,195,4,34
1462.134882515,16.85,0,0,195,4,34
1462.211865112,16.85,0,0,195,4,34
1462.288825336,16.85,0,0,195,4,34
1462.364672850,16.85,0,0,195,4,34
1462.441376177,16.85,0,0,195,4,34
1462.517887410,16.85,0,0,195,4,34
1462.594574075,16.85,0,0,195,4,34
1462.671315875,16.85,0,0,195,4,34
1462.747729603,16.85,0,0,195,4,34
1462.825356912,16.85,0,0,195,4,34
1462.902723195,16.85,0,0,195,4,34
1462.980045115,16.85,0,0,195,4,34
1463.057239914,16.85,0,0,195,4,34
1463.134839541,16.85,0,0,195,4,34
1463.211849860,16.85,0,0,195,4,34
1463.288571972,16.85,0,0,195,4,34
1463.366130981,16.78,0,0,195,4,34
1463.443413426,16.78,0,0,195,4,34
1463.520649343,16.78,0,0,195,4,34
1463.597955704,16.78,0,0,195,4,34
1463.675509323,16.78,0,0,195,4,34
1463.752828828,16.78,0,0,195,4,34
1463.829956680,16.78,0,0,195,4,34
1463.907581765,16.78,0,0,195,4,34
1463.984319256,16.78,0,0,195,4,34
1464.061263761,16.78,0,0,195,4,34
1464.138579890,16.78,0,0,195,4,34
1464.215952536,16.78,0,0,195,4,34
1464.293498390,16.78,0,0,195,4,34
1464.370211866,16.66,0,0,195,4,34
1464.447937982,16.66,0,0,195,4,34
1464.525017412,16.66,0,0,195,4,34
1464.601880963,16.66,0,0,195,4,34
1464.679353769,16.66,0,0,195,4,34
1464.757311114,16.66,0,0,195,4,34
1464.835851995,16.66,0,0,195,4,34
1464.914415779,16.66,0,0,195,4,34
1464.993765675,16.66,0,0,195,4,34
1465.071433160,16.66,0,0,195,4,34
1465.148657084,16.66,0,0,195,4,34
1465.225991768,16.66,0,0,195,4,34
1465.303474252,16.66,0,0,195,4,34
1465.380928403,16.65,0,0,195,4,34
1465.458444290,16.65,0,0,195,4,34
1465.536512095,16.65,0,0,195,4,34
1465.613696724,16.65,0,0,195,4,34
1465.691188165,16.65,0,0,195,4,34
1465.768324343,16.65,0,0,195,4,34
1465.847222862,16.65,0,0,195,4,34
1465.924660371,16.65,0,0,195,4,34
1466.001222240,16.65,0,0,195,4,34
1466.079133087,16.65,0,0,195,4,34
1466.156649595,16.65,0,0,195,4,34
1466.233919607,16.65,0,0,195,4,34
1466.310950315,16.65,0,0,195,4,34
1466.388343329,16.68,0,0,195,4,34
1466.465927256,16.68,0,0,195,4,34
1466.543427424,16.68,0,0,195,4,34
1466.621041468,16.68,0,0,195,4,34
1466.698900315,16.68,0,0,195,4,34
1466.776242674,16.68,0,0,195,4,34
1466.853009291,16.68,0,0,195,4,34
1466.930482177,16.68,0,0,195,4,34
1467.007329838,16.68,0,0,195,4,34
1467.084856075,16.68,0,0,195,4,34
1467.162042859,16.68,0,0,195,4,34
1467.238969639,16.68,0,0,195,4,34
1467.316746953,16.68,0,0,195,4,34
1467.393966989,16.70,0,0,195,4,34
1467.471319086,16.70,0,0,195,4,34
1467.547958342,16.70,0,0,195,4,34
1467.624964894,16.70,0,0,195,4,34
1467.702627941,16.70,0,0,195,4,34
1467.779807100,16.70,0,0,195,4,34
1467.856942756,16.70,0,0,195,4,34
1467.934090095,16.70,0,0,195,4,34
1468.010633429,16.70,0,0,195,4,34
1468.086992143,16.70,0,0,195,4,34
1468.163084651,16.70,0,0,195,4,34
1468.239497868,16.70,0,0,195,4,34
1468.315919060,16.70,0,0,195,4,34
1468.391775571,16.61,0,0,195,4,34
1468.467782217,16.61,0,0,195,4,34
1468.544388470,16.61,0,0,195,4,34
1468.621340679,16.61,0,0,195,4,34
1468.698180455,16.61,0,0,195,4,34
1468.775327814,16.61,0,0,195,4,34
1468.852907001,16.61,0,0,195,4,34
1468.930004987,16.61,0,0,195,4,34
1469.007082343,16.61,0,0,195,4,34
1469.084257374,16.61,0,0,195,4,34
1469.161385747,16.61,0,0,195,4,34
1469.238751440,16.61,0,0,195,4,34
1469.316347059,16.61,0,0,195,4,34
1469.393753028,16.63,0,0,187,4,34
1469.472122043,16.63,0,0,187,4,34
1469.548774664,16.63,0,0,187,4,34
1469.625847422,16.63,0,0,187,4,34
1469.704754307,16.63,0,0,187,4,34
1469.782761556,16.63,0,0,187,4,34
1469.862964288,16.63,0,0,187,4,34
1469.940388732,16.63,0,0,187,4,34
1470.018243062,16.63,0,0,187,4,34
1470.095426249,16.63,0,0,187,4,34
1470.172509486,16.63,0,0,187,4,34
1470.251297856,16.63,0,0,187,4,34
1470.329021047,16.63,0,0,187,4,34
1470.406930481,16.56,0,0,195,4,34
1470.484387156,16.56,0,0,195,4,34
1470.561798636,16.56,0,0,195,4,34
1470.638907863,16.56,0,0,195,4,34
1470.716561261,16.56,0,0,195,4,34
1470.794386816,16.56,0,0,195,4,34
1470.871995500,16.56,0,0,195,4,34
1470.951356887,16.56,0,0,195,4,34
1471.028712270,16.56,0,0,195,4,34
1471.106314622,16.56,0,0,195,4,34
1471.184447519,16.56,0,0,195,4,34
1471.262821824,16.56,0,0,195,4,34
1471.340514457,16.56,0,0,195,4,34
1471.418469508,16.46,0,0,195,4,34
1471.495774145,16.46,0,0,195,4,34
1471.573026112,16.46,0,0,195,4,34
1471.650274463,16.46,0,0,195,4,34
1471.727433964,16.46,0,0,195,4,34
1471.804681263,16.46,0,0,195,4,34
1471.882527587,16.46,0,0,195,4,34
1471.960162691,16.46,0,0,195,4,34
1472.037516541,16.46,0,0,195,4,34
1472.116279053,16.46,0,0,195,4,34
1472.193901763,16.46,0,0,195,4,34
1472.271526316,16.46,0,0,195,4,34
1472.348447667,16.46,0,0,195,4,34
1472.426392938,16.80,0,0,195,4,34
1472.503822883,16.80,0,0,195,4,34
1472.581261945,16.80,0,0,195,4,34
1472.658657445,16.80,0,0,195,4,34
1472.736085175,16.80,0,0,195,4,34
1472.814341206,16.80,0,0,195,4,34
1472.892169546,16.80,0,0,195,4,34
1472.969969182,16.80,0,0,195,4,34
1473.047157579,16.80,0,0,195,4,34
1473.124807230,16.80,0,0,195,4,34
1473.203048002,16.80,0,0,195,4,34
1473.280691312,16.80,0,0,195,4,34
1473.357998744,16.80,0,0,195,4,34
1473.434927929,16.72,0,0,195,4,34
1473.512116987,16.72,0,0,195,4,34
1473.589009112,16.72,0,0,195,4,34
1473.665918320,16.72,0,0,195,4,34
1473.743725680,16.72,0,0,195,4,34
1473.821350635,16.72,0,0,195,4,34
1473.898548910,16.72,0,0,195,4,34
1473.975072396,16.72,0,0,195,4,34
1474.051741658,16.72,0,0,195,4,34
1474.128800109,16.72,0,0,195,4,34
1474.205317113,16.72,0,0,195,4,34
1474.281902045,16.72,0,0,195,4,34
1474.359167689,16.72,0,0,195,4,34
1474.438366627,16.77,0,0,195,4,34
1474.514881307,16.77,0,0,195,4,34
1474.592349975,16.77,0,0,195,4,34
1474.669199539,16.77,0,0,195,4,34
1474.746833120,16.77,0,0,195,4,34
1474.824316036,16.77,0,0,195,4,34
1474.901694763,16.77,0,0,195,4,34
1474.978796355,16.77,0,0,195,4,34
1475.056475172,16.77,0,0,195,4,34
1475.133711129,16.77,0,0,195,4,34
1475.212450416,16.77,0,0,195,4,34
1475.290285539,16.77,0,0,195,4,34
1475.368405452,17.16,0,0,195,4,34
1475.445703086,17.16,0,0,195,4,34
1475.523073698,17.16,0,0,195,4,34
1475.605997410,17.16,0,0,195,4,34
1475.689162860,17.16,0,0,195,4,34
1475.766489148,17.16,0,0,195,4,34
1475.843296001,17.16,0,0,195,4,34
1475.921203992,17.16,0,0,195,4,34
1475.999315980,17.16,0,0,195,4,34
1476.076661004,17.16,0,0,195,4,34
1476.154338468,17.16,0,0,195,4,34
1476.231697438,17.16,0,0,195,4,34
1476.309077419,17.16,0,0,195,4,34
1476.386185854,17.50,0,0,195,4,34
1476.463304678,17.50,0,0,195,4,34
1476.540259382,17.50,0,0,195,4,34
1476.617289870,17.50,0,0,195,4,34
1476.694429093,17.50,0,0,195,4,34
1476.771875509,17.50,0,0,195,4,34
1476.849926692,17.50,0,0,195,4,34
1476.927367998,17.50,0,0,195,4,34
1477.004263309,17.50,0,0,195,4,34
1477.081140887,17.50,0,0,195,4,34
1477.160345126,17.50,0,0,195,4,34
1477.237946125,17.50,0,0,195,4,34
1477.315440321,17.50,0,0,195,4,34
1477.392637946,16.79,0,0,195,4,34
1477.469705894,16.79,0,0,195,4,34
1477.546839427,16.79,0,0,195,4,34
1477.624445696,16.79,0,0,195,4,34
1477.701906820,16.79,0,0,195,4,34
1477.779526324,16.79,0,0,195,4,34
1477.856136885,16.79,0,0,195,4,34
1477.933376559,16.79,0,0,195,4,34
1478.010911743,16.79,0,0,195,4,34
1478.088539924,16.79,0,0,195,4,34
1478.166333588,16.79,0,0,195,4,34
1478.243489614,16.79,0,0,195,4,34
1478.320889912,16.79,0,0,195,4,34
1478.398585731,16.76,0,0,195,4,34
1478.476434530,16.76,0,0,195,4,34
1478.553617878,16.76,0,0,195,4,34
1478.630701335,16.76,0,0,195,4,34
1478.708319196,16.76,0,0,195,4,34
1478.785882794,16.76,0,0,195,4,34
1478.864461537,16.76,0,0,195,4,34
1478.942318992,16.76,0,0,195,4,34
1479.019422498,16.76,0,0,195,4,34
1479.096865618,16.76,0,0,195,4,34
1479.173940610,16.76,0,0,195,4,34
1479.250814169,16.76,0,0,195,4,34
1479.327769344,16.76,0,0,195,4,34
1479.405072799,16.64,0,0,195,4,34
1479.481862289,16.64,0,0,195,4,34
1479.558535790,16.64,0,0,195,4,34
1479.635354917,16.64,0,0,195,4,34
1479.712583610,16.64,0,0,195,4,34
1479.789265616,16.64,0,0,195,4,34
1479.867519994,16.64,0,0,195,4,34
1479.944086221,16.64,0,0,195,4,34
1480.020779299,16.64,0,0,195,4,34
1480.097575462,16.64,0,0,195,4,34
1480.175723739,16.64,0,0,195,4,34
1480.252627957,16.64,0,0,195,4,34
1480.329395626,16.64,0,0,195,4,34
1480.405897000,16.55,0,0,195,4,34
1480.483179014,16.55,0,0,195,4,34
1480.560110805,16.55,0,0,195,4,34
1480.637371929,16.55,0,0,195,4,34
1480.715083277,16.55,0,0,195,4,34
1480.792937607,16.55,0,0,195,4,34
1480.869373226,16.55,0,0,195,4,34
1480.946817198,16.55,0,0,195,4,34
1481.023978112,16.55,0,0,195,4,34
1481.101483490,16.55,0,0,195,4,34
1481.179267196,16.55,0,0,195,4,34
1481.256154532,16.55,0,0,195,4,34
1481.333939940,16.55,0,0,195,4,34
1481.411301977,16.70,0,0,195,4,34
1481.488590704,16.70,0,0,195,4,34
1481.566229454,16.70,0,0,195,4,34
1481.643403634,16.70,0,0,195,4,34
1481.720917117,16.70,0,0,195,4,34
1481.797964206,16.70,0,0,195,4,34
1481.875731961,16.70,0,0,195,4,34
1481.953533240,16.70,0,0,195,4,34
1482.030748828,16.70,0,0,195,4,34
1482.108597206,16.70,0,0,195,4,34
1482.185970925,16.70,0,0,195,4,34
1482.263575441,16.70,0,0,195,4,34
1482.342229236,16.70,0,0,195,4,34
1482.419943340,16.46,0,0,195,4,34
1482.497275128,16.46,0,0,195,4,34
1482.574562363,16.46,0,0,195,4,34
1482.651820021,16.46,0,0,195,4,34
1482.729573058,16.46,0,0,195,4,34
1482.807068547,16.46,0,0,195,4,34
1482.884730201,16.46,0,0,195,4,34
1482.962388469,16.46,0,0,195,4,34
1483.041673281,16.46,0,0,195,4,34
1483.119411260,16.46,0,0,195,4,34
1483.197270880,16.46,0,0,195,4,34
1483.274381449,16.46,0,0,195,4,34
1483.351941370,16.46,0,0,195,4,34
1483.429892904,16.56,0,0,195,4,34
1483.506996831,16.56,0,0,195,4,34
1483.584288293,16.56,0,0,195,4,34
1483.661884483,16.56,0,0,195,4,34
1483.739057330,16.56,0,0,195,4,34
1483.816884478,16.56,0,0,195,4,34
1483.895426251,16.56,0,0,195,4,34
1483.972536400,16.56,0,0,195,4,34
1484.049940425,16.56,0,0,195,4,34
1484.127406068,16.56,0,0,195,4,34
1484.205001407,16.56,0,0,195,4,34
1484.283706278,16.56,0,0,195,4,34
1484.360790177,16.56,0,0,195,4,34
1484.438365758,16.66,0,0,195,4,34
1484.515908697,16.66,0,0,195,4,34
1484.593261927,16.66,0,0,195,4,34
1484.670196071,16.66,0,0,195,4,34
1484.747200700,16.66,0,0,195,4,34
1484.824481983,16.66,0,0,195,4,34
1484.901595658,16.66,0,0,195,4,34
1484.978874586,16.66,0,0,195,4,34
1485.056212016,16.66,0,0,195,4,34
1485.133623686,16.66,0,0,195,4,34
1485.210623135,16.66,0,0,195,4,34
1485.287461738,16.66,0,0,195,4,34
1485.365970809,16.66,0,0,195,4,34
1485.443537653,16.62,0,0,195,4,34
1485.520890452,16.62,0,0,195,4,34
1485.598991059,16.62,0,0,195,4,34
1485.676328668,16.62,0,0,195,4,34
1485.752351395,16.62,0,0,195,4,34
1485.828781865,16.62,0,0,195,4,34
1485.904835500,16.62,0,0,195,4,34
1485.981406536,16.62,0,0,195,4,34
1486.058288111,16.62,0,0,195,4,34
1486.135271209,16.62,0,0,195,4,34
1486.213627290,16.62,0,0,195,4,34
1486.292367470,16.62,0,0,195,4,34
1486.369917522,16.40,0,0,195,4,34
1486.447954177,16.40,0,0,195,4,34
1486.525983940,16.40,0,0,195,4,34
1486.602690663,16.40,0,0,195,4,34
1486.680768547,16.40,0,0,195,4,34
1486.758305414,16.40,0,0,195,4,34
1486.835867219,16.40,0,0,195,4,34
1486.913390040,16.40,0,0,195,4,34
1486.990941886,16.40,0,0,195,4,34
1487.068198582,16.40,0,0,195,4,34
1487.146012024,16.40,0,0,195,4,34
1487.223312293,16.40,0,0,195,4,34
1487.300822731,16.40,0,0,195,4,34
1487.378266582,16.49,0,0,195,4,34
1487.455681639,16.49,0,0,195,4,34
1487.533600641,16.49,0,0,195,4,34
1487.611130585,16.49,0,0,195,4,34
1487.688066663,16.49,0,0,195,4,34
1487.765495957,16.49,0,0,195,4,34
1487.842856350,16.49,0,0,195,4,34
1487.920239306,16.49,0,0,195,4,34
1487.998875247,16.49,0,0,195,4,34
1488.076766006,16.49,0,0,195,4,34
1488.154714805,16.49,0,0,195,4,34
1488.232363815,16.49,0,0,195,4,34
1488.310062659,16.49,0,0,195,4,34
1488.387616559,16.49,0,0,195,4,34
1488.465328279,16.49,0,0,195,4,34
1488.543166979,16.49,0,0,195,4,34
1488.620915287,16.49,0,0,195,4,34
1488.697930415,16.49,0,0,195,4,34
1488.775660529,16.49,0,0,195,4,34
1488.852989543,16.49,0,0,195,4,34
1488.930659172,16.49,0,0,195,4,34
1489.007630618,16.49,0,0,195,4,34
1489.084808593,16.49,0,0,195,4,34
1489.162262636,16.49,0,0,195,4,34
1489.240480926,16.49,0,0,195,4,34
1489.319786272,16.49,0,0,195,4,34
1489.397285862,16.63,0,0,195,4,34
1489.474961374,16.63,0,0,195,4,34
1489.552318224,16.63,0,0,195,4,34
1489.629512906,16.63,0,0,195,4,34
1489.707290913,16.63,0,0,195,4,34
1489.785107642,16.63,0,0,195,4,34
1489.862289280,16.63,0,0,195,4,34
1489.940024045,16.63,0,0,195,4,34
1490.016959437,16.63,0,0,195,4,34
1490.093971254,16.63,0,0,195,4,34
1490.171353011,16.63,0,0,195,4,34
1490.248913346,16.63,0,0,195,4,34
1490.325684158,16.63,0,0,195,4,34
1490.403114787,16.77,0,0,195,4,34
1490.480306645,16.77,0,0,195,4,34
1490.558200501,16.77,0,0,195,4,34
1490.635271640,16.77,0,0,195,4,34
1490.712225678,16.77,0,0,195,4,34
1490.789610301,16.77,0,0,195,4,34
1490.868736509,16.77,0,0,195,4,34
1490.946417692,16.77,0,0,195,4,34
1491.023298351,16.77,0,0,195,4,34
1491.100938949,16.77,0,0,195,4,34
1491.177996483,16.77,0,0,195,4,34
1491.255293360,16.77,0,0,195,4,34
1491.332172567,16.77,0,0,195,4,34
1491.410323350,16.31,0,0,195,4,34
1491.487452279,16.31,0,0,195,4,34
1491.564267665,16.31,0,0,195,4,34
1491.640840712,16.31,0,0,195,4,34
1491.717982506,16.31,0,0,195,4,34
1491.796141725,16.31,0,0,195,4,34
1491.873117224,16.31,0,0,195,4,34
1491.949914976,16.31,0,0,195,4,34
1492.027029939,16.31,0,0,195,4,34
1492.103818505,16.31,0,0,195,4,34
1492.180883774,16.31,0,0,195,4,34
1492.257324722,16.31,0,0,195,4,34
1492.333970448,16.31,0,0,195,4,34
1492.411440293,16.40,0,0,195,4,34
1492.488595011,16.40,0,0,195,4,34
1492.566682815,16.40,0,0,195,4,34
1492.643893610,16.40,0,0,195,4,34
1492.720528165,16.40,0,0,195,4,34
1492.798721127,16.40,0,0,195,4,34
1492.876229476,16.40,0,0,195,4,34
1492.953436172,16.40,0,0,195,4,34
1493.031381657,16.40,0,0,195,4,34
1493.108304398,16.40,0,0,195,4,34
1493.185011169,16.40,0,0,195,4,34
1493.262772136,16.40,0,0,195,4,34
1493.340093109,16.40,0,0,195,4,34
1493.417557675,16.37,0,0,195,4,34
1493.494762759,16.37,0,0,195,4,34
1493.571779096,16.37,0,0,195,4,34
1493.649391301,16.37,0,0,195,4,34
1493.727001893,16.37,0,0,195,4,34
1493.804237205,16.37,0,0,195,4,34
1493.881550855,16.37,0,0,195,4,34
1493.959810134,16.37,0,0,195,4,34
1494.037183166,16.37,0,0,195,4,34
1494.114315242,16.37,0,0,195,4,34
1494.192035733,16.37,0,0,195,4,34
1494.269930563,16.37,0,0,195,4,34
1494.346761220,16.37,0,0,195,4,34
1494.424107281,16.53,0,0,195,4,34
1494.501061782,16.53,0,0,195,4,34
1494.578235147,16.53,0,0,195,4,34
1494.655164811,16.53,0,0,195,4,34
1494.732636581,16.53,0,0,195,4,34
1494.810401004,16.53,0,0,195,4,34
1494.887857214,16.53,0,0,195,4,34
1494.965225508,16.53,0,0,195,4,34
1495.042051035,16.53,0,0,195,4,34
1495.119333768,16.53,0,0,195,4,34
1495.196706540,16.53,0,0,195,4,34
1495.274424196,16.53,0,0,195,4,34
1495.351688143,16.53,0,0,195,4,34
1495.429015440,16.52,0,0,195,4,34
1495.506317869,16.52,0,0,195,4,34
1495.583808966,16.52,0,0,195,4,34
1495.661053386,16.52,0,0,195,4,34
1495.738303296,16.52,0,0,195,4,34
1495.815212983,16.52,0,0,195,4,34
1495.893056136,16.52,0,0,195,4,34
1495.970082012,16.52,0,0,195,4,34
1496.048012811,16.52,0,0,195,4,34
1496.125464093,16.52,0,0,195,4,34
1496.203731860,16.52,0,0,195,4,34
1496.281505593,16.52,0,0,195,4,34
1496.359837781,16.52,0,0,195,4,34
1496.438280759,16.63,0,0,195,4,34
1496.515865624,16.63,0,0,195,4,34
1496.593056503,16.63,0,0,195,4,34
1496.671204303,16.63,0,0,195,4,34
1496.748989647,16.63,0,0,195,4,34
1496.826862396,16.63,0,0,195,4,34
1496.904246050,16.63,0,0,195,4,34
1496.981381024,16.63,0,0,195,4,34
1497.059118277,16.63,0,0,195,4,34
1497.136063001,16.63,0,0,195,4,34
1497.213245474,16.63,0,0,195,4,34
1497.289794980,16.63,0,0,195,4,34
1497.368157587,16.63,0,0,195,4,34
1497.446053651,16.66,0,0,195,4,34
1497.522836589,16.66,0,0,195,4,34
1497.599248846,16.66,0,0,195,4,34
1497.675640253,16.66,0,0,195,4,34
1497.751695213,16.66,0,0,195,4,34
1497.827420800,16.66,0,0,195,4,34
1497.904414477,16.66,0,0,195,4,34
1497.981356165,16.66,0,0,195,4,34
1498.058050615,16.66,0,0,195,4,34
1498.134700492,16.66,0,0,195,4,34
1498.211559975,16.66,0,0,195,4,34
1498.289485185,16.66,0,0,195,4,34
1498.366997864,16.66,0,0,195,4,34
1498.444617616,16.68,0,0,195,4,34
1498.521879060,16.68,0,0,195,4,34
1498.599034833,16.68,0,0,195,4,34
1498.676275328,16.68,0,0,195,4,34
1498.753394322,16.68,0,0,195,4,34
1498.830672437,16.68,0,0,195,4,34
1498.908027438,16.68,0,0,195,4,34
1498.985412686,16.68,0,0,195,4,34
1499.063736260,16.68,0,0,195,4,34
1499.141363837,16.68,0,0,195,4,34
1499.218678932,16.68,0,0,195,4,34
1499.294896782,16.68,0,0,195,4,34
1499.374307183,16.66,0,0,195,4,34
1499.451842415,16.66,0,0,195,4,34
1499.528455112,16.66,0,0,195,4,34
1499.604841070,16.66,0,0,195,4,34
1499.681598069,16.66,0,0,195,4,34
1499.757869270,16.66,0,0,195,4,34
1499.834212066,16.66,0,0,195,4,34
1499.912026477,16.66,0,0,195,4,34
1499.989056102,16.66,0,0,195,4,34
1500.066155160,16.66,0,0,195,4,34
1500.143412076,16.66,0,0,195,4,34
1500.220244579,16.66,0,0,195,4,34
1500.297098583,16.66,0,0,195,4,34
1500.375406518,16.63,0,0,195,4,34
1500.452299836,16.63,0,0,195,4,34
1500.529560029,16.63,0,0,195,4,34
1500.607073360,16.63,0,0,195,4,34
1500.684357798,16.63,0,0,195,4,34
1500.761487674,16.63,0,0,195,4,34
1500.838849920,16.63,0,0,195,4,34
1500.916264294,16.63,0,0,195,4,34
1500.993406373,16.63,0,0,195,4,34
1501.070256450,16.63,0,0,195,4,34
1501.147788106,16.63,0,0,195,4,34
1501.225310596,16.63,0,0,195,4,34
1501.302652614,16.63,0,0,195,4,34
1501.380753277,16.40,0,0,195,4,34
1501.458000355,16.40,0,0,195,4,34
1501.535144428,16.40,0,0,195,4,34
1501.612525450,16.40,0,0,195,4,34
1501.689454576,16.40,0,0,195,4,34
1501.766380186,16.40,0,0,195,4,34
1501.843736141,16.40,0,0,195,4,34
1501.921302864,16.40,0,0,195,4,34
1501.999015402,16.40,0,0,195,4,34
1502.075878244,16.40,0,0,195,4,34
1502.153650707,16.40,0,0,195,4,34
1502.230929896,16.40,0,0,195,4,34
1502.308119646,16.40,0,0,195,4,34
1502.385524493,16.48,0,0,195,4,34
1502.462854249,16.48,0,0,195,4,34
1502.540087291,16.48,0,0,195,4,34
1502.617471369,16.48,0,0,195,4,34
1502.694723517,16.48,0,0,195,4,34
1502.772159343,16.48,0,0,195,4,34
1502.849853137,16.48,0,0,195,4,34
1502.926951214,16.48,0,0,195,4,34
1503.004419210,16.48,0,0,195,4,34
1503.081296870,16.48,0,0,195,4,34
1503.158514193,16.48,0,0,195,4,34
1503.235577174,16.48,0,0,195,4,34
1503.312636398,16.48,0,0,195,4,34
1503.390206829,16.50,0,0,195,4,34
1503.466963029,16.50,0,0,195,4,34
1503.542909978,16.50,0,0,195,4,34
1503.620301952,16.50,0,0,195,4,34
1503.696501409,16.50,0,0,195,4,34
1503.772700845,16.50,0,0,195,4,34
1503.849825383,16.50,0,0,195,4,34
1503.926637299,16.50,0,0,195,4,34
1504.003014913,16.50,0,0,195,4,34
1504.079695510,16.50,0,0,195,4,34
1504.156268164,16.50,0,0,195,4,34
1504.233091221,16.50,0,0,195,4,34
1504.310535654,16.50,0,0,195,4,34
1504.388126124,16.44,0,0,195,4,34
1504.468138216,16.44,0,0,195,4,34
1504.545688579,16.44,0,0,195,4,34
1504.623024417,16.44,0,0,195,4,34
1504.700551607,16.44,0,0,195,4,34
1504.777416864,16.44,0,0,195,4,34
1504.854974030,16.44,0,0,195,4,34
1504.931878882,16.44,0,0,195,4,34
1505.009103019,16.44,0,0,195,4,34
1505.086780764,16.44,0,0,195,4,34
1505.164043223,16.44,0,0,195,4,34
1505.241688467,16.44,0,0,195,4,34
1505.318708718,16.44,0,0,195,4,34
1505.396285062,16.72,0,0,195,4,34
1505.473113510,16.72,0,0,195,4,34
1505.550741180,16.72,0,0,195,4,34
1505.627877631,16.72,0,0,195,4,34
1505.705101437,16.72,0,0,195,4,34
1505.782426225,16.72,0,0,195,4,34
1505.859436276,16.72,0,0,195,4,34
1505.937957267,16.72,0,0,195,4,34
1506.014797187,16.72,0,0,195,4,34
1506.091769127,16.72,0,0,195,4,34
1506.169029333,16.72,0,0,195,4,34
1506.246278107,16.72,0,0,195,4,34
1506.323247602,16.72,0,0,195,4,34
1506.401754797,16.60,0,0,195,4,34
1506.479510701,16.60,0,0,195,4,34
1506.557650822,16.60,0,0,195,4,34
1506.635275377,16.60,0,0,195,4,34
1506.712474056,16.60,0,0,195,4,34
1506.789591822,16.60,0,0,195,4,34
1506.867259248,16.60,0,0,195,4,34
1506.944216150,16.60,0,0,195,4,34
1507.021136342,16.60,0,0,195,4,34
1507.098016188,16.60,0,0,195,4,34
1507.175332210,16.60,0,0,195,4,34
1507.252383000,16.60,0,0,195,4,34
1507.329260301,16.60,0,0,195,4,34
1507.406845362,16.37,0,0,195,4,34
1507.484150183,16.37,0,0,195,4,34
1507.561237743,16.37,0,0,195,4,34
1507.638961306,16.37,0,0,195,4,34
1507.716076768,16.37,0,0,195,4,34
1507.793004435,16.37,0,0,195,4,34
1507.870288075,16.37,0,0,195,4,34
1507.950141999,16.37,0,0,195,4,34
1508.028122528,16.37,0,0,195,4,34
1508.105430776,16.37,0,0,195,4,34
1508.182943360,16.37,0,0,195,4,34
1508.260349643,16.37,0,0,195,4,34
1508.337854894,16.37,0,0,195,4,34
1508.415178310,16.37,0,0,195,4,34
1508.492468914,16.37,0,0,195,4,34
1508.569792040,16.37,0,0,195,4,34
1508.647024925,16.37,0,0,195,4,34
1508.723806596,16.37,0,0,195,4,34
1508.800967625,16.37,0,0,195,4,34
1508.878284038,16.37,0,0,195,4,34
1508.955342563,16.37,0,0,195,4,34
1509.032123433,16.37,0,0,195,4,34
1509.109904295,16.37,0,0,195,4,34
1509.187524213,16.37,0,0,195,4,34
1509.264216686,16.37,0,0,195,4,34
1509.341607861,16.37,0,0,195,4,34
1509.418618366,16.39,0,0,195,4,34
1509.497535649,16.39,0,0,195,4,34
1509.574718509,16.39,0,0,195,4,34
1509.650869999,16.39,0,0,195,4,34
1509.727752822,16.39,0,0,195,4,34
1509.804751113,16.39,0,0,195,4,34
1509.882025136,16.39,0,0,195,4,34
1509.958316580,16.39,0,0,195,4,34
1510.036531965,16.39,0,0,195,4,34
1510.113560835,16.39,0,0,195,4,34
1510.191298276,16.39,0,0,195,4,34
1510.268383432,16.39,0,0,195,4,34
1510.347014965,16.39,0,0,195,4,34
1510.424612942,16.42,0,0,195,4,34
1510.501870785,16.42,0,0,195,4,34
1510.579104963,16.42,0,0,195,4,34
1510.656041679,16.42,0,0,195,4,34
1510.733716872,16.42,0,0,195,4,34
1510.811370384,16.42,0,0,195,4,34
1510.888761469,16.42,0,0,195,4,34
1510.966317046,16.42,0,0,195,4,34
1511.044153023,16.42,0,0,195,4,34
1511.121928366,16.42,0,0,195,4,34
1511.199402580,16.42,0,0,195,4,34
1511.276321873,16.42,0,0,195,4,34
1511.353484306,16.42,0,0,195,4,34
1511.431297531,16.50,0,0,195,4,34
1511.508570002,16.50,0,0,195,4,34
1511.585921353,16.50,0,0,195,4,34
1511.663088244,16.50,0,0,195,4,34
1511.740623563,16.50,0,0,195,4,34
1511.818307032,16.50,0,0,195,4,34
1511.895885162,16.50,0,0,195,4,34
1511.973685943,16.50,0,0,195,4,34
1512.051268071,16.50,0,0,195,4,34
1512.128694324,16.50,0,0,195,4,34
1512.206420083,16.50,0,0,195,4,34
1512.283378631,16.50,0,0,195,4,34
1512.360475270,16.50,0,0,195,4,34
1512.438147870,16.55,0,0,195,4,34
1512.515372701,16.55,0,0,195,4,34
1512.593301345,16.55,0,0,195,4,34
1512.670877151,16.55,0,0,195,4,34
1512.747745147,16.55,0,0,195,4,34
1512.824950883,16.55,0,0,195,4,34
1512.902742147,16.55,0,0,195,4,34
1512.979958733,16.55,0,0,195,4,34
1513.056859101,16.55,0,0,195,4,34
1513.134278812,16.55,0,0,195,4,34
1513.211273188,16.55,0,0,195,4,34
1513.288689463,16.55,0,0,195,4,34
1513.366778480,16.55,0,0,195,4,34
1513.444320242,16.63,0,0,195,4,34
1513.523005949,16.63,0,0,195,4,34
1513.600451379,16.63,0,0,195,4,34
1513.677968425,16.63,0,0,195,4,34
1513.755831505,16.63,0,0,195,4,34
1513.833294107,16.63,0,0,195,4,34
1513.910774092,16.63,0,0,195,4,34
1513.987894697,16.63,0,0,195,4,34
1514.065656606,16.63,0,0,195,4,34
1514.142735643,16.63,0,0,195,4,34
1514.220197985,16.63,0,0,195,4,34
1514.297374727,16.63,0,0,195,4,34
1514.376442658,16.63,0,0,195,4,34
1514.453953241,16.58,0,0,195,4,34
1514.531770675,16.58,0,0,195,4,34
1514.609069278,16.58,0,0,195,4,34
1514.686209801,16.58,0,0,195,4,34
1514.763281594,16.58,0,0,195,4,34
1514.840038672,16.58,0,0,195,4,34
1514.917695783,16.58,0,0,195,4,34
1514.994870531,16.58,0,0,195,4,34
1515.072454353,16.58,0,0,195,4,34
1515.149910224,16.58,0,0,195,4,34
1515.226607809,16.58,0,0,195,4,34
1515.303443286,16.58,0,0,195,4,34
1515.380619627,16.57,0,0,195,4,34
1515.457709626,16.57,0,0,195,4,34
1515.534724432,16.57,0,0,195,4,34
1515.611716064,16.57,0,0,195,4,34
1515.688954012,16.57,0,0,195,4,34
1515.765598176,16.57,0,0,195,4,34
1515.842191324,16.57,0,0,195,4,34
1515.919460441,16.57,0,0,195,4,34
1515.996285047,16.57,0,0,195,4,34
1516.074247527,16.57,0,0,195,4,34
1516.151485446,16.57,0,0,195,4,34
1516.229295106,16.57,0,0,195,4,34
1516.306454506,16.57,0,0,195,4,34
1516.384823676,16.50,0,0,195,4,34
1516.462650789,16.50,0,0,195,4,34
1516.539928182,16.50,0,0,195,4,34
1516.617211597,16.50,0,0,195,4,34
1516.694962466,16.50,0,0,195,4,34
1516.772270818,16.50,0,0,195,4,34
1516.849808865,16.50,0,0,195,4,34
1516.927347823,16.50,0,0,195,4,34
1517.004581504,16.50,0,0,195,4,34
1517.081362117,16.50,0,0,195,4,34
1517.158157729,16.50,0,0,195,4,34
1517.234650689,16.50,0,0,195,4,34
1517.311678791,16.50,0,0,195,4,34
1517.389042248,16.53,0,0,195,4,34
1517.466675996,16.53,0,0,195,4,34
1517.544141015,16.53,0,0,195,4,34
1517.621248677,16.53,0,0,195,4,34
1517.698729055,16.53,0,0,195,4,34
1517.776096960,16.53,0,0,195,4,34
1517.852842418,16.53,0,0,195,4,34
1517.930439116,16.53,0,0,195,4,34
1518.007319588,16.53,0,0,195,4,34
1518.084850202,16.53,0,0,195,4,34
1518.162324398,16.53,0,0,195,4,34
1518.239338855,16.53,0,0,195,4,34
1518.316561095,16.53,0,0,195,4,34
1518.394238627,16.65,0,0,195,4,34
1518.471196567,16.65,0,0,195,4,34
1518.548397807,16.65,0,0,195,4,34
1518.626143447,16.65,0,0,195,4,34
1518.703372189,16.65,0,0,195,4,34
1518.780800780,16.65,0,0,195,4,34
1518.858332886,16.65,0,0,195,4,34
1518.936706014,16.65,0,0,195,4,34
1519.014300188,16.65,0,0,195,4,34
1519.091346936,16.65,0,0,195,4,34
1519.168994421,16.65,0,0,195,4,34
1519.246106082,16.65,0,0,195,4,34
1519.323803211,16.65,0,0,195,4,34
1519.400973423,16.77,0,0,195,4,34
1519.478461918,16.77,0,0,195,4,34
1519.555793555,16.77,0,0,195,4,34
1519.633379434,16.77,0,0,195,4,34
1519.710109012,16.77,0,0,195,4,34
1519.787381237,16.77,0,0,195,4,34
1519.864737201,16.77,0,0,195,4,34
1519.942231887,16.77,0,0,195,4,34
1520.019725771,16.77,0,0,195,4,34
1520.096684954,16.77,0,0,195,4,34
1520.174439132,16.77,0,0,195,4,34
1520.251921425,16.77,0,0,195,4,34
1520.329412354,16.77,0,0,195,4,34
1520.407157264,16.78,0,0,195,4,34
1520.484570257,16.78,0,0,195,4,34
1520.561851840,16.78,0,0,195,4,34
1520.638313381,16.78,0,0,195,4,34
1520.715882368,16.78,0,0,195,4,34
1520.792856760,16.78,0,0,195,4,34
1520.870124948,16.78,0,0,195,4,34
1520.947352018,16.78,0,0,195,4,34
1521.024851103,16.78,0,0,195,4,34
1521.101988384,16.78,0,0,195,4,34
1521.179014835,16.78,0,0,195,4,34
1521.256330814,16.78,0,0,195,4,34
1521.333128792,16.78,0,0,195,4,34
1521.410311109,16.56,0,0,195,4,34
1521.486102482,16.56,0,0,195,4,34
1521.562753142,16.56,0,0,195,4,34
1521.639744317,16.56,0,0,195,4,34
1521.716245333,16.56,0,0,195,4,34
1521.792508490,16.56,0,0,195,4,34
1521.869721604,16.56,0,0,195,4,34
1521.946363638,16.56,0,0,195,4,34
1522.023409235,16.56,0,0,195,4,34
1522.101256269,16.56,0,0,195,4,34
1522.178407797,16.56,0,0,195,4,34
1522.256227520,16.56,0,0,195,4,34
1522.333374048,16.56,0,0,195,4,34
1522.410519175,16.67,0,0,195,4,34
1522.488308961,16.67,0,0,195,4,34
1522.565300195,16.67,0,0,195,4,34
1522.642505926,16.67,0,0,195,4,34
1522.719778714,16.67,0,0,195,4,34
1522.797232825,16.67,0,0,195,4,34
1522.874878718,16.67,0,0,195,4,34
1522.952995653,16.67,0,0,195,4,34
1523.030444014,16.67,0,0,195,4,34
1523.107927470,16.67,0,0,195,4,34
1523.184974602,16.67,0,0,195,4,34
1523.262160906,16.67,0,0,195,4,34
1523.339518124,16.67,0,0,195,4,34
1523.417222109,16.52,0,0,195,4,34
1523.494936582,16.52,0,0,195,4,34
1523.572679811,16.52,0,0,195,4,34
1523.649949143,16.52,0,0,195,4,34
1523.727294849,16.52,0,0,195,4,34
1523.804547479,16.52,0,0,195,4,34
1523.882916491,16.52,0,0,195,4,34
1523.960274962,16.52,0,0,195,4,34
1524.037797733,16.52,0,0,195,4,34
1524.115385458,16.52,0,0,195,4,34
1524.195353617,16.52,0,0,195,4,34
1524.273631468,16.52,0,0,195,4,34
1524.351252435,16.52,0,0,195,4,34
1524.428409364,16.47,0,0,195,4,34
1524.505889525,16.47,0,0,195,4,34
1524.583232848,16.47,0,0,195,4,34
1524.660387763,16.47,0,0,195,4,34
1524.737332531,16.47,0,0,195,4,34
1524.814556327,16.47,0,0,195,4,34
1524.891519570,16.47,0,0,195,4,34
1524.968677722,16.47,0,0,195,4,34
1525.048053460,16.47,0,0,195,4,34
1525.126318146,16.47,0,0,195,4,34
1525.203990922,16.47,0,0,195,4,34
1525.281800237,16.47,0,0,195,4,34
1525.359196841,16.47,0,0,195,4,34
1525.436706989,16.44,0,0,195,4,34
1525.513803204,16.44,0,0,195,4,34
1525.591238982,16.44,0,0,195,4,34
1525.668873856,16.44,0,0,195,4,34
1525.746706795,16.44,0,0,195,4,34
1525.823806276,16.44,0,0,195,4,34
1525.901291077,16.44,0,0,195,4,34
1525.979309798,16.44,0,0,195,4,34
1526.056847078,16.44,0,0,195,4,34
1526.133972388,16.44,0,0,195,4,34
1526.212061322,16.44,0,0,195,4,34
1526.288975804,16.44,0,0,195,4,34
1526.366109480,16.44,0,0,195,4,34
1526.443295816,16.70,0,0,195,4,34
1526.520761441,16.70,0,0,195,4,34
1526.598065640,16.70,0,0,195,4,34
1526.674468433,16.70,0,0,195,4,34
1526.751044294,16.70,0,0,195,4,34
1526.828794818,16.70,0,0,195,4,34
1526.905579764,16.70,0,0,195,4,34
1526.982299848,16.70,0,0,195,4,34
1527.058899865,16.70,0,0,195,4,34
1527.135804699,16.70,0,0,195,4,34
1527.211534820,16.70,0,0,195,4,34
1527.287667723,16.70,0,0,195,4,34
1527.364404869,16.70,0,0,195,4,34
1527.441390726,16.49,0,0,195,4,34
1527.517810733,16.49,0,0,195,4,34
1527.595116866,16.49,0,0,195,4,34
1527.671530350,16.49,0,0,195,4,34
1527.749017756,16.49,0,0,195,4,34
1527.827313623,16.49,0,0,195,4,34
1527.904440837,16.49,0,0,195,4,34
1527.982855558,16.49,0,0,195,4,34
1528.060279595,16.49,0,0,195,4,34
1528.137984984,16.49,0,0,195,4,34
1528.214856947,16.49,0,0,195,4,34
1528.291800985,16.49,0,0,195,4,34
1528.369286278,16.49,0,0,195,4,34
1528.446249933,16.64,0,0,195,4,34
1528.524367473,16.64,0,0,195,4,34
1528.601911998,16.64,0,0,195,4,34
1528.680708492,16.64,0,0,195,4,34
1528.757869942,16.64,0,0,195,4,34
1528.835072029,16.64,0,0,195,4,34
1528.912748433,16.64,0,0,195,4,34
1528.990414037,16.64,0,0,195,4,34
1529.067209665,16.64,0,0,195,4,34
1529.144673197,16.64,0,0,195,4,34
1529.221918466,16.64,0,0,195,4,34
1529.298962495,16.64,0,0,195,4,34
1529.376414796,16.64,0,0,195,4,34
1529.454279447,16.63,0,0,195,4,34
1529.531950882,16.63,0,0,195,4,34
1529.609117533,16.63,0,0,195,4,34
1529.686550056,16.63,0,0,195,4,34
1529.764142192,16.63,0,0,195,4,34
1529.841586417,16.63,0,0,195,4,34
1529.919055430,16.63,0,0,195,4,34
1529.996291331,16.63,0,0,195,4,34
1530.073248465,16.63,0,0,195,4,34
1530.150413994,16.63,0,0,195,4,34
1530.227975482,16.63,0,0,195,4,34
1530.305124369,16.63,0,0,195,4,34
1530.384109070,16.71,0,0,195,4,34
1530.461256304,16.71,0,0,195,4,34
1530.539000018,16.71,0,0,195,4,34
1530.616136621,16.71,0,0,195,4,34
1530.693284917,16.71,0,0,195,4,34
1530.770149106,16.71,0,0,195,4,34
1530.847346275,16.71,0,0,195,4,34
1530.925310134,16.71,0,0,195,4,34
1531.001855459,16.71,0,0,195,4,34
1531.078907373,16.71,0,0,195,4,34
1531.155717169,16.71,0,0,195,4,34
1531.231962126,16.71,0,0,195,4,34
1531.308316570,16.71,0,0,195,4,34
1531.385838714,16.71,0,0,195,4,34
1531.463266309,16.71,0,0,195,4,34
1531.540176506,16.71,0,0,195,4,34
1531.617110166,16.71,0,0,195,4,34
1531.693864307,16.71,0,0,195,4,34
1531.771428520,16.71,0,0,195,4,34
1531.849024013,16.71,0,0,195,4,34
1531.926515630,16.71,0,0,195,4,34
1532.004019018,16.71,0,0,195,4,34
1532.082124857,16.71,0,0,195,4,34
1532.159265359,16.71,0,0,195,4,34
1532.237648834,16.71,0,0,195,4,34
1532.315057714,16.71,0,0,195,4,34
1532.392511539,16.65,0,0,195,4,34
1532.469388503,16.65,0,0,195,4,34
1532.546224439,16.65,0,0,195,4,34
1532.623571151,16.65,0,0,195,4,34
1532.701194678,16.65,0,0,195,4,34
1532.778482469,16.65,0,0,195,4,34
1532.855337371,16.65,0,0,195,4,34
1532.932798831,16.65,0,0,195,4,34
1533.009153466,16.65,0,0,195,4,34
1533.085061266,16.65,0,0,195,4,34
1533.161990439,16.65,0,0,195,4,34
1533.237614051,16.65,0,0,195,4,34
1533.314027067,16.65,0,0,195,4,34
1533.390654699,16.63,0,0,195,4,34
1533.466612734,16.63,0,0,195,4,34
1533.542497270,16.63,0,0,195,4,34
1533.619437224,16.63,0,0,195,4,34
1533.695865559,16.63,0,0,195,4,34
1533.772263526,16.63,0,0,195,4,34
1533.849335309,16.63,0,0,195,4,34
1533.926420547,16.63,0,0,195,4,34
1534.003574716,16.63,0,0,195,4,34
1534.080858039,16.63,0,0,195,4,34
1534.158284203,16.63,0,0,195,4,34
1534.235407444,16.63,0,0,195,4,34
1534.312711446,16.63,0,0,195,4,34
1534.390972871,16.69,0,0,195,4,34
1534.470766075,16.69,0,0,195,4,34
1534.548792534,16.69,0,0,195,4,34
1534.626014692,16.69,0,0,195,4,34
1534.702953784,16.69,0,0,195,4,34
1534.780113604,16.69,0,0,195,4,34
1534.857078616,16.69,0,0,195,4,34
1534.934523755,16.69,0,0,195,4,34
1535.011946252,16.69,0,0,195,4,34
1535.089023015,16.69,0,0,195,4,34
1535.166330345,16.69,0,0,195,4,34
1535.243529079,16.69,0,0,195,4,34
1535.321436874,16.69,0,0,195,4,34
1535.398920217,16.96,0,0,195,4,34
1535.476168625,16.96,0,0,195,4,34
1535.552947765,16.96,0,0,195,4,34
1535.630090363,16.96,0,0,195,4,34
1535.707341626,16.96,0,0,195,4,34
1535.784789471,16.96,0,0,195,4,34
1535.861794829,16.96,0,0,195,4,34
1535.938924703,16.96,0,0,195,4,34
1536.015967923,16.96,0,0,195,4,34
1536.093377526,16.96,0,0,195,4,34
1536.170950268,16.96,0,0,195,4,34
1536.248261977,16.96,0,0,195,4,34
1536.325179188,16.96,0,0,195,4,34
1536.402463886,16.82,0,0,195,4,34
1536.479869762,16.82,0,0,195,4,34
1536.557535200,16.82,0,0,195,4,34
1536.634948180,16.82,0,0,195,4,34
1536.711977804,16.82,0,0,195,4,34
1536.788833890,16.82,0,0,195,4,34
1536.865537678,16.82,0,0,195,4,34
1536.942824469,16.82,0,0,195,4,34
1537.020052309,16.82,0,0,195,4,34
1537.097353878,16.82,0,0,195,4,34
1537.174542835,16.82,0,0,195,4,34
1537.252070062,16.82,0,0,195,4,34
1537.329365429,16.82,0,0,195,4,34
1537.406618147,16.37,0,0,195,4,34
1537.484425814,16.37,0,0,195,4,34
1537.561756669,16.37,0,0,195,4,34
1537.638961867,16.37,0,0,195,4,34
1537.716003845,16.37,0,0,195,4,34
1537.793624608,16.37,0,0,195,4,34
1537.870415081,16.37,0,0,195,4,34
1537.947470945,16.37,0,0,195,4,34
1538.025422134,16.37,0,0,195,4,34
1538.102077201,16.37,0,0,195,4,34
1538.179425119,16.37,0,0,195,4,34
1538.256230360,16.37,0,0,195,4,34
1538.333575222,16.37,0,0,195,4,34
1538.410749531,16.51,0,0,195,4,34
1538.487471454,16.51,0,0,195,4,34
1538.565081498,16.51,0,0,195,4,34
1538.641916415,16.51,0,0,195,4,34
1538.719054936,16.51,0,0,195,4,34
1538.796459020,16.51,0,0,195,4,34
1538.873118726,16.51,0,0,195,4,34
1538.949193214,16.51,0,0,195,4,34
1539.025474643,16.51,0,0,195,4,34
1539.101854029,16.51,0,0,195,4,34
1539.178376144,16.51,0,0,195,4,34
1539.254287093,16.51,0,0,195,4,34
1539.331082926,16.51,0,0,195,4,34
1539.407353205,16.57,0,0,195,4,34
1539.483092960,16.57,0,0,195,4,34
1539.560022026,16.57,0,0,195,4,34
1539.637347221,16.57,0,0,195,4,34
1539.714214881,16.57,0,0,195,4,34
1539.791208809,16.57,0,0,195,4,34
1539.867919551,16.57,0,0,195,4,34
1539.946142175,16.57,0,0,195,4,34
1540.023062464,16.57,0,0,195,4,34
1540.099958428,16.57,0,0,195,4,34
1540.177343126,16.57,0,0,195,4,34
1540.254955555,16.57,0,0,195,4,34
1540.332290400,16.57,0,0,195,4,34
1540.409508753,16.63,0,0,195,4,34
1540.486737176,16.63,0,0,195,4,34
1540.563849118,16.63,0,0,195,4,34
1540.640995546,16.63,0,0,195,4,34
1540.718519788,16.63,0,0,195,4,34
1540.795351129,16.63,0,0,195,4,34
1540.873076342,16.63,0,0,195,4,34
1540.950193033,16.63,0,0,195,4,34
1541.027905712,16.63,0,0,195,4,34
1541.105043113,16.63,0,0,195,4,34
1541.182911487,16.63,0,0,195,4,34
1541.260262643,16.63,0,0,195,4,34
1541.337686626,16.63,0,0,195,4,34
1541.415389046,16.55,0,0,195,4,34
1541.493095955,16.55,0,0,195,4,34
1541.570580703,16.55,0,0,195,4,34
1541.648035715,16.55,0,0,195,4,34
1541.725291269,16.55,0,0,195,4,34
1541.802796116,16.55,0,0,195,4,34
1541.879451615,16.55,0,0,195,4,34
1541.957792914,16.55,0,0,195,4,34
1542.035258997,16.55,0,0,195,4,34
1542.112359749,16.55,0,0,195,4,34
1542.189503402,16.55,0,0,195,4,34
1542.266433331,16.55,0,0,195,4,34
1542.343265324,16.55,0,0,195,4,34
1542.420702473,16.52,0,0,195,4,34
1542.498017410,16.52,0,0,195,4,34
1542.575000650,16.52,0,0,195,4,34
1542.652135296,16.52,0,0,195,4,34
1542.729788644,16.52,0,0,195,4,34
1542.807201526,16.52,0,0,195,4,34
1542.885909470,16.52,0,0,195,4,34
1542.963108558,16.52,0,0,195,4,34
1543.040942007,16.52,0,0,195,4,34
1543.118100038,16.52,0,0,195,4,34
1543.195532207,16.52,0,0,195,4,34
1543.272730605,16.52,0,0,195,4,34
1543.350163476,16.52,0,0,195,4,34
1543.427229693,16.57,0,0,195,4,34
1543.504190781,16.57,0,0,195,4,34
1543.581376654,16.57,0,0,195,4,34
1543.658970831,16.57,0,0,195,4,34
1543.736480958,16.57,0,0,195,4,34
1543.813698732,16.57,0,0,195,4,34
1543.891069856,16.57,0,0,195,4,34
1543.968654875,16.57,0,0,195,4,34
1544.045900131,16.57,0,0,195,4,34
1544.123039798,16.57,0,0,195,4,34
1544.200438034,16.57,0,0,195,4,34
1544.277526774,16.57,0,0,195,4,34
1544.354571290,16.57,0,0,195,4,34
1544.431212774,16.70,0,0,195,4,34
1544.508577347,16.70,0,0,195,4,34
1544.586324463,16.70,0,0,195,4,34
1544.663408263,16.70,0,0,195,4,34
1544.740702312,16.70,0,0,195,4,34
1544.817180748,16.70,0,0,195,4,34
1544.893764432,16.70,0,0,195,4,34
1544.970422477,16.70,0,0,195,4,34
1545.046893929,16.70,0,0,195,4,34
1545.122784973,16.70,0,0,195,4,34
1545.199222662,16.70,0,0,195,4,34
1545.275882170,16.70,0,0,195,4,34
1545.352244326,16.70,0,0,195,4,34
1545.429665506,16.77,0,0,195,4,34
1545.506154011,16.77,0,0,195,4,34
1545.583642678,16.77,0,0,195,4,34
1545.660734525,16.77,0,0,195,4,34
1545.738918518,16.77,0,0,195,4,34
1545.816245791,16.77,0,0,195,4,34
1545.893543286,16.77,0,0,195,4,34
1545.970484067,16.77,0,0,195,4,34
1546.047465164,16.77,0,0,195,4,34
1546.125335404,16.77,0,0,195,4,34
1546.202755101,16.77,0,0,195,4,34
1546.280354639,16.77,0,0,195,4,34
1546.358535036,16.77,0,0,195,4,34
1546.436200940,16.75,0,0,195,4,34
1546.513026513,16.75,0,0,195,4,34
1546.591266272,16.75,0,0,195,4,34
1546.669091136,16.75,0,0,195,4,34
1546.746704320,16.75,0,0,195,4,34
1546.824280103,16.75,0,0,195,4,34
1546.901682077,16.75,0,0,195,4,34
1546.979263681,16.75,0,0,195,4,34
1547.056558112,16.75,0,0,195,4,34
1547.134200020,16.75,0,0,195,4,34
1547.211342173,16.75,0,0,195,4,34
1547.288777851,16.75,0,0,195,4,34
1547.365686783,16.75,0,0,195,4,34
1547.443302502,16.82,0,0,195,4,34
1547.520847797,16.82,0,0,195,4,34
1547.598263548,16.82,0,0,195,4,34
1547.674936012,16.82,0,0,195,4,34
1547.751836938,16.82,0,0,195,4,34
1547.829288566,16.82,0,0,195,4,34
1547.906428665,16.82,0,0,195,4,34
1547.983574164,16.82,0,0,195,4,34
1548.060987600,16.82,0,0,195,4,34
1548.138193564,16.82,0,0,195,4,34
1548.215225790,16.82,0,0,195,4,34
1548.292578090,16.82,0,0,195,4,34
1548.370086747,16.82,0,0,195,4,34
1548.447608008,16.72,0,0,195,4,34
1548.525077982,16.72,0,0,195,4,34
1548.602123913,16.72,0,0,195,4,34
1548.679698675,16.72,0,0,195,4,34
1548.757317911,16.72,0,0,195,4,34
1548.834027335,16.72,0,0,195,4,34
1548.911454598,16.72,0,0,195,4,34
1548.989327585,16.72,0,0,195,4,34
1549.066258228,16.72,0,0,195,4,34
1549.143775281,16.72,0,0,195,4,34
1549.221412381,16.72,0,0,195,4,34
1549.299513309,16.72,0,0,195,4,34
1549.376837447,16.72,0,0,195,4,34
1549.457145863,16.77,0,0,195,4,34
1549.534287065,16.77,0,0,195,4,34
1549.611667260,16.77,0,0,195,4,34
1549.688299368,16.77,0,0,195,4,34
1549.765330171,16.77,0,0,195,4,34
1549.843053555,16.77,0,0,195,4,34
1549.920620953,16.77,0,0,195,4,34
1549.997940463,16.77,0,0,195,4,34
1550.075054543,16.77,0,0,195,4,34
1550.152586135,16.77,0,0,195,4,34
1550.229950870,16.77,0,0,195,4,34
1550.306603818,16.77,0,0,195,4,34
1550.384097728,16.77,0,0,195,4,34
1550.461572562,16.80,0,0,195,4,34
1550.538557920,16.80,0,0,195,4,34
1550.615483795,16.80,0,0,195,4,34
1550.692312606,16.80,0,0,195,4,34
1550.768679693,16.80,0,0,195,4,34
1550.845153282,16.80,0,0,195,4,34
1550.922128610,16.80,0,0,195,4,34
1550.998905754,16.80,0,0,195,4,34
1551.075067483,16.80,0,0,195,4,34
1551.151800794,16.80,0,0,195,4,34
1551.229699200,16.80,0,0,195,4,34
1551.305976538,16.80,0,0,195,4,34
1551.382772317,16.80,0,0,195,4,34
1551.459744961,16.41,0,0,195,4,34
1551.536298592,16.41,0,0,195,4,34
1551.613331179,16.41,0,0,195,4,34
1551.690581268,16.41,0,0,195,4,34
1551.768108742,16.41,0,0,195,4,34
1551.845233904,16.41,0,0,195,4,34
1551.923313062,16.41,0,0,195,4,34
1552.000924124,16.41,0,0,195,4,34
1552.078439696,16.41,0,0,195,4,34
1552.155935590,16.41,0,0,195,4,34
1552.233966137,16.41,0,0,195,4,34
1552.311701795,16.41,0,0,195,4,34
1552.391266415,16.49,0,0,195,4,34
1552.469107152,16.49,0,0,195,4,34
1552.546290505,16.49,0,0,195,4,34
1552.623737718,16.49,0,0,195,4,34
1552.700716233,16.49,0,0,195,4,34
1552.778128059,16.49,0,0,195,4,34
1552.855827970,16.49,0,0,195,4,34
1552.935080629,16.49,0,0,195,4,34
1553.013245479,16.49,0,0,195,4,34
1553.092355860,16.49,0,0,195,4,34
1553.179324082,16.49,0,0,195,4,34
1553.256130893,16.49,0,0,195,4,34
1553.334853099,16.49,0,0,195,4,34
1553.412449284,17.42,0,0,195,4,34
1553.489696588,17.42,0,0,195,4,34
1553.567026990,17.42,0,0,195,4,34
1553.644371559,17.42,0,0,195,4,34
1553.721202155,17.42,0,0,195,4,34
1553.799053412,17.42,0,0,195,4,34
1553.876075952,17.42,0,0,195,4,34
1553.953159526,17.42,0,0,195,4,34
1554.030214056,17.42,0,0,195,4,34
1554.107365550,17.42,0,0,195,4,34
1554.185504262,17.42,0,0,195,4,34
1554.262872766,17.42,0,0,195,4,34
1554.340117908,17.42,0,0,195,4,34
1554.417526398,17.04,0,0,187,4,34
1554.494981326,17.04,0,0,187,4,34
1554.572193384,17.04,0,0,187,4,34
1554.651106532,17.04,0,0,187,4,34
1554.729892600,17.04,0,0,187,4,34
1554.807993971,17.04,0,0,187,4,34
1554.886790538,17.04,0,0,187,4,34
1554.964233774,17.04,0,0,187,4,34
1555.042052000,17.04,0,0,187,4,34
1555.119693632,17.04,0,0,187,4,34
1555.197693201,17.04,0,0,187,4,34
1555.275305027,17.04,0,0,187,4,34
1555.352389224,17.04,0,0,187,4,34
1555.429458943,16.58,0,0,195,4,34
1555.506546587,16.58,0,0,195,4,34
1555.584011835,16.58,0,0,195,4,34
1555.661242359,16.58,0,0,195,4,34
1555.738728997,16.58,0,0,195,4,34
1555.816371180,16.58,0,0,195,4,34
1555.893859121,16.58,0,0,195,4,34
1555.971369244,16.58,0,0,195,4,34
1556.048984145,16.58,0,0,195,4,34
1556.126513085,16.58,0,0,195,4,34
1556.204527322,16.58,0,0,195,4,34
1556.281928489,16.58,0,0,195,4,34
1556.359164344,16.58,0,0,195,4,34
1556.436439623,16.57,0,0,195,4,34
1556.513833696,16.57,0,0,195,4,34
1556.591015669,16.57,0,0,195,4,34
1556.668073236,16.57,0,0,195,4,34
1556.744752296,16.57,0,0,195,4,34
1556.821251958,16.57,0,0,195,4,34
1556.898234182,16.57,0,0,195,4,34
1556.974467028,16.57,0,0,195,4,34
1557.050176544,16.57,0,0,195,4,34
1557.126741449,16.57,0,0,195,4,34
1557.205622337,16.57,0,0,195,4,34
1557.282656049,16.57,0,0,195,4,34
1557.359430692,16.57,0,0,195,4,34
1557.436257673,16.59,0,0,195,4,34
1557.513267369,16.59,0,0,195,4,34
1557.590647377,16.59,0,0,195,4,34
1557.668101285,16.59,0,0,195,4,34
1557.745797180,16.59,0,0,195,4,34
1557.823154345,16.59,0,0,195,4,34
1557.901067441,16.59,0,0,195,4,34
1557.978862013,16.59,0,0,195,4,34
1558.055954878,16.59,0,0,195,4,34
1558.133448291,16.59,0,0,195,4,34
1558.210994533,16.59,0,0,195,4,34
1558.288309018,16.59,0,0,195,4,34
1558.368033703,16.59,0,0,195,4,34
1558.445589794,16.65,0,0,195,4,34
1558.523099157,16.65,0,0,195,4,34
1558.600054562,16.65,0,0,195,4,34
1558.676863119,16.65,0,0,195,4,34
1558.754281890,16.65,0,0,195,4,34
1558.832555149,16.65,0,0,195,4,34
1558.911232843,16.65,0,0,195,4,34
1558.988961521,16.65,0,0,195,4,34
1559.066301544,16.65,0,0,195,4,34
1559.144782556,16.65,0,0,195,4,34
1559.222427766,16.65,0,0,195,4,34
1559.299903556,16.65,0,0,195,4,34
1559.377274508,16.65,0,0,195,4,34
1559.454530702,16.60,0,0,195,4,34
1559.532265282,16.60,0,0,195,4,34
1559.609228882,16.60,0,0,195,4,34
1559.686477272,16.60,0,0,195,4,34
1559.763590576,16.60,0,0,195,4,34
1559.840723507,16.60,0,0,195,4,34
1559.918004879,16.60,0,0,195,4,34
1559.995054142,16.60,0,0,195,4,34
1560.072305236,16.60,0,0,195,4,34
1560.150548539,16.60,0,0,195,4,34
1560.228199752,16.60,0,0,195,4,34
1560.305743521,16.60,0,0,195,4,34
1560.383405874,16.60,0,0,195,4,34
1560.461042709,16.64,0,0,195,4,34
1560.538146285,16.64,0,0,195,4,34
1560.615086562,16.64,0,0,195,4,34
1560.692411908,16.64,0,0,195,4,34
1560.771586002,16.64,0,0,195,4,34
1560.849929485,16.64,0,0,195,4,34
1560.927326746,16.64,0,0,195,4,34
1561.005048973,16.64,0,0,195,4,34
1561.081954054,16.64,0,0,195,4,34
1561.159098978,16.64,0,0,195,4,34
1561.236475651,16.64,0,0,195,4,34
1561.313881841,16.64,0,0,195,4,34
1561.393327981,16.68,0,0,195,4,34
1561.470075142,16.68,0,0,195,4,34
1561.547329795,16.68,0,0,195,4,34
1561.624959016,16.68,0,0,195,4,34
1561.702150599,16.68,0,0,195,4,34
1561.779337423,16.68,0,0,195,4,34
1561.856673469,16.68,0,0,195,4,34
1561.934314192,16.68,0,0,195,4,34
1562.011763383,16.68,0,0,195,4,34
1562.089338402,16.68,0,0,195,4,34
1562.166742567,16.68,0,0,195,4,34
1562.244064698,16.68,0,0,195,4,34
1562.321310614,16.68,0,0,195,4,34
1562.399292854,16.53,0,0,195,4,34
1562.476812078,16.53,0,0,195,4,34
1562.554843500,16.53,0,0,195,4,34
1562.631167281,16.53,0,0,195,4,34
1562.707945833,16.53,0,0,195,4,34
1562.786165292,16.53,0,0,195,4,34
1562.862943253,16.53,0,0,195,4,34
1562.939777630,16.53,0,0,195,4,34
1563.016326597,16.53,0,0,195,4,34
1563.093548719,16.53,0,0,195,4,34
1563.170205520,16.53,0,0,195,4,34
1563.247115351,16.53,0,0,195,4,34
1563.324830867,16.53,0,0,195,4,34
1563.402723708,16.54,0,0,195,4,34
1563.480393046,16.54,0,0,195,4,34
1563.557844281,16.54,0,0,195,4,34
1563.635374185,16.54,0,0,195,4,34
1563.713100021,16.54,0,0,195,4,34
1563.790753789,16.54,0,0,195,4,34
1563.868015305,16.54,0,0,195,4,34
1563.945425483,16.54,0,0,195,4,34
1564.023001164,16.54,0,0,195,4,34
1564.100590110,16.54,0,0,195,4,34
1564.177957537,16.54,0,0,195,4,34
1564.255138802,16.54,0,0,195,4,34
1564.332082347,16.54,0,0,195,4,34
1564.409641357,16.40,0,0,195,4,34
1564.487869383,16.40,0,0,195,4,34
1564.565495099,16.40,0,0,195,4,34
1564.642832810,16.40,0,0,195,4,34
1564.719738864,16.40,0,0,195,4,34
1564.797861751,16.40,0,0,195,4,34
1564.875236792,16.40,0,0,195,4,34
1564.953334982,16.40,0,0,195,4,34
1565.030941251,16.40,0,0,195,4,34
1565.108355327,16.40,0,0,195,4,34
1565.185940026,16.40,0,0,195,4,34
1565.262823077,16.40,0,0,195,4,34
1565.340209491,16.40,0,0,195,4,34
1565.417421204,16.53,0,0,195,4,34
1565.494300898,16.53,0,0,195,4,34
1565.571574669,16.53,0,0,195,4,34
1565.648687274,16.53,0,0,195,4,34
1565.726552554,16.53,0,0,195,4,34
1565.804044898,16.53,0,0,195,4,34
1565.881000927,16.53,0,0,195,4,34
1565.958647212,16.53,0,0,195,4,34
1566.035624321,16.53,0,0,195,4,34
1566.113109983,16.53,0,0,195,4,34
1566.190366451,16.53,0,0,195,4,34
1566.268041251,16.53,0,0,195,4,34
1566.344791170,16.53,0,0,195,4,34
1566.422199346,16.56,0,0,195,4,34
1566.499097716,16.56,0,0,195,4,34
1566.575966691,16.56,0,0,195,4,34
1566.653389033,16.56,0,0,195,4,34
1566.730711936,16.56,0,0,195,4,34
1566.808259145,16.56,0,0,195,4,34
1566.885586637,16.56,0,0,195,4,34
1566.962868604,16.56,0,0,195,4,34
1567.039818922,16.56,0,0,195,4,34
1567.117258457,16.56,0,0,195,4,34
1567.194713943,16.56,0,0,195,4,34
1567.271968908,16.56,0,0,195,4,34
1567.349275071,16.56,0,0,195,4,34
1567.428146546,16.63,0,0,187,4,34
1567.506947297,16.63,0,0,187,4,34
1567.584230727,16.63,0,0,187,4,34
1567.661666926,16.63,0,0,187,4,34
1567.738950966,16.63,0,0,187,4,34
1567.816208277,16.63,0,0,187,4,34
1567.895222632,16.63,0,0,187,4,34
1567.973298171,16.63,0,0,187,4,34
1568.050710044,16.63,0,0,187,4,34
1568.127796861,16.63,0,0,187,4,34
1568.205230225,16.63,0,0,187,4,34
1568.282246179,16.63,0,0,187,4,34
1568.359148768,16.63,0,0,187,4,34
1568.435963441,16.52,0,0,195,4,34
1568.512113045,16.52,0,0,195,4,34
1568.589244037,16.52,0,0,195,4,34
1568.666530903,16.52,0,0,195,4,34
1568.743253221,16.52,0,0,195,4,34
1568.819237473,16.52,0,0,195,4,34
1568.897091072,16.52,0,0,195,4,34
1568.973420937,16.52,0,0,195,4,34
1569.050053886,16.52,0,0,195,4,34
1569.125566144,16.52,0,0,195,4,34
1569.201716570,16.52,0,0,195,4,34
1569.278106299,16.52,0,0,195,4,34
1569.355220760,16.52,0,0,195,4,34
1569.432242445,16.47,0,0,195,4,34
1569.509210809,16.47,0,0,195,4,34
1569.587074718,16.47,0,0,195,4,34
1569.664032352,16.47,0,0,195,4,34
1569.741448885,16.47,0,0,195,4,34
1569.818808730,16.47,0,0,195,4,34
1569.897549128,16.47,0,0,195,4,34
1569.974437921,16.47,0,0,195,4,34
1570.051982597,16.47,0,0,195,4,34
1570.129322104,16.47,0,0,195,4,34
1570.207081516,16.47,0,0,195,4,34
1570.284408439,16.47,0,0,195,4,34
1570.362447800,16.47,0,0,195,4,34
1570.440319425,16.46,0,0,195,4,34
1570.518468494,16.46,0,0,195,4,34
1570.596069546,16.46,0,0,195,4,34
1570.673169830,16.46,0,0,195,4,34
1570.750193069,16.46,0,0,195,4,34
1570.826849253,16.46,0,0,195,4,34
1570.904680180,16.46,0,0,195,4,34
1570.982193877,16.46,0,0,195,4,34
1571.059016435,16.46,0,0,195,4,34
1571.136716145,16.46,0,0,195,4,34
1571.214822173,16.46,0,0,195,4,34
1571.291991188,16.46,0,0,195,4,34
1571.369384207,16.46,0,0,195,4,34
1571.446780281,16.64,0,0,195,4,34
1571.525270617,16.64,0,0,195,4,34
1571.602686018,16.64,0,0,195,4,34
1571.679862467,16.64,0,0,195,4,34
1571.756959276,16.64,0,0,195,4,34
1571.834099887,16.64,0,0,195,4,34
1571.911287156,16.64,0,0,195,4,34
1571.988636773,16.64,0,0,195,4,34
1572.065818752,16.64,0,0,195,4,34
1572.143279279,16.64,0,0,195,4,34
1572.220312107,16.64,0,0,195,4,34
1572.297974596,16.64,0,0,195,4,34
1572.374924276,16.64,0,0,195,4,34
1572.452017438,16.64,0,0,195,4,34
1572.529796157,16.64,0,0,195,4,34
1572.607533238,16.64,0,0,195,4,34
1572.684474552,16.64,0,0,195,4,34
1572.762716939,16.64,0,0,195,4,34
1572.839586288,16.64,0,0,195,4,34
1572.917239970,16.64,0,0,195,4,34
1572.994635374,16.64,0,0,195,4,34
1573.071704922,16.64,0,0,195,4,34
1573.150026158,16.64,0,0,195,4,34
1573.227995709,16.64,0,0,195,4,34
1573.305582276,16.64,0,0,195,4,34
1573.382800855,16.64,0,0,195,4,34
1573.460783090,16.58,0,0,195,4,34
1573.538709339,16.58,0,0,195,4,34
1573.615658979,16.58,0,0,195,4,34
1573.693304758,16.58,0,0,195,4,34
1573.771031759,16.58,0,0,195,4,34
1573.847444063,16.58,0,0,195,4,34
1573.924348378,16.58,0,0,195,4,34
1574.002020706,16.58,0,0,195,4,34
1574.079260736,16.58,0,0,195,4,34
1574.155810340,16.58,0,0,195,4,34
1574.233690372,16.58,0,0,195,4,34
1574.311388820,16.58,0,0,195,4,34
1574.388133333,16.58,0,0,195,4,34
1574.464394441,16.59,0,0,195,4,34
1574.541014669,16.59,0,0,195,4,34
1574.617253605,16.59,0,0,195,4,34
1574.694564790,16.59,0,0,195,4,34
1574.771046415,16.59,0,0,195,4,34
1574.847749059,16.59,0,0,195,4,34
1574.924769504,16.59,0,0,195,4,34
1575.001063604,16.59,0,0,195,4,34
1575.077765116,16.59,0,0,195,4,34
1575.155023432,16.59,0,0,195,4,34
1575.232271488,16.59,0,0,195,4,34
1575.310155007,16.59,0,0,195,4,34
1575.387201963,16.59,0,0,195,4,34
1575.464773842,16.62,0,0,195,4,34
1575.544461465,16.62,0,0,195,4,34
1575.623182650,16.62,0,0,195,4,34
1575.700352789,16.62,0,0,195,4,34
1575.777862430,16.62,0,0,195,4,34
1575.855773491,16.62,0,0,195,4,34
1575.935056649,16.62,0,0,195,4,34
1576.012828437,16.62,0,0,195,4,34
1576.090077906,16.62,0,0,195,4,34
1576.167371249,16.62,0,0,195,4,34
1576.244544514,16.62,0,0,195,4,34
1576.322635055,16.62,0,0,195,4,34
1576.399920904,16.59,0,0,195,4,34
1576.477331708,16.59,0,0,195,4,34
1576.554811864,16.59,0,0,195,4,34
1576.632106650,16.59,0,0,195,4,34
1576.709569323,16.59,0,0,195,4,34
1576.786621168,16.59,0,0,195,4,34
1576.863650411,16.59,0,0,195,4,34
1576.940860796,16.59,0,0,195,4,34
1577.018609431,16.59,0,0,195,4,34
1577.095812743,16.59,0,0,195,4,34
1577.172591291,16.59,0,0,195,4,34
1577.249782671,16.59,0,0,195,4,34
1577.327106742,16.59,0,0,195,4,34
1577.403912533,16.52,0,0,195,4,34
1577.481092711,16.52,0,0,195,4,34
1577.558761465,16.52,0,0,195,4,34
1577.636130922,16.52,0,0,195,4,34
1577.713278218,16.52,0,0,195,4,34
1577.791256648,16.52,0,0,195,4,34
1577.868287474,16.52,0,0,195,4,34
1577.945397189,16.52,0,0,195,4,34
1578.023153409,16.52,0,0,195,4,34
1578.100129722,16.52,0,0,195,4,34
1578.177155639,16.52,0,0,195,4,34
1578.254130449,16.52,0,0,195,4,34
1578.331399066,16.52,0,0,195,4,34
1578.408564267,16.37,0,0,195,4,34
1578.486556082,16.37,0,0,195,4,34
1578.563519110,16.37,0,0,195,4,34
1578.640871816,16.37,0,0,195,4,34
1578.718492690,16.37,0,0,195,4,34
1578.795843031,16.37,0,0,195,4,34
1578.873139510,16.37,0,0,195,4,34
1578.950805228,16.37,0,0,195,4,34
1579.028015284,16.37,0,0,195,4,34
1579.105172680,16.37,0,0,195,4,34
1579.182401873,16.37,0,0,195,4,34
1579.259289198,16.37,0,0,195,4,34
1579.336200198,16.37,0,0,195,4,34
1579.414360363,16.47,0,0,195,4,34
1579.491545632,16.47,0,0,195,4,34
1579.568697989,16.47,0,0,195,4,34
1579.646221639,16.47,0,0,195,4,34
1579.723764385,16.47,0,0,195,4,34
1579.800734767,16.47,0,0,195,4,34
1579.877151161,16.47,0,0,195,4,34
1579.954414889,16.47,0,0,195,4,34
1580.032342634,16.47,0,0,195,4,34
1580.109112407,16.47,0,0,195,4,34
1580.186083000,16.47,0,0,195,4,34
1580.262624121,16.47,0,0,195,4,34
1580.339403262,16.47,0,0,195,4,34
1580.415611042,16.73,0,0,195,4,34
1580.492042995,16.73,0,0,195,4,34
1580.568278798,16.73,0,0,195,4,34
1580.645332549,16.73,0,0,195,4,34
1580.720923551,16.73,0,0,195,4,34
1580.797042503,16.73,0,0,195,4,34
1580.873373556,16.73,0,0,195,4,34
1580.949604609,16.73,0,0,195,4,34
1581.026239107,16.73,0,0,195,4,34
1581.103716640,16.73,0,0,195,4,34
1581.181304782,16.73,0,0,195,4,34
1581.258754633,16.73,0,0,195,4,34
1581.337052018,16.73,0,0,195,4,34
1581.414393514,16.79,0,0,195,4,34
1581.491635311,16.79,0,0,195,4,34
1581.570148545,16.79,0,0,195,4,34
1581.647436650,16.79,0,0,195,4,34
1581.725217558,16.79,0,0,195,4,34
1581.802449576,16.79,0,0,195,4,34
1581.880060822,16.79,0,0,195,4,34
1581.958097434,16.79,0,0,195,4,34
1582.035375420,16.79,0,0,195,4,34
1582.112573665,16.79,0,0,195,4,34
1582.189520765,16.79,0,0,195,4,34
1582.267775069,16.79,0,0,195,4,34
1582.345461859,16.79,0,0,195,4,34
1582.423431354,16.64,0,0,195,4,34
1582.500646501,16.64,0,0,195,4,34
1582.577811323,16.64,0,0,195,4,34
1582.655169982,16.64,0,0,195,4,34
1582.732431847,16.64,0,0,195,4,34
1582.810930564,16.64,0,0,195,4,34
1582.888154718,16.64,0,0,195,4,34
1582.965470145,16.64,0,0,195,4,34
1583.042668009,16.64,0,0,195,4,34
1583.120137619,16.64,0,0,195,4,34
1583.197305547,16.64,0,0,195,4,34
1583.275065055,16.64,0,0,195,4,34
1583.352583897,16.64,0,0,195,4,34
1583.430441741,16.73,0,0,195,4,34
1583.507800100,16.73,0,0,195,4,34
1583.584890050,16.73,0,0,195,4,34
1583.662104196,16.73,0,0,195,4,34
1583.739165903,16.73,0,0,195,4,34
1583.817014590,16.73,0,0,195,4,34
1583.894439224,16.73,0,0,195,4,34
1583.971909945,16.73,0,0,195,4,34
1584.049249228,16.73,0,0,195,4,34
1584.126602418,16.73,0,0,195,4,34
1584.204044014,16.73,0,0,195,4,34
1584.281504016,16.73,0,0,195,4,34
1584.358781221,16.73,0,0,195,4,34
1584.436393541,16.62,0,0,195,4,34
1584.513936259,16.62,0,0,195,4,34
1584.591190652,16.62,0,0,195,4,34
1584.668248242,16.62,0,0,195,4,34
1584.745363621,16.62,0,0,195,4,34
1584.823024032,16.62,0,0,195,4,34
1584.902851334,16.62,0,0,195,4,34
1584.979910888,16.62,0,0,195,4,34
1585.057909268,16.62,0,0,195,4,34
1585.135209247,16.62,0,0,195,4,34
1585.212714144,16.62,0,0,195,4,34
1585.289279353,16.62,0,0,195,4,34
1585.366773910,16.62,0,0,195,4,34
1585.444217962,16.54,0,0,195,4,34
1585.521919491,16.54,0,0,195,4,34
1585.598956121,16.54,0,0,195,4,34
1585.675822470,16.54,0,0,195,4,34
1585.752992613,16.54,0,0,195,4,34
1585.830338840,16.54,0,0,195,4,34
1585.907344862,16.54,0,0,195,4,34
1585.984464951,16.54,0,0,195,4,34
1586.061755402,16.54,0,0,195,4,34
1586.139199675,16.54,0,0,195,4,34
1586.215799319,16.54,0,0,195,4,34
1586.291638533,16.54,0,0,195,4,34
1586.368783259,16.54,0,0,195,4,34
1586.445751401,16.71,0,0,195,4,34
1586.522066987,16.71,0,0,195,4,34
1586.599479710,16.71,0,0,195,4,34
1586.675922928,16.71,0,0,195,4,34
1586.752376185,16.71,0,0,195,4,34
1586.829317034,16.71,0,0,195,4,34
1586.906035553,16.71,0,0,195,4,34
1586.984084621,16.71,0,0,195,4,34
1587.061275714,16.71,0,0,195,4,34
1587.138724356,16.71,0,0,195,4,34
1587.215822844,16.71,0,0,195,4,34
1587.293154184,16.71,0,0,195,4,34
1587.370586193,16.71,0,0,195,4,34
1587.448071314,16.76,0,0,195,4,34
1587.527353105,16.76,0,0,195,4,34
1587.604912005,16.76,0,0,195,4,34
1587.682457890,16.76,0,0,195,4,34
1587.759580925,16.76,0,0,195,4,34
1587.837127252,16.76,0,0,195,4,34
1587.914799556,16.76,0,0,195,4,34
1587.991648583,16.76,0,0,195,4,34
1588.069653277,16.76,0,0,195,4,34
1588.147418568,16.76,0,0,195,4,34
1588.224643987,16.76,0,0,195,4,34
1588.302778908,16.76,0,0,195,4,34
1588.380891026,16.76,0,0,195,4,34
1588.458116335,16.78,0,0,195,4,34
1588.535414281,16.78,0,0,195,4,34
1588.612688192,16.78,0,0,195,4,34
1588.690158736,16.78,0,0,195,4,34
1588.767055643,16.78,0,0,195,4,34
1588.844162849,16.78,0,0,195,4,34
1588.921752006,16.78,0,0,195,4,34
1588.999208643,16.78,0,0,195,4,34
1589.076544512,16.78,0,0,195,4,34
1589.153931367,16.78,0,0,195,4,34
1589.231094479,16.78,0,0,195,4,34
1589.308523805,16.78,0,0,195,4,34
1589.385559044,16.78,0,0,195,4,34
1589.463228575,16.75,0,0,195,4,34
1589.541168046,16.75,0,0,195,4,34
1589.618357718,16.75,0,0,195,4,34
1589.696262594,16.75,0,0,195,4,34
1589.773592030,16.75,0,0,195,4,34
1589.851538946,16.75,0,0,195,4,34
1589.929127533,16.75,0,0,195,4,34
1590.006436150,16.75,0,0,195,4,34
1590.083581308,16.75,0,0,195,4,34
1590.161147113,16.75,0,0,195,4,34
1590.238700994,16.75,0,0,195,4,34
1590.316226533,16.75,0,0,195,4,34
1590.393228520,16.75,0,0,195,4,34
1590.470364020,16.75,0,0,195,4,34
1590.547961674,16.75,0,0,195,4,34
1590.626189712,16.75,0,0,195,4,34
1590.703672670,16.75,0,0,195,4,34
1590.781074374,16.75,0,0,195,4,34
1590.858239350,16.75,0,0,195,4,34
1590.935535213,16.75,0,0,195,4,34
1591.012801591,16.75,0,0,195,4,34
1591.090413102,16.75,0,0,195,4,34
1591.167986972,16.75,0,0,195,4,34
1591.245976539,16.75,0,0,195,4,34
1591.322968948,16.75,0,0,195,4,34
1591.402435090,16.75,0,0,195,4,34
1591.480082329,16.75,0,0,195,4,34
1591.557072404,16.75,0,0,195,4,34
1591.633907116,16.75,0,0,195,4,34
1591.711058216,16.75,0,0,195,4,34
1591.787680024,16.75,0,0,195,4,34
1591.864649870,16.75,0,0,195,4,34
1591.941624236,16.75,0,0,195,4,34
1592.019316891,16.75,0,0,195,4,34
1592.096198771,16.75,0,0,195,4,34
1592.172550359,16.75,0,0,195,4,34
1592.248588563,16.75,0,0,195,4,34
1592.325280714,16.75,0,0,195,4,34
1592.403781730,16.61,0,0,195,4,34
1592.481216567,16.61,0,0,195,4,34
1592.557731524,16.61,0,0,195,4,34
1592.634043065,16.61,0,0,195,4,34
1592.710922571,16.61,0,0,195,4,34
1592.787657634,16.61,0,0,195,4,34
1592.863864016,16.61,0,0,195,4,34
1592.940454085,16.61,0,0,195,4,34
1593.017474317,16.61,0,0,195,4,34
1593.097388899,16.61,0,0,195,4,34
1593.175221770,16.61,0,0,195,4,34
1593.251984075,16.61,0,0,195,4,34
1593.329256365,16.61,0,0,195,4,34
1593.406573841,16.40,0,0,187,4,34
1593.483856180,16.40,0,0,187,4,34
1593.561207650,16.40,0,0,187,4,34
1593.638313114,16.40,0,0,187,4,34
1593.715305054,16.40,0,0,187,4,34
1593.792370783,16.40,0,0,187,4,34
1593.869328698,16.40,0,0,187,4,34
1593.946867884,16.40,0,0,187,4,34
1594.023604991,16.40,0,0,187,4,34
1594.100968675,16.40,0,0,187,4,34
1594.178662142,16.40,0,0,187,4,34
1594.255735296,16.40,0,0,187,4,34
1594.333032784,16.40,0,0,187,4,34
1594.410018152,16.50,0,0,195,4,34
1594.488699820,16.50,0,0,195,4,34
1594.566209510,16.50,0,0,195,4,34
1594.643586839,16.50,0,0,195,4,34
1594.721097782,16.50,0,0,195,4,34
1594.798570923,16.50,0,0,195,4,34
1594.875835970,16.50,0,0,195,4,34
1594.953337505,16.50,0,0,195,4,34
1595.030879315,16.50,0,0,195,4,34
1595.108515495,16.50,0,0,195,4,34
1595.185881634,16.50,0,0,195,4,34
1595.263037374,16.50,0,0,195,4,34
1595.340215898,16.50,0,0,195,4,34
1595.418005589,16.62,0,0,195,4,34
1595.495206675,16.62,0,0,195,4,34
1595.572769797,16.62,0,0,195,4,34
1595.650690355,16.62,0,0,195,4,34
1595.727843140,16.62,0,0,195,4,34
1595.805320840,16.62,0,0,195,4,34
1595.882516616,16.62,0,0,195,4,34
1595.959448243,16.62,0,0,195,4,34
1596.036858014,16.62,0,0,195,4,34
1596.114005981,16.62,0,0,195,4,34
1596.191972456,16.62,0,0,195,4,34
1596.268973614,16.62,0,0,195,4,34
1596.346269601,16.62,0,0,195,4,34
1596.424004027,16.56,0,0,195,4,34
1596.501029281,16.56,0,0,195,4,34
1596.578183850,16.56,0,0,195,4,34
1596.655603982,16.56,0,0,195,4,34
1596.734118785,16.56,0,0,195,4,34
1596.811862499,16.56,0,0,195,4,34
1596.889845926,16.56,0,0,195,4,34
1596.967675643,16.56,0,0,195,4,34
1597.044796357,16.56,0,0,195,4,34
1597.121967197,16.56,0,0,195,4,34
1597.198943389,16.56,0,0,195,4,34
1597.276364222,16.56,0,0,195,4,34
1597.354269392,16.56,0,0,195,4,34
1597.431457084,16.63,0,0,195,4,34
1597.508797134,16.63,0,0,195,4,34
1597.585640805,16.63,0,0,195,4,34
1597.662846841,16.63,0,0,195,4,34
1597.739845876,16.63,0,0,195,4,34
1597.817089644,16.63,0,0,195,4,34
1597.893798590,16.63,0,0,195,4,34
1597.971672470,16.63,0,0,195,4,34
1598.048146481,16.63,0,0,195,4,34
1598.124297301,16.63,0,0,195,4,34
1598.201317346,16.63,0,0,195,4,34
1598.277565700,16.63,0,0,195,4,34
1598.354233949,16.63,0,0,195,4,34
1598.431149827,16.61,0,0,195,4,34
1598.507764485,16.61,0,0,195,4,34
1598.584559474,16.61,0,0,195,4,34
1598.662299892,16.61,0,0,195,4,34
1598.738673584,16.61,0,0,195,4,34
1598.815326344,16.61,0,0,195,4,34
1598.892478258,16.61,0,0,195,4,34
1598.969799844,16.61,0,0,195,4,34
1599.048286655,16.61,0,0,195,4,34
1599.126521390,16.61,0,0,195,4,34
1599.204799096,16.61,0,0,195,4,34
1599.282050269,16.61,0,0,195,4,34
1599.359016562,16.61,0,0,195,4,34
1599.436081222,16.51,0,0,195,4,34
1599.513792236,16.51,0,0,195,4,34
1599.591218379,16.51,0,0,195,4,34
1599.668413376,16.51,0,0,195,4,34
1599.746002869,16.51,0,0,195,4,34
1599.823278097,16.51,0,0,195,4,34
1599.900752052,16.51,0,0,195,4,34
1599.977998636,16.51,0,0,195,4,34
1600.055036566,16.51,0,0,195,4,34
1600.132141783,16.51,0,0,195,4,34
1600.209091035,16.51,0,0,195,4,34
1600.286408313,16.51,0,0,195,4,34
1600.363457454,16.51,0,0,195,4,34
1600.440712956,16.65,0,0,195,4,34
1600.517884929,16.65,0,0,195,4,34
1600.595622643,16.65,0,0,195,4,34
1600.672706700,16.65,0,0,195,4,34
1600.750637580,16.65,0,0,195,4,34
1600.828129970,16.65,0,0,195,4,34
1600.907888499,16.65,0,0,195,4,34
1600.985610924,16.65,0,0,195,4,34
1601.062840557,16.65,0,0,195,4,34
1601.140057496,16.65,0,0,195,4,34
1601.217258495,16.65,0,0,195,4,34
1601.294091437,16.65,0,0,195,4,34
1601.371332231,16.65,0,0,195,4,34
1601.449098891,16.53,0,0,195,4,34
1601.526434765,16.53,0,0,195,4,34
1601.603706998,16.53,0,0,195,4,34
1601.680883170,16.53,0,0,195,4,34
1601.758155864,16.53,0,0,195,4,34
1601.834992584,16.53,0,0,195,4,34
1601.912131785,16.53,0,0,195,4,34
1601.989224189,16.53,0,0,195,4,34
1602.066361176,16.53,0,0,195,4,34
1602.143435586,16.53,0,0,195,4,34
1602.221138906,16.53,0,0,195,4,34
1602.298222743,16.53,0,0,195,4,34
1602.375759438,16.53,0,0,195,4,34
1602.453330147,16.42,0,0,195,4,34
1602.531302817,16.42,0,0,195,4,34
1602.609942860,16.42,0,0,195,4,34
1602.688128082,16.42,0,0,195,4,34
1602.765562563,16.42,0,0,195,4,34
1602.842773541,16.42,0,0,195,4,34
1602.920335123,16.42,0,0,195,4,34
1602.999528564,16.42,0,0,195,4,34
1603.077289824,16.42,0,0,195,4,34
1603.154655966,16.42,0,0,195,4,34
1603.232930948,16.42,0,0,195,4,34
1603.310979843,16.42,0,0,195,4,34
1603.388176094,16.42,0,0,195,4,34
1603.465922345,16.38,0,0,195,4,34
1603.542318391,16.38,0,0,195,4,34
1603.619497970,16.38,0,0,195,4,34
1603.697686259,16.38,0,0,195,4,34
1603.774743256,16.38,0,0,195,4,34
1603.853011876,16.38,0,0,195,4,34
1603.930066218,16.38,0,0,195,4,34
1604.006753776,16.38,0,0,195,4,34
1604.083793821,16.38,0,0,195,4,34
1604.160452204,16.38,0,0,195,4,34
1604.237016099,16.38,0,0,195,4,34
1604.312848979,16.38,0,0,195,4,34
1604.390244507,16.38,0,0,195,4,34
1604.466993662,16.55,0,0,195,4,34
1604.542869143,16.55,0,0,195,4,34
1604.619961477,16.55,0,0,195,4,34
1604.697335665,16.55,0,0,195,4,34
1604.774638659,16.55,0,0,195,4,34
1604.851903970,16.55,0,0,195,4,34
1604.929075695,16.55,0,0,195,4,34
1605.006213015,16.55,0,0,195,4,34
1605.083279630,16.55,0,0,195,4,34
1605.160568567,16.55,0,0,195,4,34
1605.237548309,16.55,0,0,195,4,34
1605.314936313,16.55,0,0,195,4,34
1605.392111635,16.55,0,0,195,4,34
1605.469299481,16.71,0,0,195,4,34
1605.546574111,16.71,0,0,195,4,34
1605.623659743,16.71,0,0,195,4,34
1605.701387090,16.71,0,0,195,4,34
1605.779082306,16.71,0,0,195,4,34
1605.856222601,16.71,0,0,195,4,34
1605.934328685,16.71,0,0,195,4,34
1606.012371218,16.71,0,0,195,4,34
1606.089905039,16.71,0,0,195,4,34
1606.167393915,16.71,0,0,195,4,34
1606.244392112,16.71,0,0,195,4,34
1606.322131402,16.71,0,0,195,4,34
1606.399118448,16.71,0,0,195,4,34
1606.476841687,16.50,0,0,195,4,34
1606.554388613,16.50,0,0,195,4,34
1606.632316630,16.50,0,0,195,4,34
1606.709378818,16.50,0,0,195,4,34
1606.786613853,16.50,0,0,195,4,34
1606.864093832,16.50,0,0,195,4,34
1606.941427875,16.50,0,0,195,4,34
1607.018754143,16.50,0,0,195,4,34
1607.095976685,16.50,0,0,195,4,34
1607.173775689,16.50,0,0,195,4,34
1607.251365526,16.50,0,0,195,4,34
1607.328736369,16.50,0,0,195,4,34
1607.408231743,16.50,0,0,195,4,34
1607.485653042,16.45,0,0,195,4,34
1607.563334382,16.45,0,0,195,4,34
1607.640696949,16.45,0,0,195,4,34
1607.718810518,16.45,0,0,195,4,34
1607.795956806,16.45,0,0,195,4,34
1607.875268903,16.45,0,0,195,4,34
1607.952836198,16.45,0,0,195,4,34
1608.030147358,16.45,0,0,195,4,34
1608.107785988,16.45,0,0,195,4,34
1608.185386656,16.45,0,0,195,4,34
1608.263118523,16.45,0,0,195,4,34
1608.341197707,16.45,0,0,195,4,34
1608.418921819,16.31,0,0,195,4,34
1608.495995229,16.31,0,0,195,4,34
1608.573542927,16.31,0,0,195,4,34
1608.650569929,16.31,0,0,195,4,34
1608.728232405,16.31,0,0,195,4,34
1608.805317106,16.31,0,0,195,4,34
1608.882464326,16.31,0,0,195,4,34
1608.960421319,16.31,0,0,195,4,34
1609.038139289,16.31,0,0,195,4,34
1609.115164800,16.31,0,0,195,4,34
1609.192370631,16.31,0,0,195,4,34
1609.270005945,16.31,0,0,195,4,34
1609.346978495,16.31,0,0,195,4,34
1609.424159209,16.55,0,0,195,4,34
1609.501261544,16.55,0,0,195,4,34
1609.579473049,16.55,0,0,195,4,34
1609.656648363,16.55,0,0,195,4,34
1609.734217492,16.55,0,0,195,4,34
1609.811379871,16.55,0,0,195,4,34
1609.889005817,16.55,0,0,195,4,34
1609.965168003,16.55,0,0,195,4,34
1610.042826502,16.55,0,0,195,4,34
1610.119289267,16.55,0,0,195,4,34
1610.195796446,16.55,0,0,195,4,34
1610.271629950,16.55,0,0,195,4,34
1610.348835451,16.55,0,0,195,4,34
1610.425160786,16.78,0,0,195,4,34
1610.502806851,16.78,0,0,195,4,34
1610.579807274,16.78,0,0,195,4,34
1610.656936661,16.78,0,0,195,4,34
1610.734762818,16.78,0,0,195,4,34
1610.812263748,16.78,0,0,195,4,34
1610.889868735,16.78,0,0,195,4,34
1610.967087311,16.78,0,0,195,4,34
1611.044505585,16.78,0,0,195,4,34
1611.121976259,16.78,0,0,195,4,34
1611.199349458,16.78,0,0,195,4,34
1611.276313532,16.78,0,0,195,4,34
1611.353877342,16.78,0,0,195,4,34
1611.430734034,16.70,0,0,195,4,34
1611.507202099,16.70,0,0,195,4,34
1611.584851972,16.70,0,0,195,4,34
1611.662100254,16.70,0,0,195,4,34
1611.737944489,16.70,0,0,195,4,34
1611.815307249,16.70,0,0,195,4,34
1611.892347768,16.70,0,0,195,4,34
1611.970016236,16.70,0,0,195,4,34
1612.047558114,16.70,0,0,195,4,34
1612.124124747,16.70,0,0,195,4,34
1612.202062134,16.70,0,0,195,4,34
1612.279276603,16.70,0,0,195,4,34
1612.356926226,16.70,0,0,195,4,34
1612.433937370,16.70,0,0,195,4,34
1612.511434624,16.70,0,0,195,4,34
1612.588407416,16.70,0,0,195,4,34
1612.666009208,16.70,0,0,195,4,34
1612.742943196,16.70,0,0,195,4,34
1612.820417737,16.70,0,0,195,4,34
1612.899010655,16.70,0,0,195,4,34
1612.976377052,16.70,0,0,195,4,34
1613.053407843,16.70,0,0,195,4,34
1613.130842770,16.70,0,0,195,4,34
1613.207983239,16.70,0,0,195,4,34
1613.284988233,16.70,0,0,195,4,34
1613.362033291,16.70,0,0,195,4,34
1613.439132102,16.65,0,0,195,4,34
1613.516727603,16.65,0,0,195,4,34
1613.593960417,16.65,0,0,195,4,34
1613.671200845,16.65,0,0,195,4,34
1613.748042158,16.65,0,0,195,4,34
1613.825133204,16.65,0,0,195,4,34
1613.902223087,16.65,0,0,195,4,34
1613.979186622,16.65,0,0,195,4,34
1614.056122284,16.65,0,0,195,4,34
1614.133210374,16.65,0,0,195,4,34
1614.210558788,16.65,0,0,195,4,34
1614.287675683,16.65,0,0,195,4,34
1614.365084450,16.65,0,0,195,4,34
1614.442039499,16.62,0,0,195,4,34
1614.519345913,16.62,0,0,195,4,34
1614.597524869,16.62,0,0,195,4,34
1614.674895113,16.62,0,0,195,4,34
1614.752809759,16.62,0,0,195,4,34
1614.830293278,16.62,0,0,195,4,34
1614.908313934,16.62,0,0,195,4,34
1614.985789337,16.62,0,0,195,4,34
1615.063328402,16.62,0,0,195,4,34
1615.140472659,16.62,0,0,195,4,34
1615.218051148,16.62,0,0,195,4,34
1615.294940343,16.62,0,0,195,4,34
1615.372244503,16.62,0,0,195,4,34
1615.449664923,16.60,0,0,195,4,34
1615.526755719,16.60,0,0,195,4,34
1615.603593717,16.60,0,0,195,4,34
1615.680746901,16.60,0,0,195,4,34
1615.758160298,16.60,0,0,195,4,34
1615.834900520,16.60,0,0,195,4,34
1615.913753102,16.60,0,0,195,4,34
1615.989777028,16.60,0,0,195,4,34
1616.066780980,16.60,0,0,195,4,34
1616.142619336,16.60,0,0,195,4,34
1616.219377232,16.60,0,0,195,4,34
1616.295850650,16.60,0,0,195,4,34
1616.372828261,16.60,0,0,195,4,34
1616.449474437,16.50,0,0,195,4,34
1616.526069495,16.50,0,0,195,4,34
1616.603454289,16.50,0,0,195,4,34
1616.680880150,16.50,0,0,195,4,34
1616.758812168,16.50,0,0,195,4,34
1616.836672852,16.50,0,0,195,4,34
1616.914015606,16.50,0,0,195,4,34
1616.992174785,16.50,0,0,195,4,34
1617.069427689,16.50,0,0,195,4,34
1617.147234471,16.50,0,0,195,4,34
1617.224625356,16.50,0,0,195,4,34
1617.302610526,16.50,0,0,195,4,34
1617.379935967,16.50,0,0,195,4,34
1617.457130440,16.49,0,0,195,4,34
1617.534270651,16.49,0,0,195,4,34
1617.611407104,16.49,0,0,195,4,34
1617.688850799,16.49,0,0,195,4,34
1617.766478152,16.49,0,0,195,4,34
1617.843404939,16.49,0,0,195,4,34
1617.922469752,16.49,0,0,195,4,34
1618.000399087,16.49,0,0,195,4,34
1618.077635690,16.49,0,0,195,4,34
1618.155636540,16.49,0,0,195,4,34
1618.232885146,16.49,0,0,195,4,34
1618.309982586,16.49,0,0,195,4,34
1618.387017477,16.49,0,0,195,4,34
1618.464405948,16.51,0,0,195,4,34
1618.542081432,16.51,0,0,195,4,34
1618.619707643,16.51,0,0,195,4,34
1618.696786348,16.51,0,0,195,4,34
1618.774382853,16.51,0,0,195,4,34
1618.851870561,16.51,0,0,195,4,34
1618.929914323,16.51,0,0,195,4,34
1619.007250605,16.51,0,0,195,4,34
1619.084021587,16.51,0,0,195,4,34
1619.161961152,16.51,0,0,195,4,34
1619.238993449,16.51,0,0,195,4,34
1619.316518869,16.51,0,0,195,4,34
1619.394245711,16.51,0,0,195,4,34
1619.471379190,16.59,0,0,195,4,34
1619.549278969,16.59,0,0,195,4,34
1619.626762801,16.59,0,0,195,4,34
1619.704269386,16.59,0,0,195,4,34
1619.781503815,16.59,0,0,195,4,34
1619.858850187,16.59,0,0,195,4,34
1619.936190838,16.59,0,0,195,4,34
1620.013360886,16.59,0,0,195,4,34
1620.090489525,16.59,0,0,195,4,34
1620.168077675,16.59,0,0,195,4,34
1620.245219861,16.59,0,0,195,4,34
1620.322199488,16.59,0,0,195,4,34
1620.399732173,16.59,0,0,195,4,34
1620.476789147,16.65,0,0,195,4,34
1620.553784906,16.65,0,0,195,4,34
1620.630770284,16.65,0,0,195,4,34
1620.708207148,16.65,0,0,195,4,34
1620.785440526,16.65,0,0,195,4,34
1620.862813909,16.65,0,0,195,4,34
1620.940424782,16.65,0,0,195,4,34
1621.017841096,16.65,0,0,195,4,34
1621.095102898,16.65,0,0,195,4,34
1621.171845017,16.65,0,0,195,4,34
1621.249502308,16.65,0,0,195,4,34
1621.327113492,16.65,0,0,195,4,34
1621.403921225,16.65,0,0,195,4,34
1621.480976426,16.51,0,0,195,4,34
1621.557904016,16.51,0,0,195,4,34
1621.634570742,16.51,0,0,195,4,34
1621.711655900,16.51,0,0,195,4,34
1621.788247413,16.51,0,0,195,4,34
1621.865110371,16.51,0,0,195,4,34
1621.941718786,16.51,0,0,195,4,34
1622.019178744,16.51,0,0,195,4,34
1622.095394947,16.51,0,0,195,4,34
1622.171294852,16.51,0,0,195,4,34
1622.248521859,16.51,0,0,195,4,34
1622.325792999,16.51,0,0,195,4,34
1622.403385708,16.51,0,0,195,4,34
1622.479888675,16.46,0,0,195,4,34
1622.557009951,16.46,0,0,195,4,34
1622.635461567,16.46,0,0,195,4,34
1622.714535720,16.46,0,0,195,4,34
1622.792015846,16.46,0,0,195,4,34
1622.869394971,16.46,0,0,195,4,34
1622.947626159,16.46,0,0,195,4,34
1623.025113498,16.46,0,0,195,4,34
1623.102970979,16.46,0,0,195,4,34
1623.180748939,16.46,0,0,195,4,34
1623.257999892,16.46,0,0,195,4,34
1623.335105279,16.46,0,0,195,4,34
1623.413998921,16.46,0,0,195,4,34
1623.491152520,16.35,0,0,195,4,34
1623.568175200,16.35,0,0,195,4,34
1623.646166955,16.35,0,0,195,4,34
1623.723668392,16.35,0,0,195,4,34
1623.801139692,16.35,0,0,195,4,34
1623.878042255,16.35,0,0,195,4,34
1623.955443712,16.35,0,0,195,4,34
1624.033351038,16.35,0,0,195,4,34
1624.110517391,16.35,0,0,195,4,34
1624.188156208,16.35,0,0,195,4,34
1624.265445664,16.35,0,0,195,4,34
1624.342434501,16.35,0,0,195,4,34
1624.419969732,16.39,0,0,195,4,34
1624.497613388,16.39,0,0,195,4,34
1624.574976003,16.39,0,0,195,4,34
1624.652050962,16.39,0,0,195,4,34
1624.729267280,16.39,0,0,195,4,34
1624.806530085,16.39,0,0,195,4,34
1624.884298879,16.39,0,0,195,4,34
1624.961625355,16.39,0,0,195,4,34
1625.038404375,16.39,0,0,195,4,34
1625.118781837,16.39,0,0,195,4,34
1625.196639258,16.39,0,0,195,4,34
1625.274565460,16.39,0,0,195,4,34
1625.351977749,16.39,0,0,195,4,34
1625.431145150,16.68,0,0,195,4,34
1625.509201849,16.68,0,0,195,4,34
1625.587410084,16.68,0,0,195,4,34
1625.664825649,16.68,0,0,195,4,34
1625.743167798,16.68,0,0,195,4,34
1625.820486510,16.68,0,0,195,4,34
1625.898669117,16.68,0,0,195,4,34
1625.976595169,16.68,0,0,195,4,34
1626.054112657,16.68,0,0,195,4,34
1626.131562998,16.68,0,0,195,4,34
1626.209210192,16.68,0,0,195,4,34
1626.286681573,16.68,0,0,195,4,34
1626.363909554,16.68,0,0,195,4,34
1626.441037294,16.68,0,0,195,4,34
1626.518926807,16.68,0,0,195,4,34
1626.596182380,16.68,0,0,195,4,34
1626.673188500,16.68,0,0,195,4,34
1626.750272738,16.68,0,0,195,4,34
1626.827126030,16.68,0,0,195,4,34
1626.904399666,16.68,0,0,195,4,34
1626.981482913,16.68,0,0,195,4,34
1627.058895883,16.68,0,0,195,4,34
1627.136988541,16.68,0,0,195,4,34
1627.213637987,16.68,0,0,195,4,34
1627.289966204,16.68,0,0,195,4,34
1627.367088996,16.68,0,0,195,4,34
1627.444222067,16.55,0,0,195,4,34
1627.521718707,16.55,0,0,195,4,34
1627.598820359,16.55,0,0,195,4,34
1627.675477168,16.55,0,0,195,4,34
1627.751842907,16.55,0,0,195,4,34
1627.828332941,16.55,0,0,195,4,34
1627.905078969,16.55,0,0,195,4,34
1627.982207241,16.55,0,0,195,4,34
1628.058801262,16.55,0,0,195,4,34
1628.135812082,16.55,0,0,195,4,34
1628.212406564,16.55,0,0,195,4,34
1628.288348431,16.55,0,0,195,4,34
1628.364712978,16.55,0,0,195,4,34
1628.441988008,16.55,0,0,195,4,34
1628.519012855,16.55,0,0,195,4,34
1628.596271734,16.55,0,0,195,4,34
1628.673265142,16.55,0,0,195,4,34
1628.750260402,16.55,0,0,195,4,34
1628.827285089,16.55,0,0,195,4,34
1628.905177137,16.55,0,0,195,4,34
1628.982078300,16.55,0,0,195,4,34
1629.059121151,16.55,0,0,195,4,34
1629.136135788,16.55,0,0,195,4,34
1629.213710376,16.55,0,0,195,4,34
1629.290568297,16.55,0,0,195,4,34
1629.368115633,16.55,0,0,195,4,34
1629.445140481,16.52,0,0,195,4,34
1629.522393770,16.52,0,0,195,4,34
1629.600196159,16.52,0,0,195,4,34
1629.677313301,16.52,0,0,195,4,34
1629.754791426,16.52,0,0,195,4,34
1629.831880926,16.52,0,0,195,4,34
1629.909067369,16.52,0,0,195,4,34
1629.986455503,16.52,0,0,195,4,34
1630.064052434,16.52,0,0,195,4,34
1630.141756206,16.52,0,0,195,4,34
1630.219013313,16.52,0,0,195,4,34
1630.295920428,16.52,0,0,195,4,34
1630.373574246,16.52,0,0,195,4,34
1630.457712750,16.52,0,0,195,4,34
1630.543326787,16.52,0,0,195,4,34
1630.620084659,16.52,0,0,195,4,34
1630.697247217,16.52,0,0,195,4,34
1630.774903149,16.52,0,0,195,4,34
1630.851987209,16.52,0,0,195,4,34
1630.928957383,16.52,0,0,195,4,34
1631.005966771,16.52,0,0,195,4,34
1631.082809825,16.52,0,0,195,4,34
1631.160049118,16.52,0,0,195,4,34
1631.237355249,16.52,0,0,195,4,34
1631.315282435,16.52,0,0,195,4,34
1631.392524504,16.52,0,0,195,4,34
1631.469942035,17.30,0,0,195,4,34
1631.547619809,17.30,0,0,195,4,34
1631.625534993,17.30,0,0,195,4,34
1631.702763446,17.30,0,0,195,4,34
1631.780032065,17.30,0,0,195,4,34
1631.857052375,17.30,0,0,195,4,34
1631.934801433,17.30,0,0,195,4,34
1632.012860098,17.30,0,0,195,4,34
1632.090859141,17.30,0,0,195,4,34
1632.168097764,17.30,0,0,195,4,34
1632.245849728,17.30,0,0,195,4,34
1632.323398238,17.30,0,0,195,4,34
1632.400451921,17.30,0,0,195,4,34
1632.477706504,16.63,0,0,195,4,34
1632.554857832,16.63,0,0,195,4,34
1632.632370394,16.63,0,0,195,4,34
1632.709870221,16.63,0,0,195,4,34
1632.786813886,16.63,0,0,195,4,34
1632.864266113,16.63,0,0,195,4,34
1632.941169381,16.63,0,0,195,4,34
1633.018836506,16.63,0,0,195,4,34
1633.095831738,16.63,0,0,195,4,34
1633.172597156,16.63,0,0,195,4,34
1633.249544778,16.63,0,0,195,4,34
1633.327205621,16.63,0,0,195,4,34
1633.404330149,16.63,0,0,195,4,34
1633.481683910,16.54,0,0,195,4,34
1633.557983125,16.54,0,0,195,4,34
1633.634320964,16.54,0,0,195,4,34
1633.710998966,16.54,0,0,195,4,34
1633.787727784,16.54,0,0,195,4,34
1633.864363707,16.54,0,0,195,4,34
1633.941785487,16.54,0,0,195,4,34
1634.018613603,16.54,0,0,195,4,34
1634.094886659,16.54,0,0,195,4,34
1634.171542389,16.54,0,0,195,4,34
1634.248354015,16.54,0,0,195,4,34
1634.325607978,16.54,0,0,195,4,34
1634.402630914,16.54,0,0,195,4,34
1634.480392568,16.48,0,0,195,4,34
1634.557633556,16.48,0,0,195,4,34
1634.635032243,16.48,0,0,195,4,34
1634.711926495,16.48,0,0,195,4,34
1634.789091229,16.48,0,0,195,4,34
1634.866846080,16.48,0,0,195,4,34
1634.943998921,16.48,0,0,195,4,34
1635.021315352,16.48,0,0,195,4,34
1635.098069620,16.48,0,0,195,4,34
1635.175657345,16.48,0,0,195,4,34
1635.253046634,16.48,0,0,195,4,34
1635.330651582,16.48,0,0,195,4,34
1635.407900285,16.48,0,0,195,4,34
1635.485305595,16.54,0,0,195,4,34
1635.562521356,16.54,0,0,195,4,34
1635.640069877,16.54,0,0,195,4,34
1635.719024469,16.54,0,0,195,4,34
1635.797121459,16.54,0,0,195,4,34
1635.874451877,16.54,0,0,195,4,34
1635.951897342,16.54,0,0,195,4,34
1636.029138942,16.54,0,0,195,4,34
1636.105853094,16.54,0,0,195,4,34
1636.183094724,16.54,0,0,195,4,34
1636.261195661,16.54,0,0,195,4,34
1636.338562549,16.54,0,0,195,4,34
1636.417560654,16.54,0,0,195,4,34
1636.495384016,16.54,0,0,195,4,34
1636.573050019,16.54,0,0,195,4,34
1636.650065241,16.54,0,0,195,4,34
1636.727443110,16.54,0,0,195,4,34
1636.804660464,16.54,0,0,195,4,34
1636.881553054,16.54,0,0,195,4,34
1636.958769306,16.54,0,0,195,4,34
1637.036671987,16.54,0,0,195,4,34
1637.113221758,16.54,0,0,195,4,34
1637.190871902,16.54,0,0,195,4,34
1637.268181602,16.54,0,0,195,4,34
1637.345304608,16.54,0,0,195,4,34
1637.423118092,16.60,0,0,195,4,34
1637.501010945,16.60,0,0,195,4,34
1637.578808578,16.60,0,0,195,4,34
1637.656113860,16.60,0,0,195,4,34
1637.733113713,16.60,0,0,195,4,34
1637.810793222,16.60,0,0,195,4,34
1637.887732801,16.60,0,0,195,4,34
1637.965938006,16.60,0,0,195,4,34
1638.043907284,16.60,0,0,195,4,34
1638.121149647,16.60,0,0,195,4,34
1638.198789161,16.60,0,0,195,4,34
1638.276259586,16.60,0,0,195,4,34
1638.353731222,16.60,0,0,195,4,34
1638.430892952,16.58,0,0,195,4,34
1638.508335594,16.58,0,0,195,4,34
1638.585578347,16.58,0,0,195,4,34
1638.662905109,16.58,0,0,195,4,34
1638.740626148,16.58,0,0,195,4,34
1638.819045498,16.58,0,0,195,4,34
1638.896370948,16.58,0,0,195,4,34
1638.973587632,16.58,0,0,195,4,34
1639.050456748,16.58,0,0,195,4,34
1639.127398933,16.58,0,0,195,4,34
1639.204477365,16.58,0,0,195,4,34
1639.282036698,16.58,0,0,195,4,34
1639.358978743,16.58,0,0,195,4,34
1639.438384812,16.65,0,0,195,4,34
1639.515310666,16.65,0,0,195,4,34
1639.591687480,16.65,0,0,195,4,34
1639.668570843,16.65,0,0,195,4,34
1639.746119165,16.65,0,0,195,4,34
1639.822407963,16.65,0,0,195,4,34
1639.900384626,16.65,0,0,195,4,34
1639.976856511,16.65,0,0,195,4,34
1640.053563971,16.65,0,0,195,4,34
1640.129588199,16.65,0,0,195,4,34
1640.206500768,16.65,0,0,195,4,34
1640.283970271,16.65,0,0,195,4,34
1640.361551997,16.65,0,0,195,4,34
1640.439522448,16.91,0,0,195,4,34
1640.518791999,16.91,0,0,195,4,34
1640.596455660,16.91,0,0,195,4,34
1640.674346381,16.91,0,0,195,4,34
1640.751501469,16.91,0,0,195,4,34
1640.829186850,16.91,0,0,195,4,34
1640.906434484,16.91,0,0,195,4,34
1640.984066675,16.91,0,0,195,4,34
1641.061518335,16.91,0,0,195,4,34
1641.138761220,16.91,0,0,195,4,34
1641.215851395,16.91,0,0,195,4,34
1641.293384660,16.91,0,0,195,4,34
1641.371075562,16.91,0,0,195,4,34
1641.448536921,16.75,0,0,195,4,34
1641.525975536,16.75,0,0,195,4,34
1641.603470999,16.75,0,0,195,4,34
1641.681481687,16.75,0,0,195,4,34
1641.759224909,16.75,0,0,195,4,34
1641.836612428,16.75,0,0,195,4,34
1641.915530343,16.75,0,0,195,4,34
1641.993238258,16.75,0,0,195,4,34
1642.070273861,16.75,0,0,195,4,34
1642.147517127,16.75,0,0,195,4,34
1642.224463681,16.75,0,0,195,4,34
1642.302786039,16.75,0,0,195,4,34
1642.380200229,16.75,0,0,195,4,34
1642.458191190,16.64,0,0,195,4,34
1642.535514237,16.64,0,0,195,4,34
1642.612760920,16.64,0,0,195,4,34
1642.690066223,16.64,0,0,195,4,34
1642.767347461,16.64,0,0,195,4,34
1642.845311421,16.64,0,0,195,4,34
1642.923672853,16.64,0,0,195,4,34
1643.000904988,16.64,0,0,195,4,34
1643.078304560,16.64,0,0,195,4,34
1643.155702960,16.64,0,0,195,4,34
1643.232880742,16.64,0,0,195,4,34
1643.310614597,16.64,0,0,195,4,34
1643.387610696,16.64,0,0,195,4,34
1643.465044503,16.66,0,0,195,4,34
1643.542607985,16.66,0,0,195,4,34
1643.619506218,16.66,0,0,195,4,34
1643.695687734,16.66,0,0,195,4,34
1643.771981223,16.66,0,0,195,4,34
1643.848796058,16.66,0,0,195,4,34
1643.925904920,16.66,0,0,195,4,34
1644.003075208,16.66,0,0,195,4,34
1644.079461863,16.66,0,0,195,4,34
1644.156770092,16.66,0,0,195,4,34
1644.234356799,16.66,0,0,195,4,34
1644.312025982,16.66,0,0,195,4,34
1644.389348168,16.66,0,0,195,4,34
1644.466647701,16.59,0,0,195,4,34
1644.543896819,16.59,0,0,195,4,34
1644.620967629,16.59,0,0,195,4,34
1644.697393137,16.59,0,0,195,4,34
1644.775119629,16.59,0,0,195,4,34
1644.852717797,16.59,0,0,195,4,34
1644.930834638,16.59,0,0,195,4,34
1645.008181821,16.59,0,0,195,4,34
1645.085583999,16.59,0,0,195,4,34
1645.162774516,16.59,0,0,195,4,34
1645.240195560,16.59,0,0,195,4,34
1645.316868176,16.59,0,0,195,4,34
1645.393638278,16.59,0,0,195,4,34
1645.470432635,16.57,0,0,195,4,34
1645.546590688,16.57,0,0,195,4,34
1645.622956203,16.57,0,0,195,4,34
1645.700199590,16.57,0,0,195,4,34
1645.776535910,16.57,0,0,195,4,34
1645.853603384,16.57,0,0,195,4,34
1645.930925761,16.57,0,0,195,4,34
1646.007482529,16.57,0,0,195,4,34
1646.084141160,16.57,0,0,195,4,34
1646.160169627,16.57,0,0,195,4,34
1646.237362590,16.57,0,0,195,4,34
1646.314826946,16.57,0,0,195,4,34
1646.391944134,16.57,0,0,195,4,34
1646.469291820,16.57,0,0,195,4,34
1646.546969069,16.57,0,0,195,4,34
1646.623997429,16.57,0,0,195,4,34
1646.701334284,16.57,0,0,195,4,34
1646.779848006,16.57,0,0,195,4,34
1646.856991094,16.57,0,0,195,4,34
1646.934787128,16.57,0,0,195,4,34
1647.012126127,16.57,0,0,195,4,34
1647.089145781,16.57,0,0,195,4,34
1647.166288228,16.57,0,0,195,4,34
1647.243719732,16.57,0,0,195,4,34
1647.321205850,16.57,0,0,195,4,34
1647.398302921,16.57,0,0,195,4,34
1647.475686985,16.59,0,0,195,4,34
1647.552712481,16.59,0,0,195,4,34
1647.630201163,16.59,0,0,195,4,34
1647.707136047,16.59,0,0,195,4,34
1647.784889070,16.59,0,0,195,4,34
1647.862505414,16.59,0,0,195,4,34
1647.940129844,16.59,0,0,195,4,34
1648.019059574,16.59,0,0,195,4,34
1648.096243340,16.59,0,0,195,4,34
1648.172961584,16.59,0,0,195,4,34
1648.250252943,16.59,0,0,195,4,34
1648.327433893,16.59,0,0,195,4,34
1648.405878145,16.59,0,0,195,4,34
1648.483806671,16.48,0,0,195,4,34
1648.561360747,16.48,0,0,195,4,34
1648.639206256,16.48,0,0,195,4,34
1648.716371356,16.48,0,0,195,4,34
1648.793333983,16.48,0,0,195,4,34
1648.870114786,16.48,0,0,195,4,34
1648.947873820,16.48,0,0,195,4,34
1649.025217198,16.48,0,0,195,4,34
1649.102208329,16.48,0,0,195,4,34
1649.179576284,16.48,0,0,195,4,34
1649.256986859,16.48,0,0,195,4,34
1649.334299189,16.48,0,0,195,4,34
1649.411481061,16.48,0,0,195,4,34
1649.489032944,16.40,0,0,195,4,34
1649.566523491,16.40,0,0,195,4,34
1649.644005141,16.40,0,0,195,4,34
1649.722041451,16.40,0,0,195,4,34
1649.799469419,16.40,0,0,195,4,34
1649.876772571,16.40,0,0,195,4,34
1649.953836520,16.40,0,0,195,4,34
1650.031720311,16.40,0,0,195,4,34
1650.109339392,16.40,0,0,195,4,34
1650.187142190,16.40,0,0,195,4,34
1650.264402361,16.40,0,0,195,4,34
1650.341615203,16.40,0,0,195,4,34
1650.419612229,16.40,0,0,195,4,34
1650.497216291,16.45,0,0,195,4,34
1650.574315206,16.45,0,0,195,4,34
1650.651982538,16.45,0,0,195,4,34
1650.729546525,16.45,0,0,195,4,34
1650.806286331,16.45,0,0,195,4,34
1650.883554868,16.45,0,0,195,4,34
1650.961485809,16.45,0,0,195,4,34
1651.038671218,16.45,0,0,195,4,34
1651.115638875,16.45,0,0,195,4,34
1651.192987614,16.45,0,0,195,4,34
1651.269895970,16.45,0,0,195,4,34
1651.347300575,16.45,0,0,195,4,34
1651.425562432,16.52,0,0,195,4,34
1651.501512934,16.52,0,0,195,4,34
1651.579267522,16.52,0,0,195,4,34
1651.655943397,16.52,0,0,195,4,34
1651.733153393,16.52,0,0,195,4,34
1651.809385819,16.52,0,0,195,4,34
1651.885032957,16.52,0,0,195,4,34
1651.962416091,16.52,0,0,195,4,34
1652.039938359,16.52,0,0,195,4,34
1652.117052113,16.52,0,0,195,4,34
1652.194576856,16.52,0,0,195,4,34
1652.271560234,16.52,0,0,195,4,34
1652.348643501,16.52,0,0,195,4,34
1652.426082922,16.56,0,0,195,4,34
1652.503418006,16.56,0,0,195,4,34
1652.580411282,16.56,0,0,195,4,34
1652.658219141,16.56,0,0,195,4,34
1652.735409681,16.56,0,0,195,4,34
1652.812483850,16.56,0,0,195,4,34
1652.889240659,16.56,0,0,195,4,34
1652.966413926,16.56,0,0,195,4,34
1653.043880529,16.56,0,0,195,4,34
1653.121263123,16.56,0,0,195,4,34
1653.198301655,16.56,0,0,195,4,34
1653.275088421,16.56,0,0,195,4,34
1653.353743163,16.56,0,0,195,4,34
1653.431850329,16.47,0,0,195,4,34
1653.509160005,16.47,0,0,195,4,34
1653.586604476,16.47,0,0,195,4,34
1653.664083001,16.47,0,0,195,4,34
1653.741038256,16.47,0,0,195,4,34
1653.819639437,16.47,0,0,195,4,34
1653.896822133,16.47,0,0,195,4,34
1653.975228164,16.47,0,0,195,4,34
1654.052012255,16.47,0,0,195,4,34
1654.129191404,16.47,0,0,195,4,34
1654.206831265,16.47,0,0,195,4,34
1654.284135101,16.47,0,0,195,4,34
1654.361609198,16.47,0,0,195,4,34
1654.441702263,16.54,0,0,195,4,34
1654.518790741,16.54,0,0,195,4,34
1654.595974759,16.54,0,0,195,4,34
1654.673462573,16.54,0,0,195,4,34
1654.750704000,16.54,0,0,195,4,34
1654.828639491,16.54,0,0,195,4,34
1654.905977291,16.54,0,0,195,4,34
1654.983217876,16.54,0,0,195,4,34
1655.060826719,16.54,0,0,195,4,34
1655.138648856,16.54,0,0,195,4,34
1655.216262588,16.54,0,0,195,4,34
1655.293934431,16.54,0,0,195,4,34
1655.371130322,16.54,0,0,195,4,34
1655.449467383,16.99,0,0,195,4,34
1655.527163021,16.99,0,0,195,4,34
1655.604062230,16.99,0,0,195,4,34
1655.681246079,16.99,0,0,195,4,34
1655.758391785,16.99,0,0,195,4,34
1655.836636301,16.99,0,0,195,4,34
1655.913914108,16.99,0,0,195,4,34
1655.991009469,16.99,0,0,195,4,34
1656.068428983,16.99,0,0,195,4,34
1656.145677154,16.99,0,0,195,4,34
1656.222680041,16.99,0,0,195,4,34
1656.300253888,16.99,0,0,195,4,34
1656.378110190,16.99,0,0,195,4,34
1656.455724073,16.79,0,0,195,4,34
1656.533842972,16.79,0,0,195,4,34
1656.611258830,16.79,0,0,195,4,34
1656.688398515,16.79,0,0,195,4,34
1656.766243485,16.79,0,0,195,4,34
1656.843353064,16.79,0,0,195,4,34
1656.920645338,16.79,0,0,195,4,34
1656.998384809,16.79,0,0,195,4,34
1657.076141512,16.79,0,0,195,4,34
1657.153548133,16.79,0,0,195,4,34
1657.231239964,16.79,0,0,195,4,34
1657.307965706,16.79,0,0,195,4,34
1657.384273547,16.79,0,0,195,4,34
1657.460536603,16.74,0,0,195,4,34
1657.537601437,16.74,0,0,195,4,34
1657.614148942,16.74,0,0,195,4,34
1657.690841872,16.74,0,0,195,4,34
1657.767854036,16.74,0,0,195,4,34
1657.843981635,16.74,0,0,195,4,34
1657.921443531,16.74,0,0,195,4,34
1657.998925866,16.74,0,0,195,4,34
1658.079024022,16.74,0,0,195,4,34
1658.156902055,16.74,0,0,195,4,34
1658.233844087,16.74,0,0,195,4,34
1658.311660114,16.74,0,0,195,4,34
1658.388929415,16.74,0,0,195,4,34
1658.466872021,16.87,0,0,195,4,34
1658.544408869,16.87,0,0,195,4,34
1658.621621213,16.87,0,0,195,4,34
1658.699063923,16.87,0,0,195,4,34
1658.776200232,16.87,0,0,195,4,34
1658.853796252,16.87,0,0,195,4,34
1658.931768014,16.87,0,0,195,4,34
1659.009474743,16.87,0,0,195,4,34
1659.087006612,16.87,0,0,195,4,34
1659.164391883,16.87,0,0,195,4,34
1659.241840534,16.87,0,0,195,4,34
1659.319035345,16.87,0,0,195,4,34
1659.396852224,16.87,0,0,195,4,34
1659.473957335,16.79,0,0,195,4,34
1659.551141806,16.79,0,0,195,4,34
1659.628264090,16.79,0,0,195,4,34
1659.705314748,16.79,0,0,195,4,34
1659.782549905,16.79,0,0,195,4,34
1659.860190710,16.79,0,0,195,4,34
1659.937284059,16.79,0,0,195,4,34
1660.014834533,16.79,0,0,195,4,34
1660.092321437,16.79,0,0,195,4,34
1660.170222585,16.79,0,0,195,4,34
1660.248042530,16.79,0,0,195,4,34
1660.325242300,16.79,0,0,195,4,34
1660.401892811,16.79,0,0,195,4,34
1660.479289334,16.69,0,0,195,4,34
1660.556542366,16.69,0,0,195,4,34
1660.633528011,16.69,0,0,195,4,34
1660.711654436,16.69,0,0,195,4,34
1660.789471645,16.69,0,0,195,4,34
1660.866916780,16.69,0,0,195,4,34
1660.944950099,16.69,0,0,195,4,34
1661.022250560,16.69,0,0,195,4,34
1661.099359759,16.69,0,0,195,4,34
1661.176419886,16.69,0,0,195,4,34
1661.254103242,16.69,0,0,195,4,34
1661.331198876,16.69,0,0,195,4,34
1661.408760753,16.69,0,0,195,4,34
1661.486029665,16.38,0,0,195,4,34
1661.563484579,16.38,0,0,195,4,34
1661.640533624,16.38,0,0,195,4,34
1661.717637744,16.38,0,0,195,4,34
1661.794430414,16.38,0,0,195,4,34
1661.871758789,16.38,0,0,195,4,34
1661.949259700,16.38,0,0,195,4,34
1662.026312492,16.38,0,0,195,4,34
1662.103474732,16.38,0,0,195,4,34
1662.180731672,16.38,0,0,195,4,34
1662.257201922,16.38,0,0,195,4,34
1662.334014270,16.38,0,0,195,4,34
1662.411160300,16.38,0,0,195,4,34
1662.488467895,16.46,0,0,195,4,34
1662.565787493,16.46,0,0,195,4,34
1662.643132830,16.46,0,0,195,4,34
1662.720687433,16.46,0,0,195,4,34
1662.797649274,16.46,0,0,195,4,34
1662.875195261,16.46,0,0,195,4,34
1662.952115142,16.46,0,0,195,4,34
1663.028449455,16.46,0,0,195,4,34
1663.104921179,16.46,0,0,195,4,34
1663.181673193,16.46,0,0,195,4,34
1663.257658635,16.46,0,0,195,4,34
1663.334474070,16.46,0,0,195,4,34
1663.410837919,16.46,0,0,195,4,34
1663.487219171,16.54,0,0,195,4,34
1663.563931590,16.54,0,0,195,4,34
1663.640708902,16.54,0,0,195,4,34
1663.717801571,16.54,0,0,195,4,34
1663.795012243,16.54,0,0,195,4,34
1663.872319919,16.54,0,0,195,4,34
1663.951345057,16.54,0,0,195,4,34
1664.029198947,16.54,0,0,195,4,34
1664.106606332,16.54,0,0,195,4,34
1664.184226730,16.54,0,0,195,4,34
1664.260926045,16.54,0,0,195,4,34
1664.339262970,16.54,0,0,195,4,34
1664.416647131,16.54,0,0,195,4,34
1664.494454944,16.66,0,0,195,4,34
1664.572849538,16.66,0,0,195,4,34
1664.651107594,16.66,0,0,195,4,34
1664.728270767,16.66,0,0,195,4,34
1664.805320004,16.66,0,0,195,4,34
1664.882744792,16.66,0,0,195,4,34
1664.960333530,16.66,0,0,195,4,34
1665.037851114,16.66,0,0,195,4,34
1665.114812896,16.66,0,0,195,4,34
1665.191923400,16.66,0,0,195,4,34
1665.269130306,16.66,0,0,195,4,34
1665.346257000,16.66,0,0,195,4,34
1665.425317946,16.66,0,0,195,4,34
1665.502680186,16.63,0,0,187,4,34
1665.579904996,16.63,0,0,187,4,34
1665.657290380,16.63,0,0,187,4,34
1665.734285184,16.63,0,0,187,4,34
1665.812055607,16.63,0,0,187,4,34
1665.890118844,16.63,0,0,187,4,34
1665.967989046,16.63,0,0,187,4,34
1666.044936110,16.63,0,0,187,4,34
1666.122816592,16.63,0,0,187,4,34
1666.200286546,16.63,0,0,187,4,34
1666.277315716,16.63,0,0,187,4,34
1666.354767897,16.63,0,0,187,4,34
1666.431932974,16.67,0,0,195,4,34
1666.509684421,16.67,0,0,195,4,34
1666.587084673,16.67,0,0,195,4,34
1666.664295928,16.67,0,0,195,4,34
1666.741962856,16.67,0,0,195,4,34
1666.818918055,16.67,0,0,195,4,34
1666.896243496,16.67,0,0,195,4,34
1666.974291825,16.67,0,0,195,4,34
1667.052195291,16.67,0,0,195,4,34
1667.130098666,16.67,0,0,195,4,34
1667.207254376,16.67,0,0,195,4,34
1667.285309118,16.67,0,0,195,4,34
1667.362567913,16.67,0,0,195,4,34
1667.439604467,16.77,0,0,195,4,34
1667.517017103,16.77,0,0,195,4,34
1667.595269360,16.77,0,0,195,4,34
1667.672924544,16.77,0,0,195,4,34
1667.750263932,16.77,0,0,195,4,34
1667.827821362,16.77,0,0,195,4,34
1667.905652360,16.77,0,0,195,4,34
1667.982863806,16.77,0,0,195,4,34
1668.060413702,16.77,0,0,195,4,34
1668.138269367,16.77,0,0,195,4,34
1668.216769252,16.77,0,0,195,4,34
1668.293970318,16.77,0,0,195,4,34
1668.371313674,16.77,0,0,195,4,34
1668.448901803,16.70,0,0,195,4,34
1668.525930563,16.70,0,0,195,4,34
1668.603685146,16.70,0,0,195,4,34
1668.681308883,16.70,0,0,195,4,34
1668.758858529,16.70,0,0,195,4,34
1668.836474701,16.70,0,0,195,4,34
1668.914335606,16.70,0,0,195,4,34
1668.991637222,16.70,0,0,195,4,34
1669.068328464,16.70,0,0,195,4,34
1669.144467229,16.70,0,0,195,4,34
1669.221240145,16.70,0,0,195,4,34
1669.297940343,16.70,0,0,195,4,34
1669.374809060,16.70,0,0,195,4,34
1669.451673179,16.55,0,0,195,4,34
1669.528129205,16.55,0,0,195,4,34
1669.604942056,16.55,0,0,195,4,34
1669.682961342,16.55,0,0,195,4,34
1669.760364100,16.55,0,0,195,4,34
1669.837086911,16.55,0,0,195,4,34
1669.914543882,16.55,0,0,195,4,34
1669.991721955,16.55,0,0,195,4,34
1670.068787224,16.55,0,0,195,4,34
1670.145735883,16.55,0,0,195,4,34
1670.223148972,16.55,0,0,195,4,34
1670.300643053,16.55,0,0,195,4,34
1670.378151893,16.55,0,0,195,4,34
1670.455451736,16.93,0,0,195,4,34
1670.533263269,16.93,0,0,195,4,34
1670.610356812,16.93,0,0,195,4,34
1670.688066111,16.93,0,0,195,4,34
1670.765377818,16.93,0,0,195,4,34
1670.842702138,16.93,0,0,195,4,34
1670.920081512,16.93,0,0,195,4,34
1670.997214370,16.93,0,0,195,4,34
1671.074573506,16.93,0,0,195,4,34
1671.151804781,16.93,0,0,195,4,34
1671.229202931,16.93,0,0,195,4,34
1671.306745936,16.93,0,0,195,4,34
1671.383942454,16.93,0,0,195,4,34
1671.461281603,16.81,0,0,195,4,34
1671.538400054,16.81,0,0,195,4,34
1671.615926968,16.81,0,0,195,4,34
1671.693196284,16.81,0,0,195,4,34
1671.770345564,16.81,0,0,195,4,34
1671.847938813,16.81,0,0,195,4,34
1671.925889349,16.81,0,0,195,4,34
1672.003652451,16.81,0,0,195,4,34
1672.081358925,16.81,0,0,195,4,34
1672.158953167,16.81,0,0,195,4,34
1672.236634995,16.81,0,0,195,4,34
1672.314410149,16.81,0,0,195,4,34
1672.391871329,16.81,0,0,195,4,34
1672.469396410,16.81,0,0,195,4,34
1672.546815541,16.81,0,0,195,4,34
1672.623985670,16.81,0,0,195,4,34
1672.701338094,16.81,0,0,195,4,34
1672.778608222,16.81,0,0,195,4,34
1672.855736111,16.81,0,0,195,4,34
1672.934075133,16.81,0,0,195,4,34
1673.011181161,16.81,0,0,195,4,34
1673.089921082,16.81,0,0,195,4,34
1673.167463937,16.81,0,0,195,4,34
1673.244564976,16.81,0,0,195,4,34
1673.322170239,16.81,0,0,195,4,34
1673.399476135,16.81,0,0,195,4,34
1673.476976811,16.73,0,0,195,4,34
1673.554525296,16.73,0,0,195,4,34
1673.632522311,16.73,0,0,195,4,34
1673.710294250,16.73,0,0,195,4,34
1673.787866300,16.73,0,0,195,4,34
1673.865236058,16.73,0,0,195,4,34
1673.942726724,16.73,0,0,195,4,34
1674.020167205,16.73,0,0,195,4,34
1674.097956818,16.73,0,0,195,4,34
1674.175337386,16.73,0,0,195,4,34
1674.251842667,16.73,0,0,195,4,34
1674.329294440,16.73,0,0,195,4,34
1674.406776079,16.73,0,0,195,4,34
1674.484330567,16.57,0,0,195,4,34
1674.561885034,16.57,0,0,195,4,34
1674.638734537,16.57,0,0,195,4,34
1674.715518315,16.57,0,0,195,4,34
1674.792880419,16.57,0,0,195,4,34
1674.870291044,16.57,0,0,195,4,34
1674.947117333,16.57,0,0,195,4,34
1675.023826600,16.57,0,0,195,4,34
1675.100748129,16.57,0,0,195,4,34
1675.176863983,16.57,0,0,195,4,34
1675.253099214,16.57,0,0,195,4,34
1675.329900255,16.57,0,0,195,4,34
1675.407612492,16.57,0,0,195,4,34
1675.483967879,16.53,0,0,195,4,34
1675.560781184,16.53,0,0,195,4,34
1675.638151012,16.53,0,0,195,4,34
1675.715370886,16.53,0,0,195,4,34
1675.793083333,16.53,0,0,195,4,34
1675.870311704,16.53,0,0,195,4,34
1675.947635034,16.53,0,0,195,4,34
1676.024592591,16.53,0,0,195,4,34
1676.102239665,16.53,0,0,195,4,34
1676.179276463,16.53,0,0,195,4,34
1676.256335263,16.53,0,0,195,4,34
1676.334042690,16.53,0,0,195,4,34
1676.410947469,16.53,0,0,195,4,34
1676.488300425,16.52,0,0,195,4,34
1676.566041747,16.52,0,0,195,4,34
1676.643257163,16.52,0,0,195,4,34
1676.721053419,16.52,0,0,195,4,34
1676.798160300,16.52,0,0,195,4,34
1676.876479586,16.52,0,0,195,4,34
1676.954174360,16.52,0,0,195,4,34
1677.031446444,16.52,0,0,195,4,34
1677.108582690,16.52,0,0,195,4,34
1677.185262453,16.52,0,0,195,4,34
1677.262467189,16.52,0,0,195,4,34
1677.340108683,16.52,0,0,195,4,34
1677.417918324,16.52,0,0,195,4,34
1677.495600575,16.48,0,0,195,4,34
1677.572777338,16.48,0,0,195,4,34
1677.649940847,16.48,0,0,195,4,34
1677.727537375,16.48,0,0,195,4,34
1677.805987279,16.48,0,0,195,4,34
1677.882592350,16.48,0,0,195,4,34
1677.959745388,16.48,0,0,195,4,34
1678.036574343,16.48,0,0,195,4,34
1678.113958159,16.48,0,0,195,4,34
1678.191271872,16.48,0,0,195,4,34
1678.269059923,16.48,0,0,195,4,34
1678.346631334,16.48,0,0,195,4,34
1678.425186818,16.48,0,0,195,4,34
1678.503295406,16.59,0,0,195,4,34
1678.581367375,16.59,0,0,195,4,34
1678.659279441,16.59,0,0,195,4,34
1678.736514936,16.59,0,0,195,4,34
1678.814278160,16.59,0,0,195,4,34
1678.892454827,16.59,0,0,195,4,34
1678.970039914,16.59,0,0,195,4,34
1679.047444178,16.59,0,0,195,4,34
1679.124846229,16.59,0,0,195,4,34
1679.202069231,16.59,0,0,195,4,34
1679.279041959,16.59,0,0,195,4,34
1679.356437638,16.59,0,0,195,4,34
1679.435522624,16.69,0,0,195,4,34
1679.513613219,16.69,0,0,195,4,34
1679.590710643,16.69,0,0,195,4,34
1679.667776818,16.69,0,0,195,4,34
1679.745823028,16.69,0,0,195,4,34
1679.823369232,16.69,0,0,195,4,34
1679.900794757,16.69,0,0,195,4,34
1679.978602386,16.69,0,0,195,4,34
1680.055440579,16.69,0,0,195,4,34
1680.134120700,16.69,0,0,195,4,34
1680.211823390,16.69,0,0,195,4,34
1680.288837046,16.69,0,0,195,4,34
1680.365783003,16.69,0,0,195,4,34
1680.443218037,16.76,0,0,195,4,34
1680.519935302,16.76,0,0,195,4,34
1680.597551698,16.76,0,0,195,4,34
1680.674264104,16.76,0,0,195,4,34
1680.751146762,16.76,0,0,195,4,34
1680.828059617,16.76,0,0,195,4,34
1680.904271184,16.76,0,0,195,4,34
1680.981130507,16.76,0,0,195,4,34
1681.057905221,16.76,0,0,195,4,34
1681.135098597,16.76,0,0,195,4,34
1681.211974793,16.76,0,0,195,4,34
1681.288263527,16.76,0,0,195,4,34
1681.364676135,16.76,0,0,195,4,34
1681.441893747,16.81,0,0,195,4,34
1681.519616205,16.81,0,0,195,4,34
1681.598324058,16.81,0,0,195,4,34
1681.675726200,16.81,0,0,195,4,34
1681.753550030,16.81,0,0,195,4,34
1681.830570299,16.81,0,0,195,4,34
1681.909483281,16.81,0,0,195,4,34
1681.987310257,16.81,0,0,195,4,34
1682.065141741,16.81,0,0,195,4,34
1682.142185385,16.81,0,0,195,4,34
1682.218879156,16.81,0,0,195,4,34
1682.296028960,16.81,0,0,195,4,34
1682.373242816,16.81,0,0,195,4,34
1682.450230954,16.91,0,0,195,4,34
1682.528166936,16.91,0,0,195,4,34
1682.605414726,16.91,0,0,195,4,34
1682.682500048,16.91,0,0,195,4,34
1682.759632690,16.91,0,0,195,4,34
1682.837107049,16.91,0,0,195,4,34
1682.914481769,16.91,0,0,195,4,34
1682.992074883,16.91,0,0,195,4,34
1683.069027684,16.91,0,0,195,4,34
1683.146388588,16.91,0,0,195,4,34
1683.223082720,16.91,0,0,195,4,34
1683.299970379,16.91,0,0,195,4,34
1683.377249859,16.91,0,0,195,4,34
1683.454463725,16.64,0,0,195,4,34
1683.531411858,16.64,0,0,195,4,34
1683.608855078,16.64,0,0,195,4,34
1683.686415350,16.64,0,0,195,4,34
1683.763641529,16.64,0,0,195,4,34
1683.841273296,16.64,0,0,195,4,34
1683.918404135,16.64,0,0,195,4,34
1683.995896037,16.64,0,0,195,4,34
1684.073095706,16.64,0,0,195,4,34
1684.150955906,16.64,0,0,195,4,34
1684.228330818,16.64,0,0,195,4,34
1684.305437852,16.64,0,0,195,4,34
1684.382338024,16.64,0,0,195,4,34
1684.461766563,16.75,0,0,195,4,34
1684.539344529,16.75,0,0,195,4,34
1684.616430152,16.75,0,0,195,4,34
1684.693959185,16.75,0,0,195,4,34
1684.771663310,16.75,0,0,195,4,34
1684.848704178,16.75,0,0,195,4,34
1684.925757561,16.75,0,0,195,4,34
1685.003410659,16.75,0,0,195,4,34
1685.082060875,16.75,0,0,195,4,34
1685.159942135,16.75,0,0,195,4,34
1685.237279736,16.75,0,0,195,4,34
1685.314772871,16.75,0,0,195,4,34
1685.392293419,16.75,0,0,195,4,34
1685.469463583,16.90,0,0,195,4,34
1685.546833635,16.90,0,0,195,4,34
1685.624378458,16.90,0,0,195,4,34
1685.701383019,16.90,0,0,195,4,34
1685.778569143,16.90,0,0,195,4,34
1685.855598560,16.90,0,0,195,4,34
1685.934734285,16.90,0,0,195,4,34
1686.011889581,16.90,0,0,195,4,34
1686.089433403,16.90,0,0,195,4,34
1686.166470755,16.90,0,0,195,4,34
1686.243078956,16.90,0,0,195,4,34
1686.321042723,16.90,0,0,195,4,34
1686.397301401,16.90,0,0,195,4,34
1686.474286525,16.72,0,0,195,4,34
1686.551543764,16.72,0,0,195,4,34
1686.628977147,16.72,0,0,195,4,34
1686.705941902,16.72,0,0,195,4,34
1686.782911557,16.72,0,0,195,4,34
1686.858819742,16.72,0,0,195,4,34
1686.937918959,16.72,0,0,195,4,34
1687.014947936,16.72,0,0,195,4,34
1687.091702153,16.72,0,0,195,4,34
1687.168876475,16.72,0,0,195,4,34
1687.245762632,16.72,0,0,195,4,34
1687.322377014,16.72,0,0,195,4,34
1687.399100714,16.72,0,0,195,4,34
1687.475810808,16.73,0,0,195,4,34
1687.552688659,16.73,0,0,195,4,34
1687.630407613,16.73,0,0,195,4,34
1687.707745735,16.73,0,0,195,4,34
1687.784977436,16.73,0,0,195,4,34
1687.862275794,16.73,0,0,195,4,34
1687.939018039,16.73,0,0,195,4,34
1688.016015666,16.73,0,0,195,4,34
1688.093173588,16.73,0,0,195,4,34
1688.169780867,16.73,0,0,195,4,34
1688.248004968,16.73,0,0,195,4,34
1688.325223765,16.73,0,0,195,4,34
1688.402570825,16.73,0,0,195,4,34
1688.480137390,16.64,0,0,195,4,34
1688.557466306,16.64,0,0,195,4,34
1688.635082215,16.64,0,0,195,4,34
1688.712821628,16.64,0,0,195,4,34
1688.790457615,16.64,0,0,195,4,34
1688.867459541,16.64,0,0,195,4,34
1688.944416693,16.64,0,0,195,4,34
1689.021917694,16.64,0,0,195,4,34
1689.099272379,16.64,0,0,195,4,34
1689.176550328,16.64,0,0,195,4,34
1689.253625193,16.64,0,0,195,4,34
1689.331358104,16.64,0,0,195,4,34
1689.408632807,16.64,0,0,195,4,34
1689.485749802,16.60,0,0,195,4,34
1689.563509644,16.60,0,0,195,4,34
1689.640668949,16.60,0,0,195,4,34
1689.718060553,16.60,0,0,195,4,34
1689.795250727,16.60,0,0,195,4,34
1689.872000185,16.60,0,0,195,4,34
1689.949445292,16.60,0,0,195,4,34
1690.026561104,16.60,0,0,195,4,34
1690.104368747,16.60,0,0,195,4,34
1690.181031752,16.60,0,0,195,4,34
1690.257840263,16.60,0,0,195,4,34
1690.335042079,16.60,0,0,195,4,34
1690.412012456,16.60,0,0,195,4,34
1690.488972965,16.62,0,0,195,4,34
1690.565905100,16.62,0,0,195,4,34
1690.642925202,16.62,0,0,195,4,34
1690.720726011,16.62,0,0,195,4,34
1690.798508417,16.62,0,0,195,4,34
1690.877444416,16.62,0,0,195,4,34
1690.955703453,16.62,0,0,195,4,34
1691.034752025,16.62,0,0,195,4,34
1691.112288946,16.62,0,0,195,4,34
1691.189538803,16.62,0,0,195,4,34
1691.266859925,16.62,0,0,195,4,34
1691.344269304,16.62,0,0,195,4,34
1691.422072398,16.62,0,0,195,4,34
1691.499398399,16.58,0,0,187,4,34
1691.576715403,16.58,0,0,187,4,34
1691.654532484,16.58,0,0,187,4,34
1691.731704534,16.58,0,0,187,4,34
1691.808874309,16.58,0,0,187,4,34
1691.886470182,16.58,0,0,187,4,34
1691.964044703,16.58,0,0,187,4,34
1692.041361006,16.58,0,0,187,4,34
1692.118390767,16.58,0,0,187,4,34
1692.195440475,16.58,0,0,187,4,34
1692.272587808,16.58,0,0,187,4,34
1692.350250578,16.58,0,0,187,4,34
1692.427442355,16.58,0,0,187,4,34
1692.505255108,16.71,0,0,195,4,34
1692.582254762,16.71,0,0,195,4,34
1692.658806487,16.71,0,0,195,4,34
1692.735786253,16.71,0,0,195,4,34
1692.812162497,16.71,0,0,195,4,34
1692.888749198,16.71,0,0,195,4,34
1692.965875812,16.71,0,0,195,4,34
1693.042796456,16.71,0,0,195,4,34
1693.119180755,16.71,0,0,195,4,34
1693.196273496,16.71,0,0,195,4,34
1693.272283506,16.71,0,0,195,4,34
1693.349246350,16.71,0,0,195,4,34
1693.426311448,16.71,0,0,195,4,34
1693.502620284,16.82,0,0,195,4,34
1693.578836395,16.82,0,0,195,4,34
1693.656043331,16.82,0,0,195,4,34
1693.733384402,16.82,0,0,195,4,34
1693.810595085,16.82,0,0,195,4,34
1693.888140673,16.82,0,0,195,4,34
1693.965274170,16.82,0,0,195,4,34
1694.042767078,16.82,0,0,195,4,34
1694.120818143,16.82,0,0,195,4,34
1694.199283503,16.82,0,0,195,4,34
1694.277728744,16.82,0,0,195,4,34
1694.355845093,16.82,0,0,195,4,34
1694.433794586,16.82,0,0,195,4,34
1694.510903016,16.75,0,0,195,4,34
1694.588035883,16.75,0,0,195,4,34
1694.665445483,16.75,0,0,195,4,34
1694.743031838,16.75,0,0,195,4,34
1694.819959226,16.75,0,0,195,4,34
1694.897704682,16.75,0,0,195,4,34
1694.975825479,16.75,0,0,195,4,34
1695.053175898,16.75,0,0,195,4,34
1695.130630765,16.75,0,0,195,4,34
1695.208254621,16.75,0,0,195,4,34
1695.285881213,16.75,0,0,195,4,34
1695.363021263,16.75,0,0,195,4,34
1695.441359572,16.66,0,0,195,4,34
1695.518243608,16.66,0,0,195,4,34
1695.596181469,16.66,0,0,195,4,34
1695.673077157,16.66,0,0,195,4,34
1695.750000167,16.66,0,0,195,4,34
1695.827155136,16.66,0,0,195,4,34
1695.904760537,16.66,0,0,195,4,34
1695.982069117,16.66,0,0,195,4,34
1696.059237742,16.66,0,0,195,4,34
1696.137120579,16.66,0,0,195,4,34
1696.214927903,16.66,0,0,195,4,34
1696.293049773,16.66,0,0,195,4,34
1696.370430159,16.66,0,0,195,4,34
1696.448886072,16.72,0,0,195,4,34
1696.526886311,16.72,0,0,195,4,34
1696.604236821,16.72,0,0,195,4,34
1696.681604623,16.72,0,0,195,4,34
1696.759127689,16.72,0,0,195,4,34
1696.836367809,16.72,0,0,195,4,34
1696.915165999,16.72,0,0,195,4,34
1696.992574388,16.72,0,0,195,4,34
1697.069599973,16.72,0,0,195,4,34
1697.146859500,16.72,0,0,195,4,34
1697.223662012,16.72,0,0,195,4,34
1697.301012592,16.72,0,0,195,4,34
1697.379185329,16.72,0,0,195,4,34
1697.457033300,16.74,0,0,195,4,34
1697.534554213,16.74,0,0,195,4,34
1697.611941281,16.74,0,0,195,4,34
1697.689248920,16.74,0,0,195,4,34
1697.766991432,16.74,0,0,195,4,34
1697.844736519,16.74,0,0,195,4,34
1697.921095010,16.74,0,0,195,4,34
1697.999030137,16.74,0,0,195,4,34
1698.076957188,16.74,0,0,195,4,34
1698.154115955,16.74,0,0,195,4,34
1698.232219081,16.74,0,0,195,4,34
1698.309125690,16.74,0,0,195,4,34
1698.386154692,16.74,0,0,195,4,34
1698.462567877,16.75,0,0,195,4,34
1698.539478284,16.75,0,0,195,4,34
1698.615762064,16.75,0,0,195,4,34
1698.692859525,16.75,0,0,195,4,34
1698.768871331,16.75,0,0,195,4,34
1698.845254419,16.75,0,0,195,4,34
1698.921251887,16.75,0,0,195,4,34
1698.997744974,16.75,0,0,195,4,34
1699.074896558,16.75,0,0,195,4,34
1699.151210115,16.75,0,0,195,4,34
1699.227488034,16.75,0,0,195,4,34
1699.304473524,16.75,0,0,195,4,34
1699.381288601,16.75,0,0,195,4,34
1699.461288637,16.64,0,0,195,4,34
1699.538576339,16.64,0,0,195,4,34
1699.616189256,16.64,0,0,195,4,34
1699.694547084,16.64,0,0,195,4,34
1699.772390527,16.64,0,0,195,4,34
1699.849307918,16.64,0,0,195,4,34
1699.928100228,16.64,0,0,195,4,34
1700.006067066,16.64,0,0,195,4,34
1700.083662170,16.64,0,0,195,4,34
1700.161071732,16.64,0,0,195,4,34
1700.238414528,16.64,0,0,195,4,34
1700.317746621,16.64,0,0,195,4,34
1700.395966929,16.64,0,0,195,4,34
1700.473566581,16.74,0,0,195,4,34
1700.551496539,16.74,0,0,195,4,34
1700.629483094,16.74,0,0,195,4,34
1700.706926460,16.74,0,0,195,4,34
1700.784439709,16.74,0,0,195,4,34
1700.862264919,16.74,0,0,195,4,34
1700.941715947,16.74,0,0,195,4,34
1701.019037833,16.74,0,0,195,4,34
1701.096198315,16.74,0,0,195,4,34
1701.173748764,16.74,0,0,195,4,34
1701.250757037,16.74,0,0,195,4,34
1701.327961081,16.74,0,0,195,4,34
1701.405355596,16.74,0,0,195,4,34
1701.483005374,16.68,0,0,195,4,34
1701.560455023,16.68,0,0,195,4,34
1701.638068321,16.68,0,0,195,4,34
1701.715914742,16.68,0,0,195,4,34
1701.793576292,16.68,0,0,195,4,34
1701.870581990,16.68,0,0,195,4,34
1701.948291501,16.68,0,0,195,4,34
1702.025866086,16.68,0,0,195,4,34
1702.103163197,16.68,0,0,195,4,34
1702.180204703,16.68,0,0,195,4,34
1702.257859841,16.68,0,0,195,4,34
1702.335412285,16.68,0,0,195,4,34
1702.412966141,16.68,0,0,195,4,34
1702.489950259,16.53,0,0,195,4,34
1702.567135558,16.53,0,0,195,4,34
1702.644477323,16.53,0,0,195,4,34
1702.722471022,16.53,0,0,195,4,34
1702.799961910,16.53,0,0,195,4,34
1702.877733689,16.53,0,0,195,4,34
1702.954682971,16.53,0,0,195,4,34
1703.031786144,16.53,0,0,195,4,34
1703.108861726,16.53,0,0,195,4,34
1703.186554846,16.53,0,0,195,4,34
1703.264017300,16.53,0,0,195,4,34
1703.341423628,16.53,0,0,195,4,34
1703.418717022,16.53,0,0,195,4,34
1703.496421975,16.72,0,0,195,4,34
1703.573896712,16.72,0,0,195,4,34
1703.651394051,16.72,0,0,195,4,34
1703.728844282,16.72,0,0,195,4,34
1703.806095155,16.72,0,0,195,4,34
1703.883517513,16.72,0,0,195,4,34
1703.960578818,16.72,0,0,195,4,34
1704.038109471,16.72,0,0,195,4,34
1704.115530526,16.72,0,0,195,4,34
1704.192756212,16.72,0,0,195,4,34
1704.269934889,16.72,0,0,195,4,34
1704.346735871,16.72,0,0,195,4,34
1704.424293535,16.72,0,0,195,4,34
1704.501159340,16.66,0,0,195,4,34
1704.578051104,16.66,0,0,195,4,34
1704.655122277,16.66,0,0,195,4,34
1704.731983934,16.66,0,0,195,4,34
1704.808672924,16.66,0,0,195,4,34
1704.885239091,16.66,0,0,195,4,34
1704.962084006,16.66,0,0,195,4,34
1705.038546757,16.66,0,0,195,4,34
1705.115262688,16.66,0,0,195,4,34
1705.192825002,16.66,0,0,195,4,34
1705.270390332,16.66,0,0,195,4,34
1705.347609105,16.66,0,0,195,4,34
1705.424737347,16.66,0,0,195,4,34
1705.502281015,16.73,0,0,195,4,34
1705.579284931,16.73,0,0,195,4,34
1705.657735928,16.73,0,0,195,4,34
1705.735355359,16.73,0,0,195,4,34
1705.812378893,16.73,0,0,195,4,34
1705.889391265,16.73,0,0,195,4,34
1705.966996931,16.73,0,0,195,4,34
1706.044363754,16.73,0,0,195,4,34
1706.121377610,16.73,0,0,195,4,34
1706.198712133,16.73,0,0,195,4,34
1706.275825066,16.73,0,0,195,4,34
1706.352877184,16.73,0,0,195,4,34
1706.430165670,16.73,0,0,195,4,34
1706.507829806,16.71,0,0,195,4,34
1706.585938565,16.71,0,0,195,4,34
1706.663150004,16.71,0,0,195,4,34
1706.739814178,16.71,0,0,195,4,34
1706.817181302,16.71,0,0,195,4,34
1706.894445281,16.71,0,0,195,4,34
1706.971633397,16.71,0,0,195,4,34
1707.048536212,16.71,0,0,195,4,34
1707.125456581,16.71,0,0,195,4,34
1707.203033092,16.71,0,0,195,4,34
1707.279922903,16.71,0,0,195,4,34
1707.357280239,16.71,0,0,195,4,34
1707.434751030,16.71,0,0,195,4,34
1707.512110180,16.68,0,0,195,4,34
1707.589389549,16.68,0,0,195,4,34
1707.666655151,16.68,0,0,195,4,34
1707.744263483,16.68,0,0,195,4,34
1707.821256780,16.68,0,0,195,4,34
1707.898180856,16.68,0,0,195,4,34
1707.975746286,16.68,0,0,195,4,34
1708.052442540,16.68,0,0,195,4,34
1708.129682966,16.68,0,0,195,4,34
1708.206984918,16.68,0,0,195,4,34
1708.283923601,16.68,0,0,195,4,34
1708.361332375,16.68,0,0,195,4,34
1708.438455599,16.68,0,0,195,4,34
1708.515859794,17.17,0,0,195,4,34
1708.593379929,17.17,0,0,195,4,34
1708.670575619,17.17,0,0,195,4,34
1708.748133175,17.17,0,0,195,4,34
1708.825129167,17.17,0,0,195,4,34
1708.901974134,17.17,0,0,195,4,34
1708.979090564,17.17,0,0,195,4,34
1709.056320299,17.17,0,0,195,4,34
1709.133244456,17.17,0,0,195,4,34
1709.210077671,17.17,0,0,195,4,34
1709.287986882,17.17,0,0,195,4,34
1709.365351924,17.17,0,0,195,4,34
1709.443312663,17.17,0,0,195,4,34
1709.520618482,16.67,0,0,195,4,34
1709.597677655,16.67,0,0,195,4,34
1709.674860020,16.67,0,0,195,4,34
1709.752414470,16.67,0,0,195,4,34
1709.829461841,16.67,0,0,195,4,34
1709.905977704,16.67,0,0,195,4,34
1709.982898034,16.67,0,0,195,4,34
1710.060176812,16.67,0,0,195,4,34
1710.137359038,16.67,0,0,195,4,34
1710.214316257,16.67,0,0,195,4,34
1710.290873710,16.67,0,0,195,4,34
1710.367844345,16.67,0,0,195,4,34
1710.445804103,16.67,0,0,195,4,34
1710.522188037,16.65,0,0,195,4,34
1710.598789193,16.65,0,0,195,4,34
1710.675535884,16.65,0,0,195,4,34
1710.751511485,16.65,0,0,195,4,34
1710.828488122,16.65,0,0,195,4,34
1710.905092183,16.65,0,0,195,4,34
1710.981401836,16.65,0,0,195,4,34
1711.058688119,16.65,0,0,195,4,34
1711.134912031,16.65,0,0,195,4,34
1711.211768300,16.65,0,0,195,4,34
1711.289315056,16.65,0,0,195,4,34
1711.366955169,16.65,0,0,195,4,34
1711.446177187,16.65,0,0,195,4,34
1711.523710759,16.67,0,0,195,4,34
1711.601190358,16.67,0,0,195,4,34
1711.679004480,16.67,0,0,195,4,34
1711.756109130,16.67,0,0,195,4,34
1711.833559634,16.67,0,0,195,4,34
1711.910941257,16.67,0,0,195,4,34
1711.988791909,16.67,0,0,195,4,34
1712.066039349,16.67,0,0,195,4,34
1712.143583781,16.67,0,0,195,4,34
1712.220828355,16.67,0,0,195,4,34
1712.298773136,16.67,0,0,195,4,34
1712.376042246,16.67,0,0,195,4,34
1712.453972439,16.75,0,0,195,4,34
1712.531251479,16.75,0,0,195,4,34
1712.608445177,16.75,0,0,195,4,34
1712.686055524,16.75,0,0,195,4,34
1712.763234474,16.75,0,0,195,4,34
1712.840460894,16.75,0,0,195,4,34
1712.917603816,16.75,0,0,195,4,34
1712.994939503,16.75,0,0,195,4,34
1713.072254752,16.75,0,0,195,4,34
1713.149487975,16.75,0,0,195,4,34
1713.226352019,16.75,0,0,195,4,34
1713.303389492,16.75,0,0,195,4,34
1713.380573753,16.75,0,0,195,4,34
1713.457948133,16.58,0,0,195,4,34
1713.534899303,16.58,0,0,195,4,34
1713.612217918,16.58,0,0,195,4,34
1713.689233479,16.58,0,0,195,4,34
1713.766339191,16.58,0,0,195,4,34
1713.843606518,16.58,0,0,195,4,34
1713.920846214,16.58,0,0,195,4,34
1713.998190518,16.58,0,0,195,4,34
1714.076230489,16.58,0,0,195,4,34
1714.153330330,16.58,0,0,195,4,34
1714.230641191,16.58,0,0,195,4,34
1714.307453307,16.58,0,0,195,4,34
1714.384989454,16.58,0,0,195,4,34
1714.463335445,16.65,0,0,195,4,34
1714.540632239,16.65,0,0,195,4,34
1714.618257875,16.65,0,0,195,4,34
1714.695416568,16.65,0,0,195,4,34
1714.772821066,16.65,0,0,195,4,34
1714.850873972,16.65,0,0,195,4,34
1714.928181015,16.65,0,0,195,4,34
1715.005535979,16.65,0,0,195,4,34
1715.082644056,16.65,0,0,195,4,34
1715.159998269,16.65,0,0,195,4,34
1715.237092640,16.65,0,0,195,4,34
1715.314565568,16.65,0,0,195,4,34
1715.392048976,16.65,0,0,195,4,34
1715.469666388,16.86,0,0,195,4,34
1715.546832625,16.86,0,0,195,4,34
1715.624233226,16.86,0,0,195,4,34
1715.701359978,16.86,0,0,195,4,34
1715.779028056,16.86,0,0,195,4,34
1715.856443264,16.86,0,0,195,4,34
1715.934484618,16.86,0,0,195,4,34
1716.011595791,16.86,0,0,195,4,34
1716.089718730,16.86,0,0,195,4,34
1716.167202819,16.86,0,0,195,4,34
1716.244205988,16.86,0,0,195,4,34
1716.320847522,16.86,0,0,195,4,34
1716.397996677,16.86,0,0,195,4,34
1716.474807863,16.82,0,0,195,4,34
1716.551617335,16.82,0,0,195,4,34
1716.628018003,16.82,0,0,195,4,34
1716.705288748,16.82,0,0,195,4,34
1716.781836504,16.82,0,0,195,4,34
1716.858272700,16.82,0,0,195,4,34
1716.934810217,16.82,0,0,195,4,34
1717.011485966,16.82,0,0,195,4,34
1717.089591893,16.82,0,0,195,4,34
1717.166849443,16.82,0,0,195,4,34
1717.244310710,16.82,0,0,195,4,34
1717.321655165,16.82,0,0,195,4,34
1717.398703169,16.82,0,0,195,4,34
1717.476120092,16.69,0,0,187,4,34
1717.553275489,16.69,0,0,187,4,34
1717.630429604,16.69,0,0,187,4,34
1717.708392119,16.69,0,0,187,4,34
1717.784980022,16.69,0,0,187,4,34
1717.862384962,16.69,0,0,187,4,34
1717.939589212,16.69,0,0,187,4,34
1718.017120000,16.69,0,0,187,4,34
1718.094206157,16.69,0,0,187,4,34
1718.171320747,16.69,0,0,187,4,34
1718.248476846,16.69,0,0,187,4,34
1718.326311991,16.69,0,0,187,4,34
1718.405333512,16.69,0,0,187,4,34
1718.483142828,16.60,0,0,195,4,34
1718.561065068,16.60,0,0,195,4,34
1718.638384406,16.60,0,0,195,4,34
1718.717175240,16.60,0,0,195,4,34
1718.794865380,16.60,0,0,195,4,34
1718.871953891,16.60,0,0,195,4,34
1718.951483134,16.60,0,0,195,4,34
1719.028654462,16.60,0,0,195,4,34
1719.106181804,16.60,0,0,195,4,34
1719.183434787,16.60,0,0,195,4,34
1719.260982838,16.60,0,0,195,4,34
1719.338846417,16.60,0,0,195,4,34
1719.415988220,16.60,0,0,195,4,34
1719.493782527,16.57,0,0,195,4,34
1719.570803310,16.57,0,0,195,4,34
1719.649194819,16.57,0,0,195,4,34
1719.727085810,16.57,0,0,195,4,34
1719.804143543,16.57,0,0,195,4,34
1719.882015448,16.57,0,0,195,4,34
1719.959830765,16.57,0,0,195,4,34
1720.037445533,16.57,0,0,195,4,34
1720.114339306,16.57,0,0,195,4,34
1720.191927243,16.57,0,0,195,4,34
1720.269486867,16.57,0,0,195,4,34
1720.346703882,16.57,0,0,195,4,34
1720.424177944,16.57,0,0,195,4,34
1720.501721948,16.61,0,0,195,4,34
1720.579415225,16.61,0,0,195,4,34
1720.656978626,16.61,0,0,195,4,34
1720.734083879,16.61,0,0,195,4,34
1720.811734435,16.61,0,0,195,4,34
1720.889116653,16.61,0,0,195,4,34
1720.966462281,16.61,0,0,195,4,34
1721.044197428,16.61,0,0,195,4,34
1721.121396198,16.61,0,0,195,4,34
1721.198809706,16.61,0,0,195,4,34
1721.275718077,16.61,0,0,195,4,34
1721.353592848,16.61,0,0,195,4,34
1721.430857904,16.61,0,0,195,4,34
1721.508339751,16.73,0,0,195,4,34
1721.585107476,16.73,0,0,195,4,34
1721.662163236,16.73,0,0,195,4,34
1721.739032272,16.73,0,0,195,4,34
1721.815931586,16.73,0,0,195,4,34
1721.892990552,16.73,0,0,195,4,34
1721.969948898,16.73,0,0,195,4,34
1722.046774402,16.73,0,0,195,4,34
1722.123945962,16.73,0,0,195,4,34
1722.200738834,16.73,0,0,195,4,34
1722.277403194,16.73,0,0,195,4,34
1722.354383100,16.73,0,0,195,4,34
1722.431303184,16.73,0,0,195,4,34
1722.509380529,16.83,0,0,195,4,34
1722.587036716,16.83,0,0,195,4,34
1722.663563014,16.83,0,0,195,4,34
1722.739670108,16.83,0,0,195,4,34
1722.815864287,16.83,0,0,195,4,34
1722.892455047,16.83,0,0,195,4,34
1722.969925613,16.83,0,0,195,4,34
1723.046972376,16.83,0,0,195,4,34
1723.124405101,16.83,0,0,195,4,34
1723.201182364,16.83,0,0,195,4,34
1723.278428375,16.83,0,0,195,4,34
1723.356219458,16.83,0,0,195,4,34
1723.433413721,16.83,0,0,195,4,34
1723.512246426,16.82,0,0,195,4,34
1723.589653803,16.82,0,0,195,4,34
1723.666802500,16.82,0,0,195,4,34
1723.744515194,16.82,0,0,195,4,34
1723.824019201,16.82,0,0,195,4,34
1723.901481481,16.82,0,0,195,4,34
1723.979149561,16.82,0,0,195,4,34
1724.057061633,16.82,0,0,195,4,34
1724.134466385,16.82,0,0,195,4,34
1724.212119297,16.82,0,0,195,4,34
1724.289047537,16.82,0,0,195,4,34
1724.366052001,16.82,0,0,195,4,34
1724.443999260,16.82,0,0,195,4,34
1724.521304784,16.96,0,0,195,4,34
1724.598559071,16.96,0,0,195,4,34
1724.675759716,16.96,0,0,195,4,34
1724.752996981,16.96,0,0,195,4,34
1724.830059625,16.96,0,0,195,4,34
1724.907320845,16.96,0,0,195,4,34
1724.986029757,16.96,0,0,195,4,34
1725.063780143,16.96,0,0,195,4,34
1725.141189214,16.96,0,0,195,4,34
1725.219147173,16.96,0,0,195,4,34
1725.296878895,16.96,0,0,195,4,34
1725.374391972,16.96,0,0,195,4,34
1725.451508509,16.79,0,0,195,4,34
1725.529012268,16.79,0,0,195,4,34
1725.606714674,16.79,0,0,195,4,34
1725.683969462,16.79,0,0,195,4,34
1725.761175579,16.79,0,0,195,4,34
1725.838364752,16.79,0,0,195,4,34
1725.915544048,16.79,0,0,195,4,34
1725.992660634,16.79,0,0,195,4,34
1726.070323816,16.79,0,0,195,4,34
1726.147244242,16.79,0,0,195,4,34
1726.224824617,16.79,0,0,195,4,34
1726.302443915,16.79,0,0,195,4,34
1726.379397474,16.79,0,0,195,4,34
1726.456716955,16.80,0,0,195,4,34
1726.534650729,16.80,0,0,195,4,34
1726.611889518,16.80,0,0,195,4,34
1726.689146470,16.80,0,0,195,4,34
1726.766331016,16.80,0,0,195,4,34
1726.844512379,16.80,0,0,195,4,34
1726.921873028,16.80,0,0,195,4,34
1727.000092463,16.80,0,0,195,4,34
1727.077483330,16.80,0,0,195,4,34
1727.154713191,16.80,0,0,195,4,34
1727.231602218,16.80,0,0,195,4,34
1727.308488739,16.80,0,0,195,4,34
1727.386794839,16.80,0,0,195,4,34
1727.464327534,16.82,0,0,195,4,34
1727.541739962,16.82,0,0,195,4,34
1727.619426979,16.82,0,0,195,4,34
1727.696956488,16.82,0,0,195,4,34
1727.774836842,16.82,0,0,195,4,34
1727.852286049,16.82,0,0,195,4,34
1727.929727982,16.82,0,0,195,4,34
1728.007384852,16.82,0,0,195,4,34
1728.084622739,16.82,0,0,195,4,34
1728.160535878,16.82,0,0,195,4,34
1728.237395449,16.82,0,0,195,4,34
1728.313790992,16.82,0,0,195,4,34
1728.389777940,16.82,0,0,195,4,34
1728.466915037,16.78,0,0,195,4,34
1728.545130956,16.78,0,0,195,4,34
1728.621248602,16.78,0,0,195,4,34
1728.698146876,16.78,0,0,195,4,34
1728.775037616,16.78,0,0,195,4,34
1728.851739629,16.78,0,0,195,4,34
1728.929313903,16.78,0,0,195,4,34
1729.006398190,16.78,0,0,195,4,34
1729.084014925,16.78,0,0,195,4,34
1729.161937639,16.78,0,0,195,4,34
1729.239059547,16.78,0,0,195,4,34
1729.316144094,16.78,0,0,195,4,34
1729.393410396,16.78,0,0,195,4,34
1729.471726655,16.87,0,0,195,4,34
1729.548984270,16.87,0,0,195,4,34
1729.626275990,16.87,0,0,195,4,34
1729.704009115,16.87,0,0,195,4,34
1729.781252794,16.87,0,0,195,4,34
1729.858306472,16.87,0,0,195,4,34
1729.935254441,16.87,0,0,195,4,34
1730.013865088,16.87,0,0,195,4,34
1730.091181284,16.87,0,0,195,4,34
1730.168780406,16.87,0,0,195,4,34
1730.248105646,16.87,0,0,195,4,34
1730.325443213,16.87,0,0,195,4,34
1730.402718883,16.87,0,0,195,4,34
1730.480203368,16.97,0,0,195,4,34
1730.557893752,16.97,0,0,195,4,34
1730.635730755,16.97,0,0,195,4,34
1730.713350897,16.97,0,0,195,4,34
1730.791263572,16.97,0,0,195,4,34
1730.868938879,16.97,0,0,195,4,34
1730.947786384,16.97,0,0,195,4,34
1731.025398411,16.97,0,0,195,4,34
1731.102974249,16.97,0,0,195,4,34
1731.181913038,16.97,0,0,195,4,34
1731.259256246,16.97,0,0,195,4,34
1731.338618446,16.97,0,0,195,4,34
1731.416623657,16.97,0,0,195,4,34
1731.493922100,16.55,0,0,195,4,34
1731.570856294,16.55,0,0,195,4,34
1731.647745141,16.55,0,0,195,4,34
1731.725495510,16.55,0,0,195,4,34
1731.802753767,16.55,0,0,195,4,34
1731.879890053,16.55,0,0,195,4,34
1731.957508852,16.55,0,0,195,4,34
1732.034927503,16.55,0,0,195,4,34
1732.112007482,16.55,0,0,195,4,34
1732.189565627,16.55,0,0,195,4,34
1732.267275289,16.55,0,0,195,4,34
1732.344612396,16.55,0,0,195,4,34
1732.422033582,16.55,0,0,195,4,34
1732.499622705,16.81,0,0,195,4,34
1732.577008544,16.81,0,0,195,4,34
1732.654627474,16.81,0,0,195,4,34
1732.731559394,16.81,0,0,195,4,34
1732.809298571,16.81,0,0,195,4,34
1732.887056765,16.81,0,0,195,4,34
1732.964342043,16.81,0,0,195,4,34
1733.041967727,16.81,0,0,195,4,34
1733.119194534,16.81,0,0,195,4,34
1733.196390705,16.81,0,0,195,4,34
1733.273668719,16.81,0,0,195,4,34
1733.350941164,16.81,0,0,195,4,34
1733.428404680,16.81,0,0,195,4,34
1733.505450345,16.77,0,0,195,4,34
1733.582193357,16.77,0,0,195,4,34
1733.659494456,16.77,0,0,195,4,34
1733.737669459,16.77,0,0,195,4,34
1733.814942715,16.77,0,0,195,4,34
1733.892161808,16.77,0,0,195,4,34
1733.968984111,16.77,0,0,195,4,34
1734.045487479,16.77,0,0,195,4,34
1734.122079675,16.77,0,0,195,4,34
1734.198706097,16.77,0,0,195,4,34
1734.275205157,16.77,0,0,195,4,34
1734.351336100,16.77,0,0,195,4,34
1734.427659959,16.77,0,0,195,4,34
1734.504438018,16.81,0,0,195,4,34
1734.581751099,16.81,0,0,195,4,34
1734.658682208,16.81,0,0,195,4,34
1734.735165178,16.81,0,0,195,4,34
1734.812281106,16.81,0,0,195,4,34
1734.889372157,16.81,0,0,195,4,34
1734.967338546,16.81,0,0,195,4,34
1735.045186240,16.81,0,0,195,4,34
1735.122674484,16.81,0,0,195,4,34
1735.199898998,16.81,0,0,195,4,34
1735.277264499,16.81,0,0,195,4,34
1735.354396599,16.81,0,0,195,4,34
1735.431188814,16.81,0,0,195,4,34
1735.508967919,16.80,0,0,195,4,34
1735.585863040,16.80,0,0,195,4,34
1735.663357245,16.80,0,0,195,4,34
1735.740549478,16.80,0,0,195,4,34
1735.818529242,16.80,0,0,195,4,34
1735.897376169,16.80,0,0,195,4,34
1735.975559158,16.80,0,0,195,4,34
1736.054088423,16.80,0,0,195,4,34
1736.132152026,16.80,0,0,195,4,34
1736.209476400,16.80,0,0,195,4,34
1736.287240086,16.80,0,0,195,4,34
1736.364710767,16.80,0,0,195,4,34
1736.442210643,16.80,0,0,195,4,34
1736.519448212,16.84,0,0,195,4,34
1736.596860462,16.84,0,0,195,4,34
1736.674505844,16.84,0,0,195,4,34
1736.752434101,16.84,0,0,195,4,34
1736.830164514,16.84,0,0,195,4,34
1736.906793050,16.84,0,0,195,4,34
1736.984283117,16.84,0,0,195,4,34
1737.061363990,16.84,0,0,195,4,34
1737.138985467,16.84,0,0,195,4,34
1737.216312416,16.84,0,0,195,4,34
1737.293821880,16.84,0,0,195,4,34
1737.371164308,16.84,0,0,195,4,34
1737.449148963,16.84,0,0,195,4,34
1737.526433441,16.67,0,0,195,4,34
1737.604258113,16.67,0,0,195,4,34
1737.681361869,16.67,0,0,195,4,34
1737.758414669,16.67,0,0,195,4,34
1737.835867015,16.67,0,0,195,4,34
1737.913359488,16.67,0,0,195,4,34
1737.990726963,16.67,0,0,195,4,34
1738.068207072,16.67,0,0,195,4,34
1738.145411560,16.67,0,0,195,4,34
1738.223262521,16.67,0,0,195,4,34
1738.300400713,16.67,0,0,195,4,34
1738.377835737,16.67,0,0,195,4,34
1738.456275904,16.69,0,0,195,4,34
1738.533941134,16.69,0,0,195,4,34
1738.611160570,16.69,0,0,195,4,34
1738.688249879,16.69,0,0,195,4,34
1738.766245344,16.69,0,0,195,4,34
1738.843861070,16.69,0,0,195,4,34
1738.922919729,16.69,0,0,195,4,34
1739.000727929,16.69,0,0,195,4,34
1739.077425627,16.69,0,0,195,4,34
1739.155075037,16.69,0,0,195,4,34
1739.232272091,16.69,0,0,195,4,34
1739.309480977,16.69,0,0,195,4,34
1739.386452293,16.69,0,0,195,4,34
1739.464477876,16.67,0,0,195,4,34
1739.541334996,16.67,0,0,195,4,34
1739.618652347,16.67,0,0,195,4,34
1739.696386107,16.67,0,0,195,4,34
1739.773359818,16.67,0,0,195,4,34
1739.850725511,16.67,0,0,195,4,34
1739.928120329,16.67,0,0,195,4,34
1740.005579790,16.67,0,0,195,4,34
1740.081937705,16.67,0,0,195,4,34
1740.158066095,16.67,0,0,195,4,34
1740.234719029,16.67,0,0,195,4,34
1740.310789880,16.67,0,0,195,4,34
1740.387663842,16.67,0,0,195,4,34
1740.464643925,16.64,0,0,195,4,34
1740.541362253,16.64,0,0,195,4,34
1740.617782616,16.64,0,0,195,4,34
1740.694648503,16.64,0,0,195,4,34
1740.772048321,16.64,0,0,195,4,34
1740.849103667,16.64,0,0,195,4,34
1740.926576032,16.64,0,0,195,4,34
1741.004023450,16.64,0,0,195,4,34
1741.081467392,16.64,0,0,195,4,34
1741.158268897,16.64,0,0,195,4,34
1741.236075906,16.64,0,0,195,4,34
1741.312956061,16.64,0,0,195,4,34
1741.391120036,16.64,0,0,195,4,34
1741.468659609,16.71,0,0,195,4,34
1741.550169880,16.71,0,0,195,4,34
1741.628524847,16.71,0,0,195,4,34
1741.706198905,16.71,0,0,195,4,34
1741.783735342,16.71,0,0,195,4,34
1741.861880952,16.71,0,0,195,4,34
1741.939339702,16.71,0,0,195,4,34
1742.016043302,16.71,0,0,195,4,34
1742.093027423,16.71,0,0,195,4,34
1742.170983515,16.71,0,0,195,4,34
1742.248012161,16.71,0,0,195,4,34
1742.325459981,16.71,0,0,195,4,34
1742.402881180,16.71,0,0,195,4,34
1742.480728265,16.70,0,0,195,4,34
1742.558778455,16.70,0,0,195,4,34
1742.635990018,16.70,0,0,195,4,34
1742.713694543,16.70,0,0,195,4,34
1742.791144747,16.70,0,0,195,4,34
1742.868597967,16.70,0,0,195,4,34
1742.946132991,16.70,0,0,195,4,34
1743.023294088,16.70,0,0,195,4,34
1743.100754622,16.70,0,0,195,4,34
1743.178346444,16.70,0,0,195,4,34
1743.255170272,16.70,0,0,195,4,34
1743.331982869,16.70,0,0,195,4,34
1743.409640005,16.70,0,0,195,4,34
1743.487441846,16.47,0,0,195,4,34
1743.564674969,16.47,0,0,195,4,34
1743.641584119,16.47,0,0,195,4,34
1743.720905486,16.47,0,0,195,4,34
1743.798938855,16.47,0,0,195,4,34
1743.876390752,16.47,0,0,195,4,34
1743.954997967,16.47,0,0,195,4,34
1744.032084243,16.47,0,0,195,4,34
1744.109643073,16.47,0,0,195,4,34
1744.186906203,16.47,0,0,195,4,34
1744.263937615,16.47,0,0,195,4,34
1744.341225843,16.47,0,0,195,4,34
1744.418134422,16.47,0,0,195,4,34
1744.494956557,16.44,0,0,195,4,34
1744.572361025,16.44,0,0,195,4,34
1744.649365396,16.44,0,0,195,4,34
1744.727120257,16.44,0,0,195,4,34
1744.804789767,16.44,0,0,195,4,34
1744.881824565,16.44,0,0,195,4,34
1744.959001432,16.44,0,0,195,4,34
1745.035985324,16.44,0,0,195,4,34
1745.113755014,16.44,0,0,195,4,34
1745.191107734,16.44,0,0,195,4,34
1745.268675712,16.44,0,0,195,4,34
1745.345932351,16.44,0,0,195,4,34
1745.423176836,16.44,0,0,195,4,34
1745.500509198,16.60,0,0,195,4,34
1745.577609170,16.60,0,0,195,4,34
1745.654807718,16.60,0,0,195,4,34
1745.732106777,16.60,0,0,195,4,34
1745.808963138,16.60,0,0,195,4,34
1745.885938353,16.60,0,0,195,4,34
1745.962733087,16.60,0,0,195,4,34
1746.039152640,16.60,0,0,195,4,34
1746.115602842,16.60,0,0,195,4,34
1746.191909262,16.60,0,0,195,4,34
1746.268603656,16.60,0,0,195,4,34
1746.345877778,16.60,0,0,195,4,34
1746.422512840,16.60,0,0,195,4,34
1746.499684678,16.56,0,0,195,4,34
1746.576580784,16.56,0,0,195,4,34
1746.653849997,16.56,0,0,195,4,34
1746.732222949,16.56,0,0,195,4,34
1746.811234641,16.56,0,0,195,4,34
1746.888965378,16.56,0,0,195,4,34
1746.966281910,16.56,0,0,195,4,34
1747.043446695,16.56,0,0,195,4,34
1747.119996165,16.56,0,0,195,4,34
1747.197145591,16.56,0,0,195,4,34
1747.274079389,16.56,0,0,195,4,34
1747.351542639,16.56,0,0,195,4,34
1747.428951677,16.56,0,0,195,4,34
1747.506730775,16.69,0,0,195,4,34
1747.584141436,16.69,0,0,195,4,34
1747.661246288,16.69,0,0,195,4,34
1747.738222195,16.69,0,0,195,4,34
1747.815658344,16.69,0,0,195,4,34
1747.893914696,16.69,0,0,195,4,34
1747.971057219,16.69,0,0,195,4,34
1748.048005805,16.69,0,0,195,4,34
1748.125518239,16.69,0,0,195,4,34
1748.202890638,16.69,0,0,195,4,34
1748.280430463,16.69,0,0,195,4,34
1748.357755993,16.69,0,0,195,4,34
1748.434794770,16.69,0,0,195,4,34
1748.512791471,16.69,0,0,195,4,34
1748.590281492,16.69,0,0,195,4,34
1748.667530377,16.69,0,0,195,4,34
1748.745032551,16.69,0,0,195,4,34
1748.822415340,16.69,0,0,195,4,34
1748.899911763,16.69,0,0,195,4,34
1748.977063464,16.69,0,0,195,4,34
1749.054120896,16.69,0,0,195,4,34
1749.130803138,16.69,0,0,195,4,34
1749.208337253,16.69,0,0,195,4,34
1749.285722527,16.69,0,0,195,4,34
1749.363741239,16.69,0,0,195,4,34
1749.441086026,16.69,0,0,195,4,34
1749.518551051,16.74,0,0,195,4,34
1749.596110784,16.74,0,0,195,4,34
1749.673252887,16.74,0,0,195,4,34
1749.750826687,16.74,0,0,195,4,34
1749.829439605,16.74,0,0,195,4,34
1749.907669838,16.74,0,0,195,4,34
1749.986018836,16.74,0,0,195,4,34
1750.064477142,16.74,0,0,195,4,34
1750.141688516,16.74,0,0,195,4,34
1750.218834116,16.74,0,0,195,4,34
1750.296536219,16.74,0,0,195,4,34
1750.374351167,16.74,0,0,195,4,34
1750.452042650,16.74,0,0,195,4,34
1750.529218848,16.81,0,0,195,4,34
1750.606029303,16.81,0,0,195,4,34
1750.683414777,16.81,0,0,195,4,34
1750.761333621,16.81,0,0,195,4,34
1750.838905588,16.81,0,0,195,4,34
1750.916371405,16.81,0,0,195,4,34
1750.993727273,16.81,0,0,195,4,34
1751.071079023,16.81,0,0,195,4,34
1751.148410916,16.81,0,0,195,4,34
1751.226066161,16.81,0,0,195,4,34
1751.302870134,16.81,0,0,195,4,34
1751.380043908,16.81,0,0,195,4,34
1751.458885760,16.72,0,0,195,4,34
1751.535824148,16.72,0,0,195,4,34
1751.613719758,16.72,0,0,195,4,34
1751.691220661,16.72,0,0,195,4,34
1751.768366872,16.72,0,0,195,4,34
1751.845044917,16.72,0,0,195,4,34
1751.920810745,16.72,0,0,195,4,34
1751.997141762,16.72,0,0,195,4,34
1752.074104166,16.72,0,0,195,4,34
1752.150041618,16.72,0,0,195,4,34
1752.227236422,16.72,0,0,195,4,34
1752.303152685,16.72,0,0,195,4,34
1752.379874012,16.72,0,0,195,4,34
1752.457761918,16.72,0,0,195,4,34
1752.534300890,16.63,0,0,195,4,34
1752.611772046,16.63,0,0,195,4,34
1752.689471325,16.63,0,0,195,4,34
1752.766990834,16.63,0,0,195,4,34
1752.844320904,16.63,0,0,195,4,34
1752.921709965,16.63,0,0,195,4,34
1752.998963490,16.63,0,0,195,4,34
1753.076588819,16.63,0,0,195,4,34
1753.154117836,16.63,0,0,195,4,34
1753.231108052,16.63,0,0,195,4,34
1753.308052302,16.63,0,0,195,4,34
1753.385193224,16.63,0,0,195,4,34
1753.462317254,16.59,0,0,195,4,34
1753.539350211,16.59,0,0,195,4,34
1753.616585482,16.59,0,0,195,4,34
1753.693879814,16.59,0,0,195,4,34
1753.771435872,16.59,0,0,195,4,34
1753.848654862,16.59,0,0,195,4,34
1753.926763025,16.59,0,0,195,4,34
1754.004307542,16.59,0,0,195,4,34
1754.081451480,16.59,0,0,195,4,34
1754.158909783,16.59,0,0,195,4,34
1754.235813135,16.59,0,0,195,4,34
1754.313401084,16.59,0,0,195,4,34
1754.390810104,16.59,0,0,195,4,34
1754.468675047,16.56,0,0,195,4,34
1754.546189386,16.56,0,0,195,4,34
1754.623159034,16.56,0,0,195,4,34
1754.700201099,16.56,0,0,195,4,34
1754.777465756,16.56,0,0,195,4,34
1754.854170733,16.56,0,0,195,4,34
1754.931521031,16.56,0,0,195,4,34
1755.009746217,16.56,0,0,195,4,34
1755.087624485,16.56,0,0,195,4,34
1755.164899301,16.56,0,0,195,4,34
1755.241934153,16.56,0,0,195,4,34
1755.319149066,16.56,0,0,195,4,34
1755.397259154,16.56,0,0,195,4,34
1755.474394596,16.57,0,0,195,4,34
1755.552197121,16.57,0,0,195,4,34
1755.629268532,16.57,0,0,195,4,34
1755.706779405,16.57,0,0,195,4,34
1755.784274378,16.57,0,0,195,4,34
1755.861953130,16.57,0,0,195,4,34
1755.939281106,16.57,0,0,195,4,34
1756.016798342,16.57,0,0,195,4,34
1756.093970243,16.57,0,0,195,4,34
1756.171387339,16.57,0,0,195,4,34
1756.248405319,16.57,0,0,195,4,34
1756.328301599,16.57,0,0,195,4,34
1756.406119104,16.57,0,0,195,4,34
1756.484072345,16.65,0,0,195,4,34
1756.562315705,16.65,0,0,195,4,34
1756.639138195,16.65,0,0,195,4,34
1756.716016190,16.65,0,0,195,4,34
1756.793290626,16.65,0,0,195,4,34
1756.870658158,16.65,0,0,195,4,34
1756.948053062,16.65,0,0,195,4,34
1757.024973597,16.65,0,0,195,4,34
1757.102419969,16.65,0,0,195,4,34
1757.179255854,16.65,0,0,195,4,34
1757.256161562,16.65,0,0,195,4,34
1757.334034642,16.65,0,0,195,4,34
1757.411302465,16.65,0,0,195,4,34
1757.488176102,16.54,0,0,195,4,34
1757.566431406,16.54,0,0,195,4,34
1757.643006788,16.54,0,0,195,4,34
1757.720197606,16.54,0,0,195,4,34
1757.796265417,16.54,0,0,195,4,34
1757.872878621,16.54,0,0,195,4,34
1757.949776073,16.54,0,0,195,4,34
1758.027268392,16.54,0,0,195,4,34
1758.103656800,16.54,0,0,195,4,34
1758.180087158,16.54,0,0,195,4,34
1758.256799630,16.54,0,0,195,4,34
1758.333734804,16.54,0,0,195,4,34
1758.410463026,16.54,0,0,195,4,34
1758.487885743,16.62,0,0,195,4,34
1758.565621233,16.62,0,0,195,4,34
1758.643376940,16.62,0,0,195,4,34
1758.721177673,16.62,0,0,195,4,34
1758.799192892,16.62,0,0,195,4,34
1758.876508176,16.62,0,0,195,4,34
1758.953580740,16.62,0,0,195,4,34
1759.030931641,16.62,0,0,195,4,34
1759.108352585,16.62,0,0,195,4,34
1759.185595723,16.62,0,0,195,4,34
1759.262956914,16.62,0,0,195,4,34
1759.340332662,16.62,0,0,195,4,34
1759.417641905,16.62,0,0,195,4,34
1759.494484424,16.56,0,0,195,4,34
1759.571880371,16.56,0,0,195,4,34
1759.649145610,16.56,0,0,195,4,34
1759.727066981,16.56,0,0,195,4,34
1759.804043734,16.56,0,0,195,4,34
1759.881233270,16.56,0,0,195,4,34
1759.959271544,16.56,0,0,195,4,34
1760.036253586,16.56,0,0,195,4,34
1760.114975073,16.56,0,0,195,4,34
1760.193751104,16.56,0,0,195,4,34
1760.270966940,16.56,0,0,195,4,34
1760.348142931,16.56,0,0,195,4,34
1760.425540471,16.56,0,0,195,4,34
1760.504603074,16.79,0,0,195,4,34
1760.582301414,16.79,0,0,195,4,34
1760.660046522,16.79,0,0,195,4,34
1760.737374721,16.79,0,0,195,4,34
1760.814274568,16.79,0,0,195,4,34
1760.891618687,16.79,0,0,195,4,34
1760.968451148,16.79,0,0,195,4,34
1761.046229278,16.79,0,0,195,4,34
1761.123413134,16.79,0,0,195,4,34
1761.200733679,16.79,0,0,195,4,34
1761.277764565,16.79,0,0,195,4,34
1761.355045745,16.79,0,0,195,4,34
1761.433006051,16.79,0,0,195,4,34
1761.510351774,16.47,0,0,195,4,34
1761.587903256,16.47,0,0,195,4,34
1761.665641742,16.47,0,0,195,4,34
1761.743704401,16.47,0,0,195,4,34
1761.821002323,16.47,0,0,195,4,34
1761.898479554,16.47,0,0,195,4,34
1761.975620369,16.47,0,0,195,4,34
1762.053609480,16.47,0,0,195,4,34
1762.130326271,16.47,0,0,195,4,34
1762.207972403,16.47,0,0,195,4,34
1762.285661877,16.47,0,0,195,4,34
1762.363137775,16.47,0,0,195,4,34
1762.440236610,16.47,0,0,195,4,34
1762.517905314,16.49,0,0,195,4,34
1762.596096437,16.49,0,0,195,4,34
1762.673911999,16.49,0,0,195,4,34
1762.750919982,16.49,0,0,195,4,34
1762.828910735,16.49,0,0,195,4,34
1762.906013398,16.49,0,0,195,4,34
1762.983156657,16.49,0,0,195,4,34
1763.060378294,16.49,0,0,195,4,34
1763.137584293,16.49,0,0,195,4,34
1763.214201917,16.49,0,0,195,4,34
1763.290903951,16.49,0,0,195,4,34
1763.368093979,16.49,0,0,195,4,34
1763.445529031,16.49,0,0,195,4,34
1763.523627039,16.57,0,0,195,4,34
1763.600232169,16.57,0,0,195,4,34
1763.677590777,16.57,0,0,195,4,34
1763.753835645,16.57,0,0,195,4,34
1763.830649691,16.57,0,0,195,4,34
1763.906860866,16.57,0,0,195,4,34
1763.983996671,16.57,0,0,195,4,34
1764.061103752,16.57,0,0,195,4,34
1764.137921255,16.57,0,0,195,4,34
1764.214235185,16.57,0,0,195,4,34
1764.290563311,16.57,0,0,195,4,34
1764.368018922,16.57,0,0,195,4,34
1764.445695312,16.57,0,0,195,4,34
1764.523747212,16.65,0,0,195,4,34
1764.601261154,16.65,0,0,195,4,34
1764.678799803,16.65,0,0,195,4,34
1764.755858803,16.65,0,0,195,4,34
1764.833137419,16.65,0,0,195,4,34
1764.910513670,16.65,0,0,195,4,34
1764.987513909,16.65,0,0,195,4,34
1765.064626471,16.65,0,0,195,4,34
1765.141885911,16.65,0,0,195,4,34
1765.219060020,16.65,0,0,195,4,34
1765.296553253,16.65,0,0,195,4,34
1765.373966785,16.65,0,0,195,4,34
1765.451415233,16.65,0,0,195,4,34
1765.528487408,16.71,0,0,195,4,34
1765.605966424,16.71,0,0,195,4,34
1765.682288940,16.71,0,0,195,4,34
1765.760454186,16.71,0,0,195,4,34
1765.837926259,16.71,0,0,195,4,34
1765.915496598,16.71,0,0,195,4,34
1765.993225046,16.71,0,0,195,4,34
1766.070174219,16.71,0,0,195,4,34
1766.147319172,16.71,0,0,195,4,34
1766.225052430,16.71,0,0,195,4,34
1766.302526928,16.71,0,0,195,4,34
1766.380401804,16.71,0,0,195,4,34
1766.458017389,16.71,0,0,195,4,34
1766.535552060,16.70,0,0,195,4,34
1766.613006540,16.70,0,0,195,4,34
1766.690109985,16.70,0,0,195,4,34
1766.767462121,16.70,0,0,195,4,34
1766.844874792,16.70,0,0,195,4,34
1766.922087965,16.70,0,0,195,4,34
1766.999103173,16.70,0,0,195,4,34
1767.076726392,16.70,0,0,195,4,34
1767.154586941,16.70,0,0,195,4,34
1767.231470240,16.70,0,0,195,4,34
1767.308109787,16.70,0,0,195,4,34
1767.384793257,16.70,0,0,195,4,34
1767.463700087,16.70,0,0,195,4,34
1767.540605187,16.68,0,0,195,4,34
1767.617905304,16.68,0,0,195,4,34
1767.694751803,16.68,0,0,195,4,34
1767.772214970,16.68,0,0,195,4,34
1767.849108407,16.68,0,0,195,4,34
1767.926376505,16.68,0,0,195,4,34
1768.003547127,16.68,0,0,195,4,34
1768.080660782,16.68,0,0,195,4,34
1768.158066270,16.68,0,0,195,4,34
1768.235273362,16.68,0,0,195,4,34
1768.312422033,16.68,0,0,195,4,34
1768.389577267,16.68,0,0,195,4,34
1768.466746277,16.64,0,0,195,4,34
1768.543923071,16.64,0,0,195,4,34
1768.620955422,16.64,0,0,195,4,34
1768.698321505,16.64,0,0,195,4,34
1768.775649757,16.64,0,0,195,4,34
1768.852939545,16.64,0,0,195,4,34
1768.930405327,16.64,0,0,195,4,34
1769.007584486,16.64,0,0,195,4,34
1769.084234654,16.64,0,0,195,4,34
1769.162408767,16.64,0,0,195,4,34
1769.239374242,16.64,0,0,195,4,34
1769.316673258,16.64,0,0,195,4,34
1769.393412034,16.64,0,0,195,4,34
1769.471032289,16.63,0,0,195,4,34
1769.547727061,16.63,0,0,195,4,34
1769.625030265,16.63,0,0,195,4,34
1769.701198660,16.63,0,0,195,4,34
1769.777440705,16.63,0,0,195,4,34
1769.854071667,16.63,0,0,195,4,34
1769.930291519,16.63,0,0,195,4,34
1770.007228590,16.63,0,0,195,4,34
1770.084023041,16.63,0,0,195,4,34
1770.160751888,16.63,0,0,195,4,34
1770.237946968,16.63,0,0,195,4,34
1770.316518475,16.63,0,0,195,4,34
1770.395960890,16.63,0,0,195,4,34
1770.473564133,16.66,0,0,195,4,34
1770.550358645,16.66,0,0,195,4,34
1770.627231234,16.66,0,0,195,4,34
1770.704797997,16.66,0,0,195,4,34
1770.781969302,16.66,0,0,195,4,34
1770.859327891,16.66,0,0,195,4,34
1770.936900416,16.66,0,0,195,4,34
1771.014418889,16.66,0,0,195,4,34
1771.092621707,16.66,0,0,195,4,34
1771.170170647,16.66,0,0,195,4,34
1771.247941778,16.66,0,0,195,4,34
1771.325483314,16.66,0,0,195,4,34
1771.403314379,16.66,0,0,195,4,34
1771.480543042,16.71,0,0,195,4,34
1771.557336161,16.71,0,0,195,4,34
1771.634655637,16.71,0,0,195,4,34
1771.711718617,16.71,0,0,195,4,34
1771.788996785,16.71,0,0,195,4,34
1771.866909253,16.71,0,0,195,4,34
1771.944595313,16.71,0,0,195,4,34
1772.022010951,16.71,0,0,195,4,34
1772.099692933,16.71,0,0,195,4,34
1772.177967969,16.71,0,0,195,4,34
1772.255105851,16.71,0,0,195,4,34
1772.332258251,16.71,0,0,195,4,34
1772.410433928,16.71,0,0,195,4,34
1772.487702618,16.62,0,0,195,4,34
1772.565413045,16.62,0,0,195,4,34
1772.642838381,16.62,0,0,195,4,34
1772.720705123,16.62,0,0,195,4,34
1772.798017646,16.62,0,0,195,4,34
1772.875120111,16.62,0,0,195,4,34
1772.952262041,16.62,0,0,195,4,34
1773.029394784,16.62,0,0,195,4,34
1773.106815472,16.62,0,0,195,4,34
1773.184304198,16.62,0,0,195,4,34
1773.262149390,16.62,0,0,195,4,34
1773.340236180,16.62,0,0,195,4,34
1773.419433552,16.62,0,0,195,4,34
1773.497268304,16.67,0,0,195,4,34
1773.573925647,16.67,0,0,195,4,34
1773.651825813,16.67,0,0,195,4,34
1773.728952744,16.67,0,0,195,4,34
1773.806111426,16.67,0,0,195,4,34
1773.883284596,16.67,0,0,195,4,34
1773.962339338,16.67,0,0,195,4,34
1774.040300279,16.67,0,0,195,4,34
1774.117407273,16.67,0,0,195,4,34
1774.194337413,16.67,0,0,195,4,34
1774.271908025,16.67,0,0,195,4,34
1774.349125448,16.67,0,0,195,4,34
1774.426338443,16.67,0,0,195,4,34
1774.503624817,16.90,0,0,195,4,34
1774.580934616,16.90,0,0,195,4,34
1774.658260845,16.90,0,0,195,4,34
1774.736195827,16.90,0,0,195,4,34
1774.813759166,16.90,0,0,195,4,34
1774.890692211,16.90,0,0,195,4,34
1774.968541040,16.90,0,0,195,4,34
1775.045879322,16.90,0,0,195,4,34
1775.123330108,16.90,0,0,195,4,34
1775.200609008,16.90,0,0,195,4,34
1775.278091954,16.90,0,0,195,4,34
1775.354464819,16.90,0,0,195,4,34
1775.431749049,16.90,0,0,195,4,34
1775.509046514,17.00,0,0,195,4,34
1775.585508738,17.00,0,0,195,4,34
1775.663154072,17.00,0,0,195,4,34
1775.740430728,17.00,0,0,195,4,34
1775.817255117,17.00,0,0,195,4,34
1775.893485883,17.00,0,0,195,4,34
1775.969748989,17.00,0,0,195,4,34
1776.046348362,17.00,0,0,195,4,34
1776.122982091,17.00,0,0,195,4,34
1776.200359198,17.00,0,0,195,4,34
1776.277686420,17.00,0,0,195,4,34
1776.354768217,17.00,0,0,195,4,34
1776.432008704,17.00,0,0,195,4,34
1776.509502963,16.79,0,0,195,4,34
1776.586911539,16.79,0,0,195,4,34
1776.663988316,16.79,0,0,195,4,34
1776.741274230,16.79,0,0,195,4,34
1776.818978606,16.79,0,0,195,4,34
1776.895909518,16.79,0,0,195,4,34
1776.973253481,16.79,0,0,195,4,34
1777.051664145,16.79,0,0,195,4,34
1777.129075156,16.79,0,0,195,4,34
1777.206474836,16.79,0,0,195,4,34
1777.283931072,16.79,0,0,195,4,34
1777.361109482,16.79,0,0,195,4,34
1777.438287101,16.79,0,0,195,4,34
1777.515794234,16.54,0,0,195,4,34
1777.593761609,16.54,0,0,195,4,34
1777.670979114,16.54,0,0,195,4,34
1777.748049118,16.54,0,0,195,4,34
1777.825766540,16.54,0,0,195,4,34
1777.903353824,16.54,0,0,195,4,34
1777.980484695,16.54,0,0,195,4,34
1778.059294365,16.54,0,0,195,4,34
1778.136637688,16.54,0,0,195,4,34
1778.213856355,16.54,0,0,195,4,34
1778.292011605,16.54,0,0,195,4,34
1778.369436192,16.54,0,0,195,4,34
1778.448808287,16.54,0,0,195,4,34
1778.526788626,16.59,0,0,195,4,34
1778.604094609,16.59,0,0,195,4,34
1778.681733983,16.59,0,0,195,4,34
1778.760161549,16.59,0,0,195,4,34
1778.837683280,16.59,0,0,195,4,34
1778.915814064,16.59,0,0,195,4,34
1778.993371172,16.59,0,0,195,4,34
1779.070943739,16.59,0,0,195,4,34
1779.147916091,16.59,0,0,195,4,34
1779.225509407,16.59,0,0,195,4,34
1779.302519810,16.59,0,0,195,4,34
1779.381446141,16.59,0,0,195,4,34
1779.458479588,16.59,0,0,195,4,34
1779.536310895,16.69,0,0,195,4,34
1779.614379592,16.69,0,0,195,4,34
1779.692122642,16.69,0,0,195,4,34
1779.769837499,16.69,0,0,195,4,34
1779.847391752,16.69,0,0,195,4,34
1779.924477728,16.69,0,0,195,4,34
1780.001656380,16.69,0,0,195,4,34
1780.079224880,16.69,0,0,195,4,34
1780.156361792,16.69,0,0,195,4,34
1780.233844089,16.69,0,0,195,4,34
1780.311227930,16.69,0,0,195,4,34
1780.388785940,16.69,0,0,195,4,34
1780.466531134,16.69,0,0,195,4,34
1780.544276920,16.69,0,0,195,4,34
1780.621774536,16.69,0,0,195,4,34
1780.700099659,16.69,0,0,195,4,34
1780.777488809,16.69,0,0,195,4,34
1780.854287752,16.69,0,0,195,4,34
1780.931765571,16.69,0,0,195,4,34
1781.009308532,16.69,0,0,195,4,34
1781.087199483,16.69,0,0,195,4,34
1781.164396109,16.69,0,0,195,4,34
1781.241861515,16.69,0,0,195,4,34
1781.319893182,16.69,0,0,195,4,34
1781.396050640,16.69,0,0,195,4,34
1781.473982419,16.69,0,0,195,4,34
1781.550649893,16.69,0,0,195,4,34
1781.626886010,16.69,0,0,195,4,34
1781.703327276,16.69,0,0,195,4,34
1781.779171872,16.69,0,0,195,4,34
1781.855647612,16.69,0,0,195,4,34
1781.932415016,16.69,0,0,195,4,34
1782.009326643,16.69,0,0,195,4,34
1782.086408982,16.69,0,0,195,4,34
1782.163869749,16.69,0,0,195,4,34
1782.241841904,16.69,0,0,195,4,34
1782.319648957,16.69,0,0,195,4,34
1782.396187557,16.69,0,0,195,4,34
1782.473874582,16.64,0,0,195,4,34
1782.551798546,16.64,0,0,195,4,34
1782.628701406,16.64,0,0,195,4,34
1782.705647909,16.64,0,0,195,4,34
1782.783538289,16.64,0,0,195,4,34
1782.860378400,16.64,0,0,195,4,34
1782.937279076,16.64,0,0,195,4,34
1783.015118821,16.64,0,0,195,4,34
1783.092122322,16.64,0,0,195,4,34
1783.169584862,16.64,0,0,195,4,34
1783.247517503,16.64,0,0,195,4,34
1783.324791235,16.64,0,0,195,4,34
1783.402193221,16.64,0,0,195,4,34
1783.479914361,16.58,0,0,195,4,34
1783.558094891,16.58,0,0,195,4,34
1783.635390405,16.58,0,0,195,4,34
1783.713081168,16.58,0,0,195,4,34
1783.791268240,16.58,0,0,195,4,34
1783.868332336,16.58,0,0,195,4,34
1783.945647457,16.58,0,0,195,4,34
1784.023225877,16.58,0,0,195,4,34
1784.100308628,16.58,0,0,195,4,34
1784.177513471,16.58,0,0,195,4,34
1784.254552620,16.58,0,0,195,4,34
1784.331927885,16.58,0,0,195,4,34
1784.409518208,16.58,0,0,195,4,34
1784.487012178,16.27,0,0,195,4,34
1784.564385349,16.27,0,0,195,4,34
1784.641701052,16.27,0,0,195,4,34
1784.719030520,16.27,0,0,195,4,34
1784.796330002,16.27,0,0,195,4,34
1784.873513555,16.27,0,0,195,4,34
1784.951801088,16.27,0,0,195,4,34
1785.029264831,16.27,0,0,195,4,34
1785.106659132,16.27,0,0,195,4,34
1785.184091326,16.27,0,0,195,4,34
1785.261436885,16.27,0,0,195,4,34
1785.339041886,16.27,0,0,195,4,34
1785.416293377,16.27,0,0,195,4,34
1785.493970675,16.42,0,0,195,4,34
1785.571684422,16.42,0,0,195,4,34
1785.649460917,16.42,0,0,195,4,34
1785.727737890,16.42,0,0,195,4,34
1785.805179692,16.42,0,0,195,4,34
1785.882555339,16.42,0,0,195,4,34
1785.959928109,16.42,0,0,195,4,34
1786.036874854,16.42,0,0,195,4,34
1786.114235492,16.42,0,0,195,4,34
1786.191983804,16.42,0,0,195,4,34
1786.269389478,16.42,0,0,195,4,34
1786.346995390,16.42,0,0,195,4,34
1786.424221915,16.42,0,0,195,4,34
1786.501332359,17.84,0,0,195,4,34
1786.578432725,17.84,0,0,195,4,34
1786.656161440,17.84,0,0,195,4,34
1786.733160804,17.84,0,0,195,4,34
1786.810509730,17.84,0,0,195,4,34
1786.887824391,17.84,0,0,195,4,34
1786.967212840,17.84,0,0,195,4,34
1787.044243463,17.84,0,0,195,4,34
1787.121294886,17.84,0,0,195,4,34
1787.198344406,17.84,0,0,195,4,34
1787.274759003,17.84,0,0,195,4,34
1787.351171776,17.84,0,0,195,4,34
1787.428540330,17.84,0,0,195,4,34
1787.505607252,17.34,0,0,195,4,34
1787.582075220,17.34,0,0,195,4,34
1787.659314028,17.34,0,0,195,4,34
1787.736138471,17.34,0,0,195,4,34
1787.812554401,17.34,0,0,195,4,34
1787.888863588,17.34,0,0,195,4,34
1787.967095637,17.34,0,0,195,4,34
1788.044059334,17.34,0,0,195,4,34
1788.120510210,17.34,0,0,195,4,34
1788.197063420,17.34,0,0,195,4,34
1788.273329065,17.34,0,0,195,4,34
1788.349245469,17.34,0,0,195,4,34
1788.425722284,17.34,0,0,195,4,34
1788.502330889,16.80,0,0,195,4,34
1788.579784113,16.80,0,0,195,4,34
1788.656578049,16.80,0,0,195,4,34
1788.732389113,16.80,0,0,195,4,34
1788.809120881,16.80,0,0,195,4,34
1788.886352927,16.80,0,0,195,4,34
1788.964727255,16.80,0,0,195,4,34
1789.042264188,16.80,0,0,195,4,34
1789.119262190,16.80,0,0,195,4,34
1789.196912208,16.80,0,0,195,4,34
1789.274021361,16.80,0,0,195,4,34
1789.351378042,16.80,0,0,195,4,34
1789.428600239,16.80,0,0,195,4,34
1789.505463336,16.74,0,0,187,4,34
1789.583009236,16.74,0,0,187,4,34
1789.660202448,16.74,0,0,187,4,34
1789.737315138,16.74,0,0,187,4,34
1789.814962901,16.74,0,0,187,4,34
1789.892912916,16.74,0,0,187,4,34
1789.969890400,16.74,0,0,187,4,34
1790.047002118,16.74,0,0,187,4,34
1790.124084540,16.74,0,0,187,4,34
1790.201593360,16.74,0,0,187,4,34
1790.279562522,16.74,0,0,187,4,34
1790.357094606,16.74,0,0,187,4,34
1790.435624099,16.74,0,0,187,4,34
1790.512934003,17.02,0,0,195,4,34
1790.590421232,17.02,0,0,195,4,34
1790.667284219,17.02,0,0,195,4,34
1790.744305736,17.02,0,0,195,4,34
1790.821649875,17.02,0,0,195,4,34
1790.898760761,17.02,0,0,195,4,34
1790.976326740,17.02,0,0,195,4,34
1791.053182924,17.02,0,0,195,4,34
1791.130791744,17.02,0,0,195,4,34
1791.208055180,17.02,0,0,195,4,34
1791.285486633,17.02,0,0,195,4,34
1791.362683854,17.02,0,0,195,4,34
1791.439894600,17.02,0,0,195,4,34
1791.517350931,16.77,0,0,195,4,34
1791.594228786,16.77,0,0,195,4,34
1791.671370371,16.77,0,0,195,4,34
1791.748839356,16.77,0,0,195,4,34
1791.826829598,16.77,0,0,195,4,34
1791.904009406,16.77,0,0,195,4,34
1791.981803015,16.77,0,0,195,4,34
1792.059147986,16.77,0,0,195,4,34
1792.136893224,16.77,0,0,195,4,34
1792.213940320,16.77,0,0,195,4,34
1792.291026982,16.77,0,0,195,4,34
1792.368245262,16.77,0,0,195,4,34
1792.445215964,16.77,0,0,195,4,34
1792.522653209,16.56,0,0,195,4,34
1792.600029028,16.56,0,0,195,4,34
1792.677423702,16.56,0,0,195,4,34
1792.754895363,16.56,0,0,195,4,34
1792.832424111,16.56,0,0,195,4,34
1792.910084609,16.56,0,0,195,4,34
1792.987259287,16.56,0,0,195,4,34
1793.064927970,16.56,0,0,195,4,34
1793.142543483,16.56,0,0,195,4,34
1793.218233851,16.56,0,0,195,4,34
1793.294712571,16.56,0,0,195,4,34
1793.371064972,16.56,0,0,195,4,34
1793.447633933,16.56,0,0,195,4,34
1793.524514835,16.78,0,0,195,4,34
1793.601801125,16.78,0,0,195,4,34
1793.679189267,16.78,0,0,195,4,34
1793.756326574,16.78,0,0,195,4,34
1793.832990746,16.78,0,0,195,4,34
1793.910284590,16.78,0,0,195,4,34
1793.988442049,16.78,0,0,195,4,34
1794.065868875,16.78,0,0,195,4,34
1794.143179020,16.78,0,0,195,4,34
1794.220783733,16.78,0,0,195,4,34
1794.297786576,16.78,0,0,195,4,34
1794.375226106,16.78,0,0,195,4,34
1794.452631862,16.78,0,0,195,4,34
1794.530022880,16.76,0,0,195,4,34
1794.607776755,16.76,0,0,195,4,34
1794.685430090,16.76,0,0,195,4,34
1794.763248187,16.76,0,0,195,4,34
1794.840715921,16.76,0,0,195,4,34
1794.918026176,16.76,0,0,195,4,34
1794.995683949,16.76,0,0,195,4,34
1795.073293512,16.76,0,0,195,4,34
1795.150744844,16.76,0,0,195,4,34
1795.228427896,16.76,0,0,195,4,34
1795.306335883,16.76,0,0,195,4,34
1795.384066114,16.76,0,0,195,4,34
1795.461361211,16.76,0,0,195,4,34
1795.538881835,16.76,0,0,195,4,34
1795.616188734,16.76,0,0,195,4,34
1795.693516072,16.76,0,0,195,4,34
1795.770911249,16.76,0,0,195,4,34
1795.848127927,16.76,0,0,195,4,34
1795.925569311,16.76,0,0,195,4,34
1796.003197248,16.76,0,0,195,4,34
1796.080541057,16.76,0,0,195,4,34
1796.157988543,16.76,0,0,195,4,34
1796.235066429,16.76,0,0,195,4,34
1796.312091996,16.76,0,0,195,4,34
1796.390415881,16.76,0,0,195,4,34
1796.469094739,16.83,0,0,195,4,34
1796.546695324,16.83,0,0,195,4,34
1796.624453328,16.83,0,0,195,4,34
1796.701946931,16.83,0,0,195,4,34
1796.779358789,16.83,0,0,195,4,34
1796.857140087,16.83,0,0,195,4,34
1796.934750101,16.83,0,0,195,4,34
1797.011841272,16.83,0,0,195,4,34
1797.089060796,16.83,0,0,195,4,34
1797.167205182,16.83,0,0,195,4,34
1797.244253662,16.83,0,0,195,4,34
1797.321382275,16.83,0,0,195,4,34
1797.398614293,16.83,0,0,195,4,34
1797.475733757,16.82,0,0,195,4,34
1797.553069031,16.82,0,0,195,4,34
1797.630140745,16.82,0,0,195,4,34
1797.707411817,16.82,0,0,195,4,34
1797.784899028,16.82,0,0,195,4,34
1797.862214404,16.82,0,0,195,4,34
1797.939854174,16.82,0,0,195,4,34
1798.018130751,16.82,0,0,195,4,34
1798.095323985,16.82,0,0,195,4,34
1798.172835212,16.82,0,0,195,4,34
1798.250196856,16.82,0,0,195,4,34
1798.327356016,16.82,0,0,195,4,34
1798.404907790,16.82,0,0,195,4,34
1798.482277750,16.70,0,0,195,4,34
1798.559483929,16.70,0,0,195,4,34
1798.637273223,16.70,0,0,195,4,34
1798.715096100,16.70,0,0,195,4,34
1798.792956498,16.70,0,0,195,4,34
1798.870235456,16.70,0,0,195,4,34
1798.947571340,16.70,0,0,195,4,34
1799.024770066,16.70,0,0,195,4,34
1799.101135433,16.70,0,0,195,4,34
1799.177595900,16.70,0,0,195,4,34
1799.254360434,16.70,0,0,195,4,34
1799.330901354,16.70,0,0,195,4,34
1799.407773090,16.70,0,0,195,4,34
1799.485692550,16.57,0,0,195,4,34
1799.562419462,16.57,0,0,195,4,34
1799.639059750,16.57,0,0,195,4,34
1799.716423057,16.57,0,0,195,4,34
1799.794596559,16.57,0,0,195,4,34
1799.871519282,16.57,0,0,195,4,34
1799.948931732,16.57,0,0,195,4,34
1800.026651685,16.57,0,0,195,4,34
1800.105119263,16.57,0,0,195,4,34
1800.182593661,16.57,0,0,195,4,34
1800.259988168,16.57,0,0,195,4,34
1800.337059052,16.57,0,0,195,4,34
1800.413916231,16.57,0,0,195,4,34
1800.491339582,16.59,0,0,195,4,34
1800.568610845,16.59,0,0,195,4,34
1800.645510805,16.59,0,0,195,4,34
1800.722929377,16.59,0,0,195,4,34
1800.800272957,16.59,0,0,195,4,34
1800.877244112,16.59,0,0,195,4,34
1800.954929710,16.59,0,0,195,4,34
1801.032004482,16.59,0,0,195,4,34
1801.109255387,16.59,0,0,195,4,34
1801.186919985,16.59,0,0,195,4,34
1801.264345851,16.59,0,0,195,4,34
1801.341368684,16.59,0,0,195,4,34
1801.419030758,16.59,0,0,195,4,34
1801.496838096,16.78,0,0,195,4,34
1801.573648768,16.78,0,0,195,4,34
1801.650986587,16.78,0,0,195,4,34
1801.728526259,16.78,0,0,195,4,34
1801.805935153,16.78,0,0,195,4,34
1801.883640268,16.78,0,0,195,4,34
1801.961185310,16.78,0,0,195,4,34
1802.038239873,16.78,0,0,195,4,34
1802.115454219,16.78,0,0,195,4,34
1802.193405591,16.78,0,0,195,4,34
1802.271159459,16.78,0,0,195,4,34
1802.348659947,16.78,0,0,195,4,34
1802.426277446,16.78,0,0,195,4,34
1802.503638159,16.79,0,0,195,4,34
1802.581835066,16.79,0,0,195,4,34
1802.659203364,16.79,0,0,195,4,34
1802.736318301,16.79,0,0,195,4,34
1802.813748787,16.79,0,0,195,4,34
1802.891241249,16.79,0,0,195,4,34
1802.969931831,16.79,0,0,195,4,34
1803.047323342,16.79,0,0,195,4,34
1803.124252419,16.79,0,0,195,4,34
1803.201761453,16.79,0,0,195,4,34
1803.279777036,16.79,0,0,195,4,34
1803.356790653,16.79,0,0,195,4,34
1803.434436526,16.79,0,0,195,4,34
1803.512540818,16.67,0,0,195,4,34
1803.590007472,16.67,0,0,195,4,34
1803.666955484,16.67,0,0,195,4,34
1803.744995644,16.67,0,0,195,4,34
1803.821676841,16.67,0,0,195,4,34
1803.898726164,16.67,0,0,195,4,34
1803.975646093,16.67,0,0,195,4,34
1804.053120552,16.67,0,0,195,4,34
1804.130454215,16.67,0,0,195,4,34
1804.207999277,16.67,0,0,195,4,34
1804.285295880,16.67,0,0,195,4,34
1804.362792591,16.67,0,0,195,4,34
1804.442179763,16.67,0,0,195,4,34
1804.519417794,16.75,0,0,195,4,34
1804.596499660,16.75,0,0,195,4,34
1804.674498412,16.75,0,0,195,4,34
1804.752152461,16.75,0,0,195,4,34
1804.829195062,16.75,0,0,195,4,34
1804.905806948,16.75,0,0,195,4,34
1804.981842723,16.75,0,0,195,4,34
1805.059136810,16.75,0,0,195,4,34
1805.136187728,16.75,0,0,195,4,34
1805.212773715,16.75,0,0,195,4,34
1805.290114441,16.75,0,0,195,4,34
1805.366814303,16.75,0,0,195,4,34
1805.443334325,16.75,0,0,195,4,34
1805.520540467,16.81,0,0,195,4,34
1805.597007208,16.81,0,0,195,4,34
1805.674176499,16.81,0,0,195,4,34
1805.750973355,16.81,0,0,195,4,34
1805.826877231,16.81,0,0,195,4,34
1805.903148582,16.81,0,0,195,4,34
1805.980831496,16.81,0,0,195,4,34
1806.057965801,16.81,0,0,195,4,34
1806.134819726,16.81,0,0,195,4,34
1806.212875667,16.81,0,0,195,4,34
1806.290328165,16.81,0,0,195,4,34
1806.367992505,16.81,0,0,195,4,34
1806.444957740,16.81,0,0,195,4,34
1806.522117874,16.48,0,0,195,4,34
1806.599233004,16.48,0,0,195,4,34
1806.676045169,16.48,0,0,195,4,34
1806.752820375,16.48,0,0,195,4,34
1806.830032998,16.48,0,0,195,4,34
1806.907484895,16.48,0,0,195,4,34
1806.984881097,16.48,0,0,195,4,34
1807.061946322,16.48,0,0,195,4,34
1807.139887937,16.48,0,0,195,4,34
1807.217094049,16.48,0,0,195,4,34
1807.294303467,16.48,0,0,195,4,34
1807.371959100,16.48,0,0,195,4,34
1807.449557124,16.48,0,0,195,4,34
1807.527453743,16.77,0,0,195,4,34
1807.604674283,16.77,0,0,195,4,34
1807.682297124,16.77,0,0,195,4,34
1807.759963588,16.77,0,0,195,4,34
1807.838058312,16.77,0,0,195,4,34
1807.915352521,16.77,0,0,195,4,34
1807.992897435,16.77,0,0,195,4,34
1808.070623712,16.77,0,0,195,4,34
1808.148467291,16.77,0,0,195,4,34
1808.226247751,16.77,0,0,195,4,34
1808.303698556,16.77,0,0,195,4,34
1808.381421367,16.77,0,0,195,4,34
1808.459132977,16.77,0,0,195,4,34
1808.536576949,16.71,0,0,195,4,34
1808.613694223,16.71,0,0,195,4,34
1808.690754339,16.71,0,0,195,4,34
1808.768985863,16.71,0,0,195,4,34
1808.846574389,16.71,0,0,195,4,34
1808.923964780,16.71,0,0,195,4,34
1809.001047489,16.71,0,0,195,4,34
1809.078206702,16.71,0,0,195,4,34
1809.156126486,16.71,0,0,195,4,34
1809.234316432,16.71,0,0,195,4,34
1809.311782036,16.71,0,0,195,4,34
1809.389346497,16.71,0,0,195,4,34
1809.467275438,16.71,0,0,195,4,34
1809.544940550,16.61,0,0,195,4,34
1809.622400363,16.61,0,0,195,4,34
1809.699911222,16.61,0,0,195,4,34
1809.777472888,16.61,0,0,195,4,34
1809.855245664,16.61,0,0,195,4,34
1809.932442829,16.61,0,0,195,4,34
1810.010718367,16.61,0,0,195,4,34
1810.087643227,16.61,0,0,195,4,34
1810.165468993,16.61,0,0,195,4,34
1810.243633541,16.61,0,0,195,4,34
1810.321493201,16.61,0,0,195,4,34
1810.398971620,16.61,0,0,195,4,34
1810.476599782,16.76,0,0,195,4,34
1810.554061619,16.76,0,0,195,4,34
1810.630950390,16.76,0,0,195,4,34
1810.708794441,16.76,0,0,195,4,34
1810.786308066,16.76,0,0,195,4,34
1810.864150484,16.76,0,0,195,4,34
1810.940895744,16.76,0,0,195,4,34
1811.017087456,16.76,0,0,195,4,34
1811.093304015,16.76,0,0,195,4,34
1811.169607468,16.76,0,0,195,4,34
1811.246070824,16.76,0,0,195,4,34
1811.322947954,16.76,0,0,195,4,34
1811.399750032,16.76,0,0,195,4,34
1811.476747070,16.65,0,0,195,4,34
1811.553562853,16.65,0,0,195,4,34
1811.630209136,16.65,0,0,195,4,34
1811.707672546,16.65,0,0,195,4,34
1811.785006732,16.65,0,0,195,4,34
1811.862269602,16.65,0,0,195,4,34
1811.939394952,16.65,0,0,195,4,34
1812.016713709,16.65,0,0,195,4,34
1812.094268963,16.65,0,0,195,4,34
1812.171257885,16.65,0,0,195,4,34
1812.248961280,16.65,0,0,195,4,34
1812.326481308,16.65,0,0,195,4,34
1812.403654819,16.65,0,0,195,4,34
1812.481404272,16.55,0,0,195,4,34
1812.558511588,16.55,0,0,195,4,34
1812.635653941,16.55,0,0,195,4,34
1812.712981063,16.55,0,0,195,4,34
1812.790551957,16.55,0,0,195,4,34
1812.868511708,16.55,0,0,195,4,34
1812.946102951,16.55,0,0,195,4,34
1813.023220136,16.55,0,0,195,4,34
1813.101004103,16.55,0,0,195,4,34
1813.177892335,16.55,0,0,195,4,34
1813.255085855,16.55,0,0,195,4,34
1813.332577008,16.55,0,0,195,4,34
1813.410381525,16.55,0,0,195,4,34
1813.487805391,16.40,0,0,195,4,34
1813.565379051,16.40,0,0,195,4,34
1813.642563724,16.40,0,0,195,4,34
1813.720172229,16.40,0,0,195,4,34
1813.797739908,16.40,0,0,195,4,34
1813.875056691,16.40,0,0,195,4,34
1813.952480687,16.40,0,0,195,4,34
1814.030058695,16.40,0,0,195,4,34
1814.107205276,16.40,0,0,195,4,34
1814.185182030,16.40,0,0,195,4,34
1814.262297522,16.40,0,0,195,4,34
1814.340164888,16.40,0,0,195,4,34
1814.417597892,16.40,0,0,195,4,34
1814.494679189,16.42,0,0,195,4,34
1814.572239734,16.42,0,0,195,4,34
1814.649587887,16.42,0,0,195,4,34
1814.726801405,16.42,0,0,195,4,34
1814.803966571,16.42,0,0,195,4,34
1814.881227950,16.42,0,0,195,4,34
1814.958242752,16.42,0,0,195,4,34
1815.035523517,16.42,0,0,195,4,34
1815.112818359,16.42,0,0,195,4,34
1815.190459096,16.42,0,0,195,4,34
1815.268199052,16.42,0,0,195,4,34
1815.345930962,16.42,0,0,195,4,34
