Loading user config located at: '/workspace/WBC-AGILE/.venv/lib/python3.12/site-packages/isaacsim/kit/data/Kit/IsaacLab/3.0/user.config.json'
2026-09-03T01:40:46Z [0ms] [Warning] [omni.ext.plugin] [ext: isaaclab_visualizers] Extensions config 'extension.toml' doesn't exist '/workspace/WBC-AGILE/.venv/lib/python3.12/site-packages/isaaclab/source/isaaclab_visualizers' or '/workspace/WBC-AGILE/.venv/lib/python3.12/site-packages/isaaclab/source/isaaclab_visualizers/config'
WARNING: All log messages before absl::InitializeLog() is called are written to STDERR
E0000 00:00:1788399646.437050   79426 descriptor_database.cc:633] File already exists in database: grpc/health/v1/health.proto
W0000 00:00:1788399646.437082   79426 message.cc:301] Protobuf GeneratedMessageFactory: File is already registered: grpc/health/v1/health.proto
2026-09-03T01:40:46Z [414ms] [Warning] [omni.usd_config.extension] Enable omni.materialx.libs extension to use MaterialX
2026-09-03T01:40:46Z [421ms] [Warning] [omni.platforminfo.plugin] failed to open the default display.  Can't verify X Server version.
2026-09-03T01:40:46Z [466ms] [Error] [omni.ext.plugin] Could not load the dynamic library from /workspace/WBC-AGILE/.venv/lib/python3.12/site-packages/isaacsim/extscache/omni.usd.libs-1.0.3+6312fa25.lx64.r.cp312/bin/libMaterialXRenderHw.so. Error: libXt.so.6: cannot open shared object file: No such file or directory (note that this may be caused by a dependent library)
2026-09-03T01:40:46Z [466ms] [Error] [omni.ext.plugin] Could not load the dynamic library from /workspace/WBC-AGILE/.venv/lib/python3.12/site-packages/isaacsim/extscache/omni.usd.libs-1.0.3+6312fa25.lx64.r.cp312/bin/libMaterialXRenderGlsl.so. Error: libXt.so.6: cannot open shared object file: No such file or directory (note that this may be caused by a dependent library)
2026-09-03T01:40:46Z [467ms] [Error] [omni.ext.plugin] Could not load the dynamic library from /workspace/WBC-AGILE/.venv/lib/python3.12/site-packages/isaacsim/extscache/omni.usd.libs-1.0.3+6312fa25.lx64.r.cp312/bin/libusd_usdBakeMtlx.so. Error: libXt.so.6: cannot open shared object file: No such file or directory (note that this may be caused by a dependent library)
2026-09-03T01:40:47Z [1,009ms] [Warning] [isaacsim.core.simulation_manager.plugin] USD stage is not available; stage-opened subscription is deferred
2026-09-03T01:40:47Z [1,009ms] [Warning] [isaacsim.core.simulation_manager.plugin] USD stage is not available; stage-opened subscription is deferred
[ISAACLAB] AppLauncher initialization complete
[INFO]: Parsing configuration from: agile.rl_env.tasks.stand_up.g1.height_tracking_env_cfg:G1HeightTrackingEnvCfg
[INFO]: Parsing configuration from: agile.rl_env.tasks.stand_up.g1.agents.rsl_rl_ppo_cfg:G1HeightTrackingPpoRunnerCfg
/workspace/isaaclab_nexus/envs.py:68: UserWarning: nexusify dropped terms without a Nexus implementation: events.randomize_physics_material (randomize_rigid_body_material), events.randomize_base_com (randomize_rigid_body_com)
  warnings.warn("nexusify dropped terms without a Nexus implementation: " + ", ".join(dropped))
[INFO]: Base environment:
	Environment device    : cuda:0
	Environment seed      : 42
	Physics step-size     : 0.005
	Rendering step-size   : 0.02
	Environment step-size : 0.02
[INFO] Generating terrains based on curriculum took Last: 0.263553 s
[INFO]: Registered backend 'nexus' for factory Articulation.
[INFO]: Registered backend 'nexus' for factory ContactSensor.
[INFO]: Registered backend 'nexus' for factory RayCaster.
[INFO]: Time taken for scene creation Last: 5.529210 s, Mean: 5.529210 s, Std: 0.000000 s, N: 1
[INFO]: Scene manager:  NexusScene(num_envs=1024, entities=['robot', 'contact_forces', 'height_measurement_sensor', 'terrain'])
[INFO]: Time taken for simulation start Last: 0.015879 s, Mean: 0.015879 s, Std: 0.000000 s, N: 1
[INFO] Command Manager:  <CommandManager> contains 1 active terms.
+--------------------------------------+
|         Active Command Terms         |
+-------+--------+---------------------+
| Index | Name   |         Type        |
+-------+--------+---------------------+
|   0   | height | SmoothHeightCommand |
+-------+--------+---------------------+

[INFO] Event Manager:  <EventManager> contains 3 active terms.
+----------------------------------------+
| Active Event Terms in Mode: 'startup'  |
+--------+-------------------------------+
| Index  | Name                          |
+--------+-------------------------------+
|   0    | randomize_actuator_gains      |
|   1    | randomize_bodies_mass         |
|   2    | randomize_base_mass           |
+--------+-------------------------------+
+---------------------------------------------------------------------------+
|                   Active Event Terms in Mode: 'interval'                  |
+-------+-----------------------------------------+-------------------------+
| Index | Name                                    | Interval time range (s) |
+-------+-----------------------------------------+-------------------------+
|   0   | push_robot                              |       (0.0, 10.0)       |
|   1   | apply_external_force_torque             |       (0.0, 10.0)       |
|   2   | apply_external_force_torque_extremities |       (0.0, 10.0)       |
+-------+-----------------------------------------+-------------------------+
+----------------------------------+
| Active Event Terms in Mode: 'reset' |
+------------+---------------------+
|   Index    | Name                |
+------------+---------------------+
|     0      | reset_base          |
+------------+---------------------+

[INFO] Recorder Manager:  <RecorderManager> contains 0 active terms.
+---------------------+
| Active Recorder Terms |
+-----------+---------+
|   Index   | Name    |
+-----------+---------+
+-----------+---------+

[INFO]: Resolved joint names for the action term JointPositionAction: ['left_hip_pitch_joint', 'left_hip_roll_joint', 'left_hip_yaw_joint', 'left_knee_joint', 'left_ankle_pitch_joint', 'left_ankle_roll_joint', 'right_hip_pitch_joint', 'right_hip_roll_joint', 'right_hip_yaw_joint', 'right_knee_joint', 'right_ankle_pitch_joint', 'right_ankle_roll_joint', 'waist_yaw_joint', 'waist_roll_joint', 'waist_pitch_joint', 'left_shoulder_pitch_joint', 'left_shoulder_roll_joint', 'left_shoulder_yaw_joint', 'left_elbow_joint', 'left_wrist_roll_joint', 'left_wrist_pitch_joint', 'left_wrist_yaw_joint', 'right_shoulder_pitch_joint', 'right_shoulder_roll_joint', 'right_shoulder_yaw_joint', 'right_elbow_joint', 'right_wrist_roll_joint', 'right_wrist_pitch_joint', 'right_wrist_yaw_joint'] [[0, 1, 2, 3, 4, 5, 6, 7, 8, 9, 10, 11, 12, 13, 14, 15, 16, 17, 18, 19, 20, 21, 22, 23, 24, 25, 26, 27, 28]]
[INFO] Action Manager:  <ActionManager> contains 2 active terms.
+------------------------------------+
|  Active Action Terms (shape: 29)   |
+--------+-------------+-------------+
| Index  | Name        |   Dimension |
+--------+-------------+-------------+
|   0    | joint_pos   |          29 |
|   1    | lift        |           0 |
+--------+-------------+-------------+

[INFO] Observation Manager: <ObservationManager> contains 2 groups.
+----------------------------------------------+
| Active Observation Terms in Group: 'policy'  |
+---------+------------------------+-----------+
|  Index  | Name                   |   Shape   |
+---------+------------------------+-----------+
|    0    | base_ang_vel           |   (5, 3)  |
|    1    | projected_gravity      |   (5, 3)  |
|    2    | joint_pos              |  (5, 29)  |
|    3    | joint_vel              |  (5, 29)  |
|    4    | actions                |  (5, 29)  |
|    5    | height_command         |   (5, 1)  |
+---------+------------------------+-----------+
+----------------------------------------------+
| Active Observation Terms in Group: 'critic'  |
+---------+------------------------+-----------+
|  Index  | Name                   |   Shape   |
+---------+------------------------+-----------+
|    0    | projected_gravity      |   (5, 3)  |
|    1    | base_lin_vel           |   (5, 3)  |
|    2    | base_ang_vel           |   (5, 3)  |
|    3    | joint_pos              |  (5, 29)  |
|    4    | joint_vel              |  (5, 29)  |
|    5    | actions                |  (5, 29)  |
|    6    | contact_forces         |  (5, 30)  |
|    7    | base_height            |   (5, 1)  |
|    8    | height_command         |   (5, 1)  |
+---------+------------------------+-----------+

[INFO] Termination Manager:  <TerminationManager> contains 2 active terms.
+----------------------------------+
|     Active Termination Terms     |
+-------+---------------+----------+
| Index | Name          | Time Out |
+-------+---------------+----------+
|   0   | time_out      |   True   |
|   1   | invalid_state |  False   |
+-------+---------------+----------+

[INFO] Reward Manager:  <RewardManager> contains 32 active terms.
+--------------------------------------------+
|            Active Reward Terms             |
+-------+-------------------------+----------+
| Index | Name                    |   Weight |
+-------+-------------------------+----------+
|   0   | joint_torques_l2        |   -5e-05 |
|   1   | torque_limits           |    -0.01 |
|   2   | joint_acc_l2            | -2.5e-08 |
|   3   | joint_pos_limits        |     -0.1 |
|   4   | joint_vel_limits        |    -0.01 |
|   5   | action_rate             |     -1.0 |
|   6   | action_rate_rate        |    -0.15 |
|   7   | joint_vel_l2            |   -0.001 |
|   8   | joint_tracking_error    |     -0.5 |
|   9   | base_height_rough       |      4.0 |
|   10  | base_height_medium      |      8.0 |
|   11  | base_height_fine        |     16.0 |
|   12  | relaxation              |     -1.0 |
|   13  | joint_deviation_l1      |     -0.5 |
|   14  | joint_deviation_l1_arms |     -0.5 |
|   15  | ankle_torques           |   -0.001 |
|   16  | not_moving              |     -1.0 |
|   17  | torso_upright           |     -1.0 |
|   18  | severely_tilted         |     -5.0 |
|   19  | torso_roll              |     -5.0 |
|   20  | forward_pitch           |    -10.0 |
|   21  | illegal_contacts        |     -2.0 |
|   22  | feet_distance           |     -5.0 |
|   23  | feet_distance_standing  |    -10.0 |
|   24  | ground_unloaded         |     -2.0 |
|   25  | flat_feet               |     -1.0 |
|   26  | feet_slide              |     -1.0 |
|   27  | feet_yaw_mean           |     -2.0 |
|   28  | completely_airborne     |    -50.0 |
|   29  | body_velocity           |     -0.1 |
|   30  | ground_slam             |     -1.0 |
|   31  | torso_slam              |     -5.0 |
+-------+-------------------------+----------+

[INFO] Curriculum Manager:  <CurriculumManager> contains 8 active terms.
+---------------------------------+
|     Active Curriculum Terms     |
+-------+-------------------------+
| Index | Name                    |
+-------+-------------------------+
|   0   | adaptive_lift           |
|   1   | terrain_levels          |
|   2   | polish_action_rate_rate |
|   3   | polish_ground_slam      |
|   4   | polish_torso_slam       |
|   5   | polish_not_moving       |
|   6   | polish_joint_vel_l2     |
|   7   | random_fallen_states    |
+-------+-------------------------+

[INFO]: Completed setting up the environment...
[nexus] env built in 5.7s
[nexus] pre_learn (fallen-state dataset) done in 0.0s
/workspace/WBC-AGILE/.venv/lib/python3.12/site-packages/rsl_rl/utils/utils.py:220: UserWarning: The observation configuration dictionary 'obs_groups' is empty and thus likely not configured. Consider configuring the 'obs_groups' dictionary explicitly
  warnings.warn(
/workspace/WBC-AGILE/.venv/lib/python3.12/site-packages/rsl_rl/utils/utils.py:251: UserWarning: The observation configuration dictionary 'obs_groups' does not contain the 'actor' key. As an observation group with the name 'policy' was found, this is assumed to be the appropriate observation. Consider adding the 'actor' key to the 'obs_groups' dictionary for clarity. This behavior will be removed in a future version.
  warnings.warn(
/workspace/WBC-AGILE/.venv/lib/python3.12/site-packages/rsl_rl/utils/utils.py:243: UserWarning: The observation configuration dictionary 'obs_groups' does not contain the 'critic' key. As an observation group with the name 'critic' was found, this is assumed to be the appropriate observation. Consider adding the 'critic' key to the 'obs_groups' dictionary for clarity. This behavior will be removed in a future version.
  warnings.warn(
--------------------------------------------------------------------------------
Resolved observation sets: 
	 actor :  ['policy']
	 critic :  ['critic']
--------------------------------------------------------------------------------
Actor Model: MLPModel(
  (obs_normalizer): Identity()
  (distribution): GaussianDistribution()
  (mlp): MLP(
    (0): Linear(in_features=470, out_features=256, bias=True)
    (1): ELU(alpha=1.0)
    (2): Linear(in_features=256, out_features=256, bias=True)
    (3): ELU(alpha=1.0)
    (4): Linear(in_features=256, out_features=128, bias=True)
    (5): ELU(alpha=1.0)
    (6): Linear(in_features=128, out_features=29, bias=True)
  )
)
Critic Model: MLPModel(
  (obs_normalizer): Identity()
  (mlp): MLP(
    (0): Linear(in_features=640, out_features=512, bias=True)
    (1): ELU(alpha=1.0)
    (2): Linear(in_features=512, out_features=256, bias=True)
    (3): ELU(alpha=1.0)
    (4): Linear(in_features=256, out_features=128, bias=True)
    (5): ELU(alpha=1.0)
    (6): Linear(in_features=128, out_features=1, bias=True)
  )
)
Storing git diff for 'WBC-AGILE' in: /workspace/bench/nexus_port/logs/2026-09-03_01-40-57_nexus/git/WBC-AGILE.diff
################################################################################
[1m                            Learning iteration 0/30                             [0m 

                               Run name: nexus
                            Total steps: 24576 
                       Steps per second: 9017 
                        Collection time: 2.482s 
                          Learning time: 0.244s 
                        Mean value loss: 4.4104
                    Mean surrogate loss: 0.0321
                      Mean entropy loss: 41.1204
                     Mean symmetry loss: 0.0044
                   Mean l2c2_actor loss: 0.0015
                  Mean l2c2_critic loss: 0.0056
                            Mean reward: -28.05
                    Mean episode length: 11.26
                        Mean action std: 1.00
                    Entropy coefficient: 0.002500
         Episode_Reward/severely_tilted: -0.0005
               Curriculum/adaptive_lift: 1.0000
            Metrics/height/height_error: 0.0000
 Episode_Reward/joint_deviation_l1_arms: -0.0041
       Episode_Reward/base_height_rough: 0.0195
           Episode_Reward/torso_upright: 0.0000
        Episode_Reward/base_height_fine: 0.0407
    Episode_Reward/joint_tracking_error: -0.0501
              Episode_Reward/torso_roll: -0.0103
         Curriculum/polish_joint_vel_l2: -0.0010
          Curriculum/polish_ground_slam: -1.0000
           Curriculum/polish_not_moving: -1.0000
         Episode_Reward/ground_unloaded: -0.0140
             Episode_Reward/action_rate: -0.9264
              Episode_Reward/feet_slide: -0.0020
        Episode_Reward/joint_torques_l2: -0.0152
           Episode_Reward/feet_distance: -0.0029
           Episode_Reward/forward_pitch: -0.0096
           Episode_Reward/torque_limits: -0.0206
      Episode_Reward/joint_deviation_l1: -0.0142
  Episode_Reward/feet_distance_standing: -0.0048
           Episode_Reward/ankle_torques: -0.0029
              Episode_Reward/torso_slam: -0.0075
        Episode_Reward/joint_pos_limits: -0.0000
           Episode_Termination/time_out: 0.0173
        Episode_Reward/illegal_contacts: -0.0099
              Curriculum/terrain_levels: 0.0000
        Curriculum/random_fallen_states: 0.0000
               Episode_Reward/flat_feet: -0.0306
              Episode_Reward/relaxation: -0.1774
      Episode_Termination/invalid_state: 0.0000
     Episode_Reward/completely_airborne: -0.4298
     Curriculum/polish_action_rate_rate: -0.1500
      Episode_Reward/base_height_medium: 0.0269
            Episode_Reward/joint_vel_l2: -0.0146
        Episode_Reward/joint_vel_limits: -0.0000
              Episode_Reward/not_moving: -0.0126
             Episode_Reward/ground_slam: -0.0101
           Curriculum/polish_torso_slam: -5.0000
            Episode_Reward/joint_acc_l2: -0.0028
           Episode_Reward/feet_yaw_mean: -0.0037
        Episode_Reward/action_rate_rate: -0.4002
           Episode_Reward/body_velocity: -0.0371
--------------------------------------------------------------------------------
                         Iteration time: 2.73s
                           Time elapsed: 0:00:02
                                    ETA: 0:01:19

################################################################################
[1m                            Learning iteration 1/30                             [0m 

                               Run name: nexus
                            Total steps: 49152 
                       Steps per second: 17189 
                        Collection time: 1.279s 
                          Learning time: 0.150s 
                        Mean value loss: 3.7854
                    Mean surrogate loss: 0.0075
                      Mean entropy loss: 41.0805
                     Mean symmetry loss: 0.0030
                   Mean l2c2_actor loss: 0.0015
                  Mean l2c2_critic loss: 0.0191
                            Mean reward: -55.55
                    Mean episode length: 23.66
                        Mean action std: 1.00
                    Entropy coefficient: 0.002500
         Episode_Reward/severely_tilted: 0.0000
               Curriculum/adaptive_lift: 1.0000
            Metrics/height/height_error: 0.0000
 Episode_Reward/joint_deviation_l1_arms: -0.0094
       Episode_Reward/base_height_rough: 0.1010
           Episode_Reward/torso_upright: 0.0000
        Episode_Reward/base_height_fine: 0.2239
    Episode_Reward/joint_tracking_error: -0.1485
              Episode_Reward/torso_roll: -0.0463
         Curriculum/polish_joint_vel_l2: -0.0010
          Curriculum/polish_ground_slam: -1.0000
           Curriculum/polish_not_moving: -1.0000
         Episode_Reward/ground_unloaded: -0.0646
             Episode_Reward/action_rate: -2.7867
              Episode_Reward/feet_slide: -0.0161
        Episode_Reward/joint_torques_l2: -0.0451
           Episode_Reward/feet_distance: -0.0143
           Episode_Reward/forward_pitch: -0.0284
           Episode_Reward/torque_limits: -0.0551
      Episode_Reward/joint_deviation_l1: -0.0270
  Episode_Reward/feet_distance_standing: -0.0082
           Episode_Reward/ankle_torques: -0.0105
              Episode_Reward/torso_slam: -0.0210
        Episode_Reward/joint_pos_limits: -0.0002
           Episode_Termination/time_out: 0.0487
        Episode_Reward/illegal_contacts: -0.0388
              Curriculum/terrain_levels: 0.0000
        Curriculum/random_fallen_states: 0.0000
               Episode_Reward/flat_feet: -0.0976
              Episode_Reward/relaxation: -0.2626
      Episode_Termination/invalid_state: 0.0000
     Episode_Reward/completely_airborne: -0.7537
     Curriculum/polish_action_rate_rate: -0.1500
      Episode_Reward/base_height_medium: 0.1460
            Episode_Reward/joint_vel_l2: -0.0466
        Episode_Reward/joint_vel_limits: -0.0001
              Episode_Reward/not_moving: -0.0836
             Episode_Reward/ground_slam: -0.0640
           Curriculum/polish_torso_slam: -5.0000
            Episode_Reward/joint_acc_l2: -0.0079
           Episode_Reward/feet_yaw_mean: -0.0148
        Episode_Reward/action_rate_rate: -1.2407
           Episode_Reward/body_velocity: -0.1343
--------------------------------------------------------------------------------
                         Iteration time: 1.43s
                           Time elapsed: 0:00:04
                                    ETA: 0:00:58

################################################################################
[1m                            Learning iteration 2/30                             [0m 

                               Run name: nexus
                            Total steps: 73728 
                       Steps per second: 15176 
                        Collection time: 1.470s 
                          Learning time: 0.149s 
                        Mean value loss: 3.6392
                    Mean surrogate loss: -0.0096
                      Mean entropy loss: 40.9633
                     Mean symmetry loss: 0.0015
                   Mean l2c2_actor loss: 0.0019
                  Mean l2c2_critic loss: 0.0528
                            Mean reward: -81.00
                    Mean episode length: 35.02
                        Mean action std: 0.99
                    Entropy coefficient: 0.002500
         Episode_Reward/severely_tilted: -0.0290
               Curriculum/adaptive_lift: 0.9994
            Metrics/height/height_error: 0.0000
 Episode_Reward/joint_deviation_l1_arms: -0.0069
       Episode_Reward/base_height_rough: 0.1351
           Episode_Reward/torso_upright: -0.0002
        Episode_Reward/base_height_fine: 0.1885
    Episode_Reward/joint_tracking_error: -0.2478
              Episode_Reward/torso_roll: -0.1035
         Curriculum/polish_joint_vel_l2: -0.0010
          Curriculum/polish_ground_slam: -1.0000
           Curriculum/polish_not_moving: -1.0000
         Episode_Reward/ground_unloaded: -0.0758
             Episode_Reward/action_rate: -4.6906
              Episode_Reward/feet_slide: -0.0272
        Episode_Reward/joint_torques_l2: -0.0769
           Episode_Reward/feet_distance: -0.0280
           Episode_Reward/forward_pitch: -0.0642
           Episode_Reward/torque_limits: -0.0879
      Episode_Reward/joint_deviation_l1: -0.0196
  Episode_Reward/feet_distance_standing: -0.0086
           Episode_Reward/ankle_torques: -0.0145
              Episode_Reward/torso_slam: -0.0279
        Episode_Reward/joint_pos_limits: -0.0003
           Episode_Termination/time_out: 0.0793
        Episode_Reward/illegal_contacts: -0.0832
              Curriculum/terrain_levels: 0.0000
        Curriculum/random_fallen_states: 0.0000
               Episode_Reward/flat_feet: -0.2193
              Episode_Reward/relaxation: -0.6597
      Episode_Termination/invalid_state: 0.0000
     Episode_Reward/completely_airborne: -0.5810
     Curriculum/polish_action_rate_rate: -0.1500
      Episode_Reward/base_height_medium: 0.1535
            Episode_Reward/joint_vel_l2: -0.0738
        Episode_Reward/joint_vel_limits: -0.0001
              Episode_Reward/not_moving: -0.0471
             Episode_Reward/ground_slam: -0.0945
           Curriculum/polish_torso_slam: -5.0000
            Episode_Reward/joint_acc_l2: -0.0132
           Episode_Reward/feet_yaw_mean: -0.0291
        Episode_Reward/action_rate_rate: -2.0927
           Episode_Reward/body_velocity: -0.1346
--------------------------------------------------------------------------------
                         Iteration time: 1.62s
                           Time elapsed: 0:00:05
                                    ETA: 0:00:51

################################################################################
[1m                            Learning iteration 3/30                             [0m 

                               Run name: nexus
                            Total steps: 98304 
                       Steps per second: 17658 
                        Collection time: 1.241s 
                          Learning time: 0.150s 
                        Mean value loss: 3.6395
                    Mean surrogate loss: -0.0101
                      Mean entropy loss: 40.8707
                     Mean symmetry loss: 0.0011
                   Mean l2c2_actor loss: 0.0022
                  Mean l2c2_critic loss: 0.0670
                            Mean reward: -125.38
                    Mean episode length: 56.07
                        Mean action std: 0.99
                    Entropy coefficient: 0.002500
         Episode_Reward/severely_tilted: 0.0000
               Curriculum/adaptive_lift: 0.9979
            Metrics/height/height_error: 0.0000
 Episode_Reward/joint_deviation_l1_arms: -0.0035
       Episode_Reward/base_height_rough: 0.1856
           Episode_Reward/torso_upright: 0.0000
        Episode_Reward/base_height_fine: 0.3470
    Episode_Reward/joint_tracking_error: -0.3460
              Episode_Reward/torso_roll: -0.1053
         Curriculum/polish_joint_vel_l2: -0.0010
          Curriculum/polish_ground_slam: -1.0000
           Curriculum/polish_not_moving: -1.0000
         Episode_Reward/ground_unloaded: -0.1456
             Episode_Reward/action_rate: -6.4365
              Episode_Reward/feet_slide: -0.0393
        Episode_Reward/joint_torques_l2: -0.1072
           Episode_Reward/feet_distance: -0.0334
           Episode_Reward/forward_pitch: -0.0859
           Episode_Reward/torque_limits: -0.1161
      Episode_Reward/joint_deviation_l1: -0.0118
  Episode_Reward/feet_distance_standing: -0.0038
           Episode_Reward/ankle_torques: -0.0243
              Episode_Reward/torso_slam: -0.0442
        Episode_Reward/joint_pos_limits: -0.0004
           Episode_Termination/time_out: 0.1042
        Episode_Reward/illegal_contacts: -0.1590
              Curriculum/terrain_levels: 0.0000
        Curriculum/random_fallen_states: 0.0000
               Episode_Reward/flat_feet: -0.3426
              Episode_Reward/relaxation: -0.5526
      Episode_Termination/invalid_state: 0.0000
     Episode_Reward/completely_airborne: -0.5088
     Curriculum/polish_action_rate_rate: -0.1500
      Episode_Reward/base_height_medium: 0.2389
            Episode_Reward/joint_vel_l2: -0.0961
        Episode_Reward/joint_vel_limits: -0.0001
              Episode_Reward/not_moving: -0.0927
             Episode_Reward/ground_slam: -0.1404
           Curriculum/polish_torso_slam: -5.0000
            Episode_Reward/joint_acc_l2: -0.0170
           Episode_Reward/feet_yaw_mean: -0.0400
        Episode_Reward/action_rate_rate: -2.8680
           Episode_Reward/body_velocity: -0.1137
--------------------------------------------------------------------------------
                         Iteration time: 1.39s
                           Time elapsed: 0:00:07
                                    ETA: 0:00:46

################################################################################
[1m                            Learning iteration 4/30                             [0m 

                               Run name: nexus
                            Total steps: 122880 
                       Steps per second: 17414 
                        Collection time: 1.263s 
                          Learning time: 0.148s 
                        Mean value loss: 3.5408
                    Mean surrogate loss: -0.0135
                      Mean entropy loss: 40.7435
                     Mean symmetry loss: 0.0010
                   Mean l2c2_actor loss: 0.0026
                  Mean l2c2_critic loss: 0.0845
                            Mean reward: -182.93
                    Mean episode length: 83.21
                        Mean action std: 0.98
                    Entropy coefficient: 0.002500
         Episode_Reward/severely_tilted: -0.0053
               Curriculum/adaptive_lift: 0.9964
            Metrics/height/height_error: 0.1652
 Episode_Reward/joint_deviation_l1_arms: -0.0080
       Episode_Reward/base_height_rough: 0.2490
           Episode_Reward/torso_upright: 0.0000
        Episode_Reward/base_height_fine: 0.4256
    Episode_Reward/joint_tracking_error: -0.4417
              Episode_Reward/torso_roll: -0.1473
         Curriculum/polish_joint_vel_l2: -0.0010
          Curriculum/polish_ground_slam: -1.0000
           Curriculum/polish_not_moving: -1.0000
         Episode_Reward/ground_unloaded: -0.1418
             Episode_Reward/action_rate: -8.1528
              Episode_Reward/feet_slide: -0.0542
        Episode_Reward/joint_torques_l2: -0.1492
           Episode_Reward/feet_distance: -0.0420
           Episode_Reward/forward_pitch: -0.2652
           Episode_Reward/torque_limits: -0.1516
      Episode_Reward/joint_deviation_l1: -0.0239
  Episode_Reward/feet_distance_standing: -0.0033
           Episode_Reward/ankle_torques: -0.0306
              Episode_Reward/torso_slam: -0.0542
        Episode_Reward/joint_pos_limits: -0.0006
           Episode_Termination/time_out: 0.1392
        Episode_Reward/illegal_contacts: -0.1644
              Curriculum/terrain_levels: 0.0000
        Curriculum/random_fallen_states: 0.0000
               Episode_Reward/flat_feet: -0.4253
              Episode_Reward/relaxation: -1.4144
      Episode_Termination/invalid_state: 0.0000
     Episode_Reward/completely_airborne: -1.0849
     Curriculum/polish_action_rate_rate: -0.1500
      Episode_Reward/base_height_medium: 0.2984
            Episode_Reward/joint_vel_l2: -0.1262
        Episode_Reward/joint_vel_limits: -0.0001
              Episode_Reward/not_moving: -0.1319
             Episode_Reward/ground_slam: -0.1808
           Curriculum/polish_torso_slam: -5.0000
            Episode_Reward/joint_acc_l2: -0.0295
           Episode_Reward/feet_yaw_mean: -0.0449
        Episode_Reward/action_rate_rate: -3.6421
           Episode_Reward/body_velocity: -0.2327
--------------------------------------------------------------------------------
                         Iteration time: 1.41s
                           Time elapsed: 0:00:08
                                    ETA: 0:00:42

################################################################################
[1m                            Learning iteration 5/30                             [0m 

                               Run name: nexus
                            Total steps: 147456 
                       Steps per second: 17505 
                        Collection time: 1.254s 
                          Learning time: 0.150s 
                        Mean value loss: 3.4894
                    Mean surrogate loss: -0.0139
                      Mean entropy loss: 40.6271
                     Mean symmetry loss: 0.0008
                   Mean l2c2_actor loss: 0.0029
                  Mean l2c2_critic loss: 0.0968
                            Mean reward: -239.77
                    Mean episode length: 109.81
                        Mean action std: 0.98
                    Entropy coefficient: 0.002500
         Episode_Reward/severely_tilted: 0.0000
               Curriculum/adaptive_lift: 0.9961
            Metrics/height/height_error: 0.4583
 Episode_Reward/joint_deviation_l1_arms: -0.0057
       Episode_Reward/base_height_rough: 0.2087
           Episode_Reward/torso_upright: 0.0000
        Episode_Reward/base_height_fine: 0.2136
    Episode_Reward/joint_tracking_error: -0.5382
              Episode_Reward/torso_roll: -0.1315
         Curriculum/polish_joint_vel_l2: -0.0010
          Curriculum/polish_ground_slam: -1.0000
           Curriculum/polish_not_moving: -1.0000
         Episode_Reward/ground_unloaded: -0.2274
             Episode_Reward/action_rate: -10.1580
              Episode_Reward/feet_slide: -0.0669
        Episode_Reward/joint_torques_l2: -0.1514
           Episode_Reward/feet_distance: -0.0572
           Episode_Reward/forward_pitch: -0.2241
           Episode_Reward/torque_limits: -0.1802
      Episode_Reward/joint_deviation_l1: -0.0165
  Episode_Reward/feet_distance_standing: -0.0056
           Episode_Reward/ankle_torques: -0.0350
              Episode_Reward/torso_slam: -0.0714
        Episode_Reward/joint_pos_limits: -0.0006
           Episode_Termination/time_out: 0.1692
        Episode_Reward/illegal_contacts: -0.2168
              Curriculum/terrain_levels: 0.0000
        Curriculum/random_fallen_states: 0.0000
               Episode_Reward/flat_feet: -0.5552
              Episode_Reward/relaxation: -0.9073
      Episode_Termination/invalid_state: 0.0000
     Episode_Reward/completely_airborne: -1.0312
     Curriculum/polish_action_rate_rate: -0.1500
      Episode_Reward/base_height_medium: 0.1834
            Episode_Reward/joint_vel_l2: -0.1734
        Episode_Reward/joint_vel_limits: -0.0002
              Episode_Reward/not_moving: -0.0705
             Episode_Reward/ground_slam: -0.2350
           Curriculum/polish_torso_slam: -5.0000
            Episode_Reward/joint_acc_l2: -0.0239
           Episode_Reward/feet_yaw_mean: -0.0655
        Episode_Reward/action_rate_rate: -4.5384
           Episode_Reward/body_velocity: -0.2181
--------------------------------------------------------------------------------
                         Iteration time: 1.40s
                           Time elapsed: 0:00:09
                                    ETA: 0:00:39

################################################################################
[1m                            Learning iteration 6/30                             [0m 

                               Run name: nexus
                            Total steps: 172032 
                       Steps per second: 17280 
                        Collection time: 1.272s 
                          Learning time: 0.150s 
                        Mean value loss: 3.5244
                    Mean surrogate loss: -0.0148
                      Mean entropy loss: 40.4966
                     Mean symmetry loss: 0.0008
                   Mean l2c2_actor loss: 0.0034
                  Mean l2c2_critic loss: 0.1133
                            Mean reward: -294.41
                    Mean episode length: 134.16
                        Mean action std: 0.98
                    Entropy coefficient: 0.002500
         Episode_Reward/severely_tilted: -0.0025
               Curriculum/adaptive_lift: 0.9961
            Metrics/height/height_error: 0.2356
 Episode_Reward/joint_deviation_l1_arms: -0.0097
       Episode_Reward/base_height_rough: 0.2580
           Episode_Reward/torso_upright: -0.0000
        Episode_Reward/base_height_fine: 0.2829
    Episode_Reward/joint_tracking_error: -0.6281
              Episode_Reward/torso_roll: -0.1920
         Curriculum/polish_joint_vel_l2: -0.0010
          Curriculum/polish_ground_slam: -1.0000
           Curriculum/polish_not_moving: -1.0000
         Episode_Reward/ground_unloaded: -0.1827
             Episode_Reward/action_rate: -11.8471
              Episode_Reward/feet_slide: -0.0789
        Episode_Reward/joint_torques_l2: -0.1688
           Episode_Reward/feet_distance: -0.0757
           Episode_Reward/forward_pitch: -0.2767
           Episode_Reward/torque_limits: -0.2017
      Episode_Reward/joint_deviation_l1: -0.0291
  Episode_Reward/feet_distance_standing: -0.0131
           Episode_Reward/ankle_torques: -0.0423
              Episode_Reward/torso_slam: -0.0765
        Episode_Reward/joint_pos_limits: -0.0007
           Episode_Termination/time_out: 0.2053
        Episode_Reward/illegal_contacts: -0.2661
              Curriculum/terrain_levels: 0.0000
        Curriculum/random_fallen_states: 0.0000
               Episode_Reward/flat_feet: -0.6326
              Episode_Reward/relaxation: -1.8331
      Episode_Termination/invalid_state: 0.0000
     Episode_Reward/completely_airborne: -1.1542
     Curriculum/polish_action_rate_rate: -0.1500
      Episode_Reward/base_height_medium: 0.2400
            Episode_Reward/joint_vel_l2: -0.1957
        Episode_Reward/joint_vel_limits: -0.0002
              Episode_Reward/not_moving: -0.0486
             Episode_Reward/ground_slam: -0.2818
           Curriculum/polish_torso_slam: -5.0000
            Episode_Reward/joint_acc_l2: -0.0238
           Episode_Reward/feet_yaw_mean: -0.0659
        Episode_Reward/action_rate_rate: -5.3095
           Episode_Reward/body_velocity: -0.2528
--------------------------------------------------------------------------------
                         Iteration time: 1.42s
                           Time elapsed: 0:00:11
                                    ETA: 0:00:37

################################################################################
[1m                            Learning iteration 7/30                             [0m 

                               Run name: nexus
                            Total steps: 196608 
                       Steps per second: 17559 
                        Collection time: 1.250s 
                          Learning time: 0.150s 
                        Mean value loss: 3.2785
                    Mean surrogate loss: -0.0131
                      Mean entropy loss: 40.3914
                     Mean symmetry loss: 0.0008
                   Mean l2c2_actor loss: 0.0037
                  Mean l2c2_critic loss: 0.1151
                            Mean reward: -341.03
                    Mean episode length: 156.08
                        Mean action std: 0.97
                    Entropy coefficient: 0.002500
         Episode_Reward/severely_tilted: -0.0024
               Curriculum/adaptive_lift: 0.9961
            Metrics/height/height_error: 0.4031
 Episode_Reward/joint_deviation_l1_arms: -0.0132
       Episode_Reward/base_height_rough: 0.3895
           Episode_Reward/torso_upright: 0.0000
        Episode_Reward/base_height_fine: 0.5409
    Episode_Reward/joint_tracking_error: -0.7196
              Episode_Reward/torso_roll: -0.1913
         Curriculum/polish_joint_vel_l2: -0.0010
          Curriculum/polish_ground_slam: -1.0000
           Curriculum/polish_not_moving: -1.0000
         Episode_Reward/ground_unloaded: -0.3093
             Episode_Reward/action_rate: -13.5973
              Episode_Reward/feet_slide: -0.1063
        Episode_Reward/joint_torques_l2: -0.2139
           Episode_Reward/feet_distance: -0.0706
           Episode_Reward/forward_pitch: -0.7707
           Episode_Reward/torque_limits: -0.2486
      Episode_Reward/joint_deviation_l1: -0.0448
  Episode_Reward/feet_distance_standing: -0.0030
           Episode_Reward/ankle_torques: -0.0526
              Episode_Reward/torso_slam: -0.1164
        Episode_Reward/joint_pos_limits: -0.0007
           Episode_Termination/time_out: 0.2356
        Episode_Reward/illegal_contacts: -0.2241
              Curriculum/terrain_levels: 0.0000
        Curriculum/random_fallen_states: 0.0000
               Episode_Reward/flat_feet: -0.7567
              Episode_Reward/relaxation: -1.0663
      Episode_Termination/invalid_state: 0.0000
     Episode_Reward/completely_airborne: -1.6509
     Curriculum/polish_action_rate_rate: -0.1500
      Episode_Reward/base_height_medium: 0.4256
            Episode_Reward/joint_vel_l2: -0.2027
        Episode_Reward/joint_vel_limits: -0.0002
              Episode_Reward/not_moving: -0.1705
             Episode_Reward/ground_slam: -0.3134
           Curriculum/polish_torso_slam: -5.0000
            Episode_Reward/joint_acc_l2: -0.0348
           Episode_Reward/feet_yaw_mean: -0.0758
        Episode_Reward/action_rate_rate: -6.0980
           Episode_Reward/body_velocity: -0.3100
--------------------------------------------------------------------------------
                         Iteration time: 1.40s
                           Time elapsed: 0:00:12
                                    ETA: 0:00:35

################################################################################
[1m                            Learning iteration 8/30                             [0m 

                               Run name: nexus
                            Total steps: 221184 
                       Steps per second: 17231 
                        Collection time: 1.273s 
                          Learning time: 0.153s 
                        Mean value loss: 3.2005
                    Mean surrogate loss: -0.0141
                      Mean entropy loss: 40.2841
                     Mean symmetry loss: 0.0007
                   Mean l2c2_actor loss: 0.0041
                  Mean l2c2_critic loss: 0.1269
                            Mean reward: -381.59
                    Mean episode length: 178.78
                        Mean action std: 0.97
                    Entropy coefficient: 0.002500
         Episode_Reward/severely_tilted: -0.0005
               Curriculum/adaptive_lift: 0.9961
            Metrics/height/height_error: 0.2825
 Episode_Reward/joint_deviation_l1_arms: -0.0046
       Episode_Reward/base_height_rough: 0.5074
           Episode_Reward/torso_upright: 0.0000
        Episode_Reward/base_height_fine: 0.6309
    Episode_Reward/joint_tracking_error: -0.8391
              Episode_Reward/torso_roll: -0.3026
         Curriculum/polish_joint_vel_l2: -0.0010
          Curriculum/polish_ground_slam: -1.0000
           Curriculum/polish_not_moving: -1.0000
         Episode_Reward/ground_unloaded: -0.3200
             Episode_Reward/action_rate: -15.2975
              Episode_Reward/feet_slide: -0.0903
        Episode_Reward/joint_torques_l2: -0.2679
           Episode_Reward/feet_distance: -0.1001
           Episode_Reward/forward_pitch: -0.2160
           Episode_Reward/torque_limits: -0.2986
      Episode_Reward/joint_deviation_l1: -0.0151
  Episode_Reward/feet_distance_standing: -0.0035
           Episode_Reward/ankle_torques: -0.0555
              Episode_Reward/torso_slam: -0.0874
        Episode_Reward/joint_pos_limits: -0.0014
           Episode_Termination/time_out: 0.2682
        Episode_Reward/illegal_contacts: -0.3794
              Curriculum/terrain_levels: 0.0000
        Curriculum/random_fallen_states: 0.0000
               Episode_Reward/flat_feet: -0.8866
              Episode_Reward/relaxation: -1.8066
      Episode_Termination/invalid_state: 0.0000
     Episode_Reward/completely_airborne: -0.9716
     Curriculum/polish_action_rate_rate: -0.1500
      Episode_Reward/base_height_medium: 0.5444
            Episode_Reward/joint_vel_l2: -0.2301
        Episode_Reward/joint_vel_limits: -0.0002
              Episode_Reward/not_moving: -0.1949
             Episode_Reward/ground_slam: -0.3320
           Curriculum/polish_torso_slam: -5.0000
            Episode_Reward/joint_acc_l2: -0.0437
           Episode_Reward/feet_yaw_mean: -0.1047
        Episode_Reward/action_rate_rate: -6.8412
           Episode_Reward/body_velocity: -0.2562
--------------------------------------------------------------------------------
                         Iteration time: 1.43s
                           Time elapsed: 0:00:14
                                    ETA: 0:00:33

################################################################################
[1m                            Learning iteration 9/30                             [0m 

                               Run name: nexus
                            Total steps: 245760 
                       Steps per second: 17531 
                        Collection time: 1.252s 
                          Learning time: 0.150s 
                        Mean value loss: 3.2977
                    Mean surrogate loss: -0.0132
                      Mean entropy loss: 40.1670
                     Mean symmetry loss: 0.0007
                   Mean l2c2_actor loss: 0.0042
                  Mean l2c2_critic loss: 0.1302
                            Mean reward: -421.75
                    Mean episode length: 200.59
                        Mean action std: 0.96
                    Entropy coefficient: 0.002500
         Episode_Reward/severely_tilted: -0.0014
               Curriculum/adaptive_lift: 0.9961
            Metrics/height/height_error: 0.3451
 Episode_Reward/joint_deviation_l1_arms: -0.0092
       Episode_Reward/base_height_rough: 0.5702
           Episode_Reward/torso_upright: 0.0000
        Episode_Reward/base_height_fine: 0.7940
    Episode_Reward/joint_tracking_error: -0.9082
              Episode_Reward/torso_roll: -0.3320
         Curriculum/polish_joint_vel_l2: -0.0010
          Curriculum/polish_ground_slam: -1.0000
           Curriculum/polish_not_moving: -1.0000
         Episode_Reward/ground_unloaded: -0.4116
             Episode_Reward/action_rate: -16.9511
              Episode_Reward/feet_slide: -0.1001
        Episode_Reward/joint_torques_l2: -0.2610
           Episode_Reward/feet_distance: -0.0904
           Episode_Reward/forward_pitch: -0.6139
           Episode_Reward/torque_limits: -0.2932
      Episode_Reward/joint_deviation_l1: -0.0242
  Episode_Reward/feet_distance_standing: -0.0097
           Episode_Reward/ankle_torques: -0.0387
              Episode_Reward/torso_slam: -0.1099
        Episode_Reward/joint_pos_limits: -0.0010
           Episode_Termination/time_out: 0.2981
        Episode_Reward/illegal_contacts: -0.2997
              Curriculum/terrain_levels: 0.0000
        Curriculum/random_fallen_states: 0.0000
               Episode_Reward/flat_feet: -0.8299
              Episode_Reward/relaxation: -1.2645
      Episode_Termination/invalid_state: 0.0000
     Episode_Reward/completely_airborne: -1.5856
     Curriculum/polish_action_rate_rate: -0.1500
      Episode_Reward/base_height_medium: 0.6310
            Episode_Reward/joint_vel_l2: -0.2693
        Episode_Reward/joint_vel_limits: -0.0002
              Episode_Reward/not_moving: -0.2597
             Episode_Reward/ground_slam: -0.3551
           Curriculum/polish_torso_slam: -5.0000
            Episode_Reward/joint_acc_l2: -0.0363
           Episode_Reward/feet_yaw_mean: -0.1154
        Episode_Reward/action_rate_rate: -7.5703
           Episode_Reward/body_velocity: -0.3675
--------------------------------------------------------------------------------
                         Iteration time: 1.40s
                           Time elapsed: 0:00:15
                                    ETA: 0:00:31

################################################################################
[1m                            Learning iteration 10/30                            [0m 

                               Run name: nexus
                            Total steps: 270336 
                       Steps per second: 17503 
                        Collection time: 1.254s 
                          Learning time: 0.150s 
                        Mean value loss: 3.2174
                    Mean surrogate loss: -0.0143
                      Mean entropy loss: 40.0585
                     Mean symmetry loss: 0.0007
                   Mean l2c2_actor loss: 0.0044
                  Mean l2c2_critic loss: 0.1320
                            Mean reward: -480.85
                    Mean episode length: 228.69
                        Mean action std: 0.96
                    Entropy coefficient: 0.002500
         Episode_Reward/severely_tilted: -0.0016
               Curriculum/adaptive_lift: 0.9961
            Metrics/height/height_error: 0.4471
 Episode_Reward/joint_deviation_l1_arms: -0.0078
       Episode_Reward/base_height_rough: 0.4478
           Episode_Reward/torso_upright: -0.0002
        Episode_Reward/base_height_fine: 0.6383
    Episode_Reward/joint_tracking_error: -0.9947
              Episode_Reward/torso_roll: -0.3671
         Curriculum/polish_joint_vel_l2: -0.0010
          Curriculum/polish_ground_slam: -1.0000
           Curriculum/polish_not_moving: -1.0000
         Episode_Reward/ground_unloaded: -0.4071
             Episode_Reward/action_rate: -18.6225
              Episode_Reward/feet_slide: -0.1181
        Episode_Reward/joint_torques_l2: -0.2893
           Episode_Reward/feet_distance: -0.1050
           Episode_Reward/forward_pitch: -0.7582
           Episode_Reward/torque_limits: -0.3296
      Episode_Reward/joint_deviation_l1: -0.0229
  Episode_Reward/feet_distance_standing: -0.0086
           Episode_Reward/ankle_torques: -0.0705
              Episode_Reward/torso_slam: -0.1644
        Episode_Reward/joint_pos_limits: -0.0014
           Episode_Termination/time_out: 0.3285
        Episode_Reward/illegal_contacts: -0.3684
              Curriculum/terrain_levels: 0.0000
        Curriculum/random_fallen_states: 0.0000
               Episode_Reward/flat_feet: -1.0543
              Episode_Reward/relaxation: -1.8866
      Episode_Termination/invalid_state: 0.0000
     Episode_Reward/completely_airborne: -1.4410
     Curriculum/polish_action_rate_rate: -0.1500
      Episode_Reward/base_height_medium: 0.4824
            Episode_Reward/joint_vel_l2: -0.2827
        Episode_Reward/joint_vel_limits: -0.0003
              Episode_Reward/not_moving: -0.1641
             Episode_Reward/ground_slam: -0.4098
           Curriculum/polish_torso_slam: -5.0000
            Episode_Reward/joint_acc_l2: -0.0418
           Episode_Reward/feet_yaw_mean: -0.1154
        Episode_Reward/action_rate_rate: -8.3330
           Episode_Reward/body_velocity: -0.3085
--------------------------------------------------------------------------------
                         Iteration time: 1.40s
                           Time elapsed: 0:00:17
                                    ETA: 0:00:29

################################################################################
[1m                            Learning iteration 11/30                            [0m 

                               Run name: nexus
                            Total steps: 294912 
                       Steps per second: 17273 
                        Collection time: 1.273s 
                          Learning time: 0.150s 
                        Mean value loss: 3.0172
                    Mean surrogate loss: -0.0141
                      Mean entropy loss: 39.9560
                     Mean symmetry loss: 0.0007
                   Mean l2c2_actor loss: 0.0044
                  Mean l2c2_critic loss: 0.1421
                            Mean reward: -535.67
                    Mean episode length: 250.97
                        Mean action std: 0.96
                    Entropy coefficient: 0.002500
         Episode_Reward/severely_tilted: -0.0456
               Curriculum/adaptive_lift: 0.9961
            Metrics/height/height_error: 0.2852
 Episode_Reward/joint_deviation_l1_arms: -0.0080
       Episode_Reward/base_height_rough: 0.4537
           Episode_Reward/torso_upright: 0.0000
        Episode_Reward/base_height_fine: 0.4930
    Episode_Reward/joint_tracking_error: -1.0929
              Episode_Reward/torso_roll: -0.4521
         Curriculum/polish_joint_vel_l2: -0.0010
          Curriculum/polish_ground_slam: -1.0000
           Curriculum/polish_not_moving: -1.0000
         Episode_Reward/ground_unloaded: -0.2443
             Episode_Reward/action_rate: -20.4883
              Episode_Reward/feet_slide: -0.1362
        Episode_Reward/joint_torques_l2: -0.3479
           Episode_Reward/feet_distance: -0.1161
           Episode_Reward/forward_pitch: -0.6815
           Episode_Reward/torque_limits: -0.3702
      Episode_Reward/joint_deviation_l1: -0.0236
  Episode_Reward/feet_distance_standing: -0.0059
           Episode_Reward/ankle_torques: -0.0554
              Episode_Reward/torso_slam: -0.1536
        Episode_Reward/joint_pos_limits: -0.0014
           Episode_Termination/time_out: 0.3598
        Episode_Reward/illegal_contacts: -0.4684
              Curriculum/terrain_levels: 0.0000
        Curriculum/random_fallen_states: 0.0000
               Episode_Reward/flat_feet: -1.2375
              Episode_Reward/relaxation: -4.3012
      Episode_Termination/invalid_state: 0.0000
     Episode_Reward/completely_airborne: -1.9338
     Curriculum/polish_action_rate_rate: -0.1500
      Episode_Reward/base_height_medium: 0.3970
            Episode_Reward/joint_vel_l2: -0.3158
        Episode_Reward/joint_vel_limits: -0.0003
              Episode_Reward/not_moving: -0.1653
             Episode_Reward/ground_slam: -0.4737
           Curriculum/polish_torso_slam: -5.0000
            Episode_Reward/joint_acc_l2: -0.0622
           Episode_Reward/feet_yaw_mean: -0.1243
        Episode_Reward/action_rate_rate: -9.1567
           Episode_Reward/body_velocity: -0.3821
--------------------------------------------------------------------------------
                         Iteration time: 1.42s
                           Time elapsed: 0:00:18
                                    ETA: 0:00:27

################################################################################
[1m                            Learning iteration 12/30                            [0m 

                               Run name: nexus
                            Total steps: 319488 
                       Steps per second: 17412 
                        Collection time: 1.258s 
                          Learning time: 0.154s 
                        Mean value loss: 3.0446
                    Mean surrogate loss: -0.0131
                      Mean entropy loss: 39.8529
                     Mean symmetry loss: 0.0007
                   Mean l2c2_actor loss: 0.0044
                  Mean l2c2_critic loss: 0.1529
                            Mean reward: -581.90
                    Mean episode length: 272.13
                        Mean action std: 0.95
                    Entropy coefficient: 0.002500
         Episode_Reward/severely_tilted: -0.0136
               Curriculum/adaptive_lift: 0.9961
            Metrics/height/height_error: 0.3685
 Episode_Reward/joint_deviation_l1_arms: -0.0122
       Episode_Reward/base_height_rough: 0.7340
           Episode_Reward/torso_upright: 0.0000
        Episode_Reward/base_height_fine: 1.1623
    Episode_Reward/joint_tracking_error: -1.1137
              Episode_Reward/torso_roll: -0.3065
         Curriculum/polish_joint_vel_l2: -0.0010
          Curriculum/polish_ground_slam: -1.0000
           Curriculum/polish_not_moving: -1.0000
         Episode_Reward/ground_unloaded: -0.5049
             Episode_Reward/action_rate: -22.0874
              Episode_Reward/feet_slide: -0.1883
        Episode_Reward/joint_torques_l2: -0.3167
           Episode_Reward/feet_distance: -0.1202
           Episode_Reward/forward_pitch: -1.5430
           Episode_Reward/torque_limits: -0.3806
      Episode_Reward/joint_deviation_l1: -0.0381
  Episode_Reward/feet_distance_standing: -0.0156
           Episode_Reward/ankle_torques: -0.0803
              Episode_Reward/torso_slam: -0.1999
        Episode_Reward/joint_pos_limits: -0.0011
           Episode_Termination/time_out: 0.3911
        Episode_Reward/illegal_contacts: -0.3584
              Curriculum/terrain_levels: 0.0000
        Curriculum/random_fallen_states: 0.0000
               Episode_Reward/flat_feet: -1.4602
              Episode_Reward/relaxation: -1.6248
      Episode_Termination/invalid_state: 0.0000
     Episode_Reward/completely_airborne: -2.5088
     Curriculum/polish_action_rate_rate: -0.1500
      Episode_Reward/base_height_medium: 0.9068
            Episode_Reward/joint_vel_l2: -0.3881
        Episode_Reward/joint_vel_limits: -0.0005
              Episode_Reward/not_moving: -0.2866
             Episode_Reward/ground_slam: -0.5640
           Curriculum/polish_torso_slam: -5.0000
            Episode_Reward/joint_acc_l2: -0.0461
           Episode_Reward/feet_yaw_mean: -0.1353
        Episode_Reward/action_rate_rate: -9.8806
           Episode_Reward/body_velocity: -0.4401
--------------------------------------------------------------------------------
                         Iteration time: 1.41s
                           Time elapsed: 0:00:19
                                    ETA: 0:00:25

################################################################################
[1m                            Learning iteration 13/30                            [0m 

                               Run name: nexus
                            Total steps: 344064 
                       Steps per second: 17826 
                        Collection time: 1.228s 
                          Learning time: 0.150s 
                        Mean value loss: 2.9568
                    Mean surrogate loss: -0.0149
                      Mean entropy loss: 39.7364
                     Mean symmetry loss: 0.0007
                   Mean l2c2_actor loss: 0.0047
                  Mean l2c2_critic loss: 0.1613
                            Mean reward: -616.70
                    Mean episode length: 287.35
                        Mean action std: 0.95
                    Entropy coefficient: 0.002500
         Episode_Reward/severely_tilted: -0.0866
               Curriculum/adaptive_lift: 0.9961
            Metrics/height/height_error: 0.3535
 Episode_Reward/joint_deviation_l1_arms: -0.0085
       Episode_Reward/base_height_rough: 0.8054
           Episode_Reward/torso_upright: 0.0000
        Episode_Reward/base_height_fine: 1.0577
    Episode_Reward/joint_tracking_error: -1.3222
              Episode_Reward/torso_roll: -0.5209
         Curriculum/polish_joint_vel_l2: -0.0010
          Curriculum/polish_ground_slam: -1.0000
           Curriculum/polish_not_moving: -1.0000
         Episode_Reward/ground_unloaded: -0.5471
             Episode_Reward/action_rate: -23.6086
              Episode_Reward/feet_slide: -0.1515
        Episode_Reward/joint_torques_l2: -0.4442
           Episode_Reward/feet_distance: -0.1286
           Episode_Reward/forward_pitch: -1.0012
           Episode_Reward/torque_limits: -0.4610
      Episode_Reward/joint_deviation_l1: -0.0190
  Episode_Reward/feet_distance_standing: -0.0055
           Episode_Reward/ankle_torques: -0.0791
              Episode_Reward/torso_slam: -0.2494
        Episode_Reward/joint_pos_limits: -0.0013
           Episode_Termination/time_out: 0.4129
        Episode_Reward/illegal_contacts: -0.5330
              Curriculum/terrain_levels: 0.0000
        Curriculum/random_fallen_states: 0.0000
               Episode_Reward/flat_feet: -1.4250
              Episode_Reward/relaxation: -2.6122
      Episode_Termination/invalid_state: 0.0000
     Episode_Reward/completely_airborne: -2.3694
     Curriculum/polish_action_rate_rate: -0.1500
      Episode_Reward/base_height_medium: 0.8895
            Episode_Reward/joint_vel_l2: -0.3563
        Episode_Reward/joint_vel_limits: -0.0003
              Episode_Reward/not_moving: -0.2336
             Episode_Reward/ground_slam: -0.5122
           Curriculum/polish_torso_slam: -5.0000
            Episode_Reward/joint_acc_l2: -0.0887
           Episode_Reward/feet_yaw_mean: -0.1803
        Episode_Reward/action_rate_rate: -10.5376
           Episode_Reward/body_velocity: -0.4042
--------------------------------------------------------------------------------
                         Iteration time: 1.38s
                           Time elapsed: 0:00:21
                                    ETA: 0:00:24

################################################################################
[1m                            Learning iteration 14/30                            [0m 

                               Run name: nexus
                            Total steps: 368640 
                       Steps per second: 17229 
                        Collection time: 1.275s 
                          Learning time: 0.151s 
                        Mean value loss: 2.9136
                    Mean surrogate loss: -0.0143
                      Mean entropy loss: 39.6348
                     Mean symmetry loss: 0.0007
                   Mean l2c2_actor loss: 0.0049
                  Mean l2c2_critic loss: 0.1638
                            Mean reward: -675.91
                    Mean episode length: 316.04
                        Mean action std: 0.95
                    Entropy coefficient: 0.002500
         Episode_Reward/severely_tilted: -0.0890
               Curriculum/adaptive_lift: 0.9961
            Metrics/height/height_error: 0.4684
 Episode_Reward/joint_deviation_l1_arms: -0.0098
       Episode_Reward/base_height_rough: 0.6112
           Episode_Reward/torso_upright: 0.0000
        Episode_Reward/base_height_fine: 0.8143
    Episode_Reward/joint_tracking_error: -1.3876
              Episode_Reward/torso_roll: -0.4415
         Curriculum/polish_joint_vel_l2: -0.0010
          Curriculum/polish_ground_slam: -1.0000
           Curriculum/polish_not_moving: -1.0000
         Episode_Reward/ground_unloaded: -0.4564
             Episode_Reward/action_rate: -25.4213
              Episode_Reward/feet_slide: -0.1976
        Episode_Reward/joint_torques_l2: -0.4088
           Episode_Reward/feet_distance: -0.1627
           Episode_Reward/forward_pitch: -0.9981
           Episode_Reward/torque_limits: -0.4483
      Episode_Reward/joint_deviation_l1: -0.0318
  Episode_Reward/feet_distance_standing: -0.0046
           Episode_Reward/ankle_torques: -0.1224
              Episode_Reward/torso_slam: -0.1748
        Episode_Reward/joint_pos_limits: -0.0017
           Episode_Termination/time_out: 0.4397
        Episode_Reward/illegal_contacts: -0.5645
              Curriculum/terrain_levels: 0.0000
        Curriculum/random_fallen_states: 0.0000
               Episode_Reward/flat_feet: -1.5478
              Episode_Reward/relaxation: -3.5841
      Episode_Termination/invalid_state: 0.0000
     Episode_Reward/completely_airborne: -2.2144
     Curriculum/polish_action_rate_rate: -0.1500
      Episode_Reward/base_height_medium: 0.6127
            Episode_Reward/joint_vel_l2: -0.4093
        Episode_Reward/joint_vel_limits: -0.0004
              Episode_Reward/not_moving: -0.2838
             Episode_Reward/ground_slam: -0.6240
           Curriculum/polish_torso_slam: -5.0000
            Episode_Reward/joint_acc_l2: -0.0620
           Episode_Reward/feet_yaw_mean: -0.1831
        Episode_Reward/action_rate_rate: -11.3543
           Episode_Reward/body_velocity: -0.4452
--------------------------------------------------------------------------------
                         Iteration time: 1.43s
                           Time elapsed: 0:00:22
                                    ETA: 0:00:22

################################################################################
[1m                            Learning iteration 15/30                            [0m 

                               Run name: nexus
                            Total steps: 393216 
                       Steps per second: 17344 
                        Collection time: 1.267s 
                          Learning time: 0.150s 
                        Mean value loss: 2.8354
                    Mean surrogate loss: -0.0140
                      Mean entropy loss: 39.5406
                     Mean symmetry loss: 0.0007
                   Mean l2c2_actor loss: 0.0052
                  Mean l2c2_critic loss: 0.1510
                            Mean reward: -727.67
                    Mean episode length: 343.81
                        Mean action std: 0.94
                    Entropy coefficient: 0.002500
         Episode_Reward/severely_tilted: -0.0197
               Curriculum/adaptive_lift: 0.9961
            Metrics/height/height_error: 0.4763
 Episode_Reward/joint_deviation_l1_arms: -0.0079
       Episode_Reward/base_height_rough: 0.7182
           Episode_Reward/torso_upright: 0.0000
        Episode_Reward/base_height_fine: 0.9332
    Episode_Reward/joint_tracking_error: -1.4201
              Episode_Reward/torso_roll: -0.5054
         Curriculum/polish_joint_vel_l2: -0.0010
          Curriculum/polish_ground_slam: -1.0000
           Curriculum/polish_not_moving: -1.0000
         Episode_Reward/ground_unloaded: -0.5481
             Episode_Reward/action_rate: -27.0449
              Episode_Reward/feet_slide: -0.1947
        Episode_Reward/joint_torques_l2: -0.4643
           Episode_Reward/feet_distance: -0.1607
           Episode_Reward/forward_pitch: -1.1291
           Episode_Reward/torque_limits: -0.4894
      Episode_Reward/joint_deviation_l1: -0.0224
  Episode_Reward/feet_distance_standing: -0.0078
           Episode_Reward/ankle_torques: -0.0904
              Episode_Reward/torso_slam: -0.2290
        Episode_Reward/joint_pos_limits: -0.0013
           Episode_Termination/time_out: 0.4692
        Episode_Reward/illegal_contacts: -0.5897
              Curriculum/terrain_levels: 0.0000
        Curriculum/random_fallen_states: 0.0000
               Episode_Reward/flat_feet: -1.7367
              Episode_Reward/relaxation: -3.5880
      Episode_Termination/invalid_state: 0.0000
     Episode_Reward/completely_airborne: -2.4074
     Curriculum/polish_action_rate_rate: -0.1500
      Episode_Reward/base_height_medium: 0.7606
            Episode_Reward/joint_vel_l2: -0.4252
        Episode_Reward/joint_vel_limits: -0.0004
              Episode_Reward/not_moving: -0.2009
             Episode_Reward/ground_slam: -0.6406
           Curriculum/polish_torso_slam: -5.0000
            Episode_Reward/joint_acc_l2: -0.0849
           Episode_Reward/feet_yaw_mean: -0.1644
        Episode_Reward/action_rate_rate: -12.0745
           Episode_Reward/body_velocity: -0.4107
--------------------------------------------------------------------------------
                         Iteration time: 1.42s
                           Time elapsed: 0:00:24
                                    ETA: 0:00:21

################################################################################
[1m                            Learning iteration 16/30                            [0m 

                               Run name: nexus
                            Total steps: 417792 
                       Steps per second: 17563 
                        Collection time: 1.249s 
                          Learning time: 0.150s 
                        Mean value loss: 2.5850
                    Mean surrogate loss: -0.0120
                      Mean entropy loss: 39.4441
                     Mean symmetry loss: 0.0007
                   Mean l2c2_actor loss: 0.0053
                  Mean l2c2_critic loss: 0.1421
                            Mean reward: -782.84
                    Mean episode length: 369.25
                        Mean action std: 0.94
                    Entropy coefficient: 0.002500
         Episode_Reward/severely_tilted: -0.0971
               Curriculum/adaptive_lift: 0.9961
            Metrics/height/height_error: 0.4712
 Episode_Reward/joint_deviation_l1_arms: -0.0052
       Episode_Reward/base_height_rough: 0.6876
           Episode_Reward/torso_upright: 0.0000
        Episode_Reward/base_height_fine: 0.6469
    Episode_Reward/joint_tracking_error: -1.4927
              Episode_Reward/torso_roll: -0.5374
         Curriculum/polish_joint_vel_l2: -0.0010
          Curriculum/polish_ground_slam: -1.0000
           Curriculum/polish_not_moving: -1.0000
         Episode_Reward/ground_unloaded: -0.5406
             Episode_Reward/action_rate: -28.8675
              Episode_Reward/feet_slide: -0.2061
        Episode_Reward/joint_torques_l2: -0.4687
           Episode_Reward/feet_distance: -0.1697
           Episode_Reward/forward_pitch: -1.2920
           Episode_Reward/torque_limits: -0.4926
      Episode_Reward/joint_deviation_l1: -0.0186
  Episode_Reward/feet_distance_standing: -0.0025
           Episode_Reward/ankle_torques: -0.0918
              Episode_Reward/torso_slam: -0.2339
        Episode_Reward/joint_pos_limits: -0.0018
           Episode_Termination/time_out: 0.4993
        Episode_Reward/illegal_contacts: -0.5653
              Curriculum/terrain_levels: 0.0000
        Curriculum/random_fallen_states: 0.0000
               Episode_Reward/flat_feet: -1.6765
              Episode_Reward/relaxation: -4.2937
      Episode_Termination/invalid_state: 0.0000
     Episode_Reward/completely_airborne: -2.1519
     Curriculum/polish_action_rate_rate: -0.1500
      Episode_Reward/base_height_medium: 0.5859
            Episode_Reward/joint_vel_l2: -0.4489
        Episode_Reward/joint_vel_limits: -0.0004
              Episode_Reward/not_moving: -0.1197
             Episode_Reward/ground_slam: -0.6625
           Curriculum/polish_torso_slam: -5.0000
            Episode_Reward/joint_acc_l2: -0.0772
           Episode_Reward/feet_yaw_mean: -0.1645
        Episode_Reward/action_rate_rate: -12.9198
           Episode_Reward/body_velocity: -0.4398
--------------------------------------------------------------------------------
                         Iteration time: 1.40s
                           Time elapsed: 0:00:25
                                    ETA: 0:00:19

################################################################################
[1m                            Learning iteration 17/30                            [0m 

                               Run name: nexus
                            Total steps: 442368 
                       Steps per second: 17312 
                        Collection time: 1.268s 
                          Learning time: 0.151s 
                        Mean value loss: 2.2795
                    Mean surrogate loss: -0.0139
                      Mean entropy loss: 39.3314
                     Mean symmetry loss: 0.0007
                   Mean l2c2_actor loss: 0.0055
                  Mean l2c2_critic loss: 0.1316
                            Mean reward: -839.72
                    Mean episode length: 398.80
                        Mean action std: 0.94
                    Entropy coefficient: 0.002500
         Episode_Reward/severely_tilted: -0.0170
               Curriculum/adaptive_lift: 0.9961
            Metrics/height/height_error: 0.6459
 Episode_Reward/joint_deviation_l1_arms: -0.0068
       Episode_Reward/base_height_rough: 0.6045
           Episode_Reward/torso_upright: 0.0000
        Episode_Reward/base_height_fine: 0.7243
    Episode_Reward/joint_tracking_error: -1.6259
              Episode_Reward/torso_roll: -0.4723
         Curriculum/polish_joint_vel_l2: -0.0010
          Curriculum/polish_ground_slam: -1.0000
           Curriculum/polish_not_moving: -1.0000
         Episode_Reward/ground_unloaded: -0.6631
             Episode_Reward/action_rate: -30.3807
              Episode_Reward/feet_slide: -0.2488
        Episode_Reward/joint_torques_l2: -0.5886
           Episode_Reward/feet_distance: -0.1891
           Episode_Reward/forward_pitch: -1.0666
           Episode_Reward/torque_limits: -0.5511
      Episode_Reward/joint_deviation_l1: -0.0215
  Episode_Reward/feet_distance_standing: -0.0044
           Episode_Reward/ankle_torques: -0.1144
              Episode_Reward/torso_slam: -0.2172
        Episode_Reward/joint_pos_limits: -0.0017
           Episode_Termination/time_out: 0.5357
        Episode_Reward/illegal_contacts: -0.6972
              Curriculum/terrain_levels: 0.0000
        Curriculum/random_fallen_states: 0.0000
               Episode_Reward/flat_feet: -2.0190
              Episode_Reward/relaxation: -3.7543
      Episode_Termination/invalid_state: 0.0000
     Episode_Reward/completely_airborne: -2.0701
     Curriculum/polish_action_rate_rate: -0.1500
      Episode_Reward/base_height_medium: 0.5533
            Episode_Reward/joint_vel_l2: -0.4655
        Episode_Reward/joint_vel_limits: -0.0003
              Episode_Reward/not_moving: -0.2269
             Episode_Reward/ground_slam: -0.8003
           Curriculum/polish_torso_slam: -5.0000
            Episode_Reward/joint_acc_l2: -0.1248
           Episode_Reward/feet_yaw_mean: -0.2022
        Episode_Reward/action_rate_rate: -13.6157
           Episode_Reward/body_velocity: -0.4423
--------------------------------------------------------------------------------
                         Iteration time: 1.42s
                           Time elapsed: 0:00:26
                                    ETA: 0:00:17

################################################################################
[1m                            Learning iteration 18/30                            [0m 

                               Run name: nexus
                            Total steps: 466944 
                       Steps per second: 17510 
                        Collection time: 1.255s 
                          Learning time: 0.148s 
                        Mean value loss: 2.2380
                    Mean surrogate loss: -0.0127
                      Mean entropy loss: 39.2234
                     Mean symmetry loss: 0.0007
                   Mean l2c2_actor loss: 0.0055
                  Mean l2c2_critic loss: 0.1278
                            Mean reward: -884.50
                    Mean episode length: 422.23
                        Mean action std: 0.93
                    Entropy coefficient: 0.002500
         Episode_Reward/severely_tilted: -0.1282
               Curriculum/adaptive_lift: 0.9961
            Metrics/height/height_error: 0.4707
 Episode_Reward/joint_deviation_l1_arms: -0.0047
       Episode_Reward/base_height_rough: 0.9485
           Episode_Reward/torso_upright: 0.0000
        Episode_Reward/base_height_fine: 1.8582
    Episode_Reward/joint_tracking_error: -1.7350
              Episode_Reward/torso_roll: -0.5202
         Curriculum/polish_joint_vel_l2: -0.0010
          Curriculum/polish_ground_slam: -1.0000
           Curriculum/polish_not_moving: -1.0000
         Episode_Reward/ground_unloaded: -0.6673
             Episode_Reward/action_rate: -31.8850
              Episode_Reward/feet_slide: -0.1887
        Episode_Reward/joint_torques_l2: -0.5903
           Episode_Reward/feet_distance: -0.1903
           Episode_Reward/forward_pitch: -0.8247
           Episode_Reward/torque_limits: -0.6248
      Episode_Reward/joint_deviation_l1: -0.0159
  Episode_Reward/feet_distance_standing: -0.0026
           Episode_Reward/ankle_torques: -0.1416
              Episode_Reward/torso_slam: -0.2569
        Episode_Reward/joint_pos_limits: -0.0026
           Episode_Termination/time_out: 0.5680
        Episode_Reward/illegal_contacts: -0.8267
              Curriculum/terrain_levels: 0.0000
        Curriculum/random_fallen_states: 0.0000
               Episode_Reward/flat_feet: -1.9196
              Episode_Reward/relaxation: -4.7727
      Episode_Termination/invalid_state: 0.0000
     Episode_Reward/completely_airborne: -1.7294
     Curriculum/polish_action_rate_rate: -0.1500
      Episode_Reward/base_height_medium: 1.2101
            Episode_Reward/joint_vel_l2: -0.4718
        Episode_Reward/joint_vel_limits: -0.0004
              Episode_Reward/not_moving: -0.6267
             Episode_Reward/ground_slam: -0.7196
           Curriculum/polish_torso_slam: -5.0000
            Episode_Reward/joint_acc_l2: -0.1137
           Episode_Reward/feet_yaw_mean: -0.2291
        Episode_Reward/action_rate_rate: -14.2483
           Episode_Reward/body_velocity: -0.4141
--------------------------------------------------------------------------------
                         Iteration time: 1.40s
                           Time elapsed: 0:00:28
                                    ETA: 0:00:16

################################################################################
[1m                            Learning iteration 19/30                            [0m 

                               Run name: nexus
                            Total steps: 491520 
                       Steps per second: 17399 
                        Collection time: 1.265s 
                          Learning time: 0.148s 
                        Mean value loss: 2.1366
                    Mean surrogate loss: -0.0140
                      Mean entropy loss: 39.0882
                     Mean symmetry loss: 0.0007
                   Mean l2c2_actor loss: 0.0055
                  Mean l2c2_critic loss: 0.1157
                            Mean reward: -921.45
                    Mean episode length: 445.45
                        Mean action std: 0.93
                    Entropy coefficient: 0.002500
         Episode_Reward/severely_tilted: -0.0482
               Curriculum/adaptive_lift: 0.9961
            Metrics/height/height_error: 0.4876
 Episode_Reward/joint_deviation_l1_arms: -0.0073
       Episode_Reward/base_height_rough: 0.8772
           Episode_Reward/torso_upright: 0.0000
        Episode_Reward/base_height_fine: 1.2199
    Episode_Reward/joint_tracking_error: -1.8028
              Episode_Reward/torso_roll: -0.5884
         Curriculum/polish_joint_vel_l2: -0.0010
          Curriculum/polish_ground_slam: -1.0000
           Curriculum/polish_not_moving: -1.0000
         Episode_Reward/ground_unloaded: -0.6672
             Episode_Reward/action_rate: -33.4813
              Episode_Reward/feet_slide: -0.2393
        Episode_Reward/joint_torques_l2: -0.5765
           Episode_Reward/feet_distance: -0.2077
           Episode_Reward/forward_pitch: -1.0336
           Episode_Reward/torque_limits: -0.6239
      Episode_Reward/joint_deviation_l1: -0.0225
  Episode_Reward/feet_distance_standing: -0.0059
           Episode_Reward/ankle_torques: -0.0944
              Episode_Reward/torso_slam: -0.2510
        Episode_Reward/joint_pos_limits: -0.0018
           Episode_Termination/time_out: 0.6050
        Episode_Reward/illegal_contacts: -0.9058
              Curriculum/terrain_levels: 0.0000
        Curriculum/random_fallen_states: 0.0000
               Episode_Reward/flat_feet: -2.0849
              Episode_Reward/relaxation: -4.4574
      Episode_Termination/invalid_state: 0.0000
     Episode_Reward/completely_airborne: -2.5229
     Curriculum/polish_action_rate_rate: -0.1500
      Episode_Reward/base_height_medium: 0.8985
            Episode_Reward/joint_vel_l2: -0.4971
        Episode_Reward/joint_vel_limits: -0.0004
              Episode_Reward/not_moving: -0.3020
             Episode_Reward/ground_slam: -0.7555
           Curriculum/polish_torso_slam: -5.0000
            Episode_Reward/joint_acc_l2: -0.1033
           Episode_Reward/feet_yaw_mean: -0.2210
        Episode_Reward/action_rate_rate: -14.9575
           Episode_Reward/body_velocity: -0.4799
--------------------------------------------------------------------------------
                         Iteration time: 1.41s
                           Time elapsed: 0:00:29
                                    ETA: 0:00:14

################################################################################
[1m                            Learning iteration 20/30                            [0m 

                               Run name: nexus
                            Total steps: 516096 
                       Steps per second: 17375 
                        Collection time: 1.266s 
                          Learning time: 0.148s 
                        Mean value loss: 2.2597
                    Mean surrogate loss: -0.0124
                      Mean entropy loss: 38.9924
                     Mean symmetry loss: 0.0006
                   Mean l2c2_actor loss: 0.0056
                  Mean l2c2_critic loss: 0.1319
                            Mean reward: -955.70
                    Mean episode length: 470.19
                        Mean action std: 0.93
                    Entropy coefficient: 0.002500
         Episode_Reward/severely_tilted: -0.0113
               Curriculum/adaptive_lift: 0.9961
            Metrics/height/height_error: 0.3916
 Episode_Reward/joint_deviation_l1_arms: -0.0079
       Episode_Reward/base_height_rough: 1.0433
           Episode_Reward/torso_upright: 0.0000
        Episode_Reward/base_height_fine: 1.7035
    Episode_Reward/joint_tracking_error: -1.9086
              Episode_Reward/torso_roll: -0.5317
         Curriculum/polish_joint_vel_l2: -0.0010
          Curriculum/polish_ground_slam: -1.0000
           Curriculum/polish_not_moving: -1.0000
         Episode_Reward/ground_unloaded: -0.7310
             Episode_Reward/action_rate: -34.8237
              Episode_Reward/feet_slide: -0.2463
        Episode_Reward/joint_torques_l2: -0.6224
           Episode_Reward/feet_distance: -0.1851
           Episode_Reward/forward_pitch: -1.1745
           Episode_Reward/torque_limits: -0.6365
      Episode_Reward/joint_deviation_l1: -0.0240
  Episode_Reward/feet_distance_standing: -0.0061
           Episode_Reward/ankle_torques: -0.1070
              Episode_Reward/torso_slam: -0.2601
        Episode_Reward/joint_pos_limits: -0.0024
           Episode_Termination/time_out: 0.6355
        Episode_Reward/illegal_contacts: -0.9021
              Curriculum/terrain_levels: 0.0000
        Curriculum/random_fallen_states: 0.0000
               Episode_Reward/flat_feet: -2.3259
              Episode_Reward/relaxation: -5.3313
      Episode_Termination/invalid_state: 0.0000
     Episode_Reward/completely_airborne: -2.7068
     Curriculum/polish_action_rate_rate: -0.1500
      Episode_Reward/base_height_medium: 1.2103
            Episode_Reward/joint_vel_l2: -0.5549
        Episode_Reward/joint_vel_limits: -0.0005
              Episode_Reward/not_moving: -0.5157
             Episode_Reward/ground_slam: -0.8733
           Curriculum/polish_torso_slam: -5.0000
            Episode_Reward/joint_acc_l2: -0.1209
           Episode_Reward/feet_yaw_mean: -0.2513
        Episode_Reward/action_rate_rate: -15.5507
           Episode_Reward/body_velocity: -0.5050
--------------------------------------------------------------------------------
                         Iteration time: 1.41s
                           Time elapsed: 0:00:31
                                    ETA: 0:00:13

################################################################################
[1m                            Learning iteration 21/30                            [0m 

                               Run name: nexus
                            Total steps: 540672 
                       Steps per second: 17103 
                        Collection time: 1.288s 
                          Learning time: 0.149s 
                        Mean value loss: 2.2697
                    Mean surrogate loss: -0.0148
                      Mean entropy loss: 38.8767
                     Mean symmetry loss: 0.0006
                   Mean l2c2_actor loss: 0.0056
                  Mean l2c2_critic loss: 0.1081
                            Mean reward: -1015.79
                    Mean episode length: 495.73
                        Mean action std: 0.92
                    Entropy coefficient: 0.002500
         Episode_Reward/severely_tilted: -0.0144
               Curriculum/adaptive_lift: 0.9961
            Metrics/height/height_error: 0.5468
 Episode_Reward/joint_deviation_l1_arms: -0.0093
       Episode_Reward/base_height_rough: 0.9571
           Episode_Reward/torso_upright: -0.0002
        Episode_Reward/base_height_fine: 1.0692
    Episode_Reward/joint_tracking_error: -1.8908
              Episode_Reward/torso_roll: -0.5676
         Curriculum/polish_joint_vel_l2: -0.0010
          Curriculum/polish_ground_slam: -1.0000
           Curriculum/polish_not_moving: -1.0000
         Episode_Reward/ground_unloaded: -0.6017
             Episode_Reward/action_rate: -36.5100
              Episode_Reward/feet_slide: -0.2860
        Episode_Reward/joint_torques_l2: -0.5598
           Episode_Reward/feet_distance: -0.2058
           Episode_Reward/forward_pitch: -1.8745
           Episode_Reward/torque_limits: -0.6112
      Episode_Reward/joint_deviation_l1: -0.0295
  Episode_Reward/feet_distance_standing: -0.0055
           Episode_Reward/ankle_torques: -0.1083
              Episode_Reward/torso_slam: -0.3055
        Episode_Reward/joint_pos_limits: -0.0019
           Episode_Termination/time_out: 0.6785
        Episode_Reward/illegal_contacts: -0.8106
              Curriculum/terrain_levels: 0.0000
        Curriculum/random_fallen_states: 0.0000
               Episode_Reward/flat_feet: -2.5784
              Episode_Reward/relaxation: -5.6101
      Episode_Termination/invalid_state: 0.0000
     Episode_Reward/completely_airborne: -3.0354
     Curriculum/polish_action_rate_rate: -0.1500
      Episode_Reward/base_height_medium: 0.9235
            Episode_Reward/joint_vel_l2: -0.5784
        Episode_Reward/joint_vel_limits: -0.0004
              Episode_Reward/not_moving: -0.2145
             Episode_Reward/ground_slam: -0.9012
           Curriculum/polish_torso_slam: -5.0000
            Episode_Reward/joint_acc_l2: -0.0867
           Episode_Reward/feet_yaw_mean: -0.2206
        Episode_Reward/action_rate_rate: -16.3031
           Episode_Reward/body_velocity: -0.5255
--------------------------------------------------------------------------------
                         Iteration time: 1.44s
                           Time elapsed: 0:00:32
                                    ETA: 0:00:11

################################################################################
[1m                            Learning iteration 22/30                            [0m 

                               Run name: nexus
                            Total steps: 565248 
                       Steps per second: 17068 
                        Collection time: 1.289s 
                          Learning time: 0.151s 
                        Mean value loss: 1.8127
                    Mean surrogate loss: -0.0133
                      Mean entropy loss: 38.7797
                     Mean symmetry loss: 0.0006
                   Mean l2c2_actor loss: 0.0057
                  Mean l2c2_critic loss: 0.0762
                            Mean reward: -1064.53
                    Mean episode length: 520.09
                        Mean action std: 0.92
                    Entropy coefficient: 0.002500
         Episode_Reward/severely_tilted: -0.1640
               Curriculum/adaptive_lift: 0.9961
            Metrics/height/height_error: 0.5005
 Episode_Reward/joint_deviation_l1_arms: -0.0071
       Episode_Reward/base_height_rough: 1.1348
           Episode_Reward/torso_upright: 0.0000
        Episode_Reward/base_height_fine: 1.5615
    Episode_Reward/joint_tracking_error: -1.9877
              Episode_Reward/torso_roll: -0.6832
         Curriculum/polish_joint_vel_l2: -0.0010
          Curriculum/polish_ground_slam: -1.0000
           Curriculum/polish_not_moving: -1.0000
         Episode_Reward/ground_unloaded: -0.8318
             Episode_Reward/action_rate: -38.1908
              Episode_Reward/feet_slide: -0.2734
        Episode_Reward/joint_torques_l2: -0.6306
           Episode_Reward/feet_distance: -0.2428
           Episode_Reward/forward_pitch: -1.5216
           Episode_Reward/torque_limits: -0.6806
      Episode_Reward/joint_deviation_l1: -0.0226
  Episode_Reward/feet_distance_standing: -0.0025
           Episode_Reward/ankle_torques: -0.1312
              Episode_Reward/torso_slam: -0.3446
        Episode_Reward/joint_pos_limits: -0.0025
           Episode_Termination/time_out: 0.7098
        Episode_Reward/illegal_contacts: -0.8752
              Curriculum/terrain_levels: 0.0000
        Curriculum/random_fallen_states: 0.0000
               Episode_Reward/flat_feet: -2.4875
              Episode_Reward/relaxation: -4.8984
      Episode_Termination/invalid_state: 0.0000
     Episode_Reward/completely_airborne: -2.7744
     Curriculum/polish_action_rate_rate: -0.1500
      Episode_Reward/base_height_medium: 1.2421
            Episode_Reward/joint_vel_l2: -0.5820
        Episode_Reward/joint_vel_limits: -0.0005
              Episode_Reward/not_moving: -0.3401
             Episode_Reward/ground_slam: -0.8829
           Curriculum/polish_torso_slam: -5.0000
            Episode_Reward/joint_acc_l2: -0.1106
           Episode_Reward/feet_yaw_mean: -0.2542
        Episode_Reward/action_rate_rate: -17.0511
           Episode_Reward/body_velocity: -0.5157
--------------------------------------------------------------------------------
                         Iteration time: 1.44s
                           Time elapsed: 0:00:34
                                    ETA: 0:00:10

################################################################################
[1m                            Learning iteration 23/30                            [0m 

                               Run name: nexus
                            Total steps: 589824 
                       Steps per second: 17224 
                        Collection time: 1.276s 
                          Learning time: 0.150s 
                        Mean value loss: 1.7870
                    Mean surrogate loss: -0.0163
                      Mean entropy loss: 38.6413
                     Mean symmetry loss: 0.0006
                   Mean l2c2_actor loss: 0.0058
                  Mean l2c2_critic loss: 0.0718
                            Mean reward: -1118.03
                    Mean episode length: 545.17
                        Mean action std: 0.92
                    Entropy coefficient: 0.002500
         Episode_Reward/severely_tilted: -0.0049
               Curriculum/adaptive_lift: 0.9961
            Metrics/height/height_error: 0.5159
 Episode_Reward/joint_deviation_l1_arms: -0.0104
       Episode_Reward/base_height_rough: 0.9672
           Episode_Reward/torso_upright: -0.0004
        Episode_Reward/base_height_fine: 0.9585
    Episode_Reward/joint_tracking_error: -2.0710
              Episode_Reward/torso_roll: -0.7188
         Curriculum/polish_joint_vel_l2: -0.0010
          Curriculum/polish_ground_slam: -1.0000
           Curriculum/polish_not_moving: -1.0000
         Episode_Reward/ground_unloaded: -0.7465
             Episode_Reward/action_rate: -39.6755
              Episode_Reward/feet_slide: -0.3202
        Episode_Reward/joint_torques_l2: -0.7032
           Episode_Reward/feet_distance: -0.2347
           Episode_Reward/forward_pitch: -1.9050
           Episode_Reward/torque_limits: -0.6921
      Episode_Reward/joint_deviation_l1: -0.0313
  Episode_Reward/feet_distance_standing: -0.0108
           Episode_Reward/ankle_torques: -0.2089
              Episode_Reward/torso_slam: -0.2984
        Episode_Reward/joint_pos_limits: -0.0025
           Episode_Termination/time_out: 0.7470
        Episode_Reward/illegal_contacts: -0.9486
              Curriculum/terrain_levels: 0.0000
        Curriculum/random_fallen_states: 0.0000
               Episode_Reward/flat_feet: -2.7559
              Episode_Reward/relaxation: -5.6905
      Episode_Termination/invalid_state: 0.0000
     Episode_Reward/completely_airborne: -2.9204
     Curriculum/polish_action_rate_rate: -0.1500
      Episode_Reward/base_height_medium: 0.8413
            Episode_Reward/joint_vel_l2: -0.6025
        Episode_Reward/joint_vel_limits: -0.0005
              Episode_Reward/not_moving: -0.2461
             Episode_Reward/ground_slam: -0.9568
           Curriculum/polish_torso_slam: -5.0000
            Episode_Reward/joint_acc_l2: -0.1386
           Episode_Reward/feet_yaw_mean: -0.2633
        Episode_Reward/action_rate_rate: -17.7131
           Episode_Reward/body_velocity: -0.5816
--------------------------------------------------------------------------------
                         Iteration time: 1.43s
                           Time elapsed: 0:00:35
                                    ETA: 0:00:08

################################################################################
[1m                            Learning iteration 24/30                            [0m 

                               Run name: nexus
                            Total steps: 614400 
                       Steps per second: 17444 
                        Collection time: 1.260s 
                          Learning time: 0.149s 
                        Mean value loss: 1.8045
                    Mean surrogate loss: -0.0122
                      Mean entropy loss: 38.5322
                     Mean symmetry loss: 0.0006
                   Mean l2c2_actor loss: 0.0058
                  Mean l2c2_critic loss: 0.0688
                            Mean reward: -1137.06
                    Mean episode length: 564.50
                        Mean action std: 0.91
                    Entropy coefficient: 0.002500
         Episode_Reward/severely_tilted: -0.0058
               Curriculum/adaptive_lift: 0.9961
            Metrics/height/height_error: 0.4694
 Episode_Reward/joint_deviation_l1_arms: -0.0062
       Episode_Reward/base_height_rough: 1.2844
           Episode_Reward/torso_upright: -0.0006
        Episode_Reward/base_height_fine: 2.0447
    Episode_Reward/joint_tracking_error: -2.2336
              Episode_Reward/torso_roll: -0.5924
         Curriculum/polish_joint_vel_l2: -0.0010
          Curriculum/polish_ground_slam: -1.0000
           Curriculum/polish_not_moving: -1.0000
         Episode_Reward/ground_unloaded: -0.8649
             Episode_Reward/action_rate: -41.1217
              Episode_Reward/feet_slide: -0.2888
        Episode_Reward/joint_torques_l2: -0.7383
           Episode_Reward/feet_distance: -0.2624
           Episode_Reward/forward_pitch: -0.5178
           Episode_Reward/torque_limits: -0.7032
      Episode_Reward/joint_deviation_l1: -0.0154
  Episode_Reward/feet_distance_standing: -0.0083
           Episode_Reward/ankle_torques: -0.1631
              Episode_Reward/torso_slam: -0.2571
        Episode_Reward/joint_pos_limits: -0.0024
           Episode_Termination/time_out: 0.7832
        Episode_Reward/illegal_contacts: -1.2747
              Curriculum/terrain_levels: 0.0000
        Curriculum/random_fallen_states: 0.0000
               Episode_Reward/flat_feet: -2.7682
              Episode_Reward/relaxation: -5.9249
      Episode_Termination/invalid_state: 0.0000
     Episode_Reward/completely_airborne: -1.8537
     Curriculum/polish_action_rate_rate: -0.1500
      Episode_Reward/base_height_medium: 1.5449
            Episode_Reward/joint_vel_l2: -0.6149
        Episode_Reward/joint_vel_limits: -0.0005
              Episode_Reward/not_moving: -0.4130
             Episode_Reward/ground_slam: -0.9903
           Curriculum/polish_torso_slam: -5.0000
            Episode_Reward/joint_acc_l2: -0.1342
           Episode_Reward/feet_yaw_mean: -0.2939
        Episode_Reward/action_rate_rate: -18.3532
           Episode_Reward/body_velocity: -0.4986
--------------------------------------------------------------------------------
                         Iteration time: 1.41s
                           Time elapsed: 0:00:36
                                    ETA: 0:00:07

################################################################################
[1m                            Learning iteration 25/30                            [0m 

                               Run name: nexus
                            Total steps: 638976 
                       Steps per second: 17740 
                        Collection time: 1.237s 
                          Learning time: 0.148s 
                        Mean value loss: 1.7162
                    Mean surrogate loss: -0.0169
                      Mean entropy loss: 38.4008
                     Mean symmetry loss: 0.0006
                   Mean l2c2_actor loss: 0.0060
                  Mean l2c2_critic loss: 0.0558
                            Mean reward: -1179.99
                    Mean episode length: 581.99
                        Mean action std: 0.91
                    Entropy coefficient: 0.002500
         Episode_Reward/severely_tilted: -0.0164
               Curriculum/adaptive_lift: 0.9961
            Metrics/height/height_error: 0.5712
 Episode_Reward/joint_deviation_l1_arms: -0.0068
       Episode_Reward/base_height_rough: 0.9033
           Episode_Reward/torso_upright: 0.0000
        Episode_Reward/base_height_fine: 1.0383
    Episode_Reward/joint_tracking_error: -2.2071
              Episode_Reward/torso_roll: -0.7272
         Curriculum/polish_joint_vel_l2: -0.0010
          Curriculum/polish_ground_slam: -1.0000
           Curriculum/polish_not_moving: -1.0000
         Episode_Reward/ground_unloaded: -0.9486
             Episode_Reward/action_rate: -42.7455
              Episode_Reward/feet_slide: -0.3226
        Episode_Reward/joint_torques_l2: -0.7267
           Episode_Reward/feet_distance: -0.2605
           Episode_Reward/forward_pitch: -1.6688
           Episode_Reward/torque_limits: -0.7917
      Episode_Reward/joint_deviation_l1: -0.0186
  Episode_Reward/feet_distance_standing: -0.0071
           Episode_Reward/ankle_torques: -0.1826
              Episode_Reward/torso_slam: -0.3521
        Episode_Reward/joint_pos_limits: -0.0022
           Episode_Termination/time_out: 0.8064
        Episode_Reward/illegal_contacts: -1.0032
              Curriculum/terrain_levels: 0.0000
        Curriculum/random_fallen_states: 0.0000
               Episode_Reward/flat_feet: -2.9233
              Episode_Reward/relaxation: -5.5487
      Episode_Termination/invalid_state: 0.0000
     Episode_Reward/completely_airborne: -2.7667
     Curriculum/polish_action_rate_rate: -0.1500
      Episode_Reward/base_height_medium: 0.7739
            Episode_Reward/joint_vel_l2: -0.6571
        Episode_Reward/joint_vel_limits: -0.0006
              Episode_Reward/not_moving: -0.3270
             Episode_Reward/ground_slam: -1.0541
           Curriculum/polish_torso_slam: -5.0000
            Episode_Reward/joint_acc_l2: -0.1256
           Episode_Reward/feet_yaw_mean: -0.2700
        Episode_Reward/action_rate_rate: -19.0767
           Episode_Reward/body_velocity: -0.5287
--------------------------------------------------------------------------------
                         Iteration time: 1.39s
                           Time elapsed: 0:00:38
                                    ETA: 0:00:05

################################################################################
[1m                            Learning iteration 26/30                            [0m 

                               Run name: nexus
                            Total steps: 663552 
                       Steps per second: 17428 
                        Collection time: 1.262s 
                          Learning time: 0.148s 
                        Mean value loss: 1.6056
                    Mean surrogate loss: -0.0128
                      Mean entropy loss: 38.2875
                     Mean symmetry loss: 0.0006
                   Mean l2c2_actor loss: 0.0060
                  Mean l2c2_critic loss: 0.0470
                            Mean reward: -1227.58
                    Mean episode length: 612.87
                        Mean action std: 0.90
                    Entropy coefficient: 0.002500
         Episode_Reward/severely_tilted: -0.0083
               Curriculum/adaptive_lift: 0.9961
            Metrics/height/height_error: 0.5528
 Episode_Reward/joint_deviation_l1_arms: -0.0088
       Episode_Reward/base_height_rough: 1.1109
           Episode_Reward/torso_upright: -0.0007
        Episode_Reward/base_height_fine: 1.4451
    Episode_Reward/joint_tracking_error: -2.2365
              Episode_Reward/torso_roll: -0.7941
         Curriculum/polish_joint_vel_l2: -0.0010
          Curriculum/polish_ground_slam: -1.0000
           Curriculum/polish_not_moving: -1.0000
         Episode_Reward/ground_unloaded: -0.8885
             Episode_Reward/action_rate: -44.3199
              Episode_Reward/feet_slide: -0.3193
        Episode_Reward/joint_torques_l2: -0.7290
           Episode_Reward/feet_distance: -0.2552
           Episode_Reward/forward_pitch: -1.5053
           Episode_Reward/torque_limits: -0.7182
      Episode_Reward/joint_deviation_l1: -0.0237
  Episode_Reward/feet_distance_standing: -0.0070
           Episode_Reward/ankle_torques: -0.1632
              Episode_Reward/torso_slam: -0.3024
        Episode_Reward/joint_pos_limits: -0.0022
           Episode_Termination/time_out: 0.8362
        Episode_Reward/illegal_contacts: -0.9843
              Curriculum/terrain_levels: 0.0000
        Curriculum/random_fallen_states: 0.0000
               Episode_Reward/flat_feet: -3.0165
              Episode_Reward/relaxation: -6.2067
      Episode_Termination/invalid_state: 0.0000
     Episode_Reward/completely_airborne: -2.9697
     Curriculum/polish_action_rate_rate: -0.1500
      Episode_Reward/base_height_medium: 1.1058
            Episode_Reward/joint_vel_l2: -0.7109
        Episode_Reward/joint_vel_limits: -0.0006
              Episode_Reward/not_moving: -0.3669
             Episode_Reward/ground_slam: -1.0750
           Curriculum/polish_torso_slam: -5.0000
            Episode_Reward/joint_acc_l2: -0.1193
           Episode_Reward/feet_yaw_mean: -0.3046
        Episode_Reward/action_rate_rate: -19.7729
           Episode_Reward/body_velocity: -0.5849
--------------------------------------------------------------------------------
                         Iteration time: 1.41s
                           Time elapsed: 0:00:39
                                    ETA: 0:00:04

################################################################################
[1m                            Learning iteration 27/30                            [0m 

                               Run name: nexus
                            Total steps: 688128 
                       Steps per second: 17412 
                        Collection time: 1.263s 
                          Learning time: 0.148s 
                        Mean value loss: 1.4973
                    Mean surrogate loss: -0.0159
                      Mean entropy loss: 38.1200
                     Mean symmetry loss: 0.0006
                   Mean l2c2_actor loss: 0.0060
                  Mean l2c2_critic loss: 0.0390
                            Mean reward: -1256.14
                    Mean episode length: 634.67
                        Mean action std: 0.90
                    Entropy coefficient: 0.002500
         Episode_Reward/severely_tilted: -0.0764
               Curriculum/adaptive_lift: 0.9961
            Metrics/height/height_error: 0.5089
 Episode_Reward/joint_deviation_l1_arms: -0.0131
       Episode_Reward/base_height_rough: 1.4219
           Episode_Reward/torso_upright: -0.0026
        Episode_Reward/base_height_fine: 2.0561
    Episode_Reward/joint_tracking_error: -2.3378
              Episode_Reward/torso_roll: -0.9288
         Curriculum/polish_joint_vel_l2: -0.0010
          Curriculum/polish_ground_slam: -1.0000
           Curriculum/polish_not_moving: -1.0000
         Episode_Reward/ground_unloaded: -1.0629
             Episode_Reward/action_rate: -45.6556
              Episode_Reward/feet_slide: -0.3370
        Episode_Reward/joint_torques_l2: -0.6744
           Episode_Reward/feet_distance: -0.3255
           Episode_Reward/forward_pitch: -1.2856
           Episode_Reward/torque_limits: -0.7745
      Episode_Reward/joint_deviation_l1: -0.0455
  Episode_Reward/feet_distance_standing: -0.0415
           Episode_Reward/ankle_torques: -0.1337
              Episode_Reward/torso_slam: -0.3398
        Episode_Reward/joint_pos_limits: -0.0027
           Episode_Termination/time_out: 0.8690
        Episode_Reward/illegal_contacts: -1.1912
              Curriculum/terrain_levels: 0.0000
        Curriculum/random_fallen_states: 0.0000
               Episode_Reward/flat_feet: -2.9929
              Episode_Reward/relaxation: -4.4832
      Episode_Termination/invalid_state: 0.0000
     Episode_Reward/completely_airborne: -2.4912
     Curriculum/polish_action_rate_rate: -0.1500
      Episode_Reward/base_height_medium: 1.5826
            Episode_Reward/joint_vel_l2: -0.7297
        Episode_Reward/joint_vel_limits: -0.0007
              Episode_Reward/not_moving: -0.6018
             Episode_Reward/ground_slam: -1.0764
           Curriculum/polish_torso_slam: -5.0000
            Episode_Reward/joint_acc_l2: -0.0835
           Episode_Reward/feet_yaw_mean: -0.3251
        Episode_Reward/action_rate_rate: -20.3858
           Episode_Reward/body_velocity: -0.5586
--------------------------------------------------------------------------------
                         Iteration time: 1.41s
                           Time elapsed: 0:00:41
                                    ETA: 0:00:02

################################################################################
[1m                            Learning iteration 28/30                            [0m 

                               Run name: nexus
                            Total steps: 712704 
                       Steps per second: 17303 
                        Collection time: 1.272s 
                          Learning time: 0.148s 
                        Mean value loss: 1.4539
                    Mean surrogate loss: -0.0132
                      Mean entropy loss: 38.0025
                     Mean symmetry loss: 0.0006
                   Mean l2c2_actor loss: 0.0060
                  Mean l2c2_critic loss: 0.0341
                            Mean reward: -1293.71
                    Mean episode length: 660.47
                        Mean action std: 0.90
                    Entropy coefficient: 0.002500
         Episode_Reward/severely_tilted: -0.0821
               Curriculum/adaptive_lift: 0.9961
            Metrics/height/height_error: 0.4602
 Episode_Reward/joint_deviation_l1_arms: -0.0070
       Episode_Reward/base_height_rough: 1.6021
           Episode_Reward/torso_upright: 0.0000
        Episode_Reward/base_height_fine: 2.2661
    Episode_Reward/joint_tracking_error: -2.3821
              Episode_Reward/torso_roll: -0.8442
         Curriculum/polish_joint_vel_l2: -0.0010
          Curriculum/polish_ground_slam: -1.0000
           Curriculum/polish_not_moving: -1.0000
         Episode_Reward/ground_unloaded: -0.9774
             Episode_Reward/action_rate: -46.8756
              Episode_Reward/feet_slide: -0.3491
        Episode_Reward/joint_torques_l2: -0.7406
           Episode_Reward/feet_distance: -0.2822
           Episode_Reward/forward_pitch: -1.9849
           Episode_Reward/torque_limits: -0.8270
      Episode_Reward/joint_deviation_l1: -0.0220
  Episode_Reward/feet_distance_standing: -0.0016
           Episode_Reward/ankle_torques: -0.1722
              Episode_Reward/torso_slam: -0.3802
        Episode_Reward/joint_pos_limits: -0.0027
           Episode_Termination/time_out: 0.9014
        Episode_Reward/illegal_contacts: -1.1637
              Curriculum/terrain_levels: 0.0000
        Curriculum/random_fallen_states: 0.0000
               Episode_Reward/flat_feet: -3.3398
              Episode_Reward/relaxation: -6.3069
      Episode_Termination/invalid_state: 0.0000
     Episode_Reward/completely_airborne: -3.3035
     Curriculum/polish_action_rate_rate: -0.1500
      Episode_Reward/base_height_medium: 1.8342
            Episode_Reward/joint_vel_l2: -0.7487
        Episode_Reward/joint_vel_limits: -0.0006
              Episode_Reward/not_moving: -0.5119
             Episode_Reward/ground_slam: -1.1009
           Curriculum/polish_torso_slam: -5.0000
            Episode_Reward/joint_acc_l2: -0.1134
           Episode_Reward/feet_yaw_mean: -0.3041
        Episode_Reward/action_rate_rate: -20.9041
           Episode_Reward/body_velocity: -0.6146
--------------------------------------------------------------------------------
                         Iteration time: 1.42s
                           Time elapsed: 0:00:42
                                    ETA: 0:00:01

################################################################################
[1m                            Learning iteration 29/30                            [0m 

                               Run name: nexus
                            Total steps: 737280 
                       Steps per second: 17565 
                        Collection time: 1.249s 
                          Learning time: 0.150s 
                        Mean value loss: 1.3538
                    Mean surrogate loss: -0.0176
                      Mean entropy loss: 37.8473
                     Mean symmetry loss: 0.0006
                   Mean l2c2_actor loss: 0.0061
                  Mean l2c2_critic loss: 0.0320
                            Mean reward: -1340.90
                    Mean episode length: 685.32
                        Mean action std: 0.89
                    Entropy coefficient: 0.002500
         Episode_Reward/severely_tilted: -0.0199
               Curriculum/adaptive_lift: 0.9961
            Metrics/height/height_error: 0.5359
 Episode_Reward/joint_deviation_l1_arms: -0.0094
       Episode_Reward/base_height_rough: 1.3151
           Episode_Reward/torso_upright: -0.0002
        Episode_Reward/base_height_fine: 1.4195
    Episode_Reward/joint_tracking_error: -2.5269
              Episode_Reward/torso_roll: -0.9553
         Curriculum/polish_joint_vel_l2: -0.0010
          Curriculum/polish_ground_slam: -1.0000
           Curriculum/polish_not_moving: -1.0000
         Episode_Reward/ground_unloaded: -0.9444
             Episode_Reward/action_rate: -48.5758
              Episode_Reward/feet_slide: -0.3964
        Episode_Reward/joint_torques_l2: -0.7586
           Episode_Reward/feet_distance: -0.2867
           Episode_Reward/forward_pitch: -1.9499
           Episode_Reward/torque_limits: -0.8223
      Episode_Reward/joint_deviation_l1: -0.0295
  Episode_Reward/feet_distance_standing: -0.0016
           Episode_Reward/ankle_torques: -0.1440
              Episode_Reward/torso_slam: -0.4073
        Episode_Reward/joint_pos_limits: -0.0026
           Episode_Termination/time_out: 0.9350
        Episode_Reward/illegal_contacts: -1.2297
              Curriculum/terrain_levels: 0.0000
        Curriculum/random_fallen_states: 0.0000
               Episode_Reward/flat_feet: -3.4279
              Episode_Reward/relaxation: -6.5346
      Episode_Termination/invalid_state: 0.0000
     Episode_Reward/completely_airborne: -3.0370
     Curriculum/polish_action_rate_rate: -0.1500
      Episode_Reward/base_height_medium: 1.2217
            Episode_Reward/joint_vel_l2: -0.7977
        Episode_Reward/joint_vel_limits: -0.0007
              Episode_Reward/not_moving: -0.3364
             Episode_Reward/ground_slam: -1.2383
           Curriculum/polish_torso_slam: -5.0000
            Episode_Reward/joint_acc_l2: -0.1192
           Episode_Reward/feet_yaw_mean: -0.3118
        Episode_Reward/action_rate_rate: -21.6743
           Episode_Reward/body_velocity: -0.6553
--------------------------------------------------------------------------------
                         Iteration time: 1.40s
                           Time elapsed: 0:00:43
                                    ETA: 0:00:00

[nexus] 30 PPO iterations x 24 steps x 1024 envs in 44.3s -> 1477 ms/iter, 16636 env-steps/s | log /workspace/bench/nexus_port/logs/2026-09-03_01-40-57_nexus
TRAIN ON NEXUS OK
[INFO]: SimulationContext cleared
