The '--headless' CLI argument is deprecated. Omit '--viz' for default headless. If config visualizers are enabled and you want to force headless, use '--viz none'.
Loading user config located at: '/workspace/WBC-AGILE/.venv/lib/python3.12/site-packages/isaacsim/kit/data/Kit/IsaacLab/3.0/user.config.json'
2026-09-02T03:41:44Z [0ms] [Warning] [omni.ext.plugin] [ext: isaaclab_visualizers] Extensions config 'extension.toml' doesn't exist '/workspace/WBC-AGILE/.venv/lib/python3.12/site-packages/isaaclab/source/isaaclab_visualizers' or '/workspace/WBC-AGILE/.venv/lib/python3.12/site-packages/isaaclab/source/isaaclab_visualizers/config'
WARNING: All log messages before absl::InitializeLog() is called are written to STDERR
E0000 00:00:1788320504.174474   26004 descriptor_database.cc:633] File already exists in database: grpc/health/v1/health.proto
W0000 00:00:1788320504.174496   26004 message.cc:301] Protobuf GeneratedMessageFactory: File is already registered: grpc/health/v1/health.proto
2026-09-02T03:41:44Z [367ms] [Warning] [omni.usd_config.extension] Enable omni.materialx.libs extension to use MaterialX
2026-09-02T03:41:44Z [372ms] [Warning] [omni.platforminfo.plugin] failed to open the default display.  Can't verify X Server version.
2026-09-02T03:41:44Z [413ms] [Error] [omni.ext.plugin] Could not load the dynamic library from /workspace/WBC-AGILE/.venv/lib/python3.12/site-packages/isaacsim/extscache/omni.usd.libs-1.0.3+6312fa25.lx64.r.cp312/bin/libMaterialXRenderHw.so. Error: libXt.so.6: cannot open shared object file: No such file or directory (note that this may be caused by a dependent library)
2026-09-02T03:41:44Z [413ms] [Error] [omni.ext.plugin] Could not load the dynamic library from /workspace/WBC-AGILE/.venv/lib/python3.12/site-packages/isaacsim/extscache/omni.usd.libs-1.0.3+6312fa25.lx64.r.cp312/bin/libMaterialXRenderGlsl.so. Error: libXt.so.6: cannot open shared object file: No such file or directory (note that this may be caused by a dependent library)
2026-09-02T03:41:44Z [414ms] [Error] [omni.ext.plugin] Could not load the dynamic library from /workspace/WBC-AGILE/.venv/lib/python3.12/site-packages/isaacsim/extscache/omni.usd.libs-1.0.3+6312fa25.lx64.r.cp312/bin/libusd_usdBakeMtlx.so. Error: libXt.so.6: cannot open shared object file: No such file or directory (note that this may be caused by a dependent library)
2026-09-02T03:41:45Z [991ms] [Warning] [isaacsim.core.simulation_manager.plugin] USD stage is not available; stage-opened subscription is deferred
2026-09-02T03:41:45Z [991ms] [Warning] [isaacsim.core.simulation_manager.plugin] USD stage is not available; stage-opened subscription is deferred
[ISAACLAB] AppLauncher initialization complete
[INFO]: Parsing configuration from: agile.rl_env.tasks.stand_up.g1.height_tracking_env_cfg:G1HeightTrackingEnvCfg
[INFO]: Parsing configuration from: agile.rl_env.tasks.stand_up.g1.agents.rsl_rl_ppo_cfg:G1HeightTrackingPpoRunnerCfg
[INFO] Logging experiment in directory: /workspace/WBC-AGILE/logs/rsl_rl/height_tracking_g1
Exact experiment name requested from command line: 2026-09-02_03-41-54
2026-09-02T03:41:54Z [10,756ms] [Warning] [isaaclab_physx.physics.physx_manager] TGS solver with enable_external_forces_every_iteration=False may cause noisy velocities.
[INFO]: Base environment:
	Environment device    : cuda:0
	Environment seed      : 42
	Physics step-size     : 0.005
	Rendering step-size   : 0.02
	Environment step-size : 0.02
[INFO] Generating terrains based on curriculum took Last: 0.218295 s
[INFO]: Registered backend 'physx' for factory Articulation.
[INFO]: Setting variant selection 'PhysX' for variant set 'Physics' on prim '/World/envs/env_0/Robot'.
[INFO]: Setting variant selection 'None' for variant set 'left_hand' on prim '/World/envs/env_0/Robot'.
[INFO]: Setting variant selection 'None' for variant set 'right_hand' on prim '/World/envs/env_0/Robot'.
[INFO]: Registered backend 'physx' for factory FrameView.
[INFO]: Registered backend 'physx' for factory ContactSensor.
[INFO]: Registered backend 'physx' for factory RayCaster.
[INFO]: Physics scene prim path: /physicsScene
[INFO]: Time taken for scene creation Last: 8.159486 s, Mean: 8.159486 s, Std: 0.000000 s, N: 1
[INFO]: Scene manager:  <class InteractiveScene>
	Number of environments: 4096
	Environment spacing   : 2.5
	Source prim name      : /World/envs/env_0
	Global prim paths     : ['/World/ground']
	Replicate physics     : True
2026-09-02T03:42:22Z [38,064ms] [Warning] [usdrt.population.plugin] Last global time was not created. Did you call setEnableUsdNoticeHandling?
[INFO]: Simulation parameters for joints in /World/envs/env_.*/Robot:
+---------------------------------------------------------------------------------------------------------------------------------------------------------------------------------+
|                                                        Simulation Joint Information (Prim path: /World/envs/env_.*/Robot)                                                       |
+-------+----------------------------+-----------+---------+----------+-----------------+------------------+------------------+-----------------+-----------------+---------------+
| Index | Name                       | Stiffness | Damping | Armature | Static Friction | Dynamic Friction | Viscous Friction | Position Limits | Velocity Limits | Effort Limits |
+-------+----------------------------+-----------+---------+----------+-----------------+------------------+------------------+-----------------+-----------------+---------------+
|   0   | left_hip_pitch_joint       |   0.000   |  0.000  |  0.020   |      0.010      |      0.000       |      0.000       | [-2.531, 2.880] |      32.000     |     88.000    |
|   1   | right_hip_pitch_joint      |   0.000   |  0.000  |  0.020   |      0.010      |      0.000       |      0.000       | [-2.531, 2.880] |      32.000     |     88.000    |
|   2   | waist_yaw_joint            |   0.000   |  0.000  |  0.020   |      0.010      |      0.000       |      0.000       | [-2.618, 2.618] |      32.000     |     88.000    |
|   3   | left_hip_roll_joint        |   0.000   |  0.000  |  0.020   |      0.010      |      0.000       |      0.000       | [-0.524, 2.967] |      32.000     |     88.000    |
|   4   | right_hip_roll_joint       |   0.000   |  0.000  |  0.020   |      0.010      |      0.000       |      0.000       | [-2.967, 0.524] |      32.000     |     88.000    |
|   5   | waist_roll_joint           |   0.000   |  0.000  |  0.020   |      0.010      |      0.000       |      0.000       | [-0.520, 0.520] |      37.000     |     50.000    |
|   6   | left_hip_yaw_joint         |   0.000   |  0.000  |  0.020   |      0.010      |      0.000       |      0.000       | [-2.758, 2.758] |      32.000     |     88.000    |
|   7   | right_hip_yaw_joint        |   0.000   |  0.000  |  0.020   |      0.010      |      0.000       |      0.000       | [-2.758, 2.758] |      32.000     |     88.000    |
|   8   | waist_pitch_joint          |   0.000   |  0.000  |  0.020   |      0.010      |      0.000       |      0.000       | [-0.520, 0.520] |      37.000     |     50.000    |
|   9   | left_knee_joint            |   0.000   |  0.000  |  0.020   |      0.010      |      0.000       |      0.000       | [-0.087, 2.880] |      20.000     |    139.000    |
|   10  | right_knee_joint           |   0.000   |  0.000  |  0.020   |      0.010      |      0.000       |      0.000       | [-0.087, 2.880] |      20.000     |    139.000    |
|   11  | left_shoulder_pitch_joint  |   0.000   |  0.000  |  0.020   |      0.010      |      0.000       |      0.000       | [-3.089, 2.670] |      37.000     |     25.000    |
|   12  | right_shoulder_pitch_joint |   0.000   |  0.000  |  0.020   |      0.010      |      0.000       |      0.000       | [-3.089, 2.670] |      37.000     |     25.000    |
|   13  | left_ankle_pitch_joint     |   0.000   |  0.000  |  0.020   |      0.010      |      0.000       |      0.000       | [-0.873, 0.524] |      37.000     |     50.000    |
|   14  | right_ankle_pitch_joint    |   0.000   |  0.000  |  0.020   |      0.010      |      0.000       |      0.000       | [-0.873, 0.524] |      37.000     |     50.000    |
|   15  | left_shoulder_roll_joint   |   0.000   |  0.000  |  0.020   |      0.010      |      0.000       |      0.000       | [-1.588, 2.251] |      37.000     |     25.000    |
|   16  | right_shoulder_roll_joint  |   0.000   |  0.000  |  0.020   |      0.010      |      0.000       |      0.000       | [-2.251, 1.588] |      37.000     |     25.000    |
|   17  | left_ankle_roll_joint      |   0.000   |  0.000  |  0.020   |      0.010      |      0.000       |      0.000       | [-0.262, 0.262] |      37.000     |     50.000    |
|   18  | right_ankle_roll_joint     |   0.000   |  0.000  |  0.020   |      0.010      |      0.000       |      0.000       | [-0.262, 0.262] |      37.000     |     50.000    |
|   19  | left_shoulder_yaw_joint    |   0.000   |  0.000  |  0.020   |      0.010      |      0.000       |      0.000       | [-2.618, 2.618] |      37.000     |     25.000    |
|   20  | right_shoulder_yaw_joint   |   0.000   |  0.000  |  0.020   |      0.010      |      0.000       |      0.000       | [-2.618, 2.618] |      37.000     |     25.000    |
|   21  | left_elbow_joint           |   0.000   |  0.000  |  0.020   |      0.010      |      0.000       |      0.000       | [-1.047, 2.094] |      37.000     |     25.000    |
|   22  | right_elbow_joint          |   0.000   |  0.000  |  0.020   |      0.010      |      0.000       |      0.000       | [-1.047, 2.094] |      37.000     |     25.000    |
|   23  | left_wrist_roll_joint      |   0.000   |  0.000  |  0.020   |      0.010      |      0.000       |      0.000       | [-1.972, 1.972] |      37.000     |     25.000    |
|   24  | right_wrist_roll_joint     |   0.000   |  0.000  |  0.020   |      0.010      |      0.000       |      0.000       | [-1.972, 1.972] |      37.000     |     25.000    |
|   25  | left_wrist_pitch_joint     |   0.000   |  0.000  |  0.020   |      0.010      |      0.000       |      0.000       | [-1.614, 1.614] |      22.000     |     5.000     |
|   26  | right_wrist_pitch_joint    |   0.000   |  0.000  |  0.020   |      0.010      |      0.000       |      0.000       | [-1.614, 1.614] |      22.000     |     5.000     |
|   27  | left_wrist_yaw_joint       |   0.000   |  0.000  |  0.020   |      0.010      |      0.000       |      0.000       | [-1.614, 1.614] |      22.000     |     5.000     |
|   28  | right_wrist_yaw_joint      |   0.000   |  0.000  |  0.020   |      0.010      |      0.000       |      0.000       | [-1.614, 1.614] |      22.000     |     5.000     |
+-------+----------------------------+-----------+---------+----------+-----------------+------------------+------------------+-----------------+-----------------+---------------+
[INFO]: Read mesh prim: /World/ground/terrain/mesh with 369728 vertices and 2097240 faces.
[INFO]: Time taken for simulation start Last: 29.467986 s, Mean: 29.467986 s, Std: 0.000000 s, N: 1
[INFO] Command Manager:  <CommandManager> contains 1 active terms.
+--------------------------------------+
|         Active Command Terms         |
+-------+--------+---------------------+
| Index | Name   |         Type        |
+-------+--------+---------------------+
|   0   | height | SmoothHeightCommand |
+-------+--------+---------------------+

[INFO] Event Manager:  <EventManager> contains 3 active terms.
+----------------------------------------+
| Active Event Terms in Mode: 'startup'  |
+--------+-------------------------------+
| Index  | Name                          |
+--------+-------------------------------+
|   0    | randomize_physics_material    |
|   1    | randomize_actuator_gains      |
|   2    | randomize_bodies_mass         |
|   3    | randomize_base_mass           |
|   4    | randomize_base_com            |
+--------+-------------------------------+
+---------------------------------------------------------------------------+
|                   Active Event Terms in Mode: 'interval'                  |
+-------+-----------------------------------------+-------------------------+
| Index | Name                                    | Interval time range (s) |
+-------+-----------------------------------------+-------------------------+
|   0   | push_robot                              |       (0.0, 10.0)       |
|   1   | apply_external_force_torque             |       (0.0, 10.0)       |
|   2   | apply_external_force_torque_extremities |       (0.0, 10.0)       |
+-------+-----------------------------------------+-------------------------+
+----------------------------------+
| Active Event Terms in Mode: 'reset' |
+------------+---------------------+
|   Index    | Name                |
+------------+---------------------+
|     0      | reset_base          |
+------------+---------------------+

[INFO] Recorder Manager:  <RecorderManager> contains 0 active terms.
+---------------------+
| Active Recorder Terms |
+-----------+---------+
|   Index   | Name    |
+-----------+---------+
+-----------+---------+

[INFO]: Resolved joint names for the action term JointPositionAction: ['left_hip_pitch_joint', 'right_hip_pitch_joint', 'waist_yaw_joint', 'left_hip_roll_joint', 'right_hip_roll_joint', 'waist_roll_joint', 'left_hip_yaw_joint', 'right_hip_yaw_joint', 'waist_pitch_joint', 'left_knee_joint', 'right_knee_joint', 'left_shoulder_pitch_joint', 'right_shoulder_pitch_joint', 'left_ankle_pitch_joint', 'right_ankle_pitch_joint', 'left_shoulder_roll_joint', 'right_shoulder_roll_joint', 'left_ankle_roll_joint', 'right_ankle_roll_joint', 'left_shoulder_yaw_joint', 'right_shoulder_yaw_joint', 'left_elbow_joint', 'right_elbow_joint', 'left_wrist_roll_joint', 'right_wrist_roll_joint', 'left_wrist_pitch_joint', 'right_wrist_pitch_joint', 'left_wrist_yaw_joint', 'right_wrist_yaw_joint'] [[0, 1, 2, 3, 4, 5, 6, 7, 8, 9, 10, 11, 12, 13, 14, 15, 16, 17, 18, 19, 20, 21, 22, 23, 24, 25, 26, 27, 28]]
[INFO] Action Manager:  <ActionManager> contains 2 active terms.
+------------------------------------+
|  Active Action Terms (shape: 29)   |
+--------+-------------+-------------+
| Index  | Name        |   Dimension |
+--------+-------------+-------------+
|   0    | joint_pos   |          29 |
|   1    | lift        |           0 |
+--------+-------------+-------------+

[INFO] Observation Manager: <ObservationManager> contains 2 groups.
+----------------------------------------------+
| Active Observation Terms in Group: 'policy'  |
+---------+------------------------+-----------+
|  Index  | Name                   |   Shape   |
+---------+------------------------+-----------+
|    0    | base_ang_vel           |   (5, 3)  |
|    1    | projected_gravity      |   (5, 3)  |
|    2    | joint_pos              |  (5, 29)  |
|    3    | joint_vel              |  (5, 29)  |
|    4    | actions                |  (5, 29)  |
|    5    | height_command         |   (5, 1)  |
+---------+------------------------+-----------+
+----------------------------------------------+
| Active Observation Terms in Group: 'critic'  |
+---------+------------------------+-----------+
|  Index  | Name                   |   Shape   |
+---------+------------------------+-----------+
|    0    | projected_gravity      |   (5, 3)  |
|    1    | base_lin_vel           |   (5, 3)  |
|    2    | base_ang_vel           |   (5, 3)  |
|    3    | joint_pos              |  (5, 29)  |
|    4    | joint_vel              |  (5, 29)  |
|    5    | actions                |  (5, 29)  |
|    6    | contact_forces         |  (5, 30)  |
|    7    | base_height            |   (5, 1)  |
|    8    | height_command         |   (5, 1)  |
+---------+------------------------+-----------+

[INFO] Termination Manager:  <TerminationManager> contains 2 active terms.
+----------------------------------+
|     Active Termination Terms     |
+-------+---------------+----------+
| Index | Name          | Time Out |
+-------+---------------+----------+
|   0   | time_out      |   True   |
|   1   | invalid_state |  False   |
+-------+---------------+----------+

[INFO] Reward Manager:  <RewardManager> contains 32 active terms.
+--------------------------------------------+
|            Active Reward Terms             |
+-------+-------------------------+----------+
| Index | Name                    |   Weight |
+-------+-------------------------+----------+
|   0   | joint_torques_l2        |   -5e-05 |
|   1   | torque_limits           |    -0.01 |
|   2   | joint_acc_l2            | -2.5e-08 |
|   3   | joint_pos_limits        |     -0.1 |
|   4   | joint_vel_limits        |    -0.01 |
|   5   | action_rate             |     -1.0 |
|   6   | action_rate_rate        |    -0.15 |
|   7   | joint_vel_l2            |   -0.001 |
|   8   | joint_tracking_error    |     -0.5 |
|   9   | base_height_rough       |      4.0 |
|   10  | base_height_medium      |      8.0 |
|   11  | base_height_fine        |     16.0 |
|   12  | relaxation              |     -1.0 |
|   13  | joint_deviation_l1      |     -0.5 |
|   14  | joint_deviation_l1_arms |     -0.5 |
|   15  | ankle_torques           |   -0.001 |
|   16  | not_moving              |     -1.0 |
|   17  | torso_upright           |     -1.0 |
|   18  | severely_tilted         |     -5.0 |
|   19  | torso_roll              |     -5.0 |
|   20  | forward_pitch           |    -10.0 |
|   21  | illegal_contacts        |     -2.0 |
|   22  | feet_distance           |     -5.0 |
|   23  | feet_distance_standing  |    -10.0 |
|   24  | ground_unloaded         |     -2.0 |
|   25  | flat_feet               |     -1.0 |
|   26  | feet_slide              |     -1.0 |
|   27  | feet_yaw_mean           |     -2.0 |
|   28  | completely_airborne     |    -50.0 |
|   29  | body_velocity           |     -0.1 |
|   30  | ground_slam             |     -1.0 |
|   31  | torso_slam              |     -5.0 |
+-------+-------------------------+----------+

[INFO] Curriculum Manager:  <CurriculumManager> contains 8 active terms.
+---------------------------------+
|     Active Curriculum Terms     |
+-------+-------------------------+
| Index | Name                    |
+-------+-------------------------+
|   0   | adaptive_lift           |
|   1   | terrain_levels          |
|   2   | polish_action_rate_rate |
|   3   | polish_ground_slam      |
|   4   | polish_torso_slam       |
|   5   | polish_not_moving       |
|   6   | polish_joint_vel_l2     |
|   7   | random_fallen_states    |
+-------+-------------------------+

[INFO]: Completed setting up the environment...
/workspace/WBC-AGILE/.venv/lib/python3.12/site-packages/rsl_rl/utils/utils.py:220: UserWarning: The observation configuration dictionary 'obs_groups' is empty and thus likely not configured. Consider configuring the 'obs_groups' dictionary explicitly
  warnings.warn(
/workspace/WBC-AGILE/.venv/lib/python3.12/site-packages/rsl_rl/utils/utils.py:251: UserWarning: The observation configuration dictionary 'obs_groups' does not contain the 'actor' key. As an observation group with the name 'policy' was found, this is assumed to be the appropriate observation. Consider adding the 'actor' key to the 'obs_groups' dictionary for clarity. This behavior will be removed in a future version.
  warnings.warn(
/workspace/WBC-AGILE/.venv/lib/python3.12/site-packages/rsl_rl/utils/utils.py:243: UserWarning: The observation configuration dictionary 'obs_groups' does not contain the 'critic' key. As an observation group with the name 'critic' was found, this is assumed to be the appropriate observation. Consider adding the 'critic' key to the 'obs_groups' dictionary for clarity. This behavior will be removed in a future version.
  warnings.warn(
--------------------------------------------------------------------------------
Resolved observation sets: 
	 actor :  ['policy']
	 critic :  ['critic']
--------------------------------------------------------------------------------
Actor Model: MLPModel(
  (obs_normalizer): Identity()
  (distribution): GaussianDistribution()
  (mlp): MLP(
    (0): Linear(in_features=470, out_features=256, bias=True)
    (1): ELU(alpha=1.0)
    (2): Linear(in_features=256, out_features=256, bias=True)
    (3): ELU(alpha=1.0)
    (4): Linear(in_features=256, out_features=128, bias=True)
    (5): ELU(alpha=1.0)
    (6): Linear(in_features=128, out_features=29, bias=True)
  )
)
Critic Model: MLPModel(
  (obs_normalizer): Identity()
  (mlp): MLP(
    (0): Linear(in_features=640, out_features=512, bias=True)
    (1): ELU(alpha=1.0)
    (2): Linear(in_features=512, out_features=256, bias=True)
    (3): ELU(alpha=1.0)
    (4): Linear(in_features=256, out_features=128, bias=True)
    (5): ELU(alpha=1.0)
    (6): Linear(in_features=128, out_features=1, bias=True)
  )
)
Storing git diff for 'WBC-AGILE' in: /workspace/WBC-AGILE/logs/rsl_rl/height_tracking_g1/2026-09-02_03-41-54_height_tracking_g1/git/WBC-AGILE.diff
2026-09-02T03:42:33Z [49,743ms] [Error] [omni.physx.plugin] PhysX error: The application needs to increase PxGpuDynamicsMemoryConfig::foundLostAggregatePairsCapacity to 41906252, otherwise, the simulation will miss interactions, FILE /builds/omniverse/physics/physx/source/gpubroadphase/src/PxgAABBManager.cpp, LINE 1304
################################################################################
[1m                            Learning iteration 0/30                             [0m 

                               Run name: height_tracking_g1
                            Total steps: 98304 
                       Steps per second: 5634 
                        Collection time: 17.100s 
                          Learning time: 0.346s 
                        Mean value loss: 5.1585
                    Mean surrogate loss: 0.0341
                      Mean entropy loss: 41.0870
                     Mean symmetry loss: 0.0028
                   Mean l2c2_actor loss: 0.0011
                  Mean l2c2_critic loss: 0.0075
                            Mean reward: -35.92
                    Mean episode length: 14.50
                        Mean action std: 1.00
                    Entropy coefficient: 0.002500
              Curriculum/terrain_levels: 0.0000
        Episode_Reward/joint_pos_limits: -0.0001
              Episode_Reward/not_moving: -0.0695
      Episode_Reward/base_height_medium: 0.0595
        Episode_Reward/illegal_contacts: -0.0004
              Episode_Reward/feet_slide: -0.0117
        Episode_Reward/action_rate_rate: -0.3988
 Episode_Reward/joint_deviation_l1_arms: -0.0071
           Episode_Reward/torso_upright: 0.0000
           Curriculum/polish_not_moving: -1.0000
       Episode_Reward/base_height_rough: 0.0373
            Episode_Reward/joint_acc_l2: -0.0098
           Episode_Reward/ankle_torques: -0.0051
             Episode_Reward/action_rate: -0.9275
      Episode_Reward/joint_deviation_l1: -0.0202
         Curriculum/polish_joint_vel_l2: -0.0010
              Episode_Reward/relaxation: -0.1370
        Episode_Reward/joint_vel_limits: -0.0000
             Episode_Reward/ground_slam: -0.0557
           Episode_Reward/torque_limits: -0.0215
           Episode_Termination/time_out: 0.0169
           Curriculum/polish_torso_slam: -5.0000
            Episode_Reward/joint_vel_l2: -0.0260
              Episode_Reward/torso_slam: -0.0651
           Episode_Reward/feet_distance: -0.0027
          Curriculum/polish_ground_slam: -1.0000
         Episode_Reward/severely_tilted: -0.0001
    Episode_Reward/joint_tracking_error: -0.0565
  Episode_Reward/feet_distance_standing: -0.0027
        Episode_Reward/base_height_fine: 0.1002
      Episode_Termination/invalid_state: 0.0008
         Episode_Reward/ground_unloaded: -0.0164
              Episode_Reward/torso_roll: -0.0201
           Episode_Reward/forward_pitch: -0.0080
        Episode_Reward/joint_torques_l2: -0.0188
           Episode_Reward/body_velocity: -0.0735
     Curriculum/polish_action_rate_rate: -0.1500
     Episode_Reward/completely_airborne: -0.2621
           Episode_Reward/feet_yaw_mean: -0.0106
               Curriculum/adaptive_lift: 1.0000
            Metrics/height/height_error: 0.0000
        Curriculum/random_fallen_states: 0.0000
               Episode_Reward/flat_feet: -0.0274
--------------------------------------------------------------------------------
                         Iteration time: 17.45s
                           Time elapsed: 0:00:17
                                    ETA: 0:08:25

################################################################################
[1m                            Learning iteration 1/30                             [0m 

                               Run name: height_tracking_g1
                            Total steps: 196608 
                       Steps per second: 12438 
                        Collection time: 7.668s 
                          Learning time: 0.235s 
                        Mean value loss: 5.3921
                    Mean surrogate loss: 0.0052
                      Mean entropy loss: 41.0329
                     Mean symmetry loss: 0.0016
                   Mean l2c2_actor loss: 0.0011
                  Mean l2c2_critic loss: 0.0193
                            Mean reward: -106.37
                    Mean episode length: 41.89
                        Mean action std: 0.99
                    Entropy coefficient: 0.002500
              Curriculum/terrain_levels: 0.0000
        Episode_Reward/joint_pos_limits: -0.0003
              Episode_Reward/not_moving: -0.2644
      Episode_Reward/base_height_medium: 0.1928
        Episode_Reward/illegal_contacts: -0.0038
              Episode_Reward/feet_slide: -0.0420
        Episode_Reward/action_rate_rate: -1.2251
 Episode_Reward/joint_deviation_l1_arms: -0.0266
           Episode_Reward/torso_upright: 0.0000
           Curriculum/polish_not_moving: -1.0000
       Episode_Reward/base_height_rough: 0.1189
            Episode_Reward/joint_acc_l2: -0.0172
           Episode_Reward/ankle_torques: -0.0134
             Episode_Reward/action_rate: -2.7635
      Episode_Reward/joint_deviation_l1: -0.0621
         Curriculum/polish_joint_vel_l2: -0.0010
              Episode_Reward/relaxation: -0.4244
        Episode_Reward/joint_vel_limits: -0.0001
             Episode_Reward/ground_slam: -0.1400
           Episode_Reward/torque_limits: -0.0629
           Episode_Termination/time_out: 0.0483
           Curriculum/polish_torso_slam: -5.0000
            Episode_Reward/joint_vel_l2: -0.0783
              Episode_Reward/torso_slam: -0.0930
           Episode_Reward/feet_distance: -0.0130
          Curriculum/polish_ground_slam: -1.0000
         Episode_Reward/severely_tilted: -0.0033
    Episode_Reward/joint_tracking_error: -0.1724
  Episode_Reward/feet_distance_standing: -0.0163
        Episode_Reward/base_height_fine: 0.3297
      Episode_Termination/invalid_state: 0.0017
         Episode_Reward/ground_unloaded: -0.0435
              Episode_Reward/torso_roll: -0.0640
           Episode_Reward/forward_pitch: -0.0290
        Episode_Reward/joint_torques_l2: -0.0542
           Episode_Reward/body_velocity: -0.2602
     Curriculum/polish_action_rate_rate: -0.1500
     Episode_Reward/completely_airborne: -0.8055
           Episode_Reward/feet_yaw_mean: -0.0342
               Curriculum/adaptive_lift: 1.0000
            Metrics/height/height_error: 0.0000
        Curriculum/random_fallen_states: 0.0000
               Episode_Reward/flat_feet: -0.0968
--------------------------------------------------------------------------------
                         Iteration time: 7.90s
                           Time elapsed: 0:00:25
                                    ETA: 0:05:54

################################################################################
[1m                            Learning iteration 2/30                             [0m 

                               Run name: height_tracking_g1
                            Total steps: 294912 
                       Steps per second: 14608 
                        Collection time: 6.496s 
                          Learning time: 0.233s 
                        Mean value loss: 4.8309
                    Mean surrogate loss: -0.0064
                      Mean entropy loss: 40.8327
                     Mean symmetry loss: 0.0007
                   Mean l2c2_actor loss: 0.0013
                  Mean l2c2_critic loss: 0.0272
                            Mean reward: -159.98
                    Mean episode length: 61.75
                        Mean action std: 0.99
                    Entropy coefficient: 0.002500
              Curriculum/terrain_levels: 0.0000
        Episode_Reward/joint_pos_limits: -0.0004
              Episode_Reward/not_moving: -0.2805
      Episode_Reward/base_height_medium: 0.2466
        Episode_Reward/illegal_contacts: -0.0159
              Episode_Reward/feet_slide: -0.0608
        Episode_Reward/action_rate_rate: -2.0815
 Episode_Reward/joint_deviation_l1_arms: -0.0353
           Episode_Reward/torso_upright: -0.0003
           Curriculum/polish_not_moving: -1.0000
       Episode_Reward/base_height_rough: 0.1714
            Episode_Reward/joint_acc_l2: -0.0329
           Episode_Reward/ankle_torques: -0.0194
             Episode_Reward/action_rate: -4.6601
      Episode_Reward/joint_deviation_l1: -0.0726
         Curriculum/polish_joint_vel_l2: -0.0010
              Episode_Reward/relaxation: -0.8649
        Episode_Reward/joint_vel_limits: -0.0002
             Episode_Reward/ground_slam: -0.2287
           Episode_Reward/torque_limits: -0.1032
           Episode_Termination/time_out: 0.0819
           Curriculum/polish_torso_slam: -5.0000
            Episode_Reward/joint_vel_l2: -0.1324
              Episode_Reward/torso_slam: -0.1701
           Episode_Reward/feet_distance: -0.0259
          Curriculum/polish_ground_slam: -1.0000
         Episode_Reward/severely_tilted: -0.0028
    Episode_Reward/joint_tracking_error: -0.2891
  Episode_Reward/feet_distance_standing: -0.0206
        Episode_Reward/base_height_fine: 0.3871
      Episode_Termination/invalid_state: 0.0026
         Episode_Reward/ground_unloaded: -0.0671
              Episode_Reward/torso_roll: -0.1054
           Episode_Reward/forward_pitch: -0.1067
        Episode_Reward/joint_torques_l2: -0.0864
           Episode_Reward/body_velocity: -0.4330
     Curriculum/polish_action_rate_rate: -0.1500
     Episode_Reward/completely_airborne: -1.2140
           Episode_Reward/feet_yaw_mean: -0.0609
               Curriculum/adaptive_lift: 0.9984
            Metrics/height/height_error: 0.0000
        Curriculum/random_fallen_states: 0.0000
               Episode_Reward/flat_feet: -0.1837
--------------------------------------------------------------------------------
                         Iteration time: 6.73s
                           Time elapsed: 0:00:32
                                    ETA: 0:04:48

################################################################################
[1m                            Learning iteration 3/30                             [0m 

                               Run name: height_tracking_g1
                            Total steps: 393216 
                       Steps per second: 16592 
                        Collection time: 5.691s 
                          Learning time: 0.234s 
                        Mean value loss: 4.3648
                    Mean surrogate loss: -0.0114
                      Mean entropy loss: 40.6515
                     Mean symmetry loss: 0.0005
                   Mean l2c2_actor loss: 0.0015
                  Mean l2c2_critic loss: 0.0280
                            Mean reward: -225.47
                    Mean episode length: 88.97
                        Mean action std: 0.98
                    Entropy coefficient: 0.002500
              Curriculum/terrain_levels: 0.0000
        Episode_Reward/joint_pos_limits: -0.0006
              Episode_Reward/not_moving: -0.6657
      Episode_Reward/base_height_medium: 0.4848
        Episode_Reward/illegal_contacts: -0.0268
              Episode_Reward/feet_slide: -0.1015
        Episode_Reward/action_rate_rate: -2.8552
 Episode_Reward/joint_deviation_l1_arms: -0.0648
           Episode_Reward/torso_upright: -0.0049
           Curriculum/polish_not_moving: -1.0000
       Episode_Reward/base_height_rough: 0.2885
            Episode_Reward/joint_acc_l2: -0.0318
           Episode_Reward/ankle_torques: -0.0252
             Episode_Reward/action_rate: -6.3858
      Episode_Reward/joint_deviation_l1: -0.1433
         Curriculum/polish_joint_vel_l2: -0.0010
              Episode_Reward/relaxation: -0.8749
        Episode_Reward/joint_vel_limits: -0.0003
             Episode_Reward/ground_slam: -0.3187
           Episode_Reward/torque_limits: -0.1408
           Episode_Termination/time_out: 0.1117
           Curriculum/polish_torso_slam: -5.0000
            Episode_Reward/joint_vel_l2: -0.1834
              Episode_Reward/torso_slam: -0.2303
           Episode_Reward/feet_distance: -0.0374
          Curriculum/polish_ground_slam: -1.0000
         Episode_Reward/severely_tilted: -0.0128
    Episode_Reward/joint_tracking_error: -0.3880
  Episode_Reward/feet_distance_standing: -0.0457
        Episode_Reward/base_height_fine: 0.8435
      Episode_Termination/invalid_state: 0.0036
         Episode_Reward/ground_unloaded: -0.1013
              Episode_Reward/torso_roll: -0.1634
           Episode_Reward/forward_pitch: -0.1462
        Episode_Reward/joint_torques_l2: -0.1155
           Episode_Reward/body_velocity: -0.5837
     Curriculum/polish_action_rate_rate: -0.1500
     Episode_Reward/completely_airborne: -1.9293
           Episode_Reward/feet_yaw_mean: -0.0824
               Curriculum/adaptive_lift: 0.9960
            Metrics/height/height_error: 0.0000
        Curriculum/random_fallen_states: 0.0000
               Episode_Reward/flat_feet: -0.2547
--------------------------------------------------------------------------------
                         Iteration time: 5.92s
                           Time elapsed: 0:00:38
                                    ETA: 0:04:07

################################################################################
[1m                            Learning iteration 4/30                             [0m 

                               Run name: height_tracking_g1
                            Total steps: 491520 
                       Steps per second: 18377 
                        Collection time: 5.115s 
                          Learning time: 0.234s 
                        Mean value loss: 4.2241
                    Mean surrogate loss: -0.0127
                      Mean entropy loss: 40.5055
                     Mean symmetry loss: 0.0004
                   Mean l2c2_actor loss: 0.0018
                  Mean l2c2_critic loss: 0.0216
                            Mean reward: -277.79
                    Mean episode length: 110.57
                        Mean action std: 0.98
                    Entropy coefficient: 0.002500
              Curriculum/terrain_levels: 0.0000
        Episode_Reward/joint_pos_limits: -0.0007
              Episode_Reward/not_moving: -0.8706
      Episode_Reward/base_height_medium: 0.6688
        Episode_Reward/illegal_contacts: -0.0391
              Episode_Reward/feet_slide: -0.1261
        Episode_Reward/action_rate_rate: -3.6998
 Episode_Reward/joint_deviation_l1_arms: -0.0745
           Episode_Reward/torso_upright: -0.0074
           Curriculum/polish_not_moving: -1.0000
       Episode_Reward/base_height_rough: 0.3989
            Episode_Reward/joint_acc_l2: -0.0453
           Episode_Reward/ankle_torques: -0.0333
             Episode_Reward/action_rate: -8.2683
      Episode_Reward/joint_deviation_l1: -0.1485
         Curriculum/polish_joint_vel_l2: -0.0010
              Episode_Reward/relaxation: -1.0529
        Episode_Reward/joint_vel_limits: -0.0003
             Episode_Reward/ground_slam: -0.4146
           Episode_Reward/torque_limits: -0.1850
           Episode_Termination/time_out: 0.1435
           Curriculum/polish_torso_slam: -5.0000
            Episode_Reward/joint_vel_l2: -0.2305
              Episode_Reward/torso_slam: -0.3139
           Episode_Reward/feet_distance: -0.0459
          Curriculum/polish_ground_slam: -1.0000
         Episode_Reward/severely_tilted: -0.0069
    Episode_Reward/joint_tracking_error: -0.5060
  Episode_Reward/feet_distance_standing: -0.0453
        Episode_Reward/base_height_fine: 1.1605
      Episode_Termination/invalid_state: 0.0037
         Episode_Reward/ground_unloaded: -0.1480
              Episode_Reward/torso_roll: -0.1872
           Episode_Reward/forward_pitch: -0.2258
        Episode_Reward/joint_torques_l2: -0.1562
           Episode_Reward/body_velocity: -0.6911
     Curriculum/polish_action_rate_rate: -0.1500
     Episode_Reward/completely_airborne: -2.3972
           Episode_Reward/feet_yaw_mean: -0.0850
               Curriculum/adaptive_lift: 0.9936
            Metrics/height/height_error: 0.0338
        Curriculum/random_fallen_states: 0.0000
               Episode_Reward/flat_feet: -0.3756
--------------------------------------------------------------------------------
                         Iteration time: 5.35s
                           Time elapsed: 0:00:43
                                    ETA: 0:03:36

################################################################################
[1m                            Learning iteration 5/30                             [0m 

                               Run name: height_tracking_g1
                            Total steps: 589824 
                       Steps per second: 19664 
                        Collection time: 4.766s 
                          Learning time: 0.233s 
                        Mean value loss: 3.9560
                    Mean surrogate loss: -0.0126
                      Mean entropy loss: 40.3688
                     Mean symmetry loss: 0.0004
                   Mean l2c2_actor loss: 0.0020
                  Mean l2c2_critic loss: 0.0077
                            Mean reward: -346.49
                    Mean episode length: 135.75
                        Mean action std: 0.97
                    Entropy coefficient: 0.002500
              Curriculum/terrain_levels: 0.0000
        Episode_Reward/joint_pos_limits: -0.0009
              Episode_Reward/not_moving: -1.0465
      Episode_Reward/base_height_medium: 0.7647
        Episode_Reward/illegal_contacts: -0.0500
              Episode_Reward/feet_slide: -0.1482
        Episode_Reward/action_rate_rate: -4.4426
 Episode_Reward/joint_deviation_l1_arms: -0.0850
           Episode_Reward/torso_upright: -0.0106
           Curriculum/polish_not_moving: -1.0000
       Episode_Reward/base_height_rough: 0.4625
            Episode_Reward/joint_acc_l2: -0.0570
           Episode_Reward/ankle_torques: -0.0471
             Episode_Reward/action_rate: -9.9311
      Episode_Reward/joint_deviation_l1: -0.1743
         Curriculum/polish_joint_vel_l2: -0.0010
              Episode_Reward/relaxation: -1.5762
        Episode_Reward/joint_vel_limits: -0.0004
             Episode_Reward/ground_slam: -0.4860
           Episode_Reward/torque_limits: -0.2252
           Episode_Termination/time_out: 0.1717
           Curriculum/polish_torso_slam: -5.0000
            Episode_Reward/joint_vel_l2: -0.2796
              Episode_Reward/torso_slam: -0.3684
           Episode_Reward/feet_distance: -0.0555
          Curriculum/polish_ground_slam: -1.0000
         Episode_Reward/severely_tilted: -0.0088
    Episode_Reward/joint_tracking_error: -0.6058
  Episode_Reward/feet_distance_standing: -0.0524
        Episode_Reward/base_height_fine: 1.3379
      Episode_Termination/invalid_state: 0.0037
         Episode_Reward/ground_unloaded: -0.1617
              Episode_Reward/torso_roll: -0.2488
           Episode_Reward/forward_pitch: -0.2709
        Episode_Reward/joint_torques_l2: -0.1948
           Episode_Reward/body_velocity: -0.8304
     Curriculum/polish_action_rate_rate: -0.1500
     Episode_Reward/completely_airborne: -2.9801
           Episode_Reward/feet_yaw_mean: -0.0850
               Curriculum/adaptive_lift: 0.9912
            Metrics/height/height_error: 0.0304
        Curriculum/random_fallen_states: 0.0000
               Episode_Reward/flat_feet: -0.4584
--------------------------------------------------------------------------------
                         Iteration time: 5.00s
                           Time elapsed: 0:00:48
                                    ETA: 0:03:13

################################################################################
[1m                            Learning iteration 6/30                             [0m 

                               Run name: height_tracking_g1
                            Total steps: 688128 
                       Steps per second: 20599 
                        Collection time: 4.539s 
                          Learning time: 0.233s 
                        Mean value loss: 3.8844
                    Mean surrogate loss: -0.0118
                      Mean entropy loss: 40.2527
                     Mean symmetry loss: 0.0005
                   Mean l2c2_actor loss: 0.0023
                  Mean l2c2_critic loss: 0.0048
                            Mean reward: -391.63
                    Mean episode length: 160.19
                        Mean action std: 0.97
                    Entropy coefficient: 0.002500
              Curriculum/terrain_levels: 0.0000
        Episode_Reward/joint_pos_limits: -0.0010
              Episode_Reward/not_moving: -1.5641
      Episode_Reward/base_height_medium: 1.0670
        Episode_Reward/illegal_contacts: -0.0660
              Episode_Reward/feet_slide: -0.1927
        Episode_Reward/action_rate_rate: -5.2237
 Episode_Reward/joint_deviation_l1_arms: -0.1014
           Episode_Reward/torso_upright: -0.0141
           Curriculum/polish_not_moving: -1.0000
       Episode_Reward/base_height_rough: 0.6176
            Episode_Reward/joint_acc_l2: -0.0601
           Episode_Reward/ankle_torques: -0.0459
             Episode_Reward/action_rate: -11.6775
      Episode_Reward/joint_deviation_l1: -0.2182
         Curriculum/polish_joint_vel_l2: -0.0010
              Episode_Reward/relaxation: -1.3523
        Episode_Reward/joint_vel_limits: -0.0004
             Episode_Reward/ground_slam: -0.5980
           Episode_Reward/torque_limits: -0.2527
           Episode_Termination/time_out: 0.2050
           Curriculum/polish_torso_slam: -5.0000
            Episode_Reward/joint_vel_l2: -0.3338
              Episode_Reward/torso_slam: -0.4318
           Episode_Reward/feet_distance: -0.0664
          Curriculum/polish_ground_slam: -1.0000
         Episode_Reward/severely_tilted: -0.0085
    Episode_Reward/joint_tracking_error: -0.7108
  Episode_Reward/feet_distance_standing: -0.0637
        Episode_Reward/base_height_fine: 1.9194
      Episode_Termination/invalid_state: 0.0037
         Episode_Reward/ground_unloaded: -0.2186
              Episode_Reward/torso_roll: -0.2706
           Episode_Reward/forward_pitch: -0.3504
        Episode_Reward/joint_torques_l2: -0.2143
           Episode_Reward/body_velocity: -0.9537
     Curriculum/polish_action_rate_rate: -0.1500
     Episode_Reward/completely_airborne: -3.5355
           Episode_Reward/feet_yaw_mean: -0.1187
               Curriculum/adaptive_lift: 0.9888
            Metrics/height/height_error: 0.0301
        Curriculum/random_fallen_states: 0.0000
               Episode_Reward/flat_feet: -0.5664
--------------------------------------------------------------------------------
                         Iteration time: 4.77s
                           Time elapsed: 0:00:53
                                    ETA: 0:02:54

################################################################################
[1m                            Learning iteration 7/30                             [0m 

                               Run name: height_tracking_g1
                            Total steps: 786432 
                       Steps per second: 21289 
                        Collection time: 4.384s 
                          Learning time: 0.234s 
                        Mean value loss: 3.7076
                    Mean surrogate loss: -0.0104
                      Mean entropy loss: 40.0887
                     Mean symmetry loss: 0.0006
                   Mean l2c2_actor loss: 0.0025
                  Mean l2c2_critic loss: 0.0044
                            Mean reward: -447.67
                    Mean episode length: 184.04
                        Mean action std: 0.96
                    Entropy coefficient: 0.002500
              Curriculum/terrain_levels: 0.0000
        Episode_Reward/joint_pos_limits: -0.0011
              Episode_Reward/not_moving: -1.4613
      Episode_Reward/base_height_medium: 1.1409
        Episode_Reward/illegal_contacts: -0.0767
              Episode_Reward/feet_slide: -0.2085
        Episode_Reward/action_rate_rate: -6.0114
 Episode_Reward/joint_deviation_l1_arms: -0.0980
           Episode_Reward/torso_upright: -0.0133
           Curriculum/polish_not_moving: -1.0000
       Episode_Reward/base_height_rough: 0.6868
            Episode_Reward/joint_acc_l2: -0.0696
           Episode_Reward/ankle_torques: -0.0657
             Episode_Reward/action_rate: -13.4433
      Episode_Reward/joint_deviation_l1: -0.1926
         Curriculum/polish_joint_vel_l2: -0.0010
              Episode_Reward/relaxation: -1.7123
        Episode_Reward/joint_vel_limits: -0.0005
             Episode_Reward/ground_slam: -0.6730
           Episode_Reward/torque_limits: -0.2909
           Episode_Termination/time_out: 0.2381
           Curriculum/polish_torso_slam: -5.0000
            Episode_Reward/joint_vel_l2: -0.3700
              Episode_Reward/torso_slam: -0.4776
           Episode_Reward/feet_distance: -0.0689
          Curriculum/polish_ground_slam: -1.0000
         Episode_Reward/severely_tilted: -0.0088
    Episode_Reward/joint_tracking_error: -0.8032
  Episode_Reward/feet_distance_standing: -0.0562
        Episode_Reward/base_height_fine: 1.9741
      Episode_Termination/invalid_state: 0.0037
         Episode_Reward/ground_unloaded: -0.2436
              Episode_Reward/torso_roll: -0.3128
           Episode_Reward/forward_pitch: -0.3955
        Episode_Reward/joint_torques_l2: -0.2447
           Episode_Reward/body_velocity: -1.0151
     Curriculum/polish_action_rate_rate: -0.1500
     Episode_Reward/completely_airborne: -3.5926
           Episode_Reward/feet_yaw_mean: -0.1397
               Curriculum/adaptive_lift: 0.9864
            Metrics/height/height_error: 0.0425
        Curriculum/random_fallen_states: 0.0000
               Episode_Reward/flat_feet: -0.6801
--------------------------------------------------------------------------------
                         Iteration time: 4.62s
                           Time elapsed: 0:00:57
                                    ETA: 0:02:38

################################################################################
[1m                            Learning iteration 8/30                             [0m 

                               Run name: height_tracking_g1
                            Total steps: 884736 
                       Steps per second: 22119 
                        Collection time: 4.210s 
                          Learning time: 0.234s 
                        Mean value loss: 3.6205
                    Mean surrogate loss: -0.0101
                      Mean entropy loss: 39.9156
                     Mean symmetry loss: 0.0006
                   Mean l2c2_actor loss: 0.0026
                  Mean l2c2_critic loss: 0.0032
                            Mean reward: -512.16
                    Mean episode length: 206.35
                        Mean action std: 0.96
                    Entropy coefficient: 0.002500
              Curriculum/terrain_levels: 0.0000
        Episode_Reward/joint_pos_limits: -0.0013
              Episode_Reward/not_moving: -1.6101
      Episode_Reward/base_height_medium: 1.1839
        Episode_Reward/illegal_contacts: -0.1081
              Episode_Reward/feet_slide: -0.2312
        Episode_Reward/action_rate_rate: -6.7526
 Episode_Reward/joint_deviation_l1_arms: -0.1236
           Episode_Reward/torso_upright: -0.0185
           Curriculum/polish_not_moving: -1.0000
       Episode_Reward/base_height_rough: 0.7302
            Episode_Reward/joint_acc_l2: -0.0867
           Episode_Reward/ankle_torques: -0.0673
             Episode_Reward/action_rate: -15.1099
      Episode_Reward/joint_deviation_l1: -0.2617
         Curriculum/polish_joint_vel_l2: -0.0010
              Episode_Reward/relaxation: -2.5527
        Episode_Reward/joint_vel_limits: -0.0005
             Episode_Reward/ground_slam: -0.7283
           Episode_Reward/torque_limits: -0.3265
           Episode_Termination/time_out: 0.2711
           Curriculum/polish_torso_slam: -5.0000
            Episode_Reward/joint_vel_l2: -0.4219
              Episode_Reward/torso_slam: -0.5019
           Episode_Reward/feet_distance: -0.0821
          Curriculum/polish_ground_slam: -1.0000
         Episode_Reward/severely_tilted: -0.0015
    Episode_Reward/joint_tracking_error: -0.9059
  Episode_Reward/feet_distance_standing: -0.0770
        Episode_Reward/base_height_fine: 2.0519
      Episode_Termination/invalid_state: 0.0037
         Episode_Reward/ground_unloaded: -0.2474
              Episode_Reward/torso_roll: -0.3398
           Episode_Reward/forward_pitch: -0.5351
        Episode_Reward/joint_torques_l2: -0.2958
           Episode_Reward/body_velocity: -1.1544
     Curriculum/polish_action_rate_rate: -0.1500
     Episode_Reward/completely_airborne: -4.4759
           Episode_Reward/feet_yaw_mean: -0.1246
               Curriculum/adaptive_lift: 0.9841
            Metrics/height/height_error: 0.0319
        Curriculum/random_fallen_states: 0.0000
               Episode_Reward/flat_feet: -0.7600
--------------------------------------------------------------------------------
                         Iteration time: 4.44s
                           Time elapsed: 0:01:02
                                    ETA: 0:02:25

################################################################################
[1m                            Learning iteration 9/30                             [0m 

                               Run name: height_tracking_g1
                            Total steps: 983040 
                       Steps per second: 22570 
                        Collection time: 4.122s 
                          Learning time: 0.233s 
                        Mean value loss: 3.5225
                    Mean surrogate loss: -0.0112
                      Mean entropy loss: 39.7647
                     Mean symmetry loss: 0.0006
                   Mean l2c2_actor loss: 0.0029
                  Mean l2c2_critic loss: 0.0039
                            Mean reward: -546.63
                    Mean episode length: 229.44
                        Mean action std: 0.95
                    Entropy coefficient: 0.002500
              Curriculum/terrain_levels: 0.0000
        Episode_Reward/joint_pos_limits: -0.0014
              Episode_Reward/not_moving: -2.1297
      Episode_Reward/base_height_medium: 1.5596
        Episode_Reward/illegal_contacts: -0.1024
              Episode_Reward/feet_slide: -0.2490
        Episode_Reward/action_rate_rate: -7.5558
 Episode_Reward/joint_deviation_l1_arms: -0.1223
           Episode_Reward/torso_upright: -0.0204
           Curriculum/polish_not_moving: -1.0000
       Episode_Reward/base_height_rough: 0.9101
            Episode_Reward/joint_acc_l2: -0.0981
           Episode_Reward/ankle_torques: -0.0769
             Episode_Reward/action_rate: -16.8996
      Episode_Reward/joint_deviation_l1: -0.2434
         Curriculum/polish_joint_vel_l2: -0.0010
              Episode_Reward/relaxation: -2.1719
        Episode_Reward/joint_vel_limits: -0.0006
             Episode_Reward/ground_slam: -0.8228
           Episode_Reward/torque_limits: -0.3701
           Episode_Termination/time_out: 0.3020
           Curriculum/polish_torso_slam: -5.0000
            Episode_Reward/joint_vel_l2: -0.4621
              Episode_Reward/torso_slam: -0.5864
           Episode_Reward/feet_distance: -0.0888
          Curriculum/polish_ground_slam: -1.0000
         Episode_Reward/severely_tilted: -0.0065
    Episode_Reward/joint_tracking_error: -0.9967
  Episode_Reward/feet_distance_standing: -0.0747
        Episode_Reward/base_height_fine: 2.7796
      Episode_Termination/invalid_state: 0.0038
         Episode_Reward/ground_unloaded: -0.3214
              Episode_Reward/torso_roll: -0.3777
           Episode_Reward/forward_pitch: -0.5375
        Episode_Reward/joint_torques_l2: -0.3202
           Episode_Reward/body_velocity: -1.1846
     Curriculum/polish_action_rate_rate: -0.1500
     Episode_Reward/completely_airborne: -4.6766
           Episode_Reward/feet_yaw_mean: -0.1406
               Curriculum/adaptive_lift: 0.9817
            Metrics/height/height_error: 0.0395
        Curriculum/random_fallen_states: 0.0000
               Episode_Reward/flat_feet: -0.8679
--------------------------------------------------------------------------------
                         Iteration time: 4.36s
                           Time elapsed: 0:01:06
                                    ETA: 0:02:13

################################################################################
[1m                            Learning iteration 10/30                            [0m 

                               Run name: height_tracking_g1
                            Total steps: 1081344 
                       Steps per second: 22890 
                        Collection time: 4.061s 
                          Learning time: 0.234s 
                        Mean value loss: 3.4647
                    Mean surrogate loss: -0.0097
                      Mean entropy loss: 39.6097
                     Mean symmetry loss: 0.0007
                   Mean l2c2_actor loss: 0.0031
                  Mean l2c2_critic loss: 0.0033
                            Mean reward: -610.33
                    Mean episode length: 254.48
                        Mean action std: 0.95
                    Entropy coefficient: 0.002500
              Curriculum/terrain_levels: 0.0000
        Episode_Reward/joint_pos_limits: -0.0016
              Episode_Reward/not_moving: -2.2151
      Episode_Reward/base_height_medium: 1.6409
        Episode_Reward/illegal_contacts: -0.1194
              Episode_Reward/feet_slide: -0.2833
        Episode_Reward/action_rate_rate: -8.2457
 Episode_Reward/joint_deviation_l1_arms: -0.1574
           Episode_Reward/torso_upright: -0.0288
           Curriculum/polish_not_moving: -1.0000
       Episode_Reward/base_height_rough: 0.9694
            Episode_Reward/joint_acc_l2: -0.1076
           Episode_Reward/ankle_torques: -0.0984
             Episode_Reward/action_rate: -18.4628
      Episode_Reward/joint_deviation_l1: -0.3248
         Curriculum/polish_joint_vel_l2: -0.0010
              Episode_Reward/relaxation: -2.6323
        Episode_Reward/joint_vel_limits: -0.0007
             Episode_Reward/ground_slam: -0.9029
           Episode_Reward/torque_limits: -0.3980
           Episode_Termination/time_out: 0.3299
           Curriculum/polish_torso_slam: -5.0000
            Episode_Reward/joint_vel_l2: -0.5202
              Episode_Reward/torso_slam: -0.5942
           Episode_Reward/feet_distance: -0.1096
          Curriculum/polish_ground_slam: -1.0000
         Episode_Reward/severely_tilted: -0.0127
    Episode_Reward/joint_tracking_error: -1.0991
  Episode_Reward/feet_distance_standing: -0.1044
        Episode_Reward/base_height_fine: 2.8811
      Episode_Termination/invalid_state: 0.0040
         Episode_Reward/ground_unloaded: -0.3393
              Episode_Reward/torso_roll: -0.4210
           Episode_Reward/forward_pitch: -0.6338
        Episode_Reward/joint_torques_l2: -0.3499
           Episode_Reward/body_velocity: -1.3751
     Curriculum/polish_action_rate_rate: -0.1500
     Episode_Reward/completely_airborne: -5.1483
           Episode_Reward/feet_yaw_mean: -0.1451
               Curriculum/adaptive_lift: 0.9794
            Metrics/height/height_error: 0.0412
        Curriculum/random_fallen_states: 0.0000
               Episode_Reward/flat_feet: -0.9139
--------------------------------------------------------------------------------
                         Iteration time: 4.29s
                           Time elapsed: 0:01:10
                                    ETA: 0:02:02

################################################################################
[1m                            Learning iteration 11/30                            [0m 

                               Run name: height_tracking_g1
                            Total steps: 1179648 
                       Steps per second: 23322 
                        Collection time: 3.982s 
                          Learning time: 0.233s 
                        Mean value loss: 3.3463
                    Mean surrogate loss: -0.0103
                      Mean entropy loss: 39.4796
                     Mean symmetry loss: 0.0008
                   Mean l2c2_actor loss: 0.0034
                  Mean l2c2_critic loss: 0.0038
                            Mean reward: -674.78
                    Mean episode length: 281.48
                        Mean action std: 0.94
                    Entropy coefficient: 0.002500
              Curriculum/terrain_levels: 0.0000
        Episode_Reward/joint_pos_limits: -0.0015
              Episode_Reward/not_moving: -2.1970
      Episode_Reward/base_height_medium: 1.6564
        Episode_Reward/illegal_contacts: -0.1384
              Episode_Reward/feet_slide: -0.3086
        Episode_Reward/action_rate_rate: -8.9397
 Episode_Reward/joint_deviation_l1_arms: -0.1538
           Episode_Reward/torso_upright: -0.0262
           Curriculum/polish_not_moving: -1.0000
       Episode_Reward/base_height_rough: 1.0159
            Episode_Reward/joint_acc_l2: -0.1131
           Episode_Reward/ankle_torques: -0.0853
             Episode_Reward/action_rate: -20.0138
      Episode_Reward/joint_deviation_l1: -0.3155
         Curriculum/polish_joint_vel_l2: -0.0010
              Episode_Reward/relaxation: -3.3011
        Episode_Reward/joint_vel_limits: -0.0007
             Episode_Reward/ground_slam: -0.9859
           Episode_Reward/torque_limits: -0.4252
           Episode_Termination/time_out: 0.3600
           Curriculum/polish_torso_slam: -5.0000
            Episode_Reward/joint_vel_l2: -0.5647
              Episode_Reward/torso_slam: -0.7062
           Episode_Reward/feet_distance: -0.1155
          Curriculum/polish_ground_slam: -1.0000
         Episode_Reward/severely_tilted: -0.0035
    Episode_Reward/joint_tracking_error: -1.1834
  Episode_Reward/feet_distance_standing: -0.1048
        Episode_Reward/base_height_fine: 2.8611
      Episode_Termination/invalid_state: 0.0044
         Episode_Reward/ground_unloaded: -0.3225
              Episode_Reward/torso_roll: -0.4533
           Episode_Reward/forward_pitch: -0.7124
        Episode_Reward/joint_torques_l2: -0.3813
           Episode_Reward/body_velocity: -1.4705
     Curriculum/polish_action_rate_rate: -0.1500
     Episode_Reward/completely_airborne: -5.8456
           Episode_Reward/feet_yaw_mean: -0.1455
               Curriculum/adaptive_lift: 0.9771
            Metrics/height/height_error: 0.0376
        Curriculum/random_fallen_states: 0.0000
               Episode_Reward/flat_feet: -1.0352
--------------------------------------------------------------------------------
                         Iteration time: 4.21s
                           Time elapsed: 0:01:15
                                    ETA: 0:01:52

################################################################################
[1m                            Learning iteration 12/30                            [0m 

                               Run name: height_tracking_g1
                            Total steps: 1277952 
                       Steps per second: 23704 
                        Collection time: 3.914s 
                          Learning time: 0.234s 
                        Mean value loss: 3.2791
                    Mean surrogate loss: -0.0089
                      Mean entropy loss: 39.3025
                     Mean symmetry loss: 0.0008
                   Mean l2c2_actor loss: 0.0034
                  Mean l2c2_critic loss: 0.0028
                            Mean reward: -734.66
                    Mean episode length: 304.08
                        Mean action std: 0.94
                    Entropy coefficient: 0.002500
              Curriculum/terrain_levels: 0.0000
        Episode_Reward/joint_pos_limits: -0.0017
              Episode_Reward/not_moving: -2.5565
      Episode_Reward/base_height_medium: 1.8832
        Episode_Reward/illegal_contacts: -0.1618
              Episode_Reward/feet_slide: -0.3525
        Episode_Reward/action_rate_rate: -9.6801
 Episode_Reward/joint_deviation_l1_arms: -0.1677
           Episode_Reward/torso_upright: -0.0314
           Curriculum/polish_not_moving: -1.0000
       Episode_Reward/base_height_rough: 1.1273
            Episode_Reward/joint_acc_l2: -0.1139
           Episode_Reward/ankle_torques: -0.0876
             Episode_Reward/action_rate: -21.6675
      Episode_Reward/joint_deviation_l1: -0.3540
         Curriculum/polish_joint_vel_l2: -0.0010
              Episode_Reward/relaxation: -3.5671
        Episode_Reward/joint_vel_limits: -0.0008
             Episode_Reward/ground_slam: -1.1177
           Episode_Reward/torque_limits: -0.4535
           Episode_Termination/time_out: 0.3973
           Curriculum/polish_torso_slam: -5.0000
            Episode_Reward/joint_vel_l2: -0.6138
              Episode_Reward/torso_slam: -0.8200
           Episode_Reward/feet_distance: -0.1180
          Curriculum/polish_ground_slam: -1.0000
         Episode_Reward/severely_tilted: -0.0059
    Episode_Reward/joint_tracking_error: -1.2730
  Episode_Reward/feet_distance_standing: -0.1005
        Episode_Reward/base_height_fine: 3.3184
      Episode_Termination/invalid_state: 0.0044
         Episode_Reward/ground_unloaded: -0.3540
              Episode_Reward/torso_roll: -0.5020
           Episode_Reward/forward_pitch: -0.8044
        Episode_Reward/joint_torques_l2: -0.4013
           Episode_Reward/body_velocity: -1.5599
     Curriculum/polish_action_rate_rate: -0.1500
     Episode_Reward/completely_airborne: -6.5607
           Episode_Reward/feet_yaw_mean: -0.1634
               Curriculum/adaptive_lift: 0.9748
            Metrics/height/height_error: 0.0344
        Curriculum/random_fallen_states: 0.0000
               Episode_Reward/flat_feet: -1.1704
--------------------------------------------------------------------------------
                         Iteration time: 4.15s
                           Time elapsed: 0:01:19
                                    ETA: 0:01:43

################################################################################
[1m                            Learning iteration 13/30                            [0m 

                               Run name: height_tracking_g1
                            Total steps: 1376256 
                       Steps per second: 23934 
                        Collection time: 3.873s 
                          Learning time: 0.234s 
                        Mean value loss: 3.1908
                    Mean surrogate loss: -0.0102
                      Mean entropy loss: 39.1826
                     Mean symmetry loss: 0.0009
                   Mean l2c2_actor loss: 0.0036
                  Mean l2c2_critic loss: 0.0026
                            Mean reward: -771.05
                    Mean episode length: 325.96
                        Mean action std: 0.93
                    Entropy coefficient: 0.002500
              Curriculum/terrain_levels: 0.0000
        Episode_Reward/joint_pos_limits: -0.0021
              Episode_Reward/not_moving: -2.7574
      Episode_Reward/base_height_medium: 2.0479
        Episode_Reward/illegal_contacts: -0.1872
              Episode_Reward/feet_slide: -0.3722
        Episode_Reward/action_rate_rate: -10.4101
 Episode_Reward/joint_deviation_l1_arms: -0.1923
           Episode_Reward/torso_upright: -0.0352
           Curriculum/polish_not_moving: -1.0000
       Episode_Reward/base_height_rough: 1.2351
            Episode_Reward/joint_acc_l2: -0.1246
           Episode_Reward/ankle_torques: -0.1029
             Episode_Reward/action_rate: -23.3109
      Episode_Reward/joint_deviation_l1: -0.3867
         Curriculum/polish_joint_vel_l2: -0.0010
              Episode_Reward/relaxation: -3.1994
        Episode_Reward/joint_vel_limits: -0.0008
             Episode_Reward/ground_slam: -1.1464
           Episode_Reward/torque_limits: -0.5034
           Episode_Termination/time_out: 0.4328
           Curriculum/polish_torso_slam: -5.0000
            Episode_Reward/joint_vel_l2: -0.6582
              Episode_Reward/torso_slam: -0.6864
           Episode_Reward/feet_distance: -0.1229
          Curriculum/polish_ground_slam: -1.0000
         Episode_Reward/severely_tilted: -0.0140
    Episode_Reward/joint_tracking_error: -1.3907
  Episode_Reward/feet_distance_standing: -0.1090
        Episode_Reward/base_height_fine: 3.5793
      Episode_Termination/invalid_state: 0.0044
         Episode_Reward/ground_unloaded: -0.4249
              Episode_Reward/torso_roll: -0.5337
           Episode_Reward/forward_pitch: -0.9154
        Episode_Reward/joint_torques_l2: -0.4326
           Episode_Reward/body_velocity: -1.6784
     Curriculum/polish_action_rate_rate: -0.1500
     Episode_Reward/completely_airborne: -6.4352
           Episode_Reward/feet_yaw_mean: -0.2281
               Curriculum/adaptive_lift: 0.9724
            Metrics/height/height_error: 0.0477
        Curriculum/random_fallen_states: 0.0000
               Episode_Reward/flat_feet: -1.2111
--------------------------------------------------------------------------------
                         Iteration time: 4.11s
                           Time elapsed: 0:01:23
                                    ETA: 0:01:35

################################################################################
[1m                            Learning iteration 14/30                            [0m 

                               Run name: height_tracking_g1
                            Total steps: 1474560 
                       Steps per second: 24270 
                        Collection time: 3.817s 
                          Learning time: 0.234s 
                        Mean value loss: 3.0533
                    Mean surrogate loss: -0.0078
                      Mean entropy loss: 39.0145
                     Mean symmetry loss: 0.0010
                   Mean l2c2_actor loss: 0.0037
                  Mean l2c2_critic loss: 0.0026
                            Mean reward: -816.78
                    Mean episode length: 351.03
                        Mean action std: 0.93
                    Entropy coefficient: 0.002500
              Curriculum/terrain_levels: 0.0000
        Episode_Reward/joint_pos_limits: -0.0021
              Episode_Reward/not_moving: -3.1434
      Episode_Reward/base_height_medium: 2.2277
        Episode_Reward/illegal_contacts: -0.1396
              Episode_Reward/feet_slide: -0.4095
        Episode_Reward/action_rate_rate: -11.1046
 Episode_Reward/joint_deviation_l1_arms: -0.1820
           Episode_Reward/torso_upright: -0.0341
           Curriculum/polish_not_moving: -1.0000
       Episode_Reward/base_height_rough: 1.3343
            Episode_Reward/joint_acc_l2: -0.1299
           Episode_Reward/ankle_torques: -0.1286
             Episode_Reward/action_rate: -24.8745
      Episode_Reward/joint_deviation_l1: -0.3714
         Curriculum/polish_joint_vel_l2: -0.0010
              Episode_Reward/relaxation: -3.4035
        Episode_Reward/joint_vel_limits: -0.0008
             Episode_Reward/ground_slam: -1.2338
           Episode_Reward/torque_limits: -0.5086
           Episode_Termination/time_out: 0.4623
           Curriculum/polish_torso_slam: -5.0000
            Episode_Reward/joint_vel_l2: -0.6950
              Episode_Reward/torso_slam: -0.8910
           Episode_Reward/feet_distance: -0.1458
          Curriculum/polish_ground_slam: -1.0000
         Episode_Reward/severely_tilted: -0.0024
    Episode_Reward/joint_tracking_error: -1.4558
  Episode_Reward/feet_distance_standing: -0.1007
        Episode_Reward/base_height_fine: 3.9804
      Episode_Termination/invalid_state: 0.0044
         Episode_Reward/ground_unloaded: -0.4517
              Episode_Reward/torso_roll: -0.5669
           Episode_Reward/forward_pitch: -0.7197
        Episode_Reward/joint_torques_l2: -0.4603
           Episode_Reward/body_velocity: -1.7939
     Curriculum/polish_action_rate_rate: -0.1500
     Episode_Reward/completely_airborne: -7.6434
           Episode_Reward/feet_yaw_mean: -0.2010
               Curriculum/adaptive_lift: 0.9701
            Metrics/height/height_error: 0.0403
        Curriculum/random_fallen_states: 0.0000
               Episode_Reward/flat_feet: -1.3792
--------------------------------------------------------------------------------
                         Iteration time: 4.05s
                           Time elapsed: 0:01:27
                                    ETA: 0:01:27

################################################################################
[1m                            Learning iteration 15/30                            [0m 

                               Run name: height_tracking_g1
                            Total steps: 1572864 
                       Steps per second: 24440 
                        Collection time: 3.788s 
                          Learning time: 0.234s 
                        Mean value loss: 2.9633
                    Mean surrogate loss: -0.0093
                      Mean entropy loss: 38.8718
                     Mean symmetry loss: 0.0010
                   Mean l2c2_actor loss: 0.0039
                  Mean l2c2_critic loss: 0.0022
                            Mean reward: -878.29
                    Mean episode length: 374.52
                        Mean action std: 0.92
                    Entropy coefficient: 0.002500
              Curriculum/terrain_levels: 0.0000
        Episode_Reward/joint_pos_limits: -0.0024
              Episode_Reward/not_moving: -3.5011
      Episode_Reward/base_height_medium: 2.4634
        Episode_Reward/illegal_contacts: -0.1382
              Episode_Reward/feet_slide: -0.4147
        Episode_Reward/action_rate_rate: -11.7645
 Episode_Reward/joint_deviation_l1_arms: -0.1815
           Episode_Reward/torso_upright: -0.0362
           Curriculum/polish_not_moving: -1.0000
       Episode_Reward/base_height_rough: 1.4624
            Episode_Reward/joint_acc_l2: -0.1529
           Episode_Reward/ankle_torques: -0.1103
             Episode_Reward/action_rate: -26.3624
      Episode_Reward/joint_deviation_l1: -0.3715
         Curriculum/polish_joint_vel_l2: -0.0010
              Episode_Reward/relaxation: -3.6185
        Episode_Reward/joint_vel_limits: -0.0008
             Episode_Reward/ground_slam: -1.2993
           Episode_Reward/torque_limits: -0.5721
           Episode_Termination/time_out: 0.4907
           Curriculum/polish_torso_slam: -5.0000
            Episode_Reward/joint_vel_l2: -0.7328
              Episode_Reward/torso_slam: -0.9643
           Episode_Reward/feet_distance: -0.1569
          Curriculum/polish_ground_slam: -1.0000
         Episode_Reward/severely_tilted: -0.0061
    Episode_Reward/joint_tracking_error: -1.5606
  Episode_Reward/feet_distance_standing: -0.1136
        Episode_Reward/base_height_fine: 4.3902
      Episode_Termination/invalid_state: 0.0045
         Episode_Reward/ground_unloaded: -0.5095
              Episode_Reward/torso_roll: -0.6299
           Episode_Reward/forward_pitch: -0.6896
        Episode_Reward/joint_torques_l2: -0.5141
           Episode_Reward/body_velocity: -1.9497
     Curriculum/polish_action_rate_rate: -0.1500
     Episode_Reward/completely_airborne: -7.9292
           Episode_Reward/feet_yaw_mean: -0.2162
               Curriculum/adaptive_lift: 0.9678
            Metrics/height/height_error: 0.0495
        Curriculum/random_fallen_states: 0.0000
               Episode_Reward/flat_feet: -1.4850
--------------------------------------------------------------------------------
                         Iteration time: 4.02s
                           Time elapsed: 0:01:31
                                    ETA: 0:01:19

################################################################################
[1m                            Learning iteration 16/30                            [0m 

                               Run name: height_tracking_g1
                            Total steps: 1671168 
                       Steps per second: 24593 
                        Collection time: 3.763s 
                          Learning time: 0.234s 
                        Mean value loss: 2.8720
                    Mean surrogate loss: -0.0093
                      Mean entropy loss: 38.7278
                     Mean symmetry loss: 0.0011
                   Mean l2c2_actor loss: 0.0041
                  Mean l2c2_critic loss: 0.0026
                            Mean reward: -922.14
                    Mean episode length: 397.79
                        Mean action std: 0.92
                    Entropy coefficient: 0.002500
              Curriculum/terrain_levels: 0.0000
        Episode_Reward/joint_pos_limits: -0.0025
              Episode_Reward/not_moving: -4.1337
      Episode_Reward/base_height_medium: 2.7828
        Episode_Reward/illegal_contacts: -0.1697
              Episode_Reward/feet_slide: -0.4833
        Episode_Reward/action_rate_rate: -12.4619
 Episode_Reward/joint_deviation_l1_arms: -0.2706
           Episode_Reward/torso_upright: -0.0593
           Curriculum/polish_not_moving: -1.0000
       Episode_Reward/base_height_rough: 1.5870
            Episode_Reward/joint_acc_l2: -0.1480
           Episode_Reward/ankle_torques: -0.1261
             Episode_Reward/action_rate: -27.9177
      Episode_Reward/joint_deviation_l1: -0.5718
         Curriculum/polish_joint_vel_l2: -0.0010
              Episode_Reward/relaxation: -3.4017
        Episode_Reward/joint_vel_limits: -0.0011
             Episode_Reward/ground_slam: -1.3516
           Episode_Reward/torque_limits: -0.6110
           Episode_Termination/time_out: 0.5218
           Curriculum/polish_torso_slam: -5.0000
            Episode_Reward/joint_vel_l2: -0.8131
              Episode_Reward/torso_slam: -0.8467
           Episode_Reward/feet_distance: -0.1574
          Curriculum/polish_ground_slam: -1.0000
         Episode_Reward/severely_tilted: -0.0033
    Episode_Reward/joint_tracking_error: -1.6620
  Episode_Reward/feet_distance_standing: -0.1517
        Episode_Reward/base_height_fine: 5.0892
      Episode_Termination/invalid_state: 0.0048
         Episode_Reward/ground_unloaded: -0.5598
              Episode_Reward/torso_roll: -0.6579
           Episode_Reward/forward_pitch: -0.9169
        Episode_Reward/joint_torques_l2: -0.5287
           Episode_Reward/body_velocity: -2.0909
     Curriculum/polish_action_rate_rate: -0.1500
     Episode_Reward/completely_airborne: -8.8704
           Episode_Reward/feet_yaw_mean: -0.2488
               Curriculum/adaptive_lift: 0.9655
            Metrics/height/height_error: 0.0461
        Curriculum/random_fallen_states: 0.0000
               Episode_Reward/flat_feet: -1.3815
--------------------------------------------------------------------------------
                         Iteration time: 4.00s
                           Time elapsed: 0:01:35
                                    ETA: 0:01:12

################################################################################
[1m                            Learning iteration 17/30                            [0m 

                               Run name: height_tracking_g1
                            Total steps: 1769472 
                       Steps per second: 24696 
                        Collection time: 3.747s 
                          Learning time: 0.233s 
                        Mean value loss: 2.7765
                    Mean surrogate loss: -0.0090
                      Mean entropy loss: 38.5783
                     Mean symmetry loss: 0.0011
                   Mean l2c2_actor loss: 0.0043
                  Mean l2c2_critic loss: 0.0020
                            Mean reward: -987.92
                    Mean episode length: 422.88
                        Mean action std: 0.92
                    Entropy coefficient: 0.002500
              Curriculum/terrain_levels: 0.0000
        Episode_Reward/joint_pos_limits: -0.0026
              Episode_Reward/not_moving: -3.4770
      Episode_Reward/base_height_medium: 2.4681
        Episode_Reward/illegal_contacts: -0.2636
              Episode_Reward/feet_slide: -0.4733
        Episode_Reward/action_rate_rate: -13.1012
 Episode_Reward/joint_deviation_l1_arms: -0.2023
           Episode_Reward/torso_upright: -0.0401
           Curriculum/polish_not_moving: -1.0000
       Episode_Reward/base_height_rough: 1.5189
            Episode_Reward/joint_acc_l2: -0.1511
           Episode_Reward/ankle_torques: -0.1271
             Episode_Reward/action_rate: -29.3831
      Episode_Reward/joint_deviation_l1: -0.4355
         Curriculum/polish_joint_vel_l2: -0.0010
              Episode_Reward/relaxation: -4.8317
        Episode_Reward/joint_vel_limits: -0.0010
             Episode_Reward/ground_slam: -1.5098
           Episode_Reward/torque_limits: -0.6156
           Episode_Termination/time_out: 0.5534
           Curriculum/polish_torso_slam: -5.0000
            Episode_Reward/joint_vel_l2: -0.8464
              Episode_Reward/torso_slam: -1.0287
           Episode_Reward/feet_distance: -0.1681
          Curriculum/polish_ground_slam: -1.0000
         Episode_Reward/severely_tilted: -0.0031
    Episode_Reward/joint_tracking_error: -1.7308
  Episode_Reward/feet_distance_standing: -0.1302
        Episode_Reward/base_height_fine: 4.3689
      Episode_Termination/invalid_state: 0.0049
         Episode_Reward/ground_unloaded: -0.4920
              Episode_Reward/torso_roll: -0.7007
           Episode_Reward/forward_pitch: -1.2356
        Episode_Reward/joint_torques_l2: -0.5392
           Episode_Reward/body_velocity: -2.0627
     Curriculum/polish_action_rate_rate: -0.1500
     Episode_Reward/completely_airborne: -8.8201
           Episode_Reward/feet_yaw_mean: -0.2621
               Curriculum/adaptive_lift: 0.9631
            Metrics/height/height_error: 0.0444
        Curriculum/random_fallen_states: 0.0000
               Episode_Reward/flat_feet: -1.7255
--------------------------------------------------------------------------------
                         Iteration time: 3.98s
                           Time elapsed: 0:01:39
                                    ETA: 0:01:06

################################################################################
[1m                            Learning iteration 18/30                            [0m 

                               Run name: height_tracking_g1
                            Total steps: 1867776 
                       Steps per second: 24643 
                        Collection time: 3.754s 
                          Learning time: 0.235s 
                        Mean value loss: 2.7296
                    Mean surrogate loss: -0.0085
                      Mean entropy loss: 38.4262
                     Mean symmetry loss: 0.0012
                   Mean l2c2_actor loss: 0.0044
                  Mean l2c2_critic loss: 0.0029
                            Mean reward: -1025.87
                    Mean episode length: 447.83
                        Mean action std: 0.91
                    Entropy coefficient: 0.002500
              Curriculum/terrain_levels: 0.0000
        Episode_Reward/joint_pos_limits: -0.0025
              Episode_Reward/not_moving: -4.0602
      Episode_Reward/base_height_medium: 2.9182
        Episode_Reward/illegal_contacts: -0.2286
              Episode_Reward/feet_slide: -0.5015
        Episode_Reward/action_rate_rate: -13.7470
 Episode_Reward/joint_deviation_l1_arms: -0.2677
           Episode_Reward/torso_upright: -0.0596
           Curriculum/polish_not_moving: -1.0000
       Episode_Reward/base_height_rough: 1.7262
            Episode_Reward/joint_acc_l2: -0.1790
           Episode_Reward/ankle_torques: -0.1395
             Episode_Reward/action_rate: -30.8542
      Episode_Reward/joint_deviation_l1: -0.5372
         Curriculum/polish_joint_vel_l2: -0.0010
              Episode_Reward/relaxation: -4.4459
        Episode_Reward/joint_vel_limits: -0.0011
             Episode_Reward/ground_slam: -1.4915
           Episode_Reward/torque_limits: -0.6423
           Episode_Termination/time_out: 0.5855
           Curriculum/polish_torso_slam: -5.0000
            Episode_Reward/joint_vel_l2: -0.8879
              Episode_Reward/torso_slam: -0.9857
           Episode_Reward/feet_distance: -0.1741
          Curriculum/polish_ground_slam: -1.0000
         Episode_Reward/severely_tilted: -0.0051
    Episode_Reward/joint_tracking_error: -1.8297
  Episode_Reward/feet_distance_standing: -0.1616
        Episode_Reward/base_height_fine: 5.2068
      Episode_Termination/invalid_state: 0.0049
         Episode_Reward/ground_unloaded: -0.5755
              Episode_Reward/torso_roll: -0.7207
           Episode_Reward/forward_pitch: -1.1550
        Episode_Reward/joint_torques_l2: -0.6063
           Episode_Reward/body_velocity: -2.2276
     Curriculum/polish_action_rate_rate: -0.1500
     Episode_Reward/completely_airborne: -9.5866
           Episode_Reward/feet_yaw_mean: -0.2237
               Curriculum/adaptive_lift: 0.9608
            Metrics/height/height_error: 0.0470
        Curriculum/random_fallen_states: 0.0000
               Episode_Reward/flat_feet: -1.7016
--------------------------------------------------------------------------------
                         Iteration time: 3.99s
                           Time elapsed: 0:01:43
                                    ETA: 0:00:59

################################################################################
[1m                            Learning iteration 19/30                            [0m 

                               Run name: height_tracking_g1
                            Total steps: 1966080 
                       Steps per second: 24817 
                        Collection time: 3.728s 
                          Learning time: 0.233s 
                        Mean value loss: 2.6407
                    Mean surrogate loss: -0.0105
                      Mean entropy loss: 38.3211
                     Mean symmetry loss: 0.0011
                   Mean l2c2_actor loss: 0.0045
                  Mean l2c2_critic loss: 0.0025
                            Mean reward: -1082.22
                    Mean episode length: 471.08
                        Mean action std: 0.91
                    Entropy coefficient: 0.002500
              Curriculum/terrain_levels: 0.0000
        Episode_Reward/joint_pos_limits: -0.0026
              Episode_Reward/not_moving: -4.1200
      Episode_Reward/base_height_medium: 3.0641
        Episode_Reward/illegal_contacts: -0.2776
              Episode_Reward/feet_slide: -0.5517
        Episode_Reward/action_rate_rate: -14.4179
 Episode_Reward/joint_deviation_l1_arms: -0.2694
           Episode_Reward/torso_upright: -0.0575
           Curriculum/polish_not_moving: -1.0000
       Episode_Reward/base_height_rough: 1.8288
            Episode_Reward/joint_acc_l2: -0.1742
           Episode_Reward/ankle_torques: -0.1335
             Episode_Reward/action_rate: -32.3636
      Episode_Reward/joint_deviation_l1: -0.5812
         Curriculum/polish_joint_vel_l2: -0.0010
              Episode_Reward/relaxation: -5.1930
        Episode_Reward/joint_vel_limits: -0.0011
             Episode_Reward/ground_slam: -1.6063
           Episode_Reward/torque_limits: -0.6741
           Episode_Termination/time_out: 0.6203
           Curriculum/polish_torso_slam: -5.0000
            Episode_Reward/joint_vel_l2: -0.9313
              Episode_Reward/torso_slam: -1.0904
           Episode_Reward/feet_distance: -0.1831
          Curriculum/polish_ground_slam: -1.0000
         Episode_Reward/severely_tilted: -0.0055
    Episode_Reward/joint_tracking_error: -1.8925
  Episode_Reward/feet_distance_standing: -0.1709
        Episode_Reward/base_height_fine: 5.3790
      Episode_Termination/invalid_state: 0.0049
         Episode_Reward/ground_unloaded: -0.5624
              Episode_Reward/torso_roll: -0.7522
           Episode_Reward/forward_pitch: -1.3667
        Episode_Reward/joint_torques_l2: -0.6192
           Episode_Reward/body_velocity: -2.3060
     Curriculum/polish_action_rate_rate: -0.1500
     Episode_Reward/completely_airborne: -10.2556
           Episode_Reward/feet_yaw_mean: -0.2260
               Curriculum/adaptive_lift: 0.9585
            Metrics/height/height_error: 0.0464
        Curriculum/random_fallen_states: 0.0000
               Episode_Reward/flat_feet: -1.8403
--------------------------------------------------------------------------------
                         Iteration time: 3.96s
                           Time elapsed: 0:01:47
                                    ETA: 0:00:53

################################################################################
[1m                            Learning iteration 20/30                            [0m 

                               Run name: height_tracking_g1
                            Total steps: 2064384 
                       Steps per second: 24913 
                        Collection time: 3.712s 
                          Learning time: 0.234s 
                        Mean value loss: 2.5469
                    Mean surrogate loss: -0.0078
                      Mean entropy loss: 38.1747
                     Mean symmetry loss: 0.0013
                   Mean l2c2_actor loss: 0.0047
                  Mean l2c2_critic loss: 0.0023
                            Mean reward: -1127.46
                    Mean episode length: 497.26
                        Mean action std: 0.90
                    Entropy coefficient: 0.002500
              Curriculum/terrain_levels: 0.0000
        Episode_Reward/joint_pos_limits: -0.0028
              Episode_Reward/not_moving: -4.4885
      Episode_Reward/base_height_medium: 3.2310
        Episode_Reward/illegal_contacts: -0.3024
              Episode_Reward/feet_slide: -0.5741
        Episode_Reward/action_rate_rate: -15.0725
 Episode_Reward/joint_deviation_l1_arms: -0.2615
           Episode_Reward/torso_upright: -0.0579
           Curriculum/polish_not_moving: -1.0000
       Episode_Reward/base_height_rough: 1.9104
            Episode_Reward/joint_acc_l2: -0.1825
           Episode_Reward/ankle_torques: -0.1461
             Episode_Reward/action_rate: -33.8362
      Episode_Reward/joint_deviation_l1: -0.5469
         Curriculum/polish_joint_vel_l2: -0.0010
              Episode_Reward/relaxation: -4.8649
        Episode_Reward/joint_vel_limits: -0.0011
             Episode_Reward/ground_slam: -1.7123
           Episode_Reward/torque_limits: -0.7053
           Episode_Termination/time_out: 0.6530
           Curriculum/polish_torso_slam: -5.0000
            Episode_Reward/joint_vel_l2: -0.9643
              Episode_Reward/torso_slam: -1.1280
           Episode_Reward/feet_distance: -0.2040
          Curriculum/polish_ground_slam: -1.0000
         Episode_Reward/severely_tilted: -0.0146
    Episode_Reward/joint_tracking_error: -2.0024
  Episode_Reward/feet_distance_standing: -0.1755
        Episode_Reward/base_height_fine: 5.7631
      Episode_Termination/invalid_state: 0.0049
         Episode_Reward/ground_unloaded: -0.6311
              Episode_Reward/torso_roll: -0.8422
           Episode_Reward/forward_pitch: -1.5071
        Episode_Reward/joint_torques_l2: -0.6392
           Episode_Reward/body_velocity: -2.3951
     Curriculum/polish_action_rate_rate: -0.1500
     Episode_Reward/completely_airborne: -10.0570
           Episode_Reward/feet_yaw_mean: -0.2725
               Curriculum/adaptive_lift: 0.9562
            Metrics/height/height_error: 0.0487
        Curriculum/random_fallen_states: 0.0000
               Episode_Reward/flat_feet: -1.9084
--------------------------------------------------------------------------------
                         Iteration time: 3.95s
                           Time elapsed: 0:01:51
                                    ETA: 0:00:47

################################################################################
[1m                            Learning iteration 21/30                            [0m 

                               Run name: height_tracking_g1
                            Total steps: 2162688 
                       Steps per second: 24930 
                        Collection time: 3.710s 
                          Learning time: 0.233s 
                        Mean value loss: 2.4957
                    Mean surrogate loss: -0.0075
                      Mean entropy loss: 38.0239
                     Mean symmetry loss: 0.0014
                   Mean l2c2_actor loss: 0.0049
                  Mean l2c2_critic loss: 0.0024
                            Mean reward: -1169.52
                    Mean episode length: 513.83
                        Mean action std: 0.90
                    Entropy coefficient: 0.002500
              Curriculum/terrain_levels: 0.0000
        Episode_Reward/joint_pos_limits: -0.0030
              Episode_Reward/not_moving: -5.0122
      Episode_Reward/base_height_medium: 3.4925
        Episode_Reward/illegal_contacts: -0.2827
              Episode_Reward/feet_slide: -0.5918
        Episode_Reward/action_rate_rate: -15.5662
 Episode_Reward/joint_deviation_l1_arms: -0.2933
           Episode_Reward/torso_upright: -0.0622
           Curriculum/polish_not_moving: -1.0000
       Episode_Reward/base_height_rough: 2.0265
            Episode_Reward/joint_acc_l2: -0.1868
           Episode_Reward/ankle_torques: -0.1498
             Episode_Reward/action_rate: -34.9429
      Episode_Reward/joint_deviation_l1: -0.6251
         Curriculum/polish_joint_vel_l2: -0.0010
              Episode_Reward/relaxation: -4.7931
        Episode_Reward/joint_vel_limits: -0.0012
             Episode_Reward/ground_slam: -1.7433
           Episode_Reward/torque_limits: -0.7415
           Episode_Termination/time_out: 0.6901
           Curriculum/polish_torso_slam: -5.0000
            Episode_Reward/joint_vel_l2: -1.0100
              Episode_Reward/torso_slam: -1.1644
           Episode_Reward/feet_distance: -0.2134
          Curriculum/polish_ground_slam: -1.0000
         Episode_Reward/severely_tilted: -0.0095
    Episode_Reward/joint_tracking_error: -2.0741
  Episode_Reward/feet_distance_standing: -0.1938
        Episode_Reward/base_height_fine: 6.3277
      Episode_Termination/invalid_state: 0.0050
         Episode_Reward/ground_unloaded: -0.6912
              Episode_Reward/torso_roll: -0.8466
           Episode_Reward/forward_pitch: -1.3596
        Episode_Reward/joint_torques_l2: -0.6670
           Episode_Reward/body_velocity: -2.5743
     Curriculum/polish_action_rate_rate: -0.1500
     Episode_Reward/completely_airborne: -11.2309
           Episode_Reward/feet_yaw_mean: -0.2640
               Curriculum/adaptive_lift: 0.9539
            Metrics/height/height_error: 0.0506
        Curriculum/random_fallen_states: 0.0000
               Episode_Reward/flat_feet: -1.9665
--------------------------------------------------------------------------------
                         Iteration time: 3.94s
                           Time elapsed: 0:01:55
                                    ETA: 0:00:41

################################################################################
[1m                            Learning iteration 22/30                            [0m 

                               Run name: height_tracking_g1
                            Total steps: 2260992 
                       Steps per second: 25047 
                        Collection time: 3.691s 
                          Learning time: 0.234s 
                        Mean value loss: 2.4387
                    Mean surrogate loss: -0.0085
                      Mean entropy loss: 37.9182
                     Mean symmetry loss: 0.0014
                   Mean l2c2_actor loss: 0.0050
                  Mean l2c2_critic loss: 0.0223
                            Mean reward: -1225.73
                    Mean episode length: 541.71
                        Mean action std: 0.90
                    Entropy coefficient: 0.002500
              Curriculum/terrain_levels: 0.0000
        Episode_Reward/joint_pos_limits: -0.0031
              Episode_Reward/not_moving: -4.6914
      Episode_Reward/base_height_medium: 3.4642
        Episode_Reward/illegal_contacts: -0.3490
              Episode_Reward/feet_slide: -0.6098
        Episode_Reward/action_rate_rate: -16.3741
 Episode_Reward/joint_deviation_l1_arms: -0.2752
           Episode_Reward/torso_upright: -0.0593
           Curriculum/polish_not_moving: -1.0000
       Episode_Reward/base_height_rough: 2.0972
            Episode_Reward/joint_acc_l2: -0.2022
           Episode_Reward/ankle_torques: -0.1791
             Episode_Reward/action_rate: -36.7268
      Episode_Reward/joint_deviation_l1: -0.5704
         Curriculum/polish_joint_vel_l2: -0.0010
              Episode_Reward/relaxation: -5.6815
        Episode_Reward/joint_vel_limits: -0.0012
             Episode_Reward/ground_slam: -1.8960
           Episode_Reward/torque_limits: -0.7684
           Episode_Termination/time_out: 0.7209
           Curriculum/polish_torso_slam: -5.0000
            Episode_Reward/joint_vel_l2: -1.0536
              Episode_Reward/torso_slam: -1.2979
           Episode_Reward/feet_distance: -0.2270
          Curriculum/polish_ground_slam: -1.0000
         Episode_Reward/severely_tilted: -0.0135
    Episode_Reward/joint_tracking_error: -2.1822
  Episode_Reward/feet_distance_standing: -0.1795
        Episode_Reward/base_height_fine: 6.0699
      Episode_Termination/invalid_state: 0.0051
         Episode_Reward/ground_unloaded: -0.6818
              Episode_Reward/torso_roll: -0.9023
           Episode_Reward/forward_pitch: -1.6574
        Episode_Reward/joint_torques_l2: -0.7047
           Episode_Reward/body_velocity: -2.5949
     Curriculum/polish_action_rate_rate: -0.1500
     Episode_Reward/completely_airborne: -10.5626
           Episode_Reward/feet_yaw_mean: -0.2741
               Curriculum/adaptive_lift: 0.9517
            Metrics/height/height_error: 0.0541
        Curriculum/random_fallen_states: 0.0000
               Episode_Reward/flat_feet: -2.1276
--------------------------------------------------------------------------------
                         Iteration time: 3.92s
                           Time elapsed: 0:01:59
                                    ETA: 0:00:36

################################################################################
[1m                            Learning iteration 23/30                            [0m 

                               Run name: height_tracking_g1
                            Total steps: 2359296 
                       Steps per second: 25117 
                        Collection time: 3.680s 
                          Learning time: 0.233s 
                        Mean value loss: 2.3350
                    Mean surrogate loss: -0.0063
                      Mean entropy loss: 37.7675
                     Mean symmetry loss: 0.0015
                   Mean l2c2_actor loss: 0.0052
                  Mean l2c2_critic loss: 0.0045
                            Mean reward: -1258.33
                    Mean episode length: 565.37
                        Mean action std: 0.89
                    Entropy coefficient: 0.002500
              Curriculum/terrain_levels: 0.0000
        Episode_Reward/joint_pos_limits: -0.0034
              Episode_Reward/not_moving: -5.6876
      Episode_Reward/base_height_medium: 4.0032
        Episode_Reward/illegal_contacts: -0.3129
              Episode_Reward/feet_slide: -0.6786
        Episode_Reward/action_rate_rate: -16.9647
 Episode_Reward/joint_deviation_l1_arms: -0.3185
           Episode_Reward/torso_upright: -0.0692
           Curriculum/polish_not_moving: -1.0000
       Episode_Reward/base_height_rough: 2.2992
            Episode_Reward/joint_acc_l2: -0.2095
           Episode_Reward/ankle_torques: -0.1477
             Episode_Reward/action_rate: -38.1058
      Episode_Reward/joint_deviation_l1: -0.6680
         Curriculum/polish_joint_vel_l2: -0.0010
              Episode_Reward/relaxation: -4.6917
        Episode_Reward/joint_vel_limits: -0.0013
             Episode_Reward/ground_slam: -2.0036
           Episode_Reward/torque_limits: -0.8337
           Episode_Termination/time_out: 0.7483
           Curriculum/polish_torso_slam: -5.0000
            Episode_Reward/joint_vel_l2: -1.1131
              Episode_Reward/torso_slam: -1.2567
           Episode_Reward/feet_distance: -0.2440
          Curriculum/polish_ground_slam: -1.0000
         Episode_Reward/severely_tilted: -0.0143
    Episode_Reward/joint_tracking_error: -2.2946
  Episode_Reward/feet_distance_standing: -0.2192
        Episode_Reward/base_height_fine: 7.2411
      Episode_Termination/invalid_state: 0.0051
         Episode_Reward/ground_unloaded: -0.7957
              Episode_Reward/torso_roll: -0.9525
           Episode_Reward/forward_pitch: -1.5730
        Episode_Reward/joint_torques_l2: -0.7410
           Episode_Reward/body_velocity: -2.8267
     Curriculum/polish_action_rate_rate: -0.1500
     Episode_Reward/completely_airborne: -11.4623
           Episode_Reward/feet_yaw_mean: -0.3783
               Curriculum/adaptive_lift: 0.9494
            Metrics/height/height_error: 0.0486
        Curriculum/random_fallen_states: 0.0000
               Episode_Reward/flat_feet: -2.1195
--------------------------------------------------------------------------------
                         Iteration time: 3.91s
                           Time elapsed: 0:02:03
                                    ETA: 0:00:30

################################################################################
[1m                            Learning iteration 24/30                            [0m 

                               Run name: height_tracking_g1
                            Total steps: 2457600 
                       Steps per second: 25205 
                        Collection time: 3.665s 
                          Learning time: 0.236s 
                        Mean value loss: 2.2592
                    Mean surrogate loss: -0.0081
                      Mean entropy loss: 37.6446
                     Mean symmetry loss: 0.0015
                   Mean l2c2_actor loss: 0.0053
                  Mean l2c2_critic loss: 0.0077
                            Mean reward: -1331.17
                    Mean episode length: 585.25
                        Mean action std: 0.89
                    Entropy coefficient: 0.002500
              Curriculum/terrain_levels: 0.0000
        Episode_Reward/joint_pos_limits: -0.0032
              Episode_Reward/not_moving: -5.1148
      Episode_Reward/base_height_medium: 3.6020
        Episode_Reward/illegal_contacts: -0.3188
              Episode_Reward/feet_slide: -0.6931
        Episode_Reward/action_rate_rate: -17.4344
 Episode_Reward/joint_deviation_l1_arms: -0.3258
           Episode_Reward/torso_upright: -0.0701
           Curriculum/polish_not_moving: -1.0000
       Episode_Reward/base_height_rough: 2.1782
            Episode_Reward/joint_acc_l2: -0.2113
           Episode_Reward/ankle_torques: -0.1951
             Episode_Reward/action_rate: -39.1603
      Episode_Reward/joint_deviation_l1: -0.7099
         Curriculum/polish_joint_vel_l2: -0.0010
              Episode_Reward/relaxation: -6.2846
        Episode_Reward/joint_vel_limits: -0.0014
             Episode_Reward/ground_slam: -2.0256
           Episode_Reward/torque_limits: -0.8248
           Episode_Termination/time_out: 0.7756
           Curriculum/polish_torso_slam: -5.0000
            Episode_Reward/joint_vel_l2: -1.1436
              Episode_Reward/torso_slam: -1.3543
           Episode_Reward/feet_distance: -0.2204
          Curriculum/polish_ground_slam: -1.0000
         Episode_Reward/severely_tilted: -0.0063
    Episode_Reward/joint_tracking_error: -2.3139
  Episode_Reward/feet_distance_standing: -0.1876
        Episode_Reward/base_height_fine: 6.3916
      Episode_Termination/invalid_state: 0.0053
         Episode_Reward/ground_unloaded: -0.7021
              Episode_Reward/torso_roll: -0.9257
           Episode_Reward/forward_pitch: -1.5766
        Episode_Reward/joint_torques_l2: -0.7513
           Episode_Reward/body_velocity: -2.8375
     Curriculum/polish_action_rate_rate: -0.1500
     Episode_Reward/completely_airborne: -12.4444
           Episode_Reward/feet_yaw_mean: -0.3308
               Curriculum/adaptive_lift: 0.9471
            Metrics/height/height_error: 0.0500
        Curriculum/random_fallen_states: 0.0000
               Episode_Reward/flat_feet: -2.3185
--------------------------------------------------------------------------------
                         Iteration time: 3.90s
                           Time elapsed: 0:02:06
                                    ETA: 0:00:25

################################################################################
[1m                            Learning iteration 25/30                            [0m 

                               Run name: height_tracking_g1
                            Total steps: 2555904 
                       Steps per second: 25360 
                        Collection time: 3.642s 
                          Learning time: 0.234s 
                        Mean value loss: 2.2001
                    Mean surrogate loss: -0.0082
                      Mean entropy loss: 37.5570
                     Mean symmetry loss: 0.0015
                   Mean l2c2_actor loss: 0.0054
                  Mean l2c2_critic loss: 0.0038
                            Mean reward: -1386.93
                    Mean episode length: 616.15
                        Mean action std: 0.88
                    Entropy coefficient: 0.002500
              Curriculum/terrain_levels: 0.0000
        Episode_Reward/joint_pos_limits: -0.0036
              Episode_Reward/not_moving: -5.2815
      Episode_Reward/base_height_medium: 3.8700
        Episode_Reward/illegal_contacts: -0.3891
              Episode_Reward/feet_slide: -0.7079
        Episode_Reward/action_rate_rate: -18.2070
 Episode_Reward/joint_deviation_l1_arms: -0.3106
           Episode_Reward/torso_upright: -0.0708
           Curriculum/polish_not_moving: -1.0000
       Episode_Reward/base_height_rough: 2.3133
            Episode_Reward/joint_acc_l2: -0.2130
           Episode_Reward/ankle_torques: -0.1698
             Episode_Reward/action_rate: -40.9281
      Episode_Reward/joint_deviation_l1: -0.6863
         Curriculum/polish_joint_vel_l2: -0.0010
              Episode_Reward/relaxation: -6.5869
        Episode_Reward/joint_vel_limits: -0.0013
             Episode_Reward/ground_slam: -2.1200
           Episode_Reward/torque_limits: -0.8823
           Episode_Termination/time_out: 0.8047
           Curriculum/polish_torso_slam: -5.0000
            Episode_Reward/joint_vel_l2: -1.1755
              Episode_Reward/torso_slam: -1.5126
           Episode_Reward/feet_distance: -0.2540
          Curriculum/polish_ground_slam: -1.0000
         Episode_Reward/severely_tilted: -0.0055
    Episode_Reward/joint_tracking_error: -2.4341
  Episode_Reward/feet_distance_standing: -0.2153
        Episode_Reward/base_height_fine: 6.9109
      Episode_Termination/invalid_state: 0.0054
         Episode_Reward/ground_unloaded: -0.7368
              Episode_Reward/torso_roll: -0.9967
           Episode_Reward/forward_pitch: -1.8688
        Episode_Reward/joint_torques_l2: -0.7780
           Episode_Reward/body_velocity: -2.8734
     Curriculum/polish_action_rate_rate: -0.1500
     Episode_Reward/completely_airborne: -12.8080
           Episode_Reward/feet_yaw_mean: -0.3261
               Curriculum/adaptive_lift: 0.9449
            Metrics/height/height_error: nan
        Curriculum/random_fallen_states: 0.0000
               Episode_Reward/flat_feet: -2.4650
--------------------------------------------------------------------------------
                         Iteration time: 3.88s
                           Time elapsed: 0:02:10
                                    ETA: 0:00:20

################################################################################
[1m                            Learning iteration 26/30                            [0m 

                               Run name: height_tracking_g1
                            Total steps: 2654208 
                       Steps per second: 25047 
                        Collection time: 3.691s 
                          Learning time: 0.233s 
                        Mean value loss: 2.1193
                    Mean surrogate loss: -0.0075
                      Mean entropy loss: 37.4229
                     Mean symmetry loss: 0.0014
                   Mean l2c2_actor loss: 0.0054
                  Mean l2c2_critic loss: 0.0034
                            Mean reward: -1412.28
                    Mean episode length: 639.97
                        Mean action std: 0.88
                    Entropy coefficient: 0.002500
              Curriculum/terrain_levels: 0.0000
        Episode_Reward/joint_pos_limits: -0.0036
              Episode_Reward/not_moving: -6.0191
      Episode_Reward/base_height_medium: 4.2609
        Episode_Reward/illegal_contacts: -0.3587
              Episode_Reward/feet_slide: -0.7714
        Episode_Reward/action_rate_rate: -18.8411
 Episode_Reward/joint_deviation_l1_arms: -0.3410
           Episode_Reward/torso_upright: -0.0753
           Curriculum/polish_not_moving: -1.0000
       Episode_Reward/base_height_rough: 2.4986
            Episode_Reward/joint_acc_l2: -0.2265
           Episode_Reward/ankle_torques: -0.1849
             Episode_Reward/action_rate: -42.3401
      Episode_Reward/joint_deviation_l1: -0.7106
         Curriculum/polish_joint_vel_l2: -0.0010
              Episode_Reward/relaxation: -5.9160
        Episode_Reward/joint_vel_limits: -0.0014
             Episode_Reward/ground_slam: -2.2346
           Episode_Reward/torque_limits: -0.8961
           Episode_Termination/time_out: 0.8378
           Curriculum/polish_torso_slam: -5.0000
            Episode_Reward/joint_vel_l2: -1.2340
              Episode_Reward/torso_slam: -1.4908
           Episode_Reward/feet_distance: -0.2613
          Curriculum/polish_ground_slam: -1.0000
         Episode_Reward/severely_tilted: -0.0130
    Episode_Reward/joint_tracking_error: -2.4993
  Episode_Reward/feet_distance_standing: -0.2177
        Episode_Reward/base_height_fine: 7.6661
      Episode_Termination/invalid_state: 0.0054
         Episode_Reward/ground_unloaded: -0.8332
              Episode_Reward/torso_roll: -1.0431
           Episode_Reward/forward_pitch: -1.8025
        Episode_Reward/joint_torques_l2: -0.8076
           Episode_Reward/body_velocity: -3.0628
     Curriculum/polish_action_rate_rate: -0.1500
     Episode_Reward/completely_airborne: -13.0427
           Episode_Reward/feet_yaw_mean: -0.3238
               Curriculum/adaptive_lift: 0.9440
            Metrics/height/height_error: 0.0458
        Curriculum/random_fallen_states: 0.0000
               Episode_Reward/flat_feet: -2.5133
--------------------------------------------------------------------------------
                         Iteration time: 3.92s
                           Time elapsed: 0:02:14
                                    ETA: 0:00:14

################################################################################
[1m                            Learning iteration 27/30                            [0m 

                               Run name: height_tracking_g1
                            Total steps: 2752512 
                       Steps per second: 25226 
                        Collection time: 3.662s 
                          Learning time: 0.235s 
                        Mean value loss: 2.0637
                    Mean surrogate loss: -0.0076
                      Mean entropy loss: 37.3265
                     Mean symmetry loss: 0.0015
                   Mean l2c2_actor loss: 0.0056
                  Mean l2c2_critic loss: 0.0029
                            Mean reward: -1462.27
                    Mean episode length: 664.03
                        Mean action std: 0.88
                    Entropy coefficient: 0.002500
              Curriculum/terrain_levels: 0.0000
        Episode_Reward/joint_pos_limits: -0.0042
              Episode_Reward/not_moving: -5.6783
      Episode_Reward/base_height_medium: 4.1643
        Episode_Reward/illegal_contacts: -0.4019
              Episode_Reward/feet_slide: -0.7426
        Episode_Reward/action_rate_rate: -19.4407
 Episode_Reward/joint_deviation_l1_arms: -0.3391
           Episode_Reward/torso_upright: -0.0738
           Curriculum/polish_not_moving: -1.0000
       Episode_Reward/base_height_rough: 2.5068
            Episode_Reward/joint_acc_l2: -0.2328
           Episode_Reward/ankle_torques: -0.2006
             Episode_Reward/action_rate: -43.7121
      Episode_Reward/joint_deviation_l1: -0.7010
         Curriculum/polish_joint_vel_l2: -0.0010
              Episode_Reward/relaxation: -6.6203
        Episode_Reward/joint_vel_limits: -0.0014
             Episode_Reward/ground_slam: -2.2374
           Episode_Reward/torque_limits: -0.9347
           Episode_Termination/time_out: 0.8717
           Curriculum/polish_torso_slam: -5.0000
            Episode_Reward/joint_vel_l2: -1.2600
              Episode_Reward/torso_slam: -1.6274
           Episode_Reward/feet_distance: -0.2523
          Curriculum/polish_ground_slam: -1.0000
         Episode_Reward/severely_tilted: -0.0090
    Episode_Reward/joint_tracking_error: -2.6067
  Episode_Reward/feet_distance_standing: -0.2057
        Episode_Reward/base_height_fine: 7.3776
      Episode_Termination/invalid_state: 0.0054
         Episode_Reward/ground_unloaded: -0.8480
              Episode_Reward/torso_roll: -1.0602
           Episode_Reward/forward_pitch: -1.8280
        Episode_Reward/joint_torques_l2: -0.8415
           Episode_Reward/body_velocity: -3.1244
     Curriculum/polish_action_rate_rate: -0.1500
     Episode_Reward/completely_airborne: -12.8719
           Episode_Reward/feet_yaw_mean: -0.3713
               Curriculum/adaptive_lift: 0.9440
            Metrics/height/height_error: 0.0666
        Curriculum/random_fallen_states: 0.0000
               Episode_Reward/flat_feet: -2.6725
--------------------------------------------------------------------------------
                         Iteration time: 3.90s
                           Time elapsed: 0:02:18
                                    ETA: 0:00:09

################################################################################
[1m                            Learning iteration 28/30                            [0m 

                               Run name: height_tracking_g1
                            Total steps: 2850816 
                       Steps per second: 25245 
                        Collection time: 3.659s 
                          Learning time: 0.235s 
                        Mean value loss: 2.0664
                    Mean surrogate loss: -0.0080
                      Mean entropy loss: 37.2339
                     Mean symmetry loss: 0.0015
                   Mean l2c2_actor loss: 0.0058
                  Mean l2c2_critic loss: 0.0028
                            Mean reward: -1499.20
                    Mean episode length: 687.99
                        Mean action std: 0.88
                    Entropy coefficient: 0.002500
              Curriculum/terrain_levels: 0.0000
        Episode_Reward/joint_pos_limits: -0.0041
              Episode_Reward/not_moving: -6.6051
      Episode_Reward/base_height_medium: 4.7351
        Episode_Reward/illegal_contacts: -0.3600
              Episode_Reward/feet_slide: -0.8186
        Episode_Reward/action_rate_rate: -20.0289
 Episode_Reward/joint_deviation_l1_arms: -0.3670
           Episode_Reward/torso_upright: -0.0857
           Curriculum/polish_not_moving: -1.0000
       Episode_Reward/base_height_rough: 2.7692
            Episode_Reward/joint_acc_l2: -0.2287
           Episode_Reward/ankle_torques: -0.2085
             Episode_Reward/action_rate: -45.0582
      Episode_Reward/joint_deviation_l1: -0.7850
         Curriculum/polish_joint_vel_l2: -0.0010
              Episode_Reward/relaxation: -5.8335
        Episode_Reward/joint_vel_limits: -0.0014
             Episode_Reward/ground_slam: -2.3708
           Episode_Reward/torque_limits: -0.9469
           Episode_Termination/time_out: 0.9043
           Curriculum/polish_torso_slam: -5.0000
            Episode_Reward/joint_vel_l2: -1.3167
              Episode_Reward/torso_slam: -1.6333
           Episode_Reward/feet_distance: -0.2519
          Curriculum/polish_ground_slam: -1.0000
         Episode_Reward/severely_tilted: -0.0146
    Episode_Reward/joint_tracking_error: -2.6503
  Episode_Reward/feet_distance_standing: -0.2222
        Episode_Reward/base_height_fine: 8.4965
      Episode_Termination/invalid_state: 0.0054
         Episode_Reward/ground_unloaded: -0.9374
              Episode_Reward/torso_roll: -1.1235
           Episode_Reward/forward_pitch: -1.8079
        Episode_Reward/joint_torques_l2: -0.8402
           Episode_Reward/body_velocity: -3.2593
     Curriculum/polish_action_rate_rate: -0.1500
     Episode_Reward/completely_airborne: -14.3484
           Episode_Reward/feet_yaw_mean: -0.3211
               Curriculum/adaptive_lift: 0.9440
            Metrics/height/height_error: 0.0523
        Curriculum/random_fallen_states: 0.0000
               Episode_Reward/flat_feet: -2.6905
--------------------------------------------------------------------------------
                         Iteration time: 3.89s
                           Time elapsed: 0:02:22
                                    ETA: 0:00:04

################################################################################
[1m                            Learning iteration 29/30                            [0m 

                               Run name: height_tracking_g1
                            Total steps: 2949120 
                       Steps per second: 25314 
                        Collection time: 3.649s 
                          Learning time: 0.234s 
                        Mean value loss: 1.9439
                    Mean surrogate loss: -0.0073
                      Mean entropy loss: 37.1457
                     Mean symmetry loss: 0.0014
                   Mean l2c2_actor loss: 0.0058
                  Mean l2c2_critic loss: 0.0025
                            Mean reward: -1534.93
                    Mean episode length: 711.57
                        Mean action std: 0.87
                    Entropy coefficient: 0.002500
              Curriculum/terrain_levels: 0.0000
        Episode_Reward/joint_pos_limits: -0.0038
              Episode_Reward/not_moving: -6.3239
      Episode_Reward/base_height_medium: 4.5629
        Episode_Reward/illegal_contacts: -0.4750
              Episode_Reward/feet_slide: -0.8324
        Episode_Reward/action_rate_rate: -20.6093
 Episode_Reward/joint_deviation_l1_arms: -0.3628
           Episode_Reward/torso_upright: -0.0859
           Curriculum/polish_not_moving: -1.0000
       Episode_Reward/base_height_rough: 2.7202
            Episode_Reward/joint_acc_l2: -0.2392
           Episode_Reward/ankle_torques: -0.2179
             Episode_Reward/action_rate: -46.3823
      Episode_Reward/joint_deviation_l1: -0.8011
         Curriculum/polish_joint_vel_l2: -0.0010
              Episode_Reward/relaxation: -7.0084
        Episode_Reward/joint_vel_limits: -0.0015
             Episode_Reward/ground_slam: -2.3698
           Episode_Reward/torque_limits: -0.9707
           Episode_Termination/time_out: 0.9360
           Curriculum/polish_torso_slam: -5.0000
            Episode_Reward/joint_vel_l2: -1.3432
              Episode_Reward/torso_slam: -1.4764
           Episode_Reward/feet_distance: -0.2479
          Curriculum/polish_ground_slam: -1.0000
         Episode_Reward/severely_tilted: -0.0063
    Episode_Reward/joint_tracking_error: -2.7378
  Episode_Reward/feet_distance_standing: -0.1966
        Episode_Reward/base_height_fine: 8.1511
      Episode_Termination/invalid_state: 0.0054
         Episode_Reward/ground_unloaded: -0.8918
              Episode_Reward/torso_roll: -1.1073
           Episode_Reward/forward_pitch: -2.3885
        Episode_Reward/joint_torques_l2: -0.8771
           Episode_Reward/body_velocity: -3.1461
     Curriculum/polish_action_rate_rate: -0.1500
     Episode_Reward/completely_airborne: -14.1086
           Episode_Reward/feet_yaw_mean: -0.3518
               Curriculum/adaptive_lift: 0.9440
            Metrics/height/height_error: 0.0528
        Curriculum/random_fallen_states: 0.0000
               Episode_Reward/flat_feet: -2.8430
--------------------------------------------------------------------------------
                         Iteration time: 3.88s
                           Time elapsed: 0:02:26
                                    ETA: 0:00:00

[INFO]: SimulationContext cleared
