Loading user config located at: '/workspace/WBC-AGILE/.venv/lib/python3.12/site-packages/isaacsim/kit/data/Kit/IsaacLab/3.0/user.config.json'
2026-09-02T17:00:17Z [0ms] [Warning] [omni.ext.plugin] [ext: isaaclab_visualizers] Extensions config 'extension.toml' doesn't exist '/workspace/WBC-AGILE/.venv/lib/python3.12/site-packages/isaaclab/source/isaaclab_visualizers' or '/workspace/WBC-AGILE/.venv/lib/python3.12/site-packages/isaaclab/source/isaaclab_visualizers/config'
WARNING: All log messages before absl::InitializeLog() is called are written to STDERR
E0000 00:00:1788368417.679633   65880 descriptor_database.cc:633] File already exists in database: grpc/health/v1/health.proto
W0000 00:00:1788368417.679658   65880 message.cc:301] Protobuf GeneratedMessageFactory: File is already registered: grpc/health/v1/health.proto
2026-09-02T17:00:17Z [356ms] [Warning] [omni.usd_config.extension] Enable omni.materialx.libs extension to use MaterialX
2026-09-02T17:00:17Z [366ms] [Warning] [omni.platforminfo.plugin] failed to open the default display.  Can't verify X Server version.
2026-09-02T17:00:18Z [403ms] [Error] [omni.ext.plugin] Could not load the dynamic library from /workspace/WBC-AGILE/.venv/lib/python3.12/site-packages/isaacsim/extscache/omni.usd.libs-1.0.3+6312fa25.lx64.r.cp312/bin/libMaterialXRenderHw.so. Error: libXt.so.6: cannot open shared object file: No such file or directory (note that this may be caused by a dependent library)
2026-09-02T17:00:18Z [403ms] [Error] [omni.ext.plugin] Could not load the dynamic library from /workspace/WBC-AGILE/.venv/lib/python3.12/site-packages/isaacsim/extscache/omni.usd.libs-1.0.3+6312fa25.lx64.r.cp312/bin/libMaterialXRenderGlsl.so. Error: libXt.so.6: cannot open shared object file: No such file or directory (note that this may be caused by a dependent library)
2026-09-02T17:00:18Z [404ms] [Error] [omni.ext.plugin] Could not load the dynamic library from /workspace/WBC-AGILE/.venv/lib/python3.12/site-packages/isaacsim/extscache/omni.usd.libs-1.0.3+6312fa25.lx64.r.cp312/bin/libusd_usdBakeMtlx.so. Error: libXt.so.6: cannot open shared object file: No such file or directory (note that this may be caused by a dependent library)
2026-09-02T17:00:18Z [952ms] [Warning] [isaacsim.core.simulation_manager.plugin] USD stage is not available; stage-opened subscription is deferred
2026-09-02T17:00:18Z [952ms] [Warning] [isaacsim.core.simulation_manager.plugin] USD stage is not available; stage-opened subscription is deferred
[ISAACLAB] AppLauncher initialization complete
[INFO]: Parsing configuration from: agile.rl_env.tasks.stand_up.g1.height_tracking_env_cfg:G1HeightTrackingEnvCfg
[INFO]: Parsing configuration from: agile.rl_env.tasks.stand_up.g1.agents.rsl_rl_ppo_cfg:G1HeightTrackingPpoRunnerCfg
/workspace/isaaclab_nexus/envs.py:68: UserWarning: nexusify dropped terms without a Nexus implementation: events.randomize_physics_material (randomize_rigid_body_material), events.randomize_base_com (randomize_rigid_body_com)
  warnings.warn("nexusify dropped terms without a Nexus implementation: " + ", ".join(dropped))
[INFO]: Base environment:
	Environment device    : cuda:0
	Environment seed      : 42
	Physics step-size     : 0.005
	Rendering step-size   : 0.02
	Environment step-size : 0.02
[INFO] Generating terrains based on curriculum took Last: 0.255218 s
[INFO]: Registered backend 'nexus' for factory Articulation.
[INFO]: Registered backend 'nexus' for factory ContactSensor.
[INFO]: Registered backend 'nexus' for factory RayCaster.
[INFO]: Time taken for scene creation Last: 7.336238 s, Mean: 7.336238 s, Std: 0.000000 s, N: 1
[INFO]: Scene manager:  NexusScene(num_envs=4096, entities=['robot', 'contact_forces', 'height_measurement_sensor', 'terrain'])
[INFO]: Time taken for simulation start Last: 0.005209 s, Mean: 0.005209 s, Std: 0.000000 s, N: 1
[INFO] Command Manager:  <CommandManager> contains 1 active terms.
+--------------------------------------+
|         Active Command Terms         |
+-------+--------+---------------------+
| Index | Name   |         Type        |
+-------+--------+---------------------+
|   0   | height | SmoothHeightCommand |
+-------+--------+---------------------+

[INFO] Event Manager:  <EventManager> contains 3 active terms.
+----------------------------------------+
| Active Event Terms in Mode: 'startup'  |
+--------+-------------------------------+
| Index  | Name                          |
+--------+-------------------------------+
|   0    | randomize_actuator_gains      |
|   1    | randomize_bodies_mass         |
|   2    | randomize_base_mass           |
+--------+-------------------------------+
+---------------------------------------------------------------------------+
|                   Active Event Terms in Mode: 'interval'                  |
+-------+-----------------------------------------+-------------------------+
| Index | Name                                    | Interval time range (s) |
+-------+-----------------------------------------+-------------------------+
|   0   | push_robot                              |       (0.0, 10.0)       |
|   1   | apply_external_force_torque             |       (0.0, 10.0)       |
|   2   | apply_external_force_torque_extremities |       (0.0, 10.0)       |
+-------+-----------------------------------------+-------------------------+
+----------------------------------+
| Active Event Terms in Mode: 'reset' |
+------------+---------------------+
|   Index    | Name                |
+------------+---------------------+
|     0      | reset_base          |
+------------+---------------------+

[INFO] Recorder Manager:  <RecorderManager> contains 0 active terms.
+---------------------+
| Active Recorder Terms |
+-----------+---------+
|   Index   | Name    |
+-----------+---------+
+-----------+---------+

[INFO]: Resolved joint names for the action term JointPositionAction: ['left_hip_pitch_joint', 'left_hip_roll_joint', 'left_hip_yaw_joint', 'left_knee_joint', 'left_ankle_pitch_joint', 'left_ankle_roll_joint', 'right_hip_pitch_joint', 'right_hip_roll_joint', 'right_hip_yaw_joint', 'right_knee_joint', 'right_ankle_pitch_joint', 'right_ankle_roll_joint', 'waist_yaw_joint', 'waist_roll_joint', 'waist_pitch_joint', 'left_shoulder_pitch_joint', 'left_shoulder_roll_joint', 'left_shoulder_yaw_joint', 'left_elbow_joint', 'left_wrist_roll_joint', 'left_wrist_pitch_joint', 'left_wrist_yaw_joint', 'right_shoulder_pitch_joint', 'right_shoulder_roll_joint', 'right_shoulder_yaw_joint', 'right_elbow_joint', 'right_wrist_roll_joint', 'right_wrist_pitch_joint', 'right_wrist_yaw_joint'] [[0, 1, 2, 3, 4, 5, 6, 7, 8, 9, 10, 11, 12, 13, 14, 15, 16, 17, 18, 19, 20, 21, 22, 23, 24, 25, 26, 27, 28]]
[INFO] Action Manager:  <ActionManager> contains 2 active terms.
+------------------------------------+
|  Active Action Terms (shape: 29)   |
+--------+-------------+-------------+
| Index  | Name        |   Dimension |
+--------+-------------+-------------+
|   0    | joint_pos   |          29 |
|   1    | lift        |           0 |
+--------+-------------+-------------+

[INFO] Observation Manager: <ObservationManager> contains 2 groups.
+----------------------------------------------+
| Active Observation Terms in Group: 'policy'  |
+---------+------------------------+-----------+
|  Index  | Name                   |   Shape   |
+---------+------------------------+-----------+
|    0    | base_ang_vel           |   (5, 3)  |
|    1    | projected_gravity      |   (5, 3)  |
|    2    | joint_pos              |  (5, 29)  |
|    3    | joint_vel              |  (5, 29)  |
|    4    | actions                |  (5, 29)  |
|    5    | height_command         |   (5, 1)  |
+---------+------------------------+-----------+
+----------------------------------------------+
| Active Observation Terms in Group: 'critic'  |
+---------+------------------------+-----------+
|  Index  | Name                   |   Shape   |
+---------+------------------------+-----------+
|    0    | projected_gravity      |   (5, 3)  |
|    1    | base_lin_vel           |   (5, 3)  |
|    2    | base_ang_vel           |   (5, 3)  |
|    3    | joint_pos              |  (5, 29)  |
|    4    | joint_vel              |  (5, 29)  |
|    5    | actions                |  (5, 29)  |
|    6    | contact_forces         |  (5, 30)  |
|    7    | base_height            |   (5, 1)  |
|    8    | height_command         |   (5, 1)  |
+---------+------------------------+-----------+

[INFO] Termination Manager:  <TerminationManager> contains 2 active terms.
+----------------------------------+
|     Active Termination Terms     |
+-------+---------------+----------+
| Index | Name          | Time Out |
+-------+---------------+----------+
|   0   | time_out      |   True   |
|   1   | invalid_state |  False   |
+-------+---------------+----------+

[INFO] Reward Manager:  <RewardManager> contains 32 active terms.
+--------------------------------------------+
|            Active Reward Terms             |
+-------+-------------------------+----------+
| Index | Name                    |   Weight |
+-------+-------------------------+----------+
|   0   | joint_torques_l2        |   -5e-05 |
|   1   | torque_limits           |    -0.01 |
|   2   | joint_acc_l2            | -2.5e-08 |
|   3   | joint_pos_limits        |     -0.1 |
|   4   | joint_vel_limits        |    -0.01 |
|   5   | action_rate             |     -1.0 |
|   6   | action_rate_rate        |    -0.15 |
|   7   | joint_vel_l2            |   -0.001 |
|   8   | joint_tracking_error    |     -0.5 |
|   9   | base_height_rough       |      4.0 |
|   10  | base_height_medium      |      8.0 |
|   11  | base_height_fine        |     16.0 |
|   12  | relaxation              |     -1.0 |
|   13  | joint_deviation_l1      |     -0.5 |
|   14  | joint_deviation_l1_arms |     -0.5 |
|   15  | ankle_torques           |   -0.001 |
|   16  | not_moving              |     -1.0 |
|   17  | torso_upright           |     -1.0 |
|   18  | severely_tilted         |     -5.0 |
|   19  | torso_roll              |     -5.0 |
|   20  | forward_pitch           |    -10.0 |
|   21  | illegal_contacts        |     -2.0 |
|   22  | feet_distance           |     -5.0 |
|   23  | feet_distance_standing  |    -10.0 |
|   24  | ground_unloaded         |     -2.0 |
|   25  | flat_feet               |     -1.0 |
|   26  | feet_slide              |     -1.0 |
|   27  | feet_yaw_mean           |     -2.0 |
|   28  | completely_airborne     |    -50.0 |
|   29  | body_velocity           |     -0.1 |
|   30  | ground_slam             |     -1.0 |
|   31  | torso_slam              |     -5.0 |
+-------+-------------------------+----------+

[INFO] Curriculum Manager:  <CurriculumManager> contains 8 active terms.
+---------------------------------+
|     Active Curriculum Terms     |
+-------+-------------------------+
| Index | Name                    |
+-------+-------------------------+
|   0   | adaptive_lift           |
|   1   | terrain_levels          |
|   2   | polish_action_rate_rate |
|   3   | polish_ground_slam      |
|   4   | polish_torso_slam       |
|   5   | polish_not_moving       |
|   6   | polish_joint_vel_l2     |
|   7   | random_fallen_states    |
+-------+-------------------------+

[INFO]: Completed setting up the environment...
[nexus] env built in 7.5s
[nexus] pre_learn (fallen-state dataset) done in 0.0s
/workspace/WBC-AGILE/.venv/lib/python3.12/site-packages/rsl_rl/utils/utils.py:220: UserWarning: The observation configuration dictionary 'obs_groups' is empty and thus likely not configured. Consider configuring the 'obs_groups' dictionary explicitly
  warnings.warn(
/workspace/WBC-AGILE/.venv/lib/python3.12/site-packages/rsl_rl/utils/utils.py:251: UserWarning: The observation configuration dictionary 'obs_groups' does not contain the 'actor' key. As an observation group with the name 'policy' was found, this is assumed to be the appropriate observation. Consider adding the 'actor' key to the 'obs_groups' dictionary for clarity. This behavior will be removed in a future version.
  warnings.warn(
/workspace/WBC-AGILE/.venv/lib/python3.12/site-packages/rsl_rl/utils/utils.py:243: UserWarning: The observation configuration dictionary 'obs_groups' does not contain the 'critic' key. As an observation group with the name 'critic' was found, this is assumed to be the appropriate observation. Consider adding the 'critic' key to the 'obs_groups' dictionary for clarity. This behavior will be removed in a future version.
  warnings.warn(
--------------------------------------------------------------------------------
Resolved observation sets: 
	 actor :  ['policy']
	 critic :  ['critic']
--------------------------------------------------------------------------------
Actor Model: MLPModel(
  (obs_normalizer): Identity()
  (distribution): GaussianDistribution()
  (mlp): MLP(
    (0): Linear(in_features=470, out_features=256, bias=True)
    (1): ELU(alpha=1.0)
    (2): Linear(in_features=256, out_features=256, bias=True)
    (3): ELU(alpha=1.0)
    (4): Linear(in_features=256, out_features=128, bias=True)
    (5): ELU(alpha=1.0)
    (6): Linear(in_features=128, out_features=29, bias=True)
  )
)
Critic Model: MLPModel(
  (obs_normalizer): Identity()
  (mlp): MLP(
    (0): Linear(in_features=640, out_features=512, bias=True)
    (1): ELU(alpha=1.0)
    (2): Linear(in_features=512, out_features=256, bias=True)
    (3): ELU(alpha=1.0)
    (4): Linear(in_features=256, out_features=128, bias=True)
    (5): ELU(alpha=1.0)
    (6): Linear(in_features=128, out_features=1, bias=True)
  )
)
Storing git diff for 'WBC-AGILE' in: /workspace/bench/nexus_port/logs/2026-09-02_17-00-33_nexus/git/WBC-AGILE.diff
################################################################################
[1m                            Learning iteration 0/100                            [0m 

                               Run name: nexus
                            Total steps: 98304 
                       Steps per second: 27521 
                        Collection time: 3.122s 
                          Learning time: 0.450s 
                        Mean value loss: 6.2762
                    Mean surrogate loss: 0.0345
                      Mean entropy loss: 41.1032
                     Mean symmetry loss: 0.0028
                   Mean l2c2_actor loss: 0.0012
                  Mean l2c2_critic loss: 0.0080
                            Mean reward: -46.24
                    Mean episode length: 15.90
                        Mean action std: 1.00
                    Entropy coefficient: 0.002500
           Curriculum/polish_torso_slam: -5.0000
      Episode_Reward/base_height_medium: 0.0281
              Episode_Reward/relaxation: -0.1126
         Curriculum/polish_joint_vel_l2: -0.0010
 Episode_Reward/joint_deviation_l1_arms: -0.0032
     Curriculum/polish_action_rate_rate: -0.1500
        Episode_Reward/joint_torques_l2: -0.0157
        Episode_Reward/action_rate_rate: -0.4011
         Episode_Reward/ground_unloaded: -0.0198
           Episode_Reward/feet_distance: -0.0029
          Curriculum/polish_ground_slam: -1.0000
            Episode_Reward/joint_vel_l2: -0.0171
              Episode_Reward/torso_roll: -0.0181
            Episode_Reward/joint_acc_l2: -0.0031
           Episode_Reward/feet_yaw_mean: -0.0050
           Episode_Reward/body_velocity: -0.0849
           Curriculum/polish_not_moving: -1.0000
     Episode_Reward/completely_airborne: -0.7399
              Episode_Reward/torso_slam: -0.0033
           Episode_Reward/torso_upright: 0.0000
           Episode_Reward/ankle_torques: -0.0036
        Curriculum/random_fallen_states: 0.0000
  Episode_Reward/feet_distance_standing: -0.0027
           Episode_Termination/time_out: 0.0187
             Episode_Reward/ground_slam: -0.0062
        Episode_Reward/joint_vel_limits: -0.0000
         Episode_Reward/severely_tilted: -0.0009
        Episode_Reward/joint_pos_limits: -0.0001
            Metrics/height/height_error: 0.0000
       Episode_Reward/base_height_rough: 0.0221
              Episode_Reward/feet_slide: -0.0014
              Curriculum/terrain_levels: 0.0000
           Episode_Reward/forward_pitch: -0.0028
      Episode_Reward/joint_deviation_l1: -0.0117
        Episode_Reward/illegal_contacts: -0.0009
               Curriculum/adaptive_lift: 1.0000
    Episode_Reward/joint_tracking_error: -0.0501
        Episode_Reward/base_height_fine: 0.0400
           Episode_Reward/torque_limits: -0.0193
             Episode_Reward/action_rate: -0.9327
      Episode_Termination/invalid_state: 0.0000
               Episode_Reward/flat_feet: -0.0315
              Episode_Reward/not_moving: -0.0157
--------------------------------------------------------------------------------
                         Iteration time: 3.57s
                           Time elapsed: 0:00:03
                                    ETA: 0:05:53

################################################################################
[1m                            Learning iteration 1/100                            [0m 

                               Run name: nexus
                            Total steps: 196608 
                       Steps per second: 40286 
                        Collection time: 2.124s 
                          Learning time: 0.316s 
                        Mean value loss: 4.1236
                    Mean surrogate loss: 0.0053
                      Mean entropy loss: 41.0483
                     Mean symmetry loss: 0.0016
                   Mean l2c2_actor loss: 0.0011
                  Mean l2c2_critic loss: 0.0277
                            Mean reward: -100.70
                    Mean episode length: 38.08
                        Mean action std: 0.99
                    Entropy coefficient: 0.002500
           Curriculum/polish_torso_slam: -5.0000
      Episode_Reward/base_height_medium: 0.0914
              Episode_Reward/relaxation: -0.3864
         Curriculum/polish_joint_vel_l2: -0.0010
 Episode_Reward/joint_deviation_l1_arms: -0.0068
     Curriculum/polish_action_rate_rate: -0.1500
        Episode_Reward/joint_torques_l2: -0.0472
        Episode_Reward/action_rate_rate: -1.2467
         Episode_Reward/ground_unloaded: -0.0527
           Episode_Reward/feet_distance: -0.0165
          Curriculum/polish_ground_slam: -1.0000
            Episode_Reward/joint_vel_l2: -0.0506
              Episode_Reward/torso_roll: -0.0661
            Episode_Reward/joint_acc_l2: -0.0092
           Episode_Reward/feet_yaw_mean: -0.0169
           Episode_Reward/body_velocity: -0.2513
           Curriculum/polish_not_moving: -1.0000
     Episode_Reward/completely_airborne: -1.2145
              Episode_Reward/torso_slam: -0.0355
           Episode_Reward/torso_upright: 0.0000
           Episode_Reward/ankle_torques: -0.0115
        Curriculum/random_fallen_states: 0.0000
  Episode_Reward/feet_distance_standing: -0.0050
           Episode_Termination/time_out: 0.0523
             Episode_Reward/ground_slam: -0.0718
        Episode_Reward/joint_vel_limits: -0.0001
         Episode_Reward/severely_tilted: -0.0087
        Episode_Reward/joint_pos_limits: -0.0002
            Metrics/height/height_error: 0.0000
       Episode_Reward/base_height_rough: 0.0720
              Episode_Reward/feet_slide: -0.0150
              Curriculum/terrain_levels: 0.0000
           Episode_Reward/forward_pitch: -0.0321
      Episode_Reward/joint_deviation_l1: -0.0202
        Episode_Reward/illegal_contacts: -0.0259
               Curriculum/adaptive_lift: 0.9999
    Episode_Reward/joint_tracking_error: -0.1507
        Episode_Reward/base_height_fine: 0.1258
           Episode_Reward/torque_limits: -0.0547
             Episode_Reward/action_rate: -2.8046
      Episode_Termination/invalid_state: 0.0000
               Episode_Reward/flat_feet: -0.1039
              Episode_Reward/not_moving: -0.0495
--------------------------------------------------------------------------------
                         Iteration time: 2.44s
                           Time elapsed: 0:00:06
                                    ETA: 0:04:54

################################################################################
[1m                            Learning iteration 2/100                            [0m 

                               Run name: nexus
                            Total steps: 294912 
                       Steps per second: 40274 
                        Collection time: 2.126s 
                          Learning time: 0.315s 
                        Mean value loss: 3.8423
                    Mean surrogate loss: -0.0084
                      Mean entropy loss: 40.7743
                     Mean symmetry loss: 0.0007
                   Mean l2c2_actor loss: 0.0013
                  Mean l2c2_critic loss: 0.0334
                            Mean reward: -154.55
                    Mean episode length: 62.52
                        Mean action std: 0.99
                    Entropy coefficient: 0.002500
           Curriculum/polish_torso_slam: -5.0000
      Episode_Reward/base_height_medium: 0.1159
              Episode_Reward/relaxation: -0.5589
         Curriculum/polish_joint_vel_l2: -0.0010
 Episode_Reward/joint_deviation_l1_arms: -0.0068
     Curriculum/polish_action_rate_rate: -0.1500
        Episode_Reward/joint_torques_l2: -0.0724
        Episode_Reward/action_rate_rate: -2.0561
         Episode_Reward/ground_unloaded: -0.0871
           Episode_Reward/feet_distance: -0.0275
          Curriculum/polish_ground_slam: -1.0000
            Episode_Reward/joint_vel_l2: -0.0825
              Episode_Reward/torso_roll: -0.1010
            Episode_Reward/joint_acc_l2: -0.0125
           Episode_Reward/feet_yaw_mean: -0.0276
           Episode_Reward/body_velocity: -0.3058
           Curriculum/polish_not_moving: -1.0000
     Episode_Reward/completely_airborne: -1.4268
              Episode_Reward/torso_slam: -0.0445
           Episode_Reward/torso_upright: -0.0001
           Episode_Reward/ankle_torques: -0.0173
        Curriculum/random_fallen_states: 0.0000
  Episode_Reward/feet_distance_standing: -0.0054
           Episode_Termination/time_out: 0.0814
             Episode_Reward/ground_slam: -0.1148
        Episode_Reward/joint_vel_limits: -0.0001
         Episode_Reward/severely_tilted: -0.0146
        Episode_Reward/joint_pos_limits: -0.0003
            Metrics/height/height_error: 0.0000
       Episode_Reward/base_height_rough: 0.1023
              Episode_Reward/feet_slide: -0.0272
              Curriculum/terrain_levels: 0.0000
           Episode_Reward/forward_pitch: -0.0938
      Episode_Reward/joint_deviation_l1: -0.0208
        Episode_Reward/illegal_contacts: -0.0665
               Curriculum/adaptive_lift: 0.9984
    Episode_Reward/joint_tracking_error: -0.2497
        Episode_Reward/base_height_fine: 0.1442
           Episode_Reward/torque_limits: -0.0854
             Episode_Reward/action_rate: -4.6108
      Episode_Termination/invalid_state: 0.0000
               Episode_Reward/flat_feet: -0.2108
              Episode_Reward/not_moving: -0.0504
--------------------------------------------------------------------------------
                         Iteration time: 2.44s
                           Time elapsed: 0:00:08
                                    ETA: 0:04:33

################################################################################
[1m                            Learning iteration 3/100                            [0m 

                               Run name: nexus
                            Total steps: 393216 
                       Steps per second: 36325 
                        Collection time: 2.390s 
                          Learning time: 0.316s 
                        Mean value loss: 3.7325
                    Mean surrogate loss: -0.0095
                      Mean entropy loss: 40.6420
                     Mean symmetry loss: 0.0004
                   Mean l2c2_actor loss: 0.0014
                  Mean l2c2_critic loss: 0.0360
                            Mean reward: -211.68
                    Mean episode length: 88.74
                        Mean action std: 0.98
                    Entropy coefficient: 0.002500
           Curriculum/polish_torso_slam: -5.0000
      Episode_Reward/base_height_medium: 0.1550
              Episode_Reward/relaxation: -0.7247
         Curriculum/polish_joint_vel_l2: -0.0010
 Episode_Reward/joint_deviation_l1_arms: -0.0064
     Curriculum/polish_action_rate_rate: -0.1500
        Episode_Reward/joint_torques_l2: -0.1038
        Episode_Reward/action_rate_rate: -2.8775
         Episode_Reward/ground_unloaded: -0.1273
           Episode_Reward/feet_distance: -0.0429
          Curriculum/polish_ground_slam: -1.0000
            Episode_Reward/joint_vel_l2: -0.1119
              Episode_Reward/torso_roll: -0.1352
            Episode_Reward/joint_acc_l2: -0.0191
           Episode_Reward/feet_yaw_mean: -0.0380
           Episode_Reward/body_velocity: -0.3236
           Curriculum/polish_not_moving: -1.0000
     Episode_Reward/completely_airborne: -1.5270
              Episode_Reward/torso_slam: -0.0616
           Episode_Reward/torso_upright: 0.0000
           Episode_Reward/ankle_torques: -0.0266
        Curriculum/random_fallen_states: 0.0000
  Episode_Reward/feet_distance_standing: -0.0066
           Episode_Termination/time_out: 0.1105
             Episode_Reward/ground_slam: -0.1603
        Episode_Reward/joint_vel_limits: -0.0001
         Episode_Reward/severely_tilted: -0.0112
        Episode_Reward/joint_pos_limits: -0.0004
            Metrics/height/height_error: 0.0000
       Episode_Reward/base_height_rough: 0.1355
              Episode_Reward/feet_slide: -0.0398
              Curriculum/terrain_levels: 0.0000
           Episode_Reward/forward_pitch: -0.1200
      Episode_Reward/joint_deviation_l1: -0.0191
        Episode_Reward/illegal_contacts: -0.1203
               Curriculum/adaptive_lift: 0.9960
    Episode_Reward/joint_tracking_error: -0.3511
        Episode_Reward/base_height_fine: 0.1993
           Episode_Reward/torque_limits: -0.1160
             Episode_Reward/action_rate: -6.4413
      Episode_Termination/invalid_state: 0.0000
               Episode_Reward/flat_feet: -0.3283
              Episode_Reward/not_moving: -0.0693
--------------------------------------------------------------------------------
                         Iteration time: 2.71s
                           Time elapsed: 0:00:11
                                    ETA: 0:04:27

################################################################################
[1m                            Learning iteration 4/100                            [0m 

                               Run name: nexus
                            Total steps: 491520 
                       Steps per second: 39563 
                        Collection time: 2.171s 
                          Learning time: 0.313s 
                        Mean value loss: 3.6041
                    Mean surrogate loss: -0.0113
                      Mean entropy loss: 40.4299
                     Mean symmetry loss: 0.0005
                   Mean l2c2_actor loss: 0.0017
                  Mean l2c2_critic loss: 0.0166
                            Mean reward: -261.66
                    Mean episode length: 110.34
                        Mean action std: 0.98
                    Entropy coefficient: 0.002500
           Curriculum/polish_torso_slam: -5.0000
      Episode_Reward/base_height_medium: 0.1527
              Episode_Reward/relaxation: -1.1181
         Curriculum/polish_joint_vel_l2: -0.0010
 Episode_Reward/joint_deviation_l1_arms: -0.0063
     Curriculum/polish_action_rate_rate: -0.1500
        Episode_Reward/joint_torques_l2: -0.1396
        Episode_Reward/action_rate_rate: -3.6914
         Episode_Reward/ground_unloaded: -0.1599
           Episode_Reward/feet_distance: -0.0476
          Curriculum/polish_ground_slam: -1.0000
            Episode_Reward/joint_vel_l2: -0.1370
              Episode_Reward/torso_roll: -0.1602
            Episode_Reward/joint_acc_l2: -0.0275
           Episode_Reward/feet_yaw_mean: -0.0473
           Episode_Reward/body_velocity: -0.3419
           Curriculum/polish_not_moving: -1.0000
     Episode_Reward/completely_airborne: -1.6171
              Episode_Reward/torso_slam: -0.0674
           Episode_Reward/torso_upright: -0.0002
           Episode_Reward/ankle_torques: -0.0349
        Curriculum/random_fallen_states: 0.0000
  Episode_Reward/feet_distance_standing: -0.0069
           Episode_Termination/time_out: 0.1441
             Episode_Reward/ground_slam: -0.1929
        Episode_Reward/joint_vel_limits: -0.0001
         Episode_Reward/severely_tilted: -0.0058
        Episode_Reward/joint_pos_limits: -0.0005
            Metrics/height/height_error: 0.4705
       Episode_Reward/base_height_rough: 0.1551
              Episode_Reward/feet_slide: -0.0522
              Curriculum/terrain_levels: 0.0000
           Episode_Reward/forward_pitch: -0.1903
      Episode_Reward/joint_deviation_l1: -0.0196
        Episode_Reward/illegal_contacts: -0.1689
               Curriculum/adaptive_lift: 0.9941
    Episode_Reward/joint_tracking_error: -0.4504
        Episode_Reward/base_height_fine: 0.1758
           Episode_Reward/torque_limits: -0.1550
             Episode_Reward/action_rate: -8.2471
      Episode_Termination/invalid_state: 0.0000
               Episode_Reward/flat_feet: -0.4300
              Episode_Reward/not_moving: -0.0537
--------------------------------------------------------------------------------
                         Iteration time: 2.48s
                           Time elapsed: 0:00:13
                                    ETA: 0:04:19

################################################################################
[1m                            Learning iteration 5/100                            [0m 

                               Run name: nexus
                            Total steps: 589824 
                       Steps per second: 39824 
                        Collection time: 2.154s 
                          Learning time: 0.315s 
                        Mean value loss: 3.4073
                    Mean surrogate loss: -0.0108
                      Mean entropy loss: 40.2916
                     Mean symmetry loss: 0.0005
                   Mean l2c2_actor loss: 0.0019
                  Mean l2c2_critic loss: 0.0092
                            Mean reward: -313.62
                    Mean episode length: 135.82
                        Mean action std: 0.97
                    Entropy coefficient: 0.002500
           Curriculum/polish_torso_slam: -5.0000
      Episode_Reward/base_height_medium: 0.2058
              Episode_Reward/relaxation: -1.1681
         Curriculum/polish_joint_vel_l2: -0.0010
 Episode_Reward/joint_deviation_l1_arms: -0.0074
     Curriculum/polish_action_rate_rate: -0.1500
        Episode_Reward/joint_torques_l2: -0.1693
        Episode_Reward/action_rate_rate: -4.4578
         Episode_Reward/ground_unloaded: -0.2080
           Episode_Reward/feet_distance: -0.0629
          Curriculum/polish_ground_slam: -1.0000
            Episode_Reward/joint_vel_l2: -0.1665
              Episode_Reward/torso_roll: -0.1810
            Episode_Reward/joint_acc_l2: -0.0335
           Episode_Reward/feet_yaw_mean: -0.0595
           Episode_Reward/body_velocity: -0.3665
           Curriculum/polish_not_moving: -1.0000
     Episode_Reward/completely_airborne: -1.8448
              Episode_Reward/torso_slam: -0.0896
           Episode_Reward/torso_upright: -0.0001
           Episode_Reward/ankle_torques: -0.0375
        Curriculum/random_fallen_states: 0.0000
  Episode_Reward/feet_distance_standing: -0.0074
           Episode_Termination/time_out: 0.1744
             Episode_Reward/ground_slam: -0.2428
        Episode_Reward/joint_vel_limits: -0.0002
         Episode_Reward/severely_tilted: -0.0059
        Episode_Reward/joint_pos_limits: -0.0006
            Metrics/height/height_error: 0.6320
       Episode_Reward/base_height_rough: 0.1963
              Episode_Reward/feet_slide: -0.0678
              Curriculum/terrain_levels: 0.0000
           Episode_Reward/forward_pitch: -0.2850
      Episode_Reward/joint_deviation_l1: -0.0218
        Episode_Reward/illegal_contacts: -0.2111
               Curriculum/adaptive_lift: 0.9939
    Episode_Reward/joint_tracking_error: -0.5401
        Episode_Reward/base_height_fine: 0.2426
           Episode_Reward/torque_limits: -0.1919
             Episode_Reward/action_rate: -9.9661
      Episode_Termination/invalid_state: 0.0000
               Episode_Reward/flat_feet: -0.5658
              Episode_Reward/not_moving: -0.0725
--------------------------------------------------------------------------------
                         Iteration time: 2.47s
                           Time elapsed: 0:00:16
                                    ETA: 0:04:12

################################################################################
[1m                            Learning iteration 6/100                            [0m 

                               Run name: nexus
                            Total steps: 688128 
                       Steps per second: 39777 
                        Collection time: 2.156s 
                          Learning time: 0.315s 
                        Mean value loss: 3.2654
                    Mean surrogate loss: -0.0108
                      Mean entropy loss: 40.1026
                     Mean symmetry loss: 0.0005
                   Mean l2c2_actor loss: 0.0022
                  Mean l2c2_critic loss: 0.0039
                            Mean reward: -370.20
                    Mean episode length: 160.36
                        Mean action std: 0.96
                    Entropy coefficient: 0.002500
           Curriculum/polish_torso_slam: -5.0000
      Episode_Reward/base_height_medium: 0.2552
              Episode_Reward/relaxation: -1.6895
         Curriculum/polish_joint_vel_l2: -0.0010
 Episode_Reward/joint_deviation_l1_arms: -0.0061
     Curriculum/polish_action_rate_rate: -0.1500
        Episode_Reward/joint_torques_l2: -0.1832
        Episode_Reward/action_rate_rate: -5.2153
         Episode_Reward/ground_unloaded: -0.2070
           Episode_Reward/feet_distance: -0.0750
          Curriculum/polish_ground_slam: -1.0000
            Episode_Reward/joint_vel_l2: -0.2033
              Episode_Reward/torso_roll: -0.2149
            Episode_Reward/joint_acc_l2: -0.0326
           Episode_Reward/feet_yaw_mean: -0.0713
           Episode_Reward/body_velocity: -0.3878
           Curriculum/polish_not_moving: -1.0000
     Episode_Reward/completely_airborne: -2.0455
              Episode_Reward/torso_slam: -0.0956
           Episode_Reward/torso_upright: 0.0000
           Episode_Reward/ankle_torques: -0.0455
        Curriculum/random_fallen_states: 0.0000
  Episode_Reward/feet_distance_standing: -0.0055
           Episode_Termination/time_out: 0.2099
             Episode_Reward/ground_slam: -0.2751
        Episode_Reward/joint_vel_limits: -0.0002
         Episode_Reward/severely_tilted: -0.0092
        Episode_Reward/joint_pos_limits: -0.0007
            Metrics/height/height_error: 0.5057
       Episode_Reward/base_height_rough: 0.2575
              Episode_Reward/feet_slide: -0.0794
              Curriculum/terrain_levels: 0.0000
           Episode_Reward/forward_pitch: -0.4024
      Episode_Reward/joint_deviation_l1: -0.0196
        Episode_Reward/illegal_contacts: -0.2506
               Curriculum/adaptive_lift: 0.9939
    Episode_Reward/joint_tracking_error: -0.6349
        Episode_Reward/base_height_fine: 0.2817
           Episode_Reward/torque_limits: -0.2073
             Episode_Reward/action_rate: -11.6747
      Episode_Termination/invalid_state: 0.0000
               Episode_Reward/flat_feet: -0.7033
              Episode_Reward/not_moving: -0.0836
--------------------------------------------------------------------------------
                         Iteration time: 2.47s
                           Time elapsed: 0:00:18
                                    ETA: 0:04:06

################################################################################
[1m                            Learning iteration 7/100                            [0m 

                               Run name: nexus
                            Total steps: 786432 
                       Steps per second: 39613 
                        Collection time: 2.166s 
                          Learning time: 0.315s 
                        Mean value loss: 3.1498
                    Mean surrogate loss: -0.0112
                      Mean entropy loss: 39.9178
                     Mean symmetry loss: 0.0005
                   Mean l2c2_actor loss: 0.0024
                  Mean l2c2_critic loss: 0.0019
                            Mean reward: -410.75
                    Mean episode length: 183.12
                        Mean action std: 0.96
                    Entropy coefficient: 0.002500
           Curriculum/polish_torso_slam: -5.0000
      Episode_Reward/base_height_medium: 0.2444
              Episode_Reward/relaxation: -1.4053
         Curriculum/polish_joint_vel_l2: -0.0010
 Episode_Reward/joint_deviation_l1_arms: -0.0069
     Curriculum/polish_action_rate_rate: -0.1500
        Episode_Reward/joint_torques_l2: -0.2124
        Episode_Reward/action_rate_rate: -5.9762
         Episode_Reward/ground_unloaded: -0.2909
           Episode_Reward/feet_distance: -0.0809
          Curriculum/polish_ground_slam: -1.0000
            Episode_Reward/joint_vel_l2: -0.2258
              Episode_Reward/torso_roll: -0.2370
            Episode_Reward/joint_acc_l2: -0.0377
           Episode_Reward/feet_yaw_mean: -0.0811
           Episode_Reward/body_velocity: -0.4005
           Curriculum/polish_not_moving: -1.0000
     Episode_Reward/completely_airborne: -2.1415
              Episode_Reward/torso_slam: -0.1252
           Episode_Reward/torso_upright: -0.0001
           Episode_Reward/ankle_torques: -0.0508
        Curriculum/random_fallen_states: 0.0000
  Episode_Reward/feet_distance_standing: -0.0069
           Episode_Termination/time_out: 0.2439
             Episode_Reward/ground_slam: -0.3197
        Episode_Reward/joint_vel_limits: -0.0002
         Episode_Reward/severely_tilted: -0.0077
        Episode_Reward/joint_pos_limits: -0.0008
            Metrics/height/height_error: 0.7115
       Episode_Reward/base_height_rough: 0.2416
              Episode_Reward/feet_slide: -0.0935
              Curriculum/terrain_levels: 0.0000
           Episode_Reward/forward_pitch: -0.5400
      Episode_Reward/joint_deviation_l1: -0.0213
        Episode_Reward/illegal_contacts: -0.2822
               Curriculum/adaptive_lift: 0.9939
    Episode_Reward/joint_tracking_error: -0.7196
        Episode_Reward/base_height_fine: 0.3067
           Episode_Reward/torque_limits: -0.2443
             Episode_Reward/action_rate: -13.3755
      Episode_Termination/invalid_state: 0.0000
               Episode_Reward/flat_feet: -0.8343
              Episode_Reward/not_moving: -0.1134
--------------------------------------------------------------------------------
                         Iteration time: 2.48s
                           Time elapsed: 0:00:21
                                    ETA: 0:04:02

################################################################################
[1m                            Learning iteration 8/100                            [0m 

                               Run name: nexus
                            Total steps: 884736 
                       Steps per second: 37424 
                        Collection time: 2.272s 
                          Learning time: 0.355s 
                        Mean value loss: 3.0516
                    Mean surrogate loss: -0.0108
                      Mean entropy loss: 39.7232
                     Mean symmetry loss: 0.0005
                   Mean l2c2_actor loss: 0.0027
                  Mean l2c2_critic loss: 0.0017
                            Mean reward: -474.63
                    Mean episode length: 208.44
                        Mean action std: 0.95
                    Entropy coefficient: 0.002500
           Curriculum/polish_torso_slam: -5.0000
      Episode_Reward/base_height_medium: 0.2878
              Episode_Reward/relaxation: -2.2925
         Curriculum/polish_joint_vel_l2: -0.0010
 Episode_Reward/joint_deviation_l1_arms: -0.0061
     Curriculum/polish_action_rate_rate: -0.1500
        Episode_Reward/joint_torques_l2: -0.2494
        Episode_Reward/action_rate_rate: -6.7308
         Episode_Reward/ground_unloaded: -0.2758
           Episode_Reward/feet_distance: -0.0900
          Curriculum/polish_ground_slam: -1.0000
            Episode_Reward/joint_vel_l2: -0.2562
              Episode_Reward/torso_roll: -0.2625
            Episode_Reward/joint_acc_l2: -0.0461
           Episode_Reward/feet_yaw_mean: -0.0914
           Episode_Reward/body_velocity: -0.4421
           Curriculum/polish_not_moving: -1.0000
     Episode_Reward/completely_airborne: -2.4825
              Episode_Reward/torso_slam: -0.1275
           Episode_Reward/torso_upright: -0.0001
           Episode_Reward/ankle_torques: -0.0558
        Curriculum/random_fallen_states: 0.0000
  Episode_Reward/feet_distance_standing: -0.0044
           Episode_Termination/time_out: 0.2743
             Episode_Reward/ground_slam: -0.3519
        Episode_Reward/joint_vel_limits: -0.0003
         Episode_Reward/severely_tilted: -0.0104
        Episode_Reward/joint_pos_limits: -0.0009
            Metrics/height/height_error: 0.6506
       Episode_Reward/base_height_rough: 0.2914
              Episode_Reward/feet_slide: -0.1056
              Curriculum/terrain_levels: 0.0000
           Episode_Reward/forward_pitch: -0.6174
      Episode_Reward/joint_deviation_l1: -0.0192
        Episode_Reward/illegal_contacts: -0.3328
               Curriculum/adaptive_lift: 0.9939
    Episode_Reward/joint_tracking_error: -0.8206
        Episode_Reward/base_height_fine: 0.3371
           Episode_Reward/torque_limits: -0.2768
             Episode_Reward/action_rate: -15.0669
      Episode_Termination/invalid_state: 0.0000
               Episode_Reward/flat_feet: -0.9565
              Episode_Reward/not_moving: -0.1103
--------------------------------------------------------------------------------
                         Iteration time: 2.63s
                           Time elapsed: 0:00:23
                                    ETA: 0:03:59

################################################################################
[1m                            Learning iteration 9/100                            [0m 

                               Run name: nexus
                            Total steps: 983040 
                       Steps per second: 30357 
                        Collection time: 2.774s 
                          Learning time: 0.464s 
                        Mean value loss: 2.9982
                    Mean surrogate loss: -0.0113
                      Mean entropy loss: 39.5924
                     Mean symmetry loss: 0.0006
                   Mean l2c2_actor loss: 0.0029
                  Mean l2c2_critic loss: 0.0014
                            Mean reward: -513.63
                    Mean episode length: 232.17
                        Mean action std: 0.95
                    Entropy coefficient: 0.002500
           Curriculum/polish_torso_slam: -5.0000
      Episode_Reward/base_height_medium: 0.3090
              Episode_Reward/relaxation: -2.0296
         Curriculum/polish_joint_vel_l2: -0.0010
 Episode_Reward/joint_deviation_l1_arms: -0.0086
     Curriculum/polish_action_rate_rate: -0.1500
        Episode_Reward/joint_torques_l2: -0.2687
        Episode_Reward/action_rate_rate: -7.4426
         Episode_Reward/ground_unloaded: -0.3460
           Episode_Reward/feet_distance: -0.1103
          Curriculum/polish_ground_slam: -1.0000
            Episode_Reward/joint_vel_l2: -0.2927
              Episode_Reward/torso_roll: -0.2795
            Episode_Reward/joint_acc_l2: -0.0491
           Episode_Reward/feet_yaw_mean: -0.1024
           Episode_Reward/body_velocity: -0.4441
           Curriculum/polish_not_moving: -1.0000
     Episode_Reward/completely_airborne: -2.3980
              Episode_Reward/torso_slam: -0.1465
           Episode_Reward/torso_upright: -0.0000
           Episode_Reward/ankle_torques: -0.0613
        Curriculum/random_fallen_states: 0.0000
  Episode_Reward/feet_distance_standing: -0.0094
           Episode_Termination/time_out: 0.3062
             Episode_Reward/ground_slam: -0.4142
        Episode_Reward/joint_vel_limits: -0.0003
         Episode_Reward/severely_tilted: -0.0064
        Episode_Reward/joint_pos_limits: -0.0010
            Metrics/height/height_error: 0.6883
       Episode_Reward/base_height_rough: 0.3257
              Episode_Reward/feet_slide: -0.1201
              Curriculum/terrain_levels: 0.0000
           Episode_Reward/forward_pitch: -0.6250
      Episode_Reward/joint_deviation_l1: -0.0254
        Episode_Reward/illegal_contacts: -0.3833
               Curriculum/adaptive_lift: 0.9939
    Episode_Reward/joint_tracking_error: -0.8922
        Episode_Reward/base_height_fine: 0.3515
           Episode_Reward/torque_limits: -0.2919
             Episode_Reward/action_rate: -16.6543
      Episode_Termination/invalid_state: 0.0000
               Episode_Reward/flat_feet: -1.0533
              Episode_Reward/not_moving: -0.1140
--------------------------------------------------------------------------------
                         Iteration time: 3.24s
                           Time elapsed: 0:00:26
                                    ETA: 0:04:02

################################################################################
[1m                           Learning iteration 10/100                            [0m 

                               Run name: nexus
                            Total steps: 1081344 
                       Steps per second: 21862 
                        Collection time: 4.030s 
                          Learning time: 0.466s 
                        Mean value loss: 2.8757
                    Mean surrogate loss: -0.0101
                      Mean entropy loss: 39.3817
                     Mean symmetry loss: 0.0006
                   Mean l2c2_actor loss: 0.0031
                  Mean l2c2_critic loss: 0.0015
                            Mean reward: -564.34
                    Mean episode length: 255.12
                        Mean action std: 0.94
                    Entropy coefficient: 0.002500
           Curriculum/polish_torso_slam: -5.0000
      Episode_Reward/base_height_medium: 0.3206
              Episode_Reward/relaxation: -1.9880
         Curriculum/polish_joint_vel_l2: -0.0010
 Episode_Reward/joint_deviation_l1_arms: -0.0093
     Curriculum/polish_action_rate_rate: -0.1500
        Episode_Reward/joint_torques_l2: -0.3191
        Episode_Reward/action_rate_rate: -8.2061
         Episode_Reward/ground_unloaded: -0.3997
           Episode_Reward/feet_distance: -0.1166
          Curriculum/polish_ground_slam: -1.0000
            Episode_Reward/joint_vel_l2: -0.3016
              Episode_Reward/torso_roll: -0.3149
            Episode_Reward/joint_acc_l2: -0.0642
           Episode_Reward/feet_yaw_mean: -0.1113
           Episode_Reward/body_velocity: -0.4687
           Curriculum/polish_not_moving: -1.0000
     Episode_Reward/completely_airborne: -2.6406
              Episode_Reward/torso_slam: -0.1652
           Episode_Reward/torso_upright: -0.0006
           Episode_Reward/ankle_torques: -0.0755
        Curriculum/random_fallen_states: 0.0000
  Episode_Reward/feet_distance_standing: -0.0072
           Episode_Termination/time_out: 0.3395
             Episode_Reward/ground_slam: -0.4363
        Episode_Reward/joint_vel_limits: -0.0003
         Episode_Reward/severely_tilted: -0.0129
        Episode_Reward/joint_pos_limits: -0.0011
            Metrics/height/height_error: 0.7154
       Episode_Reward/base_height_rough: 0.3359
              Episode_Reward/feet_slide: -0.1349
              Curriculum/terrain_levels: 0.0000
           Episode_Reward/forward_pitch: -0.8562
      Episode_Reward/joint_deviation_l1: -0.0288
        Episode_Reward/illegal_contacts: -0.3924
               Curriculum/adaptive_lift: 0.9939
    Episode_Reward/joint_tracking_error: -0.9913
        Episode_Reward/base_height_fine: 0.3672
           Episode_Reward/torque_limits: -0.3327
             Episode_Reward/action_rate: -18.3581
      Episode_Termination/invalid_state: 0.0000
               Episode_Reward/flat_feet: -1.1731
              Episode_Reward/not_moving: -0.1083
--------------------------------------------------------------------------------
                         Iteration time: 4.50s
                           Time elapsed: 0:00:31
                                    ETA: 0:04:14

################################################################################
[1m                           Learning iteration 11/100                            [0m 

                               Run name: nexus
                            Total steps: 1179648 
                       Steps per second: 20595 
                        Collection time: 4.310s 
                          Learning time: 0.463s 
                        Mean value loss: 2.8351
                    Mean surrogate loss: -0.0111
                      Mean entropy loss: 39.2622
                     Mean symmetry loss: 0.0007
                   Mean l2c2_actor loss: 0.0032
                  Mean l2c2_critic loss: 0.0015
                            Mean reward: -606.55
                    Mean episode length: 277.22
                        Mean action std: 0.94
                    Entropy coefficient: 0.002500
           Curriculum/polish_torso_slam: -5.0000
      Episode_Reward/base_height_medium: 0.5051
              Episode_Reward/relaxation: -2.8439
         Curriculum/polish_joint_vel_l2: -0.0010
 Episode_Reward/joint_deviation_l1_arms: -0.0074
     Curriculum/polish_action_rate_rate: -0.1500
        Episode_Reward/joint_torques_l2: -0.3255
        Episode_Reward/action_rate_rate: -8.8907
         Episode_Reward/ground_unloaded: -0.3859
           Episode_Reward/feet_distance: -0.1259
          Curriculum/polish_ground_slam: -1.0000
            Episode_Reward/joint_vel_l2: -0.3398
              Episode_Reward/torso_roll: -0.3383
            Episode_Reward/joint_acc_l2: -0.0600
           Episode_Reward/feet_yaw_mean: -0.1212
           Episode_Reward/body_velocity: -0.4983
           Curriculum/polish_not_moving: -1.0000
     Episode_Reward/completely_airborne: -2.7599
              Episode_Reward/torso_slam: -0.1901
           Episode_Reward/torso_upright: -0.0001
           Episode_Reward/ankle_torques: -0.0757
        Curriculum/random_fallen_states: 0.0000
  Episode_Reward/feet_distance_standing: -0.0067
           Episode_Termination/time_out: 0.3700
             Episode_Reward/ground_slam: -0.4769
        Episode_Reward/joint_vel_limits: -0.0003
         Episode_Reward/severely_tilted: -0.0100
        Episode_Reward/joint_pos_limits: -0.0011
            Metrics/height/height_error: 0.6829
       Episode_Reward/base_height_rough: 0.4523
              Episode_Reward/feet_slide: -0.1453
              Curriculum/terrain_levels: 0.0000
           Episode_Reward/forward_pitch: -0.9717
      Episode_Reward/joint_deviation_l1: -0.0215
        Episode_Reward/illegal_contacts: -0.4381
               Curriculum/adaptive_lift: 0.9939
    Episode_Reward/joint_tracking_error: -1.0715
        Episode_Reward/base_height_fine: 0.6467
           Episode_Reward/torque_limits: -0.3522
             Episode_Reward/action_rate: -19.9267
      Episode_Termination/invalid_state: 0.0000
               Episode_Reward/flat_feet: -1.3064
              Episode_Reward/not_moving: -0.2036
--------------------------------------------------------------------------------
                         Iteration time: 4.77s
                           Time elapsed: 0:00:36
                                    ETA: 0:04:25

################################################################################
[1m                           Learning iteration 12/100                            [0m 

                               Run name: nexus
                            Total steps: 1277952 
                       Steps per second: 21379 
                        Collection time: 4.135s 
                          Learning time: 0.463s 
                        Mean value loss: 2.6951
                    Mean surrogate loss: -0.0089
                      Mean entropy loss: 39.0702
                     Mean symmetry loss: 0.0008
                   Mean l2c2_actor loss: 0.0034
                  Mean l2c2_critic loss: 0.0016
                            Mean reward: -653.87
                    Mean episode length: 303.42
                        Mean action std: 0.93
                    Entropy coefficient: 0.002500
           Curriculum/polish_torso_slam: -5.0000
      Episode_Reward/base_height_medium: 0.3844
              Episode_Reward/relaxation: -2.0123
         Curriculum/polish_joint_vel_l2: -0.0010
 Episode_Reward/joint_deviation_l1_arms: -0.0094
     Curriculum/polish_action_rate_rate: -0.1500
        Episode_Reward/joint_torques_l2: -0.3462
        Episode_Reward/action_rate_rate: -9.5972
         Episode_Reward/ground_unloaded: -0.4972
           Episode_Reward/feet_distance: -0.1434
          Curriculum/polish_ground_slam: -1.0000
            Episode_Reward/joint_vel_l2: -0.3701
              Episode_Reward/torso_roll: -0.3602
            Episode_Reward/joint_acc_l2: -0.0623
           Episode_Reward/feet_yaw_mean: -0.1339
           Episode_Reward/body_velocity: -0.5056
           Curriculum/polish_not_moving: -1.0000
     Episode_Reward/completely_airborne: -2.9784
              Episode_Reward/torso_slam: -0.2011
           Episode_Reward/torso_upright: -0.0006
           Episode_Reward/ankle_torques: -0.0886
        Curriculum/random_fallen_states: 0.0000
  Episode_Reward/feet_distance_standing: -0.0112
           Episode_Termination/time_out: 0.3969
             Episode_Reward/ground_slam: -0.5027
        Episode_Reward/joint_vel_limits: -0.0004
         Episode_Reward/severely_tilted: -0.0125
        Episode_Reward/joint_pos_limits: -0.0012
            Metrics/height/height_error: 0.7831
       Episode_Reward/base_height_rough: 0.3965
              Episode_Reward/feet_slide: -0.1570
              Curriculum/terrain_levels: 0.0000
           Episode_Reward/forward_pitch: -1.1162
      Episode_Reward/joint_deviation_l1: -0.0271
        Episode_Reward/illegal_contacts: -0.4738
               Curriculum/adaptive_lift: 0.9939
    Episode_Reward/joint_tracking_error: -1.1550
        Episode_Reward/base_height_fine: 0.4506
           Episode_Reward/torque_limits: -0.3769
             Episode_Reward/action_rate: -21.5067
      Episode_Termination/invalid_state: 0.0000
               Episode_Reward/flat_feet: -1.4446
              Episode_Reward/not_moving: -0.1444
--------------------------------------------------------------------------------
                         Iteration time: 4.60s
                           Time elapsed: 0:00:40
                                    ETA: 0:04:33

################################################################################
[1m                           Learning iteration 13/100                            [0m 

                               Run name: nexus
                            Total steps: 1376256 
                       Steps per second: 38518 
                        Collection time: 2.237s 
                          Learning time: 0.315s 
                        Mean value loss: 2.6701
                    Mean surrogate loss: -0.0099
                      Mean entropy loss: 38.9125
                     Mean symmetry loss: 0.0009
                   Mean l2c2_actor loss: 0.0037
                  Mean l2c2_critic loss: 0.0014
                            Mean reward: -721.83
                    Mean episode length: 328.05
                        Mean action std: 0.92
                    Entropy coefficient: 0.002500
           Curriculum/polish_torso_slam: -5.0000
      Episode_Reward/base_height_medium: 0.4222
              Episode_Reward/relaxation: -3.4472
         Curriculum/polish_joint_vel_l2: -0.0010
 Episode_Reward/joint_deviation_l1_arms: -0.0076
     Curriculum/polish_action_rate_rate: -0.1500
        Episode_Reward/joint_torques_l2: -0.3926
        Episode_Reward/action_rate_rate: -10.2747
         Episode_Reward/ground_unloaded: -0.4394
           Episode_Reward/feet_distance: -0.1547
          Curriculum/polish_ground_slam: -1.0000
            Episode_Reward/joint_vel_l2: -0.3853
              Episode_Reward/torso_roll: -0.3895
            Episode_Reward/joint_acc_l2: -0.0767
           Episode_Reward/feet_yaw_mean: -0.1377
           Episode_Reward/body_velocity: -0.5331
           Curriculum/polish_not_moving: -1.0000
     Episode_Reward/completely_airborne: -3.4011
              Episode_Reward/torso_slam: -0.2264
           Episode_Reward/torso_upright: -0.0001
           Episode_Reward/ankle_torques: -0.0914
        Curriculum/random_fallen_states: 0.0000
  Episode_Reward/feet_distance_standing: -0.0088
           Episode_Termination/time_out: 0.4293
             Episode_Reward/ground_slam: -0.5578
        Episode_Reward/joint_vel_limits: -0.0004
         Episode_Reward/severely_tilted: -0.0106
        Episode_Reward/joint_pos_limits: -0.0013
            Metrics/height/height_error: 0.6514
       Episode_Reward/base_height_rough: 0.4652
              Episode_Reward/feet_slide: -0.1778
              Curriculum/terrain_levels: 0.0000
           Episode_Reward/forward_pitch: -1.4619
      Episode_Reward/joint_deviation_l1: -0.0230
        Episode_Reward/illegal_contacts: -0.4536
               Curriculum/adaptive_lift: 0.9939
    Episode_Reward/joint_tracking_error: -1.2386
        Episode_Reward/base_height_fine: 0.4695
           Episode_Reward/torque_limits: -0.4111
             Episode_Reward/action_rate: -23.0234
      Episode_Termination/invalid_state: 0.0000
               Episode_Reward/flat_feet: -1.5484
              Episode_Reward/not_moving: -0.1425
--------------------------------------------------------------------------------
                         Iteration time: 2.55s
                           Time elapsed: 0:00:43
                                    ETA: 0:04:26

################################################################################
[1m                           Learning iteration 14/100                            [0m 

                               Run name: nexus
                            Total steps: 1474560 
                       Steps per second: 40074 
                        Collection time: 2.137s 
                          Learning time: 0.316s 
                        Mean value loss: 2.5759
                    Mean surrogate loss: -0.0087
                      Mean entropy loss: 38.7311
                     Mean symmetry loss: 0.0010
                   Mean l2c2_actor loss: 0.0038
                  Mean l2c2_critic loss: 0.0016
                            Mean reward: -753.09
                    Mean episode length: 350.72
                        Mean action std: 0.92
                    Entropy coefficient: 0.002500
           Curriculum/polish_torso_slam: -5.0000
      Episode_Reward/base_height_medium: 0.4139
              Episode_Reward/relaxation: -3.2566
         Curriculum/polish_joint_vel_l2: -0.0010
 Episode_Reward/joint_deviation_l1_arms: -0.0070
     Curriculum/polish_action_rate_rate: -0.1500
        Episode_Reward/joint_torques_l2: -0.3965
        Episode_Reward/action_rate_rate: -10.9300
         Episode_Reward/ground_unloaded: -0.5018
           Episode_Reward/feet_distance: -0.1592
          Curriculum/polish_ground_slam: -1.0000
            Episode_Reward/joint_vel_l2: -0.4186
              Episode_Reward/torso_roll: -0.4334
            Episode_Reward/joint_acc_l2: -0.0709
           Episode_Reward/feet_yaw_mean: -0.1491
           Episode_Reward/body_velocity: -0.5408
           Curriculum/polish_not_moving: -1.0000
     Episode_Reward/completely_airborne: -3.2098
              Episode_Reward/torso_slam: -0.2324
           Episode_Reward/torso_upright: -0.0002
           Episode_Reward/ankle_torques: -0.1154
        Curriculum/random_fallen_states: 0.0000
  Episode_Reward/feet_distance_standing: -0.0057
           Episode_Termination/time_out: 0.4638
             Episode_Reward/ground_slam: -0.5869
        Episode_Reward/joint_vel_limits: -0.0004
         Episode_Reward/severely_tilted: -0.0075
        Episode_Reward/joint_pos_limits: -0.0013
            Metrics/height/height_error: 0.8469
       Episode_Reward/base_height_rough: 0.4689
              Episode_Reward/feet_slide: -0.1794
              Curriculum/terrain_levels: 0.0000
           Episode_Reward/forward_pitch: -1.1839
      Episode_Reward/joint_deviation_l1: -0.0217
        Episode_Reward/illegal_contacts: -0.5816
               Curriculum/adaptive_lift: 0.9939
    Episode_Reward/joint_tracking_error: -1.3201
        Episode_Reward/base_height_fine: 0.4219
           Episode_Reward/torque_limits: -0.4427
             Episode_Reward/action_rate: -24.5300
      Episode_Termination/invalid_state: 0.0000
               Episode_Reward/flat_feet: -1.6902
              Episode_Reward/not_moving: -0.1223
--------------------------------------------------------------------------------
                         Iteration time: 2.45s
                           Time elapsed: 0:00:45
                                    ETA: 0:04:19

################################################################################
[1m                           Learning iteration 15/100                            [0m 

                               Run name: nexus
                            Total steps: 1572864 
                       Steps per second: 40065 
                        Collection time: 2.138s 
                          Learning time: 0.316s 
                        Mean value loss: 2.5243
                    Mean surrogate loss: -0.0093
                      Mean entropy loss: 38.5880
                     Mean symmetry loss: 0.0009
                   Mean l2c2_actor loss: 0.0040
                  Mean l2c2_critic loss: 0.0014
                            Mean reward: -802.94
                    Mean episode length: 376.18
                        Mean action std: 0.92
                    Entropy coefficient: 0.002500
           Curriculum/polish_torso_slam: -5.0000
      Episode_Reward/base_height_medium: 0.5431
              Episode_Reward/relaxation: -3.4464
         Curriculum/polish_joint_vel_l2: -0.0010
 Episode_Reward/joint_deviation_l1_arms: -0.0076
     Curriculum/polish_action_rate_rate: -0.1500
        Episode_Reward/joint_torques_l2: -0.4484
        Episode_Reward/action_rate_rate: -11.6056
         Episode_Reward/ground_unloaded: -0.5527
           Episode_Reward/feet_distance: -0.1750
          Curriculum/polish_ground_slam: -1.0000
            Episode_Reward/joint_vel_l2: -0.4402
              Episode_Reward/torso_roll: -0.4317
            Episode_Reward/joint_acc_l2: -0.0872
           Episode_Reward/feet_yaw_mean: -0.1612
           Episode_Reward/body_velocity: -0.5636
           Curriculum/polish_not_moving: -1.0000
     Episode_Reward/completely_airborne: -3.4152
              Episode_Reward/torso_slam: -0.2412
           Episode_Reward/torso_upright: -0.0001
           Episode_Reward/ankle_torques: -0.1109
        Curriculum/random_fallen_states: 0.0000
  Episode_Reward/feet_distance_standing: -0.0062
           Episode_Termination/time_out: 0.4953
             Episode_Reward/ground_slam: -0.6426
        Episode_Reward/joint_vel_limits: -0.0004
         Episode_Reward/severely_tilted: -0.0177
        Episode_Reward/joint_pos_limits: -0.0014
            Metrics/height/height_error: 0.8367
       Episode_Reward/base_height_rough: 0.5291
              Episode_Reward/feet_slide: -0.2023
              Curriculum/terrain_levels: 0.0000
           Episode_Reward/forward_pitch: -1.4336
      Episode_Reward/joint_deviation_l1: -0.0240
        Episode_Reward/illegal_contacts: -0.5879
               Curriculum/adaptive_lift: 0.9939
    Episode_Reward/joint_tracking_error: -1.4125
        Episode_Reward/base_height_fine: 0.6764
           Episode_Reward/torque_limits: -0.4761
             Episode_Reward/action_rate: -26.0516
      Episode_Termination/invalid_state: 0.0000
               Episode_Reward/flat_feet: -1.8272
              Episode_Reward/not_moving: -0.2051
--------------------------------------------------------------------------------
                         Iteration time: 2.45s
                           Time elapsed: 0:00:48
                                    ETA: 0:04:13

################################################################################
[1m                           Learning iteration 16/100                            [0m 

                               Run name: nexus
                            Total steps: 1671168 
                       Steps per second: 40067 
                        Collection time: 2.138s 
                          Learning time: 0.316s 
                        Mean value loss: 2.4752
                    Mean surrogate loss: -0.0089
                      Mean entropy loss: 38.4419
                     Mean symmetry loss: 0.0010
                   Mean l2c2_actor loss: 0.0043
                  Mean l2c2_critic loss: 0.0019
                            Mean reward: -837.75
                    Mean episode length: 399.38
                        Mean action std: 0.91
                    Entropy coefficient: 0.002500
           Curriculum/polish_torso_slam: -5.0000
      Episode_Reward/base_height_medium: 0.5415
              Episode_Reward/relaxation: -4.0407
         Curriculum/polish_joint_vel_l2: -0.0010
 Episode_Reward/joint_deviation_l1_arms: -0.0072
     Curriculum/polish_action_rate_rate: -0.1500
        Episode_Reward/joint_torques_l2: -0.4415
        Episode_Reward/action_rate_rate: -12.2392
         Episode_Reward/ground_unloaded: -0.5162
           Episode_Reward/feet_distance: -0.1763
          Curriculum/polish_ground_slam: -1.0000
            Episode_Reward/joint_vel_l2: -0.4706
              Episode_Reward/torso_roll: -0.4747
            Episode_Reward/joint_acc_l2: -0.0776
           Episode_Reward/feet_yaw_mean: -0.1685
           Episode_Reward/body_velocity: -0.5722
           Curriculum/polish_not_moving: -1.0000
     Episode_Reward/completely_airborne: -3.4872
              Episode_Reward/torso_slam: -0.2486
           Episode_Reward/torso_upright: -0.0000
           Episode_Reward/ankle_torques: -0.1117
        Curriculum/random_fallen_states: 0.0000
  Episode_Reward/feet_distance_standing: -0.0064
           Episode_Termination/time_out: 0.5293
             Episode_Reward/ground_slam: -0.6629
        Episode_Reward/joint_vel_limits: -0.0004
         Episode_Reward/severely_tilted: -0.0048
        Episode_Reward/joint_pos_limits: -0.0015
            Metrics/height/height_error: 0.8696
       Episode_Reward/base_height_rough: 0.5699
              Episode_Reward/feet_slide: -0.2060
              Curriculum/terrain_levels: 0.0000
           Episode_Reward/forward_pitch: -1.3777
      Episode_Reward/joint_deviation_l1: -0.0221
        Episode_Reward/illegal_contacts: -0.6681
               Curriculum/adaptive_lift: 0.9939
    Episode_Reward/joint_tracking_error: -1.4803
        Episode_Reward/base_height_fine: 0.6284
           Episode_Reward/torque_limits: -0.4793
             Episode_Reward/action_rate: -27.4739
      Episode_Termination/invalid_state: 0.0000
               Episode_Reward/flat_feet: -1.9545
              Episode_Reward/not_moving: -0.1849
--------------------------------------------------------------------------------
                         Iteration time: 2.45s
                           Time elapsed: 0:00:50
                                    ETA: 0:04:07

################################################################################
[1m                           Learning iteration 17/100                            [0m 

                               Run name: nexus
                            Total steps: 1769472 
                       Steps per second: 40317 
                        Collection time: 2.122s 
                          Learning time: 0.316s 
                        Mean value loss: 2.4121
                    Mean surrogate loss: -0.0085
                      Mean entropy loss: 38.2629
                     Mean symmetry loss: 0.0010
                   Mean l2c2_actor loss: 0.0044
                  Mean l2c2_critic loss: 0.0022
                            Mean reward: -895.20
                    Mean episode length: 424.86
                        Mean action std: 0.91
                    Entropy coefficient: 0.002500
           Curriculum/polish_torso_slam: -5.0000
      Episode_Reward/base_height_medium: 0.6348
              Episode_Reward/relaxation: -4.3647
         Curriculum/polish_joint_vel_l2: -0.0010
 Episode_Reward/joint_deviation_l1_arms: -0.0071
     Curriculum/polish_action_rate_rate: -0.1500
        Episode_Reward/joint_torques_l2: -0.5238
        Episode_Reward/action_rate_rate: -12.9605
         Episode_Reward/ground_unloaded: -0.6042
           Episode_Reward/feet_distance: -0.1874
          Curriculum/polish_ground_slam: -1.0000
            Episode_Reward/joint_vel_l2: -0.4915
              Episode_Reward/torso_roll: -0.5074
            Episode_Reward/joint_acc_l2: -0.1072
           Episode_Reward/feet_yaw_mean: -0.1837
           Episode_Reward/body_velocity: -0.6121
           Curriculum/polish_not_moving: -1.0000
     Episode_Reward/completely_airborne: -3.5537
              Episode_Reward/torso_slam: -0.2626
           Episode_Reward/torso_upright: -0.0000
           Episode_Reward/ankle_torques: -0.1218
        Curriculum/random_fallen_states: 0.0000
  Episode_Reward/feet_distance_standing: -0.0068
           Episode_Termination/time_out: 0.5632
             Episode_Reward/ground_slam: -0.7237
        Episode_Reward/joint_vel_limits: -0.0004
         Episode_Reward/severely_tilted: -0.0167
        Episode_Reward/joint_pos_limits: -0.0016
            Metrics/height/height_error: 0.9073
       Episode_Reward/base_height_rough: 0.6510
              Episode_Reward/feet_slide: -0.2200
              Curriculum/terrain_levels: 0.0000
           Episode_Reward/forward_pitch: -1.2626
      Episode_Reward/joint_deviation_l1: -0.0201
        Episode_Reward/illegal_contacts: -0.7522
               Curriculum/adaptive_lift: 0.9939
    Episode_Reward/joint_tracking_error: -1.5835
        Episode_Reward/base_height_fine: 0.7173
           Episode_Reward/torque_limits: -0.5247
             Episode_Reward/action_rate: -29.0987
      Episode_Termination/invalid_state: 0.0000
               Episode_Reward/flat_feet: -2.0710
              Episode_Reward/not_moving: -0.2094
--------------------------------------------------------------------------------
                         Iteration time: 2.44s
                           Time elapsed: 0:00:53
                                    ETA: 0:04:02

################################################################################
[1m                           Learning iteration 18/100                            [0m 

                               Run name: nexus
                            Total steps: 1867776 
                       Steps per second: 40028 
                        Collection time: 2.140s 
                          Learning time: 0.316s 
                        Mean value loss: 2.3601
                    Mean surrogate loss: -0.0103
                      Mean entropy loss: 38.1706
                     Mean symmetry loss: 0.0010
                   Mean l2c2_actor loss: 0.0047
                  Mean l2c2_critic loss: 0.0034
                            Mean reward: -951.56
                    Mean episode length: 447.53
                        Mean action std: 0.90
                    Entropy coefficient: 0.002500
           Curriculum/polish_torso_slam: -5.0000
      Episode_Reward/base_height_medium: 0.5692
              Episode_Reward/relaxation: -4.9937
         Curriculum/polish_joint_vel_l2: -0.0010
 Episode_Reward/joint_deviation_l1_arms: -0.0083
     Curriculum/polish_action_rate_rate: -0.1500
        Episode_Reward/joint_torques_l2: -0.5224
        Episode_Reward/action_rate_rate: -13.5640
         Episode_Reward/ground_unloaded: -0.5781
           Episode_Reward/feet_distance: -0.2087
          Curriculum/polish_ground_slam: -1.0000
            Episode_Reward/joint_vel_l2: -0.5189
              Episode_Reward/torso_roll: -0.5193
            Episode_Reward/joint_acc_l2: -0.1002
           Episode_Reward/feet_yaw_mean: -0.1915
           Episode_Reward/body_velocity: -0.6362
           Curriculum/polish_not_moving: -1.0000
     Episode_Reward/completely_airborne: -4.0457
              Episode_Reward/torso_slam: -0.2893
           Episode_Reward/torso_upright: -0.0007
           Episode_Reward/ankle_torques: -0.1195
        Curriculum/random_fallen_states: 0.0000
  Episode_Reward/feet_distance_standing: -0.0098
           Episode_Termination/time_out: 0.5961
             Episode_Reward/ground_slam: -0.7431
        Episode_Reward/joint_vel_limits: -0.0005
         Episode_Reward/severely_tilted: -0.0098
        Episode_Reward/joint_pos_limits: -0.0018
            Metrics/height/height_error: 0.8606
       Episode_Reward/base_height_rough: 0.6324
              Episode_Reward/feet_slide: -0.2352
              Curriculum/terrain_levels: 0.0000
           Episode_Reward/forward_pitch: -1.8290
      Episode_Reward/joint_deviation_l1: -0.0248
        Episode_Reward/illegal_contacts: -0.6938
               Curriculum/adaptive_lift: 0.9939
    Episode_Reward/joint_tracking_error: -1.6607
        Episode_Reward/base_height_fine: 0.6136
           Episode_Reward/torque_limits: -0.5471
             Episode_Reward/action_rate: -30.4875
      Episode_Termination/invalid_state: 0.0000
               Episode_Reward/flat_feet: -2.1985
              Episode_Reward/not_moving: -0.1747
--------------------------------------------------------------------------------
                         Iteration time: 2.46s
                           Time elapsed: 0:00:55
                                    ETA: 0:03:57

################################################################################
[1m                           Learning iteration 19/100                            [0m 

                               Run name: nexus
                            Total steps: 1966080 
                       Steps per second: 39879 
                        Collection time: 2.150s 
                          Learning time: 0.315s 
                        Mean value loss: 2.2660
                    Mean surrogate loss: -0.0082
                      Mean entropy loss: 38.0354
                     Mean symmetry loss: 0.0012
                   Mean l2c2_actor loss: 0.0048
                  Mean l2c2_critic loss: 0.0031
                            Mean reward: -989.21
                    Mean episode length: 471.54
                        Mean action std: 0.90
                    Entropy coefficient: 0.002500
           Curriculum/polish_torso_slam: -5.0000
      Episode_Reward/base_height_medium: 0.5144
              Episode_Reward/relaxation: -4.5524
         Curriculum/polish_joint_vel_l2: -0.0010
 Episode_Reward/joint_deviation_l1_arms: -0.0077
     Curriculum/polish_action_rate_rate: -0.1500
        Episode_Reward/joint_torques_l2: -0.5524
        Episode_Reward/action_rate_rate: -14.2055
         Episode_Reward/ground_unloaded: -0.6655
           Episode_Reward/feet_distance: -0.2209
          Curriculum/polish_ground_slam: -1.0000
            Episode_Reward/joint_vel_l2: -0.5417
              Episode_Reward/torso_roll: -0.5487
            Episode_Reward/joint_acc_l2: -0.1070
           Episode_Reward/feet_yaw_mean: -0.2007
           Episode_Reward/body_velocity: -0.6348
           Curriculum/polish_not_moving: -1.0000
     Episode_Reward/completely_airborne: -4.0630
              Episode_Reward/torso_slam: -0.2959
           Episode_Reward/torso_upright: -0.0002
           Episode_Reward/ankle_torques: -0.1166
        Curriculum/random_fallen_states: 0.0000
  Episode_Reward/feet_distance_standing: -0.0079
           Episode_Termination/time_out: 0.6322
             Episode_Reward/ground_slam: -0.7939
        Episode_Reward/joint_vel_limits: -0.0005
         Episode_Reward/severely_tilted: -0.0210
        Episode_Reward/joint_pos_limits: -0.0018
            Metrics/height/height_error: 0.9430
       Episode_Reward/base_height_rough: 0.6188
              Episode_Reward/feet_slide: -0.2481
              Curriculum/terrain_levels: 0.0000
           Episode_Reward/forward_pitch: -1.7591
      Episode_Reward/joint_deviation_l1: -0.0221
        Episode_Reward/illegal_contacts: -0.7705
               Curriculum/adaptive_lift: 0.9939
    Episode_Reward/joint_tracking_error: -1.7171
        Episode_Reward/base_height_fine: 0.5355
           Episode_Reward/torque_limits: -0.5569
             Episode_Reward/action_rate: -31.9136
      Episode_Termination/invalid_state: 0.0000
               Episode_Reward/flat_feet: -2.3371
              Episode_Reward/not_moving: -0.1553
--------------------------------------------------------------------------------
                         Iteration time: 2.47s
                           Time elapsed: 0:00:58
                                    ETA: 0:03:52

################################################################################
[1m                           Learning iteration 20/100                            [0m 

                               Run name: nexus
                            Total steps: 2064384 
                       Steps per second: 40356 
                        Collection time: 2.121s 
                          Learning time: 0.315s 
                        Mean value loss: 2.2128
                    Mean surrogate loss: -0.0075
                      Mean entropy loss: 37.8834
                     Mean symmetry loss: 0.0011
                   Mean l2c2_actor loss: 0.0048
                  Mean l2c2_critic loss: 0.0016
                            Mean reward: -999.56
                    Mean episode length: 493.18
                        Mean action std: 0.89
                    Entropy coefficient: 0.002500
           Curriculum/polish_torso_slam: -5.0000
      Episode_Reward/base_height_medium: 0.8430
              Episode_Reward/relaxation: -4.0405
         Curriculum/polish_joint_vel_l2: -0.0010
 Episode_Reward/joint_deviation_l1_arms: -0.0084
     Curriculum/polish_action_rate_rate: -0.1500
        Episode_Reward/joint_torques_l2: -0.5404
        Episode_Reward/action_rate_rate: -14.8388
         Episode_Reward/ground_unloaded: -0.7390
           Episode_Reward/feet_distance: -0.2177
          Curriculum/polish_ground_slam: -1.0000
            Episode_Reward/joint_vel_l2: -0.5816
              Episode_Reward/torso_roll: -0.5469
            Episode_Reward/joint_acc_l2: -0.0934
           Episode_Reward/feet_yaw_mean: -0.2144
           Episode_Reward/body_velocity: -0.6386
           Curriculum/polish_not_moving: -1.0000
     Episode_Reward/completely_airborne: -4.0218
              Episode_Reward/torso_slam: -0.3102
           Episode_Reward/torso_upright: -0.0001
           Episode_Reward/ankle_torques: -0.1167
        Curriculum/random_fallen_states: 0.0000
  Episode_Reward/feet_distance_standing: -0.0096
           Episode_Termination/time_out: 0.6628
             Episode_Reward/ground_slam: -0.8336
        Episode_Reward/joint_vel_limits: -0.0005
         Episode_Reward/severely_tilted: -0.0154
        Episode_Reward/joint_pos_limits: -0.0018
            Metrics/height/height_error: 0.8403
       Episode_Reward/base_height_rough: 0.8024
              Episode_Reward/feet_slide: -0.2726
              Curriculum/terrain_levels: 0.0000
           Episode_Reward/forward_pitch: -1.9408
      Episode_Reward/joint_deviation_l1: -0.0274
        Episode_Reward/illegal_contacts: -0.8000
               Curriculum/adaptive_lift: 0.9939
    Episode_Reward/joint_tracking_error: -1.7859
        Episode_Reward/base_height_fine: 1.0119
           Episode_Reward/torque_limits: -0.5769
             Episode_Reward/action_rate: -33.3505
      Episode_Termination/invalid_state: 0.0000
               Episode_Reward/flat_feet: -2.4675
              Episode_Reward/not_moving: -0.2699
--------------------------------------------------------------------------------
                         Iteration time: 2.44s
                           Time elapsed: 0:01:00
                                    ETA: 0:03:47

################################################################################
[1m                           Learning iteration 21/100                            [0m 

                               Run name: nexus
                            Total steps: 2162688 
                       Steps per second: 40336 
                        Collection time: 2.122s 
                          Learning time: 0.315s 
                        Mean value loss: 2.1680
                    Mean surrogate loss: -0.0096
                      Mean entropy loss: 37.7621
                     Mean symmetry loss: 0.0012
                   Mean l2c2_actor loss: 0.0050
                  Mean l2c2_critic loss: 0.0039
                            Mean reward: -1050.16
                    Mean episode length: 518.30
                        Mean action std: 0.89
                    Entropy coefficient: 0.002500
           Curriculum/polish_torso_slam: -5.0000
      Episode_Reward/base_height_medium: 0.6294
              Episode_Reward/relaxation: -4.1017
         Curriculum/polish_joint_vel_l2: -0.0010
 Episode_Reward/joint_deviation_l1_arms: -0.0081
     Curriculum/polish_action_rate_rate: -0.1500
        Episode_Reward/joint_torques_l2: -0.5668
        Episode_Reward/action_rate_rate: -15.4726
         Episode_Reward/ground_unloaded: -0.7871
           Episode_Reward/feet_distance: -0.2453
          Curriculum/polish_ground_slam: -1.0000
            Episode_Reward/joint_vel_l2: -0.6034
              Episode_Reward/torso_roll: -0.6025
            Episode_Reward/joint_acc_l2: -0.0992
           Episode_Reward/feet_yaw_mean: -0.2239
           Episode_Reward/body_velocity: -0.6664
           Curriculum/polish_not_moving: -1.0000
     Episode_Reward/completely_airborne: -4.4039
              Episode_Reward/torso_slam: -0.3265
           Episode_Reward/torso_upright: -0.0006
           Episode_Reward/ankle_torques: -0.1207
        Curriculum/random_fallen_states: 0.0000
  Episode_Reward/feet_distance_standing: -0.0080
           Episode_Termination/time_out: 0.6938
             Episode_Reward/ground_slam: -0.8710
        Episode_Reward/joint_vel_limits: -0.0005
         Episode_Reward/severely_tilted: -0.0125
        Episode_Reward/joint_pos_limits: -0.0020
            Metrics/height/height_error: 0.9261
       Episode_Reward/base_height_rough: 0.6721
              Episode_Reward/feet_slide: -0.2775
              Curriculum/terrain_levels: 0.0000
           Episode_Reward/forward_pitch: -1.8377
      Episode_Reward/joint_deviation_l1: -0.0240
        Episode_Reward/illegal_contacts: -0.8757
               Curriculum/adaptive_lift: 0.9939
    Episode_Reward/joint_tracking_error: -1.8655
        Episode_Reward/base_height_fine: 0.7382
           Episode_Reward/torque_limits: -0.6038
             Episode_Reward/action_rate: -34.8034
      Episode_Termination/invalid_state: 0.0000
               Episode_Reward/flat_feet: -2.6056
              Episode_Reward/not_moving: -0.2104
--------------------------------------------------------------------------------
                         Iteration time: 2.44s
                           Time elapsed: 0:01:02
                                    ETA: 0:03:43

################################################################################
[1m                           Learning iteration 22/100                            [0m 

                               Run name: nexus
                            Total steps: 2260992 
                       Steps per second: 40228 
                        Collection time: 2.128s 
                          Learning time: 0.315s 
                        Mean value loss: 2.1332
                    Mean surrogate loss: -0.0076
                      Mean entropy loss: 37.5963
                     Mean symmetry loss: 0.0012
                   Mean l2c2_actor loss: 0.0052
                  Mean l2c2_critic loss: 0.0042
                            Mean reward: -1111.41
                    Mean episode length: 542.84
                        Mean action std: 0.89
                    Entropy coefficient: 0.002500
           Curriculum/polish_torso_slam: -5.0000
      Episode_Reward/base_height_medium: 0.6560
              Episode_Reward/relaxation: -4.4210
         Curriculum/polish_joint_vel_l2: -0.0010
 Episode_Reward/joint_deviation_l1_arms: -0.0079
     Curriculum/polish_action_rate_rate: -0.1500
        Episode_Reward/joint_torques_l2: -0.6207
        Episode_Reward/action_rate_rate: -16.0628
         Episode_Reward/ground_unloaded: -0.8403
           Episode_Reward/feet_distance: -0.2384
          Curriculum/polish_ground_slam: -1.0000
            Episode_Reward/joint_vel_l2: -0.6187
              Episode_Reward/torso_roll: -0.6267
            Episode_Reward/joint_acc_l2: -0.1198
           Episode_Reward/feet_yaw_mean: -0.2361
           Episode_Reward/body_velocity: -0.6962
           Curriculum/polish_not_moving: -1.0000
     Episode_Reward/completely_airborne: -4.5808
              Episode_Reward/torso_slam: -0.3476
           Episode_Reward/torso_upright: 0.0000
           Episode_Reward/ankle_torques: -0.1633
        Curriculum/random_fallen_states: 0.0000
  Episode_Reward/feet_distance_standing: -0.0056
           Episode_Termination/time_out: 0.7223
             Episode_Reward/ground_slam: -0.8919
        Episode_Reward/joint_vel_limits: -0.0005
         Episode_Reward/severely_tilted: -0.0194
        Episode_Reward/joint_pos_limits: -0.0021
            Metrics/height/height_error: 1.0236
       Episode_Reward/base_height_rough: 0.7085
              Episode_Reward/feet_slide: -0.2877
              Curriculum/terrain_levels: 0.0000
           Episode_Reward/forward_pitch: -2.1790
      Episode_Reward/joint_deviation_l1: -0.0240
        Episode_Reward/illegal_contacts: -0.8692
               Curriculum/adaptive_lift: 0.9939
    Episode_Reward/joint_tracking_error: -1.9773
        Episode_Reward/base_height_fine: 0.7164
           Episode_Reward/torque_limits: -0.6379
             Episode_Reward/action_rate: -36.1474
      Episode_Termination/invalid_state: 0.0000
               Episode_Reward/flat_feet: -2.7374
              Episode_Reward/not_moving: -0.1870
--------------------------------------------------------------------------------
                         Iteration time: 2.44s
                           Time elapsed: 0:01:05
                                    ETA: 0:03:38

################################################################################
[1m                           Learning iteration 23/100                            [0m 

                               Run name: nexus
                            Total steps: 2359296 
                       Steps per second: 40317 
                        Collection time: 2.123s 
                          Learning time: 0.315s 
                        Mean value loss: 2.1159
                    Mean surrogate loss: -0.0081
                      Mean entropy loss: 37.5006
                     Mean symmetry loss: 0.0012
                   Mean l2c2_actor loss: 0.0052
                  Mean l2c2_critic loss: 0.0059
                            Mean reward: -1142.74
                    Mean episode length: 567.32
                        Mean action std: 0.88
                    Entropy coefficient: 0.002500
           Curriculum/polish_torso_slam: -5.0000
      Episode_Reward/base_height_medium: 0.6960
              Episode_Reward/relaxation: -5.3188
         Curriculum/polish_joint_vel_l2: -0.0010
 Episode_Reward/joint_deviation_l1_arms: -0.0082
     Curriculum/polish_action_rate_rate: -0.1500
        Episode_Reward/joint_torques_l2: -0.6530
        Episode_Reward/action_rate_rate: -16.6960
         Episode_Reward/ground_unloaded: -0.8191
           Episode_Reward/feet_distance: -0.2523
          Curriculum/polish_ground_slam: -1.0000
            Episode_Reward/joint_vel_l2: -0.6403
              Episode_Reward/torso_roll: -0.6664
            Episode_Reward/joint_acc_l2: -0.1257
           Episode_Reward/feet_yaw_mean: -0.2396
           Episode_Reward/body_velocity: -0.6945
           Curriculum/polish_not_moving: -1.0000
     Episode_Reward/completely_airborne: -4.3851
              Episode_Reward/torso_slam: -0.3258
           Episode_Reward/torso_upright: -0.0002
           Episode_Reward/ankle_torques: -0.1608
        Curriculum/random_fallen_states: 0.0000
  Episode_Reward/feet_distance_standing: -0.0074
           Episode_Termination/time_out: 0.7552
             Episode_Reward/ground_slam: -0.9421
        Episode_Reward/joint_vel_limits: -0.0005
         Episode_Reward/severely_tilted: -0.0217
        Episode_Reward/joint_pos_limits: -0.0022
            Metrics/height/height_error: 0.9676
       Episode_Reward/base_height_rough: 0.7653
              Episode_Reward/feet_slide: -0.2896
              Curriculum/terrain_levels: 0.0000
           Episode_Reward/forward_pitch: -1.6722
      Episode_Reward/joint_deviation_l1: -0.0246
        Episode_Reward/illegal_contacts: -1.0362
               Curriculum/adaptive_lift: 0.9939
    Episode_Reward/joint_tracking_error: -2.0334
        Episode_Reward/base_height_fine: 0.8061
           Episode_Reward/torque_limits: -0.6581
             Episode_Reward/action_rate: -37.5680
      Episode_Termination/invalid_state: 0.0000
               Episode_Reward/flat_feet: -2.8407
              Episode_Reward/not_moving: -0.2544
--------------------------------------------------------------------------------
                         Iteration time: 2.44s
                           Time elapsed: 0:01:07
                                    ETA: 0:03:34

################################################################################
[1m                           Learning iteration 24/100                            [0m 

                               Run name: nexus
                            Total steps: 2457600 
                       Steps per second: 40363 
                        Collection time: 2.120s 
                          Learning time: 0.315s 
                        Mean value loss: 2.0651
                    Mean surrogate loss: -0.0062
                      Mean entropy loss: 37.3615
                     Mean symmetry loss: 0.0013
                   Mean l2c2_actor loss: 0.0054
                  Mean l2c2_critic loss: 0.0032
                            Mean reward: -1192.46
                    Mean episode length: 590.15
                        Mean action std: 0.88
                    Entropy coefficient: 0.002500
           Curriculum/polish_torso_slam: -5.0000
      Episode_Reward/base_height_medium: 0.6268
              Episode_Reward/relaxation: -5.9774
         Curriculum/polish_joint_vel_l2: -0.0010
 Episode_Reward/joint_deviation_l1_arms: -0.0071
     Curriculum/polish_action_rate_rate: -0.1500
        Episode_Reward/joint_torques_l2: -0.6798
        Episode_Reward/action_rate_rate: -17.2886
         Episode_Reward/ground_unloaded: -0.8256
           Episode_Reward/feet_distance: -0.2553
          Curriculum/polish_ground_slam: -1.0000
            Episode_Reward/joint_vel_l2: -0.6619
              Episode_Reward/torso_roll: -0.6891
            Episode_Reward/joint_acc_l2: -0.1300
           Episode_Reward/feet_yaw_mean: -0.2483
           Episode_Reward/body_velocity: -0.6985
           Curriculum/polish_not_moving: -1.0000
     Episode_Reward/completely_airborne: -4.3242
              Episode_Reward/torso_slam: -0.3413
           Episode_Reward/torso_upright: 0.0000
           Episode_Reward/ankle_torques: -0.1466
        Curriculum/random_fallen_states: 0.0000
  Episode_Reward/feet_distance_standing: -0.0067
           Episode_Termination/time_out: 0.7873
             Episode_Reward/ground_slam: -0.9466
        Episode_Reward/joint_vel_limits: -0.0005
         Episode_Reward/severely_tilted: -0.0077
        Episode_Reward/joint_pos_limits: -0.0021
            Metrics/height/height_error: 0.9099
       Episode_Reward/base_height_rough: 0.7756
              Episode_Reward/feet_slide: -0.2906
              Curriculum/terrain_levels: 0.0000
           Episode_Reward/forward_pitch: -1.5906
      Episode_Reward/joint_deviation_l1: -0.0218
        Episode_Reward/illegal_contacts: -1.1215
               Curriculum/adaptive_lift: 0.9939
    Episode_Reward/joint_tracking_error: -2.1240
        Episode_Reward/base_height_fine: 0.6061
           Episode_Reward/torque_limits: -0.6867
             Episode_Reward/action_rate: -38.9208
      Episode_Termination/invalid_state: 0.0000
               Episode_Reward/flat_feet: -2.9836
              Episode_Reward/not_moving: -0.1620
--------------------------------------------------------------------------------
                         Iteration time: 2.44s
                           Time elapsed: 0:01:10
                                    ETA: 0:03:30

################################################################################
[1m                           Learning iteration 25/100                            [0m 

                               Run name: nexus
                            Total steps: 2555904 
                       Steps per second: 40405 
                        Collection time: 2.118s 
                          Learning time: 0.315s 
                        Mean value loss: 2.0315
                    Mean surrogate loss: -0.0092
                      Mean entropy loss: 37.2424
                     Mean symmetry loss: 0.0013
                   Mean l2c2_actor loss: 0.0056
                  Mean l2c2_critic loss: 0.0046
                            Mean reward: -1240.33
                    Mean episode length: 616.28
                        Mean action std: 0.88
                    Entropy coefficient: 0.002500
           Curriculum/polish_torso_slam: -5.0000
      Episode_Reward/base_height_medium: 0.8216
              Episode_Reward/relaxation: -5.4509
         Curriculum/polish_joint_vel_l2: -0.0010
 Episode_Reward/joint_deviation_l1_arms: -0.0062
     Curriculum/polish_action_rate_rate: -0.1500
        Episode_Reward/joint_torques_l2: -0.6762
        Episode_Reward/action_rate_rate: -17.8612
         Episode_Reward/ground_unloaded: -0.8758
           Episode_Reward/feet_distance: -0.2717
          Curriculum/polish_ground_slam: -1.0000
            Episode_Reward/joint_vel_l2: -0.6854
              Episode_Reward/torso_roll: -0.7059
            Episode_Reward/joint_acc_l2: -0.1211
           Episode_Reward/feet_yaw_mean: -0.2567
           Episode_Reward/body_velocity: -0.7443
           Curriculum/polish_not_moving: -1.0000
     Episode_Reward/completely_airborne: -5.0364
              Episode_Reward/torso_slam: -0.4090
           Episode_Reward/torso_upright: 0.0000
           Episode_Reward/ankle_torques: -0.1828
        Curriculum/random_fallen_states: 0.0000
  Episode_Reward/feet_distance_standing: -0.0052
           Episode_Termination/time_out: 0.8171
             Episode_Reward/ground_slam: -1.0007
        Episode_Reward/joint_vel_limits: -0.0006
         Episode_Reward/severely_tilted: -0.0102
        Episode_Reward/joint_pos_limits: -0.0023
            Metrics/height/height_error: 0.9458
       Episode_Reward/base_height_rough: 0.8696
              Episode_Reward/feet_slide: -0.3250
              Curriculum/terrain_levels: 0.0000
           Episode_Reward/forward_pitch: -2.6057
      Episode_Reward/joint_deviation_l1: -0.0188
        Episode_Reward/illegal_contacts: -0.9717
               Curriculum/adaptive_lift: 0.9939
    Episode_Reward/joint_tracking_error: -2.1477
        Episode_Reward/base_height_fine: 0.9103
           Episode_Reward/torque_limits: -0.7137
             Episode_Reward/action_rate: -40.2251
      Episode_Termination/invalid_state: 0.0000
               Episode_Reward/flat_feet: -3.0886
              Episode_Reward/not_moving: -0.2215
--------------------------------------------------------------------------------
                         Iteration time: 2.43s
                           Time elapsed: 0:01:12
                                    ETA: 0:03:26

################################################################################
[1m                           Learning iteration 26/100                            [0m 

                               Run name: nexus
                            Total steps: 2654208 
                       Steps per second: 40376 
                        Collection time: 2.119s 
                          Learning time: 0.316s 
                        Mean value loss: 2.0376
                    Mean surrogate loss: -0.0091
                      Mean entropy loss: 37.1166
                     Mean symmetry loss: 0.0013
                   Mean l2c2_actor loss: 0.0056
                  Mean l2c2_critic loss: 0.0050
                            Mean reward: -1257.26
                    Mean episode length: 639.31
                        Mean action std: 0.87
                    Entropy coefficient: 0.002500
           Curriculum/polish_torso_slam: -5.0000
      Episode_Reward/base_height_medium: 0.8771
              Episode_Reward/relaxation: -5.4353
         Curriculum/polish_joint_vel_l2: -0.0010
 Episode_Reward/joint_deviation_l1_arms: -0.0081
     Curriculum/polish_action_rate_rate: -0.1500
        Episode_Reward/joint_torques_l2: -0.6967
        Episode_Reward/action_rate_rate: -18.4884
         Episode_Reward/ground_unloaded: -0.9455
           Episode_Reward/feet_distance: -0.2682
          Curriculum/polish_ground_slam: -1.0000
            Episode_Reward/joint_vel_l2: -0.7219
              Episode_Reward/torso_roll: -0.7458
            Episode_Reward/joint_acc_l2: -0.1240
           Episode_Reward/feet_yaw_mean: -0.2691
           Episode_Reward/body_velocity: -0.7409
           Curriculum/polish_not_moving: -1.0000
     Episode_Reward/completely_airborne: -4.8074
              Episode_Reward/torso_slam: -0.3866
           Episode_Reward/torso_upright: -0.0001
           Episode_Reward/ankle_torques: -0.1545
        Curriculum/random_fallen_states: 0.0000
  Episode_Reward/feet_distance_standing: -0.0076
           Episode_Termination/time_out: 0.8485
             Episode_Reward/ground_slam: -1.0516
        Episode_Reward/joint_vel_limits: -0.0006
         Episode_Reward/severely_tilted: -0.0209
        Episode_Reward/joint_pos_limits: -0.0023
            Metrics/height/height_error: 0.9737
       Episode_Reward/base_height_rough: 0.9069
              Episode_Reward/feet_slide: -0.3380
              Curriculum/terrain_levels: 0.0000
           Episode_Reward/forward_pitch: -2.2556
      Episode_Reward/joint_deviation_l1: -0.0246
        Episode_Reward/illegal_contacts: -1.0979
               Curriculum/adaptive_lift: 0.9939
    Episode_Reward/joint_tracking_error: -2.2451
        Episode_Reward/base_height_fine: 1.0274
           Episode_Reward/torque_limits: -0.7052
             Episode_Reward/action_rate: -41.6439
      Episode_Termination/invalid_state: 0.0000
               Episode_Reward/flat_feet: -3.2062
              Episode_Reward/not_moving: -0.2775
--------------------------------------------------------------------------------
                         Iteration time: 2.43s
                           Time elapsed: 0:01:15
                                    ETA: 0:03:23

################################################################################
[1m                           Learning iteration 27/100                            [0m 

                               Run name: nexus
                            Total steps: 2752512 
                       Steps per second: 40419 
                        Collection time: 2.116s 
                          Learning time: 0.316s 
                        Mean value loss: 1.9824
                    Mean surrogate loss: -0.0086
                      Mean entropy loss: 36.9976
                     Mean symmetry loss: 0.0012
                   Mean l2c2_actor loss: 0.0056
                  Mean l2c2_critic loss: 0.0053
                            Mean reward: -1325.74
                    Mean episode length: 662.17
                        Mean action std: 0.87
                    Entropy coefficient: 0.002500
           Curriculum/polish_torso_slam: -5.0000
      Episode_Reward/base_height_medium: 0.7748
              Episode_Reward/relaxation: -6.7705
         Curriculum/polish_joint_vel_l2: -0.0010
 Episode_Reward/joint_deviation_l1_arms: -0.0068
     Curriculum/polish_action_rate_rate: -0.1500
        Episode_Reward/joint_torques_l2: -0.7396
        Episode_Reward/action_rate_rate: -19.0314
         Episode_Reward/ground_unloaded: -0.9018
           Episode_Reward/feet_distance: -0.2841
          Curriculum/polish_ground_slam: -1.0000
            Episode_Reward/joint_vel_l2: -0.7456
              Episode_Reward/torso_roll: -0.7621
            Episode_Reward/joint_acc_l2: -0.1344
           Episode_Reward/feet_yaw_mean: -0.2761
           Episode_Reward/body_velocity: -0.7691
           Curriculum/polish_not_moving: -1.0000
     Episode_Reward/completely_airborne: -5.2165
              Episode_Reward/torso_slam: -0.4255
           Episode_Reward/torso_upright: -0.0005
           Episode_Reward/ankle_torques: -0.1524
        Curriculum/random_fallen_states: 0.0000
  Episode_Reward/feet_distance_standing: -0.0036
           Episode_Termination/time_out: 0.8780
             Episode_Reward/ground_slam: -1.0568
        Episode_Reward/joint_vel_limits: -0.0006
         Episode_Reward/severely_tilted: -0.0202
        Episode_Reward/joint_pos_limits: -0.0023
            Metrics/height/height_error: 1.0596
       Episode_Reward/base_height_rough: 0.9242
              Episode_Reward/feet_slide: -0.3388
              Curriculum/terrain_levels: 0.0000
           Episode_Reward/forward_pitch: -2.4376
      Episode_Reward/joint_deviation_l1: -0.0207
        Episode_Reward/illegal_contacts: -1.1229
               Curriculum/adaptive_lift: 0.9939
    Episode_Reward/joint_tracking_error: -2.3238
        Episode_Reward/base_height_fine: 0.7389
           Episode_Reward/torque_limits: -0.7916
             Episode_Reward/action_rate: -42.8747
      Episode_Termination/invalid_state: 0.0000
               Episode_Reward/flat_feet: -3.3726
              Episode_Reward/not_moving: -0.1636
--------------------------------------------------------------------------------
                         Iteration time: 2.43s
                           Time elapsed: 0:01:17
                                    ETA: 0:03:19

################################################################################
[1m                           Learning iteration 28/100                            [0m 

                               Run name: nexus
                            Total steps: 2850816 
                       Steps per second: 40428 
                        Collection time: 2.116s 
                          Learning time: 0.316s 
                        Mean value loss: 1.9264
                    Mean surrogate loss: -0.0079
                      Mean entropy loss: 36.8994
                     Mean symmetry loss: 0.0013
                   Mean l2c2_actor loss: 0.0058
                  Mean l2c2_critic loss: 0.0055
                            Mean reward: -1351.30
                    Mean episode length: 686.85
                        Mean action std: 0.87
                    Entropy coefficient: 0.002500
           Curriculum/polish_torso_slam: -5.0000
      Episode_Reward/base_height_medium: 0.8281
              Episode_Reward/relaxation: -5.8953
         Curriculum/polish_joint_vel_l2: -0.0010
 Episode_Reward/joint_deviation_l1_arms: -0.0065
     Curriculum/polish_action_rate_rate: -0.1500
        Episode_Reward/joint_torques_l2: -0.7473
        Episode_Reward/action_rate_rate: -19.6197
         Episode_Reward/ground_unloaded: -1.0117
           Episode_Reward/feet_distance: -0.2747
          Curriculum/polish_ground_slam: -1.0000
            Episode_Reward/joint_vel_l2: -0.7703
              Episode_Reward/torso_roll: -0.7931
            Episode_Reward/joint_acc_l2: -0.1343
           Episode_Reward/feet_yaw_mean: -0.2851
           Episode_Reward/body_velocity: -0.7785
           Curriculum/polish_not_moving: -1.0000
     Episode_Reward/completely_airborne: -5.1424
              Episode_Reward/torso_slam: -0.4052
           Episode_Reward/torso_upright: 0.0000
           Episode_Reward/ankle_torques: -0.1721
        Curriculum/random_fallen_states: 0.0000
  Episode_Reward/feet_distance_standing: -0.0020
           Episode_Termination/time_out: 0.9092
             Episode_Reward/ground_slam: -1.1063
        Episode_Reward/joint_vel_limits: -0.0006
         Episode_Reward/severely_tilted: -0.0201
        Episode_Reward/joint_pos_limits: -0.0025
            Metrics/height/height_error: 1.0101
       Episode_Reward/base_height_rough: 0.9119
              Episode_Reward/feet_slide: -0.3468
              Curriculum/terrain_levels: 0.0000
           Episode_Reward/forward_pitch: -2.0766
      Episode_Reward/joint_deviation_l1: -0.0198
        Episode_Reward/illegal_contacts: -1.2697
               Curriculum/adaptive_lift: 0.9939
    Episode_Reward/joint_tracking_error: -2.4136
        Episode_Reward/base_height_fine: 0.8922
           Episode_Reward/torque_limits: -0.7794
             Episode_Reward/action_rate: -44.2084
      Episode_Termination/invalid_state: 0.0000
               Episode_Reward/flat_feet: -3.4913
              Episode_Reward/not_moving: -0.2578
--------------------------------------------------------------------------------
                         Iteration time: 2.43s
                           Time elapsed: 0:01:19
                                    ETA: 0:03:15

################################################################################
[1m                           Learning iteration 29/100                            [0m 

                               Run name: nexus
                            Total steps: 2949120 
                       Steps per second: 40429 
                        Collection time: 2.116s 
                          Learning time: 0.316s 
                        Mean value loss: 1.8954
                    Mean surrogate loss: -0.0090
                      Mean entropy loss: 36.7968
                     Mean symmetry loss: 0.0012
                   Mean l2c2_actor loss: 0.0058
                  Mean l2c2_critic loss: 0.0075
                            Mean reward: -1401.76
                    Mean episode length: 711.44
                        Mean action std: 0.86
                    Entropy coefficient: 0.002500
           Curriculum/polish_torso_slam: -5.0000
      Episode_Reward/base_height_medium: 0.8196
              Episode_Reward/relaxation: -6.0839
         Curriculum/polish_joint_vel_l2: -0.0010
 Episode_Reward/joint_deviation_l1_arms: -0.0072
     Curriculum/polish_action_rate_rate: -0.1500
        Episode_Reward/joint_torques_l2: -0.7957
        Episode_Reward/action_rate_rate: -20.1912
         Episode_Reward/ground_unloaded: -1.0571
           Episode_Reward/feet_distance: -0.2799
          Curriculum/polish_ground_slam: -1.0000
            Episode_Reward/joint_vel_l2: -0.7863
              Episode_Reward/torso_roll: -0.8173
            Episode_Reward/joint_acc_l2: -0.1515
           Episode_Reward/feet_yaw_mean: -0.2898
           Episode_Reward/body_velocity: -0.8042
           Curriculum/polish_not_moving: -1.0000
     Episode_Reward/completely_airborne: -5.2595
              Episode_Reward/torso_slam: -0.4375
           Episode_Reward/torso_upright: -0.0000
           Episode_Reward/ankle_torques: -0.1758
        Curriculum/random_fallen_states: 0.0000
  Episode_Reward/feet_distance_standing: -0.0005
           Episode_Termination/time_out: 0.9428
             Episode_Reward/ground_slam: -1.1423
        Episode_Reward/joint_vel_limits: -0.0006
         Episode_Reward/severely_tilted: -0.0073
        Episode_Reward/joint_pos_limits: -0.0025
            Metrics/height/height_error: 1.0318
       Episode_Reward/base_height_rough: 0.9310
              Episode_Reward/feet_slide: -0.3703
              Curriculum/terrain_levels: 0.0000
           Episode_Reward/forward_pitch: -2.7766
      Episode_Reward/joint_deviation_l1: -0.0209
        Episode_Reward/illegal_contacts: -1.1808
               Curriculum/adaptive_lift: 0.9939
    Episode_Reward/joint_tracking_error: -2.4699
        Episode_Reward/base_height_fine: 0.8768
           Episode_Reward/torque_limits: -0.7672
             Episode_Reward/action_rate: -45.5032
      Episode_Termination/invalid_state: 0.0000
               Episode_Reward/flat_feet: -3.6163
              Episode_Reward/not_moving: -0.2452
--------------------------------------------------------------------------------
                         Iteration time: 2.43s
                           Time elapsed: 0:01:22
                                    ETA: 0:03:12

################################################################################
[1m                           Learning iteration 30/100                            [0m 

                               Run name: nexus
                            Total steps: 3047424 
                       Steps per second: 40448 
                        Collection time: 2.115s 
                          Learning time: 0.316s 
                        Mean value loss: 1.8624
                    Mean surrogate loss: -0.0081
                      Mean entropy loss: 36.7069
                     Mean symmetry loss: 0.0013
                   Mean l2c2_actor loss: 0.0060
                  Mean l2c2_critic loss: 0.0058
                            Mean reward: -1425.78
                    Mean episode length: 735.46
                        Mean action std: 0.86
                    Entropy coefficient: 0.002500
           Curriculum/polish_torso_slam: -5.0000
      Episode_Reward/base_height_medium: 1.0134
              Episode_Reward/relaxation: -5.6402
         Curriculum/polish_joint_vel_l2: -0.0010
 Episode_Reward/joint_deviation_l1_arms: -0.0062
     Curriculum/polish_action_rate_rate: -0.1500
        Episode_Reward/joint_torques_l2: -0.8100
        Episode_Reward/action_rate_rate: -20.7714
         Episode_Reward/ground_unloaded: -1.1490
           Episode_Reward/feet_distance: -0.2780
          Curriculum/polish_ground_slam: -1.0000
            Episode_Reward/joint_vel_l2: -0.8163
              Episode_Reward/torso_roll: -0.8052
            Episode_Reward/joint_acc_l2: -0.1502
           Episode_Reward/feet_yaw_mean: -0.3054
           Episode_Reward/body_velocity: -0.8193
           Curriculum/polish_not_moving: -1.0000
     Episode_Reward/completely_airborne: -5.6296
              Episode_Reward/torso_slam: -0.4402
           Episode_Reward/torso_upright: 0.0000
           Episode_Reward/ankle_torques: -0.1810
        Curriculum/random_fallen_states: 0.0000
  Episode_Reward/feet_distance_standing: -0.0000
           Episode_Termination/time_out: 0.9778
             Episode_Reward/ground_slam: -1.1842
        Episode_Reward/joint_vel_limits: -0.0007
         Episode_Reward/severely_tilted: -0.0147
        Episode_Reward/joint_pos_limits: -0.0027
            Metrics/height/height_error: 1.0091
       Episode_Reward/base_height_rough: 1.0177
              Episode_Reward/feet_slide: -0.3817
              Curriculum/terrain_levels: 0.0000
           Episode_Reward/forward_pitch: -2.7572
      Episode_Reward/joint_deviation_l1: -0.0196
        Episode_Reward/illegal_contacts: -1.2573
               Curriculum/adaptive_lift: 0.9939
    Episode_Reward/joint_tracking_error: -2.5689
        Episode_Reward/base_height_fine: 1.1687
           Episode_Reward/torque_limits: -0.8062
             Episode_Reward/action_rate: -46.8103
      Episode_Termination/invalid_state: 0.0000
               Episode_Reward/flat_feet: -3.7366
              Episode_Reward/not_moving: -0.3035
--------------------------------------------------------------------------------
                         Iteration time: 2.43s
                           Time elapsed: 0:01:24
                                    ETA: 0:03:08

################################################################################
[1m                           Learning iteration 31/100                            [0m 

                               Run name: nexus
                            Total steps: 3145728 
                       Steps per second: 40492 
                        Collection time: 2.112s 
                          Learning time: 0.316s 
                        Mean value loss: 1.8305
                    Mean surrogate loss: -0.0078
                      Mean entropy loss: 36.6031
                     Mean symmetry loss: 0.0013
                   Mean l2c2_actor loss: 0.0060
                  Mean l2c2_critic loss: 0.0062
                            Mean reward: -1480.53
                    Mean episode length: 750.00
                        Mean action std: 0.86
                    Entropy coefficient: 0.002500
           Curriculum/polish_torso_slam: -5.0000
      Episode_Reward/base_height_medium: 0.7563
              Episode_Reward/relaxation: -7.5177
         Curriculum/polish_joint_vel_l2: -0.0010
 Episode_Reward/joint_deviation_l1_arms: -0.0077
     Curriculum/polish_action_rate_rate: -0.1500
        Episode_Reward/joint_torques_l2: -0.8912
        Episode_Reward/action_rate_rate: -21.0690
         Episode_Reward/ground_unloaded: -1.0704
           Episode_Reward/feet_distance: -0.2827
          Curriculum/polish_ground_slam: -1.0000
            Episode_Reward/joint_vel_l2: -0.8141
              Episode_Reward/torso_roll: -0.8378
            Episode_Reward/joint_acc_l2: -0.1820
           Episode_Reward/feet_yaw_mean: -0.3136
           Episode_Reward/body_velocity: -0.9324
           Curriculum/polish_not_moving: -1.0000
     Episode_Reward/completely_airborne: -6.4760
              Episode_Reward/torso_slam: -0.4871
           Episode_Reward/torso_upright: 0.0000
           Episode_Reward/ankle_torques: -0.2077
        Curriculum/random_fallen_states: 0.0000
  Episode_Reward/feet_distance_standing: 0.0000
           Episode_Termination/time_out: 0.9993
             Episode_Reward/ground_slam: -1.1820
        Episode_Reward/joint_vel_limits: -0.0006
         Episode_Reward/severely_tilted: -0.0149
        Episode_Reward/joint_pos_limits: -0.0027
            Metrics/height/height_error: 1.1477
       Episode_Reward/base_height_rough: 0.9030
              Episode_Reward/feet_slide: -0.3901
              Curriculum/terrain_levels: 0.0000
           Episode_Reward/forward_pitch: -3.0993
      Episode_Reward/joint_deviation_l1: -0.0247
        Episode_Reward/illegal_contacts: -1.2172
               Curriculum/adaptive_lift: 0.9939
    Episode_Reward/joint_tracking_error: -2.6005
        Episode_Reward/base_height_fine: 0.7244
           Episode_Reward/torque_limits: -0.8600
             Episode_Reward/action_rate: -47.5323
      Episode_Termination/invalid_state: 0.0000
               Episode_Reward/flat_feet: -3.8166
              Episode_Reward/not_moving: -0.1805
--------------------------------------------------------------------------------
                         Iteration time: 2.43s
                           Time elapsed: 0:01:27
                                    ETA: 0:03:05

################################################################################
[1m                           Learning iteration 32/100                            [0m 

                               Run name: nexus
                            Total steps: 3244032 
                       Steps per second: 40535 
                        Collection time: 2.109s 
                          Learning time: 0.316s 
                        Mean value loss: 1.8069
                    Mean surrogate loss: -0.0080
                      Mean entropy loss: 36.4978
                     Mean symmetry loss: 0.0014
                   Mean l2c2_actor loss: 0.0062
                  Mean l2c2_critic loss: 0.0045
                            Mean reward: -1465.69
                    Mean episode length: 750.00
                        Mean action std: 0.85
                    Entropy coefficient: 0.002500
           Curriculum/polish_torso_slam: -5.0000
      Episode_Reward/base_height_medium: 0.6569
              Episode_Reward/relaxation: -6.1551
         Curriculum/polish_joint_vel_l2: -0.0010
 Episode_Reward/joint_deviation_l1_arms: -0.0062
     Curriculum/polish_action_rate_rate: -0.1500
        Episode_Reward/joint_torques_l2: -0.8099
        Episode_Reward/action_rate_rate: -20.7629
         Episode_Reward/ground_unloaded: -1.1299
           Episode_Reward/feet_distance: -0.2824
          Curriculum/polish_ground_slam: -1.0000
            Episode_Reward/joint_vel_l2: -0.8334
              Episode_Reward/torso_roll: -0.8667
            Episode_Reward/joint_acc_l2: -0.1476
           Episode_Reward/feet_yaw_mean: -0.3151
           Episode_Reward/body_velocity: -0.9785
           Curriculum/polish_not_moving: -1.0000
     Episode_Reward/completely_airborne: -6.5195
              Episode_Reward/torso_slam: -0.4861
           Episode_Reward/torso_upright: 0.0000
           Episode_Reward/ankle_torques: -0.2024
        Curriculum/random_fallen_states: 0.0000
  Episode_Reward/feet_distance_standing: 0.0000
           Episode_Termination/time_out: 1.0000
             Episode_Reward/ground_slam: -1.1373
        Episode_Reward/joint_vel_limits: -0.0007
         Episode_Reward/severely_tilted: -0.0196
        Episode_Reward/joint_pos_limits: -0.0027
            Metrics/height/height_error: 1.3028
       Episode_Reward/base_height_rough: 0.7846
              Episode_Reward/feet_slide: -0.3630
              Curriculum/terrain_levels: 0.0000
           Episode_Reward/forward_pitch: -3.0677
      Episode_Reward/joint_deviation_l1: -0.0174
        Episode_Reward/illegal_contacts: -1.2304
               Curriculum/adaptive_lift: 0.9939
    Episode_Reward/joint_tracking_error: -2.5671
        Episode_Reward/base_height_fine: 0.5991
           Episode_Reward/torque_limits: -0.8195
             Episode_Reward/action_rate: -46.8932
      Episode_Termination/invalid_state: 0.0000
               Episode_Reward/flat_feet: -3.8414
              Episode_Reward/not_moving: -0.1448
--------------------------------------------------------------------------------
                         Iteration time: 2.43s
                           Time elapsed: 0:01:29
                                    ETA: 0:03:02

################################################################################
[1m                           Learning iteration 33/100                            [0m 

                               Run name: nexus
                            Total steps: 3342336 
                       Steps per second: 40461 
                        Collection time: 2.113s 
                          Learning time: 0.316s 
                        Mean value loss: 1.7779
                    Mean surrogate loss: -0.0083
                      Mean entropy loss: 36.4005
                     Mean symmetry loss: 0.0013
                   Mean l2c2_actor loss: 0.0063
                  Mean l2c2_critic loss: 0.0047
                            Mean reward: -1406.82
                    Mean episode length: 750.00
                        Mean action std: 0.85
                    Entropy coefficient: 0.002500
           Curriculum/polish_torso_slam: -5.0000
      Episode_Reward/base_height_medium: 0.6807
              Episode_Reward/relaxation: -5.9388
         Curriculum/polish_joint_vel_l2: -0.0010
 Episode_Reward/joint_deviation_l1_arms: -0.0066
     Curriculum/polish_action_rate_rate: -0.1500
        Episode_Reward/joint_torques_l2: -0.7865
        Episode_Reward/action_rate_rate: -20.5214
         Episode_Reward/ground_unloaded: -1.1377
           Episode_Reward/feet_distance: -0.2876
          Curriculum/polish_ground_slam: -1.0000
            Episode_Reward/joint_vel_l2: -0.8282
              Episode_Reward/torso_roll: -0.9200
            Episode_Reward/joint_acc_l2: -0.1376
           Episode_Reward/feet_yaw_mean: -0.3100
           Episode_Reward/body_velocity: -0.9112
           Curriculum/polish_not_moving: -1.0000
     Episode_Reward/completely_airborne: -5.4991
              Episode_Reward/torso_slam: -0.4247
           Episode_Reward/torso_upright: 0.0000
           Episode_Reward/ankle_torques: -0.1907
        Curriculum/random_fallen_states: 0.0000
  Episode_Reward/feet_distance_standing: 0.0000
           Episode_Termination/time_out: 1.0000
             Episode_Reward/ground_slam: -1.0996
        Episode_Reward/joint_vel_limits: -0.0007
         Episode_Reward/severely_tilted: -0.0181
        Episode_Reward/joint_pos_limits: -0.0027
            Metrics/height/height_error: 1.2807
       Episode_Reward/base_height_rough: 0.8151
              Episode_Reward/feet_slide: -0.3248
              Curriculum/terrain_levels: 0.0000
           Episode_Reward/forward_pitch: -1.6060
      Episode_Reward/joint_deviation_l1: -0.0203
        Episode_Reward/illegal_contacts: -1.5039
               Curriculum/adaptive_lift: 0.9939
    Episode_Reward/joint_tracking_error: -2.5665
        Episode_Reward/base_height_fine: 0.6618
           Episode_Reward/torque_limits: -0.8019
             Episode_Reward/action_rate: -46.3739
      Episode_Termination/invalid_state: 0.0000
               Episode_Reward/flat_feet: -3.7697
              Episode_Reward/not_moving: -0.1760
--------------------------------------------------------------------------------
                         Iteration time: 2.43s
                           Time elapsed: 0:01:32
                                    ETA: 0:02:58

################################################################################
[1m                           Learning iteration 34/100                            [0m 

                               Run name: nexus
                            Total steps: 3440640 
                       Steps per second: 40454 
                        Collection time: 2.114s 
                          Learning time: 0.316s 
                        Mean value loss: 1.7411
                    Mean surrogate loss: -0.0077
                      Mean entropy loss: 36.2810
                     Mean symmetry loss: 0.0013
                   Mean l2c2_actor loss: 0.0064
                  Mean l2c2_critic loss: 0.0052
                            Mean reward: -1418.04
                    Mean episode length: 750.00
                        Mean action std: 0.85
                    Entropy coefficient: 0.002500
           Curriculum/polish_torso_slam: -5.0000
      Episode_Reward/base_height_medium: 0.7161
              Episode_Reward/relaxation: -5.7000
         Curriculum/polish_joint_vel_l2: -0.0010
 Episode_Reward/joint_deviation_l1_arms: -0.0052
     Curriculum/polish_action_rate_rate: -0.1500
        Episode_Reward/joint_torques_l2: -0.7642
        Episode_Reward/action_rate_rate: -20.2617
         Episode_Reward/ground_unloaded: -1.1719
           Episode_Reward/feet_distance: -0.2906
          Curriculum/polish_ground_slam: -1.0000
            Episode_Reward/joint_vel_l2: -0.8433
              Episode_Reward/torso_roll: -0.8359
            Episode_Reward/joint_acc_l2: -0.1283
           Episode_Reward/feet_yaw_mean: -0.3175
           Episode_Reward/body_velocity: -0.9717
           Curriculum/polish_not_moving: -1.0000
     Episode_Reward/completely_airborne: -6.2252
              Episode_Reward/torso_slam: -0.4636
           Episode_Reward/torso_upright: 0.0000
           Episode_Reward/ankle_torques: -0.1664
        Curriculum/random_fallen_states: 0.0000
  Episode_Reward/feet_distance_standing: 0.0000
           Episode_Termination/time_out: 1.0000
             Episode_Reward/ground_slam: -1.1269
        Episode_Reward/joint_vel_limits: -0.0007
         Episode_Reward/severely_tilted: -0.0149
        Episode_Reward/joint_pos_limits: -0.0027
            Metrics/height/height_error: 1.3040
       Episode_Reward/base_height_rough: 0.7823
              Episode_Reward/feet_slide: -0.3573
              Curriculum/terrain_levels: 0.0000
           Episode_Reward/forward_pitch: -2.9558
      Episode_Reward/joint_deviation_l1: -0.0176
        Episode_Reward/illegal_contacts: -1.2536
               Curriculum/adaptive_lift: 0.9939
    Episode_Reward/joint_tracking_error: -2.5357
        Episode_Reward/base_height_fine: 0.6874
           Episode_Reward/torque_limits: -0.7601
             Episode_Reward/action_rate: -45.7961
      Episode_Termination/invalid_state: 0.0000
               Episode_Reward/flat_feet: -3.7916
              Episode_Reward/not_moving: -0.1355
--------------------------------------------------------------------------------
                         Iteration time: 2.43s
                           Time elapsed: 0:01:34
                                    ETA: 0:02:55

################################################################################
[1m                           Learning iteration 35/100                            [0m 

                               Run name: nexus
                            Total steps: 3538944 
                       Steps per second: 40504 
                        Collection time: 2.112s 
                          Learning time: 0.315s 
                        Mean value loss: 1.7417
                    Mean surrogate loss: -0.0084
                      Mean entropy loss: 36.1763
                     Mean symmetry loss: 0.0013
                   Mean l2c2_actor loss: 0.0064
                  Mean l2c2_critic loss: 0.0051
                            Mean reward: -1412.23
                    Mean episode length: 750.00
                        Mean action std: 0.84
                    Entropy coefficient: 0.002500
           Curriculum/polish_torso_slam: -5.0000
      Episode_Reward/base_height_medium: 0.5550
              Episode_Reward/relaxation: -6.4627
         Curriculum/polish_joint_vel_l2: -0.0010
 Episode_Reward/joint_deviation_l1_arms: -0.0053
     Curriculum/polish_action_rate_rate: -0.1500
        Episode_Reward/joint_torques_l2: -0.8201
        Episode_Reward/action_rate_rate: -19.9521
         Episode_Reward/ground_unloaded: -1.1232
           Episode_Reward/feet_distance: -0.2871
          Curriculum/polish_ground_slam: -1.0000
            Episode_Reward/joint_vel_l2: -0.7924
              Episode_Reward/torso_roll: -0.8479
            Episode_Reward/joint_acc_l2: -0.1572
           Episode_Reward/feet_yaw_mean: -0.3110
           Episode_Reward/body_velocity: -0.9570
           Curriculum/polish_not_moving: -1.0000
     Episode_Reward/completely_airborne: -6.3040
              Episode_Reward/torso_slam: -0.4702
           Episode_Reward/torso_upright: 0.0000
           Episode_Reward/ankle_torques: -0.1865
        Curriculum/random_fallen_states: 0.0000
  Episode_Reward/feet_distance_standing: 0.0000
           Episode_Termination/time_out: 1.0000
             Episode_Reward/ground_slam: -1.1185
        Episode_Reward/joint_vel_limits: -0.0006
         Episode_Reward/severely_tilted: -0.0175
        Episode_Reward/joint_pos_limits: -0.0026
            Metrics/height/height_error: 1.3226
       Episode_Reward/base_height_rough: 0.7440
              Episode_Reward/feet_slide: -0.3620
              Curriculum/terrain_levels: 0.0000
           Episode_Reward/forward_pitch: -2.9995
      Episode_Reward/joint_deviation_l1: -0.0174
        Episode_Reward/illegal_contacts: -1.2470
               Curriculum/adaptive_lift: 0.9939
    Episode_Reward/joint_tracking_error: -2.4748
        Episode_Reward/base_height_fine: 0.4365
           Episode_Reward/torque_limits: -0.8009
             Episode_Reward/action_rate: -45.1756
      Episode_Termination/invalid_state: 0.0000
               Episode_Reward/flat_feet: -3.8103
              Episode_Reward/not_moving: -0.0874
--------------------------------------------------------------------------------
                         Iteration time: 2.43s
                           Time elapsed: 0:01:36
                                    ETA: 0:02:52

################################################################################
[1m                           Learning iteration 36/100                            [0m 

                               Run name: nexus
                            Total steps: 3637248 
                       Steps per second: 40358 
                        Collection time: 2.120s 
                          Learning time: 0.316s 
                        Mean value loss: 1.6661
                    Mean surrogate loss: -0.0069
                      Mean entropy loss: 36.0630
                     Mean symmetry loss: 0.0014
                   Mean l2c2_actor loss: 0.0066
                  Mean l2c2_critic loss: 0.0051
                            Mean reward: -1420.41
                    Mean episode length: 750.00
                        Mean action std: 0.84
                    Entropy coefficient: 0.002500
           Curriculum/polish_torso_slam: -5.0000
      Episode_Reward/base_height_medium: 0.5652
              Episode_Reward/relaxation: -6.3534
         Curriculum/polish_joint_vel_l2: -0.0010
 Episode_Reward/joint_deviation_l1_arms: -0.0059
     Curriculum/polish_action_rate_rate: -0.1500
        Episode_Reward/joint_torques_l2: -0.7762
        Episode_Reward/action_rate_rate: -19.7671
         Episode_Reward/ground_unloaded: -1.1129
           Episode_Reward/feet_distance: -0.2914
          Curriculum/polish_ground_slam: -1.0000
            Episode_Reward/joint_vel_l2: -0.8169
              Episode_Reward/torso_roll: -0.8267
            Episode_Reward/joint_acc_l2: -0.1358
           Episode_Reward/feet_yaw_mean: -0.3131
           Episode_Reward/body_velocity: -0.9732
           Curriculum/polish_not_moving: -1.0000
     Episode_Reward/completely_airborne: -6.6680
              Episode_Reward/torso_slam: -0.4817
           Episode_Reward/torso_upright: 0.0000
           Episode_Reward/ankle_torques: -0.1424
        Curriculum/random_fallen_states: 0.0000
  Episode_Reward/feet_distance_standing: 0.0000
           Episode_Termination/time_out: 1.0000
             Episode_Reward/ground_slam: -1.1191
        Episode_Reward/joint_vel_limits: -0.0007
         Episode_Reward/severely_tilted: -0.0175
        Episode_Reward/joint_pos_limits: -0.0027
            Metrics/height/height_error: 1.3214
       Episode_Reward/base_height_rough: 0.7381
              Episode_Reward/feet_slide: -0.3580
              Curriculum/terrain_levels: 0.0000
           Episode_Reward/forward_pitch: -2.9189
      Episode_Reward/joint_deviation_l1: -0.0189
        Episode_Reward/illegal_contacts: -1.2644
               Curriculum/adaptive_lift: 0.9939
    Episode_Reward/joint_tracking_error: -2.4669
        Episode_Reward/base_height_fine: 0.4669
           Episode_Reward/torque_limits: -0.7735
             Episode_Reward/action_rate: -44.7453
      Episode_Termination/invalid_state: 0.0000
               Episode_Reward/flat_feet: -3.8313
              Episode_Reward/not_moving: -0.1144
--------------------------------------------------------------------------------
                         Iteration time: 2.44s
                           Time elapsed: 0:01:39
                                    ETA: 0:02:49

################################################################################
[1m                           Learning iteration 37/100                            [0m 

                               Run name: nexus
                            Total steps: 3735552 
                       Steps per second: 40573 
                        Collection time: 2.107s 
                          Learning time: 0.316s 
                        Mean value loss: 1.6674
                    Mean surrogate loss: -0.0076
                      Mean entropy loss: 35.9523
                     Mean symmetry loss: 0.0013
                   Mean l2c2_actor loss: 0.0066
                  Mean l2c2_critic loss: 0.0052
                            Mean reward: -1378.89
                    Mean episode length: 750.00
                        Mean action std: 0.84
                    Entropy coefficient: 0.002500
           Curriculum/polish_torso_slam: -5.0000
      Episode_Reward/base_height_medium: 0.7301
              Episode_Reward/relaxation: -6.4160
         Curriculum/polish_joint_vel_l2: -0.0010
 Episode_Reward/joint_deviation_l1_arms: -0.0058
     Curriculum/polish_action_rate_rate: -0.1500
        Episode_Reward/joint_torques_l2: -0.7834
        Episode_Reward/action_rate_rate: -19.5266
         Episode_Reward/ground_unloaded: -1.0863
           Episode_Reward/feet_distance: -0.2898
          Curriculum/polish_ground_slam: -1.0000
            Episode_Reward/joint_vel_l2: -0.7982
              Episode_Reward/torso_roll: -0.8436
            Episode_Reward/joint_acc_l2: -0.1415
           Episode_Reward/feet_yaw_mean: -0.3102
           Episode_Reward/body_velocity: -0.9084
           Curriculum/polish_not_moving: -1.0000
     Episode_Reward/completely_airborne: -5.9838
              Episode_Reward/torso_slam: -0.4634
           Episode_Reward/torso_upright: 0.0000
           Episode_Reward/ankle_torques: -0.1818
        Curriculum/random_fallen_states: 0.0000
  Episode_Reward/feet_distance_standing: 0.0000
           Episode_Termination/time_out: 1.0000
             Episode_Reward/ground_slam: -1.1365
        Episode_Reward/joint_vel_limits: -0.0006
         Episode_Reward/severely_tilted: -0.0244
        Episode_Reward/joint_pos_limits: -0.0026
            Metrics/height/height_error: 1.2801
       Episode_Reward/base_height_rough: 0.8584
              Episode_Reward/feet_slide: -0.3607
              Curriculum/terrain_levels: 0.0000
           Episode_Reward/forward_pitch: -2.6382
      Episode_Reward/joint_deviation_l1: -0.0179
        Episode_Reward/illegal_contacts: -1.3220
               Curriculum/adaptive_lift: 0.9939
    Episode_Reward/joint_tracking_error: -2.4425
        Episode_Reward/base_height_fine: 0.7121
           Episode_Reward/torque_limits: -0.7572
             Episode_Reward/action_rate: -44.2431
      Episode_Termination/invalid_state: 0.0000
               Episode_Reward/flat_feet: -3.8074
              Episode_Reward/not_moving: -0.1927
--------------------------------------------------------------------------------
                         Iteration time: 2.42s
                           Time elapsed: 0:01:41
                                    ETA: 0:02:46

################################################################################
[1m                           Learning iteration 38/100                            [0m 

                               Run name: nexus
                            Total steps: 3833856 
                       Steps per second: 40559 
                        Collection time: 2.108s 
                          Learning time: 0.316s 
                        Mean value loss: 1.6186
                    Mean surrogate loss: -0.0068
                      Mean entropy loss: 35.8492
                     Mean symmetry loss: 0.0014
                   Mean l2c2_actor loss: 0.0067
                  Mean l2c2_critic loss: 0.0051
                            Mean reward: -1364.86
                    Mean episode length: 750.00
                        Mean action std: 0.83
                    Entropy coefficient: 0.002500
           Curriculum/polish_torso_slam: -5.0000
      Episode_Reward/base_height_medium: 0.5801
              Episode_Reward/relaxation: -6.0589
         Curriculum/polish_joint_vel_l2: -0.0010
 Episode_Reward/joint_deviation_l1_arms: -0.0060
     Curriculum/polish_action_rate_rate: -0.1500
        Episode_Reward/joint_torques_l2: -0.7566
        Episode_Reward/action_rate_rate: -19.2850
         Episode_Reward/ground_unloaded: -1.0829
           Episode_Reward/feet_distance: -0.2746
          Curriculum/polish_ground_slam: -1.0000
            Episode_Reward/joint_vel_l2: -0.7999
              Episode_Reward/torso_roll: -0.8229
            Episode_Reward/joint_acc_l2: -0.1321
           Episode_Reward/feet_yaw_mean: -0.3057
           Episode_Reward/body_velocity: -0.9132
           Curriculum/polish_not_moving: -1.0000
     Episode_Reward/completely_airborne: -5.7505
              Episode_Reward/torso_slam: -0.4566
           Episode_Reward/torso_upright: -0.0001
           Episode_Reward/ankle_torques: -0.1656
        Curriculum/random_fallen_states: 0.0000
  Episode_Reward/feet_distance_standing: -0.0000
           Episode_Termination/time_out: 1.0000
             Episode_Reward/ground_slam: -1.0927
        Episode_Reward/joint_vel_limits: -0.0006
         Episode_Reward/severely_tilted: -0.0198
        Episode_Reward/joint_pos_limits: -0.0026
            Metrics/height/height_error: 1.2940
       Episode_Reward/base_height_rough: 0.7727
              Episode_Reward/feet_slide: -0.3434
              Curriculum/terrain_levels: 0.0000
           Episode_Reward/forward_pitch: -2.4934
      Episode_Reward/joint_deviation_l1: -0.0183
        Episode_Reward/illegal_contacts: -1.3593
               Curriculum/adaptive_lift: 0.9939
    Episode_Reward/joint_tracking_error: -2.4205
        Episode_Reward/base_height_fine: 0.4748
           Episode_Reward/torque_limits: -0.7407
             Episode_Reward/action_rate: -43.7171
      Episode_Termination/invalid_state: 0.0000
               Episode_Reward/flat_feet: -3.8383
              Episode_Reward/not_moving: -0.1118
--------------------------------------------------------------------------------
                         Iteration time: 2.42s
                           Time elapsed: 0:01:44
                                    ETA: 0:02:43

################################################################################
[1m                           Learning iteration 39/100                            [0m 

                               Run name: nexus
                            Total steps: 3932160 
                       Steps per second: 39993 
                        Collection time: 2.141s 
                          Learning time: 0.317s 
                        Mean value loss: 1.5947
                    Mean surrogate loss: -0.0066
                      Mean entropy loss: 35.7424
                     Mean symmetry loss: 0.0013
                   Mean l2c2_actor loss: 0.0068
                  Mean l2c2_critic loss: 0.0047
                            Mean reward: -1365.11
                    Mean episode length: 750.00
                        Mean action std: 0.83
                    Entropy coefficient: 0.002500
           Curriculum/polish_torso_slam: -5.0000
      Episode_Reward/base_height_medium: 0.6635
              Episode_Reward/relaxation: -6.5471
         Curriculum/polish_joint_vel_l2: -0.0010
 Episode_Reward/joint_deviation_l1_arms: -0.0067
     Curriculum/polish_action_rate_rate: -0.1500
        Episode_Reward/joint_torques_l2: -0.8049
        Episode_Reward/action_rate_rate: -19.0143
         Episode_Reward/ground_unloaded: -1.1012
           Episode_Reward/feet_distance: -0.2812
          Curriculum/polish_ground_slam: -1.0000
            Episode_Reward/joint_vel_l2: -0.7663
              Episode_Reward/torso_roll: -0.8534
            Episode_Reward/joint_acc_l2: -0.1532
           Episode_Reward/feet_yaw_mean: -0.3008
           Episode_Reward/body_velocity: -0.8918
           Curriculum/polish_not_moving: -1.0000
     Episode_Reward/completely_airborne: -5.8996
              Episode_Reward/torso_slam: -0.4488
           Episode_Reward/torso_upright: -0.0001
           Episode_Reward/ankle_torques: -0.1880
        Curriculum/random_fallen_states: 0.0000
  Episode_Reward/feet_distance_standing: -0.0000
           Episode_Termination/time_out: 1.0000
             Episode_Reward/ground_slam: -1.1068
        Episode_Reward/joint_vel_limits: -0.0005
         Episode_Reward/severely_tilted: -0.0248
        Episode_Reward/joint_pos_limits: -0.0025
            Metrics/height/height_error: 1.2655
       Episode_Reward/base_height_rough: 0.8453
              Episode_Reward/feet_slide: -0.3645
              Curriculum/terrain_levels: 0.0000
           Episode_Reward/forward_pitch: -2.9560
      Episode_Reward/joint_deviation_l1: -0.0222
        Episode_Reward/illegal_contacts: -1.2596
               Curriculum/adaptive_lift: 0.9939
    Episode_Reward/joint_tracking_error: -2.3767
        Episode_Reward/base_height_fine: 0.5842
           Episode_Reward/torque_limits: -0.7516
             Episode_Reward/action_rate: -43.1699
      Episode_Termination/invalid_state: 0.0000
               Episode_Reward/flat_feet: -3.8001
              Episode_Reward/not_moving: -0.1422
--------------------------------------------------------------------------------
                         Iteration time: 2.46s
                           Time elapsed: 0:01:46
                                    ETA: 0:02:40

################################################################################
[1m                           Learning iteration 40/100                            [0m 

                               Run name: nexus
                            Total steps: 4030464 
                       Steps per second: 39472 
                        Collection time: 2.173s 
                          Learning time: 0.317s 
                        Mean value loss: 1.5617
                    Mean surrogate loss: -0.0068
                      Mean entropy loss: 35.6231
                     Mean symmetry loss: 0.0014
                   Mean l2c2_actor loss: 0.0069
                  Mean l2c2_critic loss: 0.0044
                            Mean reward: -1349.44
                    Mean episode length: 750.00
                        Mean action std: 0.83
                    Entropy coefficient: 0.002500
           Curriculum/polish_torso_slam: -5.0000
      Episode_Reward/base_height_medium: 0.7208
              Episode_Reward/relaxation: -6.5467
         Curriculum/polish_joint_vel_l2: -0.0010
 Episode_Reward/joint_deviation_l1_arms: -0.0071
     Curriculum/polish_action_rate_rate: -0.1500
        Episode_Reward/joint_torques_l2: -0.7616
        Episode_Reward/action_rate_rate: -18.7891
         Episode_Reward/ground_unloaded: -1.0596
           Episode_Reward/feet_distance: -0.2894
          Curriculum/polish_ground_slam: -1.0000
            Episode_Reward/joint_vel_l2: -0.7939
              Episode_Reward/torso_roll: -0.8176
            Episode_Reward/joint_acc_l2: -0.1344
           Episode_Reward/feet_yaw_mean: -0.3070
           Episode_Reward/body_velocity: -0.9236
           Curriculum/polish_not_moving: -1.0000
     Episode_Reward/completely_airborne: -5.9029
              Episode_Reward/torso_slam: -0.4628
           Episode_Reward/torso_upright: -0.0023
           Episode_Reward/ankle_torques: -0.1757
        Curriculum/random_fallen_states: 0.0000
  Episode_Reward/feet_distance_standing: -0.0001
           Episode_Termination/time_out: 1.0000
             Episode_Reward/ground_slam: -1.1267
        Episode_Reward/joint_vel_limits: -0.0006
         Episode_Reward/severely_tilted: -0.0282
        Episode_Reward/joint_pos_limits: -0.0026
            Metrics/height/height_error: 1.2031
       Episode_Reward/base_height_rough: 0.8729
              Episode_Reward/feet_slide: -0.3722
              Curriculum/terrain_levels: 0.0000
           Episode_Reward/forward_pitch: -3.1776
      Episode_Reward/joint_deviation_l1: -0.0240
        Episode_Reward/illegal_contacts: -1.2007
               Curriculum/adaptive_lift: 0.9939
    Episode_Reward/joint_tracking_error: -2.3664
        Episode_Reward/base_height_fine: 0.7214
           Episode_Reward/torque_limits: -0.7146
             Episode_Reward/action_rate: -42.6797
      Episode_Termination/invalid_state: 0.0000
               Episode_Reward/flat_feet: -3.8283
              Episode_Reward/not_moving: -0.1760
--------------------------------------------------------------------------------
                         Iteration time: 2.49s
                           Time elapsed: 0:01:49
                                    ETA: 0:02:37

################################################################################
[1m                           Learning iteration 41/100                            [0m 

                               Run name: nexus
                            Total steps: 4128768 
                       Steps per second: 40446 
                        Collection time: 2.114s 
                          Learning time: 0.316s 
                        Mean value loss: 1.5210
                    Mean surrogate loss: -0.0063
                      Mean entropy loss: 35.4800
                     Mean symmetry loss: 0.0014
                   Mean l2c2_actor loss: 0.0070
                  Mean l2c2_critic loss: 0.0045
                            Mean reward: -1330.41
                    Mean episode length: 750.00
                        Mean action std: 0.82
                    Entropy coefficient: 0.002500
           Curriculum/polish_torso_slam: -5.0000
      Episode_Reward/base_height_medium: 0.8571
              Episode_Reward/relaxation: -6.4407
         Curriculum/polish_joint_vel_l2: -0.0010
 Episode_Reward/joint_deviation_l1_arms: -0.0056
     Curriculum/polish_action_rate_rate: -0.1500
        Episode_Reward/joint_torques_l2: -0.7773
        Episode_Reward/action_rate_rate: -18.6375
         Episode_Reward/ground_unloaded: -1.0911
           Episode_Reward/feet_distance: -0.2859
          Curriculum/polish_ground_slam: -1.0000
            Episode_Reward/joint_vel_l2: -0.7815
              Episode_Reward/torso_roll: -0.8680
            Episode_Reward/joint_acc_l2: -0.1414
           Episode_Reward/feet_yaw_mean: -0.3044
           Episode_Reward/body_velocity: -0.8644
           Curriculum/polish_not_moving: -1.0000
     Episode_Reward/completely_airborne: -5.5235
              Episode_Reward/torso_slam: -0.4283
           Episode_Reward/torso_upright: -0.0001
           Episode_Reward/ankle_torques: -0.1722
        Curriculum/random_fallen_states: 0.0000
  Episode_Reward/feet_distance_standing: 0.0000
           Episode_Termination/time_out: 1.0000
             Episode_Reward/ground_slam: -1.0901
        Episode_Reward/joint_vel_limits: -0.0006
         Episode_Reward/severely_tilted: -0.0195
        Episode_Reward/joint_pos_limits: -0.0025
            Metrics/height/height_error: 1.1959
       Episode_Reward/base_height_rough: 0.9468
              Episode_Reward/feet_slide: -0.3469
              Curriculum/terrain_levels: 0.0000
           Episode_Reward/forward_pitch: -2.2988
      Episode_Reward/joint_deviation_l1: -0.0179
        Episode_Reward/illegal_contacts: -1.3974
               Curriculum/adaptive_lift: 0.9939
    Episode_Reward/joint_tracking_error: -2.3705
        Episode_Reward/base_height_fine: 0.9363
           Episode_Reward/torque_limits: -0.7139
             Episode_Reward/action_rate: -42.3322
      Episode_Termination/invalid_state: 0.0000
               Episode_Reward/flat_feet: -3.8220
              Episode_Reward/not_moving: -0.2770
--------------------------------------------------------------------------------
                         Iteration time: 2.43s
                           Time elapsed: 0:01:51
                                    ETA: 0:02:34

################################################################################
[1m                           Learning iteration 42/100                            [0m 

                               Run name: nexus
                            Total steps: 4227072 
                       Steps per second: 40449 
                        Collection time: 2.113s 
                          Learning time: 0.317s 
                        Mean value loss: 1.4950
                    Mean surrogate loss: -0.0055
                      Mean entropy loss: 35.3650
                     Mean symmetry loss: 0.0013
                   Mean l2c2_actor loss: 0.0070
                  Mean l2c2_critic loss: 0.0046
                            Mean reward: -1328.09
                    Mean episode length: 750.00
                        Mean action std: 0.82
                    Entropy coefficient: 0.002500
           Curriculum/polish_torso_slam: -5.0000
      Episode_Reward/base_height_medium: 0.7091
              Episode_Reward/relaxation: -5.6561
         Curriculum/polish_joint_vel_l2: -0.0010
 Episode_Reward/joint_deviation_l1_arms: -0.0065
     Curriculum/polish_action_rate_rate: -0.1500
        Episode_Reward/joint_torques_l2: -0.7223
        Episode_Reward/action_rate_rate: -18.4103
         Episode_Reward/ground_unloaded: -1.1319
           Episode_Reward/feet_distance: -0.2923
          Curriculum/polish_ground_slam: -1.0000
            Episode_Reward/joint_vel_l2: -0.7730
              Episode_Reward/torso_roll: -0.8473
            Episode_Reward/joint_acc_l2: -0.1201
           Episode_Reward/feet_yaw_mean: -0.3018
           Episode_Reward/body_velocity: -0.9470
           Curriculum/polish_not_moving: -1.0000
     Episode_Reward/completely_airborne: -5.9368
              Episode_Reward/torso_slam: -0.4685
           Episode_Reward/torso_upright: -0.0000
           Episode_Reward/ankle_torques: -0.1701
        Curriculum/random_fallen_states: 0.0000
  Episode_Reward/feet_distance_standing: -0.0000
           Episode_Termination/time_out: 1.0000
             Episode_Reward/ground_slam: -1.0818
        Episode_Reward/joint_vel_limits: -0.0006
         Episode_Reward/severely_tilted: -0.0126
        Episode_Reward/joint_pos_limits: -0.0026
            Metrics/height/height_error: 1.3293
       Episode_Reward/base_height_rough: 0.8473
              Episode_Reward/feet_slide: -0.3548
              Curriculum/terrain_levels: 0.0000
           Episode_Reward/forward_pitch: -2.9525
      Episode_Reward/joint_deviation_l1: -0.0218
        Episode_Reward/illegal_contacts: -1.2558
               Curriculum/adaptive_lift: 0.9939
    Episode_Reward/joint_tracking_error: -2.2984
        Episode_Reward/base_height_fine: 0.6018
           Episode_Reward/torque_limits: -0.6923
             Episode_Reward/action_rate: -41.8646
      Episode_Termination/invalid_state: 0.0000
               Episode_Reward/flat_feet: -3.8021
              Episode_Reward/not_moving: -0.1233
--------------------------------------------------------------------------------
                         Iteration time: 2.43s
                           Time elapsed: 0:01:54
                                    ETA: 0:02:31

################################################################################
[1m                           Learning iteration 43/100                            [0m 

                               Run name: nexus
                            Total steps: 4325376 
                       Steps per second: 40398 
                        Collection time: 2.117s 
                          Learning time: 0.317s 
                        Mean value loss: 1.4359
                    Mean surrogate loss: -0.0067
                      Mean entropy loss: 35.1943
                     Mean symmetry loss: 0.0014
                   Mean l2c2_actor loss: 0.0069
                  Mean l2c2_critic loss: 0.0034
                            Mean reward: -1303.78
                    Mean episode length: 750.00
                        Mean action std: 0.82
                    Entropy coefficient: 0.002500
           Curriculum/polish_torso_slam: -5.0000
      Episode_Reward/base_height_medium: 0.7883
              Episode_Reward/relaxation: -6.3125
         Curriculum/polish_joint_vel_l2: -0.0010
 Episode_Reward/joint_deviation_l1_arms: -0.0059
     Curriculum/polish_action_rate_rate: -0.1500
        Episode_Reward/joint_torques_l2: -0.8057
        Episode_Reward/action_rate_rate: -18.2248
         Episode_Reward/ground_unloaded: -1.1263
           Episode_Reward/feet_distance: -0.2795
          Curriculum/polish_ground_slam: -1.0000
            Episode_Reward/joint_vel_l2: -0.7531
              Episode_Reward/torso_roll: -0.8768
            Episode_Reward/joint_acc_l2: -0.1579
           Episode_Reward/feet_yaw_mean: -0.3081
           Episode_Reward/body_velocity: -0.8451
           Curriculum/polish_not_moving: -1.0000
     Episode_Reward/completely_airborne: -5.2749
              Episode_Reward/torso_slam: -0.4361
           Episode_Reward/torso_upright: 0.0000
           Episode_Reward/ankle_torques: -0.1763
        Curriculum/random_fallen_states: 0.0000
  Episode_Reward/feet_distance_standing: 0.0000
           Episode_Termination/time_out: 1.0000
             Episode_Reward/ground_slam: -1.0651
        Episode_Reward/joint_vel_limits: -0.0005
         Episode_Reward/severely_tilted: -0.0149
        Episode_Reward/joint_pos_limits: -0.0025
            Metrics/height/height_error: 1.2645
       Episode_Reward/base_height_rough: 0.9082
              Episode_Reward/feet_slide: -0.3376
              Curriculum/terrain_levels: 0.0000
           Episode_Reward/forward_pitch: -2.2254
      Episode_Reward/joint_deviation_l1: -0.0174
        Episode_Reward/illegal_contacts: -1.4103
               Curriculum/adaptive_lift: 0.9939
    Episode_Reward/joint_tracking_error: -2.3457
        Episode_Reward/base_height_fine: 0.7794
           Episode_Reward/torque_limits: -0.7193
             Episode_Reward/action_rate: -41.4424
      Episode_Termination/invalid_state: 0.0000
               Episode_Reward/flat_feet: -3.8166
              Episode_Reward/not_moving: -0.2134
--------------------------------------------------------------------------------
                         Iteration time: 2.43s
                           Time elapsed: 0:01:56
                                    ETA: 0:02:28

################################################################################
[1m                           Learning iteration 44/100                            [0m 

                               Run name: nexus
                            Total steps: 4423680 
                       Steps per second: 40448 
                        Collection time: 2.114s 
                          Learning time: 0.317s 
                        Mean value loss: 1.4398
                    Mean surrogate loss: -0.0058
                      Mean entropy loss: 35.0613
                     Mean symmetry loss: 0.0014
                   Mean l2c2_actor loss: 0.0069
                  Mean l2c2_critic loss: 0.0029
                            Mean reward: -1301.21
                    Mean episode length: 750.00
                        Mean action std: 0.81
                    Entropy coefficient: 0.002500
           Curriculum/polish_torso_slam: -5.0000
      Episode_Reward/base_height_medium: 0.7383
              Episode_Reward/relaxation: -6.5357
         Curriculum/polish_joint_vel_l2: -0.0010
 Episode_Reward/joint_deviation_l1_arms: -0.0064
     Curriculum/polish_action_rate_rate: -0.1500
        Episode_Reward/joint_torques_l2: -0.7461
        Episode_Reward/action_rate_rate: -17.9988
         Episode_Reward/ground_unloaded: -1.0682
           Episode_Reward/feet_distance: -0.2817
          Curriculum/polish_ground_slam: -1.0000
            Episode_Reward/joint_vel_l2: -0.7557
              Episode_Reward/torso_roll: -0.8228
            Episode_Reward/joint_acc_l2: -0.1310
           Episode_Reward/feet_yaw_mean: -0.3048
           Episode_Reward/body_velocity: -0.9066
           Curriculum/polish_not_moving: -1.0000
     Episode_Reward/completely_airborne: -5.7040
              Episode_Reward/torso_slam: -0.4318
           Episode_Reward/torso_upright: 0.0000
           Episode_Reward/ankle_torques: -0.1539
        Curriculum/random_fallen_states: 0.0000
  Episode_Reward/feet_distance_standing: 0.0000
           Episode_Termination/time_out: 1.0000
             Episode_Reward/ground_slam: -1.0736
        Episode_Reward/joint_vel_limits: -0.0005
         Episode_Reward/severely_tilted: -0.0243
        Episode_Reward/joint_pos_limits: -0.0025
            Metrics/height/height_error: 1.2935
       Episode_Reward/base_height_rough: 0.8718
              Episode_Reward/feet_slide: -0.3471
              Curriculum/terrain_levels: 0.0000
           Episode_Reward/forward_pitch: -2.5879
      Episode_Reward/joint_deviation_l1: -0.0195
        Episode_Reward/illegal_contacts: -1.3339
               Curriculum/adaptive_lift: 0.9939
    Episode_Reward/joint_tracking_error: -2.2787
        Episode_Reward/base_height_fine: 0.6990
           Episode_Reward/torque_limits: -0.7002
             Episode_Reward/action_rate: -40.9584
      Episode_Termination/invalid_state: 0.0000
               Episode_Reward/flat_feet: -3.7962
              Episode_Reward/not_moving: -0.1696
--------------------------------------------------------------------------------
                         Iteration time: 2.43s
                           Time elapsed: 0:01:58
                                    ETA: 0:02:25

################################################################################
[1m                           Learning iteration 45/100                            [0m 

                               Run name: nexus
                            Total steps: 4521984 
                       Steps per second: 40600 
                        Collection time: 2.104s 
                          Learning time: 0.317s 
                        Mean value loss: 1.4118
                    Mean surrogate loss: -0.0056
                      Mean entropy loss: 34.9108
                     Mean symmetry loss: 0.0013
                   Mean l2c2_actor loss: 0.0070
                  Mean l2c2_critic loss: 0.0025
                            Mean reward: -1274.02
                    Mean episode length: 750.00
                        Mean action std: 0.81
                    Entropy coefficient: 0.002500
           Curriculum/polish_torso_slam: -5.0000
      Episode_Reward/base_height_medium: 0.6328
              Episode_Reward/relaxation: -5.7792
         Curriculum/polish_joint_vel_l2: -0.0010
 Episode_Reward/joint_deviation_l1_arms: -0.0046
     Curriculum/polish_action_rate_rate: -0.1500
        Episode_Reward/joint_torques_l2: -0.7262
        Episode_Reward/action_rate_rate: -17.8312
         Episode_Reward/ground_unloaded: -1.1383
           Episode_Reward/feet_distance: -0.2876
          Curriculum/polish_ground_slam: -1.0000
            Episode_Reward/joint_vel_l2: -0.7630
              Episode_Reward/torso_roll: -0.8631
            Episode_Reward/joint_acc_l2: -0.1239
           Episode_Reward/feet_yaw_mean: -0.3030
           Episode_Reward/body_velocity: -0.8593
           Curriculum/polish_not_moving: -1.0000
     Episode_Reward/completely_airborne: -5.2176
              Episode_Reward/torso_slam: -0.4273
           Episode_Reward/torso_upright: 0.0000
           Episode_Reward/ankle_torques: -0.1584
        Curriculum/random_fallen_states: 0.0000
  Episode_Reward/feet_distance_standing: 0.0000
           Episode_Termination/time_out: 1.0000
             Episode_Reward/ground_slam: -1.0447
        Episode_Reward/joint_vel_limits: -0.0005
         Episode_Reward/severely_tilted: -0.0134
        Episode_Reward/joint_pos_limits: -0.0025
            Metrics/height/height_error: 1.2801
       Episode_Reward/base_height_rough: 0.7661
              Episode_Reward/feet_slide: -0.3176
              Curriculum/terrain_levels: 0.0000
           Episode_Reward/forward_pitch: -2.0743
      Episode_Reward/joint_deviation_l1: -0.0148
        Episode_Reward/illegal_contacts: -1.4398
               Curriculum/adaptive_lift: 0.9939
    Episode_Reward/joint_tracking_error: -2.2445
        Episode_Reward/base_height_fine: 0.5803
           Episode_Reward/torque_limits: -0.6564
             Episode_Reward/action_rate: -40.5929
      Episode_Termination/invalid_state: 0.0000
               Episode_Reward/flat_feet: -3.8262
              Episode_Reward/not_moving: -0.1378
--------------------------------------------------------------------------------
                         Iteration time: 2.42s
                           Time elapsed: 0:02:01
                                    ETA: 0:02:22

################################################################################
[1m                           Learning iteration 46/100                            [0m 

                               Run name: nexus
                            Total steps: 4620288 
                       Steps per second: 40683 
                        Collection time: 2.099s 
                          Learning time: 0.317s 
                        Mean value loss: 1.3287
                    Mean surrogate loss: -0.0069
                      Mean entropy loss: 34.7605
                     Mean symmetry loss: 0.0014
                   Mean l2c2_actor loss: 0.0071
                  Mean l2c2_critic loss: 0.0028
                            Mean reward: -1277.14
                    Mean episode length: 750.00
                        Mean action std: 0.80
                    Entropy coefficient: 0.002500
           Curriculum/polish_torso_slam: -5.0000
      Episode_Reward/base_height_medium: 0.7384
              Episode_Reward/relaxation: -6.0894
         Curriculum/polish_joint_vel_l2: -0.0010
 Episode_Reward/joint_deviation_l1_arms: -0.0066
     Curriculum/polish_action_rate_rate: -0.1500
        Episode_Reward/joint_torques_l2: -0.7219
        Episode_Reward/action_rate_rate: -17.5907
         Episode_Reward/ground_unloaded: -1.0809
           Episode_Reward/feet_distance: -0.2862
          Curriculum/polish_ground_slam: -1.0000
            Episode_Reward/joint_vel_l2: -0.7521
              Episode_Reward/torso_roll: -0.8455
            Episode_Reward/joint_acc_l2: -0.1258
           Episode_Reward/feet_yaw_mean: -0.3060
           Episode_Reward/body_velocity: -0.9043
           Curriculum/polish_not_moving: -1.0000
     Episode_Reward/completely_airborne: -5.8405
              Episode_Reward/torso_slam: -0.4609
           Episode_Reward/torso_upright: -0.0000
           Episode_Reward/ankle_torques: -0.1572
        Curriculum/random_fallen_states: 0.0000
  Episode_Reward/feet_distance_standing: -0.0000
           Episode_Termination/time_out: 1.0000
             Episode_Reward/ground_slam: -1.0709
        Episode_Reward/joint_vel_limits: -0.0005
         Episode_Reward/severely_tilted: -0.0189
        Episode_Reward/joint_pos_limits: -0.0025
            Metrics/height/height_error: 1.2660
       Episode_Reward/base_height_rough: 0.9009
              Episode_Reward/feet_slide: -0.3726
              Curriculum/terrain_levels: 0.0000
           Episode_Reward/forward_pitch: -3.3122
      Episode_Reward/joint_deviation_l1: -0.0223
        Episode_Reward/illegal_contacts: -1.1917
               Curriculum/adaptive_lift: 0.9939
    Episode_Reward/joint_tracking_error: -2.1932
        Episode_Reward/base_height_fine: 0.6069
           Episode_Reward/torque_limits: -0.6639
             Episode_Reward/action_rate: -40.0961
      Episode_Termination/invalid_state: 0.0000
               Episode_Reward/flat_feet: -3.8360
              Episode_Reward/not_moving: -0.1219
--------------------------------------------------------------------------------
                         Iteration time: 2.42s
                           Time elapsed: 0:02:03
                                    ETA: 0:02:19

################################################################################
[1m                           Learning iteration 47/100                            [0m 

                               Run name: nexus
                            Total steps: 4718592 
                       Steps per second: 40566 
                        Collection time: 2.107s 
                          Learning time: 0.317s 
                        Mean value loss: 1.3164
                    Mean surrogate loss: -0.0059
                      Mean entropy loss: 34.6242
                     Mean symmetry loss: 0.0014
                   Mean l2c2_actor loss: 0.0071
                  Mean l2c2_critic loss: 0.0023
                            Mean reward: -1259.73
                    Mean episode length: 750.00
                        Mean action std: 0.80
                    Entropy coefficient: 0.002500
           Curriculum/polish_torso_slam: -5.0000
      Episode_Reward/base_height_medium: 0.7015
              Episode_Reward/relaxation: -6.2354
         Curriculum/polish_joint_vel_l2: -0.0010
 Episode_Reward/joint_deviation_l1_arms: -0.0059
     Curriculum/polish_action_rate_rate: -0.1500
        Episode_Reward/joint_torques_l2: -0.7459
        Episode_Reward/action_rate_rate: -17.4725
         Episode_Reward/ground_unloaded: -1.1005
           Episode_Reward/feet_distance: -0.2814
          Curriculum/polish_ground_slam: -1.0000
            Episode_Reward/joint_vel_l2: -0.7301
              Episode_Reward/torso_roll: -0.8177
            Episode_Reward/joint_acc_l2: -0.1369
           Episode_Reward/feet_yaw_mean: -0.3029
           Episode_Reward/body_velocity: -0.8917
           Curriculum/polish_not_moving: -1.0000
     Episode_Reward/completely_airborne: -5.5993
              Episode_Reward/torso_slam: -0.4245
           Episode_Reward/torso_upright: 0.0000
           Episode_Reward/ankle_torques: -0.1591
        Curriculum/random_fallen_states: 0.0000
  Episode_Reward/feet_distance_standing: 0.0000
           Episode_Termination/time_out: 1.0000
             Episode_Reward/ground_slam: -1.0263
        Episode_Reward/joint_vel_limits: -0.0005
         Episode_Reward/severely_tilted: -0.0114
        Episode_Reward/joint_pos_limits: -0.0025
            Metrics/height/height_error: 1.2344
       Episode_Reward/base_height_rough: 0.8535
              Episode_Reward/feet_slide: -0.3446
              Curriculum/terrain_levels: 0.0000
           Episode_Reward/forward_pitch: -2.8478
      Episode_Reward/joint_deviation_l1: -0.0197
        Episode_Reward/illegal_contacts: -1.2815
               Curriculum/adaptive_lift: 0.9939
    Episode_Reward/joint_tracking_error: -2.2147
        Episode_Reward/base_height_fine: 0.6191
           Episode_Reward/torque_limits: -0.6563
             Episode_Reward/action_rate: -39.8028
      Episode_Termination/invalid_state: 0.0000
               Episode_Reward/flat_feet: -3.7635
              Episode_Reward/not_moving: -0.1336
--------------------------------------------------------------------------------
                         Iteration time: 2.42s
                           Time elapsed: 0:02:06
                                    ETA: 0:02:16

################################################################################
[1m                           Learning iteration 48/100                            [0m 

                               Run name: nexus
                            Total steps: 4816896 
                       Steps per second: 40716 
                        Collection time: 2.097s 
                          Learning time: 0.317s 
                        Mean value loss: 1.2471
                    Mean surrogate loss: -0.0069
                      Mean entropy loss: 34.4734
                     Mean symmetry loss: 0.0013
                   Mean l2c2_actor loss: 0.0072
                  Mean l2c2_critic loss: 0.0025
                            Mean reward: -1261.66
                    Mean episode length: 750.00
                        Mean action std: 0.80
                    Entropy coefficient: 0.002500
           Curriculum/polish_torso_slam: -5.0000
      Episode_Reward/base_height_medium: 0.6862
              Episode_Reward/relaxation: -6.4721
         Curriculum/polish_joint_vel_l2: -0.0010
 Episode_Reward/joint_deviation_l1_arms: -0.0055
     Curriculum/polish_action_rate_rate: -0.1500
        Episode_Reward/joint_torques_l2: -0.7315
        Episode_Reward/action_rate_rate: -17.2879
         Episode_Reward/ground_unloaded: -1.0455
           Episode_Reward/feet_distance: -0.2622
          Curriculum/polish_ground_slam: -1.0000
            Episode_Reward/joint_vel_l2: -0.7396
              Episode_Reward/torso_roll: -0.8341
            Episode_Reward/joint_acc_l2: -0.1318
           Episode_Reward/feet_yaw_mean: -0.3088
           Episode_Reward/body_velocity: -0.8915
           Curriculum/polish_not_moving: -1.0000
     Episode_Reward/completely_airborne: -5.3296
              Episode_Reward/torso_slam: -0.4109
           Episode_Reward/torso_upright: 0.0000
           Episode_Reward/ankle_torques: -0.1490
        Curriculum/random_fallen_states: 0.0000
  Episode_Reward/feet_distance_standing: 0.0000
           Episode_Termination/time_out: 1.0000
             Episode_Reward/ground_slam: -1.0263
        Episode_Reward/joint_vel_limits: -0.0005
         Episode_Reward/severely_tilted: -0.0157
        Episode_Reward/joint_pos_limits: -0.0025
            Metrics/height/height_error: 1.2718
       Episode_Reward/base_height_rough: 0.8725
              Episode_Reward/feet_slide: -0.3263
              Curriculum/terrain_levels: 0.0000
           Episode_Reward/forward_pitch: -2.2597
      Episode_Reward/joint_deviation_l1: -0.0174
        Episode_Reward/illegal_contacts: -1.4118
               Curriculum/adaptive_lift: 0.9939
    Episode_Reward/joint_tracking_error: -2.1939
        Episode_Reward/base_height_fine: 0.5143
           Episode_Reward/torque_limits: -0.6354
             Episode_Reward/action_rate: -39.3939
      Episode_Termination/invalid_state: 0.0000
               Episode_Reward/flat_feet: -3.7813
              Episode_Reward/not_moving: -0.1075
--------------------------------------------------------------------------------
                         Iteration time: 2.41s
                           Time elapsed: 0:02:08
                                    ETA: 0:02:13

################################################################################
[1m                           Learning iteration 49/100                            [0m 

                               Run name: nexus
                            Total steps: 4915200 
                       Steps per second: 40574 
                        Collection time: 2.106s 
                          Learning time: 0.317s 
                        Mean value loss: 1.2034
                    Mean surrogate loss: -0.0062
                      Mean entropy loss: 34.3202
                     Mean symmetry loss: 0.0014
                   Mean l2c2_actor loss: 0.0073
                  Mean l2c2_critic loss: 0.0030
                            Mean reward: -1236.05
                    Mean episode length: 750.00
                        Mean action std: 0.79
                    Entropy coefficient: 0.002500
           Curriculum/polish_torso_slam: -5.0000
      Episode_Reward/base_height_medium: 0.7918
              Episode_Reward/relaxation: -6.0045
         Curriculum/polish_joint_vel_l2: -0.0010
 Episode_Reward/joint_deviation_l1_arms: -0.0061
     Curriculum/polish_action_rate_rate: -0.1500
        Episode_Reward/joint_torques_l2: -0.7272
        Episode_Reward/action_rate_rate: -17.0896
         Episode_Reward/ground_unloaded: -1.1006
           Episode_Reward/feet_distance: -0.2671
          Curriculum/polish_ground_slam: -1.0000
            Episode_Reward/joint_vel_l2: -0.7230
              Episode_Reward/torso_roll: -0.8339
            Episode_Reward/joint_acc_l2: -0.1297
           Episode_Reward/feet_yaw_mean: -0.3016
           Episode_Reward/body_velocity: -0.8820
           Curriculum/polish_not_moving: -1.0000
     Episode_Reward/completely_airborne: -5.4127
              Episode_Reward/torso_slam: -0.4307
           Episode_Reward/torso_upright: 0.0000
           Episode_Reward/ankle_torques: -0.1427
        Curriculum/random_fallen_states: 0.0000
  Episode_Reward/feet_distance_standing: 0.0000
           Episode_Termination/time_out: 1.0000
             Episode_Reward/ground_slam: -1.0162
        Episode_Reward/joint_vel_limits: -0.0005
         Episode_Reward/severely_tilted: -0.0149
        Episode_Reward/joint_pos_limits: -0.0024
            Metrics/height/height_error: 1.2838
       Episode_Reward/base_height_rough: 0.9073
              Episode_Reward/feet_slide: -0.3333
              Curriculum/terrain_levels: 0.0000
           Episode_Reward/forward_pitch: -2.7207
      Episode_Reward/joint_deviation_l1: -0.0196
        Episode_Reward/illegal_contacts: -1.3118
               Curriculum/adaptive_lift: 0.9939
    Episode_Reward/joint_tracking_error: -2.1594
        Episode_Reward/base_height_fine: 0.7544
           Episode_Reward/torque_limits: -0.6458
             Episode_Reward/action_rate: -38.9686
      Episode_Termination/invalid_state: 0.0000
               Episode_Reward/flat_feet: -3.7830
              Episode_Reward/not_moving: -0.1802
--------------------------------------------------------------------------------
                         Iteration time: 2.42s
                           Time elapsed: 0:02:11
                                    ETA: 0:02:11

################################################################################
[1m                           Learning iteration 50/100                            [0m 

                               Run name: nexus
                            Total steps: 5013504 
                       Steps per second: 40585 
                        Collection time: 2.105s 
                          Learning time: 0.317s 
                        Mean value loss: 1.1389
                    Mean surrogate loss: -0.0057
                      Mean entropy loss: 34.1681
                     Mean symmetry loss: 0.0013
                   Mean l2c2_actor loss: 0.0073
                  Mean l2c2_critic loss: 0.0030
                            Mean reward: -1242.93
                    Mean episode length: 750.00
                        Mean action std: 0.79
                    Entropy coefficient: 0.002500
           Curriculum/polish_torso_slam: -5.0000
      Episode_Reward/base_height_medium: 0.8753
              Episode_Reward/relaxation: -6.6714
         Curriculum/polish_joint_vel_l2: -0.0010
 Episode_Reward/joint_deviation_l1_arms: -0.0074
     Curriculum/polish_action_rate_rate: -0.1500
        Episode_Reward/joint_torques_l2: -0.7662
        Episode_Reward/action_rate_rate: -16.9259
         Episode_Reward/ground_unloaded: -1.0627
           Episode_Reward/feet_distance: -0.2720
          Curriculum/polish_ground_slam: -1.0000
            Episode_Reward/joint_vel_l2: -0.7090
              Episode_Reward/torso_roll: -0.8325
            Episode_Reward/joint_acc_l2: -0.1499
           Episode_Reward/feet_yaw_mean: -0.3057
           Episode_Reward/body_velocity: -0.8427
           Curriculum/polish_not_moving: -1.0000
     Episode_Reward/completely_airborne: -5.2966
              Episode_Reward/torso_slam: -0.4217
           Episode_Reward/torso_upright: 0.0000
           Episode_Reward/ankle_torques: -0.1577
        Curriculum/random_fallen_states: 0.0000
  Episode_Reward/feet_distance_standing: 0.0000
           Episode_Termination/time_out: 1.0000
             Episode_Reward/ground_slam: -1.0474
        Episode_Reward/joint_vel_limits: -0.0004
         Episode_Reward/severely_tilted: -0.0126
        Episode_Reward/joint_pos_limits: -0.0025
            Metrics/height/height_error: 1.1444
       Episode_Reward/base_height_rough: 0.9792
              Episode_Reward/feet_slide: -0.3530
              Curriculum/terrain_levels: 0.0000
           Episode_Reward/forward_pitch: -2.7263
      Episode_Reward/joint_deviation_l1: -0.0234
        Episode_Reward/illegal_contacts: -1.3113
               Curriculum/adaptive_lift: 0.9939
    Episode_Reward/joint_tracking_error: -2.1440
        Episode_Reward/base_height_fine: 0.8679
           Episode_Reward/torque_limits: -0.6196
             Episode_Reward/action_rate: -38.6233
      Episode_Termination/invalid_state: 0.0000
               Episode_Reward/flat_feet: -3.7924
              Episode_Reward/not_moving: -0.1845
--------------------------------------------------------------------------------
                         Iteration time: 2.42s
                           Time elapsed: 0:02:13
                                    ETA: 0:02:08

################################################################################
[1m                           Learning iteration 51/100                            [0m 

                               Run name: nexus
                            Total steps: 5111808 
                       Steps per second: 40706 
                        Collection time: 2.098s 
                          Learning time: 0.317s 
                        Mean value loss: 1.1282
                    Mean surrogate loss: -0.0046
                      Mean entropy loss: 33.9794
                     Mean symmetry loss: 0.0014
                   Mean l2c2_actor loss: 0.0075
                  Mean l2c2_critic loss: 0.0026
                            Mean reward: -1215.95
                    Mean episode length: 750.00
                        Mean action std: 0.78
                    Entropy coefficient: 0.002500
           Curriculum/polish_torso_slam: -5.0000
      Episode_Reward/base_height_medium: 0.8264
              Episode_Reward/relaxation: -6.1196
         Curriculum/polish_joint_vel_l2: -0.0010
 Episode_Reward/joint_deviation_l1_arms: -0.0063
     Curriculum/polish_action_rate_rate: -0.1500
        Episode_Reward/joint_torques_l2: -0.7042
        Episode_Reward/action_rate_rate: -16.7202
         Episode_Reward/ground_unloaded: -1.0737
           Episode_Reward/feet_distance: -0.2515
          Curriculum/polish_ground_slam: -1.0000
            Episode_Reward/joint_vel_l2: -0.7142
              Episode_Reward/torso_roll: -0.8336
            Episode_Reward/joint_acc_l2: -0.1253
           Episode_Reward/feet_yaw_mean: -0.3076
           Episode_Reward/body_velocity: -0.8095
           Curriculum/polish_not_moving: -1.0000
     Episode_Reward/completely_airborne: -5.0666
              Episode_Reward/torso_slam: -0.4119
           Episode_Reward/torso_upright: 0.0000
           Episode_Reward/ankle_torques: -0.1644
        Curriculum/random_fallen_states: 0.0000
  Episode_Reward/feet_distance_standing: 0.0000
           Episode_Termination/time_out: 1.0000
             Episode_Reward/ground_slam: -1.0212
        Episode_Reward/joint_vel_limits: -0.0004
         Episode_Reward/severely_tilted: -0.0138
        Episode_Reward/joint_pos_limits: -0.0024
            Metrics/height/height_error: 1.1330
       Episode_Reward/base_height_rough: 0.9193
              Episode_Reward/feet_slide: -0.3417
              Curriculum/terrain_levels: 0.0000
           Episode_Reward/forward_pitch: -2.9387
      Episode_Reward/joint_deviation_l1: -0.0204
        Episode_Reward/illegal_contacts: -1.2721
               Curriculum/adaptive_lift: 0.9939
    Episode_Reward/joint_tracking_error: -2.0816
        Episode_Reward/base_height_fine: 0.9263
           Episode_Reward/torque_limits: -0.5913
             Episode_Reward/action_rate: -38.1798
      Episode_Termination/invalid_state: 0.0000
               Episode_Reward/flat_feet: -3.8614
              Episode_Reward/not_moving: -0.2546
--------------------------------------------------------------------------------
                         Iteration time: 2.41s
                           Time elapsed: 0:02:15
                                    ETA: 0:02:05

################################################################################
[1m                           Learning iteration 52/100                            [0m 

                               Run name: nexus
                            Total steps: 5210112 
                       Steps per second: 40600 
                        Collection time: 2.104s 
                          Learning time: 0.317s 
                        Mean value loss: 1.0458
                    Mean surrogate loss: -0.0055
                      Mean entropy loss: 33.7937
                     Mean symmetry loss: 0.0013
                   Mean l2c2_actor loss: 0.0075
                  Mean l2c2_critic loss: 0.0026
                            Mean reward: -1196.21
                    Mean episode length: 750.00
                        Mean action std: 0.78
                    Entropy coefficient: 0.002500
           Curriculum/polish_torso_slam: -5.0000
      Episode_Reward/base_height_medium: 0.7020
              Episode_Reward/relaxation: -5.8877
         Curriculum/polish_joint_vel_l2: -0.0010
 Episode_Reward/joint_deviation_l1_arms: -0.0074
     Curriculum/polish_action_rate_rate: -0.1500
        Episode_Reward/joint_torques_l2: -0.7018
        Episode_Reward/action_rate_rate: -16.5377
         Episode_Reward/ground_unloaded: -1.1135
           Episode_Reward/feet_distance: -0.2562
          Curriculum/polish_ground_slam: -1.0000
            Episode_Reward/joint_vel_l2: -0.7131
              Episode_Reward/torso_roll: -0.8421
            Episode_Reward/joint_acc_l2: -0.1238
           Episode_Reward/feet_yaw_mean: -0.3056
           Episode_Reward/body_velocity: -0.8300
           Curriculum/polish_not_moving: -1.0000
     Episode_Reward/completely_airborne: -5.0474
              Episode_Reward/torso_slam: -0.4048
           Episode_Reward/torso_upright: -0.0001
           Episode_Reward/ankle_torques: -0.1603
        Curriculum/random_fallen_states: 0.0000
  Episode_Reward/feet_distance_standing: -0.0000
           Episode_Termination/time_out: 1.0000
             Episode_Reward/ground_slam: -1.0114
        Episode_Reward/joint_vel_limits: -0.0004
         Episode_Reward/severely_tilted: -0.0246
        Episode_Reward/joint_pos_limits: -0.0024
            Metrics/height/height_error: 1.2216
       Episode_Reward/base_height_rough: 0.8486
              Episode_Reward/feet_slide: -0.3354
              Curriculum/terrain_levels: 0.0000
           Episode_Reward/forward_pitch: -2.4725
      Episode_Reward/joint_deviation_l1: -0.0233
        Episode_Reward/illegal_contacts: -1.3552
               Curriculum/adaptive_lift: 0.9939
    Episode_Reward/joint_tracking_error: -2.1004
        Episode_Reward/base_height_fine: 0.6592
           Episode_Reward/torque_limits: -0.5990
             Episode_Reward/action_rate: -37.7755
      Episode_Termination/invalid_state: 0.0000
               Episode_Reward/flat_feet: -3.8239
              Episode_Reward/not_moving: -0.1522
--------------------------------------------------------------------------------
                         Iteration time: 2.42s
                           Time elapsed: 0:02:18
                                    ETA: 0:02:02

################################################################################
[1m                           Learning iteration 53/100                            [0m 

                               Run name: nexus
                            Total steps: 5308416 
                       Steps per second: 40583 
                        Collection time: 2.105s 
                          Learning time: 0.317s 
                        Mean value loss: 0.9634
                    Mean surrogate loss: -0.0051
                      Mean entropy loss: 33.5567
                     Mean symmetry loss: 0.0014
                   Mean l2c2_actor loss: 0.0076
                  Mean l2c2_critic loss: 0.0020
                            Mean reward: -1194.05
                    Mean episode length: 750.00
                        Mean action std: 0.77
                    Entropy coefficient: 0.002500
           Curriculum/polish_torso_slam: -5.0000
      Episode_Reward/base_height_medium: 0.7559
              Episode_Reward/relaxation: -5.6096
         Curriculum/polish_joint_vel_l2: -0.0010
 Episode_Reward/joint_deviation_l1_arms: -0.0056
     Curriculum/polish_action_rate_rate: -0.1500
        Episode_Reward/joint_torques_l2: -0.7107
        Episode_Reward/action_rate_rate: -16.4075
         Episode_Reward/ground_unloaded: -1.1165
           Episode_Reward/feet_distance: -0.2800
          Curriculum/polish_ground_slam: -1.0000
            Episode_Reward/joint_vel_l2: -0.6968
              Episode_Reward/torso_roll: -0.8509
            Episode_Reward/joint_acc_l2: -0.1300
           Episode_Reward/feet_yaw_mean: -0.3103
           Episode_Reward/body_velocity: -0.8626
           Curriculum/polish_not_moving: -1.0000
     Episode_Reward/completely_airborne: -5.2590
              Episode_Reward/torso_slam: -0.4110
           Episode_Reward/torso_upright: 0.0000
           Episode_Reward/ankle_torques: -0.1389
        Curriculum/random_fallen_states: 0.0000
  Episode_Reward/feet_distance_standing: 0.0000
           Episode_Termination/time_out: 1.0000
             Episode_Reward/ground_slam: -1.0105
        Episode_Reward/joint_vel_limits: -0.0004
         Episode_Reward/severely_tilted: -0.0221
        Episode_Reward/joint_pos_limits: -0.0024
            Metrics/height/height_error: 1.2245
       Episode_Reward/base_height_rough: 0.8595
              Episode_Reward/feet_slide: -0.3370
              Curriculum/terrain_levels: 0.0000
           Episode_Reward/forward_pitch: -2.5147
      Episode_Reward/joint_deviation_l1: -0.0187
        Episode_Reward/illegal_contacts: -1.3593
               Curriculum/adaptive_lift: 0.9939
    Episode_Reward/joint_tracking_error: -2.0617
        Episode_Reward/base_height_fine: 0.7580
           Episode_Reward/torque_limits: -0.5943
             Episode_Reward/action_rate: -37.4753
      Episode_Termination/invalid_state: 0.0000
               Episode_Reward/flat_feet: -3.7806
              Episode_Reward/not_moving: -0.1913
--------------------------------------------------------------------------------
                         Iteration time: 2.42s
                           Time elapsed: 0:02:20
                                    ETA: 0:01:59

################################################################################
[1m                           Learning iteration 54/100                            [0m 

                               Run name: nexus
                            Total steps: 5406720 
                       Steps per second: 40596 
                        Collection time: 2.104s 
                          Learning time: 0.317s 
                        Mean value loss: 0.9041
                    Mean surrogate loss: -0.0037
                      Mean entropy loss: 33.3705
                     Mean symmetry loss: 0.0012
                   Mean l2c2_actor loss: 0.0076
                  Mean l2c2_critic loss: 0.0020
                            Mean reward: -1182.21
                    Mean episode length: 750.00
                        Mean action std: 0.76
                    Entropy coefficient: 0.002500
           Curriculum/polish_torso_slam: -5.0000
      Episode_Reward/base_height_medium: 0.8029
              Episode_Reward/relaxation: -5.5230
         Curriculum/polish_joint_vel_l2: -0.0010
 Episode_Reward/joint_deviation_l1_arms: -0.0074
     Curriculum/polish_action_rate_rate: -0.1500
        Episode_Reward/joint_torques_l2: -0.6840
        Episode_Reward/action_rate_rate: -16.2107
         Episode_Reward/ground_unloaded: -1.0653
           Episode_Reward/feet_distance: -0.2647
          Curriculum/polish_ground_slam: -1.0000
            Episode_Reward/joint_vel_l2: -0.6784
              Episode_Reward/torso_roll: -0.8078
            Episode_Reward/joint_acc_l2: -0.1169
           Episode_Reward/feet_yaw_mean: -0.3054
           Episode_Reward/body_velocity: -0.8324
           Curriculum/polish_not_moving: -1.0000
     Episode_Reward/completely_airborne: -5.3026
              Episode_Reward/torso_slam: -0.4336
           Episode_Reward/torso_upright: -0.0007
           Episode_Reward/ankle_torques: -0.1457
        Curriculum/random_fallen_states: 0.0000
  Episode_Reward/feet_distance_standing: -0.0001
           Episode_Termination/time_out: 1.0000
             Episode_Reward/ground_slam: -0.9757
        Episode_Reward/joint_vel_limits: -0.0004
         Episode_Reward/severely_tilted: -0.0160
        Episode_Reward/joint_pos_limits: -0.0024
            Metrics/height/height_error: 1.2112
       Episode_Reward/base_height_rough: 0.9317
              Episode_Reward/feet_slide: -0.3576
              Curriculum/terrain_levels: 0.0000
           Episode_Reward/forward_pitch: -3.6874
      Episode_Reward/joint_deviation_l1: -0.0227
        Episode_Reward/illegal_contacts: -1.1098
               Curriculum/adaptive_lift: 0.9939
    Episode_Reward/joint_tracking_error: -2.0228
        Episode_Reward/base_height_fine: 0.7729
           Episode_Reward/torque_limits: -0.5803
             Episode_Reward/action_rate: -37.0478
      Episode_Termination/invalid_state: 0.0000
               Episode_Reward/flat_feet: -3.7836
              Episode_Reward/not_moving: -0.1693
--------------------------------------------------------------------------------
                         Iteration time: 2.42s
                           Time elapsed: 0:02:23
                                    ETA: 0:01:57

################################################################################
[1m                           Learning iteration 55/100                            [0m 

                               Run name: nexus
                            Total steps: 5505024 
                       Steps per second: 40656 
                        Collection time: 2.101s 
                          Learning time: 0.317s 
                        Mean value loss: 0.8233
                    Mean surrogate loss: -0.0056
                      Mean entropy loss: 33.0923
                     Mean symmetry loss: 0.0012
                   Mean l2c2_actor loss: 0.0075
                  Mean l2c2_critic loss: 0.0013
                            Mean reward: -1190.54
                    Mean episode length: 750.00
                        Mean action std: 0.76
                    Entropy coefficient: 0.002500
           Curriculum/polish_torso_slam: -5.0000
      Episode_Reward/base_height_medium: 0.6481
              Episode_Reward/relaxation: -5.9065
         Curriculum/polish_joint_vel_l2: -0.0010
 Episode_Reward/joint_deviation_l1_arms: -0.0059
     Curriculum/polish_action_rate_rate: -0.1500
        Episode_Reward/joint_torques_l2: -0.6929
        Episode_Reward/action_rate_rate: -16.0201
         Episode_Reward/ground_unloaded: -1.0753
           Episode_Reward/feet_distance: -0.2689
          Curriculum/polish_ground_slam: -1.0000
            Episode_Reward/joint_vel_l2: -0.6660
              Episode_Reward/torso_roll: -0.7831
            Episode_Reward/joint_acc_l2: -0.1239
           Episode_Reward/feet_yaw_mean: -0.3103
           Episode_Reward/body_velocity: -0.8523
           Curriculum/polish_not_moving: -1.0000
     Episode_Reward/completely_airborne: -5.4076
              Episode_Reward/torso_slam: -0.4286
           Episode_Reward/torso_upright: -0.0000
           Episode_Reward/ankle_torques: -0.1354
        Curriculum/random_fallen_states: 0.0000
  Episode_Reward/feet_distance_standing: 0.0000
           Episode_Termination/time_out: 1.0000
             Episode_Reward/ground_slam: -0.9871
        Episode_Reward/joint_vel_limits: -0.0004
         Episode_Reward/severely_tilted: -0.0184
        Episode_Reward/joint_pos_limits: -0.0024
            Metrics/height/height_error: 1.2787
       Episode_Reward/base_height_rough: 0.7999
              Episode_Reward/feet_slide: -0.3582
              Curriculum/terrain_levels: 0.0000
           Episode_Reward/forward_pitch: -3.2784
      Episode_Reward/joint_deviation_l1: -0.0196
        Episode_Reward/illegal_contacts: -1.1968
               Curriculum/adaptive_lift: 0.9939
    Episode_Reward/joint_tracking_error: -1.9789
        Episode_Reward/base_height_fine: 0.5523
           Episode_Reward/torque_limits: -0.5707
             Episode_Reward/action_rate: -36.6556
      Episode_Termination/invalid_state: 0.0000
               Episode_Reward/flat_feet: -3.7921
              Episode_Reward/not_moving: -0.1119
--------------------------------------------------------------------------------
                         Iteration time: 2.42s
                           Time elapsed: 0:02:25
                                    ETA: 0:01:54

################################################################################
[1m                           Learning iteration 56/100                            [0m 

                               Run name: nexus
                            Total steps: 5603328 
                       Steps per second: 40595 
                        Collection time: 2.104s 
                          Learning time: 0.317s 
                        Mean value loss: 0.8056
                    Mean surrogate loss: -0.0057
                      Mean entropy loss: 32.8935
                     Mean symmetry loss: 0.0013
                   Mean l2c2_actor loss: 0.0076
                  Mean l2c2_critic loss: 0.0015
                            Mean reward: -1165.75
                    Mean episode length: 750.00
                        Mean action std: 0.75
                    Entropy coefficient: 0.002500
           Curriculum/polish_torso_slam: -5.0000
      Episode_Reward/base_height_medium: 0.5533
              Episode_Reward/relaxation: -5.4191
         Curriculum/polish_joint_vel_l2: -0.0010
 Episode_Reward/joint_deviation_l1_arms: -0.0043
     Curriculum/polish_action_rate_rate: -0.1500
        Episode_Reward/joint_torques_l2: -0.6832
        Episode_Reward/action_rate_rate: -15.8768
         Episode_Reward/ground_unloaded: -1.1480
           Episode_Reward/feet_distance: -0.2592
          Curriculum/polish_ground_slam: -1.0000
            Episode_Reward/joint_vel_l2: -0.6759
              Episode_Reward/torso_roll: -0.8633
            Episode_Reward/joint_acc_l2: -0.1208
           Episode_Reward/feet_yaw_mean: -0.3071
           Episode_Reward/body_velocity: -0.8130
           Curriculum/polish_not_moving: -1.0000
     Episode_Reward/completely_airborne: -5.1606
              Episode_Reward/torso_slam: -0.4100
           Episode_Reward/torso_upright: -0.0000
           Episode_Reward/ankle_torques: -0.1417
        Curriculum/random_fallen_states: 0.0000
  Episode_Reward/feet_distance_standing: 0.0000
           Episode_Termination/time_out: 1.0000
             Episode_Reward/ground_slam: -0.9545
        Episode_Reward/joint_vel_limits: -0.0004
         Episode_Reward/severely_tilted: -0.0250
        Episode_Reward/joint_pos_limits: -0.0024
            Metrics/height/height_error: 1.3203
       Episode_Reward/base_height_rough: 0.7211
              Episode_Reward/feet_slide: -0.3240
              Curriculum/terrain_levels: 0.0000
           Episode_Reward/forward_pitch: -2.7127
      Episode_Reward/joint_deviation_l1: -0.0137
        Episode_Reward/illegal_contacts: -1.3253
               Curriculum/adaptive_lift: 0.9939
    Episode_Reward/joint_tracking_error: -2.0005
        Episode_Reward/base_height_fine: 0.4505
           Episode_Reward/torque_limits: -0.5726
             Episode_Reward/action_rate: -36.2743
      Episode_Termination/invalid_state: 0.0000
               Episode_Reward/flat_feet: -3.8559
              Episode_Reward/not_moving: -0.1105
--------------------------------------------------------------------------------
                         Iteration time: 2.42s
                           Time elapsed: 0:02:27
                                    ETA: 0:01:51

################################################################################
[1m                           Learning iteration 57/100                            [0m 

                               Run name: nexus
                            Total steps: 5701632 
                       Steps per second: 40658 
                        Collection time: 2.101s 
                          Learning time: 0.317s 
                        Mean value loss: 0.7931
                    Mean surrogate loss: -0.0039
                      Mean entropy loss: 32.7200
                     Mean symmetry loss: 0.0011
                   Mean l2c2_actor loss: 0.0076
                  Mean l2c2_critic loss: 0.0014
                            Mean reward: -1150.01
                    Mean episode length: 750.00
                        Mean action std: 0.75
                    Entropy coefficient: 0.002500
           Curriculum/polish_torso_slam: -5.0000
      Episode_Reward/base_height_medium: 0.8101
              Episode_Reward/relaxation: -5.4433
         Curriculum/polish_joint_vel_l2: -0.0010
 Episode_Reward/joint_deviation_l1_arms: -0.0065
     Curriculum/polish_action_rate_rate: -0.1500
        Episode_Reward/joint_torques_l2: -0.6949
        Episode_Reward/action_rate_rate: -15.7069
         Episode_Reward/ground_unloaded: -1.1013
           Episode_Reward/feet_distance: -0.2554
          Curriculum/polish_ground_slam: -1.0000
            Episode_Reward/joint_vel_l2: -0.6557
              Episode_Reward/torso_roll: -0.8066
            Episode_Reward/joint_acc_l2: -0.1284
           Episode_Reward/feet_yaw_mean: -0.3072
           Episode_Reward/body_velocity: -0.7885
           Curriculum/polish_not_moving: -1.0000
     Episode_Reward/completely_airborne: -4.9428
              Episode_Reward/torso_slam: -0.4073
           Episode_Reward/torso_upright: 0.0000
           Episode_Reward/ankle_torques: -0.1528
        Curriculum/random_fallen_states: 0.0000
  Episode_Reward/feet_distance_standing: 0.0000
           Episode_Termination/time_out: 1.0000
             Episode_Reward/ground_slam: -0.9611
        Episode_Reward/joint_vel_limits: -0.0003
         Episode_Reward/severely_tilted: -0.0177
        Episode_Reward/joint_pos_limits: -0.0022
            Metrics/height/height_error: 1.1694
       Episode_Reward/base_height_rough: 0.9088
              Episode_Reward/feet_slide: -0.3305
              Curriculum/terrain_levels: 0.0000
           Episode_Reward/forward_pitch: -2.6950
      Episode_Reward/joint_deviation_l1: -0.0211
        Episode_Reward/illegal_contacts: -1.3283
               Curriculum/adaptive_lift: 0.9939
    Episode_Reward/joint_tracking_error: -1.9827
        Episode_Reward/base_height_fine: 0.8644
           Episode_Reward/torque_limits: -0.5414
             Episode_Reward/action_rate: -35.9151
      Episode_Termination/invalid_state: 0.0000
               Episode_Reward/flat_feet: -3.8230
              Episode_Reward/not_moving: -0.2233
--------------------------------------------------------------------------------
                         Iteration time: 2.42s
                           Time elapsed: 0:02:30
                                    ETA: 0:01:48

################################################################################
[1m                           Learning iteration 58/100                            [0m 

                               Run name: nexus
                            Total steps: 5799936 
                       Steps per second: 40346 
                        Collection time: 2.119s 
                          Learning time: 0.317s 
                        Mean value loss: 0.7333
                    Mean surrogate loss: -0.0056
                      Mean entropy loss: 32.4072
                     Mean symmetry loss: 0.0012
                   Mean l2c2_actor loss: 0.0077
                  Mean l2c2_critic loss: 0.0014
                            Mean reward: -1133.13
                    Mean episode length: 750.00
                        Mean action std: 0.74
                    Entropy coefficient: 0.002500
           Curriculum/polish_torso_slam: -5.0000
      Episode_Reward/base_height_medium: 0.6460
              Episode_Reward/relaxation: -4.7160
         Curriculum/polish_joint_vel_l2: -0.0010
 Episode_Reward/joint_deviation_l1_arms: -0.0054
     Curriculum/polish_action_rate_rate: -0.1500
        Episode_Reward/joint_torques_l2: -0.6651
        Episode_Reward/action_rate_rate: -15.5187
         Episode_Reward/ground_unloaded: -1.1879
           Episode_Reward/feet_distance: -0.2559
          Curriculum/polish_ground_slam: -1.0000
            Episode_Reward/joint_vel_l2: -0.6734
              Episode_Reward/torso_roll: -0.8184
            Episode_Reward/joint_acc_l2: -0.1173
           Episode_Reward/feet_yaw_mean: -0.3130
           Episode_Reward/body_velocity: -0.7894
           Curriculum/polish_not_moving: -1.0000
     Episode_Reward/completely_airborne: -4.8583
              Episode_Reward/torso_slam: -0.3970
           Episode_Reward/torso_upright: -0.0000
           Episode_Reward/ankle_torques: -0.1394
        Curriculum/random_fallen_states: 0.0000
  Episode_Reward/feet_distance_standing: -0.0000
           Episode_Termination/time_out: 1.0000
             Episode_Reward/ground_slam: -0.9589
        Episode_Reward/joint_vel_limits: -0.0004
         Episode_Reward/severely_tilted: -0.0253
        Episode_Reward/joint_pos_limits: -0.0023
            Metrics/height/height_error: 1.3428
       Episode_Reward/base_height_rough: 0.7770
              Episode_Reward/feet_slide: -0.3205
              Curriculum/terrain_levels: 0.0000
           Episode_Reward/forward_pitch: -2.3733
      Episode_Reward/joint_deviation_l1: -0.0174
        Episode_Reward/illegal_contacts: -1.3912
               Curriculum/adaptive_lift: 0.9939
    Episode_Reward/joint_tracking_error: -1.9292
        Episode_Reward/base_height_fine: 0.5865
           Episode_Reward/torque_limits: -0.5278
             Episode_Reward/action_rate: -35.4963
      Episode_Termination/invalid_state: 0.0000
               Episode_Reward/flat_feet: -3.7860
              Episode_Reward/not_moving: -0.1486
--------------------------------------------------------------------------------
                         Iteration time: 2.44s
                           Time elapsed: 0:02:32
                                    ETA: 0:01:46

################################################################################
[1m                           Learning iteration 59/100                            [0m 

                               Run name: nexus
                            Total steps: 5898240 
                       Steps per second: 40460 
                        Collection time: 2.112s 
                          Learning time: 0.318s 
                        Mean value loss: 0.7039
                    Mean surrogate loss: -0.0048
                      Mean entropy loss: 32.2280
                     Mean symmetry loss: 0.0013
                   Mean l2c2_actor loss: 0.0078
                  Mean l2c2_critic loss: 0.0014
                            Mean reward: -1131.48
                    Mean episode length: 750.00
                        Mean action std: 0.74
                    Entropy coefficient: 0.002500
           Curriculum/polish_torso_slam: -5.0000
      Episode_Reward/base_height_medium: 0.7502
              Episode_Reward/relaxation: -5.5704
         Curriculum/polish_joint_vel_l2: -0.0010
 Episode_Reward/joint_deviation_l1_arms: -0.0053
     Curriculum/polish_action_rate_rate: -0.1500
        Episode_Reward/joint_torques_l2: -0.6579
        Episode_Reward/action_rate_rate: -15.3579
         Episode_Reward/ground_unloaded: -1.1116
           Episode_Reward/feet_distance: -0.2504
          Curriculum/polish_ground_slam: -1.0000
            Episode_Reward/joint_vel_l2: -0.6599
              Episode_Reward/torso_roll: -0.8342
            Episode_Reward/joint_acc_l2: -0.1163
           Episode_Reward/feet_yaw_mean: -0.3171
           Episode_Reward/body_velocity: -0.8068
           Curriculum/polish_not_moving: -1.0000
     Episode_Reward/completely_airborne: -4.6688
              Episode_Reward/torso_slam: -0.3886
           Episode_Reward/torso_upright: -0.0001
           Episode_Reward/ankle_torques: -0.1350
        Curriculum/random_fallen_states: 0.0000
  Episode_Reward/feet_distance_standing: -0.0000
           Episode_Termination/time_out: 1.0000
             Episode_Reward/ground_slam: -0.9468
        Episode_Reward/joint_vel_limits: -0.0003
         Episode_Reward/severely_tilted: -0.0211
        Episode_Reward/joint_pos_limits: -0.0023
            Metrics/height/height_error: 1.3359
       Episode_Reward/base_height_rough: 0.8830
              Episode_Reward/feet_slide: -0.2944
              Curriculum/terrain_levels: 0.0000
           Episode_Reward/forward_pitch: -1.9102
      Episode_Reward/joint_deviation_l1: -0.0185
        Episode_Reward/illegal_contacts: -1.4879
               Curriculum/adaptive_lift: 0.9939
    Episode_Reward/joint_tracking_error: -1.9334
        Episode_Reward/base_height_fine: 0.6627
           Episode_Reward/torque_limits: -0.5271
             Episode_Reward/action_rate: -35.1368
      Episode_Termination/invalid_state: 0.0000
               Episode_Reward/flat_feet: -3.8320
              Episode_Reward/not_moving: -0.1295
--------------------------------------------------------------------------------
                         Iteration time: 2.43s
                           Time elapsed: 0:02:35
                                    ETA: 0:01:43

################################################################################
[1m                           Learning iteration 60/100                            [0m 

                               Run name: nexus
                            Total steps: 5996544 
                       Steps per second: 40699 
                        Collection time: 2.098s 
                          Learning time: 0.318s 
                        Mean value loss: 0.6477
                    Mean surrogate loss: -0.0016
                      Mean entropy loss: 32.0670
                     Mean symmetry loss: 0.0011
                   Mean l2c2_actor loss: 0.0079
                  Mean l2c2_critic loss: 0.0012
                            Mean reward: -1122.55
                    Mean episode length: 750.00
                        Mean action std: 0.73
                    Entropy coefficient: 0.002500
           Curriculum/polish_torso_slam: -5.0000
      Episode_Reward/base_height_medium: 0.6887
              Episode_Reward/relaxation: -5.5745
         Curriculum/polish_joint_vel_l2: -0.0010
 Episode_Reward/joint_deviation_l1_arms: -0.0048
     Curriculum/polish_action_rate_rate: -0.1500
        Episode_Reward/joint_torques_l2: -0.6583
        Episode_Reward/action_rate_rate: -15.1402
         Episode_Reward/ground_unloaded: -1.1039
           Episode_Reward/feet_distance: -0.2444
          Curriculum/polish_ground_slam: -1.0000
            Episode_Reward/joint_vel_l2: -0.6453
              Episode_Reward/torso_roll: -0.8220
            Episode_Reward/joint_acc_l2: -0.1172
           Episode_Reward/feet_yaw_mean: -0.3045
           Episode_Reward/body_velocity: -0.7997
           Curriculum/polish_not_moving: -1.0000
     Episode_Reward/completely_airborne: -4.9548
              Episode_Reward/torso_slam: -0.4009
           Episode_Reward/torso_upright: -0.0001
           Episode_Reward/ankle_torques: -0.1513
        Curriculum/random_fallen_states: 0.0000
  Episode_Reward/feet_distance_standing: 0.0000
           Episode_Termination/time_out: 1.0000
             Episode_Reward/ground_slam: -0.9337
        Episode_Reward/joint_vel_limits: -0.0003
         Episode_Reward/severely_tilted: -0.0177
        Episode_Reward/joint_pos_limits: -0.0023
            Metrics/height/height_error: 1.3111
       Episode_Reward/base_height_rough: 0.8433
              Episode_Reward/feet_slide: -0.3302
              Curriculum/terrain_levels: 0.0000
           Episode_Reward/forward_pitch: -2.7719
      Episode_Reward/joint_deviation_l1: -0.0166
        Episode_Reward/illegal_contacts: -1.3080
               Curriculum/adaptive_lift: 0.9939
    Episode_Reward/joint_tracking_error: -1.8967
        Episode_Reward/base_height_fine: 0.5982
           Episode_Reward/torque_limits: -0.5088
             Episode_Reward/action_rate: -34.6789
      Episode_Termination/invalid_state: 0.0000
               Episode_Reward/flat_feet: -3.8157
              Episode_Reward/not_moving: -0.1475
--------------------------------------------------------------------------------
                         Iteration time: 2.42s
                           Time elapsed: 0:02:37
                                    ETA: 0:01:40

################################################################################
[1m                           Learning iteration 61/100                            [0m 

                               Run name: nexus
                            Total steps: 6094848 
                       Steps per second: 40642 
                        Collection time: 2.101s 
                          Learning time: 0.317s 
                        Mean value loss: 0.6136
                    Mean surrogate loss: -0.0055
                      Mean entropy loss: 31.6799
                     Mean symmetry loss: 0.0012
                   Mean l2c2_actor loss: 0.0079
                  Mean l2c2_critic loss: 0.0010
                            Mean reward: -1088.53
                    Mean episode length: 750.00
                        Mean action std: 0.72
                    Entropy coefficient: 0.002500
           Curriculum/polish_torso_slam: -5.0000
      Episode_Reward/base_height_medium: 0.7991
              Episode_Reward/relaxation: -4.4317
         Curriculum/polish_joint_vel_l2: -0.0010
 Episode_Reward/joint_deviation_l1_arms: -0.0059
     Curriculum/polish_action_rate_rate: -0.1500
        Episode_Reward/joint_torques_l2: -0.6163
        Episode_Reward/action_rate_rate: -15.0056
         Episode_Reward/ground_unloaded: -1.1792
           Episode_Reward/feet_distance: -0.2472
          Curriculum/polish_ground_slam: -1.0000
            Episode_Reward/joint_vel_l2: -0.6463
              Episode_Reward/torso_roll: -0.8348
            Episode_Reward/joint_acc_l2: -0.0967
           Episode_Reward/feet_yaw_mean: -0.3105
           Episode_Reward/body_velocity: -0.7779
           Curriculum/polish_not_moving: -1.0000
     Episode_Reward/completely_airborne: -4.5956
              Episode_Reward/torso_slam: -0.3884
           Episode_Reward/torso_upright: 0.0000
           Episode_Reward/ankle_torques: -0.1518
        Curriculum/random_fallen_states: 0.0000
  Episode_Reward/feet_distance_standing: 0.0000
           Episode_Termination/time_out: 1.0000
             Episode_Reward/ground_slam: -0.9560
        Episode_Reward/joint_vel_limits: -0.0003
         Episode_Reward/severely_tilted: -0.0106
        Episode_Reward/joint_pos_limits: -0.0023
            Metrics/height/height_error: 1.2443
       Episode_Reward/base_height_rough: 0.9092
              Episode_Reward/feet_slide: -0.3271
              Curriculum/terrain_levels: 0.0000
           Episode_Reward/forward_pitch: -2.3506
      Episode_Reward/joint_deviation_l1: -0.0190
        Episode_Reward/illegal_contacts: -1.4041
               Curriculum/adaptive_lift: 0.9939
    Episode_Reward/joint_tracking_error: -1.8550
        Episode_Reward/base_height_fine: 0.7363
           Episode_Reward/torque_limits: -0.4870
             Episode_Reward/action_rate: -34.3542
      Episode_Termination/invalid_state: 0.0000
               Episode_Reward/flat_feet: -3.7848
              Episode_Reward/not_moving: -0.1799
--------------------------------------------------------------------------------
                         Iteration time: 2.42s
                           Time elapsed: 0:02:40
                                    ETA: 0:01:38

################################################################################
[1m                           Learning iteration 62/100                            [0m 

                               Run name: nexus
                            Total steps: 6193152 
                       Steps per second: 40678 
                        Collection time: 2.099s 
                          Learning time: 0.317s 
                        Mean value loss: 0.5893
                    Mean surrogate loss: -0.0042
                      Mean entropy loss: 31.4990
                     Mean symmetry loss: 0.0011
                   Mean l2c2_actor loss: 0.0079
                  Mean l2c2_critic loss: 0.0011
                            Mean reward: -1097.86
                    Mean episode length: 750.00
                        Mean action std: 0.72
                    Entropy coefficient: 0.002500
           Curriculum/polish_torso_slam: -5.0000
      Episode_Reward/base_height_medium: 0.6457
              Episode_Reward/relaxation: -4.5154
         Curriculum/polish_joint_vel_l2: -0.0010
 Episode_Reward/joint_deviation_l1_arms: -0.0062
     Curriculum/polish_action_rate_rate: -0.1500
        Episode_Reward/joint_torques_l2: -0.5992
        Episode_Reward/action_rate_rate: -14.7829
         Episode_Reward/ground_unloaded: -1.1750
           Episode_Reward/feet_distance: -0.2388
          Curriculum/polish_ground_slam: -1.0000
            Episode_Reward/joint_vel_l2: -0.6285
              Episode_Reward/torso_roll: -0.8174
            Episode_Reward/joint_acc_l2: -0.0909
           Episode_Reward/feet_yaw_mean: -0.3051
           Episode_Reward/body_velocity: -0.8215
           Curriculum/polish_not_moving: -1.0000
     Episode_Reward/completely_airborne: -4.9840
              Episode_Reward/torso_slam: -0.3912
           Episode_Reward/torso_upright: -0.0002
           Episode_Reward/ankle_torques: -0.1438
        Curriculum/random_fallen_states: 0.0000
  Episode_Reward/feet_distance_standing: -0.0000
           Episode_Termination/time_out: 1.0000
             Episode_Reward/ground_slam: -0.9126
        Episode_Reward/joint_vel_limits: -0.0003
         Episode_Reward/severely_tilted: -0.0181
        Episode_Reward/joint_pos_limits: -0.0023
            Metrics/height/height_error: 1.3720
       Episode_Reward/base_height_rough: 0.7610
              Episode_Reward/feet_slide: -0.3304
              Curriculum/terrain_levels: 0.0000
           Episode_Reward/forward_pitch: -2.9357
      Episode_Reward/joint_deviation_l1: -0.0190
        Episode_Reward/illegal_contacts: -1.2714
               Curriculum/adaptive_lift: 0.9939
    Episode_Reward/joint_tracking_error: -1.8384
        Episode_Reward/base_height_fine: 0.5878
           Episode_Reward/torque_limits: -0.4775
             Episode_Reward/action_rate: -33.8764
      Episode_Termination/invalid_state: 0.0000
               Episode_Reward/flat_feet: -3.7771
              Episode_Reward/not_moving: -0.1300
--------------------------------------------------------------------------------
                         Iteration time: 2.42s
                           Time elapsed: 0:02:42
                                    ETA: 0:01:35

################################################################################
[1m                           Learning iteration 63/100                            [0m 

                               Run name: nexus
                            Total steps: 6291456 
                       Steps per second: 40659 
                        Collection time: 2.101s 
                          Learning time: 0.317s 
                        Mean value loss: 0.5516
                    Mean surrogate loss: -0.0047
                      Mean entropy loss: 31.2232
                     Mean symmetry loss: 0.0012
                   Mean l2c2_actor loss: 0.0080
                  Mean l2c2_critic loss: 0.0011
                            Mean reward: -1108.35
                    Mean episode length: 750.00
                        Mean action std: 0.71
                    Entropy coefficient: 0.002500
           Curriculum/polish_torso_slam: -5.0000
      Episode_Reward/base_height_medium: 0.5634
              Episode_Reward/relaxation: -5.8607
         Curriculum/polish_joint_vel_l2: -0.0010
 Episode_Reward/joint_deviation_l1_arms: -0.0058
     Curriculum/polish_action_rate_rate: -0.1500
        Episode_Reward/joint_torques_l2: -0.6708
        Episode_Reward/action_rate_rate: -14.5706
         Episode_Reward/ground_unloaded: -1.0646
           Episode_Reward/feet_distance: -0.2531
          Curriculum/polish_ground_slam: -1.0000
            Episode_Reward/joint_vel_l2: -0.6253
              Episode_Reward/torso_roll: -0.7903
            Episode_Reward/joint_acc_l2: -0.1261
           Episode_Reward/feet_yaw_mean: -0.3186
           Episode_Reward/body_velocity: -0.8620
           Curriculum/polish_not_moving: -1.0000
     Episode_Reward/completely_airborne: -5.1187
              Episode_Reward/torso_slam: -0.3978
           Episode_Reward/torso_upright: -0.0002
           Episode_Reward/ankle_torques: -0.1313
        Curriculum/random_fallen_states: 0.0000
  Episode_Reward/feet_distance_standing: -0.0000
           Episode_Termination/time_out: 1.0000
             Episode_Reward/ground_slam: -0.9118
        Episode_Reward/joint_vel_limits: -0.0003
         Episode_Reward/severely_tilted: -0.0217
        Episode_Reward/joint_pos_limits: -0.0023
            Metrics/height/height_error: 1.3026
       Episode_Reward/base_height_rough: 0.7713
              Episode_Reward/feet_slide: -0.3344
              Curriculum/terrain_levels: 0.0000
           Episode_Reward/forward_pitch: -3.1462
      Episode_Reward/joint_deviation_l1: -0.0198
        Episode_Reward/illegal_contacts: -1.2322
               Curriculum/adaptive_lift: 0.9939
    Episode_Reward/joint_tracking_error: -1.8027
        Episode_Reward/base_height_fine: 0.4263
           Episode_Reward/torque_limits: -0.4810
             Episode_Reward/action_rate: -33.4099
      Episode_Termination/invalid_state: 0.0000
               Episode_Reward/flat_feet: -3.7603
              Episode_Reward/not_moving: -0.0974
--------------------------------------------------------------------------------
                         Iteration time: 2.42s
                           Time elapsed: 0:02:44
                                    ETA: 0:01:32

################################################################################
[1m                           Learning iteration 64/100                            [0m 

                               Run name: nexus
                            Total steps: 6389760 
                       Steps per second: 40646 
                        Collection time: 2.100s 
                          Learning time: 0.318s 
                        Mean value loss: 0.5322
                    Mean surrogate loss: -0.0020
                      Mean entropy loss: 31.0319
                     Mean symmetry loss: 0.0011
                   Mean l2c2_actor loss: 0.0081
                  Mean l2c2_critic loss: 0.0012
                            Mean reward: -1085.94
                    Mean episode length: 750.00
                        Mean action std: 0.71
                    Entropy coefficient: 0.002500
           Curriculum/polish_torso_slam: -5.0000
      Episode_Reward/base_height_medium: 0.5782
              Episode_Reward/relaxation: -5.2602
         Curriculum/polish_joint_vel_l2: -0.0010
 Episode_Reward/joint_deviation_l1_arms: -0.0052
     Curriculum/polish_action_rate_rate: -0.1500
        Episode_Reward/joint_torques_l2: -0.6194
        Episode_Reward/action_rate_rate: -14.4079
         Episode_Reward/ground_unloaded: -1.1204
           Episode_Reward/feet_distance: -0.2441
          Curriculum/polish_ground_slam: -1.0000
            Episode_Reward/joint_vel_l2: -0.6218
              Episode_Reward/torso_roll: -0.8524
            Episode_Reward/joint_acc_l2: -0.1040
           Episode_Reward/feet_yaw_mean: -0.3196
           Episode_Reward/body_velocity: -0.8527
           Curriculum/polish_not_moving: -1.0000
     Episode_Reward/completely_airborne: -4.8724
              Episode_Reward/torso_slam: -0.3941
           Episode_Reward/torso_upright: 0.0000
           Episode_Reward/ankle_torques: -0.1378
        Curriculum/random_fallen_states: 0.0000
  Episode_Reward/feet_distance_standing: 0.0000
           Episode_Termination/time_out: 1.0000
             Episode_Reward/ground_slam: -0.9017
        Episode_Reward/joint_vel_limits: -0.0003
         Episode_Reward/severely_tilted: -0.0226
        Episode_Reward/joint_pos_limits: -0.0023
            Metrics/height/height_error: 1.3425
       Episode_Reward/base_height_rough: 0.7510
              Episode_Reward/feet_slide: -0.2963
              Curriculum/terrain_levels: 0.0000
           Episode_Reward/forward_pitch: -2.1960
      Episode_Reward/joint_deviation_l1: -0.0169
        Episode_Reward/illegal_contacts: -1.4210
               Curriculum/adaptive_lift: 0.9939
    Episode_Reward/joint_tracking_error: -1.8109
        Episode_Reward/base_height_fine: 0.4217
           Episode_Reward/torque_limits: -0.4877
             Episode_Reward/action_rate: -33.0314
      Episode_Termination/invalid_state: 0.0000
               Episode_Reward/flat_feet: -3.7900
              Episode_Reward/not_moving: -0.0952
--------------------------------------------------------------------------------
                         Iteration time: 2.42s
                           Time elapsed: 0:02:47
                                    ETA: 0:01:30

################################################################################
[1m                           Learning iteration 65/100                            [0m 

                               Run name: nexus
                            Total steps: 6488064 
                       Steps per second: 40702 
                        Collection time: 2.097s 
                          Learning time: 0.318s 
                        Mean value loss: 0.4901
                    Mean surrogate loss: -0.0040
                      Mean entropy loss: 30.7333
                     Mean symmetry loss: 0.0011
                   Mean l2c2_actor loss: 0.0080
                  Mean l2c2_critic loss: 0.0010
                            Mean reward: -1082.57
                    Mean episode length: 750.00
                        Mean action std: 0.70
                    Entropy coefficient: 0.002500
           Curriculum/polish_torso_slam: -5.0000
      Episode_Reward/base_height_medium: 0.6020
              Episode_Reward/relaxation: -5.7055
         Curriculum/polish_joint_vel_l2: -0.0010
 Episode_Reward/joint_deviation_l1_arms: -0.0057
     Curriculum/polish_action_rate_rate: -0.1500
        Episode_Reward/joint_torques_l2: -0.6407
        Episode_Reward/action_rate_rate: -14.1625
         Episode_Reward/ground_unloaded: -1.0579
           Episode_Reward/feet_distance: -0.2418
          Curriculum/polish_ground_slam: -1.0000
            Episode_Reward/joint_vel_l2: -0.6080
              Episode_Reward/torso_roll: -0.7992
            Episode_Reward/joint_acc_l2: -0.1177
           Episode_Reward/feet_yaw_mean: -0.3219
           Episode_Reward/body_velocity: -0.8527
           Curriculum/polish_not_moving: -1.0000
     Episode_Reward/completely_airborne: -5.0437
              Episode_Reward/torso_slam: -0.3970
           Episode_Reward/torso_upright: 0.0000
           Episode_Reward/ankle_torques: -0.1278
        Curriculum/random_fallen_states: 0.0000
  Episode_Reward/feet_distance_standing: 0.0000
           Episode_Termination/time_out: 1.0000
             Episode_Reward/ground_slam: -0.8954
        Episode_Reward/joint_vel_limits: -0.0003
         Episode_Reward/severely_tilted: -0.0188
        Episode_Reward/joint_pos_limits: -0.0022
            Metrics/height/height_error: 1.3600
       Episode_Reward/base_height_rough: 0.8078
              Episode_Reward/feet_slide: -0.3207
              Curriculum/terrain_levels: 0.0000
           Episode_Reward/forward_pitch: -2.8796
      Episode_Reward/joint_deviation_l1: -0.0194
        Episode_Reward/illegal_contacts: -1.2868
               Curriculum/adaptive_lift: 0.9939
    Episode_Reward/joint_tracking_error: -1.7561
        Episode_Reward/base_height_fine: 0.4049
           Episode_Reward/torque_limits: -0.4747
             Episode_Reward/action_rate: -32.5134
      Episode_Termination/invalid_state: 0.0000
               Episode_Reward/flat_feet: -3.7528
              Episode_Reward/not_moving: -0.0694
--------------------------------------------------------------------------------
                         Iteration time: 2.42s
                           Time elapsed: 0:02:49
                                    ETA: 0:01:27

################################################################################
[1m                           Learning iteration 66/100                            [0m 

                               Run name: nexus
                            Total steps: 6586368 
                       Steps per second: 40661 
                        Collection time: 2.100s 
                          Learning time: 0.318s 
                        Mean value loss: 0.4721
                    Mean surrogate loss: -0.0027
                      Mean entropy loss: 30.4723
                     Mean symmetry loss: 0.0012
                   Mean l2c2_actor loss: 0.0081
                  Mean l2c2_critic loss: 0.0010
                            Mean reward: -1053.16
                    Mean episode length: 750.00
                        Mean action std: 0.69
                    Entropy coefficient: 0.002500
           Curriculum/polish_torso_slam: -5.0000
      Episode_Reward/base_height_medium: 0.5855
              Episode_Reward/relaxation: -4.5425
         Curriculum/polish_joint_vel_l2: -0.0010
 Episode_Reward/joint_deviation_l1_arms: -0.0058
     Curriculum/polish_action_rate_rate: -0.1500
        Episode_Reward/joint_torques_l2: -0.6046
        Episode_Reward/action_rate_rate: -14.0252
         Episode_Reward/ground_unloaded: -1.1619
           Episode_Reward/feet_distance: -0.2387
          Curriculum/polish_ground_slam: -1.0000
            Episode_Reward/joint_vel_l2: -0.6022
              Episode_Reward/torso_roll: -0.8304
            Episode_Reward/joint_acc_l2: -0.1002
           Episode_Reward/feet_yaw_mean: -0.3112
           Episode_Reward/body_velocity: -0.8706
           Curriculum/polish_not_moving: -1.0000
     Episode_Reward/completely_airborne: -5.0576
              Episode_Reward/torso_slam: -0.4079
           Episode_Reward/torso_upright: 0.0000
           Episode_Reward/ankle_torques: -0.1128
        Curriculum/random_fallen_states: 0.0000
  Episode_Reward/feet_distance_standing: 0.0000
           Episode_Termination/time_out: 1.0000
             Episode_Reward/ground_slam: -0.9135
        Episode_Reward/joint_vel_limits: -0.0003
         Episode_Reward/severely_tilted: -0.0174
        Episode_Reward/joint_pos_limits: -0.0023
            Metrics/height/height_error: 1.4195
       Episode_Reward/base_height_rough: 0.7448
              Episode_Reward/feet_slide: -0.3498
              Curriculum/terrain_levels: 0.0000
           Episode_Reward/forward_pitch: -3.2574
      Episode_Reward/joint_deviation_l1: -0.0206
        Episode_Reward/illegal_contacts: -1.1912
               Curriculum/adaptive_lift: 0.9939
    Episode_Reward/joint_tracking_error: -1.7210
        Episode_Reward/base_height_fine: 0.4530
           Episode_Reward/torque_limits: -0.4452
             Episode_Reward/action_rate: -32.1796
      Episode_Termination/invalid_state: 0.0000
               Episode_Reward/flat_feet: -3.7069
              Episode_Reward/not_moving: -0.0845
--------------------------------------------------------------------------------
                         Iteration time: 2.42s
                           Time elapsed: 0:02:52
                                    ETA: 0:01:24

################################################################################
[1m                           Learning iteration 67/100                            [0m 

                               Run name: nexus
                            Total steps: 6684672 
                       Steps per second: 40622 
                        Collection time: 2.102s 
                          Learning time: 0.318s 
                        Mean value loss: 0.4165
                    Mean surrogate loss: -0.0023
                      Mean entropy loss: 30.2137
                     Mean symmetry loss: 0.0011
                   Mean l2c2_actor loss: 0.0081
                  Mean l2c2_critic loss: 0.0010
                            Mean reward: -1041.80
                    Mean episode length: 750.00
                        Mean action std: 0.69
                    Entropy coefficient: 0.002500
           Curriculum/polish_torso_slam: -5.0000
      Episode_Reward/base_height_medium: 0.5142
              Episode_Reward/relaxation: -4.0878
         Curriculum/polish_joint_vel_l2: -0.0010
 Episode_Reward/joint_deviation_l1_arms: -0.0054
     Curriculum/polish_action_rate_rate: -0.1500
        Episode_Reward/joint_torques_l2: -0.5658
        Episode_Reward/action_rate_rate: -13.8663
         Episode_Reward/ground_unloaded: -1.2076
           Episode_Reward/feet_distance: -0.2328
          Curriculum/polish_ground_slam: -1.0000
            Episode_Reward/joint_vel_l2: -0.6073
              Episode_Reward/torso_roll: -0.8253
            Episode_Reward/joint_acc_l2: -0.0872
           Episode_Reward/feet_yaw_mean: -0.3182
           Episode_Reward/body_velocity: -0.8157
           Curriculum/polish_not_moving: -1.0000
     Episode_Reward/completely_airborne: -4.7912
              Episode_Reward/torso_slam: -0.3816
           Episode_Reward/torso_upright: 0.0000
           Episode_Reward/ankle_torques: -0.1378
        Curriculum/random_fallen_states: 0.0000
  Episode_Reward/feet_distance_standing: 0.0000
           Episode_Termination/time_out: 1.0000
             Episode_Reward/ground_slam: -0.8728
        Episode_Reward/joint_vel_limits: -0.0003
         Episode_Reward/severely_tilted: -0.0438
        Episode_Reward/joint_pos_limits: -0.0022
            Metrics/height/height_error: 1.4148
       Episode_Reward/base_height_rough: 0.6875
              Episode_Reward/feet_slide: -0.3117
              Curriculum/terrain_levels: 0.0000
           Episode_Reward/forward_pitch: -2.6678
      Episode_Reward/joint_deviation_l1: -0.0190
        Episode_Reward/illegal_contacts: -1.3318
               Curriculum/adaptive_lift: 0.9939
    Episode_Reward/joint_tracking_error: -1.7187
        Episode_Reward/base_height_fine: 0.3595
           Episode_Reward/torque_limits: -0.4012
             Episode_Reward/action_rate: -31.8232
      Episode_Termination/invalid_state: 0.0000
               Episode_Reward/flat_feet: -3.8029
              Episode_Reward/not_moving: -0.0685
--------------------------------------------------------------------------------
                         Iteration time: 2.42s
                           Time elapsed: 0:02:54
                                    ETA: 0:01:22

################################################################################
[1m                           Learning iteration 68/100                            [0m 

                               Run name: nexus
                            Total steps: 6782976 
                       Steps per second: 40767 
                        Collection time: 2.094s 
                          Learning time: 0.318s 
                        Mean value loss: 0.4092
                    Mean surrogate loss: -0.0025
                      Mean entropy loss: 29.9142
                     Mean symmetry loss: 0.0012
                   Mean l2c2_actor loss: 0.0082
                  Mean l2c2_critic loss: 0.0009
                            Mean reward: -1044.16
                    Mean episode length: 750.00
                        Mean action std: 0.68
                    Entropy coefficient: 0.002500
           Curriculum/polish_torso_slam: -5.0000
      Episode_Reward/base_height_medium: 0.5705
              Episode_Reward/relaxation: -5.3559
         Curriculum/polish_joint_vel_l2: -0.0010
 Episode_Reward/joint_deviation_l1_arms: -0.0052
     Curriculum/polish_action_rate_rate: -0.1500
        Episode_Reward/joint_torques_l2: -0.6006
        Episode_Reward/action_rate_rate: -13.6439
         Episode_Reward/ground_unloaded: -1.0553
           Episode_Reward/feet_distance: -0.2369
          Curriculum/polish_ground_slam: -1.0000
            Episode_Reward/joint_vel_l2: -0.5818
              Episode_Reward/torso_roll: -0.8004
            Episode_Reward/joint_acc_l2: -0.1038
           Episode_Reward/feet_yaw_mean: -0.3221
           Episode_Reward/body_velocity: -0.8102
           Curriculum/polish_not_moving: -1.0000
     Episode_Reward/completely_airborne: -4.8509
              Episode_Reward/torso_slam: -0.3912
           Episode_Reward/torso_upright: 0.0000
           Episode_Reward/ankle_torques: -0.1255
        Curriculum/random_fallen_states: 0.0000
  Episode_Reward/feet_distance_standing: 0.0000
           Episode_Termination/time_out: 1.0000
             Episode_Reward/ground_slam: -0.8811
        Episode_Reward/joint_vel_limits: -0.0002
         Episode_Reward/severely_tilted: -0.0331
        Episode_Reward/joint_pos_limits: -0.0022
            Metrics/height/height_error: 1.4218
       Episode_Reward/base_height_rough: 0.7711
              Episode_Reward/feet_slide: -0.3312
              Curriculum/terrain_levels: 0.0000
           Episode_Reward/forward_pitch: -3.1603
      Episode_Reward/joint_deviation_l1: -0.0174
        Episode_Reward/illegal_contacts: -1.2281
               Curriculum/adaptive_lift: 0.9939
    Episode_Reward/joint_tracking_error: -1.6787
        Episode_Reward/base_height_fine: 0.4010
           Episode_Reward/torque_limits: -0.4264
             Episode_Reward/action_rate: -31.3396
      Episode_Termination/invalid_state: 0.0000
               Episode_Reward/flat_feet: -3.7538
              Episode_Reward/not_moving: -0.0658
--------------------------------------------------------------------------------
                         Iteration time: 2.41s
                           Time elapsed: 0:02:57
                                    ETA: 0:01:19

################################################################################
[1m                           Learning iteration 69/100                            [0m 

                               Run name: nexus
                            Total steps: 6881280 
                       Steps per second: 40858 
                        Collection time: 2.088s 
                          Learning time: 0.318s 
                        Mean value loss: 0.3748
                    Mean surrogate loss: -0.0019
                      Mean entropy loss: 29.6381
                     Mean symmetry loss: 0.0012
                   Mean l2c2_actor loss: 0.0082
                  Mean l2c2_critic loss: 0.0010
                            Mean reward: -1024.65
                    Mean episode length: 750.00
                        Mean action std: 0.67
                    Entropy coefficient: 0.002500
           Curriculum/polish_torso_slam: -5.0000
      Episode_Reward/base_height_medium: 0.5618
              Episode_Reward/relaxation: -5.0224
         Curriculum/polish_joint_vel_l2: -0.0010
 Episode_Reward/joint_deviation_l1_arms: -0.0053
     Curriculum/polish_action_rate_rate: -0.1500
        Episode_Reward/joint_torques_l2: -0.5918
        Episode_Reward/action_rate_rate: -13.4335
         Episode_Reward/ground_unloaded: -1.1261
           Episode_Reward/feet_distance: -0.2283
          Curriculum/polish_ground_slam: -1.0000
            Episode_Reward/joint_vel_l2: -0.5793
              Episode_Reward/torso_roll: -0.8327
            Episode_Reward/joint_acc_l2: -0.1005
           Episode_Reward/feet_yaw_mean: -0.3283
           Episode_Reward/body_velocity: -0.8015
           Curriculum/polish_not_moving: -1.0000
     Episode_Reward/completely_airborne: -4.6665
              Episode_Reward/torso_slam: -0.3878
           Episode_Reward/torso_upright: 0.0000
           Episode_Reward/ankle_torques: -0.1350
        Curriculum/random_fallen_states: 0.0000
  Episode_Reward/feet_distance_standing: 0.0000
           Episode_Termination/time_out: 1.0000
             Episode_Reward/ground_slam: -0.8627
        Episode_Reward/joint_vel_limits: -0.0002
         Episode_Reward/severely_tilted: -0.0329
        Episode_Reward/joint_pos_limits: -0.0022
            Metrics/height/height_error: 1.3345
       Episode_Reward/base_height_rough: 0.7235
              Episode_Reward/feet_slide: -0.3120
              Curriculum/terrain_levels: 0.0000
           Episode_Reward/forward_pitch: -2.7360
      Episode_Reward/joint_deviation_l1: -0.0181
        Episode_Reward/illegal_contacts: -1.3173
               Curriculum/adaptive_lift: 0.9939
    Episode_Reward/joint_tracking_error: -1.6649
        Episode_Reward/base_height_fine: 0.4190
           Episode_Reward/torque_limits: -0.4236
             Episode_Reward/action_rate: -30.8560
      Episode_Termination/invalid_state: 0.0000
               Episode_Reward/flat_feet: -3.7991
              Episode_Reward/not_moving: -0.0636
--------------------------------------------------------------------------------
                         Iteration time: 2.41s
                           Time elapsed: 0:02:59
                                    ETA: 0:01:16

################################################################################
[1m                           Learning iteration 70/100                            [0m 

                               Run name: nexus
                            Total steps: 6979584 
                       Steps per second: 40785 
                        Collection time: 2.092s 
                          Learning time: 0.318s 
                        Mean value loss: 0.3600
                    Mean surrogate loss: -0.0027
                      Mean entropy loss: 29.3135
                     Mean symmetry loss: 0.0011
                   Mean l2c2_actor loss: 0.0083
                  Mean l2c2_critic loss: 0.0011
                            Mean reward: -1011.20
                    Mean episode length: 750.00
                        Mean action std: 0.66
                    Entropy coefficient: 0.002500
           Curriculum/polish_torso_slam: -5.0000
      Episode_Reward/base_height_medium: 0.5579
              Episode_Reward/relaxation: -4.6968
         Curriculum/polish_joint_vel_l2: -0.0010
 Episode_Reward/joint_deviation_l1_arms: -0.0045
     Curriculum/polish_action_rate_rate: -0.1500
        Episode_Reward/joint_torques_l2: -0.6015
        Episode_Reward/action_rate_rate: -13.2213
         Episode_Reward/ground_unloaded: -1.1438
           Episode_Reward/feet_distance: -0.2329
          Curriculum/polish_ground_slam: -1.0000
            Episode_Reward/joint_vel_l2: -0.5666
              Episode_Reward/torso_roll: -0.8262
            Episode_Reward/joint_acc_l2: -0.1048
           Episode_Reward/feet_yaw_mean: -0.3261
           Episode_Reward/body_velocity: -0.7793
           Curriculum/polish_not_moving: -1.0000
     Episode_Reward/completely_airborne: -4.6669
              Episode_Reward/torso_slam: -0.3632
           Episode_Reward/torso_upright: 0.0000
           Episode_Reward/ankle_torques: -0.1307
        Curriculum/random_fallen_states: 0.0000
  Episode_Reward/feet_distance_standing: 0.0000
           Episode_Termination/time_out: 1.0000
             Episode_Reward/ground_slam: -0.8679
        Episode_Reward/joint_vel_limits: -0.0002
         Episode_Reward/severely_tilted: -0.0477
        Episode_Reward/joint_pos_limits: -0.0021
            Metrics/height/height_error: 1.4174
       Episode_Reward/base_height_rough: 0.7126
              Episode_Reward/feet_slide: -0.3300
              Curriculum/terrain_levels: 0.0000
           Episode_Reward/forward_pitch: -2.8598
      Episode_Reward/joint_deviation_l1: -0.0160
        Episode_Reward/illegal_contacts: -1.2893
               Curriculum/adaptive_lift: 0.9939
    Episode_Reward/joint_tracking_error: -1.6402
        Episode_Reward/base_height_fine: 0.4052
           Episode_Reward/torque_limits: -0.3986
             Episode_Reward/action_rate: -30.3985
      Episode_Termination/invalid_state: 0.0000
               Episode_Reward/flat_feet: -3.7373
              Episode_Reward/not_moving: -0.0742
--------------------------------------------------------------------------------
                         Iteration time: 2.41s
                           Time elapsed: 0:03:01
                                    ETA: 0:01:14

################################################################################
[1m                           Learning iteration 71/100                            [0m 

                               Run name: nexus
                            Total steps: 7077888 
                       Steps per second: 40777 
                        Collection time: 2.093s 
                          Learning time: 0.318s 
                        Mean value loss: 0.3097
                    Mean surrogate loss: -0.0020
                      Mean entropy loss: 29.0614
                     Mean symmetry loss: 0.0010
                   Mean l2c2_actor loss: 0.0083
                  Mean l2c2_critic loss: 0.0010
                            Mean reward: -1006.80
                    Mean episode length: 750.00
                        Mean action std: 0.66
                    Entropy coefficient: 0.002500
           Curriculum/polish_torso_slam: -5.0000
      Episode_Reward/base_height_medium: 0.6624
              Episode_Reward/relaxation: -5.6762
         Curriculum/polish_joint_vel_l2: -0.0010
 Episode_Reward/joint_deviation_l1_arms: -0.0051
     Curriculum/polish_action_rate_rate: -0.1500
        Episode_Reward/joint_torques_l2: -0.6214
        Episode_Reward/action_rate_rate: -13.0226
         Episode_Reward/ground_unloaded: -1.0543
           Episode_Reward/feet_distance: -0.2355
          Curriculum/polish_ground_slam: -1.0000
            Episode_Reward/joint_vel_l2: -0.5605
              Episode_Reward/torso_roll: -0.8247
            Episode_Reward/joint_acc_l2: -0.1164
           Episode_Reward/feet_yaw_mean: -0.3375
           Episode_Reward/body_velocity: -0.7817
           Curriculum/polish_not_moving: -1.0000
     Episode_Reward/completely_airborne: -4.7008
              Episode_Reward/torso_slam: -0.3854
           Episode_Reward/torso_upright: 0.0000
           Episode_Reward/ankle_torques: -0.1152
        Curriculum/random_fallen_states: 0.0000
  Episode_Reward/feet_distance_standing: 0.0000
           Episode_Termination/time_out: 1.0000
             Episode_Reward/ground_slam: -0.8551
        Episode_Reward/joint_vel_limits: -0.0002
         Episode_Reward/severely_tilted: -0.0443
        Episode_Reward/joint_pos_limits: -0.0022
            Metrics/height/height_error: 1.3707
       Episode_Reward/base_height_rough: 0.8547
              Episode_Reward/feet_slide: -0.3104
              Curriculum/terrain_levels: 0.0000
           Episode_Reward/forward_pitch: -2.7891
      Episode_Reward/joint_deviation_l1: -0.0171
        Episode_Reward/illegal_contacts: -1.2999
               Curriculum/adaptive_lift: 0.9939
    Episode_Reward/joint_tracking_error: -1.6081
        Episode_Reward/base_height_fine: 0.4604
           Episode_Reward/torque_limits: -0.4034
             Episode_Reward/action_rate: -29.9572
      Episode_Termination/invalid_state: 0.0000
               Episode_Reward/flat_feet: -3.7624
              Episode_Reward/not_moving: -0.0869
--------------------------------------------------------------------------------
                         Iteration time: 2.41s
                           Time elapsed: 0:03:04
                                    ETA: 0:01:11

################################################################################
[1m                           Learning iteration 72/100                            [0m 

                               Run name: nexus
                            Total steps: 7176192 
                       Steps per second: 40828 
                        Collection time: 2.090s 
                          Learning time: 0.318s 
                        Mean value loss: 0.2843
                    Mean surrogate loss: -0.0014
                      Mean entropy loss: 28.7484
                     Mean symmetry loss: 0.0010
                   Mean l2c2_actor loss: 0.0084
                  Mean l2c2_critic loss: 0.0010
                            Mean reward: -995.67
                    Mean episode length: 750.00
                        Mean action std: 0.65
                    Entropy coefficient: 0.002500
           Curriculum/polish_torso_slam: -5.0000
      Episode_Reward/base_height_medium: 0.7468
              Episode_Reward/relaxation: -5.3165
         Curriculum/polish_joint_vel_l2: -0.0010
 Episode_Reward/joint_deviation_l1_arms: -0.0071
     Curriculum/polish_action_rate_rate: -0.1500
        Episode_Reward/joint_torques_l2: -0.6015
        Episode_Reward/action_rate_rate: -12.8319
         Episode_Reward/ground_unloaded: -1.0651
           Episode_Reward/feet_distance: -0.2274
          Curriculum/polish_ground_slam: -1.0000
            Episode_Reward/joint_vel_l2: -0.5492
              Episode_Reward/torso_roll: -0.8529
            Episode_Reward/joint_acc_l2: -0.1074
           Episode_Reward/feet_yaw_mean: -0.3283
           Episode_Reward/body_velocity: -0.7472
           Curriculum/polish_not_moving: -1.0000
     Episode_Reward/completely_airborne: -4.4449
              Episode_Reward/torso_slam: -0.3586
           Episode_Reward/torso_upright: -0.0000
           Episode_Reward/ankle_torques: -0.1365
        Curriculum/random_fallen_states: 0.0000
  Episode_Reward/feet_distance_standing: 0.0000
           Episode_Termination/time_out: 1.0000
             Episode_Reward/ground_slam: -0.8514
        Episode_Reward/joint_vel_limits: -0.0002
         Episode_Reward/severely_tilted: -0.0488
        Episode_Reward/joint_pos_limits: -0.0021
            Metrics/height/height_error: 1.2224
       Episode_Reward/base_height_rough: 0.9191
              Episode_Reward/feet_slide: -0.3242
              Curriculum/terrain_levels: 0.0000
           Episode_Reward/forward_pitch: -2.9357
      Episode_Reward/joint_deviation_l1: -0.0256
        Episode_Reward/illegal_contacts: -1.2668
               Curriculum/adaptive_lift: 0.9939
    Episode_Reward/joint_tracking_error: -1.5999
        Episode_Reward/base_height_fine: 0.6568
           Episode_Reward/torque_limits: -0.3774
             Episode_Reward/action_rate: -29.5153
      Episode_Termination/invalid_state: 0.0000
               Episode_Reward/flat_feet: -3.7636
              Episode_Reward/not_moving: -0.1297
--------------------------------------------------------------------------------
                         Iteration time: 2.41s
                           Time elapsed: 0:03:06
                                    ETA: 0:01:09

################################################################################
[1m                           Learning iteration 73/100                            [0m 

                               Run name: nexus
                            Total steps: 7274496 
                       Steps per second: 40791 
                        Collection time: 2.092s 
                          Learning time: 0.318s 
                        Mean value loss: 0.2797
                    Mean surrogate loss: -0.0024
                      Mean entropy loss: 28.4170
                     Mean symmetry loss: 0.0011
                   Mean l2c2_actor loss: 0.0084
                  Mean l2c2_critic loss: 0.0011
                            Mean reward: -966.81
                    Mean episode length: 750.00
                        Mean action std: 0.65
                    Entropy coefficient: 0.002500
           Curriculum/polish_torso_slam: -5.0000
      Episode_Reward/base_height_medium: 0.6035
              Episode_Reward/relaxation: -4.4082
         Curriculum/polish_joint_vel_l2: -0.0010
 Episode_Reward/joint_deviation_l1_arms: -0.0039
     Curriculum/polish_action_rate_rate: -0.1500
        Episode_Reward/joint_torques_l2: -0.5342
        Episode_Reward/action_rate_rate: -12.5975
         Episode_Reward/ground_unloaded: -1.1280
           Episode_Reward/feet_distance: -0.2236
          Curriculum/polish_ground_slam: -1.0000
            Episode_Reward/joint_vel_l2: -0.5472
              Episode_Reward/torso_roll: -0.8782
            Episode_Reward/joint_acc_l2: -0.0822
           Episode_Reward/feet_yaw_mean: -0.3274
           Episode_Reward/body_velocity: -0.7501
           Curriculum/polish_not_moving: -1.0000
     Episode_Reward/completely_airborne: -4.3184
              Episode_Reward/torso_slam: -0.3704
           Episode_Reward/torso_upright: 0.0000
           Episode_Reward/ankle_torques: -0.1063
        Curriculum/random_fallen_states: 0.0000
  Episode_Reward/feet_distance_standing: 0.0000
           Episode_Termination/time_out: 1.0000
             Episode_Reward/ground_slam: -0.8337
        Episode_Reward/joint_vel_limits: -0.0002
         Episode_Reward/severely_tilted: -0.0878
        Episode_Reward/joint_pos_limits: -0.0022
            Metrics/height/height_error: 1.3716
       Episode_Reward/base_height_rough: 0.7665
              Episode_Reward/feet_slide: -0.2983
              Curriculum/terrain_levels: 0.0000
           Episode_Reward/forward_pitch: -2.5676
      Episode_Reward/joint_deviation_l1: -0.0147
        Episode_Reward/illegal_contacts: -1.3408
               Curriculum/adaptive_lift: 0.9939
    Episode_Reward/joint_tracking_error: -1.5587
        Episode_Reward/base_height_fine: 0.4693
           Episode_Reward/torque_limits: -0.3634
             Episode_Reward/action_rate: -29.0126
      Episode_Termination/invalid_state: 0.0000
               Episode_Reward/flat_feet: -3.7630
              Episode_Reward/not_moving: -0.0855
--------------------------------------------------------------------------------
                         Iteration time: 2.41s
                           Time elapsed: 0:03:09
                                    ETA: 0:01:06

################################################################################
[1m                           Learning iteration 74/100                            [0m 

                               Run name: nexus
                            Total steps: 7372800 
                       Steps per second: 40861 
                        Collection time: 2.087s 
                          Learning time: 0.319s 
                        Mean value loss: 0.2375
                    Mean surrogate loss: -0.0016
                      Mean entropy loss: 28.1691
                     Mean symmetry loss: 0.0010
                   Mean l2c2_actor loss: 0.0085
                  Mean l2c2_critic loss: 0.0010
                            Mean reward: -957.13
                    Mean episode length: 750.00
                        Mean action std: 0.64
                    Entropy coefficient: 0.002500
           Curriculum/polish_torso_slam: -5.0000
      Episode_Reward/base_height_medium: 0.5986
              Episode_Reward/relaxation: -4.2837
         Curriculum/polish_joint_vel_l2: -0.0010
 Episode_Reward/joint_deviation_l1_arms: -0.0057
     Curriculum/polish_action_rate_rate: -0.1500
        Episode_Reward/joint_torques_l2: -0.5826
        Episode_Reward/action_rate_rate: -12.3848
         Episode_Reward/ground_unloaded: -1.1934
           Episode_Reward/feet_distance: -0.2259
          Curriculum/polish_ground_slam: -1.0000
            Episode_Reward/joint_vel_l2: -0.5212
              Episode_Reward/torso_roll: -0.8306
            Episode_Reward/joint_acc_l2: -0.1043
           Episode_Reward/feet_yaw_mean: -0.3324
           Episode_Reward/body_velocity: -0.8001
           Curriculum/polish_not_moving: -1.0000
     Episode_Reward/completely_airborne: -4.4948
              Episode_Reward/torso_slam: -0.3662
           Episode_Reward/torso_upright: 0.0000
           Episode_Reward/ankle_torques: -0.1380
        Curriculum/random_fallen_states: 0.0000
  Episode_Reward/feet_distance_standing: 0.0000
           Episode_Termination/time_out: 1.0000
             Episode_Reward/ground_slam: -0.8226
        Episode_Reward/joint_vel_limits: -0.0002
         Episode_Reward/severely_tilted: -0.0628
        Episode_Reward/joint_pos_limits: -0.0021
            Metrics/height/height_error: 1.4126
       Episode_Reward/base_height_rough: 0.7253
              Episode_Reward/feet_slide: -0.3100
              Curriculum/terrain_levels: 0.0000
           Episode_Reward/forward_pitch: -2.7511
      Episode_Reward/joint_deviation_l1: -0.0206
        Episode_Reward/illegal_contacts: -1.2912
               Curriculum/adaptive_lift: 0.9939
    Episode_Reward/joint_tracking_error: -1.5325
        Episode_Reward/base_height_fine: 0.5082
           Episode_Reward/torque_limits: -0.3758
             Episode_Reward/action_rate: -28.5240
      Episode_Termination/invalid_state: 0.0000
               Episode_Reward/flat_feet: -3.6794
              Episode_Reward/not_moving: -0.1126
--------------------------------------------------------------------------------
                         Iteration time: 2.41s
                           Time elapsed: 0:03:11
                                    ETA: 0:01:03

################################################################################
[1m                           Learning iteration 75/100                            [0m 

                               Run name: nexus
                            Total steps: 7471104 
                       Steps per second: 40723 
                        Collection time: 2.096s 
                          Learning time: 0.318s 
                        Mean value loss: 0.2272
                    Mean surrogate loss: -0.0015
                      Mean entropy loss: 27.7937
                     Mean symmetry loss: 0.0010
                   Mean l2c2_actor loss: 0.0085
                  Mean l2c2_critic loss: 0.0011
                            Mean reward: -958.35
                    Mean episode length: 750.00
                        Mean action std: 0.63
                    Entropy coefficient: 0.002500
           Curriculum/polish_torso_slam: -5.0000
      Episode_Reward/base_height_medium: 0.5596
              Episode_Reward/relaxation: -4.4988
         Curriculum/polish_joint_vel_l2: -0.0010
 Episode_Reward/joint_deviation_l1_arms: -0.0053
     Curriculum/polish_action_rate_rate: -0.1500
        Episode_Reward/joint_torques_l2: -0.5580
        Episode_Reward/action_rate_rate: -12.1731
         Episode_Reward/ground_unloaded: -1.1236
           Episode_Reward/feet_distance: -0.2236
          Curriculum/polish_ground_slam: -1.0000
            Episode_Reward/joint_vel_l2: -0.5252
              Episode_Reward/torso_roll: -0.8393
            Episode_Reward/joint_acc_l2: -0.0928
           Episode_Reward/feet_yaw_mean: -0.3405
           Episode_Reward/body_velocity: -0.7839
           Curriculum/polish_not_moving: -1.0000
     Episode_Reward/completely_airborne: -4.6368
              Episode_Reward/torso_slam: -0.3636
           Episode_Reward/torso_upright: 0.0000
           Episode_Reward/ankle_torques: -0.1080
        Curriculum/random_fallen_states: 0.0000
  Episode_Reward/feet_distance_standing: 0.0000
           Episode_Termination/time_out: 1.0000
             Episode_Reward/ground_slam: -0.8302
        Episode_Reward/joint_vel_limits: -0.0002
         Episode_Reward/severely_tilted: -0.0911
        Episode_Reward/joint_pos_limits: -0.0020
            Metrics/height/height_error: 1.3467
       Episode_Reward/base_height_rough: 0.7186
              Episode_Reward/feet_slide: -0.3236
              Curriculum/terrain_levels: 0.0000
           Episode_Reward/forward_pitch: -3.0227
      Episode_Reward/joint_deviation_l1: -0.0199
        Episode_Reward/illegal_contacts: -1.2390
               Curriculum/adaptive_lift: 0.9939
    Episode_Reward/joint_tracking_error: -1.5077
        Episode_Reward/base_height_fine: 0.3949
           Episode_Reward/torque_limits: -0.3616
             Episode_Reward/action_rate: -28.0573
      Episode_Termination/invalid_state: 0.0000
               Episode_Reward/flat_feet: -3.7075
              Episode_Reward/not_moving: -0.0583
--------------------------------------------------------------------------------
                         Iteration time: 2.41s
                           Time elapsed: 0:03:13
                                    ETA: 0:01:01

################################################################################
[1m                           Learning iteration 76/100                            [0m 

                               Run name: nexus
                            Total steps: 7569408 
                       Steps per second: 40664 
                        Collection time: 2.099s 
                          Learning time: 0.318s 
                        Mean value loss: 0.2319
                    Mean surrogate loss: -0.0012
                      Mean entropy loss: 27.5343
                     Mean symmetry loss: 0.0010
                   Mean l2c2_actor loss: 0.0086
                  Mean l2c2_critic loss: 0.0011
                            Mean reward: -928.40
                    Mean episode length: 750.00
                        Mean action std: 0.63
                    Entropy coefficient: 0.002500
           Curriculum/polish_torso_slam: -5.0000
      Episode_Reward/base_height_medium: 0.6774
              Episode_Reward/relaxation: -4.6114
         Curriculum/polish_joint_vel_l2: -0.0010
 Episode_Reward/joint_deviation_l1_arms: -0.0051
     Curriculum/polish_action_rate_rate: -0.1500
        Episode_Reward/joint_torques_l2: -0.5384
        Episode_Reward/action_rate_rate: -11.9464
         Episode_Reward/ground_unloaded: -1.0850
           Episode_Reward/feet_distance: -0.2225
          Curriculum/polish_ground_slam: -1.0000
            Episode_Reward/joint_vel_l2: -0.5225
              Episode_Reward/torso_roll: -0.8744
            Episode_Reward/joint_acc_l2: -0.0884
           Episode_Reward/feet_yaw_mean: -0.3314
           Episode_Reward/body_velocity: -0.8071
           Curriculum/polish_not_moving: -1.0000
     Episode_Reward/completely_airborne: -4.4388
              Episode_Reward/torso_slam: -0.3501
           Episode_Reward/torso_upright: 0.0000
           Episode_Reward/ankle_torques: -0.1106
        Curriculum/random_fallen_states: 0.0000
  Episode_Reward/feet_distance_standing: 0.0000
           Episode_Termination/time_out: 1.0000
             Episode_Reward/ground_slam: -0.8134
        Episode_Reward/joint_vel_limits: -0.0002
         Episode_Reward/severely_tilted: -0.1046
        Episode_Reward/joint_pos_limits: -0.0022
            Metrics/height/height_error: 1.3280
       Episode_Reward/base_height_rough: 0.8150
              Episode_Reward/feet_slide: -0.3057
              Curriculum/terrain_levels: 0.0000
           Episode_Reward/forward_pitch: -2.7053
      Episode_Reward/joint_deviation_l1: -0.0199
        Episode_Reward/illegal_contacts: -1.2932
               Curriculum/adaptive_lift: 0.9939
    Episode_Reward/joint_tracking_error: -1.4739
        Episode_Reward/base_height_fine: 0.5565
           Episode_Reward/torque_limits: -0.3357
             Episode_Reward/action_rate: -27.5467
      Episode_Termination/invalid_state: 0.0000
               Episode_Reward/flat_feet: -3.6853
              Episode_Reward/not_moving: -0.1027
--------------------------------------------------------------------------------
                         Iteration time: 2.42s
                           Time elapsed: 0:03:16
                                    ETA: 0:00:58

################################################################################
[1m                           Learning iteration 77/100                            [0m 

                               Run name: nexus
                            Total steps: 7667712 
                       Steps per second: 40555 
                        Collection time: 2.106s 
                          Learning time: 0.318s 
                        Mean value loss: 0.2064
                    Mean surrogate loss: -0.0018
                      Mean entropy loss: 27.1676
                     Mean symmetry loss: 0.0010
                   Mean l2c2_actor loss: 0.0086
                  Mean l2c2_critic loss: 0.0013
                            Mean reward: -910.46
                    Mean episode length: 750.00
                        Mean action std: 0.62
                    Entropy coefficient: 0.002500
           Curriculum/polish_torso_slam: -5.0000
      Episode_Reward/base_height_medium: 0.6479
              Episode_Reward/relaxation: -4.1389
         Curriculum/polish_joint_vel_l2: -0.0010
 Episode_Reward/joint_deviation_l1_arms: -0.0053
     Curriculum/polish_action_rate_rate: -0.1500
        Episode_Reward/joint_torques_l2: -0.5206
        Episode_Reward/action_rate_rate: -11.7561
         Episode_Reward/ground_unloaded: -1.1591
           Episode_Reward/feet_distance: -0.2180
          Curriculum/polish_ground_slam: -1.0000
            Episode_Reward/joint_vel_l2: -0.5074
              Episode_Reward/torso_roll: -0.9260
            Episode_Reward/joint_acc_l2: -0.0804
           Episode_Reward/feet_yaw_mean: -0.3257
           Episode_Reward/body_velocity: -0.7394
           Curriculum/polish_not_moving: -1.0000
     Episode_Reward/completely_airborne: -4.2277
              Episode_Reward/torso_slam: -0.3373
           Episode_Reward/torso_upright: 0.0000
           Episode_Reward/ankle_torques: -0.1118
        Curriculum/random_fallen_states: 0.0000
  Episode_Reward/feet_distance_standing: 0.0000
           Episode_Termination/time_out: 1.0000
             Episode_Reward/ground_slam: -0.7920
        Episode_Reward/joint_vel_limits: -0.0002
         Episode_Reward/severely_tilted: -0.1330
        Episode_Reward/joint_pos_limits: -0.0021
            Metrics/height/height_error: 1.3094
       Episode_Reward/base_height_rough: 0.7912
              Episode_Reward/feet_slide: -0.3013
              Curriculum/terrain_levels: 0.0000
           Episode_Reward/forward_pitch: -2.7044
      Episode_Reward/joint_deviation_l1: -0.0183
        Episode_Reward/illegal_contacts: -1.2948
               Curriculum/adaptive_lift: 0.9939
    Episode_Reward/joint_tracking_error: -1.4579
        Episode_Reward/base_height_fine: 0.5085
           Episode_Reward/torque_limits: -0.3375
             Episode_Reward/action_rate: -27.1194
      Episode_Termination/invalid_state: 0.0000
               Episode_Reward/flat_feet: -3.6881
              Episode_Reward/not_moving: -0.0884
--------------------------------------------------------------------------------
                         Iteration time: 2.42s
                           Time elapsed: 0:03:18
                                    ETA: 0:00:56

################################################################################
[1m                           Learning iteration 78/100                            [0m 

                               Run name: nexus
                            Total steps: 7766016 
                       Steps per second: 40665 
                        Collection time: 2.099s 
                          Learning time: 0.318s 
                        Mean value loss: 0.1783
                    Mean surrogate loss: -0.0014
                      Mean entropy loss: 26.8746
                     Mean symmetry loss: 0.0010
                   Mean l2c2_actor loss: 0.0086
                  Mean l2c2_critic loss: 0.0012
                            Mean reward: -894.28
                    Mean episode length: 750.00
                        Mean action std: 0.61
                    Entropy coefficient: 0.002500
           Curriculum/polish_torso_slam: -5.0000
      Episode_Reward/base_height_medium: 0.5707
              Episode_Reward/relaxation: -3.8820
         Curriculum/polish_joint_vel_l2: -0.0010
 Episode_Reward/joint_deviation_l1_arms: -0.0046
     Curriculum/polish_action_rate_rate: -0.1500
        Episode_Reward/joint_torques_l2: -0.5214
        Episode_Reward/action_rate_rate: -11.5149
         Episode_Reward/ground_unloaded: -1.1847
           Episode_Reward/feet_distance: -0.2054
          Curriculum/polish_ground_slam: -1.0000
            Episode_Reward/joint_vel_l2: -0.5042
              Episode_Reward/torso_roll: -0.8509
            Episode_Reward/joint_acc_l2: -0.0832
           Episode_Reward/feet_yaw_mean: -0.3386
           Episode_Reward/body_velocity: -0.7627
           Curriculum/polish_not_moving: -1.0000
     Episode_Reward/completely_airborne: -4.1949
              Episode_Reward/torso_slam: -0.3520
           Episode_Reward/torso_upright: 0.0000
           Episode_Reward/ankle_torques: -0.1238
        Curriculum/random_fallen_states: 0.0000
  Episode_Reward/feet_distance_standing: 0.0000
           Episode_Termination/time_out: 1.0000
             Episode_Reward/ground_slam: -0.7894
        Episode_Reward/joint_vel_limits: -0.0002
         Episode_Reward/severely_tilted: -0.0955
        Episode_Reward/joint_pos_limits: -0.0020
            Metrics/height/height_error: 1.4537
       Episode_Reward/base_height_rough: 0.7111
              Episode_Reward/feet_slide: -0.2970
              Curriculum/terrain_levels: 0.0000
           Episode_Reward/forward_pitch: -2.7144
      Episode_Reward/joint_deviation_l1: -0.0165
        Episode_Reward/illegal_contacts: -1.2907
               Curriculum/adaptive_lift: 0.9939
    Episode_Reward/joint_tracking_error: -1.4178
        Episode_Reward/base_height_fine: 0.4010
           Episode_Reward/torque_limits: -0.3223
             Episode_Reward/action_rate: -26.5822
      Episode_Termination/invalid_state: 0.0000
               Episode_Reward/flat_feet: -3.6951
              Episode_Reward/not_moving: -0.0651
--------------------------------------------------------------------------------
                         Iteration time: 2.42s
                           Time elapsed: 0:03:21
                                    ETA: 0:00:53

################################################################################
[1m                           Learning iteration 79/100                            [0m 

                               Run name: nexus
                            Total steps: 7864320 
                       Steps per second: 40762 
                        Collection time: 2.093s 
                          Learning time: 0.318s 
                        Mean value loss: 0.1910
                    Mean surrogate loss: -0.0017
                      Mean entropy loss: 26.5855
                     Mean symmetry loss: 0.0010
                   Mean l2c2_actor loss: 0.0087
                  Mean l2c2_critic loss: 0.0013
                            Mean reward: -878.88
                    Mean episode length: 750.00
                        Mean action std: 0.61
                    Entropy coefficient: 0.002500
           Curriculum/polish_torso_slam: -5.0000
      Episode_Reward/base_height_medium: 0.6331
              Episode_Reward/relaxation: -4.2803
         Curriculum/polish_joint_vel_l2: -0.0010
 Episode_Reward/joint_deviation_l1_arms: -0.0044
     Curriculum/polish_action_rate_rate: -0.1500
        Episode_Reward/joint_torques_l2: -0.5300
        Episode_Reward/action_rate_rate: -11.3048
         Episode_Reward/ground_unloaded: -1.1788
           Episode_Reward/feet_distance: -0.2033
          Curriculum/polish_ground_slam: -1.0000
            Episode_Reward/joint_vel_l2: -0.4880
              Episode_Reward/torso_roll: -0.8924
            Episode_Reward/joint_acc_l2: -0.0910
           Episode_Reward/feet_yaw_mean: -0.3322
           Episode_Reward/body_velocity: -0.7346
           Curriculum/polish_not_moving: -1.0000
     Episode_Reward/completely_airborne: -3.9758
              Episode_Reward/torso_slam: -0.3333
           Episode_Reward/torso_upright: 0.0000
           Episode_Reward/ankle_torques: -0.1192
        Curriculum/random_fallen_states: 0.0000
  Episode_Reward/feet_distance_standing: 0.0000
           Episode_Termination/time_out: 1.0000
             Episode_Reward/ground_slam: -0.7605
        Episode_Reward/joint_vel_limits: -0.0001
         Episode_Reward/severely_tilted: -0.0933
        Episode_Reward/joint_pos_limits: -0.0020
            Metrics/height/height_error: 1.4290
       Episode_Reward/base_height_rough: 0.7630
              Episode_Reward/feet_slide: -0.2727
              Curriculum/terrain_levels: 0.0000
           Episode_Reward/forward_pitch: -2.2301
      Episode_Reward/joint_deviation_l1: -0.0161
        Episode_Reward/illegal_contacts: -1.3864
               Curriculum/adaptive_lift: 0.9939
    Episode_Reward/joint_tracking_error: -1.4185
        Episode_Reward/base_height_fine: 0.4912
           Episode_Reward/torque_limits: -0.3014
             Episode_Reward/action_rate: -26.1156
      Episode_Termination/invalid_state: 0.0000
               Episode_Reward/flat_feet: -3.6804
              Episode_Reward/not_moving: -0.0840
--------------------------------------------------------------------------------
                         Iteration time: 2.41s
                           Time elapsed: 0:03:23
                                    ETA: 0:00:50

################################################################################
[1m                           Learning iteration 80/100                            [0m 

                               Run name: nexus
                            Total steps: 7962624 
                       Steps per second: 40531 
                        Collection time: 2.107s 
                          Learning time: 0.318s 
                        Mean value loss: 0.1786
                    Mean surrogate loss: -0.0033
                      Mean entropy loss: 26.1907
                     Mean symmetry loss: 0.0010
                   Mean l2c2_actor loss: 0.0087
                  Mean l2c2_critic loss: 0.0014
                            Mean reward: -878.97
                    Mean episode length: 750.00
                        Mean action std: 0.60
                    Entropy coefficient: 0.002500
           Curriculum/polish_torso_slam: -5.0000
      Episode_Reward/base_height_medium: 0.6541
              Episode_Reward/relaxation: -4.0437
         Curriculum/polish_joint_vel_l2: -0.0010
 Episode_Reward/joint_deviation_l1_arms: -0.0055
     Curriculum/polish_action_rate_rate: -0.1500
        Episode_Reward/joint_torques_l2: -0.5233
        Episode_Reward/action_rate_rate: -11.1226
         Episode_Reward/ground_unloaded: -1.1655
           Episode_Reward/feet_distance: -0.2117
          Curriculum/polish_ground_slam: -1.0000
            Episode_Reward/joint_vel_l2: -0.4819
              Episode_Reward/torso_roll: -0.9157
            Episode_Reward/joint_acc_l2: -0.0880
           Episode_Reward/feet_yaw_mean: -0.3366
           Episode_Reward/body_velocity: -0.7396
           Curriculum/polish_not_moving: -1.0000
     Episode_Reward/completely_airborne: -4.0800
              Episode_Reward/torso_slam: -0.3254
           Episode_Reward/torso_upright: 0.0000
           Episode_Reward/ankle_torques: -0.1096
        Curriculum/random_fallen_states: 0.0000
  Episode_Reward/feet_distance_standing: 0.0000
           Episode_Termination/time_out: 1.0000
             Episode_Reward/ground_slam: -0.7844
        Episode_Reward/joint_vel_limits: -0.0001
         Episode_Reward/severely_tilted: -0.0867
        Episode_Reward/joint_pos_limits: -0.0021
            Metrics/height/height_error: 1.3317
       Episode_Reward/base_height_rough: 0.7884
              Episode_Reward/feet_slide: -0.2931
              Curriculum/terrain_levels: 0.0000
           Episode_Reward/forward_pitch: -2.2519
      Episode_Reward/joint_deviation_l1: -0.0189
        Episode_Reward/illegal_contacts: -1.3795
               Curriculum/adaptive_lift: 0.9939
    Episode_Reward/joint_tracking_error: -1.3842
        Episode_Reward/base_height_fine: 0.4906
           Episode_Reward/torque_limits: -0.3022
             Episode_Reward/action_rate: -25.6921
      Episode_Termination/invalid_state: 0.0000
               Episode_Reward/flat_feet: -3.6710
              Episode_Reward/not_moving: -0.0632
--------------------------------------------------------------------------------
                         Iteration time: 2.43s
                           Time elapsed: 0:03:25
                                    ETA: 0:00:48

################################################################################
[1m                           Learning iteration 81/100                            [0m 

                               Run name: nexus
                            Total steps: 8060928 
                       Steps per second: 40557 
                        Collection time: 2.105s 
                          Learning time: 0.319s 
                        Mean value loss: 0.1672
                    Mean surrogate loss: -0.0029
                      Mean entropy loss: 25.8804
                     Mean symmetry loss: 0.0009
                   Mean l2c2_actor loss: 0.0087
                  Mean l2c2_critic loss: 0.0014
                            Mean reward: -853.26
                    Mean episode length: 750.00
                        Mean action std: 0.59
                    Entropy coefficient: 0.002500
           Curriculum/polish_torso_slam: -5.0000
      Episode_Reward/base_height_medium: 0.6706
              Episode_Reward/relaxation: -4.1481
         Curriculum/polish_joint_vel_l2: -0.0010
 Episode_Reward/joint_deviation_l1_arms: -0.0045
     Curriculum/polish_action_rate_rate: -0.1500
        Episode_Reward/joint_torques_l2: -0.4973
        Episode_Reward/action_rate_rate: -10.8720
         Episode_Reward/ground_unloaded: -1.1359
           Episode_Reward/feet_distance: -0.2095
          Curriculum/polish_ground_slam: -1.0000
            Episode_Reward/joint_vel_l2: -0.4741
              Episode_Reward/torso_roll: -0.9057
            Episode_Reward/joint_acc_l2: -0.0810
           Episode_Reward/feet_yaw_mean: -0.3260
           Episode_Reward/body_velocity: -0.6972
           Curriculum/polish_not_moving: -1.0000
     Episode_Reward/completely_airborne: -3.8423
              Episode_Reward/torso_slam: -0.3221
           Episode_Reward/torso_upright: -0.0000
           Episode_Reward/ankle_torques: -0.1102
        Curriculum/random_fallen_states: 0.0000
  Episode_Reward/feet_distance_standing: 0.0000
           Episode_Termination/time_out: 1.0000
             Episode_Reward/ground_slam: -0.7374
        Episode_Reward/joint_vel_limits: -0.0001
         Episode_Reward/severely_tilted: -0.1249
        Episode_Reward/joint_pos_limits: -0.0021
            Metrics/height/height_error: 1.3812
       Episode_Reward/base_height_rough: 0.8042
              Episode_Reward/feet_slide: -0.2597
              Curriculum/terrain_levels: 0.0000
           Episode_Reward/forward_pitch: -1.9539
      Episode_Reward/joint_deviation_l1: -0.0164
        Episode_Reward/illegal_contacts: -1.4485
               Curriculum/adaptive_lift: 0.9939
    Episode_Reward/joint_tracking_error: -1.3571
        Episode_Reward/base_height_fine: 0.5115
           Episode_Reward/torque_limits: -0.2905
             Episode_Reward/action_rate: -25.1358
      Episode_Termination/invalid_state: 0.0000
               Episode_Reward/flat_feet: -3.6691
              Episode_Reward/not_moving: -0.0890
--------------------------------------------------------------------------------
                         Iteration time: 2.42s
                           Time elapsed: 0:03:28
                                    ETA: 0:00:45

################################################################################
[1m                           Learning iteration 82/100                            [0m 

                               Run name: nexus
                            Total steps: 8159232 
                       Steps per second: 40508 
                        Collection time: 2.108s 
                          Learning time: 0.319s 
                        Mean value loss: 0.1582
                    Mean surrogate loss: -0.0020
                      Mean entropy loss: 25.5930
                     Mean symmetry loss: 0.0009
                   Mean l2c2_actor loss: 0.0086
                  Mean l2c2_critic loss: 0.0016
                            Mean reward: -845.72
                    Mean episode length: 750.00
                        Mean action std: 0.59
                    Entropy coefficient: 0.002500
           Curriculum/polish_torso_slam: -5.0000
      Episode_Reward/base_height_medium: 0.5952
              Episode_Reward/relaxation: -3.8453
         Curriculum/polish_joint_vel_l2: -0.0010
 Episode_Reward/joint_deviation_l1_arms: -0.0045
     Curriculum/polish_action_rate_rate: -0.1500
        Episode_Reward/joint_torques_l2: -0.4848
        Episode_Reward/action_rate_rate: -10.6562
         Episode_Reward/ground_unloaded: -1.1615
           Episode_Reward/feet_distance: -0.2049
          Curriculum/polish_ground_slam: -1.0000
            Episode_Reward/joint_vel_l2: -0.4650
              Episode_Reward/torso_roll: -0.9267
            Episode_Reward/joint_acc_l2: -0.0745
           Episode_Reward/feet_yaw_mean: -0.3328
           Episode_Reward/body_velocity: -0.7077
           Curriculum/polish_not_moving: -1.0000
     Episode_Reward/completely_airborne: -3.9657
              Episode_Reward/torso_slam: -0.3191
           Episode_Reward/torso_upright: 0.0000
           Episode_Reward/ankle_torques: -0.1121
        Curriculum/random_fallen_states: 0.0000
  Episode_Reward/feet_distance_standing: 0.0000
           Episode_Termination/time_out: 1.0000
             Episode_Reward/ground_slam: -0.7461
        Episode_Reward/joint_vel_limits: -0.0001
         Episode_Reward/severely_tilted: -0.1550
        Episode_Reward/joint_pos_limits: -0.0021
            Metrics/height/height_error: 1.4128
       Episode_Reward/base_height_rough: 0.7081
              Episode_Reward/feet_slide: -0.3056
              Curriculum/terrain_levels: 0.0000
           Episode_Reward/forward_pitch: -2.7267
      Episode_Reward/joint_deviation_l1: -0.0162
        Episode_Reward/illegal_contacts: -1.2623
               Curriculum/adaptive_lift: 0.9939
    Episode_Reward/joint_tracking_error: -1.3139
        Episode_Reward/base_height_fine: 0.5104
           Episode_Reward/torque_limits: -0.2801
             Episode_Reward/action_rate: -24.6702
      Episode_Termination/invalid_state: 0.0000
               Episode_Reward/flat_feet: -3.5918
              Episode_Reward/not_moving: -0.0877
--------------------------------------------------------------------------------
                         Iteration time: 2.43s
                           Time elapsed: 0:03:30
                                    ETA: 0:00:43

################################################################################
[1m                           Learning iteration 83/100                            [0m 

                               Run name: nexus
                            Total steps: 8257536 
                       Steps per second: 40531 
                        Collection time: 2.106s 
                          Learning time: 0.319s 
                        Mean value loss: 0.1257
                    Mean surrogate loss: -0.0039
                      Mean entropy loss: 25.1858
                     Mean symmetry loss: 0.0009
                   Mean l2c2_actor loss: 0.0087
                  Mean l2c2_critic loss: 0.0017
                            Mean reward: -813.12
                    Mean episode length: 750.00
                        Mean action std: 0.58
                    Entropy coefficient: 0.002500
           Curriculum/polish_torso_slam: -5.0000
      Episode_Reward/base_height_medium: 1.0073
              Episode_Reward/relaxation: -3.4121
         Curriculum/polish_joint_vel_l2: -0.0010
 Episode_Reward/joint_deviation_l1_arms: -0.0067
     Curriculum/polish_action_rate_rate: -0.1500
        Episode_Reward/joint_torques_l2: -0.4809
        Episode_Reward/action_rate_rate: -10.4313
         Episode_Reward/ground_unloaded: -1.2242
           Episode_Reward/feet_distance: -0.2116
          Curriculum/polish_ground_slam: -1.0000
            Episode_Reward/joint_vel_l2: -0.4592
              Episode_Reward/torso_roll: -0.9151
            Episode_Reward/joint_acc_l2: -0.0722
           Episode_Reward/feet_yaw_mean: -0.3492
           Episode_Reward/body_velocity: -0.7146
           Curriculum/polish_not_moving: -1.0000
     Episode_Reward/completely_airborne: -3.7398
              Episode_Reward/torso_slam: -0.3320
           Episode_Reward/torso_upright: 0.0000
           Episode_Reward/ankle_torques: -0.0931
        Curriculum/random_fallen_states: 0.0000
  Episode_Reward/feet_distance_standing: 0.0000
           Episode_Termination/time_out: 1.0000
             Episode_Reward/ground_slam: -0.7587
        Episode_Reward/joint_vel_limits: -0.0001
         Episode_Reward/severely_tilted: -0.1271
        Episode_Reward/joint_pos_limits: -0.0021
            Metrics/height/height_error: 1.2043
       Episode_Reward/base_height_rough: 0.9559
              Episode_Reward/feet_slide: -0.2846
              Curriculum/terrain_levels: 0.0000
           Episode_Reward/forward_pitch: -2.5480
      Episode_Reward/joint_deviation_l1: -0.0247
        Episode_Reward/illegal_contacts: -1.2833
               Curriculum/adaptive_lift: 0.9939
    Episode_Reward/joint_tracking_error: -1.2882
        Episode_Reward/base_height_fine: 1.1250
           Episode_Reward/torque_limits: -0.2766
             Episode_Reward/action_rate: -24.1671
      Episode_Termination/invalid_state: 0.0000
               Episode_Reward/flat_feet: -3.5546
              Episode_Reward/not_moving: -0.2257
--------------------------------------------------------------------------------
                         Iteration time: 2.43s
                           Time elapsed: 0:03:33
                                    ETA: 0:00:40

################################################################################
[1m                           Learning iteration 84/100                            [0m 

                               Run name: nexus
                            Total steps: 8355840 
                       Steps per second: 39855 
                        Collection time: 2.147s 
                          Learning time: 0.319s 
                        Mean value loss: 0.1290
                    Mean surrogate loss: -0.0002
                      Mean entropy loss: 24.9221
                     Mean symmetry loss: 0.0009
                   Mean l2c2_actor loss: 0.0087
                  Mean l2c2_critic loss: 0.0017
                            Mean reward: -815.61
                    Mean episode length: 750.00
                        Mean action std: 0.57
                    Entropy coefficient: 0.002500
           Curriculum/polish_torso_slam: -5.0000
      Episode_Reward/base_height_medium: 0.6999
              Episode_Reward/relaxation: -3.8938
         Curriculum/polish_joint_vel_l2: -0.0010
 Episode_Reward/joint_deviation_l1_arms: -0.0059
     Curriculum/polish_action_rate_rate: -0.1500
        Episode_Reward/joint_torques_l2: -0.4794
        Episode_Reward/action_rate_rate: -10.2576
         Episode_Reward/ground_unloaded: -1.1679
           Episode_Reward/feet_distance: -0.2001
          Curriculum/polish_ground_slam: -1.0000
            Episode_Reward/joint_vel_l2: -0.4484
              Episode_Reward/torso_roll: -0.9418
            Episode_Reward/joint_acc_l2: -0.0760
           Episode_Reward/feet_yaw_mean: -0.3250
           Episode_Reward/body_velocity: -0.7027
           Curriculum/polish_not_moving: -1.0000
     Episode_Reward/completely_airborne: -3.5678
              Episode_Reward/torso_slam: -0.3016
           Episode_Reward/torso_upright: 0.0000
           Episode_Reward/ankle_torques: -0.0877
        Curriculum/random_fallen_states: 0.0000
  Episode_Reward/feet_distance_standing: 0.0000
           Episode_Termination/time_out: 1.0000
             Episode_Reward/ground_slam: -0.7219
        Episode_Reward/joint_vel_limits: -0.0001
         Episode_Reward/severely_tilted: -0.1170
        Episode_Reward/joint_pos_limits: -0.0020
            Metrics/height/height_error: 1.3383
       Episode_Reward/base_height_rough: 0.7929
              Episode_Reward/feet_slide: -0.2554
              Curriculum/terrain_levels: 0.0000
           Episode_Reward/forward_pitch: -1.8220
      Episode_Reward/joint_deviation_l1: -0.0222
        Episode_Reward/illegal_contacts: -1.4641
               Curriculum/adaptive_lift: 0.9939
    Episode_Reward/joint_tracking_error: -1.3026
        Episode_Reward/base_height_fine: 0.6351
           Episode_Reward/torque_limits: -0.2632
             Episode_Reward/action_rate: -23.7570
      Episode_Termination/invalid_state: 0.0000
               Episode_Reward/flat_feet: -3.6725
              Episode_Reward/not_moving: -0.1134
--------------------------------------------------------------------------------
                         Iteration time: 2.47s
                           Time elapsed: 0:03:35
                                    ETA: 0:00:38

################################################################################
[1m                           Learning iteration 85/100                            [0m 

                               Run name: nexus
                            Total steps: 8454144 
                       Steps per second: 40338 
                        Collection time: 2.118s 
                          Learning time: 0.319s 
                        Mean value loss: 0.1187
                    Mean surrogate loss: -0.0024
                      Mean entropy loss: 24.4830
                     Mean symmetry loss: 0.0008
                   Mean l2c2_actor loss: 0.0087
                  Mean l2c2_critic loss: 0.0019
                            Mean reward: -797.45
                    Mean episode length: 750.00
                        Mean action std: 0.56
                    Entropy coefficient: 0.002500
           Curriculum/polish_torso_slam: -5.0000
      Episode_Reward/base_height_medium: 0.6720
              Episode_Reward/relaxation: -4.1271
         Curriculum/polish_joint_vel_l2: -0.0010
 Episode_Reward/joint_deviation_l1_arms: -0.0047
     Curriculum/polish_action_rate_rate: -0.1500
        Episode_Reward/joint_torques_l2: -0.4811
        Episode_Reward/action_rate_rate: -9.9874
         Episode_Reward/ground_unloaded: -1.1384
           Episode_Reward/feet_distance: -0.2035
          Curriculum/polish_ground_slam: -1.0000
            Episode_Reward/joint_vel_l2: -0.4284
              Episode_Reward/torso_roll: -1.0043
            Episode_Reward/joint_acc_l2: -0.0762
           Episode_Reward/feet_yaw_mean: -0.3290
           Episode_Reward/body_velocity: -0.6806
           Curriculum/polish_not_moving: -1.0000
     Episode_Reward/completely_airborne: -3.5576
              Episode_Reward/torso_slam: -0.3020
           Episode_Reward/torso_upright: 0.0000
           Episode_Reward/ankle_torques: -0.0873
        Curriculum/random_fallen_states: 0.0000
  Episode_Reward/feet_distance_standing: 0.0000
           Episode_Termination/time_out: 1.0000
             Episode_Reward/ground_slam: -0.6953
        Episode_Reward/joint_vel_limits: -0.0001
         Episode_Reward/severely_tilted: -0.1242
        Episode_Reward/joint_pos_limits: -0.0021
            Metrics/height/height_error: 1.3675
       Episode_Reward/base_height_rough: 0.8083
              Episode_Reward/feet_slide: -0.2534
              Curriculum/terrain_levels: 0.0000
           Episode_Reward/forward_pitch: -1.9837
      Episode_Reward/joint_deviation_l1: -0.0176
        Episode_Reward/illegal_contacts: -1.4060
               Curriculum/adaptive_lift: 0.9939
    Episode_Reward/joint_tracking_error: -1.2464
        Episode_Reward/base_height_fine: 0.5574
           Episode_Reward/torque_limits: -0.2559
             Episode_Reward/action_rate: -23.1746
      Episode_Termination/invalid_state: 0.0000
               Episode_Reward/flat_feet: -3.6190
              Episode_Reward/not_moving: -0.0782
--------------------------------------------------------------------------------
                         Iteration time: 2.44s
                           Time elapsed: 0:03:38
                                    ETA: 0:00:35

################################################################################
[1m                           Learning iteration 86/100                            [0m 

                               Run name: nexus
                            Total steps: 8552448 
                       Steps per second: 40314 
                        Collection time: 2.118s 
                          Learning time: 0.320s 
                        Mean value loss: 0.1139
                    Mean surrogate loss: -0.0023
                      Mean entropy loss: 24.1683
                     Mean symmetry loss: 0.0008
                   Mean l2c2_actor loss: 0.0088
                  Mean l2c2_critic loss: 0.0021
                            Mean reward: -779.62
                    Mean episode length: 750.00
                        Mean action std: 0.56
                    Entropy coefficient: 0.002500
           Curriculum/polish_torso_slam: -5.0000
      Episode_Reward/base_height_medium: 0.7693
              Episode_Reward/relaxation: -3.8973
         Curriculum/polish_joint_vel_l2: -0.0010
 Episode_Reward/joint_deviation_l1_arms: -0.0057
     Curriculum/polish_action_rate_rate: -0.1500
        Episode_Reward/joint_torques_l2: -0.4615
        Episode_Reward/action_rate_rate: -9.7824
         Episode_Reward/ground_unloaded: -1.1156
           Episode_Reward/feet_distance: -0.2022
          Curriculum/polish_ground_slam: -1.0000
            Episode_Reward/joint_vel_l2: -0.4151
              Episode_Reward/torso_roll: -0.9567
            Episode_Reward/joint_acc_l2: -0.0719
           Episode_Reward/feet_yaw_mean: -0.3456
           Episode_Reward/body_velocity: -0.7449
           Curriculum/polish_not_moving: -1.0000
     Episode_Reward/completely_airborne: -3.5993
              Episode_Reward/torso_slam: -0.3010
           Episode_Reward/torso_upright: 0.0000
           Episode_Reward/ankle_torques: -0.0995
        Curriculum/random_fallen_states: 0.0000
  Episode_Reward/feet_distance_standing: 0.0000
           Episode_Termination/time_out: 1.0000
             Episode_Reward/ground_slam: -0.7097
        Episode_Reward/joint_vel_limits: -0.0001
         Episode_Reward/severely_tilted: -0.1504
        Episode_Reward/joint_pos_limits: -0.0021
            Metrics/height/height_error: 1.3468
       Episode_Reward/base_height_rough: 0.8464
              Episode_Reward/feet_slide: -0.2750
              Curriculum/terrain_levels: 0.0000
           Episode_Reward/forward_pitch: -2.1977
      Episode_Reward/joint_deviation_l1: -0.0216
        Episode_Reward/illegal_contacts: -1.3533
               Curriculum/adaptive_lift: 0.9939
    Episode_Reward/joint_tracking_error: -1.2272
        Episode_Reward/base_height_fine: 0.7023
           Episode_Reward/torque_limits: -0.2532
             Episode_Reward/action_rate: -22.7019
      Episode_Termination/invalid_state: 0.0000
               Episode_Reward/flat_feet: -3.5492
              Episode_Reward/not_moving: -0.1173
--------------------------------------------------------------------------------
                         Iteration time: 2.44s
                           Time elapsed: 0:03:40
                                    ETA: 0:00:32

################################################################################
[1m                           Learning iteration 87/100                            [0m 

                               Run name: nexus
                            Total steps: 8650752 
                       Steps per second: 39550 
                        Collection time: 2.159s 
                          Learning time: 0.327s 
                        Mean value loss: 0.0972
                    Mean surrogate loss: -0.0030
                      Mean entropy loss: 23.7919
                     Mean symmetry loss: 0.0008
                   Mean l2c2_actor loss: 0.0089
                  Mean l2c2_critic loss: 0.0021
                            Mean reward: -768.23
                    Mean episode length: 750.00
                        Mean action std: 0.55
                    Entropy coefficient: 0.002500
           Curriculum/polish_torso_slam: -5.0000
      Episode_Reward/base_height_medium: 0.6428
              Episode_Reward/relaxation: -3.9839
         Curriculum/polish_joint_vel_l2: -0.0010
 Episode_Reward/joint_deviation_l1_arms: -0.0050
     Curriculum/polish_action_rate_rate: -0.1500
        Episode_Reward/joint_torques_l2: -0.4604
        Episode_Reward/action_rate_rate: -9.5890
         Episode_Reward/ground_unloaded: -1.1637
           Episode_Reward/feet_distance: -0.1807
          Curriculum/polish_ground_slam: -1.0000
            Episode_Reward/joint_vel_l2: -0.4200
              Episode_Reward/torso_roll: -0.9331
            Episode_Reward/joint_acc_l2: -0.0743
           Episode_Reward/feet_yaw_mean: -0.3276
           Episode_Reward/body_velocity: -0.6913
           Curriculum/polish_not_moving: -1.0000
     Episode_Reward/completely_airborne: -3.4270
              Episode_Reward/torso_slam: -0.2926
           Episode_Reward/torso_upright: 0.0000
           Episode_Reward/ankle_torques: -0.0921
        Curriculum/random_fallen_states: 0.0000
  Episode_Reward/feet_distance_standing: 0.0000
           Episode_Termination/time_out: 1.0000
             Episode_Reward/ground_slam: -0.6893
        Episode_Reward/joint_vel_limits: -0.0001
         Episode_Reward/severely_tilted: -0.0865
        Episode_Reward/joint_pos_limits: -0.0020
            Metrics/height/height_error: 1.3623
       Episode_Reward/base_height_rough: 0.7879
              Episode_Reward/feet_slide: -0.2341
              Curriculum/terrain_levels: 0.0000
           Episode_Reward/forward_pitch: -1.2786
      Episode_Reward/joint_deviation_l1: -0.0200
        Episode_Reward/illegal_contacts: -1.5875
               Curriculum/adaptive_lift: 0.9939
    Episode_Reward/joint_tracking_error: -1.2281
        Episode_Reward/base_height_fine: 0.4626
           Episode_Reward/torque_limits: -0.2285
             Episode_Reward/action_rate: -22.2771
      Episode_Termination/invalid_state: 0.0000
               Episode_Reward/flat_feet: -3.6893
              Episode_Reward/not_moving: -0.0592
--------------------------------------------------------------------------------
                         Iteration time: 2.49s
                           Time elapsed: 0:03:43
                                    ETA: 0:00:30

################################################################################
[1m                           Learning iteration 88/100                            [0m 

                               Run name: nexus
                            Total steps: 8749056 
                       Steps per second: 39741 
                        Collection time: 2.154s 
                          Learning time: 0.320s 
                        Mean value loss: 0.0907
                    Mean surrogate loss: -0.0031
                      Mean entropy loss: 23.4366
                     Mean symmetry loss: 0.0008
                   Mean l2c2_actor loss: 0.0088
                  Mean l2c2_critic loss: 0.0022
                            Mean reward: -752.53
                    Mean episode length: 750.00
                        Mean action std: 0.54
                    Entropy coefficient: 0.002500
           Curriculum/polish_torso_slam: -5.0000
      Episode_Reward/base_height_medium: 0.7088
              Episode_Reward/relaxation: -4.0975
         Curriculum/polish_joint_vel_l2: -0.0010
 Episode_Reward/joint_deviation_l1_arms: -0.0044
     Curriculum/polish_action_rate_rate: -0.1500
        Episode_Reward/joint_torques_l2: -0.4495
        Episode_Reward/action_rate_rate: -9.3897
         Episode_Reward/ground_unloaded: -1.0845
           Episode_Reward/feet_distance: -0.1757
          Curriculum/polish_ground_slam: -1.0000
            Episode_Reward/joint_vel_l2: -0.4069
              Episode_Reward/torso_roll: -0.9579
            Episode_Reward/joint_acc_l2: -0.0712
           Episode_Reward/feet_yaw_mean: -0.3360
           Episode_Reward/body_velocity: -0.6696
           Curriculum/polish_not_moving: -1.0000
     Episode_Reward/completely_airborne: -3.2837
              Episode_Reward/torso_slam: -0.2852
           Episode_Reward/torso_upright: -0.0001
           Episode_Reward/ankle_torques: -0.0849
        Curriculum/random_fallen_states: 0.0000
  Episode_Reward/feet_distance_standing: -0.0000
           Episode_Termination/time_out: 1.0000
             Episode_Reward/ground_slam: -0.6680
        Episode_Reward/joint_vel_limits: -0.0001
         Episode_Reward/severely_tilted: -0.1380
        Episode_Reward/joint_pos_limits: -0.0020
            Metrics/height/height_error: 1.3698
       Episode_Reward/base_height_rough: 0.8579
              Episode_Reward/feet_slide: -0.2275
              Curriculum/terrain_levels: 0.0000
           Episode_Reward/forward_pitch: -1.3760
      Episode_Reward/joint_deviation_l1: -0.0167
        Episode_Reward/illegal_contacts: -1.5579
               Curriculum/adaptive_lift: 0.9939
    Episode_Reward/joint_tracking_error: -1.2115
        Episode_Reward/base_height_fine: 0.4875
           Episode_Reward/torque_limits: -0.2279
             Episode_Reward/action_rate: -21.8221
      Episode_Termination/invalid_state: 0.0000
               Episode_Reward/flat_feet: -3.6411
              Episode_Reward/not_moving: -0.0521
--------------------------------------------------------------------------------
                         Iteration time: 2.47s
                           Time elapsed: 0:03:45
                                    ETA: 0:00:27

################################################################################
[1m                           Learning iteration 89/100                            [0m 

                               Run name: nexus
                            Total steps: 8847360 
                       Steps per second: 39951 
                        Collection time: 2.140s 
                          Learning time: 0.320s 
                        Mean value loss: 0.0765
                    Mean surrogate loss: -0.0027
                      Mean entropy loss: 23.0611
                     Mean symmetry loss: 0.0008
                   Mean l2c2_actor loss: 0.0089
                  Mean l2c2_critic loss: 0.0022
                            Mean reward: -747.56
                    Mean episode length: 750.00
                        Mean action std: 0.54
                    Entropy coefficient: 0.002500
           Curriculum/polish_torso_slam: -5.0000
      Episode_Reward/base_height_medium: 0.7890
              Episode_Reward/relaxation: -4.3946
         Curriculum/polish_joint_vel_l2: -0.0010
 Episode_Reward/joint_deviation_l1_arms: -0.0048
     Curriculum/polish_action_rate_rate: -0.1500
        Episode_Reward/joint_torques_l2: -0.4566
        Episode_Reward/action_rate_rate: -9.1861
         Episode_Reward/ground_unloaded: -1.0323
           Episode_Reward/feet_distance: -0.1963
          Curriculum/polish_ground_slam: -1.0000
            Episode_Reward/joint_vel_l2: -0.3959
              Episode_Reward/torso_roll: -0.9500
            Episode_Reward/joint_acc_l2: -0.0759
           Episode_Reward/feet_yaw_mean: -0.3358
           Episode_Reward/body_velocity: -0.6856
           Curriculum/polish_not_moving: -1.0000
     Episode_Reward/completely_airborne: -3.5123
              Episode_Reward/torso_slam: -0.2929
           Episode_Reward/torso_upright: 0.0000
           Episode_Reward/ankle_torques: -0.0864
        Curriculum/random_fallen_states: 0.0000
  Episode_Reward/feet_distance_standing: 0.0000
           Episode_Termination/time_out: 1.0000
             Episode_Reward/ground_slam: -0.6652
        Episode_Reward/joint_vel_limits: -0.0001
         Episode_Reward/severely_tilted: -0.1498
        Episode_Reward/joint_pos_limits: -0.0021
            Metrics/height/height_error: 1.2988
       Episode_Reward/base_height_rough: 0.9441
              Episode_Reward/feet_slide: -0.2404
              Curriculum/terrain_levels: 0.0000
           Episode_Reward/forward_pitch: -1.7995
      Episode_Reward/joint_deviation_l1: -0.0186
        Episode_Reward/illegal_contacts: -1.4461
               Curriculum/adaptive_lift: 0.9939
    Episode_Reward/joint_tracking_error: -1.1589
        Episode_Reward/base_height_fine: 0.6004
           Episode_Reward/torque_limits: -0.2150
             Episode_Reward/action_rate: -21.3656
      Episode_Termination/invalid_state: 0.0000
               Episode_Reward/flat_feet: -3.5230
              Episode_Reward/not_moving: -0.0709
--------------------------------------------------------------------------------
                         Iteration time: 2.46s
                           Time elapsed: 0:03:48
                                    ETA: 0:00:25

################################################################################
[1m                           Learning iteration 90/100                            [0m 

                               Run name: nexus
                            Total steps: 8945664 
                       Steps per second: 39979 
                        Collection time: 2.140s 
                          Learning time: 0.319s 
                        Mean value loss: 0.0669
                    Mean surrogate loss: -0.0029
                      Mean entropy loss: 22.6698
                     Mean symmetry loss: 0.0008
                   Mean l2c2_actor loss: 0.0090
                  Mean l2c2_critic loss: 0.0020
                            Mean reward: -728.57
                    Mean episode length: 750.00
                        Mean action std: 0.53
                    Entropy coefficient: 0.002500
           Curriculum/polish_torso_slam: -5.0000
      Episode_Reward/base_height_medium: 0.8276
              Episode_Reward/relaxation: -4.2433
         Curriculum/polish_joint_vel_l2: -0.0010
 Episode_Reward/joint_deviation_l1_arms: -0.0046
     Curriculum/polish_action_rate_rate: -0.1500
        Episode_Reward/joint_torques_l2: -0.4245
        Episode_Reward/action_rate_rate: -8.9499
         Episode_Reward/ground_unloaded: -1.0375
           Episode_Reward/feet_distance: -0.1903
          Curriculum/polish_ground_slam: -1.0000
            Episode_Reward/joint_vel_l2: -0.3856
              Episode_Reward/torso_roll: -0.9909
            Episode_Reward/joint_acc_l2: -0.0617
           Episode_Reward/feet_yaw_mean: -0.3335
           Episode_Reward/body_velocity: -0.6509
           Curriculum/polish_not_moving: -1.0000
     Episode_Reward/completely_airborne: -3.3752
              Episode_Reward/torso_slam: -0.2789
           Episode_Reward/torso_upright: 0.0000
           Episode_Reward/ankle_torques: -0.0909
        Curriculum/random_fallen_states: 0.0000
  Episode_Reward/feet_distance_standing: 0.0000
           Episode_Termination/time_out: 1.0000
             Episode_Reward/ground_slam: -0.6594
        Episode_Reward/joint_vel_limits: -0.0001
         Episode_Reward/severely_tilted: -0.1412
        Episode_Reward/joint_pos_limits: -0.0021
            Metrics/height/height_error: 1.3389
       Episode_Reward/base_height_rough: 0.9652
              Episode_Reward/feet_slide: -0.2445
              Curriculum/terrain_levels: 0.0000
           Episode_Reward/forward_pitch: -1.6676
      Episode_Reward/joint_deviation_l1: -0.0178
        Episode_Reward/illegal_contacts: -1.4659
               Curriculum/adaptive_lift: 0.9939
    Episode_Reward/joint_tracking_error: -1.1407
        Episode_Reward/base_height_fine: 0.6727
           Episode_Reward/torque_limits: -0.2185
             Episode_Reward/action_rate: -20.8296
      Episode_Termination/invalid_state: 0.0000
               Episode_Reward/flat_feet: -3.6004
              Episode_Reward/not_moving: -0.0892
--------------------------------------------------------------------------------
                         Iteration time: 2.46s
                           Time elapsed: 0:03:50
                                    ETA: 0:00:22

################################################################################
[1m                           Learning iteration 91/100                            [0m 

                               Run name: nexus
                            Total steps: 9043968 
                       Steps per second: 39962 
                        Collection time: 2.141s 
                          Learning time: 0.319s 
                        Mean value loss: 0.0603
                    Mean surrogate loss: -0.0018
                      Mean entropy loss: 22.2919
                     Mean symmetry loss: 0.0007
                   Mean l2c2_actor loss: 0.0091
                  Mean l2c2_critic loss: 0.0021
                            Mean reward: -706.09
                    Mean episode length: 750.00
                        Mean action std: 0.52
                    Entropy coefficient: 0.002500
           Curriculum/polish_torso_slam: -5.0000
      Episode_Reward/base_height_medium: 0.8409
              Episode_Reward/relaxation: -4.0016
         Curriculum/polish_joint_vel_l2: -0.0010
 Episode_Reward/joint_deviation_l1_arms: -0.0046
     Curriculum/polish_action_rate_rate: -0.1500
        Episode_Reward/joint_torques_l2: -0.4311
        Episode_Reward/action_rate_rate: -8.7295
         Episode_Reward/ground_unloaded: -1.0885
           Episode_Reward/feet_distance: -0.1854
          Curriculum/polish_ground_slam: -1.0000
            Episode_Reward/joint_vel_l2: -0.3787
              Episode_Reward/torso_roll: -1.0184
            Episode_Reward/joint_acc_l2: -0.0678
           Episode_Reward/feet_yaw_mean: -0.3327
           Episode_Reward/body_velocity: -0.7020
           Curriculum/polish_not_moving: -1.0000
     Episode_Reward/completely_airborne: -3.2590
              Episode_Reward/torso_slam: -0.2789
           Episode_Reward/torso_upright: 0.0000
           Episode_Reward/ankle_torques: -0.0920
        Curriculum/random_fallen_states: 0.0000
  Episode_Reward/feet_distance_standing: 0.0000
           Episode_Termination/time_out: 1.0000
             Episode_Reward/ground_slam: -0.6473
        Episode_Reward/joint_vel_limits: -0.0000
         Episode_Reward/severely_tilted: -0.1774
        Episode_Reward/joint_pos_limits: -0.0022
            Metrics/height/height_error: 1.3241
       Episode_Reward/base_height_rough: 0.9353
              Episode_Reward/feet_slide: -0.2423
              Curriculum/terrain_levels: 0.0000
           Episode_Reward/forward_pitch: -1.5779
      Episode_Reward/joint_deviation_l1: -0.0182
        Episode_Reward/illegal_contacts: -1.4766
               Curriculum/adaptive_lift: 0.9939
    Episode_Reward/joint_tracking_error: -1.1245
        Episode_Reward/base_height_fine: 0.7070
           Episode_Reward/torque_limits: -0.2035
             Episode_Reward/action_rate: -20.3466
      Episode_Termination/invalid_state: 0.0000
               Episode_Reward/flat_feet: -3.5322
              Episode_Reward/not_moving: -0.1036
--------------------------------------------------------------------------------
                         Iteration time: 2.46s
                           Time elapsed: 0:03:52
                                    ETA: 0:00:20

################################################################################
[1m                           Learning iteration 92/100                            [0m 

                               Run name: nexus
                            Total steps: 9142272 
                       Steps per second: 39801 
                        Collection time: 2.152s 
                          Learning time: 0.318s 
                        Mean value loss: 0.0542
                    Mean surrogate loss: -0.0034
                      Mean entropy loss: 21.8109
                     Mean symmetry loss: 0.0007
                   Mean l2c2_actor loss: 0.0092
                  Mean l2c2_critic loss: 0.0018
                            Mean reward: -699.63
                    Mean episode length: 750.00
                        Mean action std: 0.51
                    Entropy coefficient: 0.002500
           Curriculum/polish_torso_slam: -5.0000
      Episode_Reward/base_height_medium: 0.7735
              Episode_Reward/relaxation: -3.7779
         Curriculum/polish_joint_vel_l2: -0.0010
 Episode_Reward/joint_deviation_l1_arms: -0.0053
     Curriculum/polish_action_rate_rate: -0.1500
        Episode_Reward/joint_torques_l2: -0.4405
        Episode_Reward/action_rate_rate: -8.5320
         Episode_Reward/ground_unloaded: -1.1548
           Episode_Reward/feet_distance: -0.1916
          Curriculum/polish_ground_slam: -1.0000
            Episode_Reward/joint_vel_l2: -0.3654
              Episode_Reward/torso_roll: -1.0327
            Episode_Reward/joint_acc_l2: -0.0735
           Episode_Reward/feet_yaw_mean: -0.3250
           Episode_Reward/body_velocity: -0.6828
           Curriculum/polish_not_moving: -1.0000
     Episode_Reward/completely_airborne: -3.2454
              Episode_Reward/torso_slam: -0.2794
           Episode_Reward/torso_upright: 0.0000
           Episode_Reward/ankle_torques: -0.0839
        Curriculum/random_fallen_states: 0.0000
  Episode_Reward/feet_distance_standing: 0.0000
           Episode_Termination/time_out: 1.0000
             Episode_Reward/ground_slam: -0.6428
        Episode_Reward/joint_vel_limits: -0.0000
         Episode_Reward/severely_tilted: -0.2218
        Episode_Reward/joint_pos_limits: -0.0023
            Metrics/height/height_error: 1.3391
       Episode_Reward/base_height_rough: 0.8515
              Episode_Reward/feet_slide: -0.2468
              Curriculum/terrain_levels: 0.0000
           Episode_Reward/forward_pitch: -1.6831
      Episode_Reward/joint_deviation_l1: -0.0197
        Episode_Reward/illegal_contacts: -1.4420
               Curriculum/adaptive_lift: 0.9939
    Episode_Reward/joint_tracking_error: -1.1054
        Episode_Reward/base_height_fine: 0.6657
           Episode_Reward/torque_limits: -0.1903
             Episode_Reward/action_rate: -19.9053
      Episode_Termination/invalid_state: 0.0000
               Episode_Reward/flat_feet: -3.5253
              Episode_Reward/not_moving: -0.0938
--------------------------------------------------------------------------------
                         Iteration time: 2.47s
                           Time elapsed: 0:03:55
                                    ETA: 0:00:17

################################################################################
[1m                           Learning iteration 93/100                            [0m 

                               Run name: nexus
                            Total steps: 9240576 
                       Steps per second: 38708 
                        Collection time: 2.192s 
                          Learning time: 0.348s 
                        Mean value loss: 0.0520
                    Mean surrogate loss: -0.0018
                      Mean entropy loss: 21.4472
                     Mean symmetry loss: 0.0007
                   Mean l2c2_actor loss: 0.0093
                  Mean l2c2_critic loss: 0.0019
                            Mean reward: -690.04
                    Mean episode length: 750.00
                        Mean action std: 0.51
                    Entropy coefficient: 0.002500
           Curriculum/polish_torso_slam: -5.0000
      Episode_Reward/base_height_medium: 0.8067
              Episode_Reward/relaxation: -4.0197
         Curriculum/polish_joint_vel_l2: -0.0010
 Episode_Reward/joint_deviation_l1_arms: -0.0050
     Curriculum/polish_action_rate_rate: -0.1500
        Episode_Reward/joint_torques_l2: -0.4283
        Episode_Reward/action_rate_rate: -8.3525
         Episode_Reward/ground_unloaded: -1.0959
           Episode_Reward/feet_distance: -0.1872
          Curriculum/polish_ground_slam: -1.0000
            Episode_Reward/joint_vel_l2: -0.3608
              Episode_Reward/torso_roll: -1.0368
            Episode_Reward/joint_acc_l2: -0.0686
           Episode_Reward/feet_yaw_mean: -0.3224
           Episode_Reward/body_velocity: -0.6716
           Curriculum/polish_not_moving: -1.0000
     Episode_Reward/completely_airborne: -3.3341
              Episode_Reward/torso_slam: -0.2599
           Episode_Reward/torso_upright: -0.0001
           Episode_Reward/ankle_torques: -0.0781
        Curriculum/random_fallen_states: 0.0000
  Episode_Reward/feet_distance_standing: -0.0000
           Episode_Termination/time_out: 1.0000
             Episode_Reward/ground_slam: -0.6280
        Episode_Reward/joint_vel_limits: -0.0000
         Episode_Reward/severely_tilted: -0.2012
        Episode_Reward/joint_pos_limits: -0.0023
            Metrics/height/height_error: 1.4049
       Episode_Reward/base_height_rough: 0.9048
              Episode_Reward/feet_slide: -0.2424
              Curriculum/terrain_levels: 0.0000
           Episode_Reward/forward_pitch: -1.6608
      Episode_Reward/joint_deviation_l1: -0.0188
        Episode_Reward/illegal_contacts: -1.4428
               Curriculum/adaptive_lift: 0.9939
    Episode_Reward/joint_tracking_error: -1.0810
        Episode_Reward/base_height_fine: 0.6337
           Episode_Reward/torque_limits: -0.1911
             Episode_Reward/action_rate: -19.4950
      Episode_Termination/invalid_state: 0.0000
               Episode_Reward/flat_feet: -3.5136
              Episode_Reward/not_moving: -0.0700
--------------------------------------------------------------------------------
                         Iteration time: 2.54s
                           Time elapsed: 0:03:57
                                    ETA: 0:00:15

################################################################################
[1m                           Learning iteration 94/100                            [0m 

                               Run name: nexus
                            Total steps: 9338880 
                       Steps per second: 35293 
                        Collection time: 2.420s 
                          Learning time: 0.365s 
                        Mean value loss: 0.0447
                    Mean surrogate loss: -0.0031
                      Mean entropy loss: 20.9196
                     Mean symmetry loss: 0.0007
                   Mean l2c2_actor loss: 0.0093
                  Mean l2c2_critic loss: 0.0016
                            Mean reward: -676.90
                    Mean episode length: 750.00
                        Mean action std: 0.50
                    Entropy coefficient: 0.002500
           Curriculum/polish_torso_slam: -5.0000
      Episode_Reward/base_height_medium: 0.8229
              Episode_Reward/relaxation: -3.7607
         Curriculum/polish_joint_vel_l2: -0.0010
 Episode_Reward/joint_deviation_l1_arms: -0.0050
     Curriculum/polish_action_rate_rate: -0.1500
        Episode_Reward/joint_torques_l2: -0.4035
        Episode_Reward/action_rate_rate: -8.1343
         Episode_Reward/ground_unloaded: -1.1035
           Episode_Reward/feet_distance: -0.1793
          Curriculum/polish_ground_slam: -1.0000
            Episode_Reward/joint_vel_l2: -0.3631
              Episode_Reward/torso_roll: -1.0079
            Episode_Reward/joint_acc_l2: -0.0591
           Episode_Reward/feet_yaw_mean: -0.3226
           Episode_Reward/body_velocity: -0.6790
           Curriculum/polish_not_moving: -1.0000
     Episode_Reward/completely_airborne: -3.1459
              Episode_Reward/torso_slam: -0.2720
           Episode_Reward/torso_upright: 0.0000
           Episode_Reward/ankle_torques: -0.0851
        Curriculum/random_fallen_states: 0.0000
  Episode_Reward/feet_distance_standing: 0.0000
           Episode_Termination/time_out: 1.0000
             Episode_Reward/ground_slam: -0.6184
        Episode_Reward/joint_vel_limits: -0.0000
         Episode_Reward/severely_tilted: -0.0917
        Episode_Reward/joint_pos_limits: -0.0022
            Metrics/height/height_error: 1.3752
       Episode_Reward/base_height_rough: 0.9224
              Episode_Reward/feet_slide: -0.2320
              Curriculum/terrain_levels: 0.0000
           Episode_Reward/forward_pitch: -1.5403
      Episode_Reward/joint_deviation_l1: -0.0187
        Episode_Reward/illegal_contacts: -1.4851
               Curriculum/adaptive_lift: 0.9939
    Episode_Reward/joint_tracking_error: -1.0597
        Episode_Reward/base_height_fine: 0.6192
           Episode_Reward/torque_limits: -0.1798
             Episode_Reward/action_rate: -19.0072
      Episode_Termination/invalid_state: 0.0000
               Episode_Reward/flat_feet: -3.5171
              Episode_Reward/not_moving: -0.0497
--------------------------------------------------------------------------------
                         Iteration time: 2.79s
                           Time elapsed: 0:04:00
                                    ETA: 0:00:12

################################################################################
[1m                           Learning iteration 95/100                            [0m 

                               Run name: nexus
                            Total steps: 9437184 
                       Steps per second: 35086 
                        Collection time: 2.434s 
                          Learning time: 0.368s 
                        Mean value loss: 0.0484
                    Mean surrogate loss: -0.0000
                      Mean entropy loss: 20.5499
                     Mean symmetry loss: 0.0007
                   Mean l2c2_actor loss: 0.0094
                  Mean l2c2_critic loss: 0.0017
                            Mean reward: -658.63
                    Mean episode length: 750.00
                        Mean action std: 0.49
                    Entropy coefficient: 0.002500
           Curriculum/polish_torso_slam: -5.0000
      Episode_Reward/base_height_medium: 0.7459
              Episode_Reward/relaxation: -3.5789
         Curriculum/polish_joint_vel_l2: -0.0010
 Episode_Reward/joint_deviation_l1_arms: -0.0046
     Curriculum/polish_action_rate_rate: -0.1500
        Episode_Reward/joint_torques_l2: -0.4007
        Episode_Reward/action_rate_rate: -7.9211
         Episode_Reward/ground_unloaded: -1.1309
           Episode_Reward/feet_distance: -0.1611
          Curriculum/polish_ground_slam: -1.0000
            Episode_Reward/joint_vel_l2: -0.3524
              Episode_Reward/torso_roll: -0.9836
            Episode_Reward/joint_acc_l2: -0.0608
           Episode_Reward/feet_yaw_mean: -0.3169
           Episode_Reward/body_velocity: -0.6580
           Curriculum/polish_not_moving: -1.0000
     Episode_Reward/completely_airborne: -3.0483
              Episode_Reward/torso_slam: -0.2589
           Episode_Reward/torso_upright: 0.0000
           Episode_Reward/ankle_torques: -0.0830
        Curriculum/random_fallen_states: 0.0000
  Episode_Reward/feet_distance_standing: 0.0000
           Episode_Termination/time_out: 1.0000
             Episode_Reward/ground_slam: -0.6057
        Episode_Reward/joint_vel_limits: -0.0000
         Episode_Reward/severely_tilted: -0.1178
        Episode_Reward/joint_pos_limits: -0.0021
            Metrics/height/height_error: 1.3435
       Episode_Reward/base_height_rough: 0.8420
              Episode_Reward/feet_slide: -0.2065
              Curriculum/terrain_levels: 0.0000
           Episode_Reward/forward_pitch: -0.9654
      Episode_Reward/joint_deviation_l1: -0.0183
        Episode_Reward/illegal_contacts: -1.6362
               Curriculum/adaptive_lift: 0.9939
    Episode_Reward/joint_tracking_error: -1.0433
        Episode_Reward/base_height_fine: 0.5545
           Episode_Reward/torque_limits: -0.1816
             Episode_Reward/action_rate: -18.5302
      Episode_Termination/invalid_state: 0.0000
               Episode_Reward/flat_feet: -3.5420
              Episode_Reward/not_moving: -0.0552
--------------------------------------------------------------------------------
                         Iteration time: 2.80s
                           Time elapsed: 0:04:03
                                    ETA: 0:00:10

################################################################################
[1m                           Learning iteration 96/100                            [0m 

                               Run name: nexus
                            Total steps: 9535488 
                       Steps per second: 38584 
                        Collection time: 2.228s 
                          Learning time: 0.319s 
                        Mean value loss: 0.0408
                    Mean surrogate loss: -0.0025
                      Mean entropy loss: 20.0230
                     Mean symmetry loss: 0.0007
                   Mean l2c2_actor loss: 0.0095
                  Mean l2c2_critic loss: 0.0014
                            Mean reward: -635.38
                    Mean episode length: 750.00
                        Mean action std: 0.48
                    Entropy coefficient: 0.002500
           Curriculum/polish_torso_slam: -5.0000
      Episode_Reward/base_height_medium: 0.7602
              Episode_Reward/relaxation: -3.5069
         Curriculum/polish_joint_vel_l2: -0.0010
 Episode_Reward/joint_deviation_l1_arms: -0.0050
     Curriculum/polish_action_rate_rate: -0.1500
        Episode_Reward/joint_torques_l2: -0.3927
        Episode_Reward/action_rate_rate: -7.7437
         Episode_Reward/ground_unloaded: -1.1322
           Episode_Reward/feet_distance: -0.1518
          Curriculum/polish_ground_slam: -1.0000
            Episode_Reward/joint_vel_l2: -0.3391
              Episode_Reward/torso_roll: -0.9585
            Episode_Reward/joint_acc_l2: -0.0619
           Episode_Reward/feet_yaw_mean: -0.3237
           Episode_Reward/body_velocity: -0.6531
           Curriculum/polish_not_moving: -1.0000
     Episode_Reward/completely_airborne: -2.8294
              Episode_Reward/torso_slam: -0.2561
           Episode_Reward/torso_upright: 0.0000
           Episode_Reward/ankle_torques: -0.0728
        Curriculum/random_fallen_states: 0.0000
  Episode_Reward/feet_distance_standing: 0.0000
           Episode_Termination/time_out: 1.0000
             Episode_Reward/ground_slam: -0.6039
        Episode_Reward/joint_vel_limits: -0.0000
         Episode_Reward/severely_tilted: -0.1043
        Episode_Reward/joint_pos_limits: -0.0022
            Metrics/height/height_error: 1.3995
       Episode_Reward/base_height_rough: 0.8677
              Episode_Reward/feet_slide: -0.2107
              Curriculum/terrain_levels: 0.0000
           Episode_Reward/forward_pitch: -0.8465
      Episode_Reward/joint_deviation_l1: -0.0181
        Episode_Reward/illegal_contacts: -1.6493
               Curriculum/adaptive_lift: 0.9939
    Episode_Reward/joint_tracking_error: -1.0217
        Episode_Reward/base_height_fine: 0.5871
           Episode_Reward/torque_limits: -0.1598
             Episode_Reward/action_rate: -18.1141
      Episode_Termination/invalid_state: 0.0000
               Episode_Reward/flat_feet: -3.5402
              Episode_Reward/not_moving: -0.0753
--------------------------------------------------------------------------------
                         Iteration time: 2.55s
                           Time elapsed: 0:04:06
                                    ETA: 0:00:07

################################################################################
[1m                           Learning iteration 97/100                            [0m 

                               Run name: nexus
                            Total steps: 9633792 
                       Steps per second: 39390 
                        Collection time: 2.166s 
                          Learning time: 0.329s 
                        Mean value loss: 0.0480
                    Mean surrogate loss: -0.0003
                      Mean entropy loss: 19.6611
                     Mean symmetry loss: 0.0006
                   Mean l2c2_actor loss: 0.0095
                  Mean l2c2_critic loss: 0.0015
                            Mean reward: -628.79
                    Mean episode length: 750.00
                        Mean action std: 0.48
                    Entropy coefficient: 0.002500
           Curriculum/polish_torso_slam: -5.0000
      Episode_Reward/base_height_medium: 0.8162
              Episode_Reward/relaxation: -3.5918
         Curriculum/polish_joint_vel_l2: -0.0010
 Episode_Reward/joint_deviation_l1_arms: -0.0032
     Curriculum/polish_action_rate_rate: -0.1500
        Episode_Reward/joint_torques_l2: -0.3744
        Episode_Reward/action_rate_rate: -7.5243
         Episode_Reward/ground_unloaded: -1.0779
           Episode_Reward/feet_distance: -0.1584
          Curriculum/polish_ground_slam: -1.0000
            Episode_Reward/joint_vel_l2: -0.3337
              Episode_Reward/torso_roll: -1.0193
            Episode_Reward/joint_acc_l2: -0.0544
           Episode_Reward/feet_yaw_mean: -0.3176
           Episode_Reward/body_velocity: -0.6153
           Curriculum/polish_not_moving: -1.0000
     Episode_Reward/completely_airborne: -2.7567
              Episode_Reward/torso_slam: -0.2594
           Episode_Reward/torso_upright: 0.0000
           Episode_Reward/ankle_torques: -0.0813
        Curriculum/random_fallen_states: 0.0000
  Episode_Reward/feet_distance_standing: 0.0000
           Episode_Termination/time_out: 1.0000
             Episode_Reward/ground_slam: -0.5844
        Episode_Reward/joint_vel_limits: -0.0000
         Episode_Reward/severely_tilted: -0.1058
        Episode_Reward/joint_pos_limits: -0.0022
            Metrics/height/height_error: 1.2542
       Episode_Reward/base_height_rough: 0.8996
              Episode_Reward/feet_slide: -0.2054
              Curriculum/terrain_levels: 0.0000
           Episode_Reward/forward_pitch: -0.8837
      Episode_Reward/joint_deviation_l1: -0.0135
        Episode_Reward/illegal_contacts: -1.6414
               Curriculum/adaptive_lift: 0.9939
    Episode_Reward/joint_tracking_error: -1.0008
        Episode_Reward/base_height_fine: 0.6199
           Episode_Reward/torque_limits: -0.1617
             Episode_Reward/action_rate: -17.6294
      Episode_Termination/invalid_state: 0.0000
               Episode_Reward/flat_feet: -3.5903
              Episode_Reward/not_moving: -0.0553
--------------------------------------------------------------------------------
                         Iteration time: 2.50s
                           Time elapsed: 0:04:08
                                    ETA: 0:00:05

################################################################################
[1m                           Learning iteration 98/100                            [0m 

                               Run name: nexus
                            Total steps: 9732096 
                       Steps per second: 36859 
                        Collection time: 2.337s 
                          Learning time: 0.330s 
                        Mean value loss: 0.0546
                    Mean surrogate loss: -0.0010
                      Mean entropy loss: 19.1700
                     Mean symmetry loss: 0.0006
                   Mean l2c2_actor loss: 0.0095
                  Mean l2c2_critic loss: 0.0020
                            Mean reward: -608.64
                    Mean episode length: 750.00
                        Mean action std: 0.47
                    Entropy coefficient: 0.002500
           Curriculum/polish_torso_slam: -5.0000
      Episode_Reward/base_height_medium: 0.8059
              Episode_Reward/relaxation: -3.5814
         Curriculum/polish_joint_vel_l2: -0.0010
 Episode_Reward/joint_deviation_l1_arms: -0.0039
     Curriculum/polish_action_rate_rate: -0.1500
        Episode_Reward/joint_torques_l2: -0.3816
        Episode_Reward/action_rate_rate: -7.3113
         Episode_Reward/ground_unloaded: -1.1021
           Episode_Reward/feet_distance: -0.1518
          Curriculum/polish_ground_slam: -1.0000
            Episode_Reward/joint_vel_l2: -0.3181
              Episode_Reward/torso_roll: -1.0434
            Episode_Reward/joint_acc_l2: -0.0603
           Episode_Reward/feet_yaw_mean: -0.3048
           Episode_Reward/body_velocity: -0.6220
           Curriculum/polish_not_moving: -1.0000
     Episode_Reward/completely_airborne: -2.7376
              Episode_Reward/torso_slam: -0.2547
           Episode_Reward/torso_upright: 0.0000
           Episode_Reward/ankle_torques: -0.0855
        Curriculum/random_fallen_states: 0.0000
  Episode_Reward/feet_distance_standing: 0.0000
           Episode_Termination/time_out: 1.0000
             Episode_Reward/ground_slam: -0.5725
        Episode_Reward/joint_vel_limits: -0.0000
         Episode_Reward/severely_tilted: -0.1110
        Episode_Reward/joint_pos_limits: -0.0022
            Metrics/height/height_error: 1.3483
       Episode_Reward/base_height_rough: 0.9070
              Episode_Reward/feet_slide: -0.2025
              Curriculum/terrain_levels: 0.0000
           Episode_Reward/forward_pitch: -0.8381
      Episode_Reward/joint_deviation_l1: -0.0157
        Episode_Reward/illegal_contacts: -1.6554
               Curriculum/adaptive_lift: 0.9939
    Episode_Reward/joint_tracking_error: -0.9791
        Episode_Reward/base_height_fine: 0.6109
           Episode_Reward/torque_limits: -0.1478
             Episode_Reward/action_rate: -17.1577
      Episode_Termination/invalid_state: 0.0000
               Episode_Reward/flat_feet: -3.6182
              Episode_Reward/not_moving: -0.0611
--------------------------------------------------------------------------------
                         Iteration time: 2.67s
                           Time elapsed: 0:04:11
                                    ETA: 0:00:02

################################################################################
[1m                           Learning iteration 99/100                            [0m 

                               Run name: nexus
                            Total steps: 9830400 
                       Steps per second: 39464 
                        Collection time: 2.172s 
                          Learning time: 0.319s 
                        Mean value loss: 0.0488
                    Mean surrogate loss: -0.0006
                      Mean entropy loss: 18.8279
                     Mean symmetry loss: 0.0006
                   Mean l2c2_actor loss: 0.0095
                  Mean l2c2_critic loss: 0.0017
                            Mean reward: -609.57
                    Mean episode length: 750.00
                        Mean action std: 0.46
                    Entropy coefficient: 0.002500
           Curriculum/polish_torso_slam: -5.0000
      Episode_Reward/base_height_medium: 0.6422
              Episode_Reward/relaxation: -3.0481
         Curriculum/polish_joint_vel_l2: -0.0010
 Episode_Reward/joint_deviation_l1_arms: -0.0048
     Curriculum/polish_action_rate_rate: -0.1500
        Episode_Reward/joint_torques_l2: -0.3768
        Episode_Reward/action_rate_rate: -7.1326
         Episode_Reward/ground_unloaded: -1.1954
           Episode_Reward/feet_distance: -0.1627
          Curriculum/polish_ground_slam: -1.0000
            Episode_Reward/joint_vel_l2: -0.3119
              Episode_Reward/torso_roll: -1.0073
            Episode_Reward/joint_acc_l2: -0.0590
           Episode_Reward/feet_yaw_mean: -0.3210
           Episode_Reward/body_velocity: -0.6473
           Curriculum/polish_not_moving: -1.0000
     Episode_Reward/completely_airborne: -2.8062
              Episode_Reward/torso_slam: -0.2326
           Episode_Reward/torso_upright: 0.0000
           Episode_Reward/ankle_torques: -0.0749
        Curriculum/random_fallen_states: 0.0000
  Episode_Reward/feet_distance_standing: 0.0000
           Episode_Termination/time_out: 1.0000
             Episode_Reward/ground_slam: -0.5779
        Episode_Reward/joint_vel_limits: -0.0000
         Episode_Reward/severely_tilted: -0.2175
        Episode_Reward/joint_pos_limits: -0.0022
            Metrics/height/height_error: 1.3933
       Episode_Reward/base_height_rough: 0.7539
              Episode_Reward/feet_slide: -0.2178
              Curriculum/terrain_levels: 0.0000
           Episode_Reward/forward_pitch: -1.0701
      Episode_Reward/joint_deviation_l1: -0.0188
        Episode_Reward/illegal_contacts: -1.5776
               Curriculum/adaptive_lift: 0.9939
    Episode_Reward/joint_tracking_error: -0.9565
        Episode_Reward/base_height_fine: 0.4791
           Episode_Reward/torque_limits: -0.1465
             Episode_Reward/action_rate: -16.7412
      Episode_Termination/invalid_state: 0.0000
               Episode_Reward/flat_feet: -3.5012
              Episode_Reward/not_moving: -0.0444
--------------------------------------------------------------------------------
                         Iteration time: 2.49s
                           Time elapsed: 0:04:13
                                    ETA: 0:00:00

[nexus] 100 PPO iterations x 24 steps x 4096 envs in 255.4s -> 2554 ms/iter, 38489 env-steps/s | log /workspace/bench/nexus_port/logs/2026-09-02_17-00-33_nexus
TRAIN ON NEXUS OK
[INFO]: SimulationContext cleared
