Loading user config located at: '/workspace/WBC-AGILE/.venv/lib/python3.12/site-packages/isaacsim/kit/data/Kit/IsaacLab/3.0/user.config.json'
2026-09-03T01:41:42Z [0ms] [Warning] [omni.ext.plugin] [ext: isaaclab_visualizers] Extensions config 'extension.toml' doesn't exist '/workspace/WBC-AGILE/.venv/lib/python3.12/site-packages/isaaclab/source/isaaclab_visualizers' or '/workspace/WBC-AGILE/.venv/lib/python3.12/site-packages/isaaclab/source/isaaclab_visualizers/config'
WARNING: All log messages before absl::InitializeLog() is called are written to STDERR
E0000 00:00:1788399702.171742   79644 descriptor_database.cc:633] File already exists in database: grpc/health/v1/health.proto
W0000 00:00:1788399702.171769   79644 message.cc:301] Protobuf GeneratedMessageFactory: File is already registered: grpc/health/v1/health.proto
2026-09-03T01:41:42Z [368ms] [Warning] [omni.usd_config.extension] Enable omni.materialx.libs extension to use MaterialX
2026-09-03T01:41:42Z [414ms] [Error] [omni.ext.plugin] Could not load the dynamic library from /workspace/WBC-AGILE/.venv/lib/python3.12/site-packages/isaacsim/extscache/omni.usd.libs-1.0.3+6312fa25.lx64.r.cp312/bin/libMaterialXRenderHw.so. Error: libXt.so.6: cannot open shared object file: No such file or directory (note that this may be caused by a dependent library)
2026-09-03T01:41:42Z [414ms] [Warning] [omni.platforminfo.plugin] failed to open the default display.  Can't verify X Server version.
2026-09-03T01:41:42Z [414ms] [Error] [omni.ext.plugin] Could not load the dynamic library from /workspace/WBC-AGILE/.venv/lib/python3.12/site-packages/isaacsim/extscache/omni.usd.libs-1.0.3+6312fa25.lx64.r.cp312/bin/libMaterialXRenderGlsl.so. Error: libXt.so.6: cannot open shared object file: No such file or directory (note that this may be caused by a dependent library)
2026-09-03T01:41:42Z [415ms] [Error] [omni.ext.plugin] Could not load the dynamic library from /workspace/WBC-AGILE/.venv/lib/python3.12/site-packages/isaacsim/extscache/omni.usd.libs-1.0.3+6312fa25.lx64.r.cp312/bin/libusd_usdBakeMtlx.so. Error: libXt.so.6: cannot open shared object file: No such file or directory (note that this may be caused by a dependent library)
2026-09-03T01:41:43Z [942ms] [Warning] [isaacsim.core.simulation_manager.plugin] USD stage is not available; stage-opened subscription is deferred
2026-09-03T01:41:43Z [942ms] [Warning] [isaacsim.core.simulation_manager.plugin] USD stage is not available; stage-opened subscription is deferred
[ISAACLAB] AppLauncher initialization complete
[INFO]: Parsing configuration from: agile.rl_env.tasks.stand_up.g1.height_tracking_env_cfg:G1HeightTrackingEnvCfg
[INFO]: Parsing configuration from: agile.rl_env.tasks.stand_up.g1.agents.rsl_rl_ppo_cfg:G1HeightTrackingPpoRunnerCfg
/workspace/isaaclab_nexus/envs.py:68: UserWarning: nexusify dropped terms without a Nexus implementation: events.randomize_physics_material (randomize_rigid_body_material), events.randomize_base_com (randomize_rigid_body_com)
  warnings.warn("nexusify dropped terms without a Nexus implementation: " + ", ".join(dropped))
[INFO]: Base environment:
	Environment device    : cuda:0
	Environment seed      : 42
	Physics step-size     : 0.005
	Rendering step-size   : 0.02
	Environment step-size : 0.02
[INFO] Generating terrains based on curriculum took Last: 0.260534 s
[INFO]: Registered backend 'nexus' for factory Articulation.
[INFO]: Registered backend 'nexus' for factory ContactSensor.
[INFO]: Registered backend 'nexus' for factory RayCaster.
[INFO]: Time taken for scene creation Last: 6.163704 s, Mean: 6.163704 s, Std: 0.000000 s, N: 1
[INFO]: Scene manager:  NexusScene(num_envs=2048, entities=['robot', 'contact_forces', 'height_measurement_sensor', 'terrain'])
[INFO]: Time taken for simulation start Last: 0.016397 s, Mean: 0.016397 s, Std: 0.000000 s, N: 1
[INFO] Command Manager:  <CommandManager> contains 1 active terms.
+--------------------------------------+
|         Active Command Terms         |
+-------+--------+---------------------+
| Index | Name   |         Type        |
+-------+--------+---------------------+
|   0   | height | SmoothHeightCommand |
+-------+--------+---------------------+

[INFO] Event Manager:  <EventManager> contains 3 active terms.
+----------------------------------------+
| Active Event Terms in Mode: 'startup'  |
+--------+-------------------------------+
| Index  | Name                          |
+--------+-------------------------------+
|   0    | randomize_actuator_gains      |
|   1    | randomize_bodies_mass         |
|   2    | randomize_base_mass           |
+--------+-------------------------------+
+---------------------------------------------------------------------------+
|                   Active Event Terms in Mode: 'interval'                  |
+-------+-----------------------------------------+-------------------------+
| Index | Name                                    | Interval time range (s) |
+-------+-----------------------------------------+-------------------------+
|   0   | push_robot                              |       (0.0, 10.0)       |
|   1   | apply_external_force_torque             |       (0.0, 10.0)       |
|   2   | apply_external_force_torque_extremities |       (0.0, 10.0)       |
+-------+-----------------------------------------+-------------------------+
+----------------------------------+
| Active Event Terms in Mode: 'reset' |
+------------+---------------------+
|   Index    | Name                |
+------------+---------------------+
|     0      | reset_base          |
+------------+---------------------+

[INFO] Recorder Manager:  <RecorderManager> contains 0 active terms.
+---------------------+
| Active Recorder Terms |
+-----------+---------+
|   Index   | Name    |
+-----------+---------+
+-----------+---------+

[INFO]: Resolved joint names for the action term JointPositionAction: ['left_hip_pitch_joint', 'left_hip_roll_joint', 'left_hip_yaw_joint', 'left_knee_joint', 'left_ankle_pitch_joint', 'left_ankle_roll_joint', 'right_hip_pitch_joint', 'right_hip_roll_joint', 'right_hip_yaw_joint', 'right_knee_joint', 'right_ankle_pitch_joint', 'right_ankle_roll_joint', 'waist_yaw_joint', 'waist_roll_joint', 'waist_pitch_joint', 'left_shoulder_pitch_joint', 'left_shoulder_roll_joint', 'left_shoulder_yaw_joint', 'left_elbow_joint', 'left_wrist_roll_joint', 'left_wrist_pitch_joint', 'left_wrist_yaw_joint', 'right_shoulder_pitch_joint', 'right_shoulder_roll_joint', 'right_shoulder_yaw_joint', 'right_elbow_joint', 'right_wrist_roll_joint', 'right_wrist_pitch_joint', 'right_wrist_yaw_joint'] [[0, 1, 2, 3, 4, 5, 6, 7, 8, 9, 10, 11, 12, 13, 14, 15, 16, 17, 18, 19, 20, 21, 22, 23, 24, 25, 26, 27, 28]]
[INFO] Action Manager:  <ActionManager> contains 2 active terms.
+------------------------------------+
|  Active Action Terms (shape: 29)   |
+--------+-------------+-------------+
| Index  | Name        |   Dimension |
+--------+-------------+-------------+
|   0    | joint_pos   |          29 |
|   1    | lift        |           0 |
+--------+-------------+-------------+

[INFO] Observation Manager: <ObservationManager> contains 2 groups.
+----------------------------------------------+
| Active Observation Terms in Group: 'policy'  |
+---------+------------------------+-----------+
|  Index  | Name                   |   Shape   |
+---------+------------------------+-----------+
|    0    | base_ang_vel           |   (5, 3)  |
|    1    | projected_gravity      |   (5, 3)  |
|    2    | joint_pos              |  (5, 29)  |
|    3    | joint_vel              |  (5, 29)  |
|    4    | actions                |  (5, 29)  |
|    5    | height_command         |   (5, 1)  |
+---------+------------------------+-----------+
+----------------------------------------------+
| Active Observation Terms in Group: 'critic'  |
+---------+------------------------+-----------+
|  Index  | Name                   |   Shape   |
+---------+------------------------+-----------+
|    0    | projected_gravity      |   (5, 3)  |
|    1    | base_lin_vel           |   (5, 3)  |
|    2    | base_ang_vel           |   (5, 3)  |
|    3    | joint_pos              |  (5, 29)  |
|    4    | joint_vel              |  (5, 29)  |
|    5    | actions                |  (5, 29)  |
|    6    | contact_forces         |  (5, 30)  |
|    7    | base_height            |   (5, 1)  |
|    8    | height_command         |   (5, 1)  |
+---------+------------------------+-----------+

[INFO] Termination Manager:  <TerminationManager> contains 2 active terms.
+----------------------------------+
|     Active Termination Terms     |
+-------+---------------+----------+
| Index | Name          | Time Out |
+-------+---------------+----------+
|   0   | time_out      |   True   |
|   1   | invalid_state |  False   |
+-------+---------------+----------+

[INFO] Reward Manager:  <RewardManager> contains 32 active terms.
+--------------------------------------------+
|            Active Reward Terms             |
+-------+-------------------------+----------+
| Index | Name                    |   Weight |
+-------+-------------------------+----------+
|   0   | joint_torques_l2        |   -5e-05 |
|   1   | torque_limits           |    -0.01 |
|   2   | joint_acc_l2            | -2.5e-08 |
|   3   | joint_pos_limits        |     -0.1 |
|   4   | joint_vel_limits        |    -0.01 |
|   5   | action_rate             |     -1.0 |
|   6   | action_rate_rate        |    -0.15 |
|   7   | joint_vel_l2            |   -0.001 |
|   8   | joint_tracking_error    |     -0.5 |
|   9   | base_height_rough       |      4.0 |
|   10  | base_height_medium      |      8.0 |
|   11  | base_height_fine        |     16.0 |
|   12  | relaxation              |     -1.0 |
|   13  | joint_deviation_l1      |     -0.5 |
|   14  | joint_deviation_l1_arms |     -0.5 |
|   15  | ankle_torques           |   -0.001 |
|   16  | not_moving              |     -1.0 |
|   17  | torso_upright           |     -1.0 |
|   18  | severely_tilted         |     -5.0 |
|   19  | torso_roll              |     -5.0 |
|   20  | forward_pitch           |    -10.0 |
|   21  | illegal_contacts        |     -2.0 |
|   22  | feet_distance           |     -5.0 |
|   23  | feet_distance_standing  |    -10.0 |
|   24  | ground_unloaded         |     -2.0 |
|   25  | flat_feet               |     -1.0 |
|   26  | feet_slide              |     -1.0 |
|   27  | feet_yaw_mean           |     -2.0 |
|   28  | completely_airborne     |    -50.0 |
|   29  | body_velocity           |     -0.1 |
|   30  | ground_slam             |     -1.0 |
|   31  | torso_slam              |     -5.0 |
+-------+-------------------------+----------+

[INFO] Curriculum Manager:  <CurriculumManager> contains 8 active terms.
+---------------------------------+
|     Active Curriculum Terms     |
+-------+-------------------------+
| Index | Name                    |
+-------+-------------------------+
|   0   | adaptive_lift           |
|   1   | terrain_levels          |
|   2   | polish_action_rate_rate |
|   3   | polish_ground_slam      |
|   4   | polish_torso_slam       |
|   5   | polish_not_moving       |
|   6   | polish_joint_vel_l2     |
|   7   | random_fallen_states    |
+-------+-------------------------+

[INFO]: Completed setting up the environment...
[nexus] env built in 6.3s
[nexus] pre_learn (fallen-state dataset) done in 0.0s
/workspace/WBC-AGILE/.venv/lib/python3.12/site-packages/rsl_rl/utils/utils.py:220: UserWarning: The observation configuration dictionary 'obs_groups' is empty and thus likely not configured. Consider configuring the 'obs_groups' dictionary explicitly
  warnings.warn(
/workspace/WBC-AGILE/.venv/lib/python3.12/site-packages/rsl_rl/utils/utils.py:251: UserWarning: The observation configuration dictionary 'obs_groups' does not contain the 'actor' key. As an observation group with the name 'policy' was found, this is assumed to be the appropriate observation. Consider adding the 'actor' key to the 'obs_groups' dictionary for clarity. This behavior will be removed in a future version.
  warnings.warn(
/workspace/WBC-AGILE/.venv/lib/python3.12/site-packages/rsl_rl/utils/utils.py:243: UserWarning: The observation configuration dictionary 'obs_groups' does not contain the 'critic' key. As an observation group with the name 'critic' was found, this is assumed to be the appropriate observation. Consider adding the 'critic' key to the 'obs_groups' dictionary for clarity. This behavior will be removed in a future version.
  warnings.warn(
--------------------------------------------------------------------------------
Resolved observation sets: 
	 actor :  ['policy']
	 critic :  ['critic']
--------------------------------------------------------------------------------
Actor Model: MLPModel(
  (obs_normalizer): Identity()
  (distribution): GaussianDistribution()
  (mlp): MLP(
    (0): Linear(in_features=470, out_features=256, bias=True)
    (1): ELU(alpha=1.0)
    (2): Linear(in_features=256, out_features=256, bias=True)
    (3): ELU(alpha=1.0)
    (4): Linear(in_features=256, out_features=128, bias=True)
    (5): ELU(alpha=1.0)
    (6): Linear(in_features=128, out_features=29, bias=True)
  )
)
Critic Model: MLPModel(
  (obs_normalizer): Identity()
  (mlp): MLP(
    (0): Linear(in_features=640, out_features=512, bias=True)
    (1): ELU(alpha=1.0)
    (2): Linear(in_features=512, out_features=256, bias=True)
    (3): ELU(alpha=1.0)
    (4): Linear(in_features=256, out_features=128, bias=True)
    (5): ELU(alpha=1.0)
    (6): Linear(in_features=128, out_features=1, bias=True)
  )
)
Storing git diff for 'WBC-AGILE' in: /workspace/bench/nexus_port/logs/2026-09-03_01-41-53_nexus/git/WBC-AGILE.diff
################################################################################
[1m                            Learning iteration 0/30                             [0m 

                               Run name: nexus
                            Total steps: 49152 
                       Steps per second: 15088 
                        Collection time: 2.962s 
                          Learning time: 0.296s 
                        Mean value loss: 4.3604
                    Mean surrogate loss: 0.0488
                      Mean entropy loss: 41.1040
                     Mean symmetry loss: 0.0047
                   Mean l2c2_actor loss: 0.0015
                  Mean l2c2_critic loss: 0.0068
                            Mean reward: -28.28
                    Mean episode length: 11.45
                        Mean action std: 1.00
                    Entropy coefficient: 0.002500
        Episode_Reward/joint_torques_l2: -0.0167
            Episode_Reward/joint_acc_l2: -0.0034
              Episode_Reward/torso_roll: -0.0119
          Curriculum/polish_ground_slam: -1.0000
           Episode_Reward/torso_upright: 0.0000
        Episode_Reward/joint_vel_limits: -0.0000
              Curriculum/terrain_levels: 0.0000
         Episode_Reward/severely_tilted: 0.0000
     Curriculum/polish_action_rate_rate: -0.1500
              Episode_Reward/torso_slam: -0.0043
      Episode_Reward/joint_deviation_l1: -0.0119
        Episode_Reward/base_height_fine: 0.0598
              Episode_Reward/relaxation: -0.1144
  Episode_Reward/feet_distance_standing: -0.0017
 Episode_Reward/joint_deviation_l1_arms: -0.0030
             Episode_Reward/action_rate: -0.9339
        Episode_Reward/illegal_contacts: -0.0153
           Episode_Reward/torque_limits: -0.0180
               Curriculum/adaptive_lift: 1.0000
           Curriculum/polish_torso_slam: -5.0000
           Episode_Reward/feet_yaw_mean: -0.0042
      Episode_Termination/invalid_state: 0.0000
              Episode_Reward/feet_slide: -0.0037
     Episode_Reward/completely_airborne: -0.3528
           Episode_Termination/time_out: 0.0196
           Episode_Reward/forward_pitch: -0.0026
         Episode_Reward/ground_unloaded: -0.0191
             Episode_Reward/ground_slam: -0.0161
            Metrics/height/height_error: 0.0000
              Episode_Reward/not_moving: -0.0201
        Episode_Reward/joint_pos_limits: -0.0000
           Episode_Reward/ankle_torques: -0.0034
           Curriculum/polish_not_moving: -1.0000
           Episode_Reward/body_velocity: -0.0350
           Episode_Reward/feet_distance: -0.0037
        Curriculum/random_fallen_states: 0.0000
         Curriculum/polish_joint_vel_l2: -0.0010
       Episode_Reward/base_height_rough: 0.0288
      Episode_Reward/base_height_medium: 0.0402
               Episode_Reward/flat_feet: -0.0348
    Episode_Reward/joint_tracking_error: -0.0465
        Episode_Reward/action_rate_rate: -0.4046
            Episode_Reward/joint_vel_l2: -0.0149
--------------------------------------------------------------------------------
                         Iteration time: 3.26s
                           Time elapsed: 0:00:03
                                    ETA: 0:01:34

################################################################################
[1m                            Learning iteration 1/30                             [0m 

                               Run name: nexus
                            Total steps: 98304 
                       Steps per second: 26983 
                        Collection time: 1.617s 
                          Learning time: 0.205s 
                        Mean value loss: 3.7050
                    Mean surrogate loss: 0.0122
                      Mean entropy loss: 41.0572
                     Mean symmetry loss: 0.0028
                   Mean l2c2_actor loss: 0.0014
                  Mean l2c2_critic loss: 0.0165
                            Mean reward: -68.82
                    Mean episode length: 30.15
                        Mean action std: 0.99
                    Entropy coefficient: 0.002500
        Episode_Reward/joint_torques_l2: -0.0502
            Episode_Reward/joint_acc_l2: -0.0096
              Episode_Reward/torso_roll: -0.0500
          Curriculum/polish_ground_slam: -1.0000
           Episode_Reward/torso_upright: 0.0000
        Episode_Reward/joint_vel_limits: -0.0000
              Curriculum/terrain_levels: 0.0000
         Episode_Reward/severely_tilted: -0.0018
     Curriculum/polish_action_rate_rate: -0.1500
              Episode_Reward/torso_slam: -0.0176
      Episode_Reward/joint_deviation_l1: -0.0215
        Episode_Reward/base_height_fine: 0.1653
              Episode_Reward/relaxation: -0.4561
  Episode_Reward/feet_distance_standing: -0.0049
 Episode_Reward/joint_deviation_l1_arms: -0.0067
             Episode_Reward/action_rate: -2.7801
        Episode_Reward/illegal_contacts: -0.0486
           Episode_Reward/torque_limits: -0.0533
               Curriculum/adaptive_lift: 1.0000
           Curriculum/polish_torso_slam: -5.0000
           Episode_Reward/feet_yaw_mean: -0.0148
      Episode_Termination/invalid_state: 0.0000
              Episode_Reward/feet_slide: -0.0151
     Episode_Reward/completely_airborne: -0.5753
           Episode_Termination/time_out: 0.0546
           Episode_Reward/forward_pitch: -0.0200
         Episode_Reward/ground_unloaded: -0.0506
             Episode_Reward/ground_slam: -0.0617
            Metrics/height/height_error: 0.0000
              Episode_Reward/not_moving: -0.0612
        Episode_Reward/joint_pos_limits: -0.0002
           Episode_Reward/ankle_torques: -0.0088
           Curriculum/polish_not_moving: -1.0000
           Episode_Reward/body_velocity: -0.1171
           Episode_Reward/feet_distance: -0.0133
        Curriculum/random_fallen_states: 0.0000
         Curriculum/polish_joint_vel_l2: -0.0010
       Episode_Reward/base_height_rough: 0.0867
      Episode_Reward/base_height_medium: 0.1135
               Episode_Reward/flat_feet: -0.1004
    Episode_Reward/joint_tracking_error: -0.1460
        Episode_Reward/action_rate_rate: -1.2346
            Episode_Reward/joint_vel_l2: -0.0437
--------------------------------------------------------------------------------
                         Iteration time: 1.82s
                           Time elapsed: 0:00:05
                                    ETA: 0:01:11

################################################################################
[1m                            Learning iteration 2/30                             [0m 

                               Run name: nexus
                            Total steps: 147456 
                       Steps per second: 26418 
                        Collection time: 1.655s 
                          Learning time: 0.205s 
                        Mean value loss: 3.5234
                    Mean surrogate loss: -0.0058
                      Mean entropy loss: 40.8715
                     Mean symmetry loss: 0.0011
                   Mean l2c2_actor loss: 0.0016
                  Mean l2c2_critic loss: 0.0387
                            Mean reward: -117.32
                    Mean episode length: 52.76
                        Mean action std: 0.99
                    Entropy coefficient: 0.002500
        Episode_Reward/joint_torques_l2: -0.0741
            Episode_Reward/joint_acc_l2: -0.0122
              Episode_Reward/torso_roll: -0.0891
          Curriculum/polish_ground_slam: -1.0000
           Episode_Reward/torso_upright: -0.0001
        Episode_Reward/joint_vel_limits: -0.0001
              Curriculum/terrain_levels: 0.0000
         Episode_Reward/severely_tilted: -0.0196
     Curriculum/polish_action_rate_rate: -0.1500
              Episode_Reward/torso_slam: -0.0307
      Episode_Reward/joint_deviation_l1: -0.0194
        Episode_Reward/base_height_fine: 0.1796
              Episode_Reward/relaxation: -0.5086
  Episode_Reward/feet_distance_standing: -0.0058
 Episode_Reward/joint_deviation_l1_arms: -0.0064
             Episode_Reward/action_rate: -4.6138
        Episode_Reward/illegal_contacts: -0.0855
           Episode_Reward/torque_limits: -0.0850
               Curriculum/adaptive_lift: 0.9985
           Curriculum/polish_torso_slam: -5.0000
           Episode_Reward/feet_yaw_mean: -0.0282
      Episode_Termination/invalid_state: 0.0000
              Episode_Reward/feet_slide: -0.0261
     Episode_Reward/completely_airborne: -0.6800
           Episode_Termination/time_out: 0.0851
           Episode_Reward/forward_pitch: -0.0700
         Episode_Reward/ground_unloaded: -0.0921
             Episode_Reward/ground_slam: -0.0987
            Metrics/height/height_error: 0.0000
              Episode_Reward/not_moving: -0.0552
        Episode_Reward/joint_pos_limits: -0.0003
           Episode_Reward/ankle_torques: -0.0149
           Curriculum/polish_not_moving: -1.0000
           Episode_Reward/body_velocity: -0.1482
           Episode_Reward/feet_distance: -0.0295
        Curriculum/random_fallen_states: 0.0000
         Curriculum/polish_joint_vel_l2: -0.0010
       Episode_Reward/base_height_rough: 0.1254
      Episode_Reward/base_height_medium: 0.1381
               Episode_Reward/flat_feet: -0.2198
    Episode_Reward/joint_tracking_error: -0.2385
        Episode_Reward/action_rate_rate: -2.0622
            Episode_Reward/joint_vel_l2: -0.0735
--------------------------------------------------------------------------------
                         Iteration time: 1.86s
                           Time elapsed: 0:00:06
                                    ETA: 0:01:02

################################################################################
[1m                            Learning iteration 3/30                             [0m 

                               Run name: nexus
                            Total steps: 196608 
                       Steps per second: 26986 
                        Collection time: 1.616s 
                          Learning time: 0.205s 
                        Mean value loss: 3.5256
                    Mean surrogate loss: -0.0074
                      Mean entropy loss: 40.7431
                     Mean symmetry loss: 0.0008
                   Mean l2c2_actor loss: 0.0018
                  Mean l2c2_critic loss: 0.0482
                            Mean reward: -174.10
                    Mean episode length: 78.99
                        Mean action std: 0.98
                    Entropy coefficient: 0.002500
        Episode_Reward/joint_torques_l2: -0.1035
            Episode_Reward/joint_acc_l2: -0.0172
              Episode_Reward/torso_roll: -0.1103
          Curriculum/polish_ground_slam: -1.0000
           Episode_Reward/torso_upright: 0.0000
        Episode_Reward/joint_vel_limits: -0.0001
              Curriculum/terrain_levels: 0.0000
         Episode_Reward/severely_tilted: -0.0056
     Curriculum/polish_action_rate_rate: -0.1500
              Episode_Reward/torso_slam: -0.0443
      Episode_Reward/joint_deviation_l1: -0.0202
        Episode_Reward/base_height_fine: 0.3636
              Episode_Reward/relaxation: -0.6515
  Episode_Reward/feet_distance_standing: -0.0045
 Episode_Reward/joint_deviation_l1_arms: -0.0069
             Episode_Reward/action_rate: -6.4169
        Episode_Reward/illegal_contacts: -0.1484
           Episode_Reward/torque_limits: -0.1188
               Curriculum/adaptive_lift: 0.9963
           Curriculum/polish_torso_slam: -5.0000
           Episode_Reward/feet_yaw_mean: -0.0371
      Episode_Termination/invalid_state: 0.0000
              Episode_Reward/feet_slide: -0.0374
     Episode_Reward/completely_airborne: -0.7369
           Episode_Termination/time_out: 0.1147
           Episode_Reward/forward_pitch: -0.0678
         Episode_Reward/ground_unloaded: -0.1333
             Episode_Reward/ground_slam: -0.1437
            Metrics/height/height_error: 0.0000
              Episode_Reward/not_moving: -0.1061
        Episode_Reward/joint_pos_limits: -0.0005
           Episode_Reward/ankle_torques: -0.0276
           Curriculum/polish_not_moving: -1.0000
           Episode_Reward/body_velocity: -0.1762
           Episode_Reward/feet_distance: -0.0360
        Curriculum/random_fallen_states: 0.0000
         Curriculum/polish_joint_vel_l2: -0.0010
       Episode_Reward/base_height_rough: 0.1963
      Episode_Reward/base_height_medium: 0.2548
               Episode_Reward/flat_feet: -0.3112
    Episode_Reward/joint_tracking_error: -0.3436
        Episode_Reward/action_rate_rate: -2.8748
            Episode_Reward/joint_vel_l2: -0.1015
--------------------------------------------------------------------------------
                         Iteration time: 1.82s
                           Time elapsed: 0:00:08
                                    ETA: 0:00:56

################################################################################
[1m                            Learning iteration 4/30                             [0m 

                               Run name: nexus
                            Total steps: 245760 
                       Steps per second: 26499 
                        Collection time: 1.650s 
                          Learning time: 0.205s 
                        Mean value loss: 3.4918
                    Mean surrogate loss: -0.0103
                      Mean entropy loss: 40.5738
                     Mean symmetry loss: 0.0007
                   Mean l2c2_actor loss: 0.0022
                  Mean l2c2_critic loss: 0.0582
                            Mean reward: -223.04
                    Mean episode length: 102.81
                        Mean action std: 0.98
                    Entropy coefficient: 0.002500
        Episode_Reward/joint_torques_l2: -0.1421
            Episode_Reward/joint_acc_l2: -0.0271
              Episode_Reward/torso_roll: -0.1443
          Curriculum/polish_ground_slam: -1.0000
           Episode_Reward/torso_upright: -0.0013
        Episode_Reward/joint_vel_limits: -0.0001
              Curriculum/terrain_levels: 0.0000
         Episode_Reward/severely_tilted: -0.0143
     Curriculum/polish_action_rate_rate: -0.1500
              Episode_Reward/torso_slam: -0.0478
      Episode_Reward/joint_deviation_l1: -0.0273
        Episode_Reward/base_height_fine: 0.3590
              Episode_Reward/relaxation: -1.1656
  Episode_Reward/feet_distance_standing: -0.0086
 Episode_Reward/joint_deviation_l1_arms: -0.0099
             Episode_Reward/action_rate: -8.1735
        Episode_Reward/illegal_contacts: -0.1625
           Episode_Reward/torque_limits: -0.1505
               Curriculum/adaptive_lift: 0.9944
           Curriculum/polish_torso_slam: -5.0000
           Episode_Reward/feet_yaw_mean: -0.0571
      Episode_Termination/invalid_state: 0.0000
              Episode_Reward/feet_slide: -0.0565
     Episode_Reward/completely_airborne: -1.0722
           Episode_Termination/time_out: 0.1493
           Episode_Reward/forward_pitch: -0.2276
         Episode_Reward/ground_unloaded: -0.1549
             Episode_Reward/ground_slam: -0.1854
            Metrics/height/height_error: 0.1755
              Episode_Reward/not_moving: -0.1037
        Episode_Reward/joint_pos_limits: -0.0005
           Episode_Reward/ankle_torques: -0.0305
           Curriculum/polish_not_moving: -1.0000
           Episode_Reward/body_velocity: -0.2180
           Episode_Reward/feet_distance: -0.0490
        Curriculum/random_fallen_states: 0.0000
         Curriculum/polish_joint_vel_l2: -0.0010
       Episode_Reward/base_height_rough: 0.2293
      Episode_Reward/base_height_medium: 0.2648
               Episode_Reward/flat_feet: -0.4176
    Episode_Reward/joint_tracking_error: -0.4390
        Episode_Reward/action_rate_rate: -3.6577
            Episode_Reward/joint_vel_l2: -0.1286
--------------------------------------------------------------------------------
                         Iteration time: 1.85s
                           Time elapsed: 0:00:10
                                    ETA: 0:00:53

################################################################################
[1m                            Learning iteration 5/30                             [0m 

                               Run name: nexus
                            Total steps: 294912 
                       Steps per second: 26516 
                        Collection time: 1.649s 
                          Learning time: 0.205s 
                        Mean value loss: 3.3202
                    Mean surrogate loss: -0.0085
                      Mean entropy loss: 40.4335
                     Mean symmetry loss: 0.0006
                   Mean l2c2_actor loss: 0.0024
                  Mean l2c2_critic loss: 0.0551
                            Mean reward: -273.31
                    Mean episode length: 125.79
                        Mean action std: 0.97
                    Entropy coefficient: 0.002500
        Episode_Reward/joint_torques_l2: -0.1587
            Episode_Reward/joint_acc_l2: -0.0267
              Episode_Reward/torso_roll: -0.1623
          Curriculum/polish_ground_slam: -1.0000
           Episode_Reward/torso_upright: 0.0000
        Episode_Reward/joint_vel_limits: -0.0002
              Curriculum/terrain_levels: 0.0000
         Episode_Reward/severely_tilted: -0.0255
     Curriculum/polish_action_rate_rate: -0.1500
              Episode_Reward/torso_slam: -0.0699
      Episode_Reward/joint_deviation_l1: -0.0185
        Episode_Reward/base_height_fine: 0.2691
              Episode_Reward/relaxation: -1.0644
  Episode_Reward/feet_distance_standing: -0.0044
 Episode_Reward/joint_deviation_l1_arms: -0.0061
             Episode_Reward/action_rate: -9.9891
        Episode_Reward/illegal_contacts: -0.2110
           Episode_Reward/torque_limits: -0.1829
               Curriculum/adaptive_lift: 0.9939
           Curriculum/polish_torso_slam: -5.0000
           Episode_Reward/feet_yaw_mean: -0.0583
      Episode_Termination/invalid_state: 0.0000
              Episode_Reward/feet_slide: -0.0741
     Episode_Reward/completely_airborne: -0.9923
           Episode_Termination/time_out: 0.1792
           Episode_Reward/forward_pitch: -0.2778
         Episode_Reward/ground_unloaded: -0.2031
             Episode_Reward/ground_slam: -0.2522
            Metrics/height/height_error: 0.3586
              Episode_Reward/not_moving: -0.0876
        Episode_Reward/joint_pos_limits: -0.0006
           Episode_Reward/ankle_torques: -0.0381
           Curriculum/polish_not_moving: -1.0000
           Episode_Reward/body_velocity: -0.2037
           Episode_Reward/feet_distance: -0.0600
        Curriculum/random_fallen_states: 0.0000
         Curriculum/polish_joint_vel_l2: -0.0010
       Episode_Reward/base_height_rough: 0.2266
      Episode_Reward/base_height_medium: 0.2144
               Episode_Reward/flat_feet: -0.5732
    Episode_Reward/joint_tracking_error: -0.5241
        Episode_Reward/action_rate_rate: -4.4701
            Episode_Reward/joint_vel_l2: -0.1613
--------------------------------------------------------------------------------
                         Iteration time: 1.85s
                           Time elapsed: 0:00:12
                                    ETA: 0:00:49

################################################################################
[1m                            Learning iteration 6/30                             [0m 

                               Run name: nexus
                            Total steps: 344064 
                       Steps per second: 26465 
                        Collection time: 1.653s 
                          Learning time: 0.204s 
                        Mean value loss: 3.1341
                    Mean surrogate loss: -0.0115
                      Mean entropy loss: 40.2548
                     Mean symmetry loss: 0.0006
                   Mean l2c2_actor loss: 0.0028
                  Mean l2c2_critic loss: 0.0527
                            Mean reward: -324.60
                    Mean episode length: 151.68
                        Mean action std: 0.97
                    Entropy coefficient: 0.002500
        Episode_Reward/joint_torques_l2: -0.1820
            Episode_Reward/joint_acc_l2: -0.0295
              Episode_Reward/torso_roll: -0.1898
          Curriculum/polish_ground_slam: -1.0000
           Episode_Reward/torso_upright: -0.0000
        Episode_Reward/joint_vel_limits: -0.0002
              Curriculum/terrain_levels: 0.0000
         Episode_Reward/severely_tilted: -0.0055
     Curriculum/polish_action_rate_rate: -0.1500
              Episode_Reward/torso_slam: -0.0687
      Episode_Reward/joint_deviation_l1: -0.0200
        Episode_Reward/base_height_fine: 0.3838
              Episode_Reward/relaxation: -1.5867
  Episode_Reward/feet_distance_standing: -0.0082
 Episode_Reward/joint_deviation_l1_arms: -0.0063
             Episode_Reward/action_rate: -11.7216
        Episode_Reward/illegal_contacts: -0.3106
           Episode_Reward/torque_limits: -0.2098
               Curriculum/adaptive_lift: 0.9939
           Curriculum/polish_torso_slam: -5.0000
           Episode_Reward/feet_yaw_mean: -0.0746
      Episode_Termination/invalid_state: 0.0000
              Episode_Reward/feet_slide: -0.0805
     Episode_Reward/completely_airborne: -0.9018
           Episode_Termination/time_out: 0.2126
           Episode_Reward/forward_pitch: -0.1132
         Episode_Reward/ground_unloaded: -0.2107
             Episode_Reward/ground_slam: -0.2905
            Metrics/height/height_error: 0.2666
              Episode_Reward/not_moving: -0.1036
        Episode_Reward/joint_pos_limits: -0.0007
           Episode_Reward/ankle_torques: -0.0394
           Curriculum/polish_not_moving: -1.0000
           Episode_Reward/body_velocity: -0.2116
           Episode_Reward/feet_distance: -0.0749
        Curriculum/random_fallen_states: 0.0000
         Curriculum/polish_joint_vel_l2: -0.0010
       Episode_Reward/base_height_rough: 0.2961
      Episode_Reward/base_height_medium: 0.3025
               Episode_Reward/flat_feet: -0.6733
    Episode_Reward/joint_tracking_error: -0.6301
        Episode_Reward/action_rate_rate: -5.2438
            Episode_Reward/joint_vel_l2: -0.1886
--------------------------------------------------------------------------------
                         Iteration time: 1.86s
                           Time elapsed: 0:00:14
                                    ETA: 0:00:47

################################################################################
[1m                            Learning iteration 7/30                             [0m 

                               Run name: nexus
                            Total steps: 393216 
                       Steps per second: 26754 
                        Collection time: 1.633s 
                          Learning time: 0.204s 
                        Mean value loss: 3.1404
                    Mean surrogate loss: -0.0094
                      Mean entropy loss: 40.1237
                     Mean symmetry loss: 0.0005
                   Mean l2c2_actor loss: 0.0029
                  Mean l2c2_critic loss: 0.0478
                            Mean reward: -369.09
                    Mean episode length: 174.23
                        Mean action std: 0.96
                    Entropy coefficient: 0.002500
        Episode_Reward/joint_torques_l2: -0.2097
            Episode_Reward/joint_acc_l2: -0.0329
              Episode_Reward/torso_roll: -0.2123
          Curriculum/polish_ground_slam: -1.0000
           Episode_Reward/torso_upright: -0.0009
        Episode_Reward/joint_vel_limits: -0.0002
              Curriculum/terrain_levels: 0.0000
         Episode_Reward/severely_tilted: -0.0070
     Curriculum/polish_action_rate_rate: -0.1500
              Episode_Reward/torso_slam: -0.1037
      Episode_Reward/joint_deviation_l1: -0.0282
        Episode_Reward/base_height_fine: 0.4480
              Episode_Reward/relaxation: -0.9970
  Episode_Reward/feet_distance_standing: -0.0041
 Episode_Reward/joint_deviation_l1_arms: -0.0088
             Episode_Reward/action_rate: -13.5268
        Episode_Reward/illegal_contacts: -0.2614
           Episode_Reward/torque_limits: -0.2419
               Curriculum/adaptive_lift: 0.9939
           Curriculum/polish_torso_slam: -5.0000
           Episode_Reward/feet_yaw_mean: -0.0913
      Episode_Termination/invalid_state: 0.0000
              Episode_Reward/feet_slide: -0.1020
     Episode_Reward/completely_airborne: -1.3722
           Episode_Termination/time_out: 0.2442
           Episode_Reward/forward_pitch: -0.6266
         Episode_Reward/ground_unloaded: -0.3144
             Episode_Reward/ground_slam: -0.3252
            Metrics/height/height_error: 0.4491
              Episode_Reward/not_moving: -0.1418
        Episode_Reward/joint_pos_limits: -0.0008
           Episode_Reward/ankle_torques: -0.0460
           Curriculum/polish_not_moving: -1.0000
           Episode_Reward/body_velocity: -0.2694
           Episode_Reward/feet_distance: -0.0790
        Curriculum/random_fallen_states: 0.0000
         Curriculum/polish_joint_vel_l2: -0.0010
       Episode_Reward/base_height_rough: 0.3201
      Episode_Reward/base_height_medium: 0.3402
               Episode_Reward/flat_feet: -0.7901
    Episode_Reward/joint_tracking_error: -0.7145
        Episode_Reward/action_rate_rate: -6.0575
            Episode_Reward/joint_vel_l2: -0.2107
--------------------------------------------------------------------------------
                         Iteration time: 1.84s
                           Time elapsed: 0:00:16
                                    ETA: 0:00:44

################################################################################
[1m                            Learning iteration 8/30                             [0m 

                               Run name: nexus
                            Total steps: 442368 
                       Steps per second: 26660 
                        Collection time: 1.639s 
                          Learning time: 0.205s 
                        Mean value loss: 3.0246
                    Mean surrogate loss: -0.0119
                      Mean entropy loss: 39.9368
                     Mean symmetry loss: 0.0006
                   Mean l2c2_actor loss: 0.0032
                  Mean l2c2_critic loss: 0.0498
                            Mean reward: -412.45
                    Mean episode length: 197.42
                        Mean action std: 0.96
                    Entropy coefficient: 0.002500
        Episode_Reward/joint_torques_l2: -0.2635
            Episode_Reward/joint_acc_l2: -0.0440
              Episode_Reward/torso_roll: -0.2913
          Curriculum/polish_ground_slam: -1.0000
           Episode_Reward/torso_upright: 0.0000
        Episode_Reward/joint_vel_limits: -0.0002
              Curriculum/terrain_levels: 0.0000
         Episode_Reward/severely_tilted: -0.0031
     Curriculum/polish_action_rate_rate: -0.1500
              Episode_Reward/torso_slam: -0.0947
      Episode_Reward/joint_deviation_l1: -0.0176
        Episode_Reward/base_height_fine: 0.7024
              Episode_Reward/relaxation: -1.5396
  Episode_Reward/feet_distance_standing: -0.0065
 Episode_Reward/joint_deviation_l1_arms: -0.0052
             Episode_Reward/action_rate: -15.1467
        Episode_Reward/illegal_contacts: -0.3454
           Episode_Reward/torque_limits: -0.2791
               Curriculum/adaptive_lift: 0.9939
           Curriculum/polish_torso_slam: -5.0000
           Episode_Reward/feet_yaw_mean: -0.1146
      Episode_Termination/invalid_state: 0.0000
              Episode_Reward/feet_slide: -0.1045
     Episode_Reward/completely_airborne: -1.1717
           Episode_Termination/time_out: 0.2755
           Episode_Reward/forward_pitch: -0.4766
         Episode_Reward/ground_unloaded: -0.3327
             Episode_Reward/ground_slam: -0.3397
            Metrics/height/height_error: 0.3290
              Episode_Reward/not_moving: -0.1662
        Episode_Reward/joint_pos_limits: -0.0013
           Episode_Reward/ankle_torques: -0.0545
           Curriculum/polish_not_moving: -1.0000
           Episode_Reward/body_velocity: -0.2680
           Episode_Reward/feet_distance: -0.1027
        Curriculum/random_fallen_states: 0.0000
         Curriculum/polish_joint_vel_l2: -0.0010
       Episode_Reward/base_height_rough: 0.4991
      Episode_Reward/base_height_medium: 0.5769
               Episode_Reward/flat_feet: -0.8551
    Episode_Reward/joint_tracking_error: -0.8135
        Episode_Reward/action_rate_rate: -6.7806
            Episode_Reward/joint_vel_l2: -0.2306
--------------------------------------------------------------------------------
                         Iteration time: 1.84s
                           Time elapsed: 0:00:18
                                    ETA: 0:00:42

################################################################################
[1m                            Learning iteration 9/30                             [0m 

                               Run name: nexus
                            Total steps: 491520 
                       Steps per second: 26659 
                        Collection time: 1.639s 
                          Learning time: 0.205s 
                        Mean value loss: 2.8417
                    Mean surrogate loss: -0.0101
                      Mean entropy loss: 39.7907
                     Mean symmetry loss: 0.0005
                   Mean l2c2_actor loss: 0.0034
                  Mean l2c2_critic loss: 0.0451
                            Mean reward: -467.60
                    Mean episode length: 220.37
                        Mean action std: 0.95
                    Entropy coefficient: 0.002500
        Episode_Reward/joint_torques_l2: -0.2553
            Episode_Reward/joint_acc_l2: -0.0386
              Episode_Reward/torso_roll: -0.2870
          Curriculum/polish_ground_slam: -1.0000
           Episode_Reward/torso_upright: 0.0000
        Episode_Reward/joint_vel_limits: -0.0003
              Curriculum/terrain_levels: 0.0000
         Episode_Reward/severely_tilted: -0.0263
     Curriculum/polish_action_rate_rate: -0.1500
              Episode_Reward/torso_slam: -0.1241
      Episode_Reward/joint_deviation_l1: -0.0250
        Episode_Reward/base_height_fine: 0.4253
              Episode_Reward/relaxation: -1.7729
  Episode_Reward/feet_distance_standing: -0.0067
 Episode_Reward/joint_deviation_l1_arms: -0.0088
             Episode_Reward/action_rate: -16.7710
        Episode_Reward/illegal_contacts: -0.3351
           Episode_Reward/torque_limits: -0.2921
               Curriculum/adaptive_lift: 0.9939
           Curriculum/polish_torso_slam: -5.0000
           Episode_Reward/feet_yaw_mean: -0.1056
      Episode_Termination/invalid_state: 0.0000
              Episode_Reward/feet_slide: -0.1322
     Episode_Reward/completely_airborne: -1.8622
           Episode_Termination/time_out: 0.3050
           Episode_Reward/forward_pitch: -0.8360
         Episode_Reward/ground_unloaded: -0.3469
             Episode_Reward/ground_slam: -0.4068
            Metrics/height/height_error: 0.4043
              Episode_Reward/not_moving: -0.1314
        Episode_Reward/joint_pos_limits: -0.0010
           Episode_Reward/ankle_torques: -0.0585
           Curriculum/polish_not_moving: -1.0000
           Episode_Reward/body_velocity: -0.3269
           Episode_Reward/feet_distance: -0.1013
        Curriculum/random_fallen_states: 0.0000
         Curriculum/polish_joint_vel_l2: -0.0010
       Episode_Reward/base_height_rough: 0.3883
      Episode_Reward/base_height_medium: 0.3537
               Episode_Reward/flat_feet: -0.9773
    Episode_Reward/joint_tracking_error: -0.8849
        Episode_Reward/action_rate_rate: -7.5080
            Episode_Reward/joint_vel_l2: -0.2735
--------------------------------------------------------------------------------
                         Iteration time: 1.84s
                           Time elapsed: 0:00:19
                                    ETA: 0:00:39

################################################################################
[1m                            Learning iteration 10/30                            [0m 

                               Run name: nexus
                            Total steps: 540672 
                       Steps per second: 26652 
                        Collection time: 1.640s 
                          Learning time: 0.204s 
                        Mean value loss: 2.6116
                    Mean surrogate loss: -0.0112
                      Mean entropy loss: 39.5921
                     Mean symmetry loss: 0.0005
                   Mean l2c2_actor loss: 0.0035
                  Mean l2c2_critic loss: 0.0452
                            Mean reward: -522.18
                    Mean episode length: 248.55
                        Mean action std: 0.94
                    Entropy coefficient: 0.002500
        Episode_Reward/joint_torques_l2: -0.3121
            Episode_Reward/joint_acc_l2: -0.0566
              Episode_Reward/torso_roll: -0.3107
          Curriculum/polish_ground_slam: -1.0000
           Episode_Reward/torso_upright: -0.0003
        Episode_Reward/joint_vel_limits: -0.0003
              Curriculum/terrain_levels: 0.0000
         Episode_Reward/severely_tilted: -0.0097
     Curriculum/polish_action_rate_rate: -0.1500
              Episode_Reward/torso_slam: -0.1412
      Episode_Reward/joint_deviation_l1: -0.0309
        Episode_Reward/base_height_fine: 0.6235
              Episode_Reward/relaxation: -2.0443
  Episode_Reward/feet_distance_standing: -0.0068
 Episode_Reward/joint_deviation_l1_arms: -0.0106
             Episode_Reward/action_rate: -18.4134
        Episode_Reward/illegal_contacts: -0.3797
           Episode_Reward/torque_limits: -0.3330
               Curriculum/adaptive_lift: 0.9939
           Curriculum/polish_torso_slam: -5.0000
           Episode_Reward/feet_yaw_mean: -0.1257
      Episode_Termination/invalid_state: 0.0000
              Episode_Reward/feet_slide: -0.1377
     Episode_Reward/completely_airborne: -1.6373
           Episode_Termination/time_out: 0.3388
           Episode_Reward/forward_pitch: -0.7676
         Episode_Reward/ground_unloaded: -0.4065
             Episode_Reward/ground_slam: -0.4305
            Metrics/height/height_error: 0.4561
              Episode_Reward/not_moving: -0.1809
        Episode_Reward/joint_pos_limits: -0.0013
           Episode_Reward/ankle_torques: -0.0829
           Curriculum/polish_not_moving: -1.0000
           Episode_Reward/body_velocity: -0.3418
           Episode_Reward/feet_distance: -0.1049
        Curriculum/random_fallen_states: 0.0000
         Curriculum/polish_joint_vel_l2: -0.0010
       Episode_Reward/base_height_rough: 0.4709
      Episode_Reward/base_height_medium: 0.4898
               Episode_Reward/flat_feet: -1.1194
    Episode_Reward/joint_tracking_error: -0.9768
        Episode_Reward/action_rate_rate: -8.2285
            Episode_Reward/joint_vel_l2: -0.2777
--------------------------------------------------------------------------------
                         Iteration time: 1.84s
                           Time elapsed: 0:00:21
                                    ETA: 0:00:37

################################################################################
[1m                            Learning iteration 11/30                            [0m 

                               Run name: nexus
                            Total steps: 589824 
                       Steps per second: 26553 
                        Collection time: 1.646s 
                          Learning time: 0.205s 
                        Mean value loss: 2.5553
                    Mean surrogate loss: -0.0101
                      Mean entropy loss: 39.4186
                     Mean symmetry loss: 0.0005
                   Mean l2c2_actor loss: 0.0036
                  Mean l2c2_critic loss: 0.0450
                            Mean reward: -555.20
                    Mean episode length: 267.61
                        Mean action std: 0.94
                    Entropy coefficient: 0.002500
        Episode_Reward/joint_torques_l2: -0.3259
            Episode_Reward/joint_acc_l2: -0.0536
              Episode_Reward/torso_roll: -0.3687
          Curriculum/polish_ground_slam: -1.0000
           Episode_Reward/torso_upright: 0.0000
        Episode_Reward/joint_vel_limits: -0.0003
              Curriculum/terrain_levels: 0.0000
         Episode_Reward/severely_tilted: -0.0295
     Curriculum/polish_action_rate_rate: -0.1500
              Episode_Reward/torso_slam: -0.1526
      Episode_Reward/joint_deviation_l1: -0.0270
        Episode_Reward/base_height_fine: 0.9328
              Episode_Reward/relaxation: -2.7128
  Episode_Reward/feet_distance_standing: -0.0091
 Episode_Reward/joint_deviation_l1_arms: -0.0101
             Episode_Reward/action_rate: -20.0308
        Episode_Reward/illegal_contacts: -0.4238
           Episode_Reward/torque_limits: -0.3540
               Curriculum/adaptive_lift: 0.9939
           Curriculum/polish_torso_slam: -5.0000
           Episode_Reward/feet_yaw_mean: -0.1272
      Episode_Termination/invalid_state: 0.0000
              Episode_Reward/feet_slide: -0.1474
     Episode_Reward/completely_airborne: -1.8650
           Episode_Termination/time_out: 0.3717
           Episode_Reward/forward_pitch: -0.8618
         Episode_Reward/ground_unloaded: -0.3851
             Episode_Reward/ground_slam: -0.4593
            Metrics/height/height_error: 0.4107
              Episode_Reward/not_moving: -0.2920
        Episode_Reward/joint_pos_limits: -0.0014
           Episode_Reward/ankle_torques: -0.0658
           Curriculum/polish_not_moving: -1.0000
           Episode_Reward/body_velocity: -0.3709
           Episode_Reward/feet_distance: -0.1119
        Curriculum/random_fallen_states: 0.0000
         Curriculum/polish_joint_vel_l2: -0.0010
       Episode_Reward/base_height_rough: 0.5487
      Episode_Reward/base_height_medium: 0.6547
               Episode_Reward/flat_feet: -1.2138
    Episode_Reward/joint_tracking_error: -1.0659
        Episode_Reward/action_rate_rate: -8.9458
            Episode_Reward/joint_vel_l2: -0.3173
--------------------------------------------------------------------------------
                         Iteration time: 1.85s
                           Time elapsed: 0:00:23
                                    ETA: 0:00:35

################################################################################
[1m                            Learning iteration 12/30                            [0m 

                               Run name: nexus
                            Total steps: 638976 
                       Steps per second: 26703 
                        Collection time: 1.636s 
                          Learning time: 0.204s 
                        Mean value loss: 2.4829
                    Mean surrogate loss: -0.0125
                      Mean entropy loss: 39.2171
                     Mean symmetry loss: 0.0005
                   Mean l2c2_actor loss: 0.0039
                  Mean l2c2_critic loss: 0.0443
                            Mean reward: -602.76
                    Mean episode length: 290.66
                        Mean action std: 0.93
                    Entropy coefficient: 0.002500
        Episode_Reward/joint_torques_l2: -0.3456
            Episode_Reward/joint_acc_l2: -0.0584
              Episode_Reward/torso_roll: -0.3178
          Curriculum/polish_ground_slam: -1.0000
           Episode_Reward/torso_upright: -0.0006
        Episode_Reward/joint_vel_limits: -0.0003
              Curriculum/terrain_levels: 0.0000
         Episode_Reward/severely_tilted: -0.0017
     Curriculum/polish_action_rate_rate: -0.1500
              Episode_Reward/torso_slam: -0.1578
      Episode_Reward/joint_deviation_l1: -0.0365
        Episode_Reward/base_height_fine: 0.8261
              Episode_Reward/relaxation: -2.0609
  Episode_Reward/feet_distance_standing: -0.0099
 Episode_Reward/joint_deviation_l1_arms: -0.0124
             Episode_Reward/action_rate: -21.7151
        Episode_Reward/illegal_contacts: -0.5645
           Episode_Reward/torque_limits: -0.3850
               Curriculum/adaptive_lift: 0.9939
           Curriculum/polish_torso_slam: -5.0000
           Episode_Reward/feet_yaw_mean: -0.1407
      Episode_Termination/invalid_state: 0.0000
              Episode_Reward/feet_slide: -0.1646
     Episode_Reward/completely_airborne: -1.8377
           Episode_Termination/time_out: 0.3998
           Episode_Reward/forward_pitch: -0.5036
         Episode_Reward/ground_unloaded: -0.4807
             Episode_Reward/ground_slam: -0.5509
            Metrics/height/height_error: 0.4244
              Episode_Reward/not_moving: -0.2701
        Episode_Reward/joint_pos_limits: -0.0012
           Episode_Reward/ankle_torques: -0.0899
           Curriculum/polish_not_moving: -1.0000
           Episode_Reward/body_velocity: -0.3461
           Episode_Reward/feet_distance: -0.1155
        Curriculum/random_fallen_states: 0.0000
         Curriculum/polish_joint_vel_l2: -0.0010
       Episode_Reward/base_height_rough: 0.5424
      Episode_Reward/base_height_medium: 0.5807
               Episode_Reward/flat_feet: -1.4116
    Episode_Reward/joint_tracking_error: -1.1390
        Episode_Reward/action_rate_rate: -9.7141
            Episode_Reward/joint_vel_l2: -0.3522
--------------------------------------------------------------------------------
                         Iteration time: 1.84s
                           Time elapsed: 0:00:25
                                    ETA: 0:00:33

################################################################################
[1m                            Learning iteration 13/30                            [0m 

                               Run name: nexus
                            Total steps: 688128 
                       Steps per second: 26736 
                        Collection time: 1.633s 
                          Learning time: 0.205s 
                        Mean value loss: 2.4854
                    Mean surrogate loss: -0.0094
                      Mean entropy loss: 39.0887
                     Mean symmetry loss: 0.0004
                   Mean l2c2_actor loss: 0.0039
                  Mean l2c2_critic loss: 0.0402
                            Mean reward: -649.07
                    Mean episode length: 315.48
                        Mean action std: 0.93
                    Entropy coefficient: 0.002500
        Episode_Reward/joint_torques_l2: -0.4214
            Episode_Reward/joint_acc_l2: -0.0789
              Episode_Reward/torso_roll: -0.4616
          Curriculum/polish_ground_slam: -1.0000
           Episode_Reward/torso_upright: 0.0000
        Episode_Reward/joint_vel_limits: -0.0003
              Curriculum/terrain_levels: 0.0000
         Episode_Reward/severely_tilted: -0.0049
     Curriculum/polish_action_rate_rate: -0.1500
              Episode_Reward/torso_slam: -0.1728
      Episode_Reward/joint_deviation_l1: -0.0176
        Episode_Reward/base_height_fine: 0.9427
              Episode_Reward/relaxation: -4.0684
  Episode_Reward/feet_distance_standing: -0.0048
 Episode_Reward/joint_deviation_l1_arms: -0.0053
             Episode_Reward/action_rate: -23.2774
        Episode_Reward/illegal_contacts: -0.5076
           Episode_Reward/torque_limits: -0.4221
               Curriculum/adaptive_lift: 0.9939
           Curriculum/polish_torso_slam: -5.0000
           Episode_Reward/feet_yaw_mean: -0.1594
      Episode_Termination/invalid_state: 0.0000
              Episode_Reward/feet_slide: -0.1639
     Episode_Reward/completely_airborne: -1.7513
           Episode_Termination/time_out: 0.4265
           Episode_Reward/forward_pitch: -0.8479
         Episode_Reward/ground_unloaded: -0.4302
             Episode_Reward/ground_slam: -0.5468
            Metrics/height/height_error: 0.3287
              Episode_Reward/not_moving: -0.1689
        Episode_Reward/joint_pos_limits: -0.0017
           Episode_Reward/ankle_torques: -0.0942
           Curriculum/polish_not_moving: -1.0000
           Episode_Reward/body_velocity: -0.3815
           Episode_Reward/feet_distance: -0.1521
        Curriculum/random_fallen_states: 0.0000
         Curriculum/polish_joint_vel_l2: -0.0010
       Episode_Reward/base_height_rough: 0.6857
      Episode_Reward/base_height_medium: 0.7580
               Episode_Reward/flat_feet: -1.3991
    Episode_Reward/joint_tracking_error: -1.2724
        Episode_Reward/action_rate_rate: -10.4074
            Episode_Reward/joint_vel_l2: -0.3544
--------------------------------------------------------------------------------
                         Iteration time: 1.84s
                           Time elapsed: 0:00:27
                                    ETA: 0:00:31

################################################################################
[1m                            Learning iteration 14/30                            [0m 

                               Run name: nexus
                            Total steps: 737280 
                       Steps per second: 26470 
                        Collection time: 1.652s 
                          Learning time: 0.205s 
                        Mean value loss: 2.3967
                    Mean surrogate loss: -0.0114
                      Mean entropy loss: 38.8940
                     Mean symmetry loss: 0.0005
                   Mean l2c2_actor loss: 0.0042
                  Mean l2c2_critic loss: 0.0389
                            Mean reward: -710.02
                    Mean episode length: 342.19
                        Mean action std: 0.92
                    Entropy coefficient: 0.002500
        Episode_Reward/joint_torques_l2: -0.3959
            Episode_Reward/joint_acc_l2: -0.0606
              Episode_Reward/torso_roll: -0.5023
          Curriculum/polish_ground_slam: -1.0000
           Episode_Reward/torso_upright: 0.0000
        Episode_Reward/joint_vel_limits: -0.0003
              Curriculum/terrain_levels: 0.0000
         Episode_Reward/severely_tilted: -0.0583
     Curriculum/polish_action_rate_rate: -0.1500
              Episode_Reward/torso_slam: -0.1873
      Episode_Reward/joint_deviation_l1: -0.0257
        Episode_Reward/base_height_fine: 0.5832
              Episode_Reward/relaxation: -3.8548
  Episode_Reward/feet_distance_standing: -0.0061
 Episode_Reward/joint_deviation_l1_arms: -0.0077
             Episode_Reward/action_rate: -24.7889
        Episode_Reward/illegal_contacts: -0.5405
           Episode_Reward/torque_limits: -0.4485
               Curriculum/adaptive_lift: 0.9939
           Curriculum/polish_torso_slam: -5.0000
           Episode_Reward/feet_yaw_mean: -0.1735
      Episode_Termination/invalid_state: 0.0000
              Episode_Reward/feet_slide: -0.1849
     Episode_Reward/completely_airborne: -1.7713
           Episode_Termination/time_out: 0.4583
           Episode_Reward/forward_pitch: -1.0032
         Episode_Reward/ground_unloaded: -0.4288
             Episode_Reward/ground_slam: -0.5854
            Metrics/height/height_error: 0.4198
              Episode_Reward/not_moving: -0.1014
        Episode_Reward/joint_pos_limits: -0.0014
           Episode_Reward/ankle_torques: -0.1186
           Curriculum/polish_not_moving: -1.0000
           Episode_Reward/body_velocity: -0.3923
           Episode_Reward/feet_distance: -0.1649
        Curriculum/random_fallen_states: 0.0000
         Curriculum/polish_joint_vel_l2: -0.0010
       Episode_Reward/base_height_rough: 0.5940
      Episode_Reward/base_height_medium: 0.5293
               Episode_Reward/flat_feet: -1.5007
    Episode_Reward/joint_tracking_error: -1.3255
        Episode_Reward/action_rate_rate: -11.0739
            Episode_Reward/joint_vel_l2: -0.3875
--------------------------------------------------------------------------------
                         Iteration time: 1.86s
                           Time elapsed: 0:00:29
                                    ETA: 0:00:29

################################################################################
[1m                            Learning iteration 15/30                            [0m 

                               Run name: nexus
                            Total steps: 786432 
                       Steps per second: 26445 
                        Collection time: 1.654s 
                          Learning time: 0.205s 
                        Mean value loss: 2.2124
                    Mean surrogate loss: -0.0096
                      Mean entropy loss: 38.7464
                     Mean symmetry loss: 0.0004
                   Mean l2c2_actor loss: 0.0043
                  Mean l2c2_critic loss: 0.0346
                            Mean reward: -737.45
                    Mean episode length: 367.28
                        Mean action std: 0.92
                    Entropy coefficient: 0.002500
        Episode_Reward/joint_torques_l2: -0.4539
            Episode_Reward/joint_acc_l2: -0.0819
              Episode_Reward/torso_roll: -0.4905
          Curriculum/polish_ground_slam: -1.0000
           Episode_Reward/torso_upright: -0.0000
        Episode_Reward/joint_vel_limits: -0.0003
              Curriculum/terrain_levels: 0.0000
         Episode_Reward/severely_tilted: -0.0146
     Curriculum/polish_action_rate_rate: -0.1500
              Episode_Reward/torso_slam: -0.2001
      Episode_Reward/joint_deviation_l1: -0.0231
        Episode_Reward/base_height_fine: 1.2783
              Episode_Reward/relaxation: -3.2422
  Episode_Reward/feet_distance_standing: -0.0081
 Episode_Reward/joint_deviation_l1_arms: -0.0071
             Episode_Reward/action_rate: -26.3258
        Episode_Reward/illegal_contacts: -0.6493
           Episode_Reward/torque_limits: -0.4704
               Curriculum/adaptive_lift: 0.9939
           Curriculum/polish_torso_slam: -5.0000
           Episode_Reward/feet_yaw_mean: -0.1691
      Episode_Termination/invalid_state: 0.0000
              Episode_Reward/feet_slide: -0.2052
     Episode_Reward/completely_airborne: -1.7777
           Episode_Termination/time_out: 0.4901
           Episode_Reward/forward_pitch: -0.8927
         Episode_Reward/ground_unloaded: -0.5575
             Episode_Reward/ground_slam: -0.6567
            Metrics/height/height_error: 0.4411
              Episode_Reward/not_moving: -0.3912
        Episode_Reward/joint_pos_limits: -0.0016
           Episode_Reward/ankle_torques: -0.1033
           Curriculum/polish_not_moving: -1.0000
           Episode_Reward/body_velocity: -0.4021
           Episode_Reward/feet_distance: -0.1615
        Curriculum/random_fallen_states: 0.0000
         Curriculum/polish_joint_vel_l2: -0.0010
       Episode_Reward/base_height_rough: 0.7889
      Episode_Reward/base_height_medium: 0.9181
               Episode_Reward/flat_feet: -1.7152
    Episode_Reward/joint_tracking_error: -1.4086
        Episode_Reward/action_rate_rate: -11.7580
            Episode_Reward/joint_vel_l2: -0.4051
--------------------------------------------------------------------------------
                         Iteration time: 1.86s
                           Time elapsed: 0:00:30
                                    ETA: 0:00:27

################################################################################
[1m                            Learning iteration 16/30                            [0m 

                               Run name: nexus
                            Total steps: 835584 
                       Steps per second: 26413 
                        Collection time: 1.656s 
                          Learning time: 0.205s 
                        Mean value loss: 2.1214
                    Mean surrogate loss: -0.0119
                      Mean entropy loss: 38.5571
                     Mean symmetry loss: 0.0004
                   Mean l2c2_actor loss: 0.0044
                  Mean l2c2_critic loss: 0.0306
                            Mean reward: -793.25
                    Mean episode length: 390.62
                        Mean action std: 0.91
                    Entropy coefficient: 0.002500
        Episode_Reward/joint_torques_l2: -0.4449
            Episode_Reward/joint_acc_l2: -0.0662
              Episode_Reward/torso_roll: -0.4683
          Curriculum/polish_ground_slam: -1.0000
           Episode_Reward/torso_upright: 0.0000
        Episode_Reward/joint_vel_limits: -0.0004
              Curriculum/terrain_levels: 0.0000
         Episode_Reward/severely_tilted: -0.0277
     Curriculum/polish_action_rate_rate: -0.1500
              Episode_Reward/torso_slam: -0.2248
      Episode_Reward/joint_deviation_l1: -0.0179
        Episode_Reward/base_height_fine: 0.9025
              Episode_Reward/relaxation: -3.8735
  Episode_Reward/feet_distance_standing: -0.0049
 Episode_Reward/joint_deviation_l1_arms: -0.0058
             Episode_Reward/action_rate: -27.8455
        Episode_Reward/illegal_contacts: -0.5611
           Episode_Reward/torque_limits: -0.4786
               Curriculum/adaptive_lift: 0.9939
           Curriculum/polish_torso_slam: -5.0000
           Episode_Reward/feet_yaw_mean: -0.1841
      Episode_Termination/invalid_state: 0.0000
              Episode_Reward/feet_slide: -0.2036
     Episode_Reward/completely_airborne: -2.0712
           Episode_Termination/time_out: 0.5235
           Episode_Reward/forward_pitch: -1.4842
         Episode_Reward/ground_unloaded: -0.5189
             Episode_Reward/ground_slam: -0.6390
            Metrics/height/height_error: 0.4137
              Episode_Reward/not_moving: -0.2221
        Episode_Reward/joint_pos_limits: -0.0022
           Episode_Reward/ankle_torques: -0.1075
           Curriculum/polish_not_moving: -1.0000
           Episode_Reward/body_velocity: -0.4051
           Episode_Reward/feet_distance: -0.1632
        Curriculum/random_fallen_states: 0.0000
         Curriculum/polish_joint_vel_l2: -0.0010
       Episode_Reward/base_height_rough: 0.7260
      Episode_Reward/base_height_medium: 0.7085
               Episode_Reward/flat_feet: -1.7483
    Episode_Reward/joint_tracking_error: -1.4468
        Episode_Reward/action_rate_rate: -12.4360
            Episode_Reward/joint_vel_l2: -0.4314
--------------------------------------------------------------------------------
                         Iteration time: 1.86s
                           Time elapsed: 0:00:32
                                    ETA: 0:00:25

################################################################################
[1m                            Learning iteration 17/30                            [0m 

                               Run name: nexus
                            Total steps: 884736 
                       Steps per second: 26634 
                        Collection time: 1.641s 
                          Learning time: 0.205s 
                        Mean value loss: 1.9574
                    Mean surrogate loss: -0.0122
                      Mean entropy loss: 38.3636
                     Mean symmetry loss: 0.0004
                   Mean l2c2_actor loss: 0.0047
                  Mean l2c2_critic loss: 0.0333
                            Mean reward: -845.41
                    Mean episode length: 415.87
                        Mean action std: 0.91
                    Entropy coefficient: 0.002500
        Episode_Reward/joint_torques_l2: -0.5362
            Episode_Reward/joint_acc_l2: -0.1083
              Episode_Reward/torso_roll: -0.4875
          Curriculum/polish_ground_slam: -1.0000
           Episode_Reward/torso_upright: -0.0002
        Episode_Reward/joint_vel_limits: -0.0003
              Curriculum/terrain_levels: 0.0000
         Episode_Reward/severely_tilted: -0.0523
     Curriculum/polish_action_rate_rate: -0.1500
              Episode_Reward/torso_slam: -0.2158
      Episode_Reward/joint_deviation_l1: -0.0245
        Episode_Reward/base_height_fine: 1.3394
              Episode_Reward/relaxation: -3.9658
  Episode_Reward/feet_distance_standing: -0.0048
 Episode_Reward/joint_deviation_l1_arms: -0.0076
             Episode_Reward/action_rate: -29.4131
        Episode_Reward/illegal_contacts: -0.7343
           Episode_Reward/torque_limits: -0.5203
               Curriculum/adaptive_lift: 0.9939
           Curriculum/polish_torso_slam: -5.0000
           Episode_Reward/feet_yaw_mean: -0.1988
      Episode_Termination/invalid_state: 0.0000
              Episode_Reward/feet_slide: -0.2426
     Episode_Reward/completely_airborne: -2.1794
           Episode_Termination/time_out: 0.5575
           Episode_Reward/forward_pitch: -0.9589
         Episode_Reward/ground_unloaded: -0.6229
             Episode_Reward/ground_slam: -0.7776
            Metrics/height/height_error: 0.4073
              Episode_Reward/not_moving: -0.3908
        Episode_Reward/joint_pos_limits: -0.0016
           Episode_Reward/ankle_torques: -0.1084
           Curriculum/polish_not_moving: -1.0000
           Episode_Reward/body_velocity: -0.4394
           Episode_Reward/feet_distance: -0.1670
        Curriculum/random_fallen_states: 0.0000
         Curriculum/polish_joint_vel_l2: -0.0010
       Episode_Reward/base_height_rough: 0.8686
      Episode_Reward/base_height_medium: 0.9786
               Episode_Reward/flat_feet: -1.9821
    Episode_Reward/joint_tracking_error: -1.5523
        Episode_Reward/action_rate_rate: -13.1348
            Episode_Reward/joint_vel_l2: -0.4545
--------------------------------------------------------------------------------
                         Iteration time: 1.85s
                           Time elapsed: 0:00:34
                                    ETA: 0:00:23

################################################################################
[1m                            Learning iteration 18/30                            [0m 

                               Run name: nexus
                            Total steps: 933888 
                       Steps per second: 26693 
                        Collection time: 1.637s 
                          Learning time: 0.205s 
                        Mean value loss: 1.9791
                    Mean surrogate loss: -0.0091
                      Mean entropy loss: 38.2198
                     Mean symmetry loss: 0.0004
                   Mean l2c2_actor loss: 0.0048
                  Mean l2c2_critic loss: 0.0334
                            Mean reward: -872.77
                    Mean episode length: 437.86
                        Mean action std: 0.90
                    Entropy coefficient: 0.002500
        Episode_Reward/joint_torques_l2: -0.5465
            Episode_Reward/joint_acc_l2: -0.0965
              Episode_Reward/torso_roll: -0.6221
          Curriculum/polish_ground_slam: -1.0000
           Episode_Reward/torso_upright: 0.0000
        Episode_Reward/joint_vel_limits: -0.0004
              Curriculum/terrain_levels: 0.0000
         Episode_Reward/severely_tilted: -0.0716
     Curriculum/polish_action_rate_rate: -0.1500
              Episode_Reward/torso_slam: -0.2140
      Episode_Reward/joint_deviation_l1: -0.0173
        Episode_Reward/base_height_fine: 1.2650
              Episode_Reward/relaxation: -4.8230
  Episode_Reward/feet_distance_standing: -0.0058
 Episode_Reward/joint_deviation_l1_arms: -0.0059
             Episode_Reward/action_rate: -30.8055
        Episode_Reward/illegal_contacts: -0.8758
           Episode_Reward/torque_limits: -0.5823
               Curriculum/adaptive_lift: 0.9939
           Curriculum/polish_torso_slam: -5.0000
           Episode_Reward/feet_yaw_mean: -0.2310
      Episode_Termination/invalid_state: 0.0000
              Episode_Reward/feet_slide: -0.2146
     Episode_Reward/completely_airborne: -1.6524
           Episode_Termination/time_out: 0.5889
           Episode_Reward/forward_pitch: -0.5926
         Episode_Reward/ground_unloaded: -0.6252
             Episode_Reward/ground_slam: -0.7256
            Metrics/height/height_error: 0.4312
              Episode_Reward/not_moving: -0.3268
        Episode_Reward/joint_pos_limits: -0.0023
           Episode_Reward/ankle_torques: -0.1107
           Curriculum/polish_not_moving: -1.0000
           Episode_Reward/body_velocity: -0.4363
           Episode_Reward/feet_distance: -0.1994
        Curriculum/random_fallen_states: 0.0000
         Curriculum/polish_joint_vel_l2: -0.0010
       Episode_Reward/base_height_rough: 0.9090
      Episode_Reward/base_height_medium: 0.9675
               Episode_Reward/flat_feet: -2.0563
    Episode_Reward/joint_tracking_error: -1.7028
        Episode_Reward/action_rate_rate: -13.7499
            Episode_Reward/joint_vel_l2: -0.4679
--------------------------------------------------------------------------------
                         Iteration time: 1.84s
                           Time elapsed: 0:00:36
                                    ETA: 0:00:21

################################################################################
[1m                            Learning iteration 19/30                            [0m 

                               Run name: nexus
                            Total steps: 983040 
                       Steps per second: 26643 
                        Collection time: 1.640s 
                          Learning time: 0.205s 
                        Mean value loss: 1.9497
                    Mean surrogate loss: -0.0111
                      Mean entropy loss: 38.0590
                     Mean symmetry loss: 0.0004
                   Mean l2c2_actor loss: 0.0049
                  Mean l2c2_critic loss: 0.0345
                            Mean reward: -926.57
                    Mean episode length: 464.54
                        Mean action std: 0.90
                    Entropy coefficient: 0.002500
        Episode_Reward/joint_torques_l2: -0.5544
            Episode_Reward/joint_acc_l2: -0.0981
              Episode_Reward/torso_roll: -0.5535
          Curriculum/polish_ground_slam: -1.0000
           Episode_Reward/torso_upright: -0.0003
        Episode_Reward/joint_vel_limits: -0.0004
              Curriculum/terrain_levels: 0.0000
         Episode_Reward/severely_tilted: -0.1042
     Curriculum/polish_action_rate_rate: -0.1500
              Episode_Reward/torso_slam: -0.2664
      Episode_Reward/joint_deviation_l1: -0.0278
        Episode_Reward/base_height_fine: 1.2273
              Episode_Reward/relaxation: -4.2979
  Episode_Reward/feet_distance_standing: -0.0061
 Episode_Reward/joint_deviation_l1_arms: -0.0097
             Episode_Reward/action_rate: -32.1642
        Episode_Reward/illegal_contacts: -0.7718
           Episode_Reward/torque_limits: -0.5687
               Curriculum/adaptive_lift: 0.9939
           Curriculum/polish_torso_slam: -5.0000
           Episode_Reward/feet_yaw_mean: -0.2005
      Episode_Termination/invalid_state: 0.0000
              Episode_Reward/feet_slide: -0.2660
     Episode_Reward/completely_airborne: -2.7466
           Episode_Termination/time_out: 0.6247
           Episode_Reward/forward_pitch: -1.5584
         Episode_Reward/ground_unloaded: -0.6746
             Episode_Reward/ground_slam: -0.7826
            Metrics/height/height_error: 0.4588
              Episode_Reward/not_moving: -0.3084
        Episode_Reward/joint_pos_limits: -0.0019
           Episode_Reward/ankle_torques: -0.1157
           Curriculum/polish_not_moving: -1.0000
           Episode_Reward/body_velocity: -0.4689
           Episode_Reward/feet_distance: -0.1954
        Curriculum/random_fallen_states: 0.0000
         Curriculum/polish_joint_vel_l2: -0.0010
       Episode_Reward/base_height_rough: 0.9035
      Episode_Reward/base_height_medium: 0.9493
               Episode_Reward/flat_feet: -2.1376
    Episode_Reward/joint_tracking_error: -1.6898
        Episode_Reward/action_rate_rate: -14.3514
            Episode_Reward/joint_vel_l2: -0.4975
--------------------------------------------------------------------------------
                         Iteration time: 1.84s
                           Time elapsed: 0:00:38
                                    ETA: 0:00:19

################################################################################
[1m                            Learning iteration 20/30                            [0m 

                               Run name: nexus
                            Total steps: 1032192 
                       Steps per second: 26555 
                        Collection time: 1.646s 
                          Learning time: 0.205s 
                        Mean value loss: 1.8674
                    Mean surrogate loss: -0.0130
                      Mean entropy loss: 37.8853
                     Mean symmetry loss: 0.0004
                   Mean l2c2_actor loss: 0.0050
                  Mean l2c2_critic loss: 0.0319
                            Mean reward: -959.01
                    Mean episode length: 486.28
                        Mean action std: 0.89
                    Entropy coefficient: 0.002500
        Episode_Reward/joint_torques_l2: -0.5496
            Episode_Reward/joint_acc_l2: -0.0874
              Episode_Reward/torso_roll: -0.6182
          Curriculum/polish_ground_slam: -1.0000
           Episode_Reward/torso_upright: 0.0000
        Episode_Reward/joint_vel_limits: -0.0005
              Curriculum/terrain_levels: 0.0000
         Episode_Reward/severely_tilted: -0.0126
     Curriculum/polish_action_rate_rate: -0.1500
              Episode_Reward/torso_slam: -0.2711
      Episode_Reward/joint_deviation_l1: -0.0255
        Episode_Reward/base_height_fine: 2.0196
              Episode_Reward/relaxation: -4.3438
  Episode_Reward/feet_distance_standing: -0.0061
 Episode_Reward/joint_deviation_l1_arms: -0.0088
             Episode_Reward/action_rate: -33.7397
        Episode_Reward/illegal_contacts: -0.8265
           Episode_Reward/torque_limits: -0.5858
               Curriculum/adaptive_lift: 0.9939
           Curriculum/polish_torso_slam: -5.0000
           Episode_Reward/feet_yaw_mean: -0.2359
      Episode_Termination/invalid_state: 0.0000
              Episode_Reward/feet_slide: -0.2621
     Episode_Reward/completely_airborne: -2.5783
           Episode_Termination/time_out: 0.6595
           Episode_Reward/forward_pitch: -1.5117
         Episode_Reward/ground_unloaded: -0.7297
             Episode_Reward/ground_slam: -0.8246
            Metrics/height/height_error: 0.4377
              Episode_Reward/not_moving: -0.6758
        Episode_Reward/joint_pos_limits: -0.0022
           Episode_Reward/ankle_torques: -0.1182
           Curriculum/polish_not_moving: -1.0000
           Episode_Reward/body_velocity: -0.4871
           Episode_Reward/feet_distance: -0.1972
        Curriculum/random_fallen_states: 0.0000
         Curriculum/polish_joint_vel_l2: -0.0010
       Episode_Reward/base_height_rough: 1.1462
      Episode_Reward/base_height_medium: 1.4100
               Episode_Reward/flat_feet: -2.2739
    Episode_Reward/joint_tracking_error: -1.8006
        Episode_Reward/action_rate_rate: -15.0441
            Episode_Reward/joint_vel_l2: -0.5404
--------------------------------------------------------------------------------
                         Iteration time: 1.85s
                           Time elapsed: 0:00:40
                                    ETA: 0:00:17

################################################################################
[1m                            Learning iteration 21/30                            [0m 

                               Run name: nexus
                            Total steps: 1081344 
                       Steps per second: 26640 
                        Collection time: 1.640s 
                          Learning time: 0.205s 
                        Mean value loss: 1.7018
                    Mean surrogate loss: -0.0136
                      Mean entropy loss: 37.6875
                     Mean symmetry loss: 0.0004
                   Mean l2c2_actor loss: 0.0053
                  Mean l2c2_critic loss: 0.0237
                            Mean reward: -1008.90
                    Mean episode length: 510.05
                        Mean action std: 0.88
                    Entropy coefficient: 0.002500
        Episode_Reward/joint_torques_l2: -0.5424
            Episode_Reward/joint_acc_l2: -0.0833
              Episode_Reward/torso_roll: -0.6375
          Curriculum/polish_ground_slam: -1.0000
           Episode_Reward/torso_upright: -0.0004
        Episode_Reward/joint_vel_limits: -0.0005
              Curriculum/terrain_levels: 0.0000
         Episode_Reward/severely_tilted: -0.0106
     Curriculum/polish_action_rate_rate: -0.1500
              Episode_Reward/torso_slam: -0.2956
      Episode_Reward/joint_deviation_l1: -0.0251
        Episode_Reward/base_height_fine: 1.3027
              Episode_Reward/relaxation: -4.8783
  Episode_Reward/feet_distance_standing: -0.0063
 Episode_Reward/joint_deviation_l1_arms: -0.0089
             Episode_Reward/action_rate: -35.0719
        Episode_Reward/illegal_contacts: -0.8317
           Episode_Reward/torque_limits: -0.5769
               Curriculum/adaptive_lift: 0.9939
           Curriculum/polish_torso_slam: -5.0000
           Episode_Reward/feet_yaw_mean: -0.2292
      Episode_Termination/invalid_state: 0.0000
              Episode_Reward/feet_slide: -0.2931
     Episode_Reward/completely_airborne: -2.6873
           Episode_Termination/time_out: 0.6948
           Episode_Reward/forward_pitch: -1.7194
         Episode_Reward/ground_unloaded: -0.6763
             Episode_Reward/ground_slam: -0.8858
            Metrics/height/height_error: 0.4649
              Episode_Reward/not_moving: -0.3604
        Episode_Reward/joint_pos_limits: -0.0021
           Episode_Reward/ankle_torques: -0.1153
           Curriculum/polish_not_moving: -1.0000
           Episode_Reward/body_velocity: -0.5086
           Episode_Reward/feet_distance: -0.2025
        Curriculum/random_fallen_states: 0.0000
         Curriculum/polish_joint_vel_l2: -0.0010
       Episode_Reward/base_height_rough: 1.0308
      Episode_Reward/base_height_medium: 1.0477
               Episode_Reward/flat_feet: -2.5167
    Episode_Reward/joint_tracking_error: -1.8077
        Episode_Reward/action_rate_rate: -15.6282
            Episode_Reward/joint_vel_l2: -0.5664
--------------------------------------------------------------------------------
                         Iteration time: 1.84s
                           Time elapsed: 0:00:42
                                    ETA: 0:00:15

################################################################################
[1m                            Learning iteration 22/30                            [0m 

                               Run name: nexus
                            Total steps: 1130496 
                       Steps per second: 26513 
                        Collection time: 1.649s 
                          Learning time: 0.204s 
                        Mean value loss: 1.4984
                    Mean surrogate loss: -0.0151
                      Mean entropy loss: 37.4385
                     Mean symmetry loss: 0.0004
                   Mean l2c2_actor loss: 0.0054
                  Mean l2c2_critic loss: 0.0184
                            Mean reward: -1048.97
                    Mean episode length: 532.36
                        Mean action std: 0.88
                    Entropy coefficient: 0.002500
        Episode_Reward/joint_torques_l2: -0.6273
            Episode_Reward/joint_acc_l2: -0.1034
              Episode_Reward/torso_roll: -0.7386
          Curriculum/polish_ground_slam: -1.0000
           Episode_Reward/torso_upright: 0.0000
        Episode_Reward/joint_vel_limits: -0.0005
              Curriculum/terrain_levels: 0.0000
         Episode_Reward/severely_tilted: -0.0420
     Curriculum/polish_action_rate_rate: -0.1500
              Episode_Reward/torso_slam: -0.2752
      Episode_Reward/joint_deviation_l1: -0.0246
        Episode_Reward/base_height_fine: 1.1185
              Episode_Reward/relaxation: -5.4293
  Episode_Reward/feet_distance_standing: -0.0048
 Episode_Reward/joint_deviation_l1_arms: -0.0080
             Episode_Reward/action_rate: -36.4930
        Episode_Reward/illegal_contacts: -0.8917
           Episode_Reward/torque_limits: -0.6433
               Curriculum/adaptive_lift: 0.9939
           Curriculum/polish_torso_slam: -5.0000
           Episode_Reward/feet_yaw_mean: -0.2698
      Episode_Termination/invalid_state: 0.0000
              Episode_Reward/feet_slide: -0.2726
     Episode_Reward/completely_airborne: -2.4579
           Episode_Termination/time_out: 0.7238
           Episode_Reward/forward_pitch: -1.4047
         Episode_Reward/ground_unloaded: -0.7524
             Episode_Reward/ground_slam: -0.8813
            Metrics/height/height_error: 0.4981
              Episode_Reward/not_moving: -0.2402
        Episode_Reward/joint_pos_limits: -0.0033
           Episode_Reward/ankle_torques: -0.1437
           Curriculum/polish_not_moving: -1.0000
           Episode_Reward/body_velocity: -0.4930
           Episode_Reward/feet_distance: -0.2403
        Curriculum/random_fallen_states: 0.0000
         Curriculum/polish_joint_vel_l2: -0.0010
       Episode_Reward/base_height_rough: 0.9475
      Episode_Reward/base_height_medium: 0.9247
               Episode_Reward/flat_feet: -2.3843
    Episode_Reward/joint_tracking_error: -1.9874
        Episode_Reward/action_rate_rate: -16.2865
            Episode_Reward/joint_vel_l2: -0.5605
--------------------------------------------------------------------------------
                         Iteration time: 1.85s
                           Time elapsed: 0:00:43
                                    ETA: 0:00:13

################################################################################
[1m                            Learning iteration 23/30                            [0m 

                               Run name: nexus
                            Total steps: 1179648 
                       Steps per second: 26430 
                        Collection time: 1.655s 
                          Learning time: 0.205s 
                        Mean value loss: 1.5063
                    Mean surrogate loss: -0.0092
                      Mean entropy loss: 37.2948
                     Mean symmetry loss: 0.0004
                   Mean l2c2_actor loss: 0.0056
                  Mean l2c2_critic loss: 0.0184
                            Mean reward: -1081.23
                    Mean episode length: 560.56
                        Mean action std: 0.87
                    Entropy coefficient: 0.002500
        Episode_Reward/joint_torques_l2: -0.6522
            Episode_Reward/joint_acc_l2: -0.1231
              Episode_Reward/torso_roll: -0.6532
          Curriculum/polish_ground_slam: -1.0000
           Episode_Reward/torso_upright: -0.0005
        Episode_Reward/joint_vel_limits: -0.0005
              Curriculum/terrain_levels: 0.0000
         Episode_Reward/severely_tilted: -0.0040
     Curriculum/polish_action_rate_rate: -0.1500
              Episode_Reward/torso_slam: -0.3094
      Episode_Reward/joint_deviation_l1: -0.0334
        Episode_Reward/base_height_fine: 2.0664
              Episode_Reward/relaxation: -5.4397
  Episode_Reward/feet_distance_standing: -0.0056
 Episode_Reward/joint_deviation_l1_arms: -0.0111
             Episode_Reward/action_rate: -37.9241
        Episode_Reward/illegal_contacts: -0.9273
           Episode_Reward/torque_limits: -0.6455
               Curriculum/adaptive_lift: 0.9939
           Curriculum/polish_torso_slam: -5.0000
           Episode_Reward/feet_yaw_mean: -0.2480
      Episode_Termination/invalid_state: 0.0000
              Episode_Reward/feet_slide: -0.3312
     Episode_Reward/completely_airborne: -2.9281
           Episode_Termination/time_out: 0.7564
           Episode_Reward/forward_pitch: -1.6922
         Episode_Reward/ground_unloaded: -0.7814
             Episode_Reward/ground_slam: -1.0127
            Metrics/height/height_error: 0.4362
              Episode_Reward/not_moving: -0.6360
        Episode_Reward/joint_pos_limits: -0.0024
           Episode_Reward/ankle_torques: -0.1737
           Curriculum/polish_not_moving: -1.0000
           Episode_Reward/body_velocity: -0.5339
           Episode_Reward/feet_distance: -0.2236
        Curriculum/random_fallen_states: 0.0000
         Curriculum/polish_joint_vel_l2: -0.0010
       Episode_Reward/base_height_rough: 1.2742
      Episode_Reward/base_height_medium: 1.5075
               Episode_Reward/flat_feet: -2.7314
    Episode_Reward/joint_tracking_error: -1.9878
        Episode_Reward/action_rate_rate: -16.9014
            Episode_Reward/joint_vel_l2: -0.6088
--------------------------------------------------------------------------------
                         Iteration time: 1.86s
                           Time elapsed: 0:00:45
                                    ETA: 0:00:11

################################################################################
[1m                            Learning iteration 24/30                            [0m 

                               Run name: nexus
                            Total steps: 1228800 
                       Steps per second: 26487 
                        Collection time: 1.651s 
                          Learning time: 0.205s 
                        Mean value loss: 1.4446
                    Mean surrogate loss: -0.0123
                      Mean entropy loss: 37.1227
                     Mean symmetry loss: 0.0004
                   Mean l2c2_actor loss: 0.0058
                  Mean l2c2_critic loss: 0.0154
                            Mean reward: -1122.57
                    Mean episode length: 581.21
                        Mean action std: 0.87
                    Entropy coefficient: 0.002500
        Episode_Reward/joint_torques_l2: -0.7208
            Episode_Reward/joint_acc_l2: -0.1363
              Episode_Reward/torso_roll: -0.7144
          Curriculum/polish_ground_slam: -1.0000
           Episode_Reward/torso_upright: 0.0000
        Episode_Reward/joint_vel_limits: -0.0004
              Curriculum/terrain_levels: 0.0000
         Episode_Reward/severely_tilted: -0.0260
     Curriculum/polish_action_rate_rate: -0.1500
              Episode_Reward/torso_slam: -0.3094
      Episode_Reward/joint_deviation_l1: -0.0151
        Episode_Reward/base_height_fine: 1.5869
              Episode_Reward/relaxation: -6.9563
  Episode_Reward/feet_distance_standing: -0.0071
 Episode_Reward/joint_deviation_l1_arms: -0.0050
             Episode_Reward/action_rate: -39.2080
        Episode_Reward/illegal_contacts: -1.0868
           Episode_Reward/torque_limits: -0.7136
               Curriculum/adaptive_lift: 0.9939
           Curriculum/polish_torso_slam: -5.0000
           Episode_Reward/feet_yaw_mean: -0.2668
      Episode_Termination/invalid_state: 0.0000
              Episode_Reward/feet_slide: -0.2902
     Episode_Reward/completely_airborne: -2.3727
           Episode_Termination/time_out: 0.7916
           Episode_Reward/forward_pitch: -1.3269
         Episode_Reward/ground_unloaded: -0.7779
             Episode_Reward/ground_slam: -0.9195
            Metrics/height/height_error: 0.5042
              Episode_Reward/not_moving: -0.3867
        Episode_Reward/joint_pos_limits: -0.0026
           Episode_Reward/ankle_torques: -0.1265
           Curriculum/polish_not_moving: -1.0000
           Episode_Reward/body_velocity: -0.5413
           Episode_Reward/feet_distance: -0.2414
        Curriculum/random_fallen_states: 0.0000
         Curriculum/polish_joint_vel_l2: -0.0010
       Episode_Reward/base_height_rough: 1.1189
      Episode_Reward/base_height_medium: 1.2082
               Episode_Reward/flat_feet: -2.8128
    Episode_Reward/joint_tracking_error: -2.1423
        Episode_Reward/action_rate_rate: -17.4686
            Episode_Reward/joint_vel_l2: -0.5874
--------------------------------------------------------------------------------
                         Iteration time: 1.86s
                           Time elapsed: 0:00:47
                                    ETA: 0:00:09

################################################################################
[1m                            Learning iteration 25/30                            [0m 

                               Run name: nexus
                            Total steps: 1277952 
                       Steps per second: 26642 
                        Collection time: 1.637s 
                          Learning time: 0.207s 
                        Mean value loss: 1.5442
                    Mean surrogate loss: -0.0165
                      Mean entropy loss: 36.8513
                     Mean symmetry loss: 0.0004
                   Mean l2c2_actor loss: 0.0060
                  Mean l2c2_critic loss: 0.0154
                            Mean reward: -1157.47
                    Mean episode length: 602.99
                        Mean action std: 0.86
                    Entropy coefficient: 0.002500
        Episode_Reward/joint_torques_l2: -0.6947
            Episode_Reward/joint_acc_l2: -0.1140
              Episode_Reward/torso_roll: -0.7564
          Curriculum/polish_ground_slam: -1.0000
           Episode_Reward/torso_upright: -0.0004
        Episode_Reward/joint_vel_limits: -0.0005
              Curriculum/terrain_levels: 0.0000
         Episode_Reward/severely_tilted: -0.1807
     Curriculum/polish_action_rate_rate: -0.1500
              Episode_Reward/torso_slam: -0.3171
      Episode_Reward/joint_deviation_l1: -0.0220
        Episode_Reward/base_height_fine: 1.3817
              Episode_Reward/relaxation: -5.8963
  Episode_Reward/feet_distance_standing: -0.0056
 Episode_Reward/joint_deviation_l1_arms: -0.0071
             Episode_Reward/action_rate: -40.6135
        Episode_Reward/illegal_contacts: -0.9691
           Episode_Reward/torque_limits: -0.6931
               Curriculum/adaptive_lift: 0.9939
           Curriculum/polish_torso_slam: -5.0000
           Episode_Reward/feet_yaw_mean: -0.2777
      Episode_Termination/invalid_state: 0.0000
              Episode_Reward/feet_slide: -0.3236
     Episode_Reward/completely_airborne: -2.6933
           Episode_Termination/time_out: 0.8170
           Episode_Reward/forward_pitch: -1.5714
         Episode_Reward/ground_unloaded: -0.8359
             Episode_Reward/ground_slam: -1.0069
            Metrics/height/height_error: 0.5164
              Episode_Reward/not_moving: -0.3935
        Episode_Reward/joint_pos_limits: -0.0026
           Episode_Reward/ankle_torques: -0.1631
           Curriculum/polish_not_moving: -1.0000
           Episode_Reward/body_velocity: -0.5402
           Episode_Reward/feet_distance: -0.2696
        Curriculum/random_fallen_states: 0.0000
         Curriculum/polish_joint_vel_l2: -0.0010
       Episode_Reward/base_height_rough: 1.0836
      Episode_Reward/base_height_medium: 1.0611
               Episode_Reward/flat_feet: -2.8777
    Episode_Reward/joint_tracking_error: -2.1242
        Episode_Reward/action_rate_rate: -18.0782
            Episode_Reward/joint_vel_l2: -0.6253
--------------------------------------------------------------------------------
                         Iteration time: 1.84s
                           Time elapsed: 0:00:49
                                    ETA: 0:00:07

################################################################################
[1m                            Learning iteration 26/30                            [0m 

                               Run name: nexus
                            Total steps: 1327104 
                       Steps per second: 26432 
                        Collection time: 1.654s 
                          Learning time: 0.205s 
                        Mean value loss: 1.3421
                    Mean surrogate loss: -0.0085
                      Mean entropy loss: 36.7219
                     Mean symmetry loss: 0.0004
                   Mean l2c2_actor loss: 0.0059
                  Mean l2c2_critic loss: 0.0156
                            Mean reward: -1205.49
                    Mean episode length: 631.55
                        Mean action std: 0.86
                    Entropy coefficient: 0.002500
        Episode_Reward/joint_torques_l2: -0.6880
            Episode_Reward/joint_acc_l2: -0.1125
              Episode_Reward/torso_roll: -0.7902
          Curriculum/polish_ground_slam: -1.0000
           Episode_Reward/torso_upright: -0.0007
        Episode_Reward/joint_vel_limits: -0.0006
              Curriculum/terrain_levels: 0.0000
         Episode_Reward/severely_tilted: -0.0096
     Curriculum/polish_action_rate_rate: -0.1500
              Episode_Reward/torso_slam: -0.3618
      Episode_Reward/joint_deviation_l1: -0.0327
        Episode_Reward/base_height_fine: 1.9139
              Episode_Reward/relaxation: -5.2432
  Episode_Reward/feet_distance_standing: -0.0090
 Episode_Reward/joint_deviation_l1_arms: -0.0104
             Episode_Reward/action_rate: -41.8403
        Episode_Reward/illegal_contacts: -0.8418
           Episode_Reward/torque_limits: -0.6998
               Curriculum/adaptive_lift: 0.9939
           Curriculum/polish_torso_slam: -5.0000
           Episode_Reward/feet_yaw_mean: -0.2753
      Episode_Termination/invalid_state: 0.0000
              Episode_Reward/feet_slide: -0.3565
     Episode_Reward/completely_airborne: -3.3830
           Episode_Termination/time_out: 0.8476
           Episode_Reward/forward_pitch: -2.5079
         Episode_Reward/ground_unloaded: -0.9373
             Episode_Reward/ground_slam: -1.0806
            Metrics/height/height_error: 0.5449
              Episode_Reward/not_moving: -0.6423
        Episode_Reward/joint_pos_limits: -0.0023
           Episode_Reward/ankle_torques: -0.1866
           Curriculum/polish_not_moving: -1.0000
           Episode_Reward/body_velocity: -0.6267
           Episode_Reward/feet_distance: -0.2510
        Curriculum/random_fallen_states: 0.0000
         Curriculum/polish_joint_vel_l2: -0.0010
       Episode_Reward/base_height_rough: 1.2902
      Episode_Reward/base_height_medium: 1.4117
               Episode_Reward/flat_feet: -3.0304
    Episode_Reward/joint_tracking_error: -2.1532
        Episode_Reward/action_rate_rate: -18.6390
            Episode_Reward/joint_vel_l2: -0.6845
--------------------------------------------------------------------------------
                         Iteration time: 1.86s
                           Time elapsed: 0:00:51
                                    ETA: 0:00:05

################################################################################
[1m                            Learning iteration 27/30                            [0m 

                               Run name: nexus
                            Total steps: 1376256 
                       Steps per second: 26454 
                        Collection time: 1.653s 
                          Learning time: 0.205s 
                        Mean value loss: 1.3165
                    Mean surrogate loss: -0.0143
                      Mean entropy loss: 36.4272
                     Mean symmetry loss: 0.0005
                   Mean l2c2_actor loss: 0.0060
                  Mean l2c2_critic loss: 0.0116
                            Mean reward: -1224.06
                    Mean episode length: 651.97
                        Mean action std: 0.85
                    Entropy coefficient: 0.002500
        Episode_Reward/joint_torques_l2: -0.7237
            Episode_Reward/joint_acc_l2: -0.1089
              Episode_Reward/torso_roll: -1.0399
          Curriculum/polish_ground_slam: -1.0000
           Episode_Reward/torso_upright: -0.0003
        Episode_Reward/joint_vel_limits: -0.0006
              Curriculum/terrain_levels: 0.0000
         Episode_Reward/severely_tilted: -0.0281
     Curriculum/polish_action_rate_rate: -0.1500
              Episode_Reward/torso_slam: -0.3263
      Episode_Reward/joint_deviation_l1: -0.0200
        Episode_Reward/base_height_fine: 1.5701
              Episode_Reward/relaxation: -5.6126
  Episode_Reward/feet_distance_standing: -0.0047
 Episode_Reward/joint_deviation_l1_arms: -0.0071
             Episode_Reward/action_rate: -43.2094
        Episode_Reward/illegal_contacts: -1.1594
           Episode_Reward/torque_limits: -0.7936
               Curriculum/adaptive_lift: 0.9939
           Curriculum/polish_torso_slam: -5.0000
           Episode_Reward/feet_yaw_mean: -0.2843
      Episode_Termination/invalid_state: 0.0000
              Episode_Reward/feet_slide: -0.3207
     Episode_Reward/completely_airborne: -2.9786
           Episode_Termination/time_out: 0.8781
           Episode_Reward/forward_pitch: -1.4304
         Episode_Reward/ground_unloaded: -0.9701
             Episode_Reward/ground_slam: -1.0443
            Metrics/height/height_error: 0.5608
              Episode_Reward/not_moving: -0.4117
        Episode_Reward/joint_pos_limits: -0.0031
           Episode_Reward/ankle_torques: -0.1461
           Curriculum/polish_not_moving: -1.0000
           Episode_Reward/body_velocity: -0.5630
           Episode_Reward/feet_distance: -0.2754
        Curriculum/random_fallen_states: 0.0000
         Curriculum/polish_joint_vel_l2: -0.0010
       Episode_Reward/base_height_rough: 1.1859
      Episode_Reward/base_height_medium: 1.2136
               Episode_Reward/flat_feet: -2.9135
    Episode_Reward/joint_tracking_error: -2.2865
        Episode_Reward/action_rate_rate: -19.2458
            Episode_Reward/joint_vel_l2: -0.6777
--------------------------------------------------------------------------------
                         Iteration time: 1.86s
                           Time elapsed: 0:00:53
                                    ETA: 0:00:03

################################################################################
[1m                            Learning iteration 28/30                            [0m 

                               Run name: nexus
                            Total steps: 1425408 
                       Steps per second: 26371 
                        Collection time: 1.659s 
                          Learning time: 0.205s 
                        Mean value loss: 1.2405
                    Mean surrogate loss: -0.0092
                      Mean entropy loss: 36.2865
                     Mean symmetry loss: 0.0004
                   Mean l2c2_actor loss: 0.0060
                  Mean l2c2_critic loss: 0.0127
                            Mean reward: -1264.40
                    Mean episode length: 677.08
                        Mean action std: 0.84
                    Entropy coefficient: 0.002500
        Episode_Reward/joint_torques_l2: -0.7607
            Episode_Reward/joint_acc_l2: -0.1315
              Episode_Reward/torso_roll: -0.8195
          Curriculum/polish_ground_slam: -1.0000
           Episode_Reward/torso_upright: 0.0000
        Episode_Reward/joint_vel_limits: -0.0005
              Curriculum/terrain_levels: 0.0000
         Episode_Reward/severely_tilted: -0.0714
     Curriculum/polish_action_rate_rate: -0.1500
              Episode_Reward/torso_slam: -0.3978
      Episode_Reward/joint_deviation_l1: -0.0203
        Episode_Reward/base_height_fine: 2.0974
              Episode_Reward/relaxation: -7.8890
  Episode_Reward/feet_distance_standing: -0.0022
 Episode_Reward/joint_deviation_l1_arms: -0.0061
             Episode_Reward/action_rate: -44.5569
        Episode_Reward/illegal_contacts: -1.1378
           Episode_Reward/torque_limits: -0.7780
               Curriculum/adaptive_lift: 0.9939
           Curriculum/polish_torso_slam: -5.0000
           Episode_Reward/feet_yaw_mean: -0.2950
      Episode_Termination/invalid_state: 0.0000
              Episode_Reward/feet_slide: -0.3721
     Episode_Reward/completely_airborne: -3.2472
           Episode_Termination/time_out: 0.9082
           Episode_Reward/forward_pitch: -1.9670
         Episode_Reward/ground_unloaded: -0.8251
             Episode_Reward/ground_slam: -1.1248
            Metrics/height/height_error: 0.4240
              Episode_Reward/not_moving: -0.4967
        Episode_Reward/joint_pos_limits: -0.0026
           Episode_Reward/ankle_torques: -0.1639
           Curriculum/polish_not_moving: -1.0000
           Episode_Reward/body_velocity: -0.6035
           Episode_Reward/feet_distance: -0.2637
        Curriculum/random_fallen_states: 0.0000
         Curriculum/polish_joint_vel_l2: -0.0010
       Episode_Reward/base_height_rough: 1.5304
      Episode_Reward/base_height_medium: 1.6518
               Episode_Reward/flat_feet: -3.2830
    Episode_Reward/joint_tracking_error: -2.3186
        Episode_Reward/action_rate_rate: -19.8222
            Episode_Reward/joint_vel_l2: -0.7270
--------------------------------------------------------------------------------
                         Iteration time: 1.86s
                           Time elapsed: 0:00:55
                                    ETA: 0:00:01

################################################################################
[1m                            Learning iteration 29/30                            [0m 

                               Run name: nexus
                            Total steps: 1474560 
                       Steps per second: 26529 
                        Collection time: 1.649s 
                          Learning time: 0.204s 
                        Mean value loss: 1.1011
                    Mean surrogate loss: -0.0143
                      Mean entropy loss: 35.9518
                     Mean symmetry loss: 0.0004
                   Mean l2c2_actor loss: 0.0062
                  Mean l2c2_critic loss: 0.0101
                            Mean reward: -1315.33
                    Mean episode length: 702.85
                        Mean action std: 0.83
                    Entropy coefficient: 0.002500
        Episode_Reward/joint_torques_l2: -0.7966
            Episode_Reward/joint_acc_l2: -0.1303
              Episode_Reward/torso_roll: -0.9131
          Curriculum/polish_ground_slam: -1.0000
           Episode_Reward/torso_upright: -0.0001
        Episode_Reward/joint_vel_limits: -0.0005
              Curriculum/terrain_levels: 0.0000
         Episode_Reward/severely_tilted: -0.0155
     Curriculum/polish_action_rate_rate: -0.1500
              Episode_Reward/torso_slam: -0.3223
      Episode_Reward/joint_deviation_l1: -0.0273
        Episode_Reward/base_height_fine: 1.9962
              Episode_Reward/relaxation: -5.6772
  Episode_Reward/feet_distance_standing: -0.0012
 Episode_Reward/joint_deviation_l1_arms: -0.0091
             Episode_Reward/action_rate: -45.6645
        Episode_Reward/illegal_contacts: -1.3202
           Episode_Reward/torque_limits: -0.7420
               Curriculum/adaptive_lift: 0.9939
           Curriculum/polish_torso_slam: -5.0000
           Episode_Reward/feet_yaw_mean: -0.3503
      Episode_Termination/invalid_state: 0.0000
              Episode_Reward/feet_slide: -0.3706
     Episode_Reward/completely_airborne: -3.1406
           Episode_Termination/time_out: 0.9400
           Episode_Reward/forward_pitch: -1.4382
         Episode_Reward/ground_unloaded: -1.0756
             Episode_Reward/ground_slam: -1.1588
            Metrics/height/height_error: 0.5205
              Episode_Reward/not_moving: -0.5482
        Episode_Reward/joint_pos_limits: -0.0030
           Episode_Reward/ankle_torques: -0.1610
           Curriculum/polish_not_moving: -1.0000
           Episode_Reward/body_velocity: -0.6261
           Episode_Reward/feet_distance: -0.2721
        Curriculum/random_fallen_states: 0.0000
         Curriculum/polish_joint_vel_l2: -0.0010
       Episode_Reward/base_height_rough: 1.3923
      Episode_Reward/base_height_medium: 1.4967
               Episode_Reward/flat_feet: -3.2532
    Episode_Reward/joint_tracking_error: -2.4572
        Episode_Reward/action_rate_rate: -20.3048
            Episode_Reward/joint_vel_l2: -0.7292
--------------------------------------------------------------------------------
                         Iteration time: 1.85s
                           Time elapsed: 0:00:56
                                    ETA: 0:00:00

[nexus] 30 PPO iterations x 24 steps x 2048 envs in 57.3s -> 1911 ms/iter, 25719 env-steps/s | log /workspace/bench/nexus_port/logs/2026-09-03_01-41-53_nexus
TRAIN ON NEXUS OK
[INFO]: SimulationContext cleared
