The '--headless' CLI argument is deprecated. Omit '--viz' for default headless. If config visualizers are enabled and you want to force headless, use '--viz none'.
Loading user config located at: '/workspace/WBC-AGILE/.venv/lib/python3.12/site-packages/isaacsim/kit/data/Kit/IsaacLab/3.0/user.config.json'
2026-09-02T03:38:10Z [0ms] [Warning] [omni.ext.plugin] [ext: isaaclab_visualizers] Extensions config 'extension.toml' doesn't exist '/workspace/WBC-AGILE/.venv/lib/python3.12/site-packages/isaaclab/source/isaaclab_visualizers' or '/workspace/WBC-AGILE/.venv/lib/python3.12/site-packages/isaaclab/source/isaaclab_visualizers/config'
WARNING: All log messages before absl::InitializeLog() is called are written to STDERR
E0000 00:00:1788320290.904722    3424 descriptor_database.cc:633] File already exists in database: grpc/health/v1/health.proto
W0000 00:00:1788320290.904752    3424 message.cc:301] Protobuf GeneratedMessageFactory: File is already registered: grpc/health/v1/health.proto
2026-09-02T03:38:11Z [386ms] [Warning] [omni.usd_config.extension] Enable omni.materialx.libs extension to use MaterialX
2026-09-02T03:38:11Z [433ms] [Error] [omni.ext.plugin] Could not load the dynamic library from /workspace/WBC-AGILE/.venv/lib/python3.12/site-packages/isaacsim/extscache/omni.usd.libs-1.0.3+6312fa25.lx64.r.cp312/bin/libMaterialXRenderHw.so. Error: libXt.so.6: cannot open shared object file: No such file or directory (note that this may be caused by a dependent library)
2026-09-02T03:38:11Z [433ms] [Warning] [omni.platforminfo.plugin] failed to open the default display.  Can't verify X Server version.
2026-09-02T03:38:11Z [433ms] [Error] [omni.ext.plugin] Could not load the dynamic library from /workspace/WBC-AGILE/.venv/lib/python3.12/site-packages/isaacsim/extscache/omni.usd.libs-1.0.3+6312fa25.lx64.r.cp312/bin/libMaterialXRenderGlsl.so. Error: libXt.so.6: cannot open shared object file: No such file or directory (note that this may be caused by a dependent library)
2026-09-02T03:38:11Z [434ms] [Error] [omni.ext.plugin] Could not load the dynamic library from /workspace/WBC-AGILE/.venv/lib/python3.12/site-packages/isaacsim/extscache/omni.usd.libs-1.0.3+6312fa25.lx64.r.cp312/bin/libusd_usdBakeMtlx.so. Error: libXt.so.6: cannot open shared object file: No such file or directory (note that this may be caused by a dependent library)
2026-09-02T03:38:11Z [1,089ms] [Warning] [isaacsim.core.simulation_manager.plugin] USD stage is not available; stage-opened subscription is deferred
2026-09-02T03:38:11Z [1,089ms] [Warning] [isaacsim.core.simulation_manager.plugin] USD stage is not available; stage-opened subscription is deferred
[ISAACLAB] AppLauncher initialization complete
[INFO]: Parsing configuration from: agile.rl_env.tasks.stand_up.g1.height_tracking_env_cfg:G1HeightTrackingEnvCfg
[INFO]: Parsing configuration from: agile.rl_env.tasks.stand_up.g1.agents.rsl_rl_ppo_cfg:G1HeightTrackingPpoRunnerCfg
[INFO] Logging experiment in directory: /workspace/WBC-AGILE/logs/rsl_rl/height_tracking_g1
Exact experiment name requested from command line: 2026-09-02_03-38-21
2026-09-02T03:38:21Z [10,819ms] [Warning] [isaaclab_physx.physics.physx_manager] TGS solver with enable_external_forces_every_iteration=False may cause noisy velocities.
[INFO]: Base environment:
	Environment device    : cuda:0
	Environment seed      : 42
	Physics step-size     : 0.005
	Rendering step-size   : 0.02
	Environment step-size : 0.02
[INFO] Generating terrains based on curriculum took Last: 0.220199 s
[INFO]: Registered backend 'physx' for factory Articulation.
[INFO]: Setting variant selection 'PhysX' for variant set 'Physics' on prim '/World/envs/env_0/Robot'.
[INFO]: Setting variant selection 'None' for variant set 'left_hand' on prim '/World/envs/env_0/Robot'.
[INFO]: Setting variant selection 'None' for variant set 'right_hand' on prim '/World/envs/env_0/Robot'.
[INFO]: Registered backend 'physx' for factory FrameView.
[INFO]: Registered backend 'physx' for factory ContactSensor.
[INFO]: Registered backend 'physx' for factory RayCaster.
[INFO]: Physics scene prim path: /physicsScene
[INFO]: Time taken for scene creation Last: 2.910085 s, Mean: 2.910085 s, Std: 0.000000 s, N: 1
[INFO]: Scene manager:  <class InteractiveScene>
	Number of environments: 1024
	Environment spacing   : 2.5
	Source prim name      : /World/envs/env_0
	Global prim paths     : ['/World/ground']
	Replicate physics     : True
2026-09-02T03:38:29Z [19,013ms] [Warning] [usdrt.population.plugin] Last global time was not created. Did you call setEnableUsdNoticeHandling?
[INFO]: Simulation parameters for joints in /World/envs/env_.*/Robot:
+---------------------------------------------------------------------------------------------------------------------------------------------------------------------------------+
|                                                        Simulation Joint Information (Prim path: /World/envs/env_.*/Robot)                                                       |
+-------+----------------------------+-----------+---------+----------+-----------------+------------------+------------------+-----------------+-----------------+---------------+
| Index | Name                       | Stiffness | Damping | Armature | Static Friction | Dynamic Friction | Viscous Friction | Position Limits | Velocity Limits | Effort Limits |
+-------+----------------------------+-----------+---------+----------+-----------------+------------------+------------------+-----------------+-----------------+---------------+
|   0   | left_hip_pitch_joint       |   0.000   |  0.000  |  0.020   |      0.010      |      0.000       |      0.000       | [-2.531, 2.880] |      32.000     |     88.000    |
|   1   | right_hip_pitch_joint      |   0.000   |  0.000  |  0.020   |      0.010      |      0.000       |      0.000       | [-2.531, 2.880] |      32.000     |     88.000    |
|   2   | waist_yaw_joint            |   0.000   |  0.000  |  0.020   |      0.010      |      0.000       |      0.000       | [-2.618, 2.618] |      32.000     |     88.000    |
|   3   | left_hip_roll_joint        |   0.000   |  0.000  |  0.020   |      0.010      |      0.000       |      0.000       | [-0.524, 2.967] |      32.000     |     88.000    |
|   4   | right_hip_roll_joint       |   0.000   |  0.000  |  0.020   |      0.010      |      0.000       |      0.000       | [-2.967, 0.524] |      32.000     |     88.000    |
|   5   | waist_roll_joint           |   0.000   |  0.000  |  0.020   |      0.010      |      0.000       |      0.000       | [-0.520, 0.520] |      37.000     |     50.000    |
|   6   | left_hip_yaw_joint         |   0.000   |  0.000  |  0.020   |      0.010      |      0.000       |      0.000       | [-2.758, 2.758] |      32.000     |     88.000    |
|   7   | right_hip_yaw_joint        |   0.000   |  0.000  |  0.020   |      0.010      |      0.000       |      0.000       | [-2.758, 2.758] |      32.000     |     88.000    |
|   8   | waist_pitch_joint          |   0.000   |  0.000  |  0.020   |      0.010      |      0.000       |      0.000       | [-0.520, 0.520] |      37.000     |     50.000    |
|   9   | left_knee_joint            |   0.000   |  0.000  |  0.020   |      0.010      |      0.000       |      0.000       | [-0.087, 2.880] |      20.000     |    139.000    |
|   10  | right_knee_joint           |   0.000   |  0.000  |  0.020   |      0.010      |      0.000       |      0.000       | [-0.087, 2.880] |      20.000     |    139.000    |
|   11  | left_shoulder_pitch_joint  |   0.000   |  0.000  |  0.020   |      0.010      |      0.000       |      0.000       | [-3.089, 2.670] |      37.000     |     25.000    |
|   12  | right_shoulder_pitch_joint |   0.000   |  0.000  |  0.020   |      0.010      |      0.000       |      0.000       | [-3.089, 2.670] |      37.000     |     25.000    |
|   13  | left_ankle_pitch_joint     |   0.000   |  0.000  |  0.020   |      0.010      |      0.000       |      0.000       | [-0.873, 0.524] |      37.000     |     50.000    |
|   14  | right_ankle_pitch_joint    |   0.000   |  0.000  |  0.020   |      0.010      |      0.000       |      0.000       | [-0.873, 0.524] |      37.000     |     50.000    |
|   15  | left_shoulder_roll_joint   |   0.000   |  0.000  |  0.020   |      0.010      |      0.000       |      0.000       | [-1.588, 2.251] |      37.000     |     25.000    |
|   16  | right_shoulder_roll_joint  |   0.000   |  0.000  |  0.020   |      0.010      |      0.000       |      0.000       | [-2.251, 1.588] |      37.000     |     25.000    |
|   17  | left_ankle_roll_joint      |   0.000   |  0.000  |  0.020   |      0.010      |      0.000       |      0.000       | [-0.262, 0.262] |      37.000     |     50.000    |
|   18  | right_ankle_roll_joint     |   0.000   |  0.000  |  0.020   |      0.010      |      0.000       |      0.000       | [-0.262, 0.262] |      37.000     |     50.000    |
|   19  | left_shoulder_yaw_joint    |   0.000   |  0.000  |  0.020   |      0.010      |      0.000       |      0.000       | [-2.618, 2.618] |      37.000     |     25.000    |
|   20  | right_shoulder_yaw_joint   |   0.000   |  0.000  |  0.020   |      0.010      |      0.000       |      0.000       | [-2.618, 2.618] |      37.000     |     25.000    |
|   21  | left_elbow_joint           |   0.000   |  0.000  |  0.020   |      0.010      |      0.000       |      0.000       | [-1.047, 2.094] |      37.000     |     25.000    |
|   22  | right_elbow_joint          |   0.000   |  0.000  |  0.020   |      0.010      |      0.000       |      0.000       | [-1.047, 2.094] |      37.000     |     25.000    |
|   23  | left_wrist_roll_joint      |   0.000   |  0.000  |  0.020   |      0.010      |      0.000       |      0.000       | [-1.972, 1.972] |      37.000     |     25.000    |
|   24  | right_wrist_roll_joint     |   0.000   |  0.000  |  0.020   |      0.010      |      0.000       |      0.000       | [-1.972, 1.972] |      37.000     |     25.000    |
|   25  | left_wrist_pitch_joint     |   0.000   |  0.000  |  0.020   |      0.010      |      0.000       |      0.000       | [-1.614, 1.614] |      22.000     |     5.000     |
|   26  | right_wrist_pitch_joint    |   0.000   |  0.000  |  0.020   |      0.010      |      0.000       |      0.000       | [-1.614, 1.614] |      22.000     |     5.000     |
|   27  | left_wrist_yaw_joint       |   0.000   |  0.000  |  0.020   |      0.010      |      0.000       |      0.000       | [-1.614, 1.614] |      22.000     |     5.000     |
|   28  | right_wrist_yaw_joint      |   0.000   |  0.000  |  0.020   |      0.010      |      0.000       |      0.000       | [-1.614, 1.614] |      22.000     |     5.000     |
+-------+----------------------------+-----------+---------+----------+-----------------+------------------+------------------+-----------------+-----------------+---------------+
[INFO]: Read mesh prim: /World/ground/terrain/mesh with 369728 vertices and 2097240 faces.
[INFO]: Time taken for simulation start Last: 7.244010 s, Mean: 7.244010 s, Std: 0.000000 s, N: 1
[INFO] Command Manager:  <CommandManager> contains 1 active terms.
+--------------------------------------+
|         Active Command Terms         |
+-------+--------+---------------------+
| Index | Name   |         Type        |
+-------+--------+---------------------+
|   0   | height | SmoothHeightCommand |
+-------+--------+---------------------+

[INFO] Event Manager:  <EventManager> contains 3 active terms.
+----------------------------------------+
| Active Event Terms in Mode: 'startup'  |
+--------+-------------------------------+
| Index  | Name                          |
+--------+-------------------------------+
|   0    | randomize_physics_material    |
|   1    | randomize_actuator_gains      |
|   2    | randomize_bodies_mass         |
|   3    | randomize_base_mass           |
|   4    | randomize_base_com            |
+--------+-------------------------------+
+---------------------------------------------------------------------------+
|                   Active Event Terms in Mode: 'interval'                  |
+-------+-----------------------------------------+-------------------------+
| Index | Name                                    | Interval time range (s) |
+-------+-----------------------------------------+-------------------------+
|   0   | push_robot                              |       (0.0, 10.0)       |
|   1   | apply_external_force_torque             |       (0.0, 10.0)       |
|   2   | apply_external_force_torque_extremities |       (0.0, 10.0)       |
+-------+-----------------------------------------+-------------------------+
+----------------------------------+
| Active Event Terms in Mode: 'reset' |
+------------+---------------------+
|   Index    | Name                |
+------------+---------------------+
|     0      | reset_base          |
+------------+---------------------+

[INFO] Recorder Manager:  <RecorderManager> contains 0 active terms.
+---------------------+
| Active Recorder Terms |
+-----------+---------+
|   Index   | Name    |
+-----------+---------+
+-----------+---------+

[INFO]: Resolved joint names for the action term JointPositionAction: ['left_hip_pitch_joint', 'right_hip_pitch_joint', 'waist_yaw_joint', 'left_hip_roll_joint', 'right_hip_roll_joint', 'waist_roll_joint', 'left_hip_yaw_joint', 'right_hip_yaw_joint', 'waist_pitch_joint', 'left_knee_joint', 'right_knee_joint', 'left_shoulder_pitch_joint', 'right_shoulder_pitch_joint', 'left_ankle_pitch_joint', 'right_ankle_pitch_joint', 'left_shoulder_roll_joint', 'right_shoulder_roll_joint', 'left_ankle_roll_joint', 'right_ankle_roll_joint', 'left_shoulder_yaw_joint', 'right_shoulder_yaw_joint', 'left_elbow_joint', 'right_elbow_joint', 'left_wrist_roll_joint', 'right_wrist_roll_joint', 'left_wrist_pitch_joint', 'right_wrist_pitch_joint', 'left_wrist_yaw_joint', 'right_wrist_yaw_joint'] [[0, 1, 2, 3, 4, 5, 6, 7, 8, 9, 10, 11, 12, 13, 14, 15, 16, 17, 18, 19, 20, 21, 22, 23, 24, 25, 26, 27, 28]]
[INFO] Action Manager:  <ActionManager> contains 2 active terms.
+------------------------------------+
|  Active Action Terms (shape: 29)   |
+--------+-------------+-------------+
| Index  | Name        |   Dimension |
+--------+-------------+-------------+
|   0    | joint_pos   |          29 |
|   1    | lift        |           0 |
+--------+-------------+-------------+

[INFO] Observation Manager: <ObservationManager> contains 2 groups.
+----------------------------------------------+
| Active Observation Terms in Group: 'policy'  |
+---------+------------------------+-----------+
|  Index  | Name                   |   Shape   |
+---------+------------------------+-----------+
|    0    | base_ang_vel           |   (5, 3)  |
|    1    | projected_gravity      |   (5, 3)  |
|    2    | joint_pos              |  (5, 29)  |
|    3    | joint_vel              |  (5, 29)  |
|    4    | actions                |  (5, 29)  |
|    5    | height_command         |   (5, 1)  |
+---------+------------------------+-----------+
+----------------------------------------------+
| Active Observation Terms in Group: 'critic'  |
+---------+------------------------+-----------+
|  Index  | Name                   |   Shape   |
+---------+------------------------+-----------+
|    0    | projected_gravity      |   (5, 3)  |
|    1    | base_lin_vel           |   (5, 3)  |
|    2    | base_ang_vel           |   (5, 3)  |
|    3    | joint_pos              |  (5, 29)  |
|    4    | joint_vel              |  (5, 29)  |
|    5    | actions                |  (5, 29)  |
|    6    | contact_forces         |  (5, 30)  |
|    7    | base_height            |   (5, 1)  |
|    8    | height_command         |   (5, 1)  |
+---------+------------------------+-----------+

[INFO] Termination Manager:  <TerminationManager> contains 2 active terms.
+----------------------------------+
|     Active Termination Terms     |
+-------+---------------+----------+
| Index | Name          | Time Out |
+-------+---------------+----------+
|   0   | time_out      |   True   |
|   1   | invalid_state |  False   |
+-------+---------------+----------+

[INFO] Reward Manager:  <RewardManager> contains 32 active terms.
+--------------------------------------------+
|            Active Reward Terms             |
+-------+-------------------------+----------+
| Index | Name                    |   Weight |
+-------+-------------------------+----------+
|   0   | joint_torques_l2        |   -5e-05 |
|   1   | torque_limits           |    -0.01 |
|   2   | joint_acc_l2            | -2.5e-08 |
|   3   | joint_pos_limits        |     -0.1 |
|   4   | joint_vel_limits        |    -0.01 |
|   5   | action_rate             |     -1.0 |
|   6   | action_rate_rate        |    -0.15 |
|   7   | joint_vel_l2            |   -0.001 |
|   8   | joint_tracking_error    |     -0.5 |
|   9   | base_height_rough       |      4.0 |
|   10  | base_height_medium      |      8.0 |
|   11  | base_height_fine        |     16.0 |
|   12  | relaxation              |     -1.0 |
|   13  | joint_deviation_l1      |     -0.5 |
|   14  | joint_deviation_l1_arms |     -0.5 |
|   15  | ankle_torques           |   -0.001 |
|   16  | not_moving              |     -1.0 |
|   17  | torso_upright           |     -1.0 |
|   18  | severely_tilted         |     -5.0 |
|   19  | torso_roll              |     -5.0 |
|   20  | forward_pitch           |    -10.0 |
|   21  | illegal_contacts        |     -2.0 |
|   22  | feet_distance           |     -5.0 |
|   23  | feet_distance_standing  |    -10.0 |
|   24  | ground_unloaded         |     -2.0 |
|   25  | flat_feet               |     -1.0 |
|   26  | feet_slide              |     -1.0 |
|   27  | feet_yaw_mean           |     -2.0 |
|   28  | completely_airborne     |    -50.0 |
|   29  | body_velocity           |     -0.1 |
|   30  | ground_slam             |     -1.0 |
|   31  | torso_slam              |     -5.0 |
+-------+-------------------------+----------+

[INFO] Curriculum Manager:  <CurriculumManager> contains 8 active terms.
+---------------------------------+
|     Active Curriculum Terms     |
+-------+-------------------------+
| Index | Name                    |
+-------+-------------------------+
|   0   | adaptive_lift           |
|   1   | terrain_levels          |
|   2   | polish_action_rate_rate |
|   3   | polish_ground_slam      |
|   4   | polish_torso_slam       |
|   5   | polish_not_moving       |
|   6   | polish_joint_vel_l2     |
|   7   | random_fallen_states    |
+-------+-------------------------+

[INFO]: Completed setting up the environment...
/workspace/WBC-AGILE/.venv/lib/python3.12/site-packages/rsl_rl/utils/utils.py:220: UserWarning: The observation configuration dictionary 'obs_groups' is empty and thus likely not configured. Consider configuring the 'obs_groups' dictionary explicitly
  warnings.warn(
/workspace/WBC-AGILE/.venv/lib/python3.12/site-packages/rsl_rl/utils/utils.py:251: UserWarning: The observation configuration dictionary 'obs_groups' does not contain the 'actor' key. As an observation group with the name 'policy' was found, this is assumed to be the appropriate observation. Consider adding the 'actor' key to the 'obs_groups' dictionary for clarity. This behavior will be removed in a future version.
  warnings.warn(
/workspace/WBC-AGILE/.venv/lib/python3.12/site-packages/rsl_rl/utils/utils.py:243: UserWarning: The observation configuration dictionary 'obs_groups' does not contain the 'critic' key. As an observation group with the name 'critic' was found, this is assumed to be the appropriate observation. Consider adding the 'critic' key to the 'obs_groups' dictionary for clarity. This behavior will be removed in a future version.
  warnings.warn(
--------------------------------------------------------------------------------
Resolved observation sets: 
	 actor :  ['policy']
	 critic :  ['critic']
--------------------------------------------------------------------------------
Actor Model: MLPModel(
  (obs_normalizer): Identity()
  (distribution): GaussianDistribution()
  (mlp): MLP(
    (0): Linear(in_features=470, out_features=256, bias=True)
    (1): ELU(alpha=1.0)
    (2): Linear(in_features=256, out_features=256, bias=True)
    (3): ELU(alpha=1.0)
    (4): Linear(in_features=256, out_features=128, bias=True)
    (5): ELU(alpha=1.0)
    (6): Linear(in_features=128, out_features=29, bias=True)
  )
)
Critic Model: MLPModel(
  (obs_normalizer): Identity()
  (mlp): MLP(
    (0): Linear(in_features=640, out_features=512, bias=True)
    (1): ELU(alpha=1.0)
    (2): Linear(in_features=512, out_features=256, bias=True)
    (3): ELU(alpha=1.0)
    (4): Linear(in_features=256, out_features=128, bias=True)
    (5): ELU(alpha=1.0)
    (6): Linear(in_features=128, out_features=1, bias=True)
  )
)
Storing git diff for 'WBC-AGILE' in: /workspace/WBC-AGILE/logs/rsl_rl/height_tracking_g1/2026-09-02_03-38-21_height_tracking_g1/git/WBC-AGILE.diff
################################################################################
[1m                            Learning iteration 0/30                             [0m 

                               Run name: height_tracking_g1
                            Total steps: 24576 
                       Steps per second: 5983 
                        Collection time: 3.872s 
                          Learning time: 0.235s 
                        Mean value loss: 5.0770
                    Mean surrogate loss: 0.0328
                      Mean entropy loss: 41.1113
                     Mean symmetry loss: 0.0049
                   Mean l2c2_actor loss: 0.0017
                  Mean l2c2_critic loss: 0.0102
                            Mean reward: -31.08
                    Mean episode length: 13.15
                        Mean action std: 1.00
                    Entropy coefficient: 0.002500
        Curriculum/random_fallen_states: 0.0000
              Episode_Reward/feet_slide: -0.0123
        Episode_Reward/joint_vel_limits: -0.0000
    Episode_Reward/joint_tracking_error: -0.0548
           Episode_Reward/torque_limits: -0.0190
      Episode_Termination/invalid_state: 0.0000
           Curriculum/polish_torso_slam: -5.0000
           Episode_Reward/body_velocity: -0.0658
        Episode_Reward/joint_pos_limits: -0.0001
              Episode_Reward/torso_roll: -0.0181
         Episode_Reward/ground_unloaded: -0.0164
           Episode_Reward/ankle_torques: -0.0053
              Episode_Reward/not_moving: -0.0984
      Episode_Reward/base_height_medium: 0.0742
         Curriculum/polish_joint_vel_l2: -0.0010
               Episode_Reward/flat_feet: -0.0360
     Curriculum/polish_action_rate_rate: -0.1500
      Episode_Reward/joint_deviation_l1: -0.0156
       Episode_Reward/base_height_rough: 0.0438
           Episode_Reward/forward_pitch: -0.0042
  Episode_Reward/feet_distance_standing: -0.0023
             Episode_Reward/ground_slam: -0.0483
 Episode_Reward/joint_deviation_l1_arms: -0.0059
               Curriculum/adaptive_lift: 1.0000
            Episode_Reward/joint_vel_l2: -0.0238
            Metrics/height/height_error: 0.0000
              Episode_Reward/relaxation: -0.1002
           Episode_Reward/torso_upright: 0.0000
             Episode_Reward/action_rate: -0.8980
              Curriculum/terrain_levels: 0.0000
        Episode_Reward/base_height_fine: 0.1321
        Episode_Reward/joint_torques_l2: -0.0174
            Episode_Reward/joint_acc_l2: -0.0057
        Episode_Reward/illegal_contacts: -0.0008
           Episode_Reward/feet_yaw_mean: -0.0051
          Curriculum/polish_ground_slam: -1.0000
         Episode_Reward/severely_tilted: 0.0000
              Episode_Reward/torso_slam: -0.0401
           Episode_Termination/time_out: 0.0159
        Episode_Reward/action_rate_rate: -0.3858
     Episode_Reward/completely_airborne: -0.2069
           Episode_Reward/feet_distance: -0.0019
           Curriculum/polish_not_moving: -1.0000
--------------------------------------------------------------------------------
                         Iteration time: 4.11s
                           Time elapsed: 0:00:04
                                    ETA: 0:01:59

################################################################################
[1m                            Learning iteration 1/30                             [0m 

                               Run name: height_tracking_g1
                            Total steps: 49152 
                       Steps per second: 10831 
                        Collection time: 2.148s 
                          Learning time: 0.121s 
                        Mean value loss: 5.3850
                    Mean surrogate loss: 0.0116
                      Mean entropy loss: 41.0798
                     Mean symmetry loss: 0.0035
                   Mean l2c2_actor loss: 0.0017
                  Mean l2c2_critic loss: 0.0197
                            Mean reward: -62.03
                    Mean episode length: 24.25
                        Mean action std: 1.00
                    Entropy coefficient: 0.002500
        Curriculum/random_fallen_states: 0.0000
              Episode_Reward/feet_slide: -0.0454
        Episode_Reward/joint_vel_limits: -0.0001
    Episode_Reward/joint_tracking_error: -0.1634
           Episode_Reward/torque_limits: -0.0665
      Episode_Termination/invalid_state: 0.0005
           Curriculum/polish_torso_slam: -5.0000
           Episode_Reward/body_velocity: -0.2012
        Episode_Reward/joint_pos_limits: -0.0002
              Episode_Reward/torso_roll: -0.0607
         Episode_Reward/ground_unloaded: -0.0363
           Episode_Reward/ankle_torques: -0.0164
              Episode_Reward/not_moving: -0.2279
      Episode_Reward/base_height_medium: 0.1886
         Curriculum/polish_joint_vel_l2: -0.0010
               Episode_Reward/flat_feet: -0.1245
     Curriculum/polish_action_rate_rate: -0.1500
      Episode_Reward/joint_deviation_l1: -0.0464
       Episode_Reward/base_height_rough: 0.1176
           Episode_Reward/forward_pitch: -0.0221
  Episode_Reward/feet_distance_standing: -0.0074
             Episode_Reward/ground_slam: -0.1570
 Episode_Reward/joint_deviation_l1_arms: -0.0179
               Curriculum/adaptive_lift: 1.0000
            Episode_Reward/joint_vel_l2: -0.0733
            Metrics/height/height_error: 0.0000
              Episode_Reward/relaxation: -0.5595
           Episode_Reward/torso_upright: 0.0000
             Episode_Reward/action_rate: -2.8004
              Curriculum/terrain_levels: 0.0000
        Episode_Reward/base_height_fine: 0.3144
        Episode_Reward/joint_torques_l2: -0.0516
            Episode_Reward/joint_acc_l2: -0.0173
        Episode_Reward/illegal_contacts: -0.0030
           Episode_Reward/feet_yaw_mean: -0.0273
          Curriculum/polish_ground_slam: -1.0000
         Episode_Reward/severely_tilted: -0.0017
              Episode_Reward/torso_slam: -0.1035
           Episode_Termination/time_out: 0.0470
        Episode_Reward/action_rate_rate: -1.2417
     Episode_Reward/completely_airborne: -0.9435
           Episode_Reward/feet_distance: -0.0088
           Curriculum/polish_not_moving: -1.0000
--------------------------------------------------------------------------------
                         Iteration time: 2.27s
                           Time elapsed: 0:00:06
                                    ETA: 0:01:29

################################################################################
[1m                            Learning iteration 2/30                             [0m 

                               Run name: height_tracking_g1
                            Total steps: 73728 
                       Steps per second: 10909 
                        Collection time: 2.135s 
                          Learning time: 0.118s 
                        Mean value loss: 4.8747
                    Mean surrogate loss: -0.0076
                      Mean entropy loss: 40.9807
                     Mean symmetry loss: 0.0016
                   Mean l2c2_actor loss: 0.0018
                  Mean l2c2_critic loss: 0.0335
                            Mean reward: -94.69
                    Mean episode length: 37.70
                        Mean action std: 0.99
                    Entropy coefficient: 0.002500
        Curriculum/random_fallen_states: 0.0000
              Episode_Reward/feet_slide: -0.0722
        Episode_Reward/joint_vel_limits: -0.0002
    Episode_Reward/joint_tracking_error: -0.2804
           Episode_Reward/torque_limits: -0.1011
      Episode_Termination/invalid_state: 0.0010
           Curriculum/polish_torso_slam: -5.0000
           Episode_Reward/body_velocity: -0.4179
        Episode_Reward/joint_pos_limits: -0.0005
              Episode_Reward/torso_roll: -0.1312
         Episode_Reward/ground_unloaded: -0.0627
           Episode_Reward/ankle_torques: -0.0227
              Episode_Reward/not_moving: -0.3470
      Episode_Reward/base_height_medium: 0.3018
         Curriculum/polish_joint_vel_l2: -0.0010
               Episode_Reward/flat_feet: -0.1867
     Curriculum/polish_action_rate_rate: -0.1500
      Episode_Reward/joint_deviation_l1: -0.0735
       Episode_Reward/base_height_rough: 0.1929
           Episode_Reward/forward_pitch: -0.0654
  Episode_Reward/feet_distance_standing: -0.0205
             Episode_Reward/ground_slam: -0.2576
 Episode_Reward/joint_deviation_l1_arms: -0.0372
               Curriculum/adaptive_lift: 0.9999
            Episode_Reward/joint_vel_l2: -0.1246
            Metrics/height/height_error: 0.0000
              Episode_Reward/relaxation: -0.7220
           Episode_Reward/torso_upright: -0.0005
             Episode_Reward/action_rate: -4.5670
              Curriculum/terrain_levels: 0.0000
        Episode_Reward/base_height_fine: 0.5002
        Episode_Reward/joint_torques_l2: -0.0815
            Episode_Reward/joint_acc_l2: -0.0220
        Episode_Reward/illegal_contacts: -0.0206
           Episode_Reward/feet_yaw_mean: -0.0711
          Curriculum/polish_ground_slam: -1.0000
         Episode_Reward/severely_tilted: -0.0043
              Episode_Reward/torso_slam: -0.1811
           Episode_Termination/time_out: 0.0792
        Episode_Reward/action_rate_rate: -2.0388
     Episode_Reward/completely_airborne: -1.1350
           Episode_Reward/feet_distance: -0.0303
           Curriculum/polish_not_moving: -1.0000
--------------------------------------------------------------------------------
                         Iteration time: 2.25s
                           Time elapsed: 0:00:08
                                    ETA: 0:01:17

################################################################################
[1m                            Learning iteration 3/30                             [0m 

                               Run name: height_tracking_g1
                            Total steps: 98304 
                       Steps per second: 11052 
                        Collection time: 2.107s 
                          Learning time: 0.116s 
                        Mean value loss: 4.7682
                    Mean surrogate loss: -0.0101
                      Mean entropy loss: 40.9037
                     Mean symmetry loss: 0.0011
                   Mean l2c2_actor loss: 0.0021
                  Mean l2c2_critic loss: 0.0420
                            Mean reward: -165.91
                    Mean episode length: 64.94
                        Mean action std: 0.99
                    Entropy coefficient: 0.002500
        Curriculum/random_fallen_states: 0.0000
              Episode_Reward/feet_slide: -0.0938
        Episode_Reward/joint_vel_limits: -0.0003
    Episode_Reward/joint_tracking_error: -0.3825
           Episode_Reward/torque_limits: -0.1393
      Episode_Termination/invalid_state: 0.0010
           Curriculum/polish_torso_slam: -5.0000
           Episode_Reward/body_velocity: -0.5388
        Episode_Reward/joint_pos_limits: -0.0006
              Episode_Reward/torso_roll: -0.1559
         Episode_Reward/ground_unloaded: -0.0839
           Episode_Reward/ankle_torques: -0.0259
              Episode_Reward/not_moving: -0.5243
      Episode_Reward/base_height_medium: 0.3817
         Curriculum/polish_joint_vel_l2: -0.0010
               Episode_Reward/flat_feet: -0.2687
     Curriculum/polish_action_rate_rate: -0.1500
      Episode_Reward/joint_deviation_l1: -0.1058
       Episode_Reward/base_height_rough: 0.2394
           Episode_Reward/forward_pitch: -0.1801
  Episode_Reward/feet_distance_standing: -0.0245
             Episode_Reward/ground_slam: -0.3163
 Episode_Reward/joint_deviation_l1_arms: -0.0493
               Curriculum/adaptive_lift: 0.9985
            Episode_Reward/joint_vel_l2: -0.1834
            Metrics/height/height_error: 0.0000
              Episode_Reward/relaxation: -1.2517
           Episode_Reward/torso_upright: -0.0025
             Episode_Reward/action_rate: -6.3424
              Curriculum/terrain_levels: 0.0000
        Episode_Reward/base_height_fine: 0.6590
        Episode_Reward/joint_torques_l2: -0.1121
            Episode_Reward/joint_acc_l2: -0.0305
        Episode_Reward/illegal_contacts: -0.0300
           Episode_Reward/feet_yaw_mean: -0.0578
          Curriculum/polish_ground_slam: -1.0000
         Episode_Reward/severely_tilted: -0.0101
              Episode_Reward/torso_slam: -0.1840
           Episode_Termination/time_out: 0.1127
        Episode_Reward/action_rate_rate: -2.8295
     Episode_Reward/completely_airborne: -1.8037
           Episode_Reward/feet_distance: -0.0333
           Curriculum/polish_not_moving: -1.0000
--------------------------------------------------------------------------------
                         Iteration time: 2.22s
                           Time elapsed: 0:00:10
                                    ETA: 0:01:10

################################################################################
[1m                            Learning iteration 4/30                             [0m 

                               Run name: height_tracking_g1
                            Total steps: 122880 
                       Steps per second: 11259 
                        Collection time: 2.059s 
                          Learning time: 0.124s 
                        Mean value loss: 4.6571
                    Mean surrogate loss: -0.0136
                      Mean entropy loss: 40.8056
                     Mean symmetry loss: 0.0010
                   Mean l2c2_actor loss: 0.0026
                  Mean l2c2_critic loss: 0.0557
                            Mean reward: -225.88
                    Mean episode length: 89.31
                        Mean action std: 0.99
                    Entropy coefficient: 0.002500
        Curriculum/random_fallen_states: 0.0000
              Episode_Reward/feet_slide: -0.1406
        Episode_Reward/joint_vel_limits: -0.0004
    Episode_Reward/joint_tracking_error: -0.5039
           Episode_Reward/torque_limits: -0.1787
      Episode_Termination/invalid_state: 0.0010
           Curriculum/polish_torso_slam: -5.0000
           Episode_Reward/body_velocity: -0.6505
        Episode_Reward/joint_pos_limits: -0.0008
              Episode_Reward/torso_roll: -0.1818
         Episode_Reward/ground_unloaded: -0.1538
           Episode_Reward/ankle_torques: -0.0388
              Episode_Reward/not_moving: -1.1274
      Episode_Reward/base_height_medium: 0.7393
         Curriculum/polish_joint_vel_l2: -0.0010
               Episode_Reward/flat_feet: -0.3909
     Curriculum/polish_action_rate_rate: -0.1500
      Episode_Reward/joint_deviation_l1: -0.1424
       Episode_Reward/base_height_rough: 0.4286
           Episode_Reward/forward_pitch: -0.0903
  Episode_Reward/feet_distance_standing: -0.0409
             Episode_Reward/ground_slam: -0.4123
 Episode_Reward/joint_deviation_l1_arms: -0.0753
               Curriculum/adaptive_lift: 0.9967
            Episode_Reward/joint_vel_l2: -0.2356
            Metrics/height/height_error: 0.0305
              Episode_Reward/relaxation: -0.9672
           Episode_Reward/torso_upright: -0.0097
             Episode_Reward/action_rate: -8.2378
              Curriculum/terrain_levels: 0.0000
        Episode_Reward/base_height_fine: 1.3352
        Episode_Reward/joint_torques_l2: -0.1494
            Episode_Reward/joint_acc_l2: -0.0388
        Episode_Reward/illegal_contacts: -0.0175
           Episode_Reward/feet_yaw_mean: -0.0885
          Curriculum/polish_ground_slam: -1.0000
         Episode_Reward/severely_tilted: -0.0120
              Episode_Reward/torso_slam: -0.2277
           Episode_Termination/time_out: 0.1525
        Episode_Reward/action_rate_rate: -3.6828
     Episode_Reward/completely_airborne: -2.5725
           Episode_Reward/feet_distance: -0.0457
           Curriculum/polish_not_moving: -1.0000
--------------------------------------------------------------------------------
                         Iteration time: 2.18s
                           Time elapsed: 0:00:13
                                    ETA: 0:01:05

################################################################################
[1m                            Learning iteration 5/30                             [0m 

                               Run name: height_tracking_g1
                            Total steps: 147456 
                       Steps per second: 11380 
                        Collection time: 2.034s 
                          Learning time: 0.125s 
                        Mean value loss: 4.5117
                    Mean surrogate loss: -0.0135
                      Mean entropy loss: 40.7035
                     Mean symmetry loss: 0.0009
                   Mean l2c2_actor loss: 0.0029
                  Mean l2c2_critic loss: 0.0573
                            Mean reward: -275.29
                    Mean episode length: 107.53
                        Mean action std: 0.98
                    Entropy coefficient: 0.002500
        Curriculum/random_fallen_states: 0.0000
              Episode_Reward/feet_slide: -0.1533
        Episode_Reward/joint_vel_limits: -0.0004
    Episode_Reward/joint_tracking_error: -0.6370
           Episode_Reward/torque_limits: -0.2415
      Episode_Termination/invalid_state: 0.0024
           Curriculum/polish_torso_slam: -5.0000
           Episode_Reward/body_velocity: -0.8879
        Episode_Reward/joint_pos_limits: -0.0008
              Episode_Reward/torso_roll: -0.2266
         Episode_Reward/ground_unloaded: -0.1931
           Episode_Reward/ankle_torques: -0.0453
              Episode_Reward/not_moving: -1.0539
      Episode_Reward/base_height_medium: 0.7614
         Curriculum/polish_joint_vel_l2: -0.0010
               Episode_Reward/flat_feet: -0.3965
     Curriculum/polish_action_rate_rate: -0.1500
      Episode_Reward/joint_deviation_l1: -0.2231
       Episode_Reward/base_height_rough: 0.4606
           Episode_Reward/forward_pitch: -0.3176
  Episode_Reward/feet_distance_standing: -0.0616
             Episode_Reward/ground_slam: -0.5208
 Episode_Reward/joint_deviation_l1_arms: -0.1008
               Curriculum/adaptive_lift: 0.9949
            Episode_Reward/joint_vel_l2: -0.2888
            Metrics/height/height_error: 0.0680
              Episode_Reward/relaxation: -1.2398
           Episode_Reward/torso_upright: -0.0135
             Episode_Reward/action_rate: -10.0589
              Curriculum/terrain_levels: 0.0000
        Episode_Reward/base_height_fine: 1.3188
        Episode_Reward/joint_torques_l2: -0.1980
            Episode_Reward/joint_acc_l2: -0.0641
        Episode_Reward/illegal_contacts: -0.0507
           Episode_Reward/feet_yaw_mean: -0.1380
          Curriculum/polish_ground_slam: -1.0000
         Episode_Reward/severely_tilted: -0.0117
              Episode_Reward/torso_slam: -0.3168
           Episode_Termination/time_out: 0.1824
        Episode_Reward/action_rate_rate: -4.5096
     Episode_Reward/completely_airborne: -3.2238
           Episode_Reward/feet_distance: -0.0490
           Curriculum/polish_not_moving: -1.0000
--------------------------------------------------------------------------------
                         Iteration time: 2.16s
                           Time elapsed: 0:00:15
                                    ETA: 0:01:00

################################################################################
[1m                            Learning iteration 6/30                             [0m 

                               Run name: height_tracking_g1
                            Total steps: 172032 
                       Steps per second: 11473 
                        Collection time: 2.027s 
                          Learning time: 0.115s 
                        Mean value loss: 4.3816
                    Mean surrogate loss: -0.0148
                      Mean entropy loss: 40.5912
                     Mean symmetry loss: 0.0008
                   Mean l2c2_actor loss: 0.0032
                  Mean l2c2_critic loss: 0.0642
                            Mean reward: -326.77
                    Mean episode length: 128.49
                        Mean action std: 0.98
                    Entropy coefficient: 0.002500
        Curriculum/random_fallen_states: 0.0000
              Episode_Reward/feet_slide: -0.1674
        Episode_Reward/joint_vel_limits: -0.0004
    Episode_Reward/joint_tracking_error: -0.7183
           Episode_Reward/torque_limits: -0.2438
      Episode_Termination/invalid_state: 0.0037
           Curriculum/polish_torso_slam: -5.0000
           Episode_Reward/body_velocity: -0.8990
        Episode_Reward/joint_pos_limits: -0.0010
              Episode_Reward/torso_roll: -0.2748
         Episode_Reward/ground_unloaded: -0.1730
           Episode_Reward/ankle_torques: -0.0494
              Episode_Reward/not_moving: -1.1368
      Episode_Reward/base_height_medium: 0.8094
         Curriculum/polish_joint_vel_l2: -0.0010
               Episode_Reward/flat_feet: -0.5605
     Curriculum/polish_action_rate_rate: -0.1500
      Episode_Reward/joint_deviation_l1: -0.1224
       Episode_Reward/base_height_rough: 0.5138
           Episode_Reward/forward_pitch: -0.3488
  Episode_Reward/feet_distance_standing: -0.0559
             Episode_Reward/ground_slam: -0.6025
 Episode_Reward/joint_deviation_l1_arms: -0.0684
               Curriculum/adaptive_lift: 0.9931
            Episode_Reward/joint_vel_l2: -0.3216
            Metrics/height/height_error: 0.0199
              Episode_Reward/relaxation: -2.0612
           Episode_Reward/torso_upright: -0.0065
             Episode_Reward/action_rate: -11.4766
              Curriculum/terrain_levels: 0.0000
        Episode_Reward/base_height_fine: 1.3964
        Episode_Reward/joint_torques_l2: -0.2215
            Episode_Reward/joint_acc_l2: -0.0782
        Episode_Reward/illegal_contacts: -0.0617
           Episode_Reward/feet_yaw_mean: -0.1461
          Curriculum/polish_ground_slam: -1.0000
         Episode_Reward/severely_tilted: -0.0161
              Episode_Reward/torso_slam: -0.3976
           Episode_Termination/time_out: 0.2129
        Episode_Reward/action_rate_rate: -5.1275
     Episode_Reward/completely_airborne: -3.0933
           Episode_Reward/feet_distance: -0.0817
           Curriculum/polish_not_moving: -1.0000
--------------------------------------------------------------------------------
                         Iteration time: 2.14s
                           Time elapsed: 0:00:17
                                    ETA: 0:00:56

################################################################################
[1m                            Learning iteration 7/30                             [0m 

                               Run name: height_tracking_g1
                            Total steps: 196608 
                       Steps per second: 11384 
                        Collection time: 2.029s 
                          Learning time: 0.129s 
                        Mean value loss: 4.2918
                    Mean surrogate loss: -0.0132
                      Mean entropy loss: 40.4936
                     Mean symmetry loss: 0.0008
                   Mean l2c2_actor loss: 0.0035
                  Mean l2c2_critic loss: 0.0779
                            Mean reward: -389.80
                    Mean episode length: 154.17
                        Mean action std: 0.98
                    Entropy coefficient: 0.002500
        Curriculum/random_fallen_states: 0.0000
              Episode_Reward/feet_slide: -0.2383
        Episode_Reward/joint_vel_limits: -0.0007
    Episode_Reward/joint_tracking_error: -0.8249
           Episode_Reward/torque_limits: -0.2928
      Episode_Termination/invalid_state: 0.0049
           Curriculum/polish_torso_slam: -5.0000
           Episode_Reward/body_velocity: -1.1055
        Episode_Reward/joint_pos_limits: -0.0010
              Episode_Reward/torso_roll: -0.2673
         Episode_Reward/ground_unloaded: -0.2537
           Episode_Reward/ankle_torques: -0.0853
              Episode_Reward/not_moving: -1.9163
      Episode_Reward/base_height_medium: 1.2564
         Curriculum/polish_joint_vel_l2: -0.0010
               Episode_Reward/flat_feet: -0.6193
     Curriculum/polish_action_rate_rate: -0.1500
      Episode_Reward/joint_deviation_l1: -0.3195
       Episode_Reward/base_height_rough: 0.7271
           Episode_Reward/forward_pitch: -0.3270
  Episode_Reward/feet_distance_standing: -0.0885
             Episode_Reward/ground_slam: -0.6767
 Episode_Reward/joint_deviation_l1_arms: -0.1503
               Curriculum/adaptive_lift: 0.9914
            Episode_Reward/joint_vel_l2: -0.4042
            Metrics/height/height_error: 0.0394
              Episode_Reward/relaxation: -1.3495
           Episode_Reward/torso_upright: -0.0212
             Episode_Reward/action_rate: -13.5426
              Curriculum/terrain_levels: 0.0000
        Episode_Reward/base_height_fine: 2.2652
        Episode_Reward/joint_torques_l2: -0.2445
            Episode_Reward/joint_acc_l2: -0.0742
        Episode_Reward/illegal_contacts: -0.0577
           Episode_Reward/feet_yaw_mean: -0.0863
          Curriculum/polish_ground_slam: -1.0000
         Episode_Reward/severely_tilted: -0.0001
              Episode_Reward/torso_slam: -0.3890
           Episode_Termination/time_out: 0.2421
        Episode_Reward/action_rate_rate: -6.0694
     Episode_Reward/completely_airborne: -4.5928
           Episode_Reward/feet_distance: -0.0740
           Curriculum/polish_not_moving: -1.0000
--------------------------------------------------------------------------------
                         Iteration time: 2.16s
                           Time elapsed: 0:00:19
                                    ETA: 0:00:53

################################################################################
[1m                            Learning iteration 8/30                             [0m 

                               Run name: height_tracking_g1
                            Total steps: 221184 
                       Steps per second: 11398 
                        Collection time: 2.034s 
                          Learning time: 0.122s 
                        Mean value loss: 4.3297
                    Mean surrogate loss: -0.0132
                      Mean entropy loss: 40.4197
                     Mean symmetry loss: 0.0008
                   Mean l2c2_actor loss: 0.0038
                  Mean l2c2_critic loss: 0.0815
                            Mean reward: -435.11
                    Mean episode length: 175.03
                        Mean action std: 0.97
                    Entropy coefficient: 0.002500
        Curriculum/random_fallen_states: 0.0000
              Episode_Reward/feet_slide: -0.2581
        Episode_Reward/joint_vel_limits: -0.0006
    Episode_Reward/joint_tracking_error: -0.9081
           Episode_Reward/torque_limits: -0.3263
      Episode_Termination/invalid_state: 0.0049
           Curriculum/polish_torso_slam: -5.0000
           Episode_Reward/body_velocity: -1.3599
        Episode_Reward/joint_pos_limits: -0.0014
              Episode_Reward/torso_roll: -0.3766
         Episode_Reward/ground_unloaded: -0.3252
           Episode_Reward/ankle_torques: -0.0625
              Episode_Reward/not_moving: -2.3573
      Episode_Reward/base_height_medium: 1.5991
         Curriculum/polish_joint_vel_l2: -0.0010
               Episode_Reward/flat_feet: -0.6486
     Curriculum/polish_action_rate_rate: -0.1500
      Episode_Reward/joint_deviation_l1: -0.3668
       Episode_Reward/base_height_rough: 0.8907
           Episode_Reward/forward_pitch: -0.2166
  Episode_Reward/feet_distance_standing: -0.1080
             Episode_Reward/ground_slam: -0.7586
 Episode_Reward/joint_deviation_l1_arms: -0.1718
               Curriculum/adaptive_lift: 0.9896
            Episode_Reward/joint_vel_l2: -0.4366
            Metrics/height/height_error: 0.0435
              Episode_Reward/relaxation: -1.1173
           Episode_Reward/torso_upright: -0.0272
             Episode_Reward/action_rate: -15.3949
              Curriculum/terrain_levels: 0.0000
        Episode_Reward/base_height_fine: 2.8821
        Episode_Reward/joint_torques_l2: -0.2844
            Episode_Reward/joint_acc_l2: -0.0794
        Episode_Reward/illegal_contacts: -0.0398
           Episode_Reward/feet_yaw_mean: -0.1362
          Curriculum/polish_ground_slam: -1.0000
         Episode_Reward/severely_tilted: -0.0051
              Episode_Reward/torso_slam: -0.5100
           Episode_Termination/time_out: 0.2710
        Episode_Reward/action_rate_rate: -6.9034
     Episode_Reward/completely_airborne: -5.2199
           Episode_Reward/feet_distance: -0.0960
           Curriculum/polish_not_moving: -1.0000
--------------------------------------------------------------------------------
                         Iteration time: 2.16s
                           Time elapsed: 0:00:21
                                    ETA: 0:00:50

################################################################################
[1m                            Learning iteration 9/30                             [0m 

                               Run name: height_tracking_g1
                            Total steps: 245760 
                       Steps per second: 11372 
                        Collection time: 2.036s 
                          Learning time: 0.125s 
                        Mean value loss: 4.0193
                    Mean surrogate loss: -0.0138
                      Mean entropy loss: 40.3470
                     Mean symmetry loss: 0.0008
                   Mean l2c2_actor loss: 0.0041
                  Mean l2c2_critic loss: 0.0818
                            Mean reward: -490.54
                    Mean episode length: 197.54
                        Mean action std: 0.97
                    Entropy coefficient: 0.002500
        Curriculum/random_fallen_states: 0.0000
              Episode_Reward/feet_slide: -0.2634
        Episode_Reward/joint_vel_limits: -0.0006
    Episode_Reward/joint_tracking_error: -1.0430
           Episode_Reward/torque_limits: -0.3876
      Episode_Termination/invalid_state: 0.0049
           Curriculum/polish_torso_slam: -5.0000
           Episode_Reward/body_velocity: -1.3386
        Episode_Reward/joint_pos_limits: -0.0012
              Episode_Reward/torso_roll: -0.3835
         Episode_Reward/ground_unloaded: -0.2266
           Episode_Reward/ankle_torques: -0.0784
              Episode_Reward/not_moving: -1.7100
      Episode_Reward/base_height_medium: 1.2471
         Curriculum/polish_joint_vel_l2: -0.0010
               Episode_Reward/flat_feet: -0.8590
     Curriculum/polish_action_rate_rate: -0.1500
      Episode_Reward/joint_deviation_l1: -0.3359
       Episode_Reward/base_height_rough: 0.7714
           Episode_Reward/forward_pitch: -0.9662
  Episode_Reward/feet_distance_standing: -0.0993
             Episode_Reward/ground_slam: -0.8385
 Episode_Reward/joint_deviation_l1_arms: -0.1564
               Curriculum/adaptive_lift: 0.9878
            Episode_Reward/joint_vel_l2: -0.4886
            Metrics/height/height_error: 0.0237
              Episode_Reward/relaxation: -3.2484
           Episode_Reward/torso_upright: -0.0221
             Episode_Reward/action_rate: -17.1962
              Curriculum/terrain_levels: 0.0000
        Episode_Reward/base_height_fine: 2.1703
        Episode_Reward/joint_torques_l2: -0.3112
            Episode_Reward/joint_acc_l2: -0.0841
        Episode_Reward/illegal_contacts: -0.1976
           Episode_Reward/feet_yaw_mean: -0.1164
          Curriculum/polish_ground_slam: -1.0000
         Episode_Reward/severely_tilted: -0.0008
              Episode_Reward/torso_slam: -0.5080
           Episode_Termination/time_out: 0.2992
        Episode_Reward/action_rate_rate: -7.7024
     Episode_Reward/completely_airborne: -4.6675
           Episode_Reward/feet_distance: -0.0984
           Curriculum/polish_not_moving: -1.0000
--------------------------------------------------------------------------------
                         Iteration time: 2.16s
                           Time elapsed: 0:00:23
                                    ETA: 0:00:47

################################################################################
[1m                            Learning iteration 10/30                            [0m 

                               Run name: height_tracking_g1
                            Total steps: 270336 
                       Steps per second: 11485 
                        Collection time: 2.012s 
                          Learning time: 0.128s 
                        Mean value loss: 3.8559
                    Mean surrogate loss: -0.0139
                      Mean entropy loss: 40.2453
                     Mean symmetry loss: 0.0008
                   Mean l2c2_actor loss: 0.0043
                  Mean l2c2_critic loss: 0.0792
                            Mean reward: -548.04
                    Mean episode length: 220.47
                        Mean action std: 0.97
                    Entropy coefficient: 0.002500
        Curriculum/random_fallen_states: 0.0000
              Episode_Reward/feet_slide: -0.2700
        Episode_Reward/joint_vel_limits: -0.0006
    Episode_Reward/joint_tracking_error: -1.1082
           Episode_Reward/torque_limits: -0.3985
      Episode_Termination/invalid_state: 0.0049
           Curriculum/polish_torso_slam: -5.0000
           Episode_Reward/body_velocity: -1.2572
        Episode_Reward/joint_pos_limits: -0.0013
              Episode_Reward/torso_roll: -0.4277
         Episode_Reward/ground_unloaded: -0.2305
           Episode_Reward/ankle_torques: -0.0942
              Episode_Reward/not_moving: -1.4624
      Episode_Reward/base_height_medium: 1.1535
         Curriculum/polish_joint_vel_l2: -0.0010
               Episode_Reward/flat_feet: -0.9488
     Curriculum/polish_action_rate_rate: -0.1500
      Episode_Reward/joint_deviation_l1: -0.2659
       Episode_Reward/base_height_rough: 0.7586
           Episode_Reward/forward_pitch: -1.2165
  Episode_Reward/feet_distance_standing: -0.0830
             Episode_Reward/ground_slam: -0.9052
 Episode_Reward/joint_deviation_l1_arms: -0.1296
               Curriculum/adaptive_lift: 0.9863
            Episode_Reward/joint_vel_l2: -0.5135
            Metrics/height/height_error: 0.0308
              Episode_Reward/relaxation: -3.8299
           Episode_Reward/torso_upright: -0.0199
             Episode_Reward/action_rate: -18.9001
              Curriculum/terrain_levels: 0.0000
        Episode_Reward/base_height_fine: 1.9622
        Episode_Reward/joint_torques_l2: -0.3312
            Episode_Reward/joint_acc_l2: -0.0931
        Episode_Reward/illegal_contacts: -0.2639
           Episode_Reward/feet_yaw_mean: -0.1372
          Curriculum/polish_ground_slam: -1.0000
         Episode_Reward/severely_tilted: -0.0044
              Episode_Reward/torso_slam: -0.5504
           Episode_Termination/time_out: 0.3265
        Episode_Reward/action_rate_rate: -8.4900
     Episode_Reward/completely_airborne: -4.5199
           Episode_Reward/feet_distance: -0.1015
           Curriculum/polish_not_moving: -1.0000
--------------------------------------------------------------------------------
                         Iteration time: 2.14s
                           Time elapsed: 0:00:25
                                    ETA: 0:00:44

################################################################################
[1m                            Learning iteration 11/30                            [0m 

                               Run name: height_tracking_g1
                            Total steps: 294912 
                       Steps per second: 11280 
                        Collection time: 2.052s 
                          Learning time: 0.126s 
                        Mean value loss: 3.8188
                    Mean surrogate loss: -0.0137
                      Mean entropy loss: 40.1279
                     Mean symmetry loss: 0.0008
                   Mean l2c2_actor loss: 0.0046
                  Mean l2c2_critic loss: 0.0852
                            Mean reward: -625.90
                    Mean episode length: 251.50
                        Mean action std: 0.96
                    Entropy coefficient: 0.002500
        Curriculum/random_fallen_states: 0.0000
              Episode_Reward/feet_slide: -0.3012
        Episode_Reward/joint_vel_limits: -0.0007
    Episode_Reward/joint_tracking_error: -1.2066
           Episode_Reward/torque_limits: -0.4600
      Episode_Termination/invalid_state: 0.0049
           Curriculum/polish_torso_slam: -5.0000
           Episode_Reward/body_velocity: -1.2925
        Episode_Reward/joint_pos_limits: -0.0015
              Episode_Reward/torso_roll: -0.4318
         Episode_Reward/ground_unloaded: -0.2957
           Episode_Reward/ankle_torques: -0.0879
              Episode_Reward/not_moving: -2.1872
      Episode_Reward/base_height_medium: 1.6331
         Curriculum/polish_joint_vel_l2: -0.0010
               Episode_Reward/flat_feet: -1.0514
     Curriculum/polish_action_rate_rate: -0.1500
      Episode_Reward/joint_deviation_l1: -0.3499
       Episode_Reward/base_height_rough: 1.0144
           Episode_Reward/forward_pitch: -1.2166
  Episode_Reward/feet_distance_standing: -0.1093
             Episode_Reward/ground_slam: -0.9475
 Episode_Reward/joint_deviation_l1_arms: -0.1629
               Curriculum/adaptive_lift: 0.9847
            Episode_Reward/joint_vel_l2: -0.5629
            Metrics/height/height_error: 0.0302
              Episode_Reward/relaxation: -3.4147
           Episode_Reward/torso_upright: -0.0300
             Episode_Reward/action_rate: -20.5674
              Curriculum/terrain_levels: 0.0000
        Episode_Reward/base_height_fine: 2.8037
        Episode_Reward/joint_torques_l2: -0.3849
            Episode_Reward/joint_acc_l2: -0.1107
        Episode_Reward/illegal_contacts: -0.2530
           Episode_Reward/feet_yaw_mean: -0.1293
          Curriculum/polish_ground_slam: -1.0000
         Episode_Reward/severely_tilted: -0.0031
              Episode_Reward/torso_slam: -0.5604
           Episode_Termination/time_out: 0.3517
        Episode_Reward/action_rate_rate: -9.2135
     Episode_Reward/completely_airborne: -5.2262
           Episode_Reward/feet_distance: -0.1144
           Curriculum/polish_not_moving: -1.0000
--------------------------------------------------------------------------------
                         Iteration time: 2.18s
                           Time elapsed: 0:00:28
                                    ETA: 0:00:42

################################################################################
[1m                            Learning iteration 12/30                            [0m 

                               Run name: height_tracking_g1
                            Total steps: 319488 
                       Steps per second: 11322 
                        Collection time: 2.046s 
                          Learning time: 0.124s 
                        Mean value loss: 3.6783
                    Mean surrogate loss: -0.0149
                      Mean entropy loss: 40.0191
                     Mean symmetry loss: 0.0007
                   Mean l2c2_actor loss: 0.0048
                  Mean l2c2_critic loss: 0.0904
                            Mean reward: -707.57
                    Mean episode length: 282.82
                        Mean action std: 0.96
                    Entropy coefficient: 0.002500
        Curriculum/random_fallen_states: 0.0000
              Episode_Reward/feet_slide: -0.3346
        Episode_Reward/joint_vel_limits: -0.0007
    Episode_Reward/joint_tracking_error: -1.3031
           Episode_Reward/torque_limits: -0.4695
      Episode_Termination/invalid_state: 0.0049
           Curriculum/polish_torso_slam: -5.0000
           Episode_Reward/body_velocity: -1.5106
        Episode_Reward/joint_pos_limits: -0.0018
              Episode_Reward/torso_roll: -0.5422
         Episode_Reward/ground_unloaded: -0.3378
           Episode_Reward/ankle_torques: -0.0997
              Episode_Reward/not_moving: -2.3866
      Episode_Reward/base_height_medium: 1.7247
         Curriculum/polish_joint_vel_l2: -0.0010
               Episode_Reward/flat_feet: -1.2753
     Curriculum/polish_action_rate_rate: -0.1500
      Episode_Reward/joint_deviation_l1: -0.2287
       Episode_Reward/base_height_rough: 1.0683
           Episode_Reward/forward_pitch: -1.2494
  Episode_Reward/feet_distance_standing: -0.0918
             Episode_Reward/ground_slam: -1.1758
 Episode_Reward/joint_deviation_l1_arms: -0.1162
               Curriculum/adaptive_lift: 0.9828
            Episode_Reward/joint_vel_l2: -0.6009
            Metrics/height/height_error: 0.0208
              Episode_Reward/relaxation: -3.9579
           Episode_Reward/torso_upright: -0.0169
             Episode_Reward/action_rate: -22.2945
              Curriculum/terrain_levels: 0.0000
        Episode_Reward/base_height_fine: 3.0447
        Episode_Reward/joint_torques_l2: -0.4214
            Episode_Reward/joint_acc_l2: -0.1173
        Episode_Reward/illegal_contacts: -0.2688
           Episode_Reward/feet_yaw_mean: -0.1956
          Curriculum/polish_ground_slam: -1.0000
         Episode_Reward/severely_tilted: -0.0156
              Episode_Reward/torso_slam: -0.7902
           Episode_Termination/time_out: 0.3960
        Episode_Reward/action_rate_rate: -9.9913
     Episode_Reward/completely_airborne: -5.6045
           Episode_Reward/feet_distance: -0.1368
           Curriculum/polish_not_moving: -1.0000
--------------------------------------------------------------------------------
                         Iteration time: 2.17s
                           Time elapsed: 0:00:30
                                    ETA: 0:00:39

################################################################################
[1m                            Learning iteration 13/30                            [0m 

                               Run name: height_tracking_g1
                            Total steps: 344064 
                       Steps per second: 11348 
                        Collection time: 2.050s 
                          Learning time: 0.116s 
                        Mean value loss: 3.5697
                    Mean surrogate loss: -0.0143
                      Mean entropy loss: 39.9244
                     Mean symmetry loss: 0.0008
                   Mean l2c2_actor loss: 0.0051
                  Mean l2c2_critic loss: 0.0891
                            Mean reward: -761.35
                    Mean episode length: 307.10
                        Mean action std: 0.96
                    Entropy coefficient: 0.002500
        Curriculum/random_fallen_states: 0.0000
              Episode_Reward/feet_slide: -0.3896
        Episode_Reward/joint_vel_limits: -0.0008
    Episode_Reward/joint_tracking_error: -1.3978
           Episode_Reward/torque_limits: -0.5173
      Episode_Termination/invalid_state: 0.0049
           Curriculum/polish_torso_slam: -5.0000
           Episode_Reward/body_velocity: -1.7449
        Episode_Reward/joint_pos_limits: -0.0020
              Episode_Reward/torso_roll: -0.5206
         Episode_Reward/ground_unloaded: -0.3934
           Episode_Reward/ankle_torques: -0.1095
              Episode_Reward/not_moving: -2.5652
      Episode_Reward/base_height_medium: 1.9485
         Curriculum/polish_joint_vel_l2: -0.0010
               Episode_Reward/flat_feet: -1.1977
     Curriculum/polish_action_rate_rate: -0.1500
      Episode_Reward/joint_deviation_l1: -0.4621
       Episode_Reward/base_height_rough: 1.1978
           Episode_Reward/forward_pitch: -0.9182
  Episode_Reward/feet_distance_standing: -0.1278
             Episode_Reward/ground_slam: -1.1734
 Episode_Reward/joint_deviation_l1_arms: -0.2093
               Curriculum/adaptive_lift: 0.9808
            Episode_Reward/joint_vel_l2: -0.6614
            Metrics/height/height_error: 0.0438
              Episode_Reward/relaxation: -3.5219
           Episode_Reward/torso_upright: -0.0394
             Episode_Reward/action_rate: -24.0784
              Curriculum/terrain_levels: 0.0000
        Episode_Reward/base_height_fine: 3.3525
        Episode_Reward/joint_torques_l2: -0.4244
            Episode_Reward/joint_acc_l2: -0.1200
        Episode_Reward/illegal_contacts: -0.1883
           Episode_Reward/feet_yaw_mean: -0.1774
          Curriculum/polish_ground_slam: -1.0000
         Episode_Reward/severely_tilted: -0.0051
              Episode_Reward/torso_slam: -0.7395
           Episode_Termination/time_out: 0.4351
        Episode_Reward/action_rate_rate: -10.8012
     Episode_Reward/completely_airborne: -6.2690
           Episode_Reward/feet_distance: -0.1355
           Curriculum/polish_not_moving: -1.0000
--------------------------------------------------------------------------------
                         Iteration time: 2.17s
                           Time elapsed: 0:00:32
                                    ETA: 0:00:37

################################################################################
[1m                            Learning iteration 14/30                            [0m 

                               Run name: height_tracking_g1
                            Total steps: 368640 
                       Steps per second: 11436 
                        Collection time: 2.032s 
                          Learning time: 0.117s 
                        Mean value loss: 3.5643
                    Mean surrogate loss: -0.0127
                      Mean entropy loss: 39.8342
                     Mean symmetry loss: 0.0008
                   Mean l2c2_actor loss: 0.0052
                  Mean l2c2_critic loss: 0.0895
                            Mean reward: -795.50
                    Mean episode length: 328.09
                        Mean action std: 0.95
                    Entropy coefficient: 0.002500
        Curriculum/random_fallen_states: 0.0000
              Episode_Reward/feet_slide: -0.4307
        Episode_Reward/joint_vel_limits: -0.0008
    Episode_Reward/joint_tracking_error: -1.4658
           Episode_Reward/torque_limits: -0.5173
      Episode_Termination/invalid_state: 0.0049
           Curriculum/polish_torso_slam: -5.0000
           Episode_Reward/body_velocity: -1.7840
        Episode_Reward/joint_pos_limits: -0.0026
              Episode_Reward/torso_roll: -0.6226
         Episode_Reward/ground_unloaded: -0.4816
           Episode_Reward/ankle_torques: -0.0975
              Episode_Reward/not_moving: -3.6830
      Episode_Reward/base_height_medium: 2.4647
         Curriculum/polish_joint_vel_l2: -0.0010
               Episode_Reward/flat_feet: -1.4259
     Curriculum/polish_action_rate_rate: -0.1500
      Episode_Reward/joint_deviation_l1: -0.3198
       Episode_Reward/base_height_rough: 1.4183
           Episode_Reward/forward_pitch: -0.7141
  Episode_Reward/feet_distance_standing: -0.0967
             Episode_Reward/ground_slam: -1.2077
 Episode_Reward/joint_deviation_l1_arms: -0.1576
               Curriculum/adaptive_lift: 0.9788
            Episode_Reward/joint_vel_l2: -0.6933
            Metrics/height/height_error: 0.0505
              Episode_Reward/relaxation: -2.6538
           Episode_Reward/torso_upright: -0.0294
             Episode_Reward/action_rate: -25.6550
              Curriculum/terrain_levels: 0.0000
        Episode_Reward/base_height_fine: 4.4992
        Episode_Reward/joint_torques_l2: -0.4604
            Episode_Reward/joint_acc_l2: -0.1303
        Episode_Reward/illegal_contacts: -0.1453
           Episode_Reward/feet_yaw_mean: -0.1723
          Curriculum/polish_ground_slam: -1.0000
         Episode_Reward/severely_tilted: -0.0019
              Episode_Reward/torso_slam: -0.8325
           Episode_Termination/time_out: 0.4715
        Episode_Reward/action_rate_rate: -11.4796
     Episode_Reward/completely_airborne: -7.6623
           Episode_Reward/feet_distance: -0.1556
           Curriculum/polish_not_moving: -1.0000
--------------------------------------------------------------------------------
                         Iteration time: 2.15s
                           Time elapsed: 0:00:34
                                    ETA: 0:00:34

################################################################################
[1m                            Learning iteration 15/30                            [0m 

                               Run name: height_tracking_g1
                            Total steps: 393216 
                       Steps per second: 11391 
                        Collection time: 2.027s 
                          Learning time: 0.130s 
                        Mean value loss: 3.3178
                    Mean surrogate loss: -0.0121
                      Mean entropy loss: 39.7562
                     Mean symmetry loss: 0.0007
                   Mean l2c2_actor loss: 0.0052
                  Mean l2c2_critic loss: 0.0942
                            Mean reward: -846.19
                    Mean episode length: 353.16
                        Mean action std: 0.95
                    Entropy coefficient: 0.002500
        Curriculum/random_fallen_states: 0.0000
              Episode_Reward/feet_slide: -0.4434
        Episode_Reward/joint_vel_limits: -0.0009
    Episode_Reward/joint_tracking_error: -1.6021
           Episode_Reward/torque_limits: -0.5855
      Episode_Termination/invalid_state: 0.0049
           Curriculum/polish_torso_slam: -5.0000
           Episode_Reward/body_velocity: -1.9652
        Episode_Reward/joint_pos_limits: -0.0024
              Episode_Reward/torso_roll: -0.6096
         Episode_Reward/ground_unloaded: -0.4986
           Episode_Reward/ankle_torques: -0.1018
              Episode_Reward/not_moving: -3.7948
      Episode_Reward/base_height_medium: 2.5695
         Curriculum/polish_joint_vel_l2: -0.0010
               Episode_Reward/flat_feet: -1.3875
     Curriculum/polish_action_rate_rate: -0.1500
      Episode_Reward/joint_deviation_l1: -0.4774
       Episode_Reward/base_height_rough: 1.5103
           Episode_Reward/forward_pitch: -0.5644
  Episode_Reward/feet_distance_standing: -0.1481
             Episode_Reward/ground_slam: -1.2970
 Episode_Reward/joint_deviation_l1_arms: -0.2200
               Curriculum/adaptive_lift: 0.9770
            Episode_Reward/joint_vel_l2: -0.7603
            Metrics/height/height_error: 0.0443
              Episode_Reward/relaxation: -3.4971
           Episode_Reward/torso_upright: -0.0489
             Episode_Reward/action_rate: -27.3730
              Curriculum/terrain_levels: 0.0000
        Episode_Reward/base_height_fine: 4.5531
        Episode_Reward/joint_torques_l2: -0.4964
            Episode_Reward/joint_acc_l2: -0.1365
        Episode_Reward/illegal_contacts: -0.0980
           Episode_Reward/feet_yaw_mean: -0.1913
          Curriculum/polish_ground_slam: -1.0000
         Episode_Reward/severely_tilted: -0.0242
              Episode_Reward/torso_slam: -0.9638
           Episode_Termination/time_out: 0.5068
        Episode_Reward/action_rate_rate: -12.2407
     Episode_Reward/completely_airborne: -8.8859
           Episode_Reward/feet_distance: -0.1628
           Curriculum/polish_not_moving: -1.0000
--------------------------------------------------------------------------------
                         Iteration time: 2.16s
                           Time elapsed: 0:00:36
                                    ETA: 0:00:32

################################################################################
[1m                            Learning iteration 16/30                            [0m 

                               Run name: height_tracking_g1
                            Total steps: 417792 
                       Steps per second: 11488 
                        Collection time: 2.014s 
                          Learning time: 0.125s 
                        Mean value loss: 3.1436
                    Mean surrogate loss: -0.0129
                      Mean entropy loss: 39.6580
                     Mean symmetry loss: 0.0008
                   Mean l2c2_actor loss: 0.0053
                  Mean l2c2_critic loss: 0.0953
                            Mean reward: -879.40
                    Mean episode length: 368.99
                        Mean action std: 0.95
                    Entropy coefficient: 0.002500
        Curriculum/random_fallen_states: 0.0000
              Episode_Reward/feet_slide: -0.4834
        Episode_Reward/joint_vel_limits: -0.0009
    Episode_Reward/joint_tracking_error: -1.6727
           Episode_Reward/torque_limits: -0.6136
      Episode_Termination/invalid_state: 0.0049
           Curriculum/polish_torso_slam: -5.0000
           Episode_Reward/body_velocity: -1.9513
        Episode_Reward/joint_pos_limits: -0.0023
              Episode_Reward/torso_roll: -0.6121
         Episode_Reward/ground_unloaded: -0.4664
           Episode_Reward/ankle_torques: -0.1296
              Episode_Reward/not_moving: -3.3408
      Episode_Reward/base_height_medium: 2.4245
         Curriculum/polish_joint_vel_l2: -0.0010
               Episode_Reward/flat_feet: -1.5632
     Curriculum/polish_action_rate_rate: -0.1500
      Episode_Reward/joint_deviation_l1: -0.4510
       Episode_Reward/base_height_rough: 1.4623
           Episode_Reward/forward_pitch: -0.9984
  Episode_Reward/feet_distance_standing: -0.1350
             Episode_Reward/ground_slam: -1.4245
 Episode_Reward/joint_deviation_l1_arms: -0.2165
               Curriculum/adaptive_lift: 0.9751
            Episode_Reward/joint_vel_l2: -0.7917
            Metrics/height/height_error: 0.0359
              Episode_Reward/relaxation: -4.4508
           Episode_Reward/torso_upright: -0.0462
             Episode_Reward/action_rate: -28.9457
              Curriculum/terrain_levels: 0.0000
        Episode_Reward/base_height_fine: 4.3256
        Episode_Reward/joint_torques_l2: -0.5196
            Episode_Reward/joint_acc_l2: -0.1369
        Episode_Reward/illegal_contacts: -0.1958
           Episode_Reward/feet_yaw_mean: -0.1849
          Curriculum/polish_ground_slam: -1.0000
         Episode_Reward/severely_tilted: -0.0062
              Episode_Reward/torso_slam: -0.9198
           Episode_Termination/time_out: 0.5408
        Episode_Reward/action_rate_rate: -12.9456
     Episode_Reward/completely_airborne: -8.3037
           Episode_Reward/feet_distance: -0.1524
           Curriculum/polish_not_moving: -1.0000
--------------------------------------------------------------------------------
                         Iteration time: 2.14s
                           Time elapsed: 0:00:38
                                    ETA: 0:00:29

################################################################################
[1m                            Learning iteration 17/30                            [0m 

                               Run name: height_tracking_g1
                            Total steps: 442368 
                       Steps per second: 11502 
                        Collection time: 2.021s 
                          Learning time: 0.115s 
                        Mean value loss: 3.1665
                    Mean surrogate loss: -0.0112
                      Mean entropy loss: 39.5631
                     Mean symmetry loss: 0.0007
                   Mean l2c2_actor loss: 0.0054
                  Mean l2c2_critic loss: 0.0907
                            Mean reward: -941.52
                    Mean episode length: 394.68
                        Mean action std: 0.95
                    Entropy coefficient: 0.002500
        Curriculum/random_fallen_states: 0.0000
              Episode_Reward/feet_slide: -0.5214
        Episode_Reward/joint_vel_limits: -0.0009
    Episode_Reward/joint_tracking_error: -1.7402
           Episode_Reward/torque_limits: -0.6265
      Episode_Termination/invalid_state: 0.0049
           Curriculum/polish_torso_slam: -5.0000
           Episode_Reward/body_velocity: -2.0038
        Episode_Reward/joint_pos_limits: -0.0025
              Episode_Reward/torso_roll: -0.7661
         Episode_Reward/ground_unloaded: -0.5208
           Episode_Reward/ankle_torques: -0.1347
              Episode_Reward/not_moving: -4.0522
      Episode_Reward/base_height_medium: 2.8219
         Curriculum/polish_joint_vel_l2: -0.0010
               Episode_Reward/flat_feet: -1.8025
     Curriculum/polish_action_rate_rate: -0.1500
      Episode_Reward/joint_deviation_l1: -0.3053
       Episode_Reward/base_height_rough: 1.6485
           Episode_Reward/forward_pitch: -1.4694
  Episode_Reward/feet_distance_standing: -0.1711
             Episode_Reward/ground_slam: -1.6066
 Episode_Reward/joint_deviation_l1_arms: -0.1887
               Curriculum/adaptive_lift: 0.9736
            Episode_Reward/joint_vel_l2: -0.8418
            Metrics/height/height_error: 0.0379
              Episode_Reward/relaxation: -4.3419
           Episode_Reward/torso_upright: -0.0310
             Episode_Reward/action_rate: -30.4896
              Curriculum/terrain_levels: 0.0000
        Episode_Reward/base_height_fine: 5.1086
        Episode_Reward/joint_torques_l2: -0.5438
            Episode_Reward/joint_acc_l2: -0.1471
        Episode_Reward/illegal_contacts: -0.2991
           Episode_Reward/feet_yaw_mean: -0.2450
          Curriculum/polish_ground_slam: -1.0000
         Episode_Reward/severely_tilted: -0.0080
              Episode_Reward/torso_slam: -0.9833
           Episode_Termination/time_out: 0.5671
        Episode_Reward/action_rate_rate: -13.6384
     Episode_Reward/completely_airborne: -8.8799
           Episode_Reward/feet_distance: -0.2081
           Curriculum/polish_not_moving: -1.0000
--------------------------------------------------------------------------------
                         Iteration time: 2.14s
                           Time elapsed: 0:00:41
                                    ETA: 0:00:27

################################################################################
[1m                            Learning iteration 18/30                            [0m 

                               Run name: height_tracking_g1
                            Total steps: 466944 
                       Steps per second: 11434 
                        Collection time: 2.029s 
                          Learning time: 0.120s 
                        Mean value loss: 3.0921
                    Mean surrogate loss: -0.0151
                      Mean entropy loss: 39.4440
                     Mean symmetry loss: 0.0007
                   Mean l2c2_actor loss: 0.0055
                  Mean l2c2_critic loss: 0.0790
                            Mean reward: -990.08
                    Mean episode length: 415.80
                        Mean action std: 0.94
                    Entropy coefficient: 0.002500
        Curriculum/random_fallen_states: 0.0000
              Episode_Reward/feet_slide: -0.5242
        Episode_Reward/joint_vel_limits: -0.0011
    Episode_Reward/joint_tracking_error: -1.9014
           Episode_Reward/torque_limits: -0.6668
      Episode_Termination/invalid_state: 0.0049
           Curriculum/polish_torso_slam: -5.0000
           Episode_Reward/body_velocity: -2.2058
        Episode_Reward/joint_pos_limits: -0.0028
              Episode_Reward/torso_roll: -0.6793
         Episode_Reward/ground_unloaded: -0.6752
           Episode_Reward/ankle_torques: -0.1653
              Episode_Reward/not_moving: -4.5461
      Episode_Reward/base_height_medium: 3.3662
         Curriculum/polish_joint_vel_l2: -0.0010
               Episode_Reward/flat_feet: -1.6543
     Curriculum/polish_action_rate_rate: -0.1500
      Episode_Reward/joint_deviation_l1: -0.6873
       Episode_Reward/base_height_rough: 1.9173
           Episode_Reward/forward_pitch: -1.3387
  Episode_Reward/feet_distance_standing: -0.1736
             Episode_Reward/ground_slam: -1.4864
 Episode_Reward/joint_deviation_l1_arms: -0.3128
               Curriculum/adaptive_lift: 0.9719
            Episode_Reward/joint_vel_l2: -0.9044
            Metrics/height/height_error: 0.0492
              Episode_Reward/relaxation: -3.3044
           Episode_Reward/torso_upright: -0.0690
             Episode_Reward/action_rate: -32.2568
              Curriculum/terrain_levels: 0.0000
        Episode_Reward/base_height_fine: 6.0061
        Episode_Reward/joint_torques_l2: -0.6333
            Episode_Reward/joint_acc_l2: -0.1840
        Episode_Reward/illegal_contacts: -0.2618
           Episode_Reward/feet_yaw_mean: -0.2963
          Curriculum/polish_ground_slam: -1.0000
         Episode_Reward/severely_tilted: -0.0110
              Episode_Reward/torso_slam: -0.8625
           Episode_Termination/time_out: 0.5954
        Episode_Reward/action_rate_rate: -14.4329
     Episode_Reward/completely_airborne: -9.6458
           Episode_Reward/feet_distance: -0.1670
           Curriculum/polish_not_moving: -1.0000
--------------------------------------------------------------------------------
                         Iteration time: 2.15s
                           Time elapsed: 0:00:43
                                    ETA: 0:00:25

################################################################################
[1m                            Learning iteration 19/30                            [0m 

                               Run name: height_tracking_g1
                            Total steps: 491520 
                       Steps per second: 11418 
                        Collection time: 2.027s 
                          Learning time: 0.126s 
                        Mean value loss: 2.7475
                    Mean surrogate loss: -0.0119
                      Mean entropy loss: 39.3464
                     Mean symmetry loss: 0.0007
                   Mean l2c2_actor loss: 0.0056
                  Mean l2c2_critic loss: 0.0607
                            Mean reward: -1048.83
                    Mean episode length: 443.39
                        Mean action std: 0.94
                    Entropy coefficient: 0.002500
        Curriculum/random_fallen_states: 0.0000
              Episode_Reward/feet_slide: -0.5140
        Episode_Reward/joint_vel_limits: -0.0012
    Episode_Reward/joint_tracking_error: -2.0079
           Episode_Reward/torque_limits: -0.7817
      Episode_Termination/invalid_state: 0.0049
           Curriculum/polish_torso_slam: -5.0000
           Episode_Reward/body_velocity: -2.3783
        Episode_Reward/joint_pos_limits: -0.0029
              Episode_Reward/torso_roll: -0.7433
         Episode_Reward/ground_unloaded: -0.5636
           Episode_Reward/ankle_torques: -0.1143
              Episode_Reward/not_moving: -4.0972
      Episode_Reward/base_height_medium: 3.0669
         Curriculum/polish_joint_vel_l2: -0.0010
               Episode_Reward/flat_feet: -1.7110
     Curriculum/polish_action_rate_rate: -0.1500
      Episode_Reward/joint_deviation_l1: -0.6700
       Episode_Reward/base_height_rough: 1.8080
           Episode_Reward/forward_pitch: -1.7515
  Episode_Reward/feet_distance_standing: -0.2059
             Episode_Reward/ground_slam: -1.5068
 Episode_Reward/joint_deviation_l1_arms: -0.2924
               Curriculum/adaptive_lift: 0.9702
            Episode_Reward/joint_vel_l2: -0.9548
            Metrics/height/height_error: 0.0526
              Episode_Reward/relaxation: -5.7297
           Episode_Reward/torso_upright: -0.0589
             Episode_Reward/action_rate: -33.8511
              Curriculum/terrain_levels: 0.0000
        Episode_Reward/base_height_fine: 5.3957
        Episode_Reward/joint_torques_l2: -0.6990
            Episode_Reward/joint_acc_l2: -0.2174
        Episode_Reward/illegal_contacts: -0.3771
           Episode_Reward/feet_yaw_mean: -0.2122
          Curriculum/polish_ground_slam: -1.0000
         Episode_Reward/severely_tilted: -0.0015
              Episode_Reward/torso_slam: -0.8749
           Episode_Termination/time_out: 0.6273
        Episode_Reward/action_rate_rate: -15.1422
     Episode_Reward/completely_airborne: -9.8303
           Episode_Reward/feet_distance: -0.2061
           Curriculum/polish_not_moving: -1.0000
--------------------------------------------------------------------------------
                         Iteration time: 2.15s
                           Time elapsed: 0:00:45
                                    ETA: 0:00:22

################################################################################
[1m                            Learning iteration 20/30                            [0m 

                               Run name: height_tracking_g1
                            Total steps: 516096 
                       Steps per second: 11273 
                        Collection time: 2.051s 
                          Learning time: 0.129s 
                        Mean value loss: 2.4153
                    Mean surrogate loss: -0.0160
                      Mean entropy loss: 39.2222
                     Mean symmetry loss: 0.0007
                   Mean l2c2_actor loss: 0.0060
                  Mean l2c2_critic loss: 0.0551
                            Mean reward: -1103.60
                    Mean episode length: 472.27
                        Mean action std: 0.93
                    Entropy coefficient: 0.002500
        Curriculum/random_fallen_states: 0.0000
              Episode_Reward/feet_slide: -0.6463
        Episode_Reward/joint_vel_limits: -0.0014
    Episode_Reward/joint_tracking_error: -2.0379
           Episode_Reward/torque_limits: -0.7239
      Episode_Termination/invalid_state: 0.0049
           Curriculum/polish_torso_slam: -5.0000
           Episode_Reward/body_velocity: -2.4250
        Episode_Reward/joint_pos_limits: -0.0028
              Episode_Reward/torso_roll: -0.7567
         Episode_Reward/ground_unloaded: -0.6519
           Episode_Reward/ankle_torques: -0.1416
              Episode_Reward/not_moving: -5.0581
      Episode_Reward/base_height_medium: 3.4993
         Curriculum/polish_joint_vel_l2: -0.0010
               Episode_Reward/flat_feet: -1.7461
     Curriculum/polish_action_rate_rate: -0.1500
      Episode_Reward/joint_deviation_l1: -0.7706
       Episode_Reward/base_height_rough: 2.0113
           Episode_Reward/forward_pitch: -1.4327
  Episode_Reward/feet_distance_standing: -0.2127
             Episode_Reward/ground_slam: -1.7702
 Episode_Reward/joint_deviation_l1_arms: -0.3441
               Curriculum/adaptive_lift: 0.9684
            Episode_Reward/joint_vel_l2: -1.0218
            Metrics/height/height_error: 0.0424
              Episode_Reward/relaxation: -3.8536
           Episode_Reward/torso_upright: -0.0856
             Episode_Reward/action_rate: -35.3849
              Curriculum/terrain_levels: 0.0000
        Episode_Reward/base_height_fine: 6.3112
        Episode_Reward/joint_torques_l2: -0.6106
            Episode_Reward/joint_acc_l2: -0.1710
        Episode_Reward/illegal_contacts: -0.2399
           Episode_Reward/feet_yaw_mean: -0.2147
          Curriculum/polish_ground_slam: -1.0000
         Episode_Reward/severely_tilted: -0.0087
              Episode_Reward/torso_slam: -0.9438
           Episode_Termination/time_out: 0.6595
        Episode_Reward/action_rate_rate: -15.8235
     Episode_Reward/completely_airborne: -11.0234
           Episode_Reward/feet_distance: -0.1981
           Curriculum/polish_not_moving: -1.0000
--------------------------------------------------------------------------------
                         Iteration time: 2.18s
                           Time elapsed: 0:00:47
                                    ETA: 0:00:20

################################################################################
[1m                            Learning iteration 21/30                            [0m 

                               Run name: height_tracking_g1
                            Total steps: 540672 
                       Steps per second: 11301 
                        Collection time: 2.045s 
                          Learning time: 0.129s 
                        Mean value loss: 2.4582
                    Mean surrogate loss: -0.0102
                      Mean entropy loss: 39.1358
                     Mean symmetry loss: 0.0006
                   Mean l2c2_actor loss: 0.0060
                  Mean l2c2_critic loss: 0.0604
                            Mean reward: -1158.39
                    Mean episode length: 493.32
                        Mean action std: 0.93
                    Entropy coefficient: 0.002500
        Curriculum/random_fallen_states: 0.0000
              Episode_Reward/feet_slide: -0.6256
        Episode_Reward/joint_vel_limits: -0.0013
    Episode_Reward/joint_tracking_error: -2.1211
           Episode_Reward/torque_limits: -0.7823
      Episode_Termination/invalid_state: 0.0049
           Curriculum/polish_torso_slam: -5.0000
           Episode_Reward/body_velocity: -2.6749
        Episode_Reward/joint_pos_limits: -0.0032
              Episode_Reward/torso_roll: -0.7899
         Episode_Reward/ground_unloaded: -0.7071
           Episode_Reward/ankle_torques: -0.1583
              Episode_Reward/not_moving: -5.1449
      Episode_Reward/base_height_medium: 3.6345
         Curriculum/polish_joint_vel_l2: -0.0010
               Episode_Reward/flat_feet: -1.8864
     Curriculum/polish_action_rate_rate: -0.1500
      Episode_Reward/joint_deviation_l1: -0.7674
       Episode_Reward/base_height_rough: 2.0837
           Episode_Reward/forward_pitch: -0.6309
  Episode_Reward/feet_distance_standing: -0.2211
             Episode_Reward/ground_slam: -1.7800
 Episode_Reward/joint_deviation_l1_arms: -0.3457
               Curriculum/adaptive_lift: 0.9665
            Episode_Reward/joint_vel_l2: -1.0359
            Metrics/height/height_error: 0.0426
              Episode_Reward/relaxation: -5.0463
           Episode_Reward/torso_upright: -0.0715
             Episode_Reward/action_rate: -37.0086
              Curriculum/terrain_levels: 0.0000
        Episode_Reward/base_height_fine: 6.6174
        Episode_Reward/joint_torques_l2: -0.7019
            Episode_Reward/joint_acc_l2: -0.1971
        Episode_Reward/illegal_contacts: -0.1142
           Episode_Reward/feet_yaw_mean: -0.2200
          Curriculum/polish_ground_slam: -1.0000
         Episode_Reward/severely_tilted: -0.0001
              Episode_Reward/torso_slam: -1.2983
           Episode_Termination/time_out: 0.6953
        Episode_Reward/action_rate_rate: -16.5371
     Episode_Reward/completely_airborne: -12.5174
           Episode_Reward/feet_distance: -0.2133
           Curriculum/polish_not_moving: -1.0000
--------------------------------------------------------------------------------
                         Iteration time: 2.17s
                           Time elapsed: 0:00:49
                                    ETA: 0:00:18

################################################################################
[1m                            Learning iteration 22/30                            [0m 

                               Run name: height_tracking_g1
                            Total steps: 565248 
                       Steps per second: 11404 
                        Collection time: 2.033s 
                          Learning time: 0.122s 
                        Mean value loss: 2.3627
                    Mean surrogate loss: -0.0140
                      Mean entropy loss: 39.0192
                     Mean symmetry loss: 0.0007
                   Mean l2c2_actor loss: 0.0061
                  Mean l2c2_critic loss: 0.0581
                            Mean reward: -1208.43
                    Mean episode length: 512.76
                        Mean action std: 0.93
                    Entropy coefficient: 0.002500
        Curriculum/random_fallen_states: 0.0000
              Episode_Reward/feet_slide: -0.5928
        Episode_Reward/joint_vel_limits: -0.0013
    Episode_Reward/joint_tracking_error: -2.2841
           Episode_Reward/torque_limits: -0.8379
      Episode_Termination/invalid_state: 0.0049
           Curriculum/polish_torso_slam: -5.0000
           Episode_Reward/body_velocity: -2.7053
        Episode_Reward/joint_pos_limits: -0.0036
              Episode_Reward/torso_roll: -0.9420
         Episode_Reward/ground_unloaded: -0.7185
           Episode_Reward/ankle_torques: -0.2106
              Episode_Reward/not_moving: -4.9684
      Episode_Reward/base_height_medium: 3.5285
         Curriculum/polish_joint_vel_l2: -0.0010
               Episode_Reward/flat_feet: -2.0991
     Curriculum/polish_action_rate_rate: -0.1500
      Episode_Reward/joint_deviation_l1: -0.5623
       Episode_Reward/base_height_rough: 2.1036
           Episode_Reward/forward_pitch: -1.8230
  Episode_Reward/feet_distance_standing: -0.1530
             Episode_Reward/ground_slam: -1.7655
 Episode_Reward/joint_deviation_l1_arms: -0.2964
               Curriculum/adaptive_lift: 0.9647
            Episode_Reward/joint_vel_l2: -1.0564
            Metrics/height/height_error: 0.0673
              Episode_Reward/relaxation: -5.2962
           Episode_Reward/torso_upright: -0.0590
             Episode_Reward/action_rate: -38.6321
              Curriculum/terrain_levels: 0.0000
        Episode_Reward/base_height_fine: 6.2873
        Episode_Reward/joint_torques_l2: -0.7300
            Episode_Reward/joint_acc_l2: -0.1932
        Episode_Reward/illegal_contacts: -0.3680
           Episode_Reward/feet_yaw_mean: -0.3695
          Curriculum/polish_ground_slam: -1.0000
         Episode_Reward/severely_tilted: -0.0008
              Episode_Reward/torso_slam: -1.1849
           Episode_Termination/time_out: 0.7244
        Episode_Reward/action_rate_rate: -17.2870
     Episode_Reward/completely_airborne: -10.5463
           Episode_Reward/feet_distance: -0.1978
           Curriculum/polish_not_moving: -1.0000
--------------------------------------------------------------------------------
                         Iteration time: 2.15s
                           Time elapsed: 0:00:51
                                    ETA: 0:00:15

################################################################################
[1m                            Learning iteration 23/30                            [0m 

                               Run name: height_tracking_g1
                            Total steps: 589824 
                       Steps per second: 11495 
                        Collection time: 2.022s 
                          Learning time: 0.116s 
                        Mean value loss: 2.3368
                    Mean surrogate loss: -0.0116
                      Mean entropy loss: 38.9409
                     Mean symmetry loss: 0.0007
                   Mean l2c2_actor loss: 0.0062
                  Mean l2c2_critic loss: 0.0725
                            Mean reward: -1246.90
                    Mean episode length: 533.65
                        Mean action std: 0.93
                    Entropy coefficient: 0.002500
        Curriculum/random_fallen_states: 0.0000
              Episode_Reward/feet_slide: -0.7295
        Episode_Reward/joint_vel_limits: -0.0014
    Episode_Reward/joint_tracking_error: -2.2968
           Episode_Reward/torque_limits: -0.8671
      Episode_Termination/invalid_state: 0.0049
           Curriculum/polish_torso_slam: -5.0000
           Episode_Reward/body_velocity: -2.7507
        Episode_Reward/joint_pos_limits: -0.0039
              Episode_Reward/torso_roll: -0.9089
         Episode_Reward/ground_unloaded: -0.8000
           Episode_Reward/ankle_torques: -0.1703
              Episode_Reward/not_moving: -5.9867
      Episode_Reward/base_height_medium: 4.1216
         Curriculum/polish_joint_vel_l2: -0.0010
               Episode_Reward/flat_feet: -2.1287
     Curriculum/polish_action_rate_rate: -0.1500
      Episode_Reward/joint_deviation_l1: -0.6567
       Episode_Reward/base_height_rough: 2.3697
           Episode_Reward/forward_pitch: -1.2128
  Episode_Reward/feet_distance_standing: -0.2490
             Episode_Reward/ground_slam: -2.0295
 Episode_Reward/joint_deviation_l1_arms: -0.3414
               Curriculum/adaptive_lift: 0.9633
            Episode_Reward/joint_vel_l2: -1.1252
            Metrics/height/height_error: 0.0470
              Episode_Reward/relaxation: -4.2215
           Episode_Reward/torso_upright: -0.0696
             Episode_Reward/action_rate: -40.2211
              Curriculum/terrain_levels: 0.0000
        Episode_Reward/base_height_fine: 7.4506
        Episode_Reward/joint_torques_l2: -0.7405
            Episode_Reward/joint_acc_l2: -0.2073
        Episode_Reward/illegal_contacts: -0.2277
           Episode_Reward/feet_yaw_mean: -0.2973
          Curriculum/polish_ground_slam: -1.0000
         Episode_Reward/severely_tilted: -0.0140
              Episode_Reward/torso_slam: -1.1234
           Episode_Termination/time_out: 0.7491
        Episode_Reward/action_rate_rate: -17.9989
     Episode_Reward/completely_airborne: -12.8060
           Episode_Reward/feet_distance: -0.2572
           Curriculum/polish_not_moving: -1.0000
--------------------------------------------------------------------------------
                         Iteration time: 2.14s
                           Time elapsed: 0:00:53
                                    ETA: 0:00:13

################################################################################
[1m                            Learning iteration 24/30                            [0m 

                               Run name: height_tracking_g1
                            Total steps: 614400 
                       Steps per second: 11481 
                        Collection time: 2.025s 
                          Learning time: 0.116s 
                        Mean value loss: 2.3493
                    Mean surrogate loss: -0.0140
                      Mean entropy loss: 38.8443
                     Mean symmetry loss: 0.0007
                   Mean l2c2_actor loss: 0.0062
                  Mean l2c2_critic loss: 0.0689
                            Mean reward: -1297.52
                    Mean episode length: 553.37
                        Mean action std: 0.92
                    Entropy coefficient: 0.002500
        Curriculum/random_fallen_states: 0.0000
              Episode_Reward/feet_slide: -0.8060
        Episode_Reward/joint_vel_limits: -0.0016
    Episode_Reward/joint_tracking_error: -2.3853
           Episode_Reward/torque_limits: -0.8172
      Episode_Termination/invalid_state: 0.0049
           Curriculum/polish_torso_slam: -5.0000
           Episode_Reward/body_velocity: -2.8624
        Episode_Reward/joint_pos_limits: -0.0035
              Episode_Reward/torso_roll: -0.9502
         Episode_Reward/ground_unloaded: -0.8208
           Episode_Reward/ankle_torques: -0.2539
              Episode_Reward/not_moving: -5.9659
      Episode_Reward/base_height_medium: 3.9936
         Curriculum/polish_joint_vel_l2: -0.0010
               Episode_Reward/flat_feet: -2.3658
     Curriculum/polish_action_rate_rate: -0.1500
      Episode_Reward/joint_deviation_l1: -0.6832
       Episode_Reward/base_height_rough: 2.3340
           Episode_Reward/forward_pitch: -1.0927
  Episode_Reward/feet_distance_standing: -0.1917
             Episode_Reward/ground_slam: -2.2991
 Episode_Reward/joint_deviation_l1_arms: -0.3062
               Curriculum/adaptive_lift: 0.9620
            Episode_Reward/joint_vel_l2: -1.1770
            Metrics/height/height_error: 0.0539
              Episode_Reward/relaxation: -4.5387
           Episode_Reward/torso_upright: -0.0641
             Episode_Reward/action_rate: -42.1057
              Curriculum/terrain_levels: 0.0000
        Episode_Reward/base_height_fine: 7.2676
        Episode_Reward/joint_torques_l2: -0.6699
            Episode_Reward/joint_acc_l2: -0.1720
        Episode_Reward/illegal_contacts: -0.1777
           Episode_Reward/feet_yaw_mean: -0.2861
          Curriculum/polish_ground_slam: -1.0000
         Episode_Reward/severely_tilted: -0.0091
              Episode_Reward/torso_slam: -1.3800
           Episode_Termination/time_out: 0.7745
        Episode_Reward/action_rate_rate: -18.8523
     Episode_Reward/completely_airborne: -13.3840
           Episode_Reward/feet_distance: -0.2493
           Curriculum/polish_not_moving: -1.0000
--------------------------------------------------------------------------------
                         Iteration time: 2.14s
                           Time elapsed: 0:00:56
                                    ETA: 0:00:11

################################################################################
[1m                            Learning iteration 25/30                            [0m 

                               Run name: height_tracking_g1
                            Total steps: 638976 
                       Steps per second: 11435 
                        Collection time: 2.033s 
                          Learning time: 0.116s 
                        Mean value loss: 2.0458
                    Mean surrogate loss: -0.0143
                      Mean entropy loss: 38.7172
                     Mean symmetry loss: 0.0007
                   Mean l2c2_actor loss: 0.0063
                  Mean l2c2_critic loss: 0.0471
                            Mean reward: -1346.35
                    Mean episode length: 576.83
                        Mean action std: 0.92
                    Entropy coefficient: 0.002500
        Curriculum/random_fallen_states: 0.0000
              Episode_Reward/feet_slide: -0.6664
        Episode_Reward/joint_vel_limits: -0.0011
    Episode_Reward/joint_tracking_error: -2.5233
           Episode_Reward/torque_limits: -0.9274
      Episode_Termination/invalid_state: 0.0049
           Curriculum/polish_torso_slam: -5.0000
           Episode_Reward/body_velocity: -2.6362
        Episode_Reward/joint_pos_limits: -0.0037
              Episode_Reward/torso_roll: -1.0651
         Episode_Reward/ground_unloaded: -0.7706
           Episode_Reward/ankle_torques: -0.1467
              Episode_Reward/not_moving: -5.1152
      Episode_Reward/base_height_medium: 3.8763
         Curriculum/polish_joint_vel_l2: -0.0010
               Episode_Reward/flat_feet: -2.5723
     Curriculum/polish_action_rate_rate: -0.1500
      Episode_Reward/joint_deviation_l1: -0.4793
       Episode_Reward/base_height_rough: 2.3326
           Episode_Reward/forward_pitch: -2.9775
  Episode_Reward/feet_distance_standing: -0.1732
             Episode_Reward/ground_slam: -2.1397
 Episode_Reward/joint_deviation_l1_arms: -0.2622
               Curriculum/adaptive_lift: 0.9606
            Episode_Reward/joint_vel_l2: -1.1605
            Metrics/height/height_error: 0.0454
              Episode_Reward/relaxation: -6.1278
           Episode_Reward/torso_upright: -0.0638
             Episode_Reward/action_rate: -43.1953
              Curriculum/terrain_levels: 0.0000
        Episode_Reward/base_height_fine: 6.8934
        Episode_Reward/joint_torques_l2: -0.8078
            Episode_Reward/joint_acc_l2: -0.2130
        Episode_Reward/illegal_contacts: -0.6145
           Episode_Reward/feet_yaw_mean: -0.2650
          Curriculum/polish_ground_slam: -1.0000
         Episode_Reward/severely_tilted: -0.0339
              Episode_Reward/torso_slam: -1.5109
           Episode_Termination/time_out: 0.7994
        Episode_Reward/action_rate_rate: -19.2991
     Episode_Reward/completely_airborne: -11.6553
           Episode_Reward/feet_distance: -0.2677
           Curriculum/polish_not_moving: -1.0000
--------------------------------------------------------------------------------
                         Iteration time: 2.15s
                           Time elapsed: 0:00:58
                                    ETA: 0:00:08

################################################################################
[1m                            Learning iteration 26/30                            [0m 

                               Run name: height_tracking_g1
                            Total steps: 663552 
                       Steps per second: 11303 
                        Collection time: 2.054s 
                          Learning time: 0.120s 
                        Mean value loss: 1.9305
                    Mean surrogate loss: -0.0112
                      Mean entropy loss: 38.6238
                     Mean symmetry loss: 0.0006
                   Mean l2c2_actor loss: 0.0062
                  Mean l2c2_critic loss: 0.0423
                            Mean reward: -1416.54
                    Mean episode length: 608.72
                        Mean action std: 0.92
                    Entropy coefficient: 0.002500
        Curriculum/random_fallen_states: 0.0000
              Episode_Reward/feet_slide: -0.7309
        Episode_Reward/joint_vel_limits: -0.0013
    Episode_Reward/joint_tracking_error: -2.6355
           Episode_Reward/torque_limits: -0.9597
      Episode_Termination/invalid_state: 0.0049
           Curriculum/polish_torso_slam: -5.0000
           Episode_Reward/body_velocity: -2.8810
        Episode_Reward/joint_pos_limits: -0.0047
              Episode_Reward/torso_roll: -1.0266
         Episode_Reward/ground_unloaded: -0.8644
           Episode_Reward/ankle_torques: -0.1714
              Episode_Reward/not_moving: -5.7175
      Episode_Reward/base_height_medium: 4.2588
         Curriculum/polish_joint_vel_l2: -0.0010
               Episode_Reward/flat_feet: -2.6849
     Curriculum/polish_action_rate_rate: -0.1500
      Episode_Reward/joint_deviation_l1: -0.4921
       Episode_Reward/base_height_rough: 2.4942
           Episode_Reward/forward_pitch: -1.4450
  Episode_Reward/feet_distance_standing: -0.1838
             Episode_Reward/ground_slam: -2.1945
 Episode_Reward/joint_deviation_l1_arms: -0.2458
               Curriculum/adaptive_lift: 0.9588
            Episode_Reward/joint_vel_l2: -1.2065
            Metrics/height/height_error: 0.0540
              Episode_Reward/relaxation: -6.4604
           Episode_Reward/torso_upright: -0.0500
             Episode_Reward/action_rate: -44.6869
              Curriculum/terrain_levels: 0.0000
        Episode_Reward/base_height_fine: 7.6573
        Episode_Reward/joint_torques_l2: -0.8292
            Episode_Reward/joint_acc_l2: -0.2303
        Episode_Reward/illegal_contacts: -0.2847
           Episode_Reward/feet_yaw_mean: -0.2948
          Curriculum/polish_ground_slam: -1.0000
         Episode_Reward/severely_tilted: -0.0017
              Episode_Reward/torso_slam: -1.2726
           Episode_Termination/time_out: 0.8303
        Episode_Reward/action_rate_rate: -19.9647
     Episode_Reward/completely_airborne: -11.3819
           Episode_Reward/feet_distance: -0.2747
           Curriculum/polish_not_moving: -1.0000
--------------------------------------------------------------------------------
                         Iteration time: 2.17s
                           Time elapsed: 0:01:00
                                    ETA: 0:00:06

################################################################################
[1m                            Learning iteration 27/30                            [0m 

                               Run name: height_tracking_g1
                            Total steps: 688128 
                       Steps per second: 11390 
                        Collection time: 2.039s 
                          Learning time: 0.118s 
                        Mean value loss: 1.8970
                    Mean surrogate loss: -0.0154
                      Mean entropy loss: 38.4985
                     Mean symmetry loss: 0.0006
                   Mean l2c2_actor loss: 0.0061
                  Mean l2c2_critic loss: 0.0461
                            Mean reward: -1475.93
                    Mean episode length: 637.21
                        Mean action std: 0.91
                    Entropy coefficient: 0.002500
        Curriculum/random_fallen_states: 0.0000
              Episode_Reward/feet_slide: -0.7383
        Episode_Reward/joint_vel_limits: -0.0013
    Episode_Reward/joint_tracking_error: -2.7388
           Episode_Reward/torque_limits: -1.0589
      Episode_Termination/invalid_state: 0.0049
           Curriculum/polish_torso_slam: -5.0000
           Episode_Reward/body_velocity: -3.1163
        Episode_Reward/joint_pos_limits: -0.0043
              Episode_Reward/torso_roll: -1.0669
         Episode_Reward/ground_unloaded: -0.8604
           Episode_Reward/ankle_torques: -0.1950
              Episode_Reward/not_moving: -5.6059
      Episode_Reward/base_height_medium: 4.2447
         Curriculum/polish_joint_vel_l2: -0.0010
               Episode_Reward/flat_feet: -2.5556
     Curriculum/polish_action_rate_rate: -0.1500
      Episode_Reward/joint_deviation_l1: -0.7427
       Episode_Reward/base_height_rough: 2.5540
           Episode_Reward/forward_pitch: -2.1156
  Episode_Reward/feet_distance_standing: -0.2272
             Episode_Reward/ground_slam: -2.2475
 Episode_Reward/joint_deviation_l1_arms: -0.3478
               Curriculum/adaptive_lift: 0.9572
            Episode_Reward/joint_vel_l2: -1.2254
            Metrics/height/height_error: 0.0618
              Episode_Reward/relaxation: -7.1522
           Episode_Reward/torso_upright: -0.0758
             Episode_Reward/action_rate: -46.4424
              Curriculum/terrain_levels: 0.0000
        Episode_Reward/base_height_fine: 7.5299
        Episode_Reward/joint_torques_l2: -0.9715
            Episode_Reward/joint_acc_l2: -0.2800
        Episode_Reward/illegal_contacts: -0.4244
           Episode_Reward/feet_yaw_mean: -0.3126
          Curriculum/polish_ground_slam: -1.0000
         Episode_Reward/severely_tilted: -0.0048
              Episode_Reward/torso_slam: -1.4663
           Episode_Termination/time_out: 0.8654
        Episode_Reward/action_rate_rate: -20.7556
     Episode_Reward/completely_airborne: -12.3704
           Episode_Reward/feet_distance: -0.3001
           Curriculum/polish_not_moving: -1.0000
--------------------------------------------------------------------------------
                         Iteration time: 2.16s
                           Time elapsed: 0:01:02
                                    ETA: 0:00:04

################################################################################
[1m                            Learning iteration 28/30                            [0m 

                               Run name: height_tracking_g1
                            Total steps: 712704 
                       Steps per second: 11267 
                        Collection time: 2.065s 
                          Learning time: 0.116s 
                        Mean value loss: 1.8697
                    Mean surrogate loss: -0.0147
                      Mean entropy loss: 38.3696
                     Mean symmetry loss: 0.0006
                   Mean l2c2_actor loss: 0.0063
                  Mean l2c2_critic loss: 0.0593
                            Mean reward: -1538.09
                    Mean episode length: 664.69
                        Mean action std: 0.91
                    Entropy coefficient: 0.002500
        Curriculum/random_fallen_states: 0.0000
              Episode_Reward/feet_slide: -0.8148
        Episode_Reward/joint_vel_limits: -0.0015
    Episode_Reward/joint_tracking_error: -2.7383
           Episode_Reward/torque_limits: -0.9839
      Episode_Termination/invalid_state: 0.0049
           Curriculum/polish_torso_slam: -5.0000
           Episode_Reward/body_velocity: -3.3409
        Episode_Reward/joint_pos_limits: -0.0043
              Episode_Reward/torso_roll: -1.0924
         Episode_Reward/ground_unloaded: -0.8436
           Episode_Reward/ankle_torques: -0.2088
              Episode_Reward/not_moving: -6.2688
      Episode_Reward/base_height_medium: 4.4190
         Curriculum/polish_joint_vel_l2: -0.0010
               Episode_Reward/flat_feet: -2.7688
     Curriculum/polish_action_rate_rate: -0.1500
      Episode_Reward/joint_deviation_l1: -0.7684
       Episode_Reward/base_height_rough: 2.6358
           Episode_Reward/forward_pitch: -1.6675
  Episode_Reward/feet_distance_standing: -0.2168
             Episode_Reward/ground_slam: -2.3912
 Episode_Reward/joint_deviation_l1_arms: -0.3553
               Curriculum/adaptive_lift: 0.9555
            Episode_Reward/joint_vel_l2: -1.3218
            Metrics/height/height_error: 0.0428
              Episode_Reward/relaxation: -6.5514
           Episode_Reward/torso_upright: -0.0810
             Episode_Reward/action_rate: -47.8080
              Curriculum/terrain_levels: 0.0000
        Episode_Reward/base_height_fine: 7.9236
        Episode_Reward/joint_torques_l2: -0.7929
            Episode_Reward/joint_acc_l2: -0.2094
        Episode_Reward/illegal_contacts: -0.3374
           Episode_Reward/feet_yaw_mean: -0.3075
          Curriculum/polish_ground_slam: -1.0000
         Episode_Reward/severely_tilted: -0.0032
              Episode_Reward/torso_slam: -1.7366
           Episode_Termination/time_out: 0.9006
        Episode_Reward/action_rate_rate: -21.3757
     Episode_Reward/completely_airborne: -14.9977
           Episode_Reward/feet_distance: -0.2731
           Curriculum/polish_not_moving: -1.0000
--------------------------------------------------------------------------------
                         Iteration time: 2.18s
                           Time elapsed: 0:01:04
                                    ETA: 0:00:02

################################################################################
[1m                            Learning iteration 29/30                            [0m 

                               Run name: height_tracking_g1
                            Total steps: 737280 
                       Steps per second: 11144 
                        Collection time: 2.079s 
                          Learning time: 0.126s 
                        Mean value loss: 2.0274
                    Mean surrogate loss: -0.0116
                      Mean entropy loss: 38.2580
                     Mean symmetry loss: 0.0006
                   Mean l2c2_actor loss: 0.0063
                  Mean l2c2_critic loss: 0.0596
                            Mean reward: -1589.23
                    Mean episode length: 690.77
                        Mean action std: 0.90
                    Entropy coefficient: 0.002500
        Curriculum/random_fallen_states: 0.0000
              Episode_Reward/feet_slide: -0.8619
        Episode_Reward/joint_vel_limits: -0.0017
    Episode_Reward/joint_tracking_error: -2.8329
           Episode_Reward/torque_limits: -1.0332
      Episode_Termination/invalid_state: 0.0049
           Curriculum/polish_torso_slam: -5.0000
           Episode_Reward/body_velocity: -3.1726
        Episode_Reward/joint_pos_limits: -0.0042
              Episode_Reward/torso_roll: -1.1194
         Episode_Reward/ground_unloaded: -0.8582
           Episode_Reward/ankle_torques: -0.2014
              Episode_Reward/not_moving: -6.2526
      Episode_Reward/base_height_medium: 4.6788
         Curriculum/polish_joint_vel_l2: -0.0010
               Episode_Reward/flat_feet: -2.7763
     Curriculum/polish_action_rate_rate: -0.1500
      Episode_Reward/joint_deviation_l1: -0.9387
       Episode_Reward/base_height_rough: 2.8011
           Episode_Reward/forward_pitch: -2.5840
  Episode_Reward/feet_distance_standing: -0.2540
             Episode_Reward/ground_slam: -2.4522
 Episode_Reward/joint_deviation_l1_arms: -0.4244
               Curriculum/adaptive_lift: 0.9536
            Episode_Reward/joint_vel_l2: -1.3756
            Metrics/height/height_error: 0.0454
              Episode_Reward/relaxation: -7.1306
           Episode_Reward/torso_upright: -0.0998
             Episode_Reward/action_rate: -49.4742
              Curriculum/terrain_levels: 0.0000
        Episode_Reward/base_height_fine: 8.2172
        Episode_Reward/joint_torques_l2: -0.8513
            Episode_Reward/joint_acc_l2: -0.2230
        Episode_Reward/illegal_contacts: -0.5270
           Episode_Reward/feet_yaw_mean: -0.3256
          Curriculum/polish_ground_slam: -1.0000
         Episode_Reward/severely_tilted: -0.0027
              Episode_Reward/torso_slam: -1.3877
           Episode_Termination/time_out: 0.9405
        Episode_Reward/action_rate_rate: -22.1206
     Episode_Reward/completely_airborne: -13.5326
           Episode_Reward/feet_distance: -0.2755
           Curriculum/polish_not_moving: -1.0000
--------------------------------------------------------------------------------
                         Iteration time: 2.21s
                           Time elapsed: 0:01:07
                                    ETA: 0:00:00

[INFO]: SimulationContext cleared
