The '--headless' CLI argument is deprecated. Omit '--viz' for default headless. If config visualizers are enabled and you want to force headless, use '--viz none'.
Loading user config located at: '/workspace/WBC-AGILE-NEWTON/.venv/lib/python3.12/site-packages/isaacsim/kit/data/Kit/IsaacLab/3.0/user.config.json'
WARNING: All log messages before absl::InitializeLog() is called are written to STDERR
E0000 00:00:1788622528.452114  226595 descriptor_database.cc:633] File already exists in database: grpc/health/v1/health.proto
W0000 00:00:1788622528.452139  226595 message.cc:301] Protobuf GeneratedMessageFactory: File is already registered: grpc/health/v1/health.proto
[ISAACLAB] AppLauncher initialization complete
[INFO]: Parsing configuration from: agile.rl_env.tasks.stand_up.g1.height_tracking_env_cfg:G1HeightTrackingEnvCfg
[INFO]: Base environment:
	Environment device    : cuda:0
	Environment seed      : None
	Physics step-size     : 0.005
	Rendering step-size   : 0.02
	Environment step-size : 0.02
[INFO] Generating terrains based on curriculum took Last: 0.218130 s
[newton] heightfield: captured terrain mesh 'terrain' (369728 verts, 699080 faces) at /World/ground/terrain
[INFO]: Registered backend 'newton' for factory Articulation.
[INFO]: Setting variant selection 'PhysX' for variant set 'Physics' on prim '/World/envs/env_0/Robot'.
[INFO]: Setting variant selection 'None' for variant set 'left_hand' on prim '/World/envs/env_0/Robot'.
[INFO]: Setting variant selection 'None' for variant set 'right_hand' on prim '/World/envs/env_0/Robot'.
[INFO]: Registered backend 'newton' for factory FrameView.
[INFO]: Registered backend 'newton' for factory ContactSensor.
[INFO]: Registered backend 'newton' for factory RayCaster.
[newton] heightfield: terrain 'terrain' -> 961x881 cells @ 0.1 m over x[-44.0,44.0] y[-48.0,48.0], z[-0.140,0.140], 528 shape(s) (tiles of 4 m); trimesh collider excluded
[INFO]: Time taken for scene creation Last: 3.206670 s, Mean: 3.206670 s, Std: 0.000000 s, N: 1
[INFO]: Scene manager:  <class InteractiveScene>
	Number of environments: 288
	Environment spacing   : 2.5
	Source prim name      : /World/envs/env_0
	Global prim paths     : ['/World/ground']
	Replicate physics     : True
[INFO]: Dispatching MODEL_INIT callbacks
[INFO]: Finalizing model on device: cuda:0
/workspace/WBC-AGILE-NEWTON/.venv/lib/python3.12/site-packages/isaaclab_newton/physics/newton_manager.py:985: UserWarning: Heightfield-vs-heightfield collision is not supported; contacts between heightfield pairs will be skipped.
  NewtonManager._model = cls._builder.finalize(device=device)
/workspace/WBC-AGILE-NEWTON/.venv/lib/python3.12/site-packages/isaaclab_newton/physics/newton_manager.py:989: FutureWarning: Newton shape color replacement is enabled; this workaround will be deprecated in a future release.
  replace_newton_shape_colors(cls._model)
Finalize builder took: Last: 4.185599 s, Mean: 4.185599 s, Std: 0.000000 s, N: 1
[INFO]: Dispatching PHYSICS_READY callbacks
[INFO]: Simulation parameters for joints in /World/envs/env_.*/Robot:
+-------------------------------------------------------------------------------------------------------------------------------------------+
|                                     Simulation Joint Information (Prim path: /World/envs/env_.*/Robot)                                    |
+-------+----------------------------+-----------+---------+----------+-----------------+-----------------+-----------------+---------------+
| Index | Name                       | Stiffness | Damping | Armature | Static Friction | Position Limits | Velocity Limits | Effort Limits |
+-------+----------------------------+-----------+---------+----------+-----------------+-----------------+-----------------+---------------+
|   0   | left_hip_pitch_joint       |  100.000  |  2.500  |  0.020   |      0.010      | [-2.531, 2.880] |      32.000     |     88.000    |
|   1   | left_hip_roll_joint        |  100.000  |  2.500  |  0.020   |      0.010      | [-0.524, 2.967] |      32.000     |     88.000    |
|   2   | left_hip_yaw_joint         |  100.000  |  2.500  |  0.020   |      0.010      | [-2.758, 2.758] |      32.000     |     88.000    |
|   3   | left_knee_joint            |  100.000  |  2.500  |  0.020   |      0.010      | [-0.087, 2.880] |      20.000     |    139.000    |
|   4   | left_ankle_pitch_joint     |   20.000  |  1.000  |  0.020   |      0.010      | [-0.873, 0.524] |      37.000     |     50.000    |
|   5   | left_ankle_roll_joint      |   20.000  |  1.000  |  0.020   |      0.010      | [-0.262, 0.262] |      37.000     |     50.000    |
|   6   | right_hip_pitch_joint      |  100.000  |  2.500  |  0.020   |      0.010      | [-2.531, 2.880] |      32.000     |     88.000    |
|   7   | right_hip_roll_joint       |  100.000  |  2.500  |  0.020   |      0.010      | [-2.967, 0.524] |      32.000     |     88.000    |
|   8   | right_hip_yaw_joint        |  100.000  |  2.500  |  0.020   |      0.010      | [-2.758, 2.758] |      32.000     |     88.000    |
|   9   | right_knee_joint           |  100.000  |  2.500  |  0.020   |      0.010      | [-0.087, 2.880] |      20.000     |    139.000    |
|   10  | right_ankle_pitch_joint    |   20.000  |  1.000  |  0.020   |      0.010      | [-0.873, 0.524] |      37.000     |     50.000    |
|   11  | right_ankle_roll_joint     |   20.000  |  1.000  |  0.020   |      0.010      | [-0.262, 0.262] |      37.000     |     50.000    |
|   12  | waist_yaw_joint            |  100.000  |  2.500  |  0.020   |      0.010      | [-2.618, 2.618] |      32.000     |     88.000    |
|   13  | waist_roll_joint           |  100.000  |  2.500  |  0.020   |      0.010      | [-0.520, 0.520] |      37.000     |     50.000    |
|   14  | waist_pitch_joint          |  100.000  |  2.500  |  0.020   |      0.010      | [-0.520, 0.520] |      37.000     |     50.000    |
|   15  | left_shoulder_pitch_joint  |   20.000  |  0.500  |  0.020   |      0.010      | [-3.089, 2.670] |      37.000     |     25.000    |
|   16  | left_shoulder_roll_joint   |   20.000  |  0.500  |  0.020   |      0.010      | [-1.588, 2.251] |      37.000     |     25.000    |
|   17  | left_shoulder_yaw_joint    |   20.000  |  0.500  |  0.020   |      0.010      | [-2.618, 2.618] |      37.000     |     25.000    |
|   18  | left_elbow_joint           |   20.000  |  0.500  |  0.020   |      0.010      | [-1.047, 2.094] |      37.000     |     25.000    |
|   19  | left_wrist_roll_joint      |   20.000  |  0.200  |  0.020   |      0.010      | [-1.972, 1.972] |      37.000     |     25.000    |
|   20  | left_wrist_pitch_joint     |   20.000  |  0.200  |  0.020   |      0.010      | [-1.614, 1.614] |      22.000     |     5.000     |
|   21  | left_wrist_yaw_joint       |   20.000  |  0.200  |  0.020   |      0.010      | [-1.614, 1.614] |      22.000     |     5.000     |
|   22  | right_shoulder_pitch_joint |   20.000  |  0.500  |  0.020   |      0.010      | [-3.089, 2.670] |      37.000     |     25.000    |
|   23  | right_shoulder_roll_joint  |   20.000  |  0.500  |  0.020   |      0.010      | [-2.251, 1.588] |      37.000     |     25.000    |
|   24  | right_shoulder_yaw_joint   |   20.000  |  0.500  |  0.020   |      0.010      | [-2.618, 2.618] |      37.000     |     25.000    |
|   25  | right_elbow_joint          |   20.000  |  0.500  |  0.020   |      0.010      | [-1.047, 2.094] |      37.000     |     25.000    |
|   26  | right_wrist_roll_joint     |   20.000  |  0.200  |  0.020   |      0.010      | [-1.972, 1.972] |      37.000     |     25.000    |
|   27  | right_wrist_pitch_joint    |   20.000  |  0.200  |  0.020   |      0.010      | [-1.614, 1.614] |      22.000     |     5.000     |
|   28  | right_wrist_yaw_joint      |   20.000  |  0.200  |  0.020   |      0.010      | [-1.614, 1.614] |      22.000     |     5.000     |
+-------+----------------------------+-----------+---------+----------+-----------------+-----------------+-----------------+---------------+
[INFO]: Adding contact sensor for /World/envs/env_.*/Robot/.* with filter all bodies/shapes
Contact sensor construction took: Last: 0.010220 s, Mean: 0.010220 s, Std: 0.000000 s, N: 1
[INFO]: Contact sensor initialized with 30 sensors.
[INFO]: Creating buffers for contact sensor data with num_envs: 288, num_sensors: 30, num_filter_objects: 0, history_length: 3, generate_force_matrix: False, track_air_time: True, track_pose: False, device: cuda:0
[INFO]: Creating buffers for contact sensor data with num_envs: 288, num_sensors: 30, num_filter_objects: 0, history_length: 3, generate_force_matrix: False, track_air_time: True, track_pose: False, device: cuda:0
[INFO]: Read mesh prim: /World/ground/terrain/mesh with 369728 vertices and 2097240 faces.
[newton] heightfield: restored min_z offset on 188 hfield geom(s) in all worlds (z=-0.0000; Newton's geom sync had dropped it)
Initialize solver took: Last: 1.234957 s, Mean: 1.234957 s, Std: 0.000000 s, N: 1
[INFO]: Newton CUDA graph captured (standard Warp mode)
CUDA graph took: Last: 1.045752 s, Mean: 1.045752 s, Std: 0.000000 s, N: 1
[newton] solver capacity: nworld=288 njmax=512 naconmax=55296 (~192 contacts/world)
[newton] DC-motor torque-speed envelope active on 8352/10080 DOFs (288 worlds x 30 joints) via jnt_actfrcrange + generator braking via dof_damping, velocity-limit band gain 50
[newton] joint-limit solref set to (0.02, 1) on 8352 joints; explicit limit spring disabled
[INFO]: Time taken for simulation start Last: 6.707943 s, Mean: 6.707943 s, Std: 0.000000 s, N: 1
[INFO] Command Manager:  <CommandManager> contains 1 active terms.
+--------------------------------------+
|         Active Command Terms         |
+-------+--------+---------------------+
| Index | Name   |         Type        |
+-------+--------+---------------------+
|   0   | height | SmoothHeightCommand |
+-------+--------+---------------------+
[INFO] Event Manager:  <EventManager> contains 3 active terms.
+----------------------------------------+
| Active Event Terms in Mode: 'startup'  |
+--------+-------------------------------+
| Index  | Name                          |
+--------+-------------------------------+
|   0    | randomize_physics_material    |
|   1    | randomize_actuator_gains      |
|   2    | randomize_bodies_mass         |
|   3    | randomize_base_mass           |
|   4    | randomize_base_com            |
+--------+-------------------------------+
+---------------------------------------------------------------------------+
|                   Active Event Terms in Mode: 'interval'                  |
+-------+-----------------------------------------+-------------------------+
| Index | Name                                    | Interval time range (s) |
+-------+-----------------------------------------+-------------------------+
|   0   | push_robot                              |       (0.0, 10.0)       |
|   1   | apply_external_force_torque             |       (0.0, 10.0)       |
|   2   | apply_external_force_torque_extremities |       (0.0, 10.0)       |
+-------+-----------------------------------------+-------------------------+
+----------------------------------+
| Active Event Terms in Mode: 'reset' |
+------------+---------------------+
|   Index    | Name                |
+------------+---------------------+
|     0      | reset_base          |
+------------+---------------------+
[INFO] Recorder Manager:  <RecorderManager> contains 0 active terms.
+---------------------+
| Active Recorder Terms |
+-----------+---------+
|   Index   | Name    |
+-----------+---------+
+-----------+---------+
[INFO]: Resolved joint names for the action term JointPositionAction: ['left_hip_pitch_joint', 'left_hip_roll_joint', 'left_hip_yaw_joint', 'left_knee_joint', 'left_ankle_pitch_joint', 'left_ankle_roll_joint', 'right_hip_pitch_joint', 'right_hip_roll_joint', 'right_hip_yaw_joint', 'right_knee_joint'
[INFO] Action Manager:  <ActionManager> contains 2 active terms.
+------------------------------------+
|  Active Action Terms (shape: 29)   |
+--------+-------------+-------------+
| Index  | Name        |   Dimension |
+--------+-------------+-------------+
|   0    | joint_pos   |          29 |
|   1    | lift        |           0 |
+--------+-------------+-------------+
[INFO] Observation Manager: <ObservationManager> contains 2 groups.
+----------------------------------------------+
| Active Observation Terms in Group: 'policy'  |
+---------+------------------------+-----------+
|  Index  | Name                   |   Shape   |
+---------+------------------------+-----------+
|    0    | base_ang_vel           |   (5, 3)  |
|    1    | projected_gravity      |   (5, 3)  |
|    2    | joint_pos              |  (5, 29)  |
|    3    | joint_vel              |  (5, 29)  |
|    4    | actions                |  (5, 29)  |
|    5    | height_command         |   (5, 1)  |
+---------+------------------------+-----------+
+----------------------------------------------+
| Active Observation Terms in Group: 'critic'  |
+---------+------------------------+-----------+
|  Index  | Name                   |   Shape   |
+---------+------------------------+-----------+
|    0    | projected_gravity      |   (5, 3)  |
|    1    | base_lin_vel           |   (5, 3)  |
|    2    | base_ang_vel           |   (5, 3)  |
|    3    | joint_pos              |  (5, 29)  |
|    4    | joint_vel              |  (5, 29)  |
|    5    | actions                |  (5, 29)  |
|    6    | contact_forces         |  (5, 30)  |
|    7    | base_height            |   (5, 1)  |
|    8    | height_command         |   (5, 1)  |
+---------+------------------------+-----------+
[INFO] Termination Manager:  <TerminationManager> contains 2 active terms.
+----------------------------------+
|     Active Termination Terms     |
+-------+---------------+----------+
| Index | Name          | Time Out |
+-------+---------------+----------+
|   0   | time_out      |   True   |
|   1   | invalid_state |  False   |
+-------+---------------+----------+
[INFO] Reward Manager:  <RewardManager> contains 32 active terms.
+--------------------------------------------+
|            Active Reward Terms             |
+-------+-------------------------+----------+
| Index | Name                    |   Weight |
+-------+-------------------------+----------+
|   0   | joint_torques_l2        |   -5e-05 |
|   1   | torque_limits           |    -0.01 |
|   2   | joint_acc_l2            | -2.5e-08 |
|   3   | joint_pos_limits        |     -0.1 |
|   4   | joint_vel_limits        |    -0.01 |
|   5   | action_rate             |     -1.0 |
|   6   | action_rate_rate        |    -0.15 |
|   7   | joint_vel_l2            |   -0.001 |
|   8   | joint_tracking_error    |     -0.5 |
|   9   | base_height_rough       |      4.0 |
|   10  | base_height_medium      |      8.0 |
|   11  | base_height_fine        |     16.0 |
|   12  | relaxation              |     -1.0 |
|   13  | joint_deviation_l1      |     -0.5 |
|   14  | joint_deviation_l1_arms |     -0.5 |
|   15  | ankle_torques           |   -0.001 |
|   16  | not_moving              |     -1.0 |
|   17  | torso_upright           |     -1.0 |
|   18  | severely_tilted         |     -5.0 |
|   19  | torso_roll              |     -5.0 |
|   20  | forward_pitch           |    -10.0 |
|   21  | illegal_contacts        |     -2.0 |
|   22  | feet_distance           |     -5.0 |
|   23  | feet_distance_standing  |    -10.0 |
|   24  | ground_unloaded         |     -2.0 |
|   25  | flat_feet               |     -1.0 |
|   26  | feet_slide              |     -1.0 |
|   27  | feet_yaw_mean           |     -2.0 |
|   28  | completely_airborne     |    -50.0 |
|   29  | body_velocity           |     -0.1 |
|   30  | ground_slam             |     -1.0 |
|   31  | torso_slam              |     -5.0 |
+-------+-------------------------+----------+
[INFO] Curriculum Manager:  <CurriculumManager> contains 8 active terms.
+---------------------------------+
|     Active Curriculum Terms     |
+-------+-------------------------+
| Index | Name                    |
+-------+-------------------------+
|   0   | adaptive_lift           |
|   1   | terrain_levels          |
|   2   | polish_action_rate_rate |
|   3   | polish_ground_slam      |
|   4   | polish_torso_slam       |
|   5   | polish_not_moving       |
|   6   | polish_joint_vel_l2     |
|   7   | random_fallen_states    |
+-------+-------------------------+
/workspace/WBC-AGILE-NEWTON/.venv/lib/python3.12/site-packages/isaaclab/source/isaaclab/isaaclab/envs/mdp/events.py:742: UserWarning: In Newton, body com pose always has unit quaternion. Consider using body_com_pos_b instead.Querying this property requires appending a unit quaternion to the position
  self.default_com = self.asset.data.body_com_pose_b.torch.clone()
[INFO]: Completed setting up the environment...
[al] heightfield shapes: [0, 1, 2, 3, 4, 5, 6, 7, 8, 9, 10, 11, 12, 13, 14, 15, 16, 17, 18, 19, 20, 21, 22, 23, 24, 25, 26, 27, 28, 29, 30, 31, 32, 33, 34, 35, 36, 37, 38, 39, 40, 41, 42, 43, 44, 45, 46, 47, 48, 49, 50, 51, 52, 53, 54, 55, 56, 57, 58, 59, 60, 61, 62, 63, 64, 65, 66, 67, 68, 69, 70, 
[al] newton hfield shape 0: nrow=41 ncol=41 hx=2.00 hy=2.00 min_z=-0.0000 max_z=+0.0001 data[0,1] range=[0.000,1.000] xform p=(-42.00,-46.00,+0.0000)
[al] newton hfield shape 1: nrow=41 ncol=41 hx=2.00 hy=2.00 min_z=-0.0000 max_z=+0.0001 data[0,1] range=[0.000,1.000] xform p=(-38.00,-46.00,+0.0000)
[al] newton hfield shape 2: nrow=41 ncol=41 hx=2.00 hy=2.00 min_z=-0.0000 max_z=+0.0001 data[0,1] range=[0.000,1.000] xform p=(-34.00,-46.00,+0.0000)
[al] newton hfield shape 3: nrow=41 ncol=41 hx=2.00 hy=2.00 min_z=-0.0000 max_z=+0.0001 data[0,1] range=[0.000,1.000] xform p=(-30.00,-46.00,+0.0000)
[al] newton hfield shape 4: nrow=41 ncol=41 hx=2.00 hy=2.00 min_z=-0.0000 max_z=+0.0001 data[0,1] range=[0.000,1.000] xform p=(-26.00,-46.00,+0.0000)
[al] newton hfield shape 5: nrow=41 ncol=41 hx=2.00 hy=2.00 min_z=-0.0000 max_z=+0.0001 data[0,1] range=[0.000,1.000] xform p=(-22.00,-46.00,+0.0000)
[al] newton hfield shape 6: nrow=41 ncol=41 hx=2.00 hy=2.00 min_z=-0.0000 max_z=+0.0001 data[0,1] range=[0.000,1.000] xform p=(-18.00,-46.00,+0.0000)
[al] newton hfield shape 7: nrow=41 ncol=41 hx=2.00 hy=2.00 min_z=-0.0000 max_z=+0.0001 data[0,1] range=[0.000,1.000] xform p=(-14.00,-46.00,+0.0000)
[al] newton hfield shape 8: nrow=41 ncol=41 hx=2.00 hy=2.00 min_z=-0.0000 max_z=+0.0001 data[0,1] range=[0.000,1.000] xform p=(-10.00,-46.00,+0.0000)
[al] newton hfield shape 9: nrow=41 ncol=41 hx=2.00 hy=2.00 min_z=-0.0000 max_z=+0.0001 data[0,1] range=[0.000,1.000] xform p=(-6.00,-46.00,+0.0000)
[al] newton hfield shape 10: nrow=41 ncol=41 hx=2.00 hy=2.00 min_z=-0.0000 max_z=+0.0001 data[0,1] range=[0.000,1.000] xform p=(-2.00,-46.00,+0.0000)
[al] newton hfield shape 11: nrow=41 ncol=41 hx=2.00 hy=2.00 min_z=-0.0000 max_z=+0.0001 data[0,1] range=[0.000,1.000] xform p=(+2.00,-46.00,+0.0000)
[al] newton hfield shape 12: nrow=41 ncol=41 hx=2.00 hy=2.00 min_z=-0.0000 max_z=+0.0001 data[0,1] range=[0.000,1.000] xform p=(+6.00,-46.00,+0.0000)
[al] newton hfield shape 13: nrow=41 ncol=41 hx=2.00 hy=2.00 min_z=-0.0000 max_z=+0.0001 data[0,1] range=[0.000,1.000] xform p=(+10.00,-46.00,+0.0000)
[al] newton hfield shape 14: nrow=41 ncol=41 hx=2.00 hy=2.00 min_z=-0.0000 max_z=+0.0001 data[0,1] range=[0.000,1.000] xform p=(+14.00,-46.00,+0.0000)
[al] newton hfield shape 15: nrow=41 ncol=41 hx=2.00 hy=2.00 min_z=-0.0000 max_z=+0.0001 data[0,1] range=[0.000,1.000] xform p=(+18.00,-46.00,+0.0000)
[al] newton hfield shape 16: nrow=41 ncol=41 hx=2.00 hy=2.00 min_z=-0.0000 max_z=+0.0001 data[0,1] range=[0.000,1.000] xform p=(+22.00,-46.00,+0.0000)
[al] newton hfield shape 17: nrow=41 ncol=41 hx=2.00 hy=2.00 min_z=-0.0000 max_z=+0.0001 data[0,1] range=[0.000,1.000] xform p=(+26.00,-46.00,+0.0000)
[al] newton hfield shape 18: nrow=41 ncol=41 hx=2.00 hy=2.00 min_z=-0.0000 max_z=+0.0001 data[0,1] range=[0.000,1.000] xform p=(+30.00,-46.00,+0.0000)
[al] newton hfield shape 19: nrow=41 ncol=41 hx=2.00 hy=2.00 min_z=-0.0000 max_z=+0.0001 data[0,1] range=[0.000,1.000] xform p=(+34.00,-46.00,+0.0000)
[al] newton hfield shape 20: nrow=41 ncol=41 hx=2.00 hy=2.00 min_z=-0.0000 max_z=+0.0001 data[0,1] range=[0.000,1.000] xform p=(+38.00,-46.00,+0.0000)
[al] newton hfield shape 21: nrow=41 ncol=41 hx=2.00 hy=2.00 min_z=-0.0000 max_z=+0.0001 data[0,1] range=[0.000,1.000] xform p=(+42.00,-46.00,+0.0000)
[al] newton hfield shape 22: nrow=41 ncol=41 hx=2.00 hy=2.00 min_z=-0.0000 max_z=+0.0001 data[0,1] range=[0.000,1.000] xform p=(-42.00,-42.00,+0.0000)
[al] newton hfield shape 23: nrow=41 ncol=41 hx=2.00 hy=2.00 min_z=-0.0000 max_z=+0.0001 data[0,1] range=[0.000,1.000] xform p=(-38.00,-42.00,+0.0000)
[al] newton hfield shape 24: nrow=41 ncol=41 hx=2.00 hy=2.00 min_z=-0.0000 max_z=+0.0001 data[0,1] range=[0.000,1.000] xform p=(-34.00,-42.00,+0.0000)
[al] newton hfield shape 25: nrow=41 ncol=41 hx=2.00 hy=2.00 min_z=-0.0000 max_z=+0.0001 data[0,1] range=[0.000,1.000] xform p=(-30.00,-42.00,+0.0000)
[al] newton hfield shape 26: nrow=41 ncol=41 hx=2.00 hy=2.00 min_z=-0.0000 max_z=+0.0001 data[0,1] range=[0.000,1.000] xform p=(-26.00,-42.00,+0.0000)
[al] newton hfield shape 27: nrow=41 ncol=41 hx=2.00 hy=2.00 min_z=-0.0000 max_z=+0.0001 data[0,1] range=[0.000,1.000] xform p=(-22.00,-42.00,+0.0000)
[al] newton hfield shape 28: nrow=41 ncol=41 hx=2.00 hy=2.00 min_z=-0.0000 max_z=+0.0001 data[0,1] range=[0.000,1.000] xform p=(-18.00,-42.00,+0.0000)
[al] newton hfield shape 29: nrow=41 ncol=41 hx=2.00 hy=2.00 min_z=-0.0000 max_z=+0.0001 data[0,1] range=[0.000,1.000] xform p=(-14.00,-42.00,+0.0000)
[al] newton hfield shape 30: nrow=41 ncol=41 hx=2.00 hy=2.00 min_z=-0.0000 max_z=+0.0001 data[0,1] range=[0.000,1.000] xform p=(-10.00,-42.00,+0.0000)
[al] newton hfield shape 31: nrow=41 ncol=41 hx=2.00 hy=2.00 min_z=-0.0000 max_z=+0.0001 data[0,1] range=[0.000,1.000] xform p=(-6.00,-42.00,+0.0000)
[al] newton hfield shape 32: nrow=41 ncol=41 hx=2.00 hy=2.00 min_z=-0.0000 max_z=+0.0001 data[0,1] range=[0.000,1.000] xform p=(-2.00,-42.00,+0.0000)
[al] newton hfield shape 33: nrow=41 ncol=41 hx=2.00 hy=2.00 min_z=-0.0000 max_z=+0.0001 data[0,1] range=[0.000,1.000] xform p=(+2.00,-42.00,+0.0000)
[al] newton hfield shape 34: nrow=41 ncol=41 hx=2.00 hy=2.00 min_z=-0.0000 max_z=+0.0001 data[0,1] range=[0.000,1.000] xform p=(+6.00,-42.00,+0.0000)
[al] newton hfield shape 35: nrow=41 ncol=41 hx=2.00 hy=2.00 min_z=-0.0000 max_z=+0.0001 data[0,1] range=[0.000,1.000] xform p=(+10.00,-42.00,+0.0000)
[al] newton hfield shape 36: nrow=41 ncol=41 hx=2.00 hy=2.00 min_z=-0.0000 max_z=+0.0001 data[0,1] range=[0.000,1.000] xform p=(+14.00,-42.00,+0.0000)
[al] newton hfield shape 37: nrow=41 ncol=41 hx=2.00 hy=2.00 min_z=-0.0000 max_z=+0.0001 data[0,1] range=[0.000,1.000] xform p=(+18.00,-42.00,+0.0000)
[al] newton hfield shape 38: nrow=41 ncol=41 hx=2.00 hy=2.00 min_z=-0.0000 max_z=+0.0001 data[0,1] range=[0.000,1.000] xform p=(+22.00,-42.00,+0.0000)
[al] newton hfield shape 39: nrow=41 ncol=41 hx=2.00 hy=2.00 min_z=-0.0000 max_z=+0.0001 data[0,1] range=[0.000,1.000] xform p=(+26.00,-42.00,+0.0000)
[al] newton hfield shape 40: nrow=41 ncol=41 hx=2.00 hy=2.00 min_z=-0.0000 max_z=+0.0001 data[0,1] range=[0.000,1.000] xform p=(+30.00,-42.00,+0.0000)
[al] newton hfield shape 41: nrow=41 ncol=41 hx=2.00 hy=2.00 min_z=-0.0000 max_z=+0.0001 data[0,1] range=[0.000,1.000] xform p=(+34.00,-42.00,+0.0000)
[al] newton hfield shape 42: nrow=41 ncol=41 hx=2.00 hy=2.00 min_z=-0.0000 max_z=+0.0001 data[0,1] range=[0.000,1.000] xform p=(+38.00,-42.00,+0.0000)
[al] newton hfield shape 43: nrow=41 ncol=41 hx=2.00 hy=2.00 min_z=-0.0000 max_z=+0.0001 data[0,1] range=[0.000,1.000] xform p=(+42.00,-42.00,+0.0000)
[al] newton hfield shape 44: nrow=41 ncol=41 hx=2.00 hy=2.00 min_z=-0.0000 max_z=+0.0001 data[0,1] range=[0.000,1.000] xform p=(-42.00,-38.00,+0.0000)
[al] newton hfield shape 45: nrow=41 ncol=41 hx=2.00 hy=2.00 min_z=-0.0000 max_z=+0.0001 data[0,1] range=[0.000,1.000] xform p=(-38.00,-38.00,+0.0000)
[al] newton hfield shape 46: nrow=41 ncol=41 hx=2.00 hy=2.00 min_z=-0.0000 max_z=+0.0001 data[0,1] range=[0.000,1.000] xform p=(-34.00,-38.00,+0.0000)
[al] newton hfield shape 47: nrow=41 ncol=41 hx=2.00 hy=2.00 min_z=-0.0000 max_z=+0.0001 data[0,1] range=[0.000,1.000] xform p=(-30.00,-38.00,+0.0000)
[al] newton hfield shape 48: nrow=41 ncol=41 hx=2.00 hy=2.00 min_z=-0.0000 max_z=+0.0001 data[0,1] range=[0.000,1.000] xform p=(-26.00,-38.00,+0.0000)
[al] newton hfield shape 49: nrow=41 ncol=41 hx=2.00 hy=2.00 min_z=-0.0000 max_z=+0.0001 data[0,1] range=[0.000,1.000] xform p=(-22.00,-38.00,+0.0000)
[al] newton hfield shape 50: nrow=41 ncol=41 hx=2.00 hy=2.00 min_z=-0.0000 max_z=+0.0001 data[0,1] range=[0.000,1.000] xform p=(-18.00,-38.00,+0.0000)
[al] newton hfield shape 51: nrow=41 ncol=41 hx=2.00 hy=2.00 min_z=-0.0000 max_z=+0.0001 data[0,1] range=[0.000,1.000] xform p=(-14.00,-38.00,+0.0000)
[al] newton hfield shape 52: nrow=41 ncol=41 hx=2.00 hy=2.00 min_z=-0.0000 max_z=+0.0001 data[0,1] range=[0.000,1.000] xform p=(-10.00,-38.00,+0.0000)
[al] newton hfield shape 53: nrow=41 ncol=41 hx=2.00 hy=2.00 min_z=-0.0000 max_z=+0.0001 data[0,1] range=[0.000,1.000] xform p=(-6.00,-38.00,+0.0000)
[al] newton hfield shape 54: nrow=41 ncol=41 hx=2.00 hy=2.00 min_z=-0.0000 max_z=+0.0001 data[0,1] range=[0.000,1.000] xform p=(-2.00,-38.00,+0.0000)
[al] newton hfield shape 55: nrow=41 ncol=41 hx=2.00 hy=2.00 min_z=-0.0000 max_z=+0.0001 data[0,1] range=[0.000,1.000] xform p=(+2.00,-38.00,+0.0000)
[al] newton hfield shape 56: nrow=41 ncol=41 hx=2.00 hy=2.00 min_z=-0.0000 max_z=+0.0001 data[0,1] range=[0.000,1.000] xform p=(+6.00,-38.00,+0.0000)
[al] newton hfield shape 57: nrow=41 ncol=41 hx=2.00 hy=2.00 min_z=-0.0000 max_z=+0.0001 data[0,1] range=[0.000,1.000] xform p=(+10.00,-38.00,+0.0000)
[al] newton hfield shape 58: nrow=41 ncol=41 hx=2.00 hy=2.00 min_z=-0.0000 max_z=+0.0001 data[0,1] range=[0.000,1.000] xform p=(+14.00,-38.00,+0.0000)
[al] newton hfield shape 59: nrow=41 ncol=41 hx=2.00 hy=2.00 min_z=-0.0000 max_z=+0.0001 data[0,1] range=[0.000,1.000] xform p=(+18.00,-38.00,+0.0000)
[al] newton hfield shape 60: nrow=41 ncol=41 hx=2.00 hy=2.00 min_z=-0.0000 max_z=+0.0001 data[0,1] range=[0.000,1.000] xform p=(+22.00,-38.00,+0.0000)
[al] newton hfield shape 61: nrow=41 ncol=41 hx=2.00 hy=2.00 min_z=-0.0000 max_z=+0.0001 data[0,1] range=[0.000,1.000] xform p=(+26.00,-38.00,+0.0000)
[al] newton hfield shape 62: nrow=41 ncol=41 hx=2.00 hy=2.00 min_z=-0.0000 max_z=+0.0001 data[0,1] range=[0.000,1.000] xform p=(+30.00,-38.00,+0.0000)
[al] newton hfield shape 63: nrow=41 ncol=41 hx=2.00 hy=2.00 min_z=-0.0000 max_z=+0.0001 data[0,1] range=[0.000,1.000] xform p=(+34.00,-38.00,+0.0000)
[al] newton hfield shape 64: nrow=41 ncol=41 hx=2.00 hy=2.00 min_z=-0.0000 max_z=+0.0001 data[0,1] range=[0.000,1.000] xform p=(+38.00,-38.00,+0.0000)
[al] newton hfield shape 65: nrow=41 ncol=41 hx=2.00 hy=2.00 min_z=-0.0000 max_z=+0.0001 data[0,1] range=[0.000,1.000] xform p=(+42.00,-38.00,+0.0000)
[al] newton hfield shape 66: nrow=41 ncol=41 hx=2.00 hy=2.00 min_z=-0.0000 max_z=+0.0001 data[0,1] range=[0.000,1.000] xform p=(-42.00,-34.00,+0.0000)
[al] newton hfield shape 67: nrow=41 ncol=41 hx=2.00 hy=2.00 min_z=-0.0000 max_z=+0.0001 data[0,1] range=[0.000,1.000] xform p=(-38.00,-34.00,+0.0000)
[al] newton hfield shape 68: nrow=41 ncol=41 hx=2.00 hy=2.00 min_z=-0.0000 max_z=+0.0001 data[0,1] range=[0.000,1.000] xform p=(-34.00,-34.00,+0.0000)
[al] newton hfield shape 69: nrow=41 ncol=41 hx=2.00 hy=2.00 min_z=-0.0156 max_z=+0.0163 data[0,1] range=[0.000,1.000] xform p=(-30.00,-34.00,+0.0000)
[al] newton hfield shape 70: nrow=41 ncol=41 hx=2.00 hy=2.00 min_z=-0.0157 max_z=+0.0163 data[0,1] range=[0.000,1.000] xform p=(-26.00,-34.00,+0.0000)
[al] newton hfield shape 71: nrow=41 ncol=41 hx=2.00 hy=2.00 min_z=-0.0210 max_z=+0.0217 data[0,1] range=[0.000,1.000] xform p=(-22.00,-34.00,+0.0000)
[al] newton hfield shape 72: nrow=41 ncol=41 hx=2.00 hy=2.00 min_z=-0.0202 max_z=+0.0217 data[0,1] range=[0.000,1.000] xform p=(-18.00,-34.00,+0.0000)
[al] newton hfield shape 73: nrow=41 ncol=41 hx=2.00 hy=2.00 min_z=-0.0316 max_z=+0.0332 data[0,1] range=[0.000,1.000] xform p=(-14.00,-34.00,+0.0000)
[al] newton hfield shape 74: nrow=41 ncol=41 hx=2.00 hy=2.00 min_z=-0.0327 max_z=+0.0332 data[0,1] range=[0.000,1.000] xform p=(-10.00,-34.00,+0.0000)
[al] newton hfield shape 75: nrow=41 ncol=41 hx=2.00 hy=2.00 min_z=-0.0386 max_z=+0.0400 data[0,1] range=[0.000,1.000] xform p=(-6.00,-34.00,+0.0000)
[al] newton hfield shape 76: nrow=41 ncol=41 hx=2.00 hy=2.00 min_z=-0.0390 max_z=+0.0400 data[0,1] range=[0.000,1.000] xform p=(-2.00,-34.00,+0.0000)
[al] newton hfield shape 77: nrow=41 ncol=41 hx=2.00 hy=2.00 min_z=-0.0428 max_z=+0.0433 data[0,1] range=[0.000,1.000] xform p=(+2.00,-34.00,+0.0000)
[al] newton hfield shape 78: nrow=41 ncol=41 hx=2.00 hy=2.00 min_z=-0.0428 max_z=+0.0433 data[0,1] range=[0.000,1.000] xform p=(+6.00,-34.00,+0.0000)
[al] newton hfield shape 79: nrow=41 ncol=41 hx=2.00 hy=2.00 min_z=-0.0496 max_z=+0.0586 data[0,1] range=[0.000,1.000] xform p=(+10.00,-34.00,+0.0000)
[al] newton hfield shape 80: nrow=41 ncol=41 hx=2.00 hy=2.00 min_z=-0.0556 max_z=+0.0586 data[0,1] range=[0.000,1.000] xform p=(+14.00,-34.00,+0.0000)
[al] newton hfield shape 81: nrow=41 ncol=41 hx=2.00 hy=2.00 min_z=-0.0618 max_z=+0.0649 data[0,1] range=[0.000,1.000] xform p=(+18.00,-34.00,+0.0000)
[al] newton hfield shape 82: nrow=41 ncol=41 hx=2.00 hy=2.00 min_z=-0.0648 max_z=+0.0649 data[0,1] range=[0.000,1.000] xform p=(+22.00,-34.00,+0.0000)
[al] newton hfield shape 83: nrow=41 ncol=41 hx=2.00 hy=2.00 min_z=-0.0728 max_z=+0.0733 data[0,1] range=[0.000,1.000] xform p=(+26.00,-34.00,+0.0000)
[al] newton hfield shape 84: nrow=41 ncol=41 hx=2.00 hy=2.00 min_z=-0.0720 max_z=+0.0733 data[0,1] range=[0.000,1.000] xform p=(+30.00,-34.00,+0.0000)
[al] newton hfield shape 85: nrow=41 ncol=41 hx=2.00 hy=2.00 min_z=-0.0000 max_z=+0.0001 data[0,1] range=[0.000,1.000] xform p=(+34.00,-34.00,+0.0000)
[al] newton hfield shape 86: nrow=41 ncol=41 hx=2.00 hy=2.00 min_z=-0.0000 max_z=+0.0001 data[0,1] range=[0.000,1.000] xform p=(+38.00,-34.00,+0.0000)
[al] newton hfield shape 87: nrow=41 ncol=41 hx=2.00 hy=2.00 min_z=-0.0000 max_z=+0.0001 data[0,1] range=[0.000,1.000] xform p=(+42.00,-34.00,+0.0000)
[al] newton hfield shape 88: nrow=41 ncol=41 hx=2.00 hy=2.00 min_z=-0.0000 max_z=+0.0001 data[0,1] range=[0.000,1.000] xform p=(-42.00,-30.00,+0.0000)
[al] newton hfield shape 89: nrow=41 ncol=41 hx=2.00 hy=2.00 min_z=-0.0000 max_z=+0.0001 data[0,1] range=[0.000,1.000] xform p=(-38.00,-30.00,+0.0000)
[al] newton hfield shape 90: nrow=41 ncol=41 hx=2.00 hy=2.00 min_z=-0.0000 max_z=+0.0001 data[0,1] range=[0.000,1.000] xform p=(-34.00,-30.00,+0.0000)
[al] newton hfield shape 91: nrow=41 ncol=41 hx=2.00 hy=2.00 min_z=-0.0162 max_z=+0.0163 data[0,1] range=[0.000,1.000] xform p=(-30.00,-30.00,+0.0000)
[al] newton hfield shape 92: nrow=41 ncol=41 hx=2.00 hy=2.00 min_z=-0.0162 max_z=+0.0163 data[0,1] range=[0.000,1.000] xform p=(-26.00,-30.00,+0.0000)
[al] newton hfield shape 93: nrow=41 ncol=41 hx=2.00 hy=2.00 min_z=-0.0215 max_z=+0.0217 data[0,1] range=[0.000,1.000] xform p=(-22.00,-30.00,+0.0000)
[al] newton hfield shape 94: nrow=41 ncol=41 hx=2.00 hy=2.00 min_z=-0.0206 max_z=+0.0217 data[0,1] range=[0.000,1.000] xform p=(-18.00,-30.00,+0.0000)
[al] newton hfield shape 95: nrow=41 ncol=41 hx=2.00 hy=2.00 min_z=-0.0328 max_z=+0.0332 data[0,1] range=[0.000,1.000] xform p=(-14.00,-30.00,+0.0000)
[al] newton hfield shape 96: nrow=41 ncol=41 hx=2.00 hy=2.00 min_z=-0.0330 max_z=+0.0332 data[0,1] range=[0.000,1.000] xform p=(-10.00,-30.00,+0.0000)
[al] newton hfield shape 97: nrow=41 ncol=41 hx=2.00 hy=2.00 min_z=-0.0393 max_z=+0.0400 data[0,1] range=[0.000,1.000] xform p=(-6.00,-30.00,+0.0000)
[al] newton hfield shape 98: nrow=41 ncol=41 hx=2.00 hy=2.00 min_z=-0.0396 max_z=+0.0400 data[0,1] range=[0.000,1.000] xform p=(-2.00,-30.00,+0.0000)
[al] newton hfield shape 99: nrow=41 ncol=41 hx=2.00 hy=2.00 min_z=-0.0405 max_z=+0.0433 data[0,1] range=[0.000,1.000] xform p=(+2.00,-30.00,+0.0000)
[al] newton hfield shape 100: nrow=41 ncol=41 hx=2.00 hy=2.00 min_z=-0.0432 max_z=+0.0433 data[0,1] range=[0.000,1.000] xform p=(+6.00,-30.00,+0.0000)
[al] newton hfield shape 101: nrow=41 ncol=41 hx=2.00 hy=2.00 min_z=-0.0577 max_z=+0.0586 data[0,1] range=[0.000,1.000] xform p=(+10.00,-30.00,+0.0000)
[al] newton hfield shape 102: nrow=41 ncol=41 hx=2.00 hy=2.00 min_z=-0.0547 max_z=+0.0586 data[0,1] range=[0.000,1.000] xform p=(+14.00,-30.00,+0.0000)
[al] newton hfield shape 103: nrow=41 ncol=41 hx=2.00 hy=2.00 min_z=-0.0643 max_z=+0.0649 data[0,1] range=[0.000,1.000] xform p=(+18.00,-30.00,+0.0000)
[al] newton hfield shape 104: nrow=41 ncol=41 hx=2.00 hy=2.00 min_z=-0.0609 max_z=+0.0649 data[0,1] range=[0.000,1.000] xform p=(+22.00,-30.00,+0.0000)
[al] newton hfield shape 105: nrow=41 ncol=41 hx=2.00 hy=2.00 min_z=-0.0715 max_z=+0.0733 data[0,1] range=[0.000,1.000] xform p=(+26.00,-30.00,+0.0000)
[al] newton hfield shape 106: nrow=41 ncol=41 hx=2.00 hy=2.00 min_z=-0.0731 max_z=+0.0733 data[0,1] range=[0.000,1.000] xform p=(+30.00,-30.00,+0.0000)
[al] newton hfield shape 107: nrow=41 ncol=41 hx=2.00 hy=2.00 min_z=-0.0000 max_z=+0.0001 data[0,1] range=[0.000,1.000] xform p=(+34.00,-30.00,+0.0000)
[al] newton hfield shape 108: nrow=41 ncol=41 hx=2.00 hy=2.00 min_z=-0.0000 max_z=+0.0001 data[0,1] range=[0.000,1.000] xform p=(+38.00,-30.00,+0.0000)
[al] newton hfield shape 109: nrow=41 ncol=41 hx=2.00 hy=2.00 min_z=-0.0000 max_z=+0.0001 data[0,1] range=[0.000,1.000] xform p=(+42.00,-30.00,+0.0000)
[al] newton hfield shape 110: nrow=41 ncol=41 hx=2.00 hy=2.00 min_z=-0.0000 max_z=+0.0001 data[0,1] range=[0.000,1.000] xform p=(-42.00,-26.00,+0.0000)
[al] newton hfield shape 111: nrow=41 ncol=41 hx=2.00 hy=2.00 min_z=-0.0000 max_z=+0.0001 data[0,1] range=[0.000,1.000] xform p=(-38.00,-26.00,+0.0000)
[al] newton hfield shape 112: nrow=41 ncol=41 hx=2.00 hy=2.00 min_z=-0.0000 max_z=+0.0001 data[0,1] range=[0.000,1.000] xform p=(-34.00,-26.00,+0.0000)
[al] newton hfield shape 113: nrow=41 ncol=41 hx=2.00 hy=2.00 min_z=-0.0110 max_z=+0.0110 data[0,1] range=[0.000,1.000] xform p=(-30.00,-26.00,+0.0000)
[al] newton hfield shape 114: nrow=41 ncol=41 hx=2.00 hy=2.00 min_z=-0.0110 max_z=+0.0110 data[0,1] range=[0.000,1.000] xform p=(-26.00,-26.00,+0.0000)
[al] newton hfield shape 115: nrow=41 ncol=41 hx=2.00 hy=2.00 min_z=-0.0218 max_z=+0.0218 data[0,1] range=[0.000,1.000] xform p=(-22.00,-26.00,+0.0000)
[al] newton hfield shape 116: nrow=41 ncol=41 hx=2.00 hy=2.00 min_z=-0.0217 max_z=+0.0218 data[0,1] range=[0.000,1.000] xform p=(-18.00,-26.00,+0.0000)
[al] newton hfield shape 117: nrow=41 ncol=41 hx=2.00 hy=2.00 min_z=-0.0286 max_z=+0.0293 data[0,1] range=[0.000,1.000] xform p=(-14.00,-26.00,+0.0000)
[al] newton hfield shape 118: nrow=41 ncol=41 hx=2.00 hy=2.00 min_z=-0.0283 max_z=+0.0293 data[0,1] range=[0.000,1.000] xform p=(-10.00,-26.00,+0.0000)
[al] newton hfield shape 119: nrow=41 ncol=41 hx=2.00 hy=2.00 min_z=-0.0419 max_z=+0.0419 data[0,1] range=[0.000,1.000] xform p=(-6.00,-26.00,+0.0000)
[al] newton hfield shape 120: nrow=41 ncol=41 hx=2.00 hy=2.00 min_z=-0.0416 max_z=+0.0419 data[0,1] range=[0.000,1.000] xform p=(-2.00,-26.00,+0.0000)
[al] newton hfield shape 121: nrow=41 ncol=41 hx=2.00 hy=2.00 min_z=-0.0477 max_z=+0.0477 data[0,1] range=[0.000,1.000] xform p=(+2.00,-26.00,+0.0000)
[al] newton hfield shape 122: nrow=41 ncol=41 hx=2.00 hy=2.00 min_z=-0.0475 max_z=+0.0477 data[0,1] range=[0.000,1.000] xform p=(+6.00,-26.00,+0.0000)
[al] newton hfield shape 123: nrow=41 ncol=41 hx=2.00 hy=2.00 min_z=-0.0563 max_z=+0.0573 data[0,1] range=[0.000,1.000] xform p=(+10.00,-26.00,+0.0000)
[al] newton hfield shape 124: nrow=41 ncol=41 hx=2.00 hy=2.00 min_z=-0.0566 max_z=+0.0573 data[0,1] range=[0.000,1.000] xform p=(+14.00,-26.00,+0.0000)
[al] newton hfield shape 125: nrow=41 ncol=41 hx=2.00 hy=2.00 min_z=-0.0612 max_z=+0.0624 data[0,1] range=[0.000,1.000] xform p=(+18.00,-26.00,+0.0000)
[al] newton hfield shape 126: nrow=41 ncol=41 hx=2.00 hy=2.00 min_z=-0.0615 max_z=+0.0624 data[0,1] range=[0.000,1.000] xform p=(+22.00,-26.00,+0.0000)
[al] newton hfield shape 127: nrow=41 ncol=41 hx=2.00 hy=2.00 min_z=-0.0684 max_z=+0.0687 data[0,1] range=[0.000,1.000] xform p=(+26.00,-26.00,+0.0000)
[al] newton hfield shape 128: nrow=41 ncol=41 hx=2.00 hy=2.00 min_z=-0.0660 max_z=+0.0687 data[0,1] range=[0.000,1.000] xform p=(+30.00,-26.00,+0.0000)
[al] newton hfield shape 129: nrow=41 ncol=41 hx=2.00 hy=2.00 min_z=-0.0000 max_z=+0.0001 data[0,1] range=[0.000,1.000] xform p=(+34.00,-26.00,+0.0000)
[al] newton hfield shape 130: nrow=41 ncol=41 hx=2.00 hy=2.00 min_z=-0.0000 max_z=+0.0001 data[0,1] range=[0.000,1.000] xform p=(+38.00,-26.00,+0.0000)
[al] newton hfield shape 131: nrow=41 ncol=41 hx=2.00 hy=2.00 min_z=-0.0000 max_z=+0.0001 data[0,1] range=[0.000,1.000] xform p=(+42.00,-26.00,+0.0000)
[al] newton hfield shape 132: nrow=41 ncol=41 hx=2.00 hy=2.00 min_z=-0.0000 max_z=+0.0001 data[0,1] range=[0.000,1.000] xform p=(-42.00,-22.00,+0.0000)
[al] newton hfield shape 133: nrow=41 ncol=41 hx=2.00 hy=2.00 min_z=-0.0000 max_z=+0.0001 data[0,1] range=[0.000,1.000] xform p=(-38.00,-22.00,+0.0000)
[al] newton hfield shape 134: nrow=41 ncol=41 hx=2.00 hy=2.00 min_z=-0.0000 max_z=+0.0001 data[0,1] range=[0.000,1.000] xform p=(-34.00,-22.00,+0.0000)
[al] newton hfield shape 135: nrow=41 ncol=41 hx=2.00 hy=2.00 min_z=-0.0110 max_z=+0.0110 data[0,1] range=[0.000,1.000] xform p=(-30.00,-22.00,+0.0000)
[al] newton hfield shape 136: nrow=41 ncol=41 hx=2.00 hy=2.00 min_z=-0.0110 max_z=+0.0110 data[0,1] range=[0.000,1.000] xform p=(-26.00,-22.00,+0.0000)
[al] newton hfield shape 137: nrow=41 ncol=41 hx=2.00 hy=2.00 min_z=-0.0189 max_z=+0.0218 data[0,1] range=[0.000,1.000] xform p=(-22.00,-22.00,+0.0000)
[al] newton hfield shape 138: nrow=41 ncol=41 hx=2.00 hy=2.00 min_z=-0.0212 max_z=+0.0218 data[0,1] range=[0.000,1.000] xform p=(-18.00,-22.00,+0.0000)
[al] newton hfield shape 139: nrow=41 ncol=41 hx=2.00 hy=2.00 min_z=-0.0290 max_z=+0.0293 data[0,1] range=[0.000,1.000] xform p=(-14.00,-22.00,+0.0000)
[al] newton hfield shape 140: nrow=41 ncol=41 hx=2.00 hy=2.00 min_z=-0.0290 max_z=+0.0293 data[0,1] range=[0.000,1.000] xform p=(-10.00,-22.00,+0.0000)
[al] newton hfield shape 141: nrow=41 ncol=41 hx=2.00 hy=2.00 min_z=-0.0411 max_z=+0.0419 data[0,1] range=[0.000,1.000] xform p=(-6.00,-22.00,+0.0000)
[al] newton hfield shape 142: nrow=41 ncol=41 hx=2.00 hy=2.00 min_z=-0.0416 max_z=+0.0419 data[0,1] range=[0.000,1.000] xform p=(-2.00,-22.00,+0.0000)
[al] newton hfield shape 143: nrow=41 ncol=41 hx=2.00 hy=2.00 min_z=-0.0450 max_z=+0.0477 data[0,1] range=[0.000,1.000] xform p=(+2.00,-22.00,+0.0000)
[al] newton hfield shape 144: nrow=41 ncol=41 hx=2.00 hy=2.00 min_z=-0.0448 max_z=+0.0477 data[0,1] range=[0.000,1.000] xform p=(+6.00,-22.00,+0.0000)
[al] newton hfield shape 145: nrow=41 ncol=41 hx=2.00 hy=2.00 min_z=-0.0547 max_z=+0.0573 data[0,1] range=[0.000,1.000] xform p=(+10.00,-22.00,+0.0000)
[al] newton hfield shape 146: nrow=41 ncol=41 hx=2.00 hy=2.00 min_z=-0.0572 max_z=+0.0573 data[0,1] range=[0.000,1.000] xform p=(+14.00,-22.00,+0.0000)
[al] newton hfield shape 147: nrow=41 ncol=41 hx=2.00 hy=2.00 min_z=-0.0588 max_z=+0.0624 data[0,1] range=[0.000,1.000] xform p=(+18.00,-22.00,+0.0000)
[al] newton hfield shape 148: nrow=41 ncol=41 hx=2.00 hy=2.00 min_z=-0.0565 max_z=+0.0624 data[0,1] range=[0.000,1.000] xform p=(+22.00,-22.00,+0.0000)
[al] newton hfield shape 149: nrow=41 ncol=41 hx=2.00 hy=2.00 min_z=-0.0675 max_z=+0.0687 data[0,1] range=[0.000,1.000] xform p=(+26.00,-22.00,+0.0000)
[al] newton hfield shape 150: nrow=41 ncol=41 hx=2.00 hy=2.00 min_z=-0.0658 max_z=+0.0687 data[0,1] range=[0.000,1.000] xform p=(+30.00,-22.00,+0.0000)
[al] newton hfield shape 151: nrow=41 ncol=41 hx=2.00 hy=2.00 min_z=-0.0000 max_z=+0.0001 data[0,1] range=[0.000,1.000] xform p=(+34.00,-22.00,+0.0000)
[al] newton hfield shape 152: nrow=41 ncol=41 hx=2.00 hy=2.00 min_z=-0.0000 max_z=+0.0001 data[0,1] range=[0.000,1.000] xform p=(+38.00,-22.00,+0.0000)
[al] newton hfield shape 153: nrow=41 ncol=41 hx=2.00 hy=2.00 min_z=-0.0000 max_z=+0.0001 data[0,1] range=[0.000,1.000] xform p=(+42.00,-22.00,+0.0000)
[al] newton hfield shape 154: nrow=41 ncol=41 hx=2.00 hy=2.00 min_z=-0.0000 max_z=+0.0001 data[0,1] range=[0.000,1.000] xform p=(-42.00,-18.00,+0.0000)
[al] newton hfield shape 155: nrow=41 ncol=41 hx=2.00 hy=2.00 min_z=-0.0000 max_z=+0.0001 data[0,1] range=[0.000,1.000] xform p=(-38.00,-18.00,+0.0000)
[al] newton hfield shape 156: nrow=41 ncol=41 hx=2.00 hy=2.00 min_z=-0.0000 max_z=+0.0001 data[0,1] range=[0.000,1.000] xform p=(-34.00,-18.00,+0.0000)
[al] newton hfield shape 157: nrow=41 ncol=41 hx=2.00 hy=2.00 min_z=-0.0144 max_z=+0.0145 data[0,1] range=[0.000,1.000] xform p=(-30.00,-18.00,+0.0000)
[al] newton hfield shape 158: nrow=41 ncol=41 hx=2.00 hy=2.00 min_z=-0.0141 max_z=+0.0145 data[0,1] range=[0.000,1.000] xform p=(-26.00,-18.00,+0.0000)
[al] newton hfield shape 159: nrow=41 ncol=41 hx=2.00 hy=2.00 min_z=-0.0186 max_z=+0.0186 data[0,1] range=[0.000,1.000] xform p=(-22.00,-18.00,+0.0000)
[al] newton hfield shape 160: nrow=41 ncol=41 hx=2.00 hy=2.00 min_z=-0.0172 max_z=+0.0186 data[0,1] range=[0.000,1.000] xform p=(-18.00,-18.00,+0.0000)
[al] newton hfield shape 161: nrow=41 ncol=41 hx=2.00 hy=2.00 min_z=-0.0314 max_z=+0.0330 data[0,1] range=[0.000,1.000] xform p=(-14.00,-18.00,+0.0000)
[al] newton hfield shape 162: nrow=41 ncol=41 hx=2.00 hy=2.00 min_z=-0.0330 max_z=+0.0330 data[0,1] range=[0.000,1.000] xform p=(-10.00,-18.00,+0.0000)
[al] newton hfield shape 163: nrow=41 ncol=41 hx=2.00 hy=2.00 min_z=-0.0381 max_z=+0.0395 data[0,1] range=[0.000,1.000] xform p=(-6.00,-18.00,+0.0000)
[al] newton hfield shape 164: nrow=41 ncol=41 hx=2.00 hy=2.00 min_z=-0.0373 max_z=+0.0395 data[0,1] range=[0.000,1.000] xform p=(-2.00,-18.00,+0.0000)
[al] newton hfield shape 165: nrow=41 ncol=41 hx=2.00 hy=2.00 min_z=-0.0460 max_z=+0.0487 data[0,1] range=[0.000,1.000] xform p=(+2.00,-18.00,+0.0000)
[al] newton hfield shape 166: nrow=41 ncol=41 hx=2.00 hy=2.00 min_z=-0.0479 max_z=+0.0487 data[0,1] range=[0.000,1.000] xform p=(+6.00,-18.00,+0.0000)
[al] newton hfield shape 167: nrow=41 ncol=41 hx=2.00 hy=2.00 min_z=-0.0524 max_z=+0.0535 data[0,1] range=[0.000,1.000] xform p=(+10.00,-18.00,+0.0000)
[al] newton hfield shape 168: nrow=41 ncol=41 hx=2.00 hy=2.00 min_z=-0.0527 max_z=+0.0535 data[0,1] range=[0.000,1.000] xform p=(+14.00,-18.00,+0.0000)
[al] newton hfield shape 169: nrow=41 ncol=41 hx=2.00 hy=2.00 min_z=-0.0640 max_z=+0.0666 data[0,1] range=[0.000,1.000] xform p=(+18.00,-18.00,+0.0000)
[al] newton hfield shape 170: nrow=41 ncol=41 hx=2.00 hy=2.00 min_z=-0.0641 max_z=+0.0666 data[0,1] range=[0.000,1.000] xform p=(+22.00,-18.00,+0.0000)
[al] newton hfield shape 171: nrow=41 ncol=41 hx=2.00 hy=2.00 min_z=-0.0727 max_z=+0.0741 data[0,1] range=[0.000,1.000] xform p=(+26.00,-18.00,+0.0000)
[al] newton hfield shape 172: nrow=41 ncol=41 hx=2.00 hy=2.00 min_z=-0.0734 max_z=+0.0741 data[0,1] range=[0.000,1.000] xform p=(+30.00,-18.00,+0.0000)
[al] newton hfield shape 173: nrow=41 ncol=41 hx=2.00 hy=2.00 min_z=-0.0000 max_z=+0.0001 data[0,1] range=[0.000,1.000] xform p=(+34.00,-18.00,+0.0000)
[al] newton hfield shape 174: nrow=41 ncol=41 hx=2.00 hy=2.00 min_z=-0.0000 max_z=+0.0001 data[0,1] range=[0.000,1.000] xform p=(+38.00,-18.00,+0.0000)
[al] newton hfield shape 175: nrow=41 ncol=41 hx=2.00 hy=2.00 min_z=-0.0000 max_z=+0.0001 data[0,1] range=[0.000,1.000] xform p=(+42.00,-18.00,+0.0000)
[al] newton hfield shape 176: nrow=41 ncol=41 hx=2.00 hy=2.00 min_z=-0.0000 max_z=+0.0001 data[0,1] range=[0.000,1.000] xform p=(-42.00,-14.00,+0.0000)
[al] newton hfield shape 177: nrow=41 ncol=41 hx=2.00 hy=2.00 min_z=-0.0000 max_z=+0.0001 data[0,1] range=[0.000,1.000] xform p=(-38.00,-14.00,+0.0000)
[al] newton hfield shape 178: nrow=41 ncol=41 hx=2.00 hy=2.00 min_z=-0.0000 max_z=+0.0001 data[0,1] range=[0.000,1.000] xform p=(-34.00,-14.00,+0.0000)
[al] newton hfield shape 179: nrow=41 ncol=41 hx=2.00 hy=2.00 min_z=-0.0138 max_z=+0.0145 data[0,1] range=[0.000,1.000] xform p=(-30.00,-14.00,+0.0000)
[al] newton hfield shape 180: nrow=41 ncol=41 hx=2.00 hy=2.00 min_z=-0.0138 max_z=+0.0145 data[0,1] range=[0.000,1.000] xform p=(-26.00,-14.00,+0.0000)
[al] newton hfield shape 181: nrow=41 ncol=41 hx=2.00 hy=2.00 min_z=-0.0181 max_z=+0.0186 data[0,1] range=[0.000,1.000] xform p=(-22.00,-14.00,+0.0000)
[al] newton hfield shape 182: nrow=41 ncol=41 hx=2.00 hy=2.00 min_z=-0.0186 max_z=+0.0186 data[0,1] range=[0.000,1.000] xform p=(-18.00,-14.00,+0.0000)
[al] newton hfield shape 183: nrow=41 ncol=41 hx=2.00 hy=2.00 min_z=-0.0310 max_z=+0.0330 data[0,1] range=[0.000,1.000] xform p=(-14.00,-14.00,+0.0000)
[al] newton hfield shape 184: nrow=41 ncol=41 hx=2.00 hy=2.00 min_z=-0.0330 max_z=+0.0330 data[0,1] range=[0.000,1.000] xform p=(-10.00,-14.00,+0.0000)
[al] newton hfield shape 185: nrow=41 ncol=41 hx=2.00 hy=2.00 min_z=-0.0388 max_z=+0.0395 data[0,1] range=[0.000,1.000] xform p=(-6.00,-14.00,+0.0000)
[al] newton hfield shape 186: nrow=41 ncol=41 hx=2.00 hy=2.00 min_z=-0.0371 max_z=+0.0395 data[0,1] range=[0.000,1.000] xform p=(-2.00,-14.00,+0.0000)
[al] newton hfield shape 187: nrow=41 ncol=41 hx=2.00 hy=2.00 min_z=-0.0486 max_z=+0.0487 data[0,1] range=[0.000,1.000] xform p=(+2.00,-14.00,+0.0000)
[al] newton hfield shape 188: nrow=41 ncol=41 hx=2.00 hy=2.00 min_z=-0.0485 max_z=+0.0487 data[0,1] range=[0.000,1.000] xform p=(+6.00,-14.00,+0.0000)
[al] newton hfield shape 189: nrow=41 ncol=41 hx=2.00 hy=2.00 min_z=-0.0524 max_z=+0.0535 data[0,1] range=[0.000,1.000] xform p=(+10.00,-14.00,+0.0000)
[al] newton hfield shape 190: nrow=41 ncol=41 hx=2.00 hy=2.00 min_z=-0.0511 max_z=+0.0535 data[0,1] range=[0.000,1.000] xform p=(+14.00,-14.00,+0.0000)
[al] newton hfield shape 191: nrow=41 ncol=41 hx=2.00 hy=2.00 min_z=-0.0643 max_z=+0.0666 data[0,1] range=[0.000,1.000] xform p=(+18.00,-14.00,+0.0000)
[al] newton hfield shape 192: nrow=41 ncol=41 hx=2.00 hy=2.00 min_z=-0.0664 max_z=+0.0666 data[0,1] range=[0.000,1.000] xform p=(+22.00,-14.00,+0.0000)
[al] newton hfield shape 193: nrow=41 ncol=41 hx=2.00 hy=2.00 min_z=-0.0722 max_z=+0.0741 data[0,1] range=[0.000,1.000] xform p=(+26.00,-14.00,+0.0000)
[al] newton hfield shape 194: nrow=41 ncol=41 hx=2.00 hy=2.00 min_z=-0.0627 max_z=+0.0741 data[0,1] range=[0.000,1.000] xform p=(+30.00,-14.00,+0.0000)
[al] newton hfield shape 195: nrow=41 ncol=41 hx=2.00 hy=2.00 min_z=-0.0000 max_z=+0.0001 data[0,1] range=[0.000,1.000] xform p=(+34.00,-14.00,+0.0000)
[al] newton hfield shape 196: nrow=41 ncol=41 hx=2.00 hy=2.00 min_z=-0.0000 max_z=+0.0001 data[0,1] range=[0.000,1.000] xform p=(+38.00,-14.00,+0.0000)
[al] newton hfield shape 197: nrow=41 ncol=41 hx=2.00 hy=2.00 min_z=-0.0000 max_z=+0.0001 data[0,1] range=[0.000,1.000] xform p=(+42.00,-14.00,+0.0000)
[al] newton hfield shape 198: nrow=41 ncol=41 hx=2.00 hy=2.00 min_z=-0.0000 max_z=+0.0001 data[0,1] range=[0.000,1.000] xform p=(-42.00,-10.00,+0.0000)
[al] newton hfield shape 199: nrow=41 ncol=41 hx=2.00 hy=2.00 min_z=-0.0000 max_z=+0.0001 data[0,1] range=[0.000,1.000] xform p=(-38.00,-10.00,+0.0000)
[al] newton hfield shape 200: nrow=41 ncol=41 hx=2.00 hy=2.00 min_z=-0.0000 max_z=+0.0001 data[0,1] range=[0.000,1.000] xform p=(-34.00,-10.00,+0.0000)
[al] newton hfield shape 201: nrow=41 ncol=41 hx=2.00 hy=2.00 min_z=-0.0000 max_z=+0.0001 data[0,1] range=[0.000,1.000] xform p=(-30.00,-10.00,+0.0000)
[al] newton hfield shape 202: nrow=41 ncol=41 hx=2.00 hy=2.00 min_z=-0.0000 max_z=+0.0001 data[0,1] range=[0.000,1.000] xform p=(-26.00,-10.00,+0.0000)
[al] newton hfield shape 203: nrow=41 ncol=41 hx=2.00 hy=2.00 min_z=-0.0000 max_z=+0.0100 data[0,1] range=[0.000,1.000] xform p=(-22.00,-10.00,+0.0000)
[al] newton hfield shape 204: nrow=41 ncol=41 hx=2.00 hy=2.00 min_z=-0.0000 max_z=+0.0100 data[0,1] range=[0.000,1.000] xform p=(-18.00,-10.00,+0.0000)
[al] newton hfield shape 205: nrow=41 ncol=41 hx=2.00 hy=2.00 min_z=-0.0000 max_z=+0.0300 data[0,1] range=[0.000,1.000] xform p=(-14.00,-10.00,+0.0000)
[al] newton hfield shape 206: nrow=41 ncol=41 hx=2.00 hy=2.00 min_z=-0.0000 max_z=+0.0300 data[0,1] range=[0.000,1.000] xform p=(-10.00,-10.00,+0.0000)
[al] newton hfield shape 207: nrow=41 ncol=41 hx=2.00 hy=2.00 min_z=-0.0000 max_z=+0.0300 data[0,1] range=[0.000,1.000] xform p=(-6.00,-10.00,+0.0000)
[al] newton hfield shape 208: nrow=41 ncol=41 hx=2.00 hy=2.00 min_z=-0.0000 max_z=+0.0300 data[0,1] range=[0.000,1.000] xform p=(-2.00,-10.00,+0.0000)
[al] newton hfield shape 209: nrow=41 ncol=41 hx=2.00 hy=2.00 min_z=-0.0000 max_z=+0.0500 data[0,1] range=[0.000,1.000] xform p=(+2.00,-10.00,+0.0000)
[al] newton hfield shape 210: nrow=41 ncol=41 hx=2.00 hy=2.00 min_z=-0.0000 max_z=+0.0500 data[0,1] range=[0.000,1.000] xform p=(+6.00,-10.00,+0.0000)
[al] newton hfield shape 211: nrow=41 ncol=41 hx=2.00 hy=2.00 min_z=-0.0000 max_z=+0.0700 data[0,1] range=[0.000,1.000] xform p=(+10.00,-10.00,+0.0000)
[al] newton hfield shape 212: nrow=41 ncol=41 hx=2.00 hy=2.00 min_z=-0.0000 max_z=+0.0700 data[0,1] range=[0.000,1.000] xform p=(+14.00,-10.00,+0.0000)
[al] newton hfield shape 213: nrow=41 ncol=41 hx=2.00 hy=2.00 min_z=-0.0000 max_z=+0.0800 data[0,1] range=[0.000,1.000] xform p=(+18.00,-10.00,+0.0000)
[al] newton hfield shape 214: nrow=41 ncol=41 hx=2.00 hy=2.00 min_z=-0.0000 max_z=+0.0800 data[0,1] range=[0.000,1.000] xform p=(+22.00,-10.00,+0.0000)
[al] newton hfield shape 215: nrow=41 ncol=41 hx=2.00 hy=2.00 min_z=-0.0000 max_z=+0.0900 data[0,1] range=[0.000,1.000] xform p=(+26.00,-10.00,+0.0000)
[al] newton hfield shape 216: nrow=41 ncol=41 hx=2.00 hy=2.00 min_z=-0.0000 max_z=+0.0900 data[0,1] range=[0.000,1.000] xform p=(+30.00,-10.00,+0.0000)
[al] newton hfield shape 217: nrow=41 ncol=41 hx=2.00 hy=2.00 min_z=-0.0000 max_z=+0.0001 data[0,1] range=[0.000,1.000] xform p=(+34.00,-10.00,+0.0000)
[al] newton hfield shape 218: nrow=41 ncol=41 hx=2.00 hy=2.00 min_z=-0.0000 max_z=+0.0001 data[0,1] range=[0.000,1.000] xform p=(+38.00,-10.00,+0.0000)
[al] newton hfield shape 219: nrow=41 ncol=41 hx=2.00 hy=2.00 min_z=-0.0000 max_z=+0.0001 data[0,1] range=[0.000,1.000] xform p=(+42.00,-10.00,+0.0000)
[al] newton hfield shape 220: nrow=41 ncol=41 hx=2.00 hy=2.00 min_z=-0.0000 max_z=+0.0001 data[0,1] range=[0.000,1.000] xform p=(-42.00,-6.00,+0.0000)
[al] newton hfield shape 221: nrow=41 ncol=41 hx=2.00 hy=2.00 min_z=-0.0000 max_z=+0.0001 data[0,1] range=[0.000,1.000] xform p=(-38.00,-6.00,+0.0000)
[al] newton hfield shape 222: nrow=41 ncol=41 hx=2.00 hy=2.00 min_z=-0.0000 max_z=+0.0001 data[0,1] range=[0.000,1.000] xform p=(-34.00,-6.00,+0.0000)
[al] newton hfield shape 223: nrow=41 ncol=41 hx=2.00 hy=2.00 min_z=-0.0000 max_z=+0.0001 data[0,1] range=[0.000,1.000] xform p=(-30.00,-6.00,+0.0000)
[al] newton hfield shape 224: nrow=41 ncol=41 hx=2.00 hy=2.00 min_z=-0.0000 max_z=+0.0001 data[0,1] range=[0.000,1.000] xform p=(-26.00,-6.00,+0.0000)
[al] newton hfield shape 225: nrow=41 ncol=41 hx=2.00 hy=2.00 min_z=-0.0000 max_z=+0.0100 data[0,1] range=[0.000,1.000] xform p=(-22.00,-6.00,+0.0000)
[al] newton hfield shape 226: nrow=41 ncol=41 hx=2.00 hy=2.00 min_z=-0.0000 max_z=+0.0100 data[0,1] range=[0.000,1.000] xform p=(-18.00,-6.00,+0.0000)
[al] newton hfield shape 227: nrow=41 ncol=41 hx=2.00 hy=2.00 min_z=-0.0000 max_z=+0.0300 data[0,1] range=[0.000,1.000] xform p=(-14.00,-6.00,+0.0000)
[al] newton hfield shape 228: nrow=41 ncol=41 hx=2.00 hy=2.00 min_z=-0.0000 max_z=+0.0300 data[0,1] range=[0.000,1.000] xform p=(-10.00,-6.00,+0.0000)
[al] newton hfield shape 229: nrow=41 ncol=41 hx=2.00 hy=2.00 min_z=-0.0000 max_z=+0.0300 data[0,1] range=[0.000,1.000] xform p=(-6.00,-6.00,+0.0000)
[al] newton hfield shape 230: nrow=41 ncol=41 hx=2.00 hy=2.00 min_z=-0.0000 max_z=+0.0300 data[0,1] range=[0.000,1.000] xform p=(-2.00,-6.00,+0.0000)
[al] newton hfield shape 231: nrow=41 ncol=41 hx=2.00 hy=2.00 min_z=-0.0000 max_z=+0.0500 data[0,1] range=[0.000,1.000] xform p=(+2.00,-6.00,+0.0000)
[al] newton hfield shape 232: nrow=41 ncol=41 hx=2.00 hy=2.00 min_z=-0.0000 max_z=+0.0500 data[0,1] range=[0.000,1.000] xform p=(+6.00,-6.00,+0.0000)
[al] newton hfield shape 233: nrow=41 ncol=41 hx=2.00 hy=2.00 min_z=-0.0000 max_z=+0.0700 data[0,1] range=[0.000,1.000] xform p=(+10.00,-6.00,+0.0000)
[al] newton hfield shape 234: nrow=41 ncol=41 hx=2.00 hy=2.00 min_z=-0.0000 max_z=+0.0700 data[0,1] range=[0.000,1.000] xform p=(+14.00,-6.00,+0.0000)
[al] newton hfield shape 235: nrow=41 ncol=41 hx=2.00 hy=2.00 min_z=-0.0000 max_z=+0.0800 data[0,1] range=[0.000,1.000] xform p=(+18.00,-6.00,+0.0000)
[al] newton hfield shape 236: nrow=41 ncol=41 hx=2.00 hy=2.00 min_z=-0.0000 max_z=+0.0800 data[0,1] range=[0.000,1.000] xform p=(+22.00,-6.00,+0.0000)
[al] newton hfield shape 237: nrow=41 ncol=41 hx=2.00 hy=2.00 min_z=-0.0000 max_z=+0.0900 data[0,1] range=[0.000,1.000] xform p=(+26.00,-6.00,+0.0000)
[al] newton hfield shape 238: nrow=41 ncol=41 hx=2.00 hy=2.00 min_z=-0.0000 max_z=+0.0900 data[0,1] range=[0.000,1.000] xform p=(+30.00,-6.00,+0.0000)
[al] newton hfield shape 239: nrow=41 ncol=41 hx=2.00 hy=2.00 min_z=-0.0000 max_z=+0.0001 data[0,1] range=[0.000,1.000] xform p=(+34.00,-6.00,+0.0000)
[al] newton hfield shape 240: nrow=41 ncol=41 hx=2.00 hy=2.00 min_z=-0.0000 max_z=+0.0001 data[0,1] range=[0.000,1.000] xform p=(+38.00,-6.00,+0.0000)
[al] newton hfield shape 241: nrow=41 ncol=41 hx=2.00 hy=2.00 min_z=-0.0000 max_z=+0.0001 data[0,1] range=[0.000,1.000] xform p=(+42.00,-6.00,+0.0000)
[al] newton hfield shape 242: nrow=41 ncol=41 hx=2.00 hy=2.00 min_z=-0.0000 max_z=+0.0001 data[0,1] range=[0.000,1.000] xform p=(-42.00,-2.00,+0.0000)
[al] newton hfield shape 243: nrow=41 ncol=41 hx=2.00 hy=2.00 min_z=-0.0000 max_z=+0.0001 data[0,1] range=[0.000,1.000] xform p=(-38.00,-2.00,+0.0000)
[al] newton hfield shape 244: nrow=41 ncol=41 hx=2.00 hy=2.00 min_z=-0.0000 max_z=+0.0001 data[0,1] range=[0.000,1.000] xform p=(-34.00,-2.00,+0.0000)
[al] newton hfield shape 245: nrow=41 ncol=41 hx=2.00 hy=2.00 min_z=-0.0000 max_z=+0.0001 data[0,1] range=[0.000,1.000] xform p=(-30.00,-2.00,+0.0000)
[al] newton hfield shape 246: nrow=41 ncol=41 hx=2.00 hy=2.00 min_z=-0.0000 max_z=+0.0001 data[0,1] range=[0.000,1.000] xform p=(-26.00,-2.00,+0.0000)
[al] newton hfield shape 247: nrow=41 ncol=41 hx=2.00 hy=2.00 min_z=-0.0000 max_z=+0.0100 data[0,1] range=[0.000,1.000] xform p=(-22.00,-2.00,+0.0000)
[al] newton hfield shape 248: nrow=41 ncol=41 hx=2.00 hy=2.00 min_z=-0.0000 max_z=+0.0100 data[0,1] range=[0.000,1.000] xform p=(-18.00,-2.00,+0.0000)
[al] newton hfield shape 249: nrow=41 ncol=41 hx=2.00 hy=2.00 min_z=-0.0000 max_z=+0.0300 data[0,1] range=[0.000,1.000] xform p=(-14.00,-2.00,+0.0000)
[al] newton hfield shape 250: nrow=41 ncol=41 hx=2.00 hy=2.00 min_z=-0.0000 max_z=+0.0300 data[0,1] range=[0.000,1.000] xform p=(-10.00,-2.00,+0.0000)
[al] newton hfield shape 251: nrow=41 ncol=41 hx=2.00 hy=2.00 min_z=-0.0000 max_z=+0.0300 data[0,1] range=[0.000,1.000] xform p=(-6.00,-2.00,+0.0000)
[al] newton hfield shape 252: nrow=41 ncol=41 hx=2.00 hy=2.00 min_z=-0.0000 max_z=+0.0300 data[0,1] range=[0.000,1.000] xform p=(-2.00,-2.00,+0.0000)
[al] newton hfield shape 253: nrow=41 ncol=41 hx=2.00 hy=2.00 min_z=-0.0000 max_z=+0.0500 data[0,1] range=[0.000,1.000] xform p=(+2.00,-2.00,+0.0000)
[al] newton hfield shape 254: nrow=41 ncol=41 hx=2.00 hy=2.00 min_z=-0.0000 max_z=+0.0500 data[0,1] range=[0.000,1.000] xform p=(+6.00,-2.00,+0.0000)
[al] newton hfield shape 255: nrow=41 ncol=41 hx=2.00 hy=2.00 min_z=-0.0000 max_z=+0.0600 data[0,1] range=[0.000,1.000] xform p=(+10.00,-2.00,+0.0000)
[al] newton hfield shape 256: nrow=41 ncol=41 hx=2.00 hy=2.00 min_z=-0.0000 max_z=+0.0600 data[0,1] range=[0.000,1.000] xform p=(+14.00,-2.00,+0.0000)
[al] newton hfield shape 257: nrow=41 ncol=41 hx=2.00 hy=2.00 min_z=-0.0000 max_z=+0.0700 data[0,1] range=[0.000,1.000] xform p=(+18.00,-2.00,+0.0000)
[al] newton hfield shape 258: nrow=41 ncol=41 hx=2.00 hy=2.00 min_z=-0.0000 max_z=+0.0700 data[0,1] range=[0.000,1.000] xform p=(+22.00,-2.00,+0.0000)
[al] newton hfield shape 259: nrow=41 ncol=41 hx=2.00 hy=2.00 min_z=-0.0000 max_z=+0.0900 data[0,1] range=[0.000,1.000] xform p=(+26.00,-2.00,+0.0000)
[al] newton hfield shape 260: nrow=41 ncol=41 hx=2.00 hy=2.00 min_z=-0.0000 max_z=+0.0900 data[0,1] range=[0.000,1.000] xform p=(+30.00,-2.00,+0.0000)
[al] newton hfield shape 261: nrow=41 ncol=41 hx=2.00 hy=2.00 min_z=-0.0000 max_z=+0.0001 data[0,1] range=[0.000,1.000] xform p=(+34.00,-2.00,+0.0000)
[al] newton hfield shape 262: nrow=41 ncol=41 hx=2.00 hy=2.00 min_z=-0.0000 max_z=+0.0001 data[0,1] range=[0.000,1.000] xform p=(+38.00,-2.00,+0.0000)
[al] newton hfield shape 263: nrow=41 ncol=41 hx=2.00 hy=2.00 min_z=-0.0000 max_z=+0.0001 data[0,1] range=[0.000,1.000] xform p=(+42.00,-2.00,+0.0000)
[al] newton hfield shape 264: nrow=41 ncol=41 hx=2.00 hy=2.00 min_z=-0.0000 max_z=+0.0001 data[0,1] range=[0.000,1.000] xform p=(-42.00,+2.00,+0.0000)
[al] newton hfield shape 265: nrow=41 ncol=41 hx=2.00 hy=2.00 min_z=-0.0000 max_z=+0.0001 data[0,1] range=[0.000,1.000] xform p=(-38.00,+2.00,+0.0000)
[al] newton hfield shape 266: nrow=41 ncol=41 hx=2.00 hy=2.00 min_z=-0.0000 max_z=+0.0001 data[0,1] range=[0.000,1.000] xform p=(-34.00,+2.00,+0.0000)
[al] newton hfield shape 267: nrow=41 ncol=41 hx=2.00 hy=2.00 min_z=-0.0000 max_z=+0.0001 data[0,1] range=[0.000,1.000] xform p=(-30.00,+2.00,+0.0000)
[al] newton hfield shape 268: nrow=41 ncol=41 hx=2.00 hy=2.00 min_z=-0.0000 max_z=+0.0001 data[0,1] range=[0.000,1.000] xform p=(-26.00,+2.00,+0.0000)
[al] newton hfield shape 269: nrow=41 ncol=41 hx=2.00 hy=2.00 min_z=-0.0000 max_z=+0.0100 data[0,1] range=[0.000,1.000] xform p=(-22.00,+2.00,+0.0000)
[al] newton hfield shape 270: nrow=41 ncol=41 hx=2.00 hy=2.00 min_z=-0.0000 max_z=+0.0100 data[0,1] range=[0.000,1.000] xform p=(-18.00,+2.00,+0.0000)
[al] newton hfield shape 271: nrow=41 ncol=41 hx=2.00 hy=2.00 min_z=-0.0000 max_z=+0.0300 data[0,1] range=[0.000,1.000] xform p=(-14.00,+2.00,+0.0000)
[al] newton hfield shape 272: nrow=41 ncol=41 hx=2.00 hy=2.00 min_z=-0.0000 max_z=+0.0300 data[0,1] range=[0.000,1.000] xform p=(-10.00,+2.00,+0.0000)
[al] newton hfield shape 273: nrow=41 ncol=41 hx=2.00 hy=2.00 min_z=-0.0000 max_z=+0.0300 data[0,1] range=[0.000,1.000] xform p=(-6.00,+2.00,+0.0000)
[al] newton hfield shape 274: nrow=41 ncol=41 hx=2.00 hy=2.00 min_z=-0.0000 max_z=+0.0300 data[0,1] range=[0.000,1.000] xform p=(-2.00,+2.00,+0.0000)
[al] newton hfield shape 275: nrow=41 ncol=41 hx=2.00 hy=2.00 min_z=-0.0000 max_z=+0.0500 data[0,1] range=[0.000,1.000] xform p=(+2.00,+2.00,+0.0000)
[al] newton hfield shape 276: nrow=41 ncol=41 hx=2.00 hy=2.00 min_z=-0.0000 max_z=+0.0500 data[0,1] range=[0.000,1.000] xform p=(+6.00,+2.00,+0.0000)
[al] newton hfield shape 277: nrow=41 ncol=41 hx=2.00 hy=2.00 min_z=-0.0000 max_z=+0.0600 data[0,1] range=[0.000,1.000] xform p=(+10.00,+2.00,+0.0000)
[al] newton hfield shape 278: nrow=41 ncol=41 hx=2.00 hy=2.00 min_z=-0.0000 max_z=+0.0600 data[0,1] range=[0.000,1.000] xform p=(+14.00,+2.00,+0.0000)
[al] newton hfield shape 279: nrow=41 ncol=41 hx=2.00 hy=2.00 min_z=-0.0000 max_z=+0.0700 data[0,1] range=[0.000,1.000] xform p=(+18.00,+2.00,+0.0000)
[al] newton hfield shape 280: nrow=41 ncol=41 hx=2.00 hy=2.00 min_z=-0.0000 max_z=+0.0700 data[0,1] range=[0.000,1.000] xform p=(+22.00,+2.00,+0.0000)
[al] newton hfield shape 281: nrow=41 ncol=41 hx=2.00 hy=2.00 min_z=-0.0000 max_z=+0.0900 data[0,1] range=[0.000,1.000] xform p=(+26.00,+2.00,+0.0000)
[al] newton hfield shape 282: nrow=41 ncol=41 hx=2.00 hy=2.00 min_z=-0.0000 max_z=+0.0900 data[0,1] range=[0.000,1.000] xform p=(+30.00,+2.00,+0.0000)
[al] newton hfield shape 283: nrow=41 ncol=41 hx=2.00 hy=2.00 min_z=-0.0000 max_z=+0.0001 data[0,1] range=[0.000,1.000] xform p=(+34.00,+2.00,+0.0000)
[al] newton hfield shape 284: nrow=41 ncol=41 hx=2.00 hy=2.00 min_z=-0.0000 max_z=+0.0001 data[0,1] range=[0.000,1.000] xform p=(+38.00,+2.00,+0.0000)
[al] newton hfield shape 285: nrow=41 ncol=41 hx=2.00 hy=2.00 min_z=-0.0000 max_z=+0.0001 data[0,1] range=[0.000,1.000] xform p=(+42.00,+2.00,+0.0000)
[al] newton hfield shape 286: nrow=41 ncol=41 hx=2.00 hy=2.00 min_z=-0.0000 max_z=+0.0001 data[0,1] range=[0.000,1.000] xform p=(-42.00,+6.00,+0.0000)
[al] newton hfield shape 287: nrow=41 ncol=41 hx=2.00 hy=2.00 min_z=-0.0000 max_z=+0.0001 data[0,1] range=[0.000,1.000] xform p=(-38.00,+6.00,+0.0000)
[al] newton hfield shape 288: nrow=41 ncol=41 hx=2.00 hy=2.00 min_z=-0.0000 max_z=+0.0001 data[0,1] range=[0.000,1.000] xform p=(-34.00,+6.00,+0.0000)
[al] newton hfield shape 289: nrow=41 ncol=41 hx=2.00 hy=2.00 min_z=-0.0000 max_z=+0.0001 data[0,1] range=[0.000,1.000] xform p=(-30.00,+6.00,+0.0000)
[al] newton hfield shape 290: nrow=41 ncol=41 hx=2.00 hy=2.00 min_z=-0.0000 max_z=+0.0001 data[0,1] range=[0.000,1.000] xform p=(-26.00,+6.00,+0.0000)
[al] newton hfield shape 291: nrow=41 ncol=41 hx=2.00 hy=2.00 min_z=-0.0000 max_z=+0.0200 data[0,1] range=[0.000,1.000] xform p=(-22.00,+6.00,+0.0000)
[al] newton hfield shape 292: nrow=41 ncol=41 hx=2.00 hy=2.00 min_z=-0.0000 max_z=+0.0200 data[0,1] range=[0.000,1.000] xform p=(-18.00,+6.00,+0.0000)
[al] newton hfield shape 293: nrow=41 ncol=41 hx=2.00 hy=2.00 min_z=-0.0000 max_z=+0.0300 data[0,1] range=[0.000,1.000] xform p=(-14.00,+6.00,+0.0000)
[al] newton hfield shape 294: nrow=41 ncol=41 hx=2.00 hy=2.00 min_z=-0.0000 max_z=+0.0300 data[0,1] range=[0.000,1.000] xform p=(-10.00,+6.00,+0.0000)
[al] newton hfield shape 295: nrow=41 ncol=41 hx=2.00 hy=2.00 min_z=-0.0000 max_z=+0.0400 data[0,1] range=[0.000,1.000] xform p=(-6.00,+6.00,+0.0000)
[al] newton hfield shape 296: nrow=41 ncol=41 hx=2.00 hy=2.00 min_z=-0.0000 max_z=+0.0400 data[0,1] range=[0.000,1.000] xform p=(-2.00,+6.00,+0.0000)
[al] newton hfield shape 297: nrow=41 ncol=41 hx=2.00 hy=2.00 min_z=-0.0000 max_z=+0.0600 data[0,1] range=[0.000,1.000] xform p=(+2.00,+6.00,+0.0000)
[al] newton hfield shape 298: nrow=41 ncol=41 hx=2.00 hy=2.00 min_z=-0.0000 max_z=+0.0600 data[0,1] range=[0.000,1.000] xform p=(+6.00,+6.00,+0.0000)
[al] newton hfield shape 299: nrow=41 ncol=41 hx=2.00 hy=2.00 min_z=-0.0000 max_z=+0.0700 data[0,1] range=[0.000,1.000] xform p=(+10.00,+6.00,+0.0000)
[al] newton hfield shape 300: nrow=41 ncol=41 hx=2.00 hy=2.00 min_z=-0.0000 max_z=+0.0700 data[0,1] range=[0.000,1.000] xform p=(+14.00,+6.00,+0.0000)
[al] newton hfield shape 301: nrow=41 ncol=41 hx=2.00 hy=2.00 min_z=-0.0000 max_z=+0.0700 data[0,1] range=[0.000,1.000] xform p=(+18.00,+6.00,+0.0000)
[al] newton hfield shape 302: nrow=41 ncol=41 hx=2.00 hy=2.00 min_z=-0.0000 max_z=+0.0700 data[0,1] range=[0.000,1.000] xform p=(+22.00,+6.00,+0.0000)
[al] newton hfield shape 303: nrow=41 ncol=41 hx=2.00 hy=2.00 min_z=-0.0000 max_z=+0.0900 data[0,1] range=[0.000,1.000] xform p=(+26.00,+6.00,+0.0000)
[al] newton hfield shape 304: nrow=41 ncol=41 hx=2.00 hy=2.00 min_z=-0.0000 max_z=+0.0900 data[0,1] range=[0.000,1.000] xform p=(+30.00,+6.00,+0.0000)
[al] newton hfield shape 305: nrow=41 ncol=41 hx=2.00 hy=2.00 min_z=-0.0000 max_z=+0.0001 data[0,1] range=[0.000,1.000] xform p=(+34.00,+6.00,+0.0000)
[al] newton hfield shape 306: nrow=41 ncol=41 hx=2.00 hy=2.00 min_z=-0.0000 max_z=+0.0001 data[0,1] range=[0.000,1.000] xform p=(+38.00,+6.00,+0.0000)
[al] newton hfield shape 307: nrow=41 ncol=41 hx=2.00 hy=2.00 min_z=-0.0000 max_z=+0.0001 data[0,1] range=[0.000,1.000] xform p=(+42.00,+6.00,+0.0000)
[al] newton hfield shape 308: nrow=41 ncol=41 hx=2.00 hy=2.00 min_z=-0.0000 max_z=+0.0001 data[0,1] range=[0.000,1.000] xform p=(-42.00,+10.00,+0.0000)
[al] newton hfield shape 309: nrow=41 ncol=41 hx=2.00 hy=2.00 min_z=-0.0000 max_z=+0.0001 data[0,1] range=[0.000,1.000] xform p=(-38.00,+10.00,+0.0000)
[al] newton hfield shape 310: nrow=41 ncol=41 hx=2.00 hy=2.00 min_z=-0.0000 max_z=+0.0001 data[0,1] range=[0.000,1.000] xform p=(-34.00,+10.00,+0.0000)
[al] newton hfield shape 311: nrow=41 ncol=41 hx=2.00 hy=2.00 min_z=-0.0000 max_z=+0.0001 data[0,1] range=[0.000,1.000] xform p=(-30.00,+10.00,+0.0000)
[al] newton hfield shape 312: nrow=41 ncol=41 hx=2.00 hy=2.00 min_z=-0.0000 max_z=+0.0001 data[0,1] range=[0.000,1.000] xform p=(-26.00,+10.00,+0.0000)
[al] newton hfield shape 313: nrow=41 ncol=41 hx=2.00 hy=2.00 min_z=-0.0000 max_z=+0.0200 data[0,1] range=[0.000,1.000] xform p=(-22.00,+10.00,+0.0000)
[al] newton hfield shape 314: nrow=41 ncol=41 hx=2.00 hy=2.00 min_z=-0.0000 max_z=+0.0200 data[0,1] range=[0.000,1.000] xform p=(-18.00,+10.00,+0.0000)
[al] newton hfield shape 315: nrow=41 ncol=41 hx=2.00 hy=2.00 min_z=-0.0000 max_z=+0.0300 data[0,1] range=[0.000,1.000] xform p=(-14.00,+10.00,+0.0000)
[al] newton hfield shape 316: nrow=41 ncol=41 hx=2.00 hy=2.00 min_z=-0.0000 max_z=+0.0300 data[0,1] range=[0.000,1.000] xform p=(-10.00,+10.00,+0.0000)
[al] newton hfield shape 317: nrow=41 ncol=41 hx=2.00 hy=2.00 min_z=-0.0000 max_z=+0.0400 data[0,1] range=[0.000,1.000] xform p=(-6.00,+10.00,+0.0000)
[al] newton hfield shape 318: nrow=41 ncol=41 hx=2.00 hy=2.00 min_z=+0.0000 max_z=+0.0400 data[0,1] range=[0.000,1.000] xform p=(-2.00,+10.00,+0.0000)
[al] newton hfield shape 319: nrow=41 ncol=41 hx=2.00 hy=2.00 min_z=-0.0000 max_z=+0.0600 data[0,1] range=[0.000,1.000] xform p=(+2.00,+10.00,+0.0000)
[al] newton hfield shape 320: nrow=41 ncol=41 hx=2.00 hy=2.00 min_z=-0.0000 max_z=+0.0600 data[0,1] range=[0.000,1.000] xform p=(+6.00,+10.00,+0.0000)
[al] newton hfield shape 321: nrow=41 ncol=41 hx=2.00 hy=2.00 min_z=-0.0000 max_z=+0.0700 data[0,1] range=[0.000,1.000] xform p=(+10.00,+10.00,+0.0000)
[al] newton hfield shape 322: nrow=41 ncol=41 hx=2.00 hy=2.00 min_z=-0.0000 max_z=+0.0700 data[0,1] range=[0.000,1.000] xform p=(+14.00,+10.00,+0.0000)
[al] newton hfield shape 323: nrow=41 ncol=41 hx=2.00 hy=2.00 min_z=-0.0000 max_z=+0.0700 data[0,1] range=[0.000,1.000] xform p=(+18.00,+10.00,+0.0000)
[al] newton hfield shape 324: nrow=41 ncol=41 hx=2.00 hy=2.00 min_z=-0.0000 max_z=+0.0700 data[0,1] range=[0.000,1.000] xform p=(+22.00,+10.00,+0.0000)
[al] newton hfield shape 325: nrow=41 ncol=41 hx=2.00 hy=2.00 min_z=-0.0000 max_z=+0.0900 data[0,1] range=[0.000,1.000] xform p=(+26.00,+10.00,+0.0000)
[al] newton hfield shape 326: nrow=41 ncol=41 hx=2.00 hy=2.00 min_z=-0.0000 max_z=+0.0900 data[0,1] range=[0.000,1.000] xform p=(+30.00,+10.00,+0.0000)
[al] newton hfield shape 327: nrow=41 ncol=41 hx=2.00 hy=2.00 min_z=-0.0000 max_z=+0.0001 data[0,1] range=[0.000,1.000] xform p=(+34.00,+10.00,+0.0000)
[al] newton hfield shape 328: nrow=41 ncol=41 hx=2.00 hy=2.00 min_z=-0.0000 max_z=+0.0001 data[0,1] range=[0.000,1.000] xform p=(+38.00,+10.00,+0.0000)
[al] newton hfield shape 329: nrow=41 ncol=41 hx=2.00 hy=2.00 min_z=-0.0000 max_z=+0.0001 data[0,1] range=[0.000,1.000] xform p=(+42.00,+10.00,+0.0000)
[al] newton hfield shape 330: nrow=41 ncol=41 hx=2.00 hy=2.00 min_z=-0.0000 max_z=+0.0001 data[0,1] range=[0.000,1.000] xform p=(-42.00,+14.00,+0.0000)
[al] newton hfield shape 331: nrow=41 ncol=41 hx=2.00 hy=2.00 min_z=-0.0000 max_z=+0.0001 data[0,1] range=[0.000,1.000] xform p=(-38.00,+14.00,+0.0000)
[al] newton hfield shape 332: nrow=41 ncol=41 hx=2.00 hy=2.00 min_z=-0.0000 max_z=+0.0001 data[0,1] range=[0.000,1.000] xform p=(-34.00,+14.00,+0.0000)
[al] newton hfield shape 333: nrow=41 ncol=41 hx=2.00 hy=2.00 min_z=-0.0200 max_z=+0.0200 data[0,1] range=[0.000,1.000] xform p=(-30.00,+14.00,+0.0000)
[al] newton hfield shape 334: nrow=41 ncol=41 hx=2.00 hy=2.00 min_z=-0.0200 max_z=+0.0200 data[0,1] range=[0.000,1.000] xform p=(-26.00,+14.00,+0.0000)
[al] newton hfield shape 335: nrow=41 ncol=41 hx=2.00 hy=2.00 min_z=-0.0200 max_z=+0.0200 data[0,1] range=[0.000,1.000] xform p=(-22.00,+14.00,+0.0000)
[al] newton hfield shape 336: nrow=41 ncol=41 hx=2.00 hy=2.00 min_z=-0.0200 max_z=+0.0200 data[0,1] range=[0.000,1.000] xform p=(-18.00,+14.00,+0.0000)
[al] newton hfield shape 337: nrow=41 ncol=41 hx=2.00 hy=2.00 min_z=-0.0400 max_z=+0.0400 data[0,1] range=[0.000,1.000] xform p=(-14.00,+14.00,+0.0000)
[al] newton hfield shape 338: nrow=41 ncol=41 hx=2.00 hy=2.00 min_z=-0.0400 max_z=+0.0400 data[0,1] range=[0.000,1.000] xform p=(-10.00,+14.00,+0.0000)
[al] newton hfield shape 339: nrow=41 ncol=41 hx=2.00 hy=2.00 min_z=-0.0600 max_z=+0.0600 data[0,1] range=[0.000,1.000] xform p=(-6.00,+14.00,+0.0000)
[al] newton hfield shape 340: nrow=41 ncol=41 hx=2.00 hy=2.00 min_z=-0.0600 max_z=+0.0600 data[0,1] range=[0.000,1.000] xform p=(-2.00,+14.00,+0.0000)
[al] newton hfield shape 341: nrow=41 ncol=41 hx=2.00 hy=2.00 min_z=-0.0800 max_z=+0.0800 data[0,1] range=[0.000,1.000] xform p=(+2.00,+14.00,+0.0000)
[al] newton hfield shape 342: nrow=41 ncol=41 hx=2.00 hy=2.00 min_z=-0.0800 max_z=+0.0800 data[0,1] range=[0.000,1.000] xform p=(+6.00,+14.00,+0.0000)
[al] newton hfield shape 343: nrow=41 ncol=41 hx=2.00 hy=2.00 min_z=-0.1000 max_z=+0.1000 data[0,1] range=[0.000,1.000] xform p=(+10.00,+14.00,+0.0000)
[al] newton hfield shape 344: nrow=41 ncol=41 hx=2.00 hy=2.00 min_z=-0.1000 max_z=+0.1000 data[0,1] range=[0.000,1.000] xform p=(+14.00,+14.00,+0.0000)
[al] newton hfield shape 345: nrow=41 ncol=41 hx=2.00 hy=2.00 min_z=-0.1200 max_z=+0.1200 data[0,1] range=[0.000,1.000] xform p=(+18.00,+14.00,+0.0000)
[al] newton hfield shape 346: nrow=41 ncol=41 hx=2.00 hy=2.00 min_z=-0.1200 max_z=+0.1200 data[0,1] range=[0.000,1.000] xform p=(+22.00,+14.00,+0.0000)
[al] newton hfield shape 347: nrow=41 ncol=41 hx=2.00 hy=2.00 min_z=-0.1400 max_z=+0.1400 data[0,1] range=[0.000,1.000] xform p=(+26.00,+14.00,+0.0000)
[al] newton hfield shape 348: nrow=41 ncol=41 hx=2.00 hy=2.00 min_z=-0.1400 max_z=+0.1400 data[0,1] range=[0.000,1.000] xform p=(+30.00,+14.00,+0.0000)
[al] newton hfield shape 349: nrow=41 ncol=41 hx=2.00 hy=2.00 min_z=-0.0000 max_z=+0.0001 data[0,1] range=[0.000,1.000] xform p=(+34.00,+14.00,+0.0000)
[al] newton hfield shape 350: nrow=41 ncol=41 hx=2.00 hy=2.00 min_z=-0.0000 max_z=+0.0001 data[0,1] range=[0.000,1.000] xform p=(+38.00,+14.00,+0.0000)
[al] newton hfield shape 351: nrow=41 ncol=41 hx=2.00 hy=2.00 min_z=-0.0000 max_z=+0.0001 data[0,1] range=[0.000,1.000] xform p=(+42.00,+14.00,+0.0000)
[al] newton hfield shape 352: nrow=41 ncol=41 hx=2.00 hy=2.00 min_z=-0.0000 max_z=+0.0001 data[0,1] range=[0.000,1.000] xform p=(-42.00,+18.00,+0.0000)
[al] newton hfield shape 353: nrow=41 ncol=41 hx=2.00 hy=2.00 min_z=-0.0000 max_z=+0.0001 data[0,1] range=[0.000,1.000] xform p=(-38.00,+18.00,+0.0000)
[al] newton hfield shape 354: nrow=41 ncol=41 hx=2.00 hy=2.00 min_z=-0.0000 max_z=+0.0001 data[0,1] range=[0.000,1.000] xform p=(-34.00,+18.00,+0.0000)
[al] newton hfield shape 355: nrow=41 ncol=41 hx=2.00 hy=2.00 min_z=-0.0200 max_z=+0.0200 data[0,1] range=[0.000,1.000] xform p=(-30.00,+18.00,+0.0000)
[al] newton hfield shape 356: nrow=41 ncol=41 hx=2.00 hy=2.00 min_z=-0.0200 max_z=+0.0200 data[0,1] range=[0.000,1.000] xform p=(-26.00,+18.00,+0.0000)
[al] newton hfield shape 357: nrow=41 ncol=41 hx=2.00 hy=2.00 min_z=-0.0200 max_z=+0.0200 data[0,1] range=[0.000,1.000] xform p=(-22.00,+18.00,+0.0000)
[al] newton hfield shape 358: nrow=41 ncol=41 hx=2.00 hy=2.00 min_z=-0.0200 max_z=+0.0200 data[0,1] range=[0.000,1.000] xform p=(-18.00,+18.00,+0.0000)
[al] newton hfield shape 359: nrow=41 ncol=41 hx=2.00 hy=2.00 min_z=-0.0400 max_z=+0.0400 data[0,1] range=[0.000,1.000] xform p=(-14.00,+18.00,+0.0000)
[al] newton hfield shape 360: nrow=41 ncol=41 hx=2.00 hy=2.00 min_z=-0.0400 max_z=+0.0400 data[0,1] range=[0.000,1.000] xform p=(-10.00,+18.00,+0.0000)
[al] newton hfield shape 361: nrow=41 ncol=41 hx=2.00 hy=2.00 min_z=-0.0600 max_z=+0.0600 data[0,1] range=[0.000,1.000] xform p=(-6.00,+18.00,+0.0000)
[al] newton hfield shape 362: nrow=41 ncol=41 hx=2.00 hy=2.00 min_z=-0.0600 max_z=+0.0600 data[0,1] range=[0.000,1.000] xform p=(-2.00,+18.00,+0.0000)
[al] newton hfield shape 363: nrow=41 ncol=41 hx=2.00 hy=2.00 min_z=-0.0800 max_z=+0.0800 data[0,1] range=[0.000,1.000] xform p=(+2.00,+18.00,+0.0000)
[al] newton hfield shape 364: nrow=41 ncol=41 hx=2.00 hy=2.00 min_z=-0.0800 max_z=+0.0800 data[0,1] range=[0.000,1.000] xform p=(+6.00,+18.00,+0.0000)
[al] newton hfield shape 365: nrow=41 ncol=41 hx=2.00 hy=2.00 min_z=-0.1000 max_z=+0.1000 data[0,1] range=[0.000,1.000] xform p=(+10.00,+18.00,+0.0000)
[al] newton hfield shape 366: nrow=41 ncol=41 hx=2.00 hy=2.00 min_z=-0.1000 max_z=+0.1000 data[0,1] range=[0.000,1.000] xform p=(+14.00,+18.00,+0.0000)
[al] newton hfield shape 367: nrow=41 ncol=41 hx=2.00 hy=2.00 min_z=-0.1200 max_z=+0.1200 data[0,1] range=[0.000,1.000] xform p=(+18.00,+18.00,+0.0000)
[al] newton hfield shape 368: nrow=41 ncol=41 hx=2.00 hy=2.00 min_z=-0.1200 max_z=+0.1200 data[0,1] range=[0.000,1.000] xform p=(+22.00,+18.00,+0.0000)
[al] newton hfield shape 369: nrow=41 ncol=41 hx=2.00 hy=2.00 min_z=-0.1400 max_z=+0.1400 data[0,1] range=[0.000,1.000] xform p=(+26.00,+18.00,+0.0000)
[al] newton hfield shape 370: nrow=41 ncol=41 hx=2.00 hy=2.00 min_z=-0.1400 max_z=+0.1400 data[0,1] range=[0.000,1.000] xform p=(+30.00,+18.00,+0.0000)
[al] newton hfield shape 371: nrow=41 ncol=41 hx=2.00 hy=2.00 min_z=-0.0000 max_z=+0.0001 data[0,1] range=[0.000,1.000] xform p=(+34.00,+18.00,+0.0000)
[al] newton hfield shape 372: nrow=41 ncol=41 hx=2.00 hy=2.00 min_z=-0.0000 max_z=+0.0001 data[0,1] range=[0.000,1.000] xform p=(+38.00,+18.00,+0.0000)
[al] newton hfield shape 373: nrow=41 ncol=41 hx=2.00 hy=2.00 min_z=-0.0000 max_z=+0.0001 data[0,1] range=[0.000,1.000] xform p=(+42.00,+18.00,+0.0000)
[al] newton hfield shape 374: nrow=41 ncol=41 hx=2.00 hy=2.00 min_z=-0.0000 max_z=+0.0001 data[0,1] range=[0.000,1.000] xform p=(-42.00,+22.00,+0.0000)
[al] newton hfield shape 375: nrow=41 ncol=41 hx=2.00 hy=2.00 min_z=-0.0000 max_z=+0.0001 data[0,1] range=[0.000,1.000] xform p=(-38.00,+22.00,+0.0000)
[al] newton hfield shape 376: nrow=41 ncol=41 hx=2.00 hy=2.00 min_z=-0.0000 max_z=+0.0001 data[0,1] range=[0.000,1.000] xform p=(-34.00,+22.00,+0.0000)
[al] newton hfield shape 377: nrow=41 ncol=41 hx=2.00 hy=2.00 min_z=+0.0000 max_z=+0.0001 data[0,1] range=[0.000,1.000] xform p=(-30.00,+22.00,+0.0000)
[al] newton hfield shape 378: nrow=41 ncol=41 hx=2.00 hy=2.00 min_z=+0.0000 max_z=+0.0001 data[0,1] range=[0.000,1.000] xform p=(-26.00,+22.00,+0.0000)
[al] newton hfield shape 379: nrow=41 ncol=41 hx=2.00 hy=2.00 min_z=-0.0200 max_z=+0.0200 data[0,1] range=[0.000,1.000] xform p=(-22.00,+22.00,+0.0000)
[al] newton hfield shape 380: nrow=41 ncol=41 hx=2.00 hy=2.00 min_z=-0.0200 max_z=+0.0200 data[0,1] range=[0.000,1.000] xform p=(-18.00,+22.00,+0.0000)
[al] newton hfield shape 381: nrow=41 ncol=41 hx=2.00 hy=2.00 min_z=-0.0400 max_z=+0.0400 data[0,1] range=[0.000,1.000] xform p=(-14.00,+22.00,+0.0000)
[al] newton hfield shape 382: nrow=41 ncol=41 hx=2.00 hy=2.00 min_z=-0.0400 max_z=+0.0400 data[0,1] range=[0.000,1.000] xform p=(-10.00,+22.00,+0.0000)
[al] newton hfield shape 383: nrow=41 ncol=41 hx=2.00 hy=2.00 min_z=-0.0600 max_z=+0.0600 data[0,1] range=[0.000,1.000] xform p=(-6.00,+22.00,+0.0000)
[al] newton hfield shape 384: nrow=41 ncol=41 hx=2.00 hy=2.00 min_z=-0.0600 max_z=+0.0600 data[0,1] range=[0.000,1.000] xform p=(-2.00,+22.00,+0.0000)
[al] newton hfield shape 385: nrow=41 ncol=41 hx=2.00 hy=2.00 min_z=-0.0800 max_z=+0.0800 data[0,1] range=[0.000,1.000] xform p=(+2.00,+22.00,+0.0000)
[al] newton hfield shape 386: nrow=41 ncol=41 hx=2.00 hy=2.00 min_z=-0.0800 max_z=+0.0800 data[0,1] range=[0.000,1.000] xform p=(+6.00,+22.00,+0.0000)
[al] newton hfield shape 387: nrow=41 ncol=41 hx=2.00 hy=2.00 min_z=-0.1000 max_z=+0.1000 data[0,1] range=[0.000,1.000] xform p=(+10.00,+22.00,+0.0000)
[al] newton hfield shape 388: nrow=41 ncol=41 hx=2.00 hy=2.00 min_z=-0.1000 max_z=+0.1000 data[0,1] range=[0.000,1.000] xform p=(+14.00,+22.00,+0.0000)
[al] newton hfield shape 389: nrow=41 ncol=41 hx=2.00 hy=2.00 min_z=-0.1200 max_z=+0.1200 data[0,1] range=[0.000,1.000] xform p=(+18.00,+22.00,+0.0000)
[al] newton hfield shape 390: nrow=41 ncol=41 hx=2.00 hy=2.00 min_z=-0.1200 max_z=+0.1200 data[0,1] range=[0.000,1.000] xform p=(+22.00,+22.00,+0.0000)
[al] newton hfield shape 391: nrow=41 ncol=41 hx=2.00 hy=2.00 min_z=-0.1400 max_z=+0.1400 data[0,1] range=[0.000,1.000] xform p=(+26.00,+22.00,+0.0000)
[al] newton hfield shape 392: nrow=41 ncol=41 hx=2.00 hy=2.00 min_z=-0.1400 max_z=+0.1400 data[0,1] range=[0.000,1.000] xform p=(+30.00,+22.00,+0.0000)
[al] newton hfield shape 393: nrow=41 ncol=41 hx=2.00 hy=2.00 min_z=-0.0000 max_z=+0.0001 data[0,1] range=[0.000,1.000] xform p=(+34.00,+22.00,+0.0000)
[al] newton hfield shape 394: nrow=41 ncol=41 hx=2.00 hy=2.00 min_z=-0.0000 max_z=+0.0001 data[0,1] range=[0.000,1.000] xform p=(+38.00,+22.00,+0.0000)
[al] newton hfield shape 395: nrow=41 ncol=41 hx=2.00 hy=2.00 min_z=-0.0000 max_z=+0.0001 data[0,1] range=[0.000,1.000] xform p=(+42.00,+22.00,+0.0000)
[al] newton hfield shape 396: nrow=41 ncol=41 hx=2.00 hy=2.00 min_z=-0.0000 max_z=+0.0001 data[0,1] range=[0.000,1.000] xform p=(-42.00,+26.00,+0.0000)
[al] newton hfield shape 397: nrow=41 ncol=41 hx=2.00 hy=2.00 min_z=-0.0000 max_z=+0.0001 data[0,1] range=[0.000,1.000] xform p=(-38.00,+26.00,+0.0000)
[al] newton hfield shape 398: nrow=41 ncol=41 hx=2.00 hy=2.00 min_z=-0.0000 max_z=+0.0001 data[0,1] range=[0.000,1.000] xform p=(-34.00,+26.00,+0.0000)
[al] newton hfield shape 399: nrow=41 ncol=41 hx=2.00 hy=2.00 min_z=+0.0000 max_z=+0.0001 data[0,1] range=[0.000,1.000] xform p=(-30.00,+26.00,+0.0000)
[al] newton hfield shape 400: nrow=41 ncol=41 hx=2.00 hy=2.00 min_z=+0.0000 max_z=+0.0001 data[0,1] range=[0.000,1.000] xform p=(-26.00,+26.00,+0.0000)
[al] newton hfield shape 401: nrow=41 ncol=41 hx=2.00 hy=2.00 min_z=-0.0200 max_z=+0.0200 data[0,1] range=[0.000,1.000] xform p=(-22.00,+26.00,+0.0000)
[al] newton hfield shape 402: nrow=41 ncol=41 hx=2.00 hy=2.00 min_z=-0.0200 max_z=+0.0200 data[0,1] range=[0.000,1.000] xform p=(-18.00,+26.00,+0.0000)
[al] newton hfield shape 403: nrow=41 ncol=41 hx=2.00 hy=2.00 min_z=-0.0400 max_z=+0.0400 data[0,1] range=[0.000,1.000] xform p=(-14.00,+26.00,+0.0000)
[al] newton hfield shape 404: nrow=41 ncol=41 hx=2.00 hy=2.00 min_z=-0.0400 max_z=+0.0400 data[0,1] range=[0.000,1.000] xform p=(-10.00,+26.00,+0.0000)
[al] newton hfield shape 405: nrow=41 ncol=41 hx=2.00 hy=2.00 min_z=-0.0600 max_z=+0.0600 data[0,1] range=[0.000,1.000] xform p=(-6.00,+26.00,+0.0000)
[al] newton hfield shape 406: nrow=41 ncol=41 hx=2.00 hy=2.00 min_z=-0.0600 max_z=+0.0600 data[0,1] range=[0.000,1.000] xform p=(-2.00,+26.00,+0.0000)
[al] newton hfield shape 407: nrow=41 ncol=41 hx=2.00 hy=2.00 min_z=-0.0800 max_z=+0.0800 data[0,1] range=[0.000,1.000] xform p=(+2.00,+26.00,+0.0000)
[al] newton hfield shape 408: nrow=41 ncol=41 hx=2.00 hy=2.00 min_z=-0.0800 max_z=+0.0800 data[0,1] range=[0.000,1.000] xform p=(+6.00,+26.00,+0.0000)
[al] newton hfield shape 409: nrow=41 ncol=41 hx=2.00 hy=2.00 min_z=-0.1000 max_z=+0.1000 data[0,1] range=[0.000,1.000] xform p=(+10.00,+26.00,+0.0000)
[al] newton hfield shape 410: nrow=41 ncol=41 hx=2.00 hy=2.00 min_z=-0.1000 max_z=+0.1000 data[0,1] range=[0.000,1.000] xform p=(+14.00,+26.00,+0.0000)
[al] newton hfield shape 411: nrow=41 ncol=41 hx=2.00 hy=2.00 min_z=-0.1200 max_z=+0.1200 data[0,1] range=[0.000,1.000] xform p=(+18.00,+26.00,+0.0000)
[al] newton hfield shape 412: nrow=41 ncol=41 hx=2.00 hy=2.00 min_z=-0.1200 max_z=+0.1200 data[0,1] range=[0.000,1.000] xform p=(+22.00,+26.00,+0.0000)
[al] newton hfield shape 413: nrow=41 ncol=41 hx=2.00 hy=2.00 min_z=-0.1400 max_z=+0.1400 data[0,1] range=[0.000,1.000] xform p=(+26.00,+26.00,+0.0000)
[al] newton hfield shape 414: nrow=41 ncol=41 hx=2.00 hy=2.00 min_z=-0.1400 max_z=+0.1400 data[0,1] range=[0.000,1.000] xform p=(+30.00,+26.00,+0.0000)
[al] newton hfield shape 415: nrow=41 ncol=41 hx=2.00 hy=2.00 min_z=-0.0000 max_z=+0.0001 data[0,1] range=[0.000,1.000] xform p=(+34.00,+26.00,+0.0000)
[al] newton hfield shape 416: nrow=41 ncol=41 hx=2.00 hy=2.00 min_z=-0.0000 max_z=+0.0001 data[0,1] range=[0.000,1.000] xform p=(+38.00,+26.00,+0.0000)
[al] newton hfield shape 417: nrow=41 ncol=41 hx=2.00 hy=2.00 min_z=-0.0000 max_z=+0.0001 data[0,1] range=[0.000,1.000] xform p=(+42.00,+26.00,+0.0000)
[al] newton hfield shape 418: nrow=41 ncol=41 hx=2.00 hy=2.00 min_z=-0.0000 max_z=+0.0001 data[0,1] range=[0.000,1.000] xform p=(-42.00,+30.00,+0.0000)
[al] newton hfield shape 419: nrow=41 ncol=41 hx=2.00 hy=2.00 min_z=-0.0000 max_z=+0.0001 data[0,1] range=[0.000,1.000] xform p=(-38.00,+30.00,+0.0000)
[al] newton hfield shape 420: nrow=41 ncol=41 hx=2.00 hy=2.00 min_z=-0.0000 max_z=+0.0001 data[0,1] range=[0.000,1.000] xform p=(-34.00,+30.00,+0.0000)
[al] newton hfield shape 421: nrow=41 ncol=41 hx=2.00 hy=2.00 min_z=-0.0200 max_z=+0.0200 data[0,1] range=[0.000,1.000] xform p=(-30.00,+30.00,+0.0000)
[al] newton hfield shape 422: nrow=41 ncol=41 hx=2.00 hy=2.00 min_z=-0.0200 max_z=+0.0200 data[0,1] range=[0.000,1.000] xform p=(-26.00,+30.00,+0.0000)
[al] newton hfield shape 423: nrow=41 ncol=41 hx=2.00 hy=2.00 min_z=-0.0200 max_z=+0.0200 data[0,1] range=[0.000,1.000] xform p=(-22.00,+30.00,+0.0000)
[al] newton hfield shape 424: nrow=41 ncol=41 hx=2.00 hy=2.00 min_z=-0.0200 max_z=+0.0200 data[0,1] range=[0.000,1.000] xform p=(-18.00,+30.00,+0.0000)
[al] newton hfield shape 425: nrow=41 ncol=41 hx=2.00 hy=2.00 min_z=-0.0400 max_z=+0.0400 data[0,1] range=[0.000,1.000] xform p=(-14.00,+30.00,+0.0000)
[al] newton hfield shape 426: nrow=41 ncol=41 hx=2.00 hy=2.00 min_z=-0.0400 max_z=+0.0400 data[0,1] range=[0.000,1.000] xform p=(-10.00,+30.00,+0.0000)
[al] newton hfield shape 427: nrow=41 ncol=41 hx=2.00 hy=2.00 min_z=-0.0600 max_z=+0.0600 data[0,1] range=[0.000,1.000] xform p=(-6.00,+30.00,+0.0000)
[al] newton hfield shape 428: nrow=41 ncol=41 hx=2.00 hy=2.00 min_z=-0.0600 max_z=+0.0600 data[0,1] range=[0.000,1.000] xform p=(-2.00,+30.00,+0.0000)
[al] newton hfield shape 429: nrow=41 ncol=41 hx=2.00 hy=2.00 min_z=-0.0800 max_z=+0.0800 data[0,1] range=[0.000,1.000] xform p=(+2.00,+30.00,+0.0000)
[al] newton hfield shape 430: nrow=41 ncol=41 hx=2.00 hy=2.00 min_z=-0.0800 max_z=+0.0800 data[0,1] range=[0.000,1.000] xform p=(+6.00,+30.00,+0.0000)
[al] newton hfield shape 431: nrow=41 ncol=41 hx=2.00 hy=2.00 min_z=-0.1000 max_z=+0.1000 data[0,1] range=[0.000,1.000] xform p=(+10.00,+30.00,+0.0000)
[al] newton hfield shape 432: nrow=41 ncol=41 hx=2.00 hy=2.00 min_z=-0.1000 max_z=+0.1000 data[0,1] range=[0.000,1.000] xform p=(+14.00,+30.00,+0.0000)
[al] newton hfield shape 433: nrow=41 ncol=41 hx=2.00 hy=2.00 min_z=-0.1000 max_z=+0.1000 data[0,1] range=[0.000,1.000] xform p=(+18.00,+30.00,+0.0000)
[al] newton hfield shape 434: nrow=41 ncol=41 hx=2.00 hy=2.00 min_z=-0.1000 max_z=+0.1000 data[0,1] range=[0.000,1.000] xform p=(+22.00,+30.00,+0.0000)
[al] newton hfield shape 435: nrow=41 ncol=41 hx=2.00 hy=2.00 min_z=-0.1200 max_z=+0.1200 data[0,1] range=[0.000,1.000] xform p=(+26.00,+30.00,+0.0000)
[al] newton hfield shape 436: nrow=41 ncol=41 hx=2.00 hy=2.00 min_z=-0.1200 max_z=+0.1200 data[0,1] range=[0.000,1.000] xform p=(+30.00,+30.00,+0.0000)
[al] newton hfield shape 437: nrow=41 ncol=41 hx=2.00 hy=2.00 min_z=-0.0000 max_z=+0.0001 data[0,1] range=[0.000,1.000] xform p=(+34.00,+30.00,+0.0000)
[al] newton hfield shape 438: nrow=41 ncol=41 hx=2.00 hy=2.00 min_z=-0.0000 max_z=+0.0001 data[0,1] range=[0.000,1.000] xform p=(+38.00,+30.00,+0.0000)
[al] newton hfield shape 439: nrow=41 ncol=41 hx=2.00 hy=2.00 min_z=-0.0000 max_z=+0.0001 data[0,1] range=[0.000,1.000] xform p=(+42.00,+30.00,+0.0000)
[al] newton hfield shape 440: nrow=41 ncol=41 hx=2.00 hy=2.00 min_z=-0.0000 max_z=+0.0001 data[0,1] range=[0.000,1.000] xform p=(-42.00,+34.00,+0.0000)
[al] newton hfield shape 441: nrow=41 ncol=41 hx=2.00 hy=2.00 min_z=-0.0000 max_z=+0.0001 data[0,1] range=[0.000,1.000] xform p=(-38.00,+34.00,+0.0000)
[al] newton hfield shape 442: nrow=41 ncol=41 hx=2.00 hy=2.00 min_z=-0.0000 max_z=+0.0001 data[0,1] range=[0.000,1.000] xform p=(-34.00,+34.00,+0.0000)
[al] newton hfield shape 443: nrow=41 ncol=41 hx=2.00 hy=2.00 min_z=-0.0200 max_z=+0.0200 data[0,1] range=[0.000,1.000] xform p=(-30.00,+34.00,+0.0000)
[al] newton hfield shape 444: nrow=41 ncol=41 hx=2.00 hy=2.00 min_z=-0.0200 max_z=+0.0200 data[0,1] range=[0.000,1.000] xform p=(-26.00,+34.00,+0.0000)
[al] newton hfield shape 445: nrow=41 ncol=41 hx=2.00 hy=2.00 min_z=-0.0200 max_z=+0.0200 data[0,1] range=[0.000,1.000] xform p=(-22.00,+34.00,+0.0000)
[al] newton hfield shape 446: nrow=41 ncol=41 hx=2.00 hy=2.00 min_z=-0.0200 max_z=+0.0200 data[0,1] range=[0.000,1.000] xform p=(-18.00,+34.00,+0.0000)
[al] newton hfield shape 447: nrow=41 ncol=41 hx=2.00 hy=2.00 min_z=-0.0400 max_z=+0.0400 data[0,1] range=[0.000,1.000] xform p=(-14.00,+34.00,+0.0000)
[al] newton hfield shape 448: nrow=41 ncol=41 hx=2.00 hy=2.00 min_z=-0.0400 max_z=+0.0400 data[0,1] range=[0.000,1.000] xform p=(-10.00,+34.00,+0.0000)
[al] newton hfield shape 449: nrow=41 ncol=41 hx=2.00 hy=2.00 min_z=-0.0600 max_z=+0.0600 data[0,1] range=[0.000,1.000] xform p=(-6.00,+34.00,+0.0000)
[al] newton hfield shape 450: nrow=41 ncol=41 hx=2.00 hy=2.00 min_z=-0.0600 max_z=+0.0600 data[0,1] range=[0.000,1.000] xform p=(-2.00,+34.00,+0.0000)
[al] newton hfield shape 451: nrow=41 ncol=41 hx=2.00 hy=2.00 min_z=-0.0800 max_z=+0.0800 data[0,1] range=[0.000,1.000] xform p=(+2.00,+34.00,+0.0000)
[al] newton hfield shape 452: nrow=41 ncol=41 hx=2.00 hy=2.00 min_z=-0.0800 max_z=+0.0800 data[0,1] range=[0.000,1.000] xform p=(+6.00,+34.00,+0.0000)
[al] newton hfield shape 453: nrow=41 ncol=41 hx=2.00 hy=2.00 min_z=-0.1000 max_z=+0.1000 data[0,1] range=[0.000,1.000] xform p=(+10.00,+34.00,+0.0000)
[al] newton hfield shape 454: nrow=41 ncol=41 hx=2.00 hy=2.00 min_z=-0.1000 max_z=+0.1000 data[0,1] range=[0.000,1.000] xform p=(+14.00,+34.00,+0.0000)
[al] newton hfield shape 455: nrow=41 ncol=41 hx=2.00 hy=2.00 min_z=-0.1000 max_z=+0.1000 data[0,1] range=[0.000,1.000] xform p=(+18.00,+34.00,+0.0000)
[al] newton hfield shape 456: nrow=41 ncol=41 hx=2.00 hy=2.00 min_z=-0.1000 max_z=+0.1000 data[0,1] range=[0.000,1.000] xform p=(+22.00,+34.00,+0.0000)
[al] newton hfield shape 457: nrow=41 ncol=41 hx=2.00 hy=2.00 min_z=-0.1200 max_z=+0.1200 data[0,1] range=[0.000,1.000] xform p=(+26.00,+34.00,+0.0000)
[al] newton hfield shape 458: nrow=41 ncol=41 hx=2.00 hy=2.00 min_z=-0.1200 max_z=+0.1200 data[0,1] range=[0.000,1.000] xform p=(+30.00,+34.00,+0.0000)
[al] newton hfield shape 459: nrow=41 ncol=41 hx=2.00 hy=2.00 min_z=-0.0000 max_z=+0.0001 data[0,1] range=[0.000,1.000] xform p=(+34.00,+34.00,+0.0000)
[al] newton hfield shape 460: nrow=41 ncol=41 hx=2.00 hy=2.00 min_z=-0.0000 max_z=+0.0001 data[0,1] range=[0.000,1.000] xform p=(+38.00,+34.00,+0.0000)
[al] newton hfield shape 461: nrow=41 ncol=41 hx=2.00 hy=2.00 min_z=-0.0000 max_z=+0.0001 data[0,1] range=[0.000,1.000] xform p=(+42.00,+34.00,+0.0000)
[al] newton hfield shape 462: nrow=41 ncol=41 hx=2.00 hy=2.00 min_z=-0.0000 max_z=+0.0001 data[0,1] range=[0.000,1.000] xform p=(-42.00,+38.00,+0.0000)
[al] newton hfield shape 463: nrow=41 ncol=41 hx=2.00 hy=2.00 min_z=-0.0000 max_z=+0.0001 data[0,1] range=[0.000,1.000] xform p=(-38.00,+38.00,+0.0000)
[al] newton hfield shape 464: nrow=41 ncol=41 hx=2.00 hy=2.00 min_z=-0.0000 max_z=+0.0001 data[0,1] range=[0.000,1.000] xform p=(-34.00,+38.00,+0.0000)
[al] newton hfield shape 465: nrow=41 ncol=41 hx=2.00 hy=2.00 min_z=-0.0000 max_z=+0.0001 data[0,1] range=[0.000,1.000] xform p=(-30.00,+38.00,+0.0000)
[al] newton hfield shape 466: nrow=41 ncol=41 hx=2.00 hy=2.00 min_z=-0.0000 max_z=+0.0001 data[0,1] range=[0.000,1.000] xform p=(-26.00,+38.00,+0.0000)
[al] newton hfield shape 467: nrow=41 ncol=41 hx=2.00 hy=2.00 min_z=-0.0000 max_z=+0.0001 data[0,1] range=[0.000,1.000] xform p=(-22.00,+38.00,+0.0000)
[al] newton hfield shape 468: nrow=41 ncol=41 hx=2.00 hy=2.00 min_z=-0.0000 max_z=+0.0001 data[0,1] range=[0.000,1.000] xform p=(-18.00,+38.00,+0.0000)
[al] newton hfield shape 469: nrow=41 ncol=41 hx=2.00 hy=2.00 min_z=-0.0000 max_z=+0.0001 data[0,1] range=[0.000,1.000] xform p=(-14.00,+38.00,+0.0000)
[al] newton hfield shape 470: nrow=41 ncol=41 hx=2.00 hy=2.00 min_z=-0.0000 max_z=+0.0001 data[0,1] range=[0.000,1.000] xform p=(-10.00,+38.00,+0.0000)
[al] newton hfield shape 471: nrow=41 ncol=41 hx=2.00 hy=2.00 min_z=-0.0000 max_z=+0.0001 data[0,1] range=[0.000,1.000] xform p=(-6.00,+38.00,+0.0000)
[al] newton hfield shape 472: nrow=41 ncol=41 hx=2.00 hy=2.00 min_z=-0.0000 max_z=+0.0001 data[0,1] range=[0.000,1.000] xform p=(-2.00,+38.00,+0.0000)
[al] newton hfield shape 473: nrow=41 ncol=41 hx=2.00 hy=2.00 min_z=-0.0000 max_z=+0.0001 data[0,1] range=[0.000,1.000] xform p=(+2.00,+38.00,+0.0000)
[al] newton hfield shape 474: nrow=41 ncol=41 hx=2.00 hy=2.00 min_z=-0.0000 max_z=+0.0001 data[0,1] range=[0.000,1.000] xform p=(+6.00,+38.00,+0.0000)
[al] newton hfield shape 475: nrow=41 ncol=41 hx=2.00 hy=2.00 min_z=-0.0000 max_z=+0.0001 data[0,1] range=[0.000,1.000] xform p=(+10.00,+38.00,+0.0000)
[al] newton hfield shape 476: nrow=41 ncol=41 hx=2.00 hy=2.00 min_z=-0.0000 max_z=+0.0001 data[0,1] range=[0.000,1.000] xform p=(+14.00,+38.00,+0.0000)
[al] newton hfield shape 477: nrow=41 ncol=41 hx=2.00 hy=2.00 min_z=-0.0000 max_z=+0.0001 data[0,1] range=[0.000,1.000] xform p=(+18.00,+38.00,+0.0000)
[al] newton hfield shape 478: nrow=41 ncol=41 hx=2.00 hy=2.00 min_z=-0.0000 max_z=+0.0001 data[0,1] range=[0.000,1.000] xform p=(+22.00,+38.00,+0.0000)
[al] newton hfield shape 479: nrow=41 ncol=41 hx=2.00 hy=2.00 min_z=-0.0000 max_z=+0.0001 data[0,1] range=[0.000,1.000] xform p=(+26.00,+38.00,+0.0000)
[al] newton hfield shape 480: nrow=41 ncol=41 hx=2.00 hy=2.00 min_z=-0.0000 max_z=+0.0001 data[0,1] range=[0.000,1.000] xform p=(+30.00,+38.00,+0.0000)
[al] newton hfield shape 481: nrow=41 ncol=41 hx=2.00 hy=2.00 min_z=-0.0000 max_z=+0.0001 data[0,1] range=[0.000,1.000] xform p=(+34.00,+38.00,+0.0000)
[al] newton hfield shape 482: nrow=41 ncol=41 hx=2.00 hy=2.00 min_z=-0.0000 max_z=+0.0001 data[0,1] range=[0.000,1.000] xform p=(+38.00,+38.00,+0.0000)
[al] newton hfield shape 483: nrow=41 ncol=41 hx=2.00 hy=2.00 min_z=-0.0000 max_z=+0.0001 data[0,1] range=[0.000,1.000] xform p=(+42.00,+38.00,+0.0000)
[al] newton hfield shape 484: nrow=41 ncol=41 hx=2.00 hy=2.00 min_z=-0.0000 max_z=+0.0001 data[0,1] range=[0.000,1.000] xform p=(-42.00,+42.00,+0.0000)
[al] newton hfield shape 485: nrow=41 ncol=41 hx=2.00 hy=2.00 min_z=-0.0000 max_z=+0.0001 data[0,1] range=[0.000,1.000] xform p=(-38.00,+42.00,+0.0000)
[al] newton hfield shape 486: nrow=41 ncol=41 hx=2.00 hy=2.00 min_z=-0.0000 max_z=+0.0001 data[0,1] range=[0.000,1.000] xform p=(-34.00,+42.00,+0.0000)
[al] newton hfield shape 487: nrow=41 ncol=41 hx=2.00 hy=2.00 min_z=-0.0000 max_z=+0.0001 data[0,1] range=[0.000,1.000] xform p=(-30.00,+42.00,+0.0000)
[al] newton hfield shape 488: nrow=41 ncol=41 hx=2.00 hy=2.00 min_z=-0.0000 max_z=+0.0001 data[0,1] range=[0.000,1.000] xform p=(-26.00,+42.00,+0.0000)
[al] newton hfield shape 489: nrow=41 ncol=41 hx=2.00 hy=2.00 min_z=-0.0000 max_z=+0.0001 data[0,1] range=[0.000,1.000] xform p=(-22.00,+42.00,+0.0000)
[al] newton hfield shape 490: nrow=41 ncol=41 hx=2.00 hy=2.00 min_z=-0.0000 max_z=+0.0001 data[0,1] range=[0.000,1.000] xform p=(-18.00,+42.00,+0.0000)
[al] newton hfield shape 491: nrow=41 ncol=41 hx=2.00 hy=2.00 min_z=-0.0000 max_z=+0.0001 data[0,1] range=[0.000,1.000] xform p=(-14.00,+42.00,+0.0000)
[al] newton hfield shape 492: nrow=41 ncol=41 hx=2.00 hy=2.00 min_z=-0.0000 max_z=+0.0001 data[0,1] range=[0.000,1.000] xform p=(-10.00,+42.00,+0.0000)
[al] newton hfield shape 493: nrow=41 ncol=41 hx=2.00 hy=2.00 min_z=-0.0000 max_z=+0.0001 data[0,1] range=[0.000,1.000] xform p=(-6.00,+42.00,+0.0000)
[al] newton hfield shape 494: nrow=41 ncol=41 hx=2.00 hy=2.00 min_z=-0.0000 max_z=+0.0001 data[0,1] range=[0.000,1.000] xform p=(-2.00,+42.00,+0.0000)
[al] newton hfield shape 495: nrow=41 ncol=41 hx=2.00 hy=2.00 min_z=-0.0000 max_z=+0.0001 data[0,1] range=[0.000,1.000] xform p=(+2.00,+42.00,+0.0000)
[al] newton hfield shape 496: nrow=41 ncol=41 hx=2.00 hy=2.00 min_z=-0.0000 max_z=+0.0001 data[0,1] range=[0.000,1.000] xform p=(+6.00,+42.00,+0.0000)
[al] newton hfield shape 497: nrow=41 ncol=41 hx=2.00 hy=2.00 min_z=-0.0000 max_z=+0.0001 data[0,1] range=[0.000,1.000] xform p=(+10.00,+42.00,+0.0000)
[al] newton hfield shape 498: nrow=41 ncol=41 hx=2.00 hy=2.00 min_z=-0.0000 max_z=+0.0001 data[0,1] range=[0.000,1.000] xform p=(+14.00,+42.00,+0.0000)
[al] newton hfield shape 499: nrow=41 ncol=41 hx=2.00 hy=2.00 min_z=-0.0000 max_z=+0.0001 data[0,1] range=[0.000,1.000] xform p=(+18.00,+42.00,+0.0000)
[al] newton hfield shape 500: nrow=41 ncol=41 hx=2.00 hy=2.00 min_z=-0.0000 max_z=+0.0001 data[0,1] range=[0.000,1.000] xform p=(+22.00,+42.00,+0.0000)
[al] newton hfield shape 501: nrow=41 ncol=41 hx=2.00 hy=2.00 min_z=-0.0000 max_z=+0.0001 data[0,1] range=[0.000,1.000] xform p=(+26.00,+42.00,+0.0000)
[al] newton hfield shape 502: nrow=41 ncol=41 hx=2.00 hy=2.00 min_z=-0.0000 max_z=+0.0001 data[0,1] range=[0.000,1.000] xform p=(+30.00,+42.00,+0.0000)
[al] newton hfield shape 503: nrow=41 ncol=41 hx=2.00 hy=2.00 min_z=-0.0000 max_z=+0.0001 data[0,1] range=[0.000,1.000] xform p=(+34.00,+42.00,+0.0000)
[al] newton hfield shape 504: nrow=41 ncol=41 hx=2.00 hy=2.00 min_z=-0.0000 max_z=+0.0001 data[0,1] range=[0.000,1.000] xform p=(+38.00,+42.00,+0.0000)
[al] newton hfield shape 505: nrow=41 ncol=41 hx=2.00 hy=2.00 min_z=-0.0000 max_z=+0.0001 data[0,1] range=[0.000,1.000] xform p=(+42.00,+42.00,+0.0000)
[al] newton hfield shape 506: nrow=41 ncol=41 hx=2.00 hy=2.00 min_z=-0.0000 max_z=+0.0001 data[0,1] range=[0.000,1.000] xform p=(-42.00,+46.00,+0.0000)
[al] newton hfield shape 507: nrow=41 ncol=41 hx=2.00 hy=2.00 min_z=-0.0000 max_z=+0.0001 data[0,1] range=[0.000,1.000] xform p=(-38.00,+46.00,+0.0000)
[al] newton hfield shape 508: nrow=41 ncol=41 hx=2.00 hy=2.00 min_z=-0.0000 max_z=+0.0001 data[0,1] range=[0.000,1.000] xform p=(-34.00,+46.00,+0.0000)
[al] newton hfield shape 509: nrow=41 ncol=41 hx=2.00 hy=2.00 min_z=-0.0000 max_z=+0.0001 data[0,1] range=[0.000,1.000] xform p=(-30.00,+46.00,+0.0000)
[al] newton hfield shape 510: nrow=41 ncol=41 hx=2.00 hy=2.00 min_z=-0.0000 max_z=+0.0001 data[0,1] range=[0.000,1.000] xform p=(-26.00,+46.00,+0.0000)
[al] newton hfield shape 511: nrow=41 ncol=41 hx=2.00 hy=2.00 min_z=-0.0000 max_z=+0.0001 data[0,1] range=[0.000,1.000] xform p=(-22.00,+46.00,+0.0000)
[al] newton hfield shape 512: nrow=41 ncol=41 hx=2.00 hy=2.00 min_z=-0.0000 max_z=+0.0001 data[0,1] range=[0.000,1.000] xform p=(-18.00,+46.00,+0.0000)
[al] newton hfield shape 513: nrow=41 ncol=41 hx=2.00 hy=2.00 min_z=-0.0000 max_z=+0.0001 data[0,1] range=[0.000,1.000] xform p=(-14.00,+46.00,+0.0000)
[al] newton hfield shape 514: nrow=41 ncol=41 hx=2.00 hy=2.00 min_z=-0.0000 max_z=+0.0001 data[0,1] range=[0.000,1.000] xform p=(-10.00,+46.00,+0.0000)
[al] newton hfield shape 515: nrow=41 ncol=41 hx=2.00 hy=2.00 min_z=-0.0000 max_z=+0.0001 data[0,1] range=[0.000,1.000] xform p=(-6.00,+46.00,+0.0000)
[al] newton hfield shape 516: nrow=41 ncol=41 hx=2.00 hy=2.00 min_z=-0.0000 max_z=+0.0001 data[0,1] range=[0.000,1.000] xform p=(-2.00,+46.00,+0.0000)
[al] newton hfield shape 517: nrow=41 ncol=41 hx=2.00 hy=2.00 min_z=-0.0000 max_z=+0.0001 data[0,1] range=[0.000,1.000] xform p=(+2.00,+46.00,+0.0000)
[al] newton hfield shape 518: nrow=41 ncol=41 hx=2.00 hy=2.00 min_z=-0.0000 max_z=+0.0001 data[0,1] range=[0.000,1.000] xform p=(+6.00,+46.00,+0.0000)
[al] newton hfield shape 519: nrow=41 ncol=41 hx=2.00 hy=2.00 min_z=-0.0000 max_z=+0.0001 data[0,1] range=[0.000,1.000] xform p=(+10.00,+46.00,+0.0000)
[al] newton hfield shape 520: nrow=41 ncol=41 hx=2.00 hy=2.00 min_z=-0.0000 max_z=+0.0001 data[0,1] range=[0.000,1.000] xform p=(+14.00,+46.00,+0.0000)
[al] newton hfield shape 521: nrow=41 ncol=41 hx=2.00 hy=2.00 min_z=-0.0000 max_z=+0.0001 data[0,1] range=[0.000,1.000] xform p=(+18.00,+46.00,+0.0000)
[al] newton hfield shape 522: nrow=41 ncol=41 hx=2.00 hy=2.00 min_z=-0.0000 max_z=+0.0001 data[0,1] range=[0.000,1.000] xform p=(+22.00,+46.00,+0.0000)
[al] newton hfield shape 523: nrow=41 ncol=41 hx=2.00 hy=2.00 min_z=-0.0000 max_z=+0.0001 data[0,1] range=[0.000,1.000] xform p=(+26.00,+46.00,+0.0000)
[al] newton hfield shape 524: nrow=41 ncol=41 hx=2.00 hy=2.00 min_z=-0.0000 max_z=+0.0001 data[0,1] range=[0.000,1.000] xform p=(+30.00,+46.00,+0.0000)
[al] newton hfield shape 525: nrow=41 ncol=41 hx=2.00 hy=2.00 min_z=-0.0000 max_z=+0.0001 data[0,1] range=[0.000,1.000] xform p=(+34.00,+46.00,+0.0000)
[al] newton hfield shape 526: nrow=41 ncol=41 hx=2.00 hy=2.00 min_z=-0.0000 max_z=+0.0001 data[0,1] range=[0.000,1.000] xform p=(+38.00,+46.00,+0.0000)
[al] newton hfield shape 527: nrow=41 ncol=41 hx=2.00 hy=2.00 min_z=-0.0000 max_z=+0.0001 data[0,1] range=[0.000,1.000] xform p=(+42.00,+46.00,+0.0000)
[al] mujoco hfield geom 0: pos=(-42.00,-46.00,-0.0000) size(hx,hy,z_top,z_base)=(2.00,2.00,0.0001,0.0001) data range=[0.000,1.000] -> surface z in [-0.0000,+0.0001]
[al] mujoco hfield geom 1: pos=(-38.00,-46.00,-0.0000) size(hx,hy,z_top,z_base)=(2.00,2.00,0.0001,0.0001) data range=[0.000,1.000] -> surface z in [-0.0000,+0.0001]
[al] mujoco hfield geom 2: pos=(-34.00,-46.00,-0.0000) size(hx,hy,z_top,z_base)=(2.00,2.00,0.0001,0.0001) data range=[0.000,1.000] -> surface z in [-0.0000,+0.0001]
[al] mujoco hfield geom 3: pos=(-30.00,-46.00,-0.0000) size(hx,hy,z_top,z_base)=(2.00,2.00,0.0001,0.0001) data range=[0.000,1.000] -> surface z in [-0.0000,+0.0001]
[al] mujoco hfield geom 4: pos=(-26.00,-46.00,-0.0000) size(hx,hy,z_top,z_base)=(2.00,2.00,0.0001,0.0001) data range=[0.000,1.000] -> surface z in [-0.0000,+0.0001]
[al] mujoco hfield geom 5: pos=(-22.00,-46.00,-0.0000) size(hx,hy,z_top,z_base)=(2.00,2.00,0.0001,0.0001) data range=[0.000,1.000] -> surface z in [-0.0000,+0.0001]
[al] mujoco hfield geom 6: pos=(-18.00,-46.00,-0.0000) size(hx,hy,z_top,z_base)=(2.00,2.00,0.0001,0.0001) data range=[0.000,1.000] -> surface z in [-0.0000,+0.0001]
[al] mujoco hfield geom 7: pos=(-14.00,-46.00,-0.0000) size(hx,hy,z_top,z_base)=(2.00,2.00,0.0001,0.0001) data range=[0.000,1.000] -> surface z in [-0.0000,+0.0001]
[al] mujoco hfield geom 8: pos=(-10.00,-46.00,-0.0000) size(hx,hy,z_top,z_base)=(2.00,2.00,0.0001,0.0001) data range=[0.000,1.000] -> surface z in [-0.0000,+0.0001]
[al] mujoco hfield geom 9: pos=(-6.00,-46.00,-0.0000) size(hx,hy,z_top,z_base)=(2.00,2.00,0.0001,0.0001) data range=[0.000,1.000] -> surface z in [-0.0000,+0.0001]
[al] mujoco hfield geom 10: pos=(-2.00,-46.00,-0.0000) size(hx,hy,z_top,z_base)=(2.00,2.00,0.0001,0.0001) data range=[0.000,1.000] -> surface z in [-0.0000,+0.0001]
[al] mujoco hfield geom 11: pos=(+2.00,-46.00,-0.0000) size(hx,hy,z_top,z_base)=(2.00,2.00,0.0001,0.0001) data range=[0.000,1.000] -> surface z in [-0.0000,+0.0001]
[al] mujoco hfield geom 12: pos=(+6.00,-46.00,-0.0000) size(hx,hy,z_top,z_base)=(2.00,2.00,0.0001,0.0001) data range=[0.000,1.000] -> surface z in [-0.0000,+0.0001]
[al] mujoco hfield geom 13: pos=(+10.00,-46.00,-0.0000) size(hx,hy,z_top,z_base)=(2.00,2.00,0.0001,0.0001) data range=[0.000,1.000] -> surface z in [-0.0000,+0.0001]
[al] mujoco hfield geom 14: pos=(+14.00,-46.00,-0.0000) size(hx,hy,z_top,z_base)=(2.00,2.00,0.0001,0.0001) data range=[0.000,1.000] -> surface z in [-0.0000,+0.0001]
[al] mujoco hfield geom 15: pos=(+18.00,-46.00,-0.0000) size(hx,hy,z_top,z_base)=(2.00,2.00,0.0001,0.0001) data range=[0.000,1.000] -> surface z in [-0.0000,+0.0001]
[al] mujoco hfield geom 16: pos=(+22.00,-46.00,-0.0000) size(hx,hy,z_top,z_base)=(2.00,2.00,0.0001,0.0001) data range=[0.000,1.000] -> surface z in [-0.0000,+0.0001]
[al] mujoco hfield geom 17: pos=(+26.00,-46.00,-0.0000) size(hx,hy,z_top,z_base)=(2.00,2.00,0.0001,0.0001) data range=[0.000,1.000] -> surface z in [-0.0000,+0.0001]
[al] mujoco hfield geom 18: pos=(+30.00,-46.00,-0.0000) size(hx,hy,z_top,z_base)=(2.00,2.00,0.0001,0.0001) data range=[0.000,1.000] -> surface z in [-0.0000,+0.0001]
[al] mujoco hfield geom 19: pos=(+34.00,-46.00,-0.0000) size(hx,hy,z_top,z_base)=(2.00,2.00,0.0001,0.0001) data range=[0.000,1.000] -> surface z in [-0.0000,+0.0001]
[al] mujoco hfield geom 20: pos=(+38.00,-46.00,-0.0000) size(hx,hy,z_top,z_base)=(2.00,2.00,0.0001,0.0001) data range=[0.000,1.000] -> surface z in [-0.0000,+0.0001]
[al] mujoco hfield geom 21: pos=(+42.00,-46.00,-0.0000) size(hx,hy,z_top,z_base)=(2.00,2.00,0.0001,0.0001) data range=[0.000,1.000] -> surface z in [-0.0000,+0.0001]
[al] mujoco hfield geom 22: pos=(-42.00,-42.00,-0.0000) size(hx,hy,z_top,z_base)=(2.00,2.00,0.0001,0.0001) data range=[0.000,1.000] -> surface z in [-0.0000,+0.0001]
[al] mujoco hfield geom 23: pos=(-38.00,-42.00,-0.0000) size(hx,hy,z_top,z_base)=(2.00,2.00,0.0001,0.0001) data range=[0.000,1.000] -> surface z in [-0.0000,+0.0001]
[al] mujoco hfield geom 24: pos=(-34.00,-42.00,-0.0000) size(hx,hy,z_top,z_base)=(2.00,2.00,0.0001,0.0001) data range=[0.000,1.000] -> surface z in [-0.0000,+0.0001]
[al] mujoco hfield geom 25: pos=(-30.00,-42.00,-0.0000) size(hx,hy,z_top,z_base)=(2.00,2.00,0.0001,0.0001) data range=[0.000,1.000] -> surface z in [-0.0000,+0.0001]
[al] mujoco hfield geom 26: pos=(-26.00,-42.00,-0.0000) size(hx,hy,z_top,z_base)=(2.00,2.00,0.0001,0.0001) data range=[0.000,1.000] -> surface z in [-0.0000,+0.0001]
[al] mujoco hfield geom 27: pos=(-22.00,-42.00,-0.0000) size(hx,hy,z_top,z_base)=(2.00,2.00,0.0001,0.0001) data range=[0.000,1.000] -> surface z in [-0.0000,+0.0001]
[al] mujoco hfield geom 28: pos=(-18.00,-42.00,-0.0000) size(hx,hy,z_top,z_base)=(2.00,2.00,0.0001,0.0001) data range=[0.000,1.000] -> surface z in [-0.0000,+0.0001]
[al] mujoco hfield geom 29: pos=(-14.00,-42.00,-0.0000) size(hx,hy,z_top,z_base)=(2.00,2.00,0.0001,0.0001) data range=[0.000,1.000] -> surface z in [-0.0000,+0.0001]
[al] mujoco hfield geom 30: pos=(-10.00,-42.00,-0.0000) size(hx,hy,z_top,z_base)=(2.00,2.00,0.0001,0.0001) data range=[0.000,1.000] -> surface z in [-0.0000,+0.0001]
[al] mujoco hfield geom 31: pos=(-6.00,-42.00,-0.0000) size(hx,hy,z_top,z_base)=(2.00,2.00,0.0001,0.0001) data range=[0.000,1.000] -> surface z in [-0.0000,+0.0001]
[al] mujoco hfield geom 32: pos=(-2.00,-42.00,-0.0000) size(hx,hy,z_top,z_base)=(2.00,2.00,0.0001,0.0001) data range=[0.000,1.000] -> surface z in [-0.0000,+0.0001]
[al] mujoco hfield geom 33: pos=(+2.00,-42.00,-0.0000) size(hx,hy,z_top,z_base)=(2.00,2.00,0.0001,0.0001) data range=[0.000,1.000] -> surface z in [-0.0000,+0.0001]
[al] mujoco hfield geom 34: pos=(+6.00,-42.00,-0.0000) size(hx,hy,z_top,z_base)=(2.00,2.00,0.0001,0.0001) data range=[0.000,1.000] -> surface z in [-0.0000,+0.0001]
[al] mujoco hfield geom 35: pos=(+10.00,-42.00,-0.0000) size(hx,hy,z_top,z_base)=(2.00,2.00,0.0001,0.0001) data range=[0.000,1.000] -> surface z in [-0.0000,+0.0001]
[al] mujoco hfield geom 36: pos=(+14.00,-42.00,-0.0000) size(hx,hy,z_top,z_base)=(2.00,2.00,0.0001,0.0001) data range=[0.000,1.000] -> surface z in [-0.0000,+0.0001]
[al] mujoco hfield geom 37: pos=(+18.00,-42.00,-0.0000) size(hx,hy,z_top,z_base)=(2.00,2.00,0.0001,0.0001) data range=[0.000,1.000] -> surface z in [-0.0000,+0.0001]
[al] mujoco hfield geom 38: pos=(+22.00,-42.00,-0.0000) size(hx,hy,z_top,z_base)=(2.00,2.00,0.0001,0.0001) data range=[0.000,1.000] -> surface z in [-0.0000,+0.0001]
[al] mujoco hfield geom 39: pos=(+26.00,-42.00,-0.0000) size(hx,hy,z_top,z_base)=(2.00,2.00,0.0001,0.0001) data range=[0.000,1.000] -> surface z in [-0.0000,+0.0001]
[al] mujoco hfield geom 40: pos=(+30.00,-42.00,-0.0000) size(hx,hy,z_top,z_base)=(2.00,2.00,0.0001,0.0001) data range=[0.000,1.000] -> surface z in [-0.0000,+0.0001]
[al] mujoco hfield geom 41: pos=(+34.00,-42.00,-0.0000) size(hx,hy,z_top,z_base)=(2.00,2.00,0.0001,0.0001) data range=[0.000,1.000] -> surface z in [-0.0000,+0.0001]
[al] mujoco hfield geom 42: pos=(+38.00,-42.00,-0.0000) size(hx,hy,z_top,z_base)=(2.00,2.00,0.0001,0.0001) data range=[0.000,1.000] -> surface z in [-0.0000,+0.0001]
[al] mujoco hfield geom 43: pos=(+42.00,-42.00,-0.0000) size(hx,hy,z_top,z_base)=(2.00,2.00,0.0001,0.0001) data range=[0.000,1.000] -> surface z in [-0.0000,+0.0001]
[al] mujoco hfield geom 44: pos=(-42.00,-38.00,-0.0000) size(hx,hy,z_top,z_base)=(2.00,2.00,0.0001,0.0001) data range=[0.000,1.000] -> surface z in [-0.0000,+0.0001]
[al] mujoco hfield geom 45: pos=(-38.00,-38.00,-0.0000) size(hx,hy,z_top,z_base)=(2.00,2.00,0.0001,0.0001) data range=[0.000,1.000] -> surface z in [-0.0000,+0.0001]
[al] mujoco hfield geom 46: pos=(-34.00,-38.00,-0.0000) size(hx,hy,z_top,z_base)=(2.00,2.00,0.0001,0.0001) data range=[0.000,1.000] -> surface z in [-0.0000,+0.0001]
[al] mujoco hfield geom 47: pos=(-30.00,-38.00,-0.0000) size(hx,hy,z_top,z_base)=(2.00,2.00,0.0001,0.0001) data range=[0.000,1.000] -> surface z in [-0.0000,+0.0001]
[al] mujoco hfield geom 48: pos=(-26.00,-38.00,-0.0000) size(hx,hy,z_top,z_base)=(2.00,2.00,0.0001,0.0001) data range=[0.000,1.000] -> surface z in [-0.0000,+0.0001]
[al] mujoco hfield geom 49: pos=(-22.00,-38.00,-0.0000) size(hx,hy,z_top,z_base)=(2.00,2.00,0.0001,0.0001) data range=[0.000,1.000] -> surface z in [-0.0000,+0.0001]
[al] mujoco hfield geom 50: pos=(-18.00,-38.00,-0.0000) size(hx,hy,z_top,z_base)=(2.00,2.00,0.0001,0.0001) data range=[0.000,1.000] -> surface z in [-0.0000,+0.0001]
[al] mujoco hfield geom 51: pos=(-14.00,-38.00,-0.0000) size(hx,hy,z_top,z_base)=(2.00,2.00,0.0001,0.0001) data range=[0.000,1.000] -> surface z in [-0.0000,+0.0001]
[al] mujoco hfield geom 52: pos=(-10.00,-38.00,-0.0000) size(hx,hy,z_top,z_base)=(2.00,2.00,0.0001,0.0001) data range=[0.000,1.000] -> surface z in [-0.0000,+0.0001]
[al] mujoco hfield geom 53: pos=(-6.00,-38.00,-0.0000) size(hx,hy,z_top,z_base)=(2.00,2.00,0.0001,0.0001) data range=[0.000,1.000] -> surface z in [-0.0000,+0.0001]
[al] mujoco hfield geom 54: pos=(-2.00,-38.00,-0.0000) size(hx,hy,z_top,z_base)=(2.00,2.00,0.0001,0.0001) data range=[0.000,1.000] -> surface z in [-0.0000,+0.0001]
[al] mujoco hfield geom 55: pos=(+2.00,-38.00,-0.0000) size(hx,hy,z_top,z_base)=(2.00,2.00,0.0001,0.0001) data range=[0.000,1.000] -> surface z in [-0.0000,+0.0001]
[al] mujoco hfield geom 56: pos=(+6.00,-38.00,-0.0000) size(hx,hy,z_top,z_base)=(2.00,2.00,0.0001,0.0001) data range=[0.000,1.000] -> surface z in [-0.0000,+0.0001]
[al] mujoco hfield geom 57: pos=(+10.00,-38.00,-0.0000) size(hx,hy,z_top,z_base)=(2.00,2.00,0.0001,0.0001) data range=[0.000,1.000] -> surface z in [-0.0000,+0.0001]
[al] mujoco hfield geom 58: pos=(+14.00,-38.00,-0.0000) size(hx,hy,z_top,z_base)=(2.00,2.00,0.0001,0.0001) data range=[0.000,1.000] -> surface z in [-0.0000,+0.0001]
[al] mujoco hfield geom 59: pos=(+18.00,-38.00,-0.0000) size(hx,hy,z_top,z_base)=(2.00,2.00,0.0001,0.0001) data range=[0.000,1.000] -> surface z in [-0.0000,+0.0001]
[al] mujoco hfield geom 60: pos=(+22.00,-38.00,-0.0000) size(hx,hy,z_top,z_base)=(2.00,2.00,0.0001,0.0001) data range=[0.000,1.000] -> surface z in [-0.0000,+0.0001]
[al] mujoco hfield geom 61: pos=(+26.00,-38.00,-0.0000) size(hx,hy,z_top,z_base)=(2.00,2.00,0.0001,0.0001) data range=[0.000,1.000] -> surface z in [-0.0000,+0.0001]
[al] mujoco hfield geom 62: pos=(+30.00,-38.00,-0.0000) size(hx,hy,z_top,z_base)=(2.00,2.00,0.0001,0.0001) data range=[0.000,1.000] -> surface z in [-0.0000,+0.0001]
[al] mujoco hfield geom 63: pos=(+34.00,-38.00,-0.0000) size(hx,hy,z_top,z_base)=(2.00,2.00,0.0001,0.0001) data range=[0.000,1.000] -> surface z in [-0.0000,+0.0001]
[al] mujoco hfield geom 64: pos=(+38.00,-38.00,-0.0000) size(hx,hy,z_top,z_base)=(2.00,2.00,0.0001,0.0001) data range=[0.000,1.000] -> surface z in [-0.0000,+0.0001]
[al] mujoco hfield geom 65: pos=(+42.00,-38.00,-0.0000) size(hx,hy,z_top,z_base)=(2.00,2.00,0.0001,0.0001) data range=[0.000,1.000] -> surface z in [-0.0000,+0.0001]
[al] mujoco hfield geom 66: pos=(-42.00,-34.00,-0.0000) size(hx,hy,z_top,z_base)=(2.00,2.00,0.0001,0.0001) data range=[0.000,1.000] -> surface z in [-0.0000,+0.0001]
[al] mujoco hfield geom 67: pos=(-38.00,-34.00,-0.0000) size(hx,hy,z_top,z_base)=(2.00,2.00,0.0001,0.0001) data range=[0.000,1.000] -> surface z in [-0.0000,+0.0001]
[al] mujoco hfield geom 68: pos=(-34.00,-34.00,-0.0000) size(hx,hy,z_top,z_base)=(2.00,2.00,0.0001,0.0001) data range=[0.000,1.000] -> surface z in [-0.0000,+0.0001]
[al] mujoco hfield geom 69: pos=(-30.00,-34.00,-0.0156) size(hx,hy,z_top,z_base)=(2.00,2.00,0.0319,0.0001) data range=[0.000,1.000] -> surface z in [-0.0156,+0.0163]
[al] mujoco hfield geom 70: pos=(-26.00,-34.00,-0.0157) size(hx,hy,z_top,z_base)=(2.00,2.00,0.0320,0.0001) data range=[0.000,1.000] -> surface z in [-0.0157,+0.0163]
[al] mujoco hfield geom 71: pos=(-22.00,-34.00,-0.0210) size(hx,hy,z_top,z_base)=(2.00,2.00,0.0427,0.0001) data range=[0.000,1.000] -> surface z in [-0.0210,+0.0217]
[al] mujoco hfield geom 72: pos=(-18.00,-34.00,-0.0202) size(hx,hy,z_top,z_base)=(2.00,2.00,0.0419,0.0001) data range=[0.000,1.000] -> surface z in [-0.0202,+0.0217]
[al] mujoco hfield geom 73: pos=(-14.00,-34.00,-0.0316) size(hx,hy,z_top,z_base)=(2.00,2.00,0.0649,0.0001) data range=[0.000,1.000] -> surface z in [-0.0316,+0.0332]
[al] mujoco hfield geom 74: pos=(-10.00,-34.00,-0.0327) size(hx,hy,z_top,z_base)=(2.00,2.00,0.0660,0.0001) data range=[0.000,1.000] -> surface z in [-0.0327,+0.0332]
[al] mujoco hfield geom 75: pos=(-6.00,-34.00,-0.0386) size(hx,hy,z_top,z_base)=(2.00,2.00,0.0786,0.0001) data range=[0.000,1.000] -> surface z in [-0.0386,+0.0400]
[al] mujoco hfield geom 76: pos=(-2.00,-34.00,-0.0390) size(hx,hy,z_top,z_base)=(2.00,2.00,0.0790,0.0001) data range=[0.000,1.000] -> surface z in [-0.0390,+0.0400]
[al] mujoco hfield geom 77: pos=(+2.00,-34.00,-0.0428) size(hx,hy,z_top,z_base)=(2.00,2.00,0.0861,0.0001) data range=[0.000,1.000] -> surface z in [-0.0428,+0.0433]
[al] mujoco hfield geom 78: pos=(+6.00,-34.00,-0.0428) size(hx,hy,z_top,z_base)=(2.00,2.00,0.0860,0.0001) data range=[0.000,1.000] -> surface z in [-0.0428,+0.0433]
[al] mujoco hfield geom 79: pos=(+10.00,-34.00,-0.0496) size(hx,hy,z_top,z_base)=(2.00,2.00,0.1081,0.0001) data range=[0.000,1.000] -> surface z in [-0.0496,+0.0586]
[al] mujoco hfield geom 80: pos=(+14.00,-34.00,-0.0556) size(hx,hy,z_top,z_base)=(2.00,2.00,0.1141,0.0001) data range=[0.000,1.000] -> surface z in [-0.0556,+0.0586]
[al] mujoco hfield geom 81: pos=(+18.00,-34.00,-0.0618) size(hx,hy,z_top,z_base)=(2.00,2.00,0.1268,0.0001) data range=[0.000,1.000] -> surface z in [-0.0618,+0.0649]
[al] mujoco hfield geom 82: pos=(+22.00,-34.00,-0.0648) size(hx,hy,z_top,z_base)=(2.00,2.00,0.1297,0.0001) data range=[0.000,1.000] -> surface z in [-0.0648,+0.0649]
[al] mujoco hfield geom 83: pos=(+26.00,-34.00,-0.0728) size(hx,hy,z_top,z_base)=(2.00,2.00,0.1461,0.0001) data range=[0.000,1.000] -> surface z in [-0.0728,+0.0733]
[al] mujoco hfield geom 84: pos=(+30.00,-34.00,-0.0720) size(hx,hy,z_top,z_base)=(2.00,2.00,0.1452,0.0001) data range=[0.000,1.000] -> surface z in [-0.0720,+0.0733]
[al] mujoco hfield geom 85: pos=(+34.00,-34.00,-0.0000) size(hx,hy,z_top,z_base)=(2.00,2.00,0.0001,0.0001) data range=[0.000,1.000] -> surface z in [-0.0000,+0.0001]
[al] mujoco hfield geom 86: pos=(+38.00,-34.00,-0.0000) size(hx,hy,z_top,z_base)=(2.00,2.00,0.0001,0.0001) data range=[0.000,1.000] -> surface z in [-0.0000,+0.0001]
[al] mujoco hfield geom 87: pos=(+42.00,-34.00,-0.0000) size(hx,hy,z_top,z_base)=(2.00,2.00,0.0001,0.0001) data range=[0.000,1.000] -> surface z in [-0.0000,+0.0001]
[al] mujoco hfield geom 88: pos=(-42.00,-30.00,-0.0000) size(hx,hy,z_top,z_base)=(2.00,2.00,0.0001,0.0001) data range=[0.000,1.000] -> surface z in [-0.0000,+0.0001]
[al] mujoco hfield geom 89: pos=(-38.00,-30.00,-0.0000) size(hx,hy,z_top,z_base)=(2.00,2.00,0.0001,0.0001) data range=[0.000,1.000] -> surface z in [-0.0000,+0.0001]
[al] mujoco hfield geom 90: pos=(-34.00,-30.00,-0.0000) size(hx,hy,z_top,z_base)=(2.00,2.00,0.0001,0.0001) data range=[0.000,1.000] -> surface z in [-0.0000,+0.0001]
[al] mujoco hfield geom 91: pos=(-30.00,-30.00,-0.0162) size(hx,hy,z_top,z_base)=(2.00,2.00,0.0325,0.0001) data range=[0.000,1.000] -> surface z in [-0.0162,+0.0163]
[al] mujoco hfield geom 92: pos=(-26.00,-30.00,-0.0162) size(hx,hy,z_top,z_base)=(2.00,2.00,0.0325,0.0001) data range=[0.000,1.000] -> surface z in [-0.0162,+0.0163]
[al] mujoco hfield geom 93: pos=(-22.00,-30.00,-0.0215) size(hx,hy,z_top,z_base)=(2.00,2.00,0.0432,0.0001) data range=[0.000,1.000] -> surface z in [-0.0215,+0.0217]
[al] mujoco hfield geom 94: pos=(-18.00,-30.00,-0.0206) size(hx,hy,z_top,z_base)=(2.00,2.00,0.0423,0.0001) data range=[0.000,1.000] -> surface z in [-0.0206,+0.0217]
[al] mujoco hfield geom 95: pos=(-14.00,-30.00,-0.0328) size(hx,hy,z_top,z_base)=(2.00,2.00,0.0660,0.0001) data range=[0.000,1.000] -> surface z in [-0.0328,+0.0332]
[al] mujoco hfield geom 96: pos=(-10.00,-30.00,-0.0330) size(hx,hy,z_top,z_base)=(2.00,2.00,0.0662,0.0001) data range=[0.000,1.000] -> surface z in [-0.0330,+0.0332]
[al] mujoco hfield geom 97: pos=(-6.00,-30.00,-0.0393) size(hx,hy,z_top,z_base)=(2.00,2.00,0.0793,0.0001) data range=[0.000,1.000] -> surface z in [-0.0393,+0.0400]
[al] mujoco hfield geom 98: pos=(-2.00,-30.00,-0.0396) size(hx,hy,z_top,z_base)=(2.00,2.00,0.0796,0.0001) data range=[0.000,1.000] -> surface z in [-0.0396,+0.0400]
[al] mujoco hfield geom 99: pos=(+2.00,-30.00,-0.0405) size(hx,hy,z_top,z_base)=(2.00,2.00,0.0838,0.0001) data range=[0.000,1.000] -> surface z in [-0.0405,+0.0433]
[al] mujoco hfield geom 100: pos=(+6.00,-30.00,-0.0432) size(hx,hy,z_top,z_base)=(2.00,2.00,0.0864,0.0001) data range=[0.000,1.000] -> surface z in [-0.0432,+0.0433]
[al] mujoco hfield geom 101: pos=(+10.00,-30.00,-0.0577) size(hx,hy,z_top,z_base)=(2.00,2.00,0.1163,0.0001) data range=[0.000,1.000] -> surface z in [-0.0577,+0.0586]
[al] mujoco hfield geom 102: pos=(+14.00,-30.00,-0.0547) size(hx,hy,z_top,z_base)=(2.00,2.00,0.1132,0.0001) data range=[0.000,1.000] -> surface z in [-0.0547,+0.0586]
[al] mujoco hfield geom 103: pos=(+18.00,-30.00,-0.0643) size(hx,hy,z_top,z_base)=(2.00,2.00,0.1292,0.0001) data range=[0.000,1.000] -> surface z in [-0.0643,+0.0649]
[al] mujoco hfield geom 104: pos=(+22.00,-30.00,-0.0609) size(hx,hy,z_top,z_base)=(2.00,2.00,0.1258,0.0001) data range=[0.000,1.000] -> surface z in [-0.0609,+0.0649]
[al] mujoco hfield geom 105: pos=(+26.00,-30.00,-0.0715) size(hx,hy,z_top,z_base)=(2.00,2.00,0.1448,0.0001) data range=[0.000,1.000] -> surface z in [-0.0715,+0.0733]
[al] mujoco hfield geom 106: pos=(+30.00,-30.00,-0.0731) size(hx,hy,z_top,z_base)=(2.00,2.00,0.1464,0.0001) data range=[0.000,1.000] -> surface z in [-0.0731,+0.0733]
[al] mujoco hfield geom 107: pos=(+34.00,-30.00,-0.0000) size(hx,hy,z_top,z_base)=(2.00,2.00,0.0001,0.0001) data range=[0.000,1.000] -> surface z in [-0.0000,+0.0001]
[al] mujoco hfield geom 108: pos=(+38.00,-30.00,-0.0000) size(hx,hy,z_top,z_base)=(2.00,2.00,0.0001,0.0001) data range=[0.000,1.000] -> surface z in [-0.0000,+0.0001]
[al] mujoco hfield geom 109: pos=(+42.00,-30.00,-0.0000) size(hx,hy,z_top,z_base)=(2.00,2.00,0.0001,0.0001) data range=[0.000,1.000] -> surface z in [-0.0000,+0.0001]
[al] mujoco hfield geom 110: pos=(-42.00,-26.00,-0.0000) size(hx,hy,z_top,z_base)=(2.00,2.00,0.0001,0.0001) data range=[0.000,1.000] -> surface z in [-0.0000,+0.0001]
[al] mujoco hfield geom 111: pos=(-38.00,-26.00,-0.0000) size(hx,hy,z_top,z_base)=(2.00,2.00,0.0001,0.0001) data range=[0.000,1.000] -> surface z in [-0.0000,+0.0001]
[al] mujoco hfield geom 112: pos=(-34.00,-26.00,-0.0000) size(hx,hy,z_top,z_base)=(2.00,2.00,0.0001,0.0001) data range=[0.000,1.000] -> surface z in [-0.0000,+0.0001]
[al] mujoco hfield geom 113: pos=(-30.00,-26.00,-0.0110) size(hx,hy,z_top,z_base)=(2.00,2.00,0.0221,0.0001) data range=[0.000,1.000] -> surface z in [-0.0110,+0.0110]
[al] mujoco hfield geom 114: pos=(-26.00,-26.00,-0.0110) size(hx,hy,z_top,z_base)=(2.00,2.00,0.0220,0.0001) data range=[0.000,1.000] -> surface z in [-0.0110,+0.0110]
[al] mujoco hfield geom 115: pos=(-22.00,-26.00,-0.0218) size(hx,hy,z_top,z_base)=(2.00,2.00,0.0435,0.0001) data range=[0.000,1.000] -> surface z in [-0.0218,+0.0218]
[al] mujoco hfield geom 116: pos=(-18.00,-26.00,-0.0217) size(hx,hy,z_top,z_base)=(2.00,2.00,0.0435,0.0001) data range=[0.000,1.000] -> surface z in [-0.0217,+0.0218]
[al] mujoco hfield geom 117: pos=(-14.00,-26.00,-0.0286) size(hx,hy,z_top,z_base)=(2.00,2.00,0.0579,0.0001) data range=[0.000,1.000] -> surface z in [-0.0286,+0.0293]
[al] mujoco hfield geom 118: pos=(-10.00,-26.00,-0.0283) size(hx,hy,z_top,z_base)=(2.00,2.00,0.0576,0.0001) data range=[0.000,1.000] -> surface z in [-0.0283,+0.0293]
[al] mujoco hfield geom 119: pos=(-6.00,-26.00,-0.0419) size(hx,hy,z_top,z_base)=(2.00,2.00,0.0838,0.0001) data range=[0.000,1.000] -> surface z in [-0.0419,+0.0419]
[al] mujoco hfield geom 120: pos=(-2.00,-26.00,-0.0416) size(hx,hy,z_top,z_base)=(2.00,2.00,0.0835,0.0001) data range=[0.000,1.000] -> surface z in [-0.0416,+0.0419]
[al] mujoco hfield geom 121: pos=(+2.00,-26.00,-0.0477) size(hx,hy,z_top,z_base)=(2.00,2.00,0.0954,0.0001) data range=[0.000,1.000] -> surface z in [-0.0477,+0.0477]
[al] mujoco hfield geom 122: pos=(+6.00,-26.00,-0.0475) size(hx,hy,z_top,z_base)=(2.00,2.00,0.0952,0.0001) data range=[0.000,1.000] -> surface z in [-0.0475,+0.0477]
[al] mujoco hfield geom 123: pos=(+10.00,-26.00,-0.0563) size(hx,hy,z_top,z_base)=(2.00,2.00,0.1136,0.0001) data range=[0.000,1.000] -> surface z in [-0.0563,+0.0573]
[al] mujoco hfield geom 124: pos=(+14.00,-26.00,-0.0566) size(hx,hy,z_top,z_base)=(2.00,2.00,0.1139,0.0001) data range=[0.000,1.000] -> surface z in [-0.0566,+0.0573]
[al] mujoco hfield geom 125: pos=(+18.00,-26.00,-0.0612) size(hx,hy,z_top,z_base)=(2.00,2.00,0.1235,0.0001) data range=[0.000,1.000] -> surface z in [-0.0612,+0.0624]
[al] mujoco hfield geom 126: pos=(+22.00,-26.00,-0.0615) size(hx,hy,z_top,z_base)=(2.00,2.00,0.1238,0.0001) data range=[0.000,1.000] -> surface z in [-0.0615,+0.0624]
[al] mujoco hfield geom 127: pos=(+26.00,-26.00,-0.0684) size(hx,hy,z_top,z_base)=(2.00,2.00,0.1371,0.0001) data range=[0.000,1.000] -> surface z in [-0.0684,+0.0687]
[al] mujoco hfield geom 128: pos=(+30.00,-26.00,-0.0660) size(hx,hy,z_top,z_base)=(2.00,2.00,0.1347,0.0001) data range=[0.000,1.000] -> surface z in [-0.0660,+0.0687]
[al] mujoco hfield geom 129: pos=(+34.00,-26.00,-0.0000) size(hx,hy,z_top,z_base)=(2.00,2.00,0.0001,0.0001) data range=[0.000,1.000] -> surface z in [-0.0000,+0.0001]
[al] mujoco hfield geom 130: pos=(+38.00,-26.00,-0.0000) size(hx,hy,z_top,z_base)=(2.00,2.00,0.0001,0.0001) data range=[0.000,1.000] -> surface z in [-0.0000,+0.0001]
[al] mujoco hfield geom 131: pos=(+42.00,-26.00,-0.0000) size(hx,hy,z_top,z_base)=(2.00,2.00,0.0001,0.0001) data range=[0.000,1.000] -> surface z in [-0.0000,+0.0001]
[al] mujoco hfield geom 132: pos=(-42.00,-22.00,-0.0000) size(hx,hy,z_top,z_base)=(2.00,2.00,0.0001,0.0001) data range=[0.000,1.000] -> surface z in [-0.0000,+0.0001]
[al] mujoco hfield geom 133: pos=(-38.00,-22.00,-0.0000) size(hx,hy,z_top,z_base)=(2.00,2.00,0.0001,0.0001) data range=[0.000,1.000] -> surface z in [-0.0000,+0.0001]
[al] mujoco hfield geom 134: pos=(-34.00,-22.00,-0.0000) size(hx,hy,z_top,z_base)=(2.00,2.00,0.0001,0.0001) data range=[0.000,1.000] -> surface z in [-0.0000,+0.0001]
[al] mujoco hfield geom 135: pos=(-30.00,-22.00,-0.0110) size(hx,hy,z_top,z_base)=(2.00,2.00,0.0221,0.0001) data range=[0.000,1.000] -> surface z in [-0.0110,+0.0110]
[al] mujoco hfield geom 136: pos=(-26.00,-22.00,-0.0110) size(hx,hy,z_top,z_base)=(2.00,2.00,0.0221,0.0001) data range=[0.000,1.000] -> surface z in [-0.0110,+0.0110]
[al] mujoco hfield geom 137: pos=(-22.00,-22.00,-0.0189) size(hx,hy,z_top,z_base)=(2.00,2.00,0.0407,0.0001) data range=[0.000,1.000] -> surface z in [-0.0189,+0.0218]
[al] mujoco hfield geom 138: pos=(-18.00,-22.00,-0.0212) size(hx,hy,z_top,z_base)=(2.00,2.00,0.0430,0.0001) data range=[0.000,1.000] -> surface z in [-0.0212,+0.0218]
[al] mujoco hfield geom 139: pos=(-14.00,-22.00,-0.0290) size(hx,hy,z_top,z_base)=(2.00,2.00,0.0583,0.0001) data range=[0.000,1.000] -> surface z in [-0.0290,+0.0293]
[al] mujoco hfield geom 140: pos=(-10.00,-22.00,-0.0290) size(hx,hy,z_top,z_base)=(2.00,2.00,0.0583,0.0001) data range=[0.000,1.000] -> surface z in [-0.0290,+0.0293]
[al] mujoco hfield geom 141: pos=(-6.00,-22.00,-0.0411) size(hx,hy,z_top,z_base)=(2.00,2.00,0.0830,0.0001) data range=[0.000,1.000] -> surface z in [-0.0411,+0.0419]
[al] mujoco hfield geom 142: pos=(-2.00,-22.00,-0.0416) size(hx,hy,z_top,z_base)=(2.00,2.00,0.0835,0.0001) data range=[0.000,1.000] -> surface z in [-0.0416,+0.0419]
[al] mujoco hfield geom 143: pos=(+2.00,-22.00,-0.0450) size(hx,hy,z_top,z_base)=(2.00,2.00,0.0927,0.0001) data range=[0.000,1.000] -> surface z in [-0.0450,+0.0477]
[al] mujoco hfield geom 144: pos=(+6.00,-22.00,-0.0448) size(hx,hy,z_top,z_base)=(2.00,2.00,0.0925,0.0001) data range=[0.000,1.000] -> surface z in [-0.0448,+0.0477]
[al] mujoco hfield geom 145: pos=(+10.00,-22.00,-0.0547) size(hx,hy,z_top,z_base)=(2.00,2.00,0.1120,0.0001) data range=[0.000,1.000] -> surface z in [-0.0547,+0.0573]
[al] mujoco hfield geom 146: pos=(+14.00,-22.00,-0.0572) size(hx,hy,z_top,z_base)=(2.00,2.00,0.1145,0.0001) data range=[0.000,1.000] -> surface z in [-0.0572,+0.0573]
[al] mujoco hfield geom 147: pos=(+18.00,-22.00,-0.0588) size(hx,hy,z_top,z_base)=(2.00,2.00,0.1211,0.0001) data range=[0.000,1.000] -> surface z in [-0.0588,+0.0624]
[al] mujoco hfield geom 148: pos=(+22.00,-22.00,-0.0565) size(hx,hy,z_top,z_base)=(2.00,2.00,0.1189,0.0001) data range=[0.000,1.000] -> surface z in [-0.0565,+0.0624]
[al] mujoco hfield geom 149: pos=(+26.00,-22.00,-0.0675) size(hx,hy,z_top,z_base)=(2.00,2.00,0.1362,0.0001) data range=[0.000,1.000] -> surface z in [-0.0675,+0.0687]
[al] mujoco hfield geom 150: pos=(+30.00,-22.00,-0.0658) size(hx,hy,z_top,z_base)=(2.00,2.00,0.1345,0.0001) data range=[0.000,1.000] -> surface z in [-0.0658,+0.0687]
[al] mujoco hfield geom 151: pos=(+34.00,-22.00,-0.0000) size(hx,hy,z_top,z_base)=(2.00,2.00,0.0001,0.0001) data range=[0.000,1.000] -> surface z in [-0.0000,+0.0001]
[al] mujoco hfield geom 152: pos=(+38.00,-22.00,-0.0000) size(hx,hy,z_top,z_base)=(2.00,2.00,0.0001,0.0001) data range=[0.000,1.000] -> surface z in [-0.0000,+0.0001]
[al] mujoco hfield geom 153: pos=(+42.00,-22.00,-0.0000) size(hx,hy,z_top,z_base)=(2.00,2.00,0.0001,0.0001) data range=[0.000,1.000] -> surface z in [-0.0000,+0.0001]
[al] mujoco hfield geom 154: pos=(-42.00,-18.00,-0.0000) size(hx,hy,z_top,z_base)=(2.00,2.00,0.0001,0.0001) data range=[0.000,1.000] -> surface z in [-0.0000,+0.0001]
[al] mujoco hfield geom 155: pos=(-38.00,-18.00,-0.0000) size(hx,hy,z_top,z_base)=(2.00,2.00,0.0001,0.0001) data range=[0.000,1.000] -> surface z in [-0.0000,+0.0001]
[al] mujoco hfield geom 156: pos=(-34.00,-18.00,-0.0000) size(hx,hy,z_top,z_base)=(2.00,2.00,0.0001,0.0001) data range=[0.000,1.000] -> surface z in [-0.0000,+0.0001]
[al] mujoco hfield geom 157: pos=(-30.00,-18.00,-0.0144) size(hx,hy,z_top,z_base)=(2.00,2.00,0.0289,0.0001) data range=[0.000,1.000] -> surface z in [-0.0144,+0.0145]
[al] mujoco hfield geom 158: pos=(-26.00,-18.00,-0.0141) size(hx,hy,z_top,z_base)=(2.00,2.00,0.0286,0.0001) data range=[0.000,1.000] -> surface z in [-0.0141,+0.0145]
[al] mujoco hfield geom 159: pos=(-22.00,-18.00,-0.0186) size(hx,hy,z_top,z_base)=(2.00,2.00,0.0372,0.0001) data range=[0.000,1.000] -> surface z in [-0.0186,+0.0186]
[al] mujoco hfield geom 160: pos=(-18.00,-18.00,-0.0172) size(hx,hy,z_top,z_base)=(2.00,2.00,0.0358,0.0001) data range=[0.000,1.000] -> surface z in [-0.0172,+0.0186]
[al] mujoco hfield geom 161: pos=(-14.00,-18.00,-0.0314) size(hx,hy,z_top,z_base)=(2.00,2.00,0.0644,0.0001) data range=[0.000,1.000] -> surface z in [-0.0314,+0.0330]
[al] mujoco hfield geom 162: pos=(-10.00,-18.00,-0.0330) size(hx,hy,z_top,z_base)=(2.00,2.00,0.0659,0.0001) data range=[0.000,1.000] -> surface z in [-0.0330,+0.0330]
[al] mujoco hfield geom 163: pos=(-6.00,-18.00,-0.0381) size(hx,hy,z_top,z_base)=(2.00,2.00,0.0776,0.0001) data range=[0.000,1.000] -> surface z in [-0.0381,+0.0395]
[al] mujoco hfield geom 164: pos=(-2.00,-18.00,-0.0373) size(hx,hy,z_top,z_base)=(2.00,2.00,0.0769,0.0001) data range=[0.000,1.000] -> surface z in [-0.0373,+0.0395]
[al] mujoco hfield geom 165: pos=(+2.00,-18.00,-0.0460) size(hx,hy,z_top,z_base)=(2.00,2.00,0.0947,0.0001) data range=[0.000,1.000] -> surface z in [-0.0460,+0.0487]
[al] mujoco hfield geom 166: pos=(+6.00,-18.00,-0.0479) size(hx,hy,z_top,z_base)=(2.00,2.00,0.0966,0.0001) data range=[0.000,1.000] -> surface z in [-0.0479,+0.0487]
[al] mujoco hfield geom 167: pos=(+10.00,-18.00,-0.0524) size(hx,hy,z_top,z_base)=(2.00,2.00,0.1059,0.0001) data range=[0.000,1.000] -> surface z in [-0.0524,+0.0535]
[al] mujoco hfield geom 168: pos=(+14.00,-18.00,-0.0527) size(hx,hy,z_top,z_base)=(2.00,2.00,0.1062,0.0001) data range=[0.000,1.000] -> surface z in [-0.0527,+0.0535]
[al] mujoco hfield geom 169: pos=(+18.00,-18.00,-0.0640) size(hx,hy,z_top,z_base)=(2.00,2.00,0.1306,0.0001) data range=[0.000,1.000] -> surface z in [-0.0640,+0.0666]
[al] mujoco hfield geom 170: pos=(+22.00,-18.00,-0.0641) size(hx,hy,z_top,z_base)=(2.00,2.00,0.1307,0.0001) data range=[0.000,1.000] -> surface z in [-0.0641,+0.0666]
[al] mujoco hfield geom 171: pos=(+26.00,-18.00,-0.0727) size(hx,hy,z_top,z_base)=(2.00,2.00,0.1468,0.0001) data range=[0.000,1.000] -> surface z in [-0.0727,+0.0741]
[al] mujoco hfield geom 172: pos=(+30.00,-18.00,-0.0734) size(hx,hy,z_top,z_base)=(2.00,2.00,0.1475,0.0001) data range=[0.000,1.000] -> surface z in [-0.0734,+0.0741]
[al] mujoco hfield geom 173: pos=(+34.00,-18.00,-0.0000) size(hx,hy,z_top,z_base)=(2.00,2.00,0.0001,0.0001) data range=[0.000,1.000] -> surface z in [-0.0000,+0.0001]
[al] mujoco hfield geom 174: pos=(+38.00,-18.00,-0.0000) size(hx,hy,z_top,z_base)=(2.00,2.00,0.0001,0.0001) data range=[0.000,1.000] -> surface z in [-0.0000,+0.0001]
[al] mujoco hfield geom 175: pos=(+42.00,-18.00,-0.0000) size(hx,hy,z_top,z_base)=(2.00,2.00,0.0001,0.0001) data range=[0.000,1.000] -> surface z in [-0.0000,+0.0001]
[al] mujoco hfield geom 176: pos=(-42.00,-14.00,-0.0000) size(hx,hy,z_top,z_base)=(2.00,2.00,0.0001,0.0001) data range=[0.000,1.000] -> surface z in [-0.0000,+0.0001]
[al] mujoco hfield geom 177: pos=(-38.00,-14.00,-0.0000) size(hx,hy,z_top,z_base)=(2.00,2.00,0.0001,0.0001) data range=[0.000,1.000] -> surface z in [-0.0000,+0.0001]
[al] mujoco hfield geom 178: pos=(-34.00,-14.00,-0.0000) size(hx,hy,z_top,z_base)=(2.00,2.00,0.0001,0.0001) data range=[0.000,1.000] -> surface z in [-0.0000,+0.0001]
[al] mujoco hfield geom 179: pos=(-30.00,-14.00,-0.0138) size(hx,hy,z_top,z_base)=(2.00,2.00,0.0283,0.0001) data range=[0.000,1.000] -> surface z in [-0.0138,+0.0145]
[al] mujoco hfield geom 180: pos=(-26.00,-14.00,-0.0138) size(hx,hy,z_top,z_base)=(2.00,2.00,0.0283,0.0001) data range=[0.000,1.000] -> surface z in [-0.0138,+0.0145]
[al] mujoco hfield geom 181: pos=(-22.00,-14.00,-0.0181) size(hx,hy,z_top,z_base)=(2.00,2.00,0.0368,0.0001) data range=[0.000,1.000] -> surface z in [-0.0181,+0.0186]
[al] mujoco hfield geom 182: pos=(-18.00,-14.00,-0.0186) size(hx,hy,z_top,z_base)=(2.00,2.00,0.0373,0.0001) data range=[0.000,1.000] -> surface z in [-0.0186,+0.0186]
[al] mujoco hfield geom 183: pos=(-14.00,-14.00,-0.0310) size(hx,hy,z_top,z_base)=(2.00,2.00,0.0640,0.0001) data range=[0.000,1.000] -> surface z in [-0.0310,+0.0330]
[al] mujoco hfield geom 184: pos=(-10.00,-14.00,-0.0330) size(hx,hy,z_top,z_base)=(2.00,2.00,0.0659,0.0001) data range=[0.000,1.000] -> surface z in [-0.0330,+0.0330]
[al] mujoco hfield geom 185: pos=(-6.00,-14.00,-0.0388) size(hx,hy,z_top,z_base)=(2.00,2.00,0.0783,0.0001) data range=[0.000,1.000] -> surface z in [-0.0388,+0.0395]
[al] mujoco hfield geom 186: pos=(-2.00,-14.00,-0.0371) size(hx,hy,z_top,z_base)=(2.00,2.00,0.0766,0.0001) data range=[0.000,1.000] -> surface z in [-0.0371,+0.0395]
[al] mujoco hfield geom 187: pos=(+2.00,-14.00,-0.0486) size(hx,hy,z_top,z_base)=(2.00,2.00,0.0973,0.0001) data range=[0.000,1.000] -> surface z in [-0.0486,+0.0487]
[al] mujoco hfield geom 188: pos=(+6.00,-14.00,-0.0485) size(hx,hy,z_top,z_base)=(2.00,2.00,0.0972,0.0001) data range=[0.000,1.000] -> surface z in [-0.0485,+0.0487]
[al] mujoco hfield geom 189: pos=(+10.00,-14.00,-0.0524) size(hx,hy,z_top,z_base)=(2.00,2.00,0.1059,0.0001) data range=[0.000,1.000] -> surface z in [-0.0524,+0.0535]
[al] mujoco hfield geom 190: pos=(+14.00,-14.00,-0.0511) size(hx,hy,z_top,z_base)=(2.00,2.00,0.1046,0.0001) data range=[0.000,1.000] -> surface z in [-0.0511,+0.0535]
[al] mujoco hfield geom 191: pos=(+18.00,-14.00,-0.0643) size(hx,hy,z_top,z_base)=(2.00,2.00,0.1309,0.0001) data range=[0.000,1.000] -> surface z in [-0.0643,+0.0666]
[al] mujoco hfield geom 192: pos=(+22.00,-14.00,-0.0664) size(hx,hy,z_top,z_base)=(2.00,2.00,0.1331,0.0001) data range=[0.000,1.000] -> surface z in [-0.0664,+0.0666]
[al] mujoco hfield geom 193: pos=(+26.00,-14.00,-0.0722) size(hx,hy,z_top,z_base)=(2.00,2.00,0.1463,0.0001) data range=[0.000,1.000] -> surface z in [-0.0722,+0.0741]
[al] mujoco hfield geom 194: pos=(+30.00,-14.00,-0.0627) size(hx,hy,z_top,z_base)=(2.00,2.00,0.1368,0.0001) data range=[0.000,1.000] -> surface z in [-0.0627,+0.0741]
[al] mujoco hfield geom 195: pos=(+34.00,-14.00,-0.0000) size(hx,hy,z_top,z_base)=(2.00,2.00,0.0001,0.0001) data range=[0.000,1.000] -> surface z in [-0.0000,+0.0001]
[al] mujoco hfield geom 196: pos=(+38.00,-14.00,-0.0000) size(hx,hy,z_top,z_base)=(2.00,2.00,0.0001,0.0001) data range=[0.000,1.000] -> surface z in [-0.0000,+0.0001]
[al] mujoco hfield geom 197: pos=(+42.00,-14.00,-0.0000) size(hx,hy,z_top,z_base)=(2.00,2.00,0.0001,0.0001) data range=[0.000,1.000] -> surface z in [-0.0000,+0.0001]
[al] mujoco hfield geom 198: pos=(-42.00,-10.00,-0.0000) size(hx,hy,z_top,z_base)=(2.00,2.00,0.0001,0.0001) data range=[0.000,1.000] -> surface z in [-0.0000,+0.0001]
[al] mujoco hfield geom 199: pos=(-38.00,-10.00,-0.0000) size(hx,hy,z_top,z_base)=(2.00,2.00,0.0001,0.0001) data range=[0.000,1.000] -> surface z in [-0.0000,+0.0001]
[al] mujoco hfield geom 200: pos=(-34.00,-10.00,-0.0000) size(hx,hy,z_top,z_base)=(2.00,2.00,0.0001,0.0001) data range=[0.000,1.000] -> surface z in [-0.0000,+0.0001]
[al] mujoco hfield geom 201: pos=(-30.00,-10.00,-0.0000) size(hx,hy,z_top,z_base)=(2.00,2.00,0.0001,0.0001) data range=[0.000,1.000] -> surface z in [-0.0000,+0.0001]
[al] mujoco hfield geom 202: pos=(-26.00,-10.00,-0.0000) size(hx,hy,z_top,z_base)=(2.00,2.00,0.0001,0.0001) data range=[0.000,1.000] -> surface z in [-0.0000,+0.0001]
[al] mujoco hfield geom 203: pos=(-22.00,-10.00,-0.0000) size(hx,hy,z_top,z_base)=(2.00,2.00,0.0100,0.0001) data range=[0.000,1.000] -> surface z in [-0.0000,+0.0100]
[al] mujoco hfield geom 204: pos=(-18.00,-10.00,-0.0000) size(hx,hy,z_top,z_base)=(2.00,2.00,0.0100,0.0001) data range=[0.000,1.000] -> surface z in [-0.0000,+0.0100]
[al] mujoco hfield geom 205: pos=(-14.00,-10.00,-0.0000) size(hx,hy,z_top,z_base)=(2.00,2.00,0.0300,0.0001) data range=[0.000,1.000] -> surface z in [-0.0000,+0.0300]
[al] mujoco hfield geom 206: pos=(-10.00,-10.00,-0.0000) size(hx,hy,z_top,z_base)=(2.00,2.00,0.0300,0.0001) data range=[0.000,1.000] -> surface z in [-0.0000,+0.0300]
[al] mujoco hfield geom 207: pos=(-6.00,-10.00,-0.0000) size(hx,hy,z_top,z_base)=(2.00,2.00,0.0300,0.0001) data range=[0.000,1.000] -> surface z in [-0.0000,+0.0300]
[al] mujoco hfield geom 208: pos=(-2.00,-10.00,-0.0000) size(hx,hy,z_top,z_base)=(2.00,2.00,0.0300,0.0001) data range=[0.000,1.000] -> surface z in [-0.0000,+0.0300]
[al] mujoco hfield geom 209: pos=(+2.00,-10.00,-0.0000) size(hx,hy,z_top,z_base)=(2.00,2.00,0.0500,0.0001) data range=[0.000,1.000] -> surface z in [-0.0000,+0.0500]
[al] mujoco hfield geom 210: pos=(+6.00,-10.00,-0.0000) size(hx,hy,z_top,z_base)=(2.00,2.00,0.0500,0.0001) data range=[0.000,1.000] -> surface z in [-0.0000,+0.0500]
[al] mujoco hfield geom 211: pos=(+10.00,-10.00,-0.0000) size(hx,hy,z_top,z_base)=(2.00,2.00,0.0700,0.0001) data range=[0.000,1.000] -> surface z in [-0.0000,+0.0700]
[al] mujoco hfield geom 212: pos=(+14.00,-10.00,-0.0000) size(hx,hy,z_top,z_base)=(2.00,2.00,0.0700,0.0001) data range=[0.000,1.000] -> surface z in [-0.0000,+0.0700]
[al] mujoco hfield geom 213: pos=(+18.00,-10.00,-0.0000) size(hx,hy,z_top,z_base)=(2.00,2.00,0.0800,0.0001) data range=[0.000,1.000] -> surface z in [-0.0000,+0.0800]
[al] mujoco hfield geom 214: pos=(+22.00,-10.00,-0.0000) size(hx,hy,z_top,z_base)=(2.00,2.00,0.0800,0.0001) data range=[0.000,1.000] -> surface z in [-0.0000,+0.0800]
[al] mujoco hfield geom 215: pos=(+26.00,-10.00,-0.0000) size(hx,hy,z_top,z_base)=(2.00,2.00,0.0900,0.0001) data range=[0.000,1.000] -> surface z in [-0.0000,+0.0900]
[al] mujoco hfield geom 216: pos=(+30.00,-10.00,-0.0000) size(hx,hy,z_top,z_base)=(2.00,2.00,0.0900,0.0001) data range=[0.000,1.000] -> surface z in [-0.0000,+0.0900]
[al] mujoco hfield geom 217: pos=(+34.00,-10.00,-0.0000) size(hx,hy,z_top,z_base)=(2.00,2.00,0.0001,0.0001) data range=[0.000,1.000] -> surface z in [-0.0000,+0.0001]
[al] mujoco hfield geom 218: pos=(+38.00,-10.00,-0.0000) size(hx,hy,z_top,z_base)=(2.00,2.00,0.0001,0.0001) data range=[0.000,1.000] -> surface z in [-0.0000,+0.0001]
[al] mujoco hfield geom 219: pos=(+42.00,-10.00,-0.0000) size(hx,hy,z_top,z_base)=(2.00,2.00,0.0001,0.0001) data range=[0.000,1.000] -> surface z in [-0.0000,+0.0001]
[al] mujoco hfield geom 220: pos=(-42.00,-6.00,-0.0000) size(hx,hy,z_top,z_base)=(2.00,2.00,0.0001,0.0001) data range=[0.000,1.000] -> surface z in [-0.0000,+0.0001]
[al] mujoco hfield geom 221: pos=(-38.00,-6.00,-0.0000) size(hx,hy,z_top,z_base)=(2.00,2.00,0.0001,0.0001) data range=[0.000,1.000] -> surface z in [-0.0000,+0.0001]
[al] mujoco hfield geom 222: pos=(-34.00,-6.00,-0.0000) size(hx,hy,z_top,z_base)=(2.00,2.00,0.0001,0.0001) data range=[0.000,1.000] -> surface z in [-0.0000,+0.0001]
[al] mujoco hfield geom 223: pos=(-30.00,-6.00,-0.0000) size(hx,hy,z_top,z_base)=(2.00,2.00,0.0001,0.0001) data range=[0.000,1.000] -> surface z in [-0.0000,+0.0001]
[al] mujoco hfield geom 224: pos=(-26.00,-6.00,-0.0000) size(hx,hy,z_top,z_base)=(2.00,2.00,0.0001,0.0001) data range=[0.000,1.000] -> surface z in [-0.0000,+0.0001]
[al] mujoco hfield geom 225: pos=(-22.00,-6.00,-0.0000) size(hx,hy,z_top,z_base)=(2.00,2.00,0.0100,0.0001) data range=[0.000,1.000] -> surface z in [-0.0000,+0.0100]
[al] mujoco hfield geom 226: pos=(-18.00,-6.00,-0.0000) size(hx,hy,z_top,z_base)=(2.00,2.00,0.0100,0.0001) data range=[0.000,1.000] -> surface z in [-0.0000,+0.0100]
[al] mujoco hfield geom 227: pos=(-14.00,-6.00,-0.0000) size(hx,hy,z_top,z_base)=(2.00,2.00,0.0300,0.0001) data range=[0.000,1.000] -> surface z in [-0.0000,+0.0300]
[al] mujoco hfield geom 228: pos=(-10.00,-6.00,-0.0000) size(hx,hy,z_top,z_base)=(2.00,2.00,0.0300,0.0001) data range=[0.000,1.000] -> surface z in [-0.0000,+0.0300]
[al] mujoco hfield geom 229: pos=(-6.00,-6.00,-0.0000) size(hx,hy,z_top,z_base)=(2.00,2.00,0.0300,0.0001) data range=[0.000,1.000] -> surface z in [-0.0000,+0.0300]
[al] mujoco hfield geom 230: pos=(-2.00,-6.00,-0.0000) size(hx,hy,z_top,z_base)=(2.00,2.00,0.0300,0.0001) data range=[0.000,1.000] -> surface z in [-0.0000,+0.0300]
[al] mujoco hfield geom 231: pos=(+2.00,-6.00,-0.0000) size(hx,hy,z_top,z_base)=(2.00,2.00,0.0500,0.0001) data range=[0.000,1.000] -> surface z in [-0.0000,+0.0500]
[al] mujoco hfield geom 232: pos=(+6.00,-6.00,-0.0000) size(hx,hy,z_top,z_base)=(2.00,2.00,0.0500,0.0001) data range=[0.000,1.000] -> surface z in [-0.0000,+0.0500]
[al] mujoco hfield geom 233: pos=(+10.00,-6.00,-0.0000) size(hx,hy,z_top,z_base)=(2.00,2.00,0.0700,0.0001) data range=[0.000,1.000] -> surface z in [-0.0000,+0.0700]
[al] mujoco hfield geom 234: pos=(+14.00,-6.00,-0.0000) size(hx,hy,z_top,z_base)=(2.00,2.00,0.0700,0.0001) data range=[0.000,1.000] -> surface z in [-0.0000,+0.0700]
[al] mujoco hfield geom 235: pos=(+18.00,-6.00,-0.0000) size(hx,hy,z_top,z_base)=(2.00,2.00,0.0800,0.0001) data range=[0.000,1.000] -> surface z in [-0.0000,+0.0800]
[al] mujoco hfield geom 236: pos=(+22.00,-6.00,-0.0000) size(hx,hy,z_top,z_base)=(2.00,2.00,0.0800,0.0001) data range=[0.000,1.000] -> surface z in [-0.0000,+0.0800]
[al] mujoco hfield geom 237: pos=(+26.00,-6.00,-0.0000) size(hx,hy,z_top,z_base)=(2.00,2.00,0.0900,0.0001) data range=[0.000,1.000] -> surface z in [-0.0000,+0.0900]
[al] mujoco hfield geom 238: pos=(+30.00,-6.00,-0.0000) size(hx,hy,z_top,z_base)=(2.00,2.00,0.0900,0.0001) data range=[0.000,1.000] -> surface z in [-0.0000,+0.0900]
[al] mujoco hfield geom 239: pos=(+34.00,-6.00,-0.0000) size(hx,hy,z_top,z_base)=(2.00,2.00,0.0001,0.0001) data range=[0.000,1.000] -> surface z in [-0.0000,+0.0001]
[al] mujoco hfield geom 240: pos=(+38.00,-6.00,-0.0000) size(hx,hy,z_top,z_base)=(2.00,2.00,0.0001,0.0001) data range=[0.000,1.000] -> surface z in [-0.0000,+0.0001]
[al] mujoco hfield geom 241: pos=(+42.00,-6.00,-0.0000) size(hx,hy,z_top,z_base)=(2.00,2.00,0.0001,0.0001) data range=[0.000,1.000] -> surface z in [-0.0000,+0.0001]
[al] mujoco hfield geom 242: pos=(-42.00,-2.00,-0.0000) size(hx,hy,z_top,z_base)=(2.00,2.00,0.0001,0.0001) data range=[0.000,1.000] -> surface z in [-0.0000,+0.0001]
[al] mujoco hfield geom 243: pos=(-38.00,-2.00,-0.0000) size(hx,hy,z_top,z_base)=(2.00,2.00,0.0001,0.0001) data range=[0.000,1.000] -> surface z in [-0.0000,+0.0001]
[al] mujoco hfield geom 244: pos=(-34.00,-2.00,-0.0000) size(hx,hy,z_top,z_base)=(2.00,2.00,0.0001,0.0001) data range=[0.000,1.000] -> surface z in [-0.0000,+0.0001]
[al] mujoco hfield geom 245: pos=(-30.00,-2.00,-0.0000) size(hx,hy,z_top,z_base)=(2.00,2.00,0.0001,0.0001) data range=[0.000,1.000] -> surface z in [-0.0000,+0.0001]
[al] mujoco hfield geom 246: pos=(-26.00,-2.00,-0.0000) size(hx,hy,z_top,z_base)=(2.00,2.00,0.0001,0.0001) data range=[0.000,1.000] -> surface z in [-0.0000,+0.0001]
[al] mujoco hfield geom 247: pos=(-22.00,-2.00,-0.0000) size(hx,hy,z_top,z_base)=(2.00,2.00,0.0100,0.0001) data range=[0.000,1.000] -> surface z in [-0.0000,+0.0100]
[al] mujoco hfield geom 248: pos=(-18.00,-2.00,-0.0000) size(hx,hy,z_top,z_base)=(2.00,2.00,0.0100,0.0001) data range=[0.000,1.000] -> surface z in [-0.0000,+0.0100]
[al] mujoco hfield geom 249: pos=(-14.00,-2.00,-0.0000) size(hx,hy,z_top,z_base)=(2.00,2.00,0.0300,0.0001) data range=[0.000,1.000] -> surface z in [-0.0000,+0.0300]
[al] mujoco hfield geom 250: pos=(-10.00,-2.00,-0.0000) size(hx,hy,z_top,z_base)=(2.00,2.00,0.0300,0.0001) data range=[0.000,1.000] -> surface z in [-0.0000,+0.0300]
[al] mujoco hfield geom 251: pos=(-6.00,-2.00,-0.0000) size(hx,hy,z_top,z_base)=(2.00,2.00,0.0300,0.0001) data range=[0.000,1.000] -> surface z in [-0.0000,+0.0300]
[al] mujoco hfield geom 252: pos=(-2.00,-2.00,-0.0000) size(hx,hy,z_top,z_base)=(2.00,2.00,0.0300,0.0001) data range=[0.000,1.000] -> surface z in [-0.0000,+0.0300]
[al] mujoco hfield geom 253: pos=(+2.00,-2.00,-0.0000) size(hx,hy,z_top,z_base)=(2.00,2.00,0.0500,0.0001) data range=[0.000,1.000] -> surface z in [-0.0000,+0.0500]
[al] mujoco hfield geom 254: pos=(+6.00,-2.00,-0.0000) size(hx,hy,z_top,z_base)=(2.00,2.00,0.0500,0.0001) data range=[0.000,1.000] -> surface z in [-0.0000,+0.0500]
[al] mujoco hfield geom 255: pos=(+10.00,-2.00,-0.0000) size(hx,hy,z_top,z_base)=(2.00,2.00,0.0600,0.0001) data range=[0.000,1.000] -> surface z in [-0.0000,+0.0600]
[al] mujoco hfield geom 256: pos=(+14.00,-2.00,-0.0000) size(hx,hy,z_top,z_base)=(2.00,2.00,0.0600,0.0001) data range=[0.000,1.000] -> surface z in [-0.0000,+0.0600]
[al] mujoco hfield geom 257: pos=(+18.00,-2.00,-0.0000) size(hx,hy,z_top,z_base)=(2.00,2.00,0.0700,0.0001) data range=[0.000,1.000] -> surface z in [-0.0000,+0.0700]
[al] mujoco hfield geom 258: pos=(+22.00,-2.00,-0.0000) size(hx,hy,z_top,z_base)=(2.00,2.00,0.0700,0.0001) data range=[0.000,1.000] -> surface z in [-0.0000,+0.0700]
[al] mujoco hfield geom 259: pos=(+26.00,-2.00,-0.0000) size(hx,hy,z_top,z_base)=(2.00,2.00,0.0900,0.0001) data range=[0.000,1.000] -> surface z in [-0.0000,+0.0900]
[al] mujoco hfield geom 260: pos=(+30.00,-2.00,-0.0000) size(hx,hy,z_top,z_base)=(2.00,2.00,0.0900,0.0001) data range=[0.000,1.000] -> surface z in [-0.0000,+0.0900]
[al] mujoco hfield geom 261: pos=(+34.00,-2.00,-0.0000) size(hx,hy,z_top,z_base)=(2.00,2.00,0.0001,0.0001) data range=[0.000,1.000] -> surface z in [-0.0000,+0.0001]
[al] mujoco hfield geom 262: pos=(+38.00,-2.00,-0.0000) size(hx,hy,z_top,z_base)=(2.00,2.00,0.0001,0.0001) data range=[0.000,1.000] -> surface z in [-0.0000,+0.0001]
[al] mujoco hfield geom 263: pos=(+42.00,-2.00,-0.0000) size(hx,hy,z_top,z_base)=(2.00,2.00,0.0001,0.0001) data range=[0.000,1.000] -> surface z in [-0.0000,+0.0001]
[al] mujoco hfield geom 264: pos=(-42.00,+2.00,-0.0000) size(hx,hy,z_top,z_base)=(2.00,2.00,0.0001,0.0001) data range=[0.000,1.000] -> surface z in [-0.0000,+0.0001]
[al] mujoco hfield geom 265: pos=(-38.00,+2.00,-0.0000) size(hx,hy,z_top,z_base)=(2.00,2.00,0.0001,0.0001) data range=[0.000,1.000] -> surface z in [-0.0000,+0.0001]
[al] mujoco hfield geom 266: pos=(-34.00,+2.00,-0.0000) size(hx,hy,z_top,z_base)=(2.00,2.00,0.0001,0.0001) data range=[0.000,1.000] -> surface z in [-0.0000,+0.0001]
[al] mujoco hfield geom 267: pos=(-30.00,+2.00,-0.0000) size(hx,hy,z_top,z_base)=(2.00,2.00,0.0001,0.0001) data range=[0.000,1.000] -> surface z in [-0.0000,+0.0001]
[al] mujoco hfield geom 268: pos=(-26.00,+2.00,-0.0000) size(hx,hy,z_top,z_base)=(2.00,2.00,0.0001,0.0001) data range=[0.000,1.000] -> surface z in [-0.0000,+0.0001]
[al] mujoco hfield geom 269: pos=(-22.00,+2.00,-0.0000) size(hx,hy,z_top,z_base)=(2.00,2.00,0.0100,0.0001) data range=[0.000,1.000] -> surface z in [-0.0000,+0.0100]
[al] mujoco hfield geom 270: pos=(-18.00,+2.00,-0.0000) size(hx,hy,z_top,z_base)=(2.00,2.00,0.0100,0.0001) data range=[0.000,1.000] -> surface z in [-0.0000,+0.0100]
[al] mujoco hfield geom 271: pos=(-14.00,+2.00,-0.0000) size(hx,hy,z_top,z_base)=(2.00,2.00,0.0300,0.0001) data range=[0.000,1.000] -> surface z in [-0.0000,+0.0300]
[al] mujoco hfield geom 272: pos=(-10.00,+2.00,-0.0000) size(hx,hy,z_top,z_base)=(2.00,2.00,0.0300,0.0001) data range=[0.000,1.000] -> surface z in [-0.0000,+0.0300]
[al] mujoco hfield geom 273: pos=(-6.00,+2.00,-0.0000) size(hx,hy,z_top,z_base)=(2.00,2.00,0.0300,0.0001) data range=[0.000,1.000] -> surface z in [-0.0000,+0.0300]
[al] mujoco hfield geom 274: pos=(-2.00,+2.00,-0.0000) size(hx,hy,z_top,z_base)=(2.00,2.00,0.0300,0.0001) data range=[0.000,1.000] -> surface z in [-0.0000,+0.0300]
[al] mujoco hfield geom 275: pos=(+2.00,+2.00,-0.0000) size(hx,hy,z_top,z_base)=(2.00,2.00,0.0500,0.0001) data range=[0.000,1.000] -> surface z in [-0.0000,+0.0500]
[al] mujoco hfield geom 276: pos=(+6.00,+2.00,-0.0000) size(hx,hy,z_top,z_base)=(2.00,2.00,0.0500,0.0001) data range=[0.000,1.000] -> surface z in [-0.0000,+0.0500]
[al] mujoco hfield geom 277: pos=(+10.00,+2.00,-0.0000) size(hx,hy,z_top,z_base)=(2.00,2.00,0.0600,0.0001) data range=[0.000,1.000] -> surface z in [-0.0000,+0.0600]
[al] mujoco hfield geom 278: pos=(+14.00,+2.00,-0.0000) size(hx,hy,z_top,z_base)=(2.00,2.00,0.0600,0.0001) data range=[0.000,1.000] -> surface z in [-0.0000,+0.0600]
[al] mujoco hfield geom 279: pos=(+18.00,+2.00,-0.0000) size(hx,hy,z_top,z_base)=(2.00,2.00,0.0700,0.0001) data range=[0.000,1.000] -> surface z in [-0.0000,+0.0700]
[al] mujoco hfield geom 280: pos=(+22.00,+2.00,-0.0000) size(hx,hy,z_top,z_base)=(2.00,2.00,0.0700,0.0001) data range=[0.000,1.000] -> surface z in [-0.0000,+0.0700]
[al] mujoco hfield geom 281: pos=(+26.00,+2.00,-0.0000) size(hx,hy,z_top,z_base)=(2.00,2.00,0.0900,0.0001) data range=[0.000,1.000] -> surface z in [-0.0000,+0.0900]
[al] mujoco hfield geom 282: pos=(+30.00,+2.00,-0.0000) size(hx,hy,z_top,z_base)=(2.00,2.00,0.0900,0.0001) data range=[0.000,1.000] -> surface z in [-0.0000,+0.0900]
[al] mujoco hfield geom 283: pos=(+34.00,+2.00,-0.0000) size(hx,hy,z_top,z_base)=(2.00,2.00,0.0001,0.0001) data range=[0.000,1.000] -> surface z in [-0.0000,+0.0001]
[al] mujoco hfield geom 284: pos=(+38.00,+2.00,-0.0000) size(hx,hy,z_top,z_base)=(2.00,2.00,0.0001,0.0001) data range=[0.000,1.000] -> surface z in [-0.0000,+0.0001]
[al] mujoco hfield geom 285: pos=(+42.00,+2.00,-0.0000) size(hx,hy,z_top,z_base)=(2.00,2.00,0.0001,0.0001) data range=[0.000,1.000] -> surface z in [-0.0000,+0.0001]
[al] mujoco hfield geom 286: pos=(-42.00,+6.00,-0.0000) size(hx,hy,z_top,z_base)=(2.00,2.00,0.0001,0.0001) data range=[0.000,1.000] -> surface z in [-0.0000,+0.0001]
[al] mujoco hfield geom 287: pos=(-38.00,+6.00,-0.0000) size(hx,hy,z_top,z_base)=(2.00,2.00,0.0001,0.0001) data range=[0.000,1.000] -> surface z in [-0.0000,+0.0001]
[al] mujoco hfield geom 288: pos=(-34.00,+6.00,-0.0000) size(hx,hy,z_top,z_base)=(2.00,2.00,0.0001,0.0001) data range=[0.000,1.000] -> surface z in [-0.0000,+0.0001]
[al] mujoco hfield geom 289: pos=(-30.00,+6.00,-0.0000) size(hx,hy,z_top,z_base)=(2.00,2.00,0.0001,0.0001) data range=[0.000,1.000] -> surface z in [-0.0000,+0.0001]
[al] mujoco hfield geom 290: pos=(-26.00,+6.00,-0.0000) size(hx,hy,z_top,z_base)=(2.00,2.00,0.0001,0.0001) data range=[0.000,1.000] -> surface z in [-0.0000,+0.0001]
[al] mujoco hfield geom 291: pos=(-22.00,+6.00,-0.0000) size(hx,hy,z_top,z_base)=(2.00,2.00,0.0200,0.0001) data range=[0.000,1.000] -> surface z in [-0.0000,+0.0200]
[al] mujoco hfield geom 292: pos=(-18.00,+6.00,-0.0000) size(hx,hy,z_top,z_base)=(2.00,2.00,0.0200,0.0001) data range=[0.000,1.000] -> surface z in [-0.0000,+0.0200]
[al] mujoco hfield geom 293: pos=(-14.00,+6.00,-0.0000) size(hx,hy,z_top,z_base)=(2.00,2.00,0.0300,0.0001) data range=[0.000,1.000] -> surface z in [-0.0000,+0.0300]
[al] mujoco hfield geom 294: pos=(-10.00,+6.00,-0.0000) size(hx,hy,z_top,z_base)=(2.00,2.00,0.0300,0.0001) data range=[0.000,1.000] -> surface z in [-0.0000,+0.0300]
[al] mujoco hfield geom 295: pos=(-6.00,+6.00,-0.0000) size(hx,hy,z_top,z_base)=(2.00,2.00,0.0400,0.0001) data range=[0.000,1.000] -> surface z in [-0.0000,+0.0400]
[al] mujoco hfield geom 296: pos=(-2.00,+6.00,-0.0000) size(hx,hy,z_top,z_base)=(2.00,2.00,0.0400,0.0001) data range=[0.000,1.000] -> surface z in [-0.0000,+0.0400]
[al] mujoco hfield geom 297: pos=(+2.00,+6.00,-0.0000) size(hx,hy,z_top,z_base)=(2.00,2.00,0.0600,0.0001) data range=[0.000,1.000] -> surface z in [-0.0000,+0.0600]
[al] mujoco hfield geom 298: pos=(+6.00,+6.00,-0.0000) size(hx,hy,z_top,z_base)=(2.00,2.00,0.0600,0.0001) data range=[0.000,1.000] -> surface z in [-0.0000,+0.0600]
[al] mujoco hfield geom 299: pos=(+10.00,+6.00,-0.0000) size(hx,hy,z_top,z_base)=(2.00,2.00,0.0700,0.0001) data range=[0.000,1.000] -> surface z in [-0.0000,+0.0700]
[al] mujoco hfield geom 300: pos=(+14.00,+6.00,-0.0000) size(hx,hy,z_top,z_base)=(2.00,2.00,0.0700,0.0001) data range=[0.000,1.000] -> surface z in [-0.0000,+0.0700]
[al] mujoco hfield geom 301: pos=(+18.00,+6.00,-0.0000) size(hx,hy,z_top,z_base)=(2.00,2.00,0.0700,0.0001) data range=[0.000,1.000] -> surface z in [-0.0000,+0.0700]
[al] mujoco hfield geom 302: pos=(+22.00,+6.00,-0.0000) size(hx,hy,z_top,z_base)=(2.00,2.00,0.0700,0.0001) data range=[0.000,1.000] -> surface z in [-0.0000,+0.0700]
[al] mujoco hfield geom 303: pos=(+26.00,+6.00,-0.0000) size(hx,hy,z_top,z_base)=(2.00,2.00,0.0900,0.0001) data range=[0.000,1.000] -> surface z in [-0.0000,+0.0900]
[al] mujoco hfield geom 304: pos=(+30.00,+6.00,-0.0000) size(hx,hy,z_top,z_base)=(2.00,2.00,0.0900,0.0001) data range=[0.000,1.000] -> surface z in [-0.0000,+0.0900]
[al] mujoco hfield geom 305: pos=(+34.00,+6.00,-0.0000) size(hx,hy,z_top,z_base)=(2.00,2.00,0.0001,0.0001) data range=[0.000,1.000] -> surface z in [-0.0000,+0.0001]
[al] mujoco hfield geom 306: pos=(+38.00,+6.00,-0.0000) size(hx,hy,z_top,z_base)=(2.00,2.00,0.0001,0.0001) data range=[0.000,1.000] -> surface z in [-0.0000,+0.0001]
[al] mujoco hfield geom 307: pos=(+42.00,+6.00,-0.0000) size(hx,hy,z_top,z_base)=(2.00,2.00,0.0001,0.0001) data range=[0.000,1.000] -> surface z in [-0.0000,+0.0001]
[al] mujoco hfield geom 308: pos=(-42.00,+10.00,-0.0000) size(hx,hy,z_top,z_base)=(2.00,2.00,0.0001,0.0001) data range=[0.000,1.000] -> surface z in [-0.0000,+0.0001]
[al] mujoco hfield geom 309: pos=(-38.00,+10.00,-0.0000) size(hx,hy,z_top,z_base)=(2.00,2.00,0.0001,0.0001) data range=[0.000,1.000] -> surface z in [-0.0000,+0.0001]
[al] mujoco hfield geom 310: pos=(-34.00,+10.00,-0.0000) size(hx,hy,z_top,z_base)=(2.00,2.00,0.0001,0.0001) data range=[0.000,1.000] -> surface z in [-0.0000,+0.0001]
[al] mujoco hfield geom 311: pos=(-30.00,+10.00,-0.0000) size(hx,hy,z_top,z_base)=(2.00,2.00,0.0001,0.0001) data range=[0.000,1.000] -> surface z in [-0.0000,+0.0001]
[al] mujoco hfield geom 312: pos=(-26.00,+10.00,-0.0000) size(hx,hy,z_top,z_base)=(2.00,2.00,0.0001,0.0001) data range=[0.000,1.000] -> surface z in [-0.0000,+0.0001]
[al] mujoco hfield geom 313: pos=(-22.00,+10.00,-0.0000) size(hx,hy,z_top,z_base)=(2.00,2.00,0.0200,0.0001) data range=[0.000,1.000] -> surface z in [-0.0000,+0.0200]
[al] mujoco hfield geom 314: pos=(-18.00,+10.00,-0.0000) size(hx,hy,z_top,z_base)=(2.00,2.00,0.0200,0.0001) data range=[0.000,1.000] -> surface z in [-0.0000,+0.0200]
[al] mujoco hfield geom 315: pos=(-14.00,+10.00,-0.0000) size(hx,hy,z_top,z_base)=(2.00,2.00,0.0300,0.0001) data range=[0.000,1.000] -> surface z in [-0.0000,+0.0300]
[al] mujoco hfield geom 316: pos=(-10.00,+10.00,-0.0000) size(hx,hy,z_top,z_base)=(2.00,2.00,0.0300,0.0001) data range=[0.000,1.000] -> surface z in [-0.0000,+0.0300]
[al] mujoco hfield geom 317: pos=(-6.00,+10.00,-0.0000) size(hx,hy,z_top,z_base)=(2.00,2.00,0.0400,0.0001) data range=[0.000,1.000] -> surface z in [-0.0000,+0.0400]
[al] mujoco hfield geom 318: pos=(-2.00,+10.00,+0.0000) size(hx,hy,z_top,z_base)=(2.00,2.00,0.0400,0.0001) data range=[0.000,1.000] -> surface z in [+0.0000,+0.0400]
[al] mujoco hfield geom 319: pos=(+2.00,+10.00,-0.0000) size(hx,hy,z_top,z_base)=(2.00,2.00,0.0600,0.0001) data range=[0.000,1.000] -> surface z in [-0.0000,+0.0600]
[al] mujoco hfield geom 320: pos=(+6.00,+10.00,-0.0000) size(hx,hy,z_top,z_base)=(2.00,2.00,0.0600,0.0001) data range=[0.000,1.000] -> surface z in [-0.0000,+0.0600]
[al] mujoco hfield geom 321: pos=(+10.00,+10.00,-0.0000) size(hx,hy,z_top,z_base)=(2.00,2.00,0.0700,0.0001) data range=[0.000,1.000] -> surface z in [-0.0000,+0.0700]
[al] mujoco hfield geom 322: pos=(+14.00,+10.00,-0.0000) size(hx,hy,z_top,z_base)=(2.00,2.00,0.0700,0.0001) data range=[0.000,1.000] -> surface z in [-0.0000,+0.0700]
[al] mujoco hfield geom 323: pos=(+18.00,+10.00,-0.0000) size(hx,hy,z_top,z_base)=(2.00,2.00,0.0700,0.0001) data range=[0.000,1.000] -> surface z in [-0.0000,+0.0700]
[al] mujoco hfield geom 324: pos=(+22.00,+10.00,-0.0000) size(hx,hy,z_top,z_base)=(2.00,2.00,0.0700,0.0001) data range=[0.000,1.000] -> surface z in [-0.0000,+0.0700]
[al] mujoco hfield geom 325: pos=(+26.00,+10.00,-0.0000) size(hx,hy,z_top,z_base)=(2.00,2.00,0.0900,0.0001) data range=[0.000,1.000] -> surface z in [-0.0000,+0.0900]
[al] mujoco hfield geom 326: pos=(+30.00,+10.00,-0.0000) size(hx,hy,z_top,z_base)=(2.00,2.00,0.0900,0.0001) data range=[0.000,1.000] -> surface z in [-0.0000,+0.0900]
[al] mujoco hfield geom 327: pos=(+34.00,+10.00,-0.0000) size(hx,hy,z_top,z_base)=(2.00,2.00,0.0001,0.0001) data range=[0.000,1.000] -> surface z in [-0.0000,+0.0001]
[al] mujoco hfield geom 328: pos=(+38.00,+10.00,-0.0000) size(hx,hy,z_top,z_base)=(2.00,2.00,0.0001,0.0001) data range=[0.000,1.000] -> surface z in [-0.0000,+0.0001]
[al] mujoco hfield geom 329: pos=(+42.00,+10.00,-0.0000) size(hx,hy,z_top,z_base)=(2.00,2.00,0.0001,0.0001) data range=[0.000,1.000] -> surface z in [-0.0000,+0.0001]
[al] mujoco hfield geom 330: pos=(-42.00,+14.00,-0.0000) size(hx,hy,z_top,z_base)=(2.00,2.00,0.0001,0.0001) data range=[0.000,1.000] -> surface z in [-0.0000,+0.0001]
[al] mujoco hfield geom 331: pos=(-38.00,+14.00,-0.0000) size(hx,hy,z_top,z_base)=(2.00,2.00,0.0001,0.0001) data range=[0.000,1.000] -> surface z in [-0.0000,+0.0001]
[al] mujoco hfield geom 332: pos=(-34.00,+14.00,-0.0000) size(hx,hy,z_top,z_base)=(2.00,2.00,0.0001,0.0001) data range=[0.000,1.000] -> surface z in [-0.0000,+0.0001]
[al] mujoco hfield geom 333: pos=(-30.00,+14.00,-0.0200) size(hx,hy,z_top,z_base)=(2.00,2.00,0.0400,0.0001) data range=[0.000,1.000] -> surface z in [-0.0200,+0.0200]
[al] mujoco hfield geom 334: pos=(-26.00,+14.00,-0.0200) size(hx,hy,z_top,z_base)=(2.00,2.00,0.0400,0.0001) data range=[0.000,1.000] -> surface z in [-0.0200,+0.0200]
[al] mujoco hfield geom 335: pos=(-22.00,+14.00,-0.0200) size(hx,hy,z_top,z_base)=(2.00,2.00,0.0400,0.0001) data range=[0.000,1.000] -> surface z in [-0.0200,+0.0200]
[al] mujoco hfield geom 336: pos=(-18.00,+14.00,-0.0200) size(hx,hy,z_top,z_base)=(2.00,2.00,0.0400,0.0001) data range=[0.000,1.000] -> surface z in [-0.0200,+0.0200]
[al] mujoco hfield geom 337: pos=(-14.00,+14.00,-0.0400) size(hx,hy,z_top,z_base)=(2.00,2.00,0.0800,0.0001) data range=[0.000,1.000] -> surface z in [-0.0400,+0.0400]
[al] mujoco hfield geom 338: pos=(-10.00,+14.00,-0.0400) size(hx,hy,z_top,z_base)=(2.00,2.00,0.0800,0.0001) data range=[0.000,1.000] -> surface z in [-0.0400,+0.0400]
[al] mujoco hfield geom 339: pos=(-6.00,+14.00,-0.0600) size(hx,hy,z_top,z_base)=(2.00,2.00,0.1200,0.0001) data range=[0.000,1.000] -> surface z in [-0.0600,+0.0600]
[al] mujoco hfield geom 340: pos=(-2.00,+14.00,-0.0600) size(hx,hy,z_top,z_base)=(2.00,2.00,0.1200,0.0001) data range=[0.000,1.000] -> surface z in [-0.0600,+0.0600]
[al] mujoco hfield geom 341: pos=(+2.00,+14.00,-0.0800) size(hx,hy,z_top,z_base)=(2.00,2.00,0.1600,0.0001) data range=[0.000,1.000] -> surface z in [-0.0800,+0.0800]
[al] mujoco hfield geom 342: pos=(+6.00,+14.00,-0.0800) size(hx,hy,z_top,z_base)=(2.00,2.00,0.1600,0.0001) data range=[0.000,1.000] -> surface z in [-0.0800,+0.0800]
[al] mujoco hfield geom 343: pos=(+10.00,+14.00,-0.1000) size(hx,hy,z_top,z_base)=(2.00,2.00,0.2000,0.0001) data range=[0.000,1.000] -> surface z in [-0.1000,+0.1000]
[al] mujoco hfield geom 344: pos=(+14.00,+14.00,-0.1000) size(hx,hy,z_top,z_base)=(2.00,2.00,0.2000,0.0001) data range=[0.000,1.000] -> surface z in [-0.1000,+0.1000]
[al] mujoco hfield geom 345: pos=(+18.00,+14.00,-0.1200) size(hx,hy,z_top,z_base)=(2.00,2.00,0.2400,0.0001) data range=[0.000,1.000] -> surface z in [-0.1200,+0.1200]
[al] mujoco hfield geom 346: pos=(+22.00,+14.00,-0.1200) size(hx,hy,z_top,z_base)=(2.00,2.00,0.2400,0.0001) data range=[0.000,1.000] -> surface z in [-0.1200,+0.1200]
[al] mujoco hfield geom 347: pos=(+26.00,+14.00,-0.1400) size(hx,hy,z_top,z_base)=(2.00,2.00,0.2800,0.0001) data range=[0.000,1.000] -> surface z in [-0.1400,+0.1400]
[al] mujoco hfield geom 348: pos=(+30.00,+14.00,-0.1400) size(hx,hy,z_top,z_base)=(2.00,2.00,0.2800,0.0001) data range=[0.000,1.000] -> surface z in [-0.1400,+0.1400]
[al] mujoco hfield geom 349: pos=(+34.00,+14.00,-0.0000) size(hx,hy,z_top,z_base)=(2.00,2.00,0.0001,0.0001) data range=[0.000,1.000] -> surface z in [-0.0000,+0.0001]
[al] mujoco hfield geom 350: pos=(+38.00,+14.00,-0.0000) size(hx,hy,z_top,z_base)=(2.00,2.00,0.0001,0.0001) data range=[0.000,1.000] -> surface z in [-0.0000,+0.0001]
[al] mujoco hfield geom 351: pos=(+42.00,+14.00,-0.0000) size(hx,hy,z_top,z_base)=(2.00,2.00,0.0001,0.0001) data range=[0.000,1.000] -> surface z in [-0.0000,+0.0001]
[al] mujoco hfield geom 352: pos=(-42.00,+18.00,-0.0000) size(hx,hy,z_top,z_base)=(2.00,2.00,0.0001,0.0001) data range=[0.000,1.000] -> surface z in [-0.0000,+0.0001]
[al] mujoco hfield geom 353: pos=(-38.00,+18.00,-0.0000) size(hx,hy,z_top,z_base)=(2.00,2.00,0.0001,0.0001) data range=[0.000,1.000] -> surface z in [-0.0000,+0.0001]
[al] mujoco hfield geom 354: pos=(-34.00,+18.00,-0.0000) size(hx,hy,z_top,z_base)=(2.00,2.00,0.0001,0.0001) data range=[0.000,1.000] -> surface z in [-0.0000,+0.0001]
[al] mujoco hfield geom 355: pos=(-30.00,+18.00,-0.0200) size(hx,hy,z_top,z_base)=(2.00,2.00,0.0400,0.0001) data range=[0.000,1.000] -> surface z in [-0.0200,+0.0200]
[al] mujoco hfield geom 356: pos=(-26.00,+18.00,-0.0200) size(hx,hy,z_top,z_base)=(2.00,2.00,0.0400,0.0001) data range=[0.000,1.000] -> surface z in [-0.0200,+0.0200]
[al] mujoco hfield geom 357: pos=(-22.00,+18.00,-0.0200) size(hx,hy,z_top,z_base)=(2.00,2.00,0.0400,0.0001) data range=[0.000,1.000] -> surface z in [-0.0200,+0.0200]
[al] mujoco hfield geom 358: pos=(-18.00,+18.00,-0.0200) size(hx,hy,z_top,z_base)=(2.00,2.00,0.0400,0.0001) data range=[0.000,1.000] -> surface z in [-0.0200,+0.0200]
[al] mujoco hfield geom 359: pos=(-14.00,+18.00,-0.0400) size(hx,hy,z_top,z_base)=(2.00,2.00,0.0800,0.0001) data range=[0.000,1.000] -> surface z in [-0.0400,+0.0400]
[al] mujoco hfield geom 360: pos=(-10.00,+18.00,-0.0400) size(hx,hy,z_top,z_base)=(2.00,2.00,0.0800,0.0001) data range=[0.000,1.000] -> surface z in [-0.0400,+0.0400]
[al] mujoco hfield geom 361: pos=(-6.00,+18.00,-0.0600) size(hx,hy,z_top,z_base)=(2.00,2.00,0.1200,0.0001) data range=[0.000,1.000] -> surface z in [-0.0600,+0.0600]
[al] mujoco hfield geom 362: pos=(-2.00,+18.00,-0.0600) size(hx,hy,z_top,z_base)=(2.00,2.00,0.1200,0.0001) data range=[0.000,1.000] -> surface z in [-0.0600,+0.0600]
[al] mujoco hfield geom 363: pos=(+2.00,+18.00,-0.0800) size(hx,hy,z_top,z_base)=(2.00,2.00,0.1600,0.0001) data range=[0.000,1.000] -> surface z in [-0.0800,+0.0800]
[al] mujoco hfield geom 364: pos=(+6.00,+18.00,-0.0800) size(hx,hy,z_top,z_base)=(2.00,2.00,0.1600,0.0001) data range=[0.000,1.000] -> surface z in [-0.0800,+0.0800]
[al] mujoco hfield geom 365: pos=(+10.00,+18.00,-0.1000) size(hx,hy,z_top,z_base)=(2.00,2.00,0.2000,0.0001) data range=[0.000,1.000] -> surface z in [-0.1000,+0.1000]
[al] mujoco hfield geom 366: pos=(+14.00,+18.00,-0.1000) size(hx,hy,z_top,z_base)=(2.00,2.00,0.2000,0.0001) data range=[0.000,1.000] -> surface z in [-0.1000,+0.1000]
[al] mujoco hfield geom 367: pos=(+18.00,+18.00,-0.1200) size(hx,hy,z_top,z_base)=(2.00,2.00,0.2400,0.0001) data range=[0.000,1.000] -> surface z in [-0.1200,+0.1200]
[al] mujoco hfield geom 368: pos=(+22.00,+18.00,-0.1200) size(hx,hy,z_top,z_base)=(2.00,2.00,0.2400,0.0001) data range=[0.000,1.000] -> surface z in [-0.1200,+0.1200]
[al] mujoco hfield geom 369: pos=(+26.00,+18.00,-0.1400) size(hx,hy,z_top,z_base)=(2.00,2.00,0.2800,0.0001) data range=[0.000,1.000] -> surface z in [-0.1400,+0.1400]
[al] mujoco hfield geom 370: pos=(+30.00,+18.00,-0.1400) size(hx,hy,z_top,z_base)=(2.00,2.00,0.2800,0.0001) data range=[0.000,1.000] -> surface z in [-0.1400,+0.1400]
[al] mujoco hfield geom 371: pos=(+34.00,+18.00,-0.0000) size(hx,hy,z_top,z_base)=(2.00,2.00,0.0001,0.0001) data range=[0.000,1.000] -> surface z in [-0.0000,+0.0001]
[al] mujoco hfield geom 372: pos=(+38.00,+18.00,-0.0000) size(hx,hy,z_top,z_base)=(2.00,2.00,0.0001,0.0001) data range=[0.000,1.000] -> surface z in [-0.0000,+0.0001]
[al] mujoco hfield geom 373: pos=(+42.00,+18.00,-0.0000) size(hx,hy,z_top,z_base)=(2.00,2.00,0.0001,0.0001) data range=[0.000,1.000] -> surface z in [-0.0000,+0.0001]
[al] mujoco hfield geom 374: pos=(-42.00,+22.00,-0.0000) size(hx,hy,z_top,z_base)=(2.00,2.00,0.0001,0.0001) data range=[0.000,1.000] -> surface z in [-0.0000,+0.0001]
[al] mujoco hfield geom 375: pos=(-38.00,+22.00,-0.0000) size(hx,hy,z_top,z_base)=(2.00,2.00,0.0001,0.0001) data range=[0.000,1.000] -> surface z in [-0.0000,+0.0001]
[al] mujoco hfield geom 376: pos=(-34.00,+22.00,-0.0000) size(hx,hy,z_top,z_base)=(2.00,2.00,0.0001,0.0001) data range=[0.000,1.000] -> surface z in [-0.0000,+0.0001]
[al] mujoco hfield geom 377: pos=(-30.00,+22.00,+0.0000) size(hx,hy,z_top,z_base)=(2.00,2.00,0.0001,0.0001) data range=[0.000,1.000] -> surface z in [+0.0000,+0.0001]
[al] mujoco hfield geom 378: pos=(-26.00,+22.00,+0.0000) size(hx,hy,z_top,z_base)=(2.00,2.00,0.0001,0.0001) data range=[0.000,1.000] -> surface z in [+0.0000,+0.0001]
[al] mujoco hfield geom 379: pos=(-22.00,+22.00,-0.0200) size(hx,hy,z_top,z_base)=(2.00,2.00,0.0400,0.0001) data range=[0.000,1.000] -> surface z in [-0.0200,+0.0200]
[al] mujoco hfield geom 380: pos=(-18.00,+22.00,-0.0200) size(hx,hy,z_top,z_base)=(2.00,2.00,0.0400,0.0001) data range=[0.000,1.000] -> surface z in [-0.0200,+0.0200]
[al] mujoco hfield geom 381: pos=(-14.00,+22.00,-0.0400) size(hx,hy,z_top,z_base)=(2.00,2.00,0.0800,0.0001) data range=[0.000,1.000] -> surface z in [-0.0400,+0.0400]
[al] mujoco hfield geom 382: pos=(-10.00,+22.00,-0.0400) size(hx,hy,z_top,z_base)=(2.00,2.00,0.0800,0.0001) data range=[0.000,1.000] -> surface z in [-0.0400,+0.0400]
[al] mujoco hfield geom 383: pos=(-6.00,+22.00,-0.0600) size(hx,hy,z_top,z_base)=(2.00,2.00,0.1200,0.0001) data range=[0.000,1.000] -> surface z in [-0.0600,+0.0600]
[al] mujoco hfield geom 384: pos=(-2.00,+22.00,-0.0600) size(hx,hy,z_top,z_base)=(2.00,2.00,0.1200,0.0001) data range=[0.000,1.000] -> surface z in [-0.0600,+0.0600]
[al] mujoco hfield geom 385: pos=(+2.00,+22.00,-0.0800) size(hx,hy,z_top,z_base)=(2.00,2.00,0.1600,0.0001) data range=[0.000,1.000] -> surface z in [-0.0800,+0.0800]
[al] mujoco hfield geom 386: pos=(+6.00,+22.00,-0.0800) size(hx,hy,z_top,z_base)=(2.00,2.00,0.1600,0.0001) data range=[0.000,1.000] -> surface z in [-0.0800,+0.0800]
[al] mujoco hfield geom 387: pos=(+10.00,+22.00,-0.1000) size(hx,hy,z_top,z_base)=(2.00,2.00,0.2000,0.0001) data range=[0.000,1.000] -> surface z in [-0.1000,+0.1000]
[al] mujoco hfield geom 388: pos=(+14.00,+22.00,-0.1000) size(hx,hy,z_top,z_base)=(2.00,2.00,0.2000,0.0001) data range=[0.000,1.000] -> surface z in [-0.1000,+0.1000]
[al] mujoco hfield geom 389: pos=(+18.00,+22.00,-0.1200) size(hx,hy,z_top,z_base)=(2.00,2.00,0.2400,0.0001) data range=[0.000,1.000] -> surface z in [-0.1200,+0.1200]
[al] mujoco hfield geom 390: pos=(+22.00,+22.00,-0.1200) size(hx,hy,z_top,z_base)=(2.00,2.00,0.2400,0.0001) data range=[0.000,1.000] -> surface z in [-0.1200,+0.1200]
[al] mujoco hfield geom 391: pos=(+26.00,+22.00,-0.1400) size(hx,hy,z_top,z_base)=(2.00,2.00,0.2800,0.0001) data range=[0.000,1.000] -> surface z in [-0.1400,+0.1400]
[al] mujoco hfield geom 392: pos=(+30.00,+22.00,-0.1400) size(hx,hy,z_top,z_base)=(2.00,2.00,0.2800,0.0001) data range=[0.000,1.000] -> surface z in [-0.1400,+0.1400]
[al] mujoco hfield geom 393: pos=(+34.00,+22.00,-0.0000) size(hx,hy,z_top,z_base)=(2.00,2.00,0.0001,0.0001) data range=[0.000,1.000] -> surface z in [-0.0000,+0.0001]
[al] mujoco hfield geom 394: pos=(+38.00,+22.00,-0.0000) size(hx,hy,z_top,z_base)=(2.00,2.00,0.0001,0.0001) data range=[0.000,1.000] -> surface z in [-0.0000,+0.0001]
[al] mujoco hfield geom 395: pos=(+42.00,+22.00,-0.0000) size(hx,hy,z_top,z_base)=(2.00,2.00,0.0001,0.0001) data range=[0.000,1.000] -> surface z in [-0.0000,+0.0001]
[al] mujoco hfield geom 396: pos=(-42.00,+26.00,-0.0000) size(hx,hy,z_top,z_base)=(2.00,2.00,0.0001,0.0001) data range=[0.000,1.000] -> surface z in [-0.0000,+0.0001]
[al] mujoco hfield geom 397: pos=(-38.00,+26.00,-0.0000) size(hx,hy,z_top,z_base)=(2.00,2.00,0.0001,0.0001) data range=[0.000,1.000] -> surface z in [-0.0000,+0.0001]
[al] mujoco hfield geom 398: pos=(-34.00,+26.00,-0.0000) size(hx,hy,z_top,z_base)=(2.00,2.00,0.0001,0.0001) data range=[0.000,1.000] -> surface z in [-0.0000,+0.0001]
[al] mujoco hfield geom 399: pos=(-30.00,+26.00,+0.0000) size(hx,hy,z_top,z_base)=(2.00,2.00,0.0001,0.0001) data range=[0.000,1.000] -> surface z in [+0.0000,+0.0001]
[al] mujoco hfield geom 400: pos=(-26.00,+26.00,+0.0000) size(hx,hy,z_top,z_base)=(2.00,2.00,0.0001,0.0001) data range=[0.000,1.000] -> surface z in [+0.0000,+0.0001]
[al] mujoco hfield geom 401: pos=(-22.00,+26.00,-0.0200) size(hx,hy,z_top,z_base)=(2.00,2.00,0.0400,0.0001) data range=[0.000,1.000] -> surface z in [-0.0200,+0.0200]
[al] mujoco hfield geom 402: pos=(-18.00,+26.00,-0.0200) size(hx,hy,z_top,z_base)=(2.00,2.00,0.0400,0.0001) data range=[0.000,1.000] -> surface z in [-0.0200,+0.0200]
[al] mujoco hfield geom 403: pos=(-14.00,+26.00,-0.0400) size(hx,hy,z_top,z_base)=(2.00,2.00,0.0800,0.0001) data range=[0.000,1.000] -> surface z in [-0.0400,+0.0400]
[al] mujoco hfield geom 404: pos=(-10.00,+26.00,-0.0400) size(hx,hy,z_top,z_base)=(2.00,2.00,0.0800,0.0001) data range=[0.000,1.000] -> surface z in [-0.0400,+0.0400]
[al] mujoco hfield geom 405: pos=(-6.00,+26.00,-0.0600) size(hx,hy,z_top,z_base)=(2.00,2.00,0.1200,0.0001) data range=[0.000,1.000] -> surface z in [-0.0600,+0.0600]
[al] mujoco hfield geom 406: pos=(-2.00,+26.00,-0.0600) size(hx,hy,z_top,z_base)=(2.00,2.00,0.1200,0.0001) data range=[0.000,1.000] -> surface z in [-0.0600,+0.0600]
[al] mujoco hfield geom 407: pos=(+2.00,+26.00,-0.0800) size(hx,hy,z_top,z_base)=(2.00,2.00,0.1600,0.0001) data range=[0.000,1.000] -> surface z in [-0.0800,+0.0800]
[al] mujoco hfield geom 408: pos=(+6.00,+26.00,-0.0800) size(hx,hy,z_top,z_base)=(2.00,2.00,0.1600,0.0001) data range=[0.000,1.000] -> surface z in [-0.0800,+0.0800]
[al] mujoco hfield geom 409: pos=(+10.00,+26.00,-0.1000) size(hx,hy,z_top,z_base)=(2.00,2.00,0.2000,0.0001) data range=[0.000,1.000] -> surface z in [-0.1000,+0.1000]
[al] mujoco hfield geom 410: pos=(+14.00,+26.00,-0.1000) size(hx,hy,z_top,z_base)=(2.00,2.00,0.2000,0.0001) data range=[0.000,1.000] -> surface z in [-0.1000,+0.1000]
[al] mujoco hfield geom 411: pos=(+18.00,+26.00,-0.1200) size(hx,hy,z_top,z_base)=(2.00,2.00,0.2400,0.0001) data range=[0.000,1.000] -> surface z in [-0.1200,+0.1200]
[al] mujoco hfield geom 412: pos=(+22.00,+26.00,-0.1200) size(hx,hy,z_top,z_base)=(2.00,2.00,0.2400,0.0001) data range=[0.000,1.000] -> surface z in [-0.1200,+0.1200]
[al] mujoco hfield geom 413: pos=(+26.00,+26.00,-0.1400) size(hx,hy,z_top,z_base)=(2.00,2.00,0.2800,0.0001) data range=[0.000,1.000] -> surface z in [-0.1400,+0.1400]
[al] mujoco hfield geom 414: pos=(+30.00,+26.00,-0.1400) size(hx,hy,z_top,z_base)=(2.00,2.00,0.2800,0.0001) data range=[0.000,1.000] -> surface z in [-0.1400,+0.1400]
[al] mujoco hfield geom 415: pos=(+34.00,+26.00,-0.0000) size(hx,hy,z_top,z_base)=(2.00,2.00,0.0001,0.0001) data range=[0.000,1.000] -> surface z in [-0.0000,+0.0001]
[al] mujoco hfield geom 416: pos=(+38.00,+26.00,-0.0000) size(hx,hy,z_top,z_base)=(2.00,2.00,0.0001,0.0001) data range=[0.000,1.000] -> surface z in [-0.0000,+0.0001]
[al] mujoco hfield geom 417: pos=(+42.00,+26.00,-0.0000) size(hx,hy,z_top,z_base)=(2.00,2.00,0.0001,0.0001) data range=[0.000,1.000] -> surface z in [-0.0000,+0.0001]
[al] mujoco hfield geom 418: pos=(-42.00,+30.00,-0.0000) size(hx,hy,z_top,z_base)=(2.00,2.00,0.0001,0.0001) data range=[0.000,1.000] -> surface z in [-0.0000,+0.0001]
[al] mujoco hfield geom 419: pos=(-38.00,+30.00,-0.0000) size(hx,hy,z_top,z_base)=(2.00,2.00,0.0001,0.0001) data range=[0.000,1.000] -> surface z in [-0.0000,+0.0001]
[al] mujoco hfield geom 420: pos=(-34.00,+30.00,-0.0000) size(hx,hy,z_top,z_base)=(2.00,2.00,0.0001,0.0001) data range=[0.000,1.000] -> surface z in [-0.0000,+0.0001]
[al] mujoco hfield geom 421: pos=(-30.00,+30.00,-0.0200) size(hx,hy,z_top,z_base)=(2.00,2.00,0.0400,0.0001) data range=[0.000,1.000] -> surface z in [-0.0200,+0.0200]
[al] mujoco hfield geom 422: pos=(-26.00,+30.00,-0.0200) size(hx,hy,z_top,z_base)=(2.00,2.00,0.0400,0.0001) data range=[0.000,1.000] -> surface z in [-0.0200,+0.0200]
[al] mujoco hfield geom 423: pos=(-22.00,+30.00,-0.0200) size(hx,hy,z_top,z_base)=(2.00,2.00,0.0400,0.0001) data range=[0.000,1.000] -> surface z in [-0.0200,+0.0200]
[al] mujoco hfield geom 424: pos=(-18.00,+30.00,-0.0200) size(hx,hy,z_top,z_base)=(2.00,2.00,0.0400,0.0001) data range=[0.000,1.000] -> surface z in [-0.0200,+0.0200]
[al] mujoco hfield geom 425: pos=(-14.00,+30.00,-0.0400) size(hx,hy,z_top,z_base)=(2.00,2.00,0.0800,0.0001) data range=[0.000,1.000] -> surface z in [-0.0400,+0.0400]
[al] mujoco hfield geom 426: pos=(-10.00,+30.00,-0.0400) size(hx,hy,z_top,z_base)=(2.00,2.00,0.0800,0.0001) data range=[0.000,1.000] -> surface z in [-0.0400,+0.0400]
[al] mujoco hfield geom 427: pos=(-6.00,+30.00,-0.0600) size(hx,hy,z_top,z_base)=(2.00,2.00,0.1200,0.0001) data range=[0.000,1.000] -> surface z in [-0.0600,+0.0600]
[al] mujoco hfield geom 428: pos=(-2.00,+30.00,-0.0600) size(hx,hy,z_top,z_base)=(2.00,2.00,0.1200,0.0001) data range=[0.000,1.000] -> surface z in [-0.0600,+0.0600]
[al] mujoco hfield geom 429: pos=(+2.00,+30.00,-0.0800) size(hx,hy,z_top,z_base)=(2.00,2.00,0.1600,0.0001) data range=[0.000,1.000] -> surface z in [-0.0800,+0.0800]
[al] mujoco hfield geom 430: pos=(+6.00,+30.00,-0.0800) size(hx,hy,z_top,z_base)=(2.00,2.00,0.1600,0.0001) data range=[0.000,1.000] -> surface z in [-0.0800,+0.0800]
[al] mujoco hfield geom 431: pos=(+10.00,+30.00,-0.1000) size(hx,hy,z_top,z_base)=(2.00,2.00,0.2000,0.0001) data range=[0.000,1.000] -> surface z in [-0.1000,+0.1000]
[al] mujoco hfield geom 432: pos=(+14.00,+30.00,-0.1000) size(hx,hy,z_top,z_base)=(2.00,2.00,0.2000,0.0001) data range=[0.000,1.000] -> surface z in [-0.1000,+0.1000]
[al] mujoco hfield geom 433: pos=(+18.00,+30.00,-0.1000) size(hx,hy,z_top,z_base)=(2.00,2.00,0.2000,0.0001) data range=[0.000,1.000] -> surface z in [-0.1000,+0.1000]
[al] mujoco hfield geom 434: pos=(+22.00,+30.00,-0.1000) size(hx,hy,z_top,z_base)=(2.00,2.00,0.2000,0.0001) data range=[0.000,1.000] -> surface z in [-0.1000,+0.1000]
[al] mujoco hfield geom 435: pos=(+26.00,+30.00,-0.1200) size(hx,hy,z_top,z_base)=(2.00,2.00,0.2400,0.0001) data range=[0.000,1.000] -> surface z in [-0.1200,+0.1200]
[al] mujoco hfield geom 436: pos=(+30.00,+30.00,-0.1200) size(hx,hy,z_top,z_base)=(2.00,2.00,0.2400,0.0001) data range=[0.000,1.000] -> surface z in [-0.1200,+0.1200]
[al] mujoco hfield geom 437: pos=(+34.00,+30.00,-0.0000) size(hx,hy,z_top,z_base)=(2.00,2.00,0.0001,0.0001) data range=[0.000,1.000] -> surface z in [-0.0000,+0.0001]
[al] mujoco hfield geom 438: pos=(+38.00,+30.00,-0.0000) size(hx,hy,z_top,z_base)=(2.00,2.00,0.0001,0.0001) data range=[0.000,1.000] -> surface z in [-0.0000,+0.0001]
[al] mujoco hfield geom 439: pos=(+42.00,+30.00,-0.0000) size(hx,hy,z_top,z_base)=(2.00,2.00,0.0001,0.0001) data range=[0.000,1.000] -> surface z in [-0.0000,+0.0001]
[al] mujoco hfield geom 440: pos=(-42.00,+34.00,-0.0000) size(hx,hy,z_top,z_base)=(2.00,2.00,0.0001,0.0001) data range=[0.000,1.000] -> surface z in [-0.0000,+0.0001]
[al] mujoco hfield geom 441: pos=(-38.00,+34.00,-0.0000) size(hx,hy,z_top,z_base)=(2.00,2.00,0.0001,0.0001) data range=[0.000,1.000] -> surface z in [-0.0000,+0.0001]
[al] mujoco hfield geom 442: pos=(-34.00,+34.00,-0.0000) size(hx,hy,z_top,z_base)=(2.00,2.00,0.0001,0.0001) data range=[0.000,1.000] -> surface z in [-0.0000,+0.0001]
[al] mujoco hfield geom 443: pos=(-30.00,+34.00,-0.0200) size(hx,hy,z_top,z_base)=(2.00,2.00,0.0400,0.0001) data range=[0.000,1.000] -> surface z in [-0.0200,+0.0200]
[al] mujoco hfield geom 444: pos=(-26.00,+34.00,-0.0200) size(hx,hy,z_top,z_base)=(2.00,2.00,0.0400,0.0001) data range=[0.000,1.000] -> surface z in [-0.0200,+0.0200]
[al] mujoco hfield geom 445: pos=(-22.00,+34.00,-0.0200) size(hx,hy,z_top,z_base)=(2.00,2.00,0.0400,0.0001) data range=[0.000,1.000] -> surface z in [-0.0200,+0.0200]
[al] mujoco hfield geom 446: pos=(-18.00,+34.00,-0.0200) size(hx,hy,z_top,z_base)=(2.00,2.00,0.0400,0.0001) data range=[0.000,1.000] -> surface z in [-0.0200,+0.0200]
[al] mujoco hfield geom 447: pos=(-14.00,+34.00,-0.0400) size(hx,hy,z_top,z_base)=(2.00,2.00,0.0800,0.0001) data range=[0.000,1.000] -> surface z in [-0.0400,+0.0400]
[al] mujoco hfield geom 448: pos=(-10.00,+34.00,-0.0400) size(hx,hy,z_top,z_base)=(2.00,2.00,0.0800,0.0001) data range=[0.000,1.000] -> surface z in [-0.0400,+0.0400]
[al] mujoco hfield geom 449: pos=(-6.00,+34.00,-0.0600) size(hx,hy,z_top,z_base)=(2.00,2.00,0.1200,0.0001) data range=[0.000,1.000] -> surface z in [-0.0600,+0.0600]
[al] mujoco hfield geom 450: pos=(-2.00,+34.00,-0.0600) size(hx,hy,z_top,z_base)=(2.00,2.00,0.1200,0.0001) data range=[0.000,1.000] -> surface z in [-0.0600,+0.0600]
[al] mujoco hfield geom 451: pos=(+2.00,+34.00,-0.0800) size(hx,hy,z_top,z_base)=(2.00,2.00,0.1600,0.0001) data range=[0.000,1.000] -> surface z in [-0.0800,+0.0800]
[al] mujoco hfield geom 452: pos=(+6.00,+34.00,-0.0800) size(hx,hy,z_top,z_base)=(2.00,2.00,0.1600,0.0001) data range=[0.000,1.000] -> surface z in [-0.0800,+0.0800]
[al] mujoco hfield geom 453: pos=(+10.00,+34.00,-0.1000) size(hx,hy,z_top,z_base)=(2.00,2.00,0.2000,0.0001) data range=[0.000,1.000] -> surface z in [-0.1000,+0.1000]
[al] mujoco hfield geom 454: pos=(+14.00,+34.00,-0.1000) size(hx,hy,z_top,z_base)=(2.00,2.00,0.2000,0.0001) data range=[0.000,1.000] -> surface z in [-0.1000,+0.1000]
[al] mujoco hfield geom 455: pos=(+18.00,+34.00,-0.1000) size(hx,hy,z_top,z_base)=(2.00,2.00,0.2000,0.0001) data range=[0.000,1.000] -> surface z in [-0.1000,+0.1000]
[al] mujoco hfield geom 456: pos=(+22.00,+34.00,-0.1000) size(hx,hy,z_top,z_base)=(2.00,2.00,0.2000,0.0001) data range=[0.000,1.000] -> surface z in [-0.1000,+0.1000]
[al] mujoco hfield geom 457: pos=(+26.00,+34.00,-0.1200) size(hx,hy,z_top,z_base)=(2.00,2.00,0.2400,0.0001) data range=[0.000,1.000] -> surface z in [-0.1200,+0.1200]
[al] mujoco hfield geom 458: pos=(+30.00,+34.00,-0.1200) size(hx,hy,z_top,z_base)=(2.00,2.00,0.2400,0.0001) data range=[0.000,1.000] -> surface z in [-0.1200,+0.1200]
[al] mujoco hfield geom 459: pos=(+34.00,+34.00,-0.0000) size(hx,hy,z_top,z_base)=(2.00,2.00,0.0001,0.0001) data range=[0.000,1.000] -> surface z in [-0.0000,+0.0001]
[al] mujoco hfield geom 460: pos=(+38.00,+34.00,-0.0000) size(hx,hy,z_top,z_base)=(2.00,2.00,0.0001,0.0001) data range=[0.000,1.000] -> surface z in [-0.0000,+0.0001]
[al] mujoco hfield geom 461: pos=(+42.00,+34.00,-0.0000) size(hx,hy,z_top,z_base)=(2.00,2.00,0.0001,0.0001) data range=[0.000,1.000] -> surface z in [-0.0000,+0.0001]
[al] mujoco hfield geom 462: pos=(-42.00,+38.00,-0.0000) size(hx,hy,z_top,z_base)=(2.00,2.00,0.0001,0.0001) data range=[0.000,1.000] -> surface z in [-0.0000,+0.0001]
[al] mujoco hfield geom 463: pos=(-38.00,+38.00,-0.0000) size(hx,hy,z_top,z_base)=(2.00,2.00,0.0001,0.0001) data range=[0.000,1.000] -> surface z in [-0.0000,+0.0001]
[al] mujoco hfield geom 464: pos=(-34.00,+38.00,-0.0000) size(hx,hy,z_top,z_base)=(2.00,2.00,0.0001,0.0001) data range=[0.000,1.000] -> surface z in [-0.0000,+0.0001]
[al] mujoco hfield geom 465: pos=(-30.00,+38.00,-0.0000) size(hx,hy,z_top,z_base)=(2.00,2.00,0.0001,0.0001) data range=[0.000,1.000] -> surface z in [-0.0000,+0.0001]
[al] mujoco hfield geom 466: pos=(-26.00,+38.00,-0.0000) size(hx,hy,z_top,z_base)=(2.00,2.00,0.0001,0.0001) data range=[0.000,1.000] -> surface z in [-0.0000,+0.0001]
[al] mujoco hfield geom 467: pos=(-22.00,+38.00,-0.0000) size(hx,hy,z_top,z_base)=(2.00,2.00,0.0001,0.0001) data range=[0.000,1.000] -> surface z in [-0.0000,+0.0001]
[al] mujoco hfield geom 468: pos=(-18.00,+38.00,-0.0000) size(hx,hy,z_top,z_base)=(2.00,2.00,0.0001,0.0001) data range=[0.000,1.000] -> surface z in [-0.0000,+0.0001]
[al] mujoco hfield geom 469: pos=(-14.00,+38.00,-0.0000) size(hx,hy,z_top,z_base)=(2.00,2.00,0.0001,0.0001) data range=[0.000,1.000] -> surface z in [-0.0000,+0.0001]
[al] mujoco hfield geom 470: pos=(-10.00,+38.00,-0.0000) size(hx,hy,z_top,z_base)=(2.00,2.00,0.0001,0.0001) data range=[0.000,1.000] -> surface z in [-0.0000,+0.0001]
[al] mujoco hfield geom 471: pos=(-6.00,+38.00,-0.0000) size(hx,hy,z_top,z_base)=(2.00,2.00,0.0001,0.0001) data range=[0.000,1.000] -> surface z in [-0.0000,+0.0001]
[al] mujoco hfield geom 472: pos=(-2.00,+38.00,-0.0000) size(hx,hy,z_top,z_base)=(2.00,2.00,0.0001,0.0001) data range=[0.000,1.000] -> surface z in [-0.0000,+0.0001]
[al] mujoco hfield geom 473: pos=(+2.00,+38.00,-0.0000) size(hx,hy,z_top,z_base)=(2.00,2.00,0.0001,0.0001) data range=[0.000,1.000] -> surface z in [-0.0000,+0.0001]
[al] mujoco hfield geom 474: pos=(+6.00,+38.00,-0.0000) size(hx,hy,z_top,z_base)=(2.00,2.00,0.0001,0.0001) data range=[0.000,1.000] -> surface z in [-0.0000,+0.0001]
[al] mujoco hfield geom 475: pos=(+10.00,+38.00,-0.0000) size(hx,hy,z_top,z_base)=(2.00,2.00,0.0001,0.0001) data range=[0.000,1.000] -> surface z in [-0.0000,+0.0001]
[al] mujoco hfield geom 476: pos=(+14.00,+38.00,-0.0000) size(hx,hy,z_top,z_base)=(2.00,2.00,0.0001,0.0001) data range=[0.000,1.000] -> surface z in [-0.0000,+0.0001]
[al] mujoco hfield geom 477: pos=(+18.00,+38.00,-0.0000) size(hx,hy,z_top,z_base)=(2.00,2.00,0.0001,0.0001) data range=[0.000,1.000] -> surface z in [-0.0000,+0.0001]
[al] mujoco hfield geom 478: pos=(+22.00,+38.00,-0.0000) size(hx,hy,z_top,z_base)=(2.00,2.00,0.0001,0.0001) data range=[0.000,1.000] -> surface z in [-0.0000,+0.0001]
[al] mujoco hfield geom 479: pos=(+26.00,+38.00,-0.0000) size(hx,hy,z_top,z_base)=(2.00,2.00,0.0001,0.0001) data range=[0.000,1.000] -> surface z in [-0.0000,+0.0001]
[al] mujoco hfield geom 480: pos=(+30.00,+38.00,-0.0000) size(hx,hy,z_top,z_base)=(2.00,2.00,0.0001,0.0001) data range=[0.000,1.000] -> surface z in [-0.0000,+0.0001]
[al] mujoco hfield geom 481: pos=(+34.00,+38.00,-0.0000) size(hx,hy,z_top,z_base)=(2.00,2.00,0.0001,0.0001) data range=[0.000,1.000] -> surface z in [-0.0000,+0.0001]
[al] mujoco hfield geom 482: pos=(+38.00,+38.00,-0.0000) size(hx,hy,z_top,z_base)=(2.00,2.00,0.0001,0.0001) data range=[0.000,1.000] -> surface z in [-0.0000,+0.0001]
[al] mujoco hfield geom 483: pos=(+42.00,+38.00,-0.0000) size(hx,hy,z_top,z_base)=(2.00,2.00,0.0001,0.0001) data range=[0.000,1.000] -> surface z in [-0.0000,+0.0001]
[al] mujoco hfield geom 484: pos=(-42.00,+42.00,-0.0000) size(hx,hy,z_top,z_base)=(2.00,2.00,0.0001,0.0001) data range=[0.000,1.000] -> surface z in [-0.0000,+0.0001]
[al] mujoco hfield geom 485: pos=(-38.00,+42.00,-0.0000) size(hx,hy,z_top,z_base)=(2.00,2.00,0.0001,0.0001) data range=[0.000,1.000] -> surface z in [-0.0000,+0.0001]
[al] mujoco hfield geom 486: pos=(-34.00,+42.00,-0.0000) size(hx,hy,z_top,z_base)=(2.00,2.00,0.0001,0.0001) data range=[0.000,1.000] -> surface z in [-0.0000,+0.0001]
[al] mujoco hfield geom 487: pos=(-30.00,+42.00,-0.0000) size(hx,hy,z_top,z_base)=(2.00,2.00,0.0001,0.0001) data range=[0.000,1.000] -> surface z in [-0.0000,+0.0001]
[al] mujoco hfield geom 488: pos=(-26.00,+42.00,-0.0000) size(hx,hy,z_top,z_base)=(2.00,2.00,0.0001,0.0001) data range=[0.000,1.000] -> surface z in [-0.0000,+0.0001]
[al] mujoco hfield geom 489: pos=(-22.00,+42.00,-0.0000) size(hx,hy,z_top,z_base)=(2.00,2.00,0.0001,0.0001) data range=[0.000,1.000] -> surface z in [-0.0000,+0.0001]
[al] mujoco hfield geom 490: pos=(-18.00,+42.00,-0.0000) size(hx,hy,z_top,z_base)=(2.00,2.00,0.0001,0.0001) data range=[0.000,1.000] -> surface z in [-0.0000,+0.0001]
[al] mujoco hfield geom 491: pos=(-14.00,+42.00,-0.0000) size(hx,hy,z_top,z_base)=(2.00,2.00,0.0001,0.0001) data range=[0.000,1.000] -> surface z in [-0.0000,+0.0001]
[al] mujoco hfield geom 492: pos=(-10.00,+42.00,-0.0000) size(hx,hy,z_top,z_base)=(2.00,2.00,0.0001,0.0001) data range=[0.000,1.000] -> surface z in [-0.0000,+0.0001]
[al] mujoco hfield geom 493: pos=(-6.00,+42.00,-0.0000) size(hx,hy,z_top,z_base)=(2.00,2.00,0.0001,0.0001) data range=[0.000,1.000] -> surface z in [-0.0000,+0.0001]
[al] mujoco hfield geom 494: pos=(-2.00,+42.00,-0.0000) size(hx,hy,z_top,z_base)=(2.00,2.00,0.0001,0.0001) data range=[0.000,1.000] -> surface z in [-0.0000,+0.0001]
[al] mujoco hfield geom 495: pos=(+2.00,+42.00,-0.0000) size(hx,hy,z_top,z_base)=(2.00,2.00,0.0001,0.0001) data range=[0.000,1.000] -> surface z in [-0.0000,+0.0001]
[al] mujoco hfield geom 496: pos=(+6.00,+42.00,-0.0000) size(hx,hy,z_top,z_base)=(2.00,2.00,0.0001,0.0001) data range=[0.000,1.000] -> surface z in [-0.0000,+0.0001]
[al] mujoco hfield geom 497: pos=(+10.00,+42.00,-0.0000) size(hx,hy,z_top,z_base)=(2.00,2.00,0.0001,0.0001) data range=[0.000,1.000] -> surface z in [-0.0000,+0.0001]
[al] mujoco hfield geom 498: pos=(+14.00,+42.00,-0.0000) size(hx,hy,z_top,z_base)=(2.00,2.00,0.0001,0.0001) data range=[0.000,1.000] -> surface z in [-0.0000,+0.0001]
[al] mujoco hfield geom 499: pos=(+18.00,+42.00,-0.0000) size(hx,hy,z_top,z_base)=(2.00,2.00,0.0001,0.0001) data range=[0.000,1.000] -> surface z in [-0.0000,+0.0001]
[al] mujoco hfield geom 500: pos=(+22.00,+42.00,-0.0000) size(hx,hy,z_top,z_base)=(2.00,2.00,0.0001,0.0001) data range=[0.000,1.000] -> surface z in [-0.0000,+0.0001]
[al] mujoco hfield geom 501: pos=(+26.00,+42.00,-0.0000) size(hx,hy,z_top,z_base)=(2.00,2.00,0.0001,0.0001) data range=[0.000,1.000] -> surface z in [-0.0000,+0.0001]
[al] mujoco hfield geom 502: pos=(+30.00,+42.00,-0.0000) size(hx,hy,z_top,z_base)=(2.00,2.00,0.0001,0.0001) data range=[0.000,1.000] -> surface z in [-0.0000,+0.0001]
[al] mujoco hfield geom 503: pos=(+34.00,+42.00,-0.0000) size(hx,hy,z_top,z_base)=(2.00,2.00,0.0001,0.0001) data range=[0.000,1.000] -> surface z in [-0.0000,+0.0001]
[al] mujoco hfield geom 504: pos=(+38.00,+42.00,-0.0000) size(hx,hy,z_top,z_base)=(2.00,2.00,0.0001,0.0001) data range=[0.000,1.000] -> surface z in [-0.0000,+0.0001]
[al] mujoco hfield geom 505: pos=(+42.00,+42.00,-0.0000) size(hx,hy,z_top,z_base)=(2.00,2.00,0.0001,0.0001) data range=[0.000,1.000] -> surface z in [-0.0000,+0.0001]
[al] mujoco hfield geom 506: pos=(-42.00,+46.00,-0.0000) size(hx,hy,z_top,z_base)=(2.00,2.00,0.0001,0.0001) data range=[0.000,1.000] -> surface z in [-0.0000,+0.0001]
[al] mujoco hfield geom 507: pos=(-38.00,+46.00,-0.0000) size(hx,hy,z_top,z_base)=(2.00,2.00,0.0001,0.0001) data range=[0.000,1.000] -> surface z in [-0.0000,+0.0001]
[al] mujoco hfield geom 508: pos=(-34.00,+46.00,-0.0000) size(hx,hy,z_top,z_base)=(2.00,2.00,0.0001,0.0001) data range=[0.000,1.000] -> surface z in [-0.0000,+0.0001]
[al] mujoco hfield geom 509: pos=(-30.00,+46.00,-0.0000) size(hx,hy,z_top,z_base)=(2.00,2.00,0.0001,0.0001) data range=[0.000,1.000] -> surface z in [-0.0000,+0.0001]
[al] mujoco hfield geom 510: pos=(-26.00,+46.00,-0.0000) size(hx,hy,z_top,z_base)=(2.00,2.00,0.0001,0.0001) data range=[0.000,1.000] -> surface z in [-0.0000,+0.0001]
[al] mujoco hfield geom 511: pos=(-22.00,+46.00,-0.0000) size(hx,hy,z_top,z_base)=(2.00,2.00,0.0001,0.0001) data range=[0.000,1.000] -> surface z in [-0.0000,+0.0001]
[al] mujoco hfield geom 512: pos=(-18.00,+46.00,-0.0000) size(hx,hy,z_top,z_base)=(2.00,2.00,0.0001,0.0001) data range=[0.000,1.000] -> surface z in [-0.0000,+0.0001]
[al] mujoco hfield geom 513: pos=(-14.00,+46.00,-0.0000) size(hx,hy,z_top,z_base)=(2.00,2.00,0.0001,0.0001) data range=[0.000,1.000] -> surface z in [-0.0000,+0.0001]
[al] mujoco hfield geom 514: pos=(-10.00,+46.00,-0.0000) size(hx,hy,z_top,z_base)=(2.00,2.00,0.0001,0.0001) data range=[0.000,1.000] -> surface z in [-0.0000,+0.0001]
[al] mujoco hfield geom 515: pos=(-6.00,+46.00,-0.0000) size(hx,hy,z_top,z_base)=(2.00,2.00,0.0001,0.0001) data range=[0.000,1.000] -> surface z in [-0.0000,+0.0001]
[al] mujoco hfield geom 516: pos=(-2.00,+46.00,-0.0000) size(hx,hy,z_top,z_base)=(2.00,2.00,0.0001,0.0001) data range=[0.000,1.000] -> surface z in [-0.0000,+0.0001]
[al] mujoco hfield geom 517: pos=(+2.00,+46.00,-0.0000) size(hx,hy,z_top,z_base)=(2.00,2.00,0.0001,0.0001) data range=[0.000,1.000] -> surface z in [-0.0000,+0.0001]
[al] mujoco hfield geom 518: pos=(+6.00,+46.00,-0.0000) size(hx,hy,z_top,z_base)=(2.00,2.00,0.0001,0.0001) data range=[0.000,1.000] -> surface z in [-0.0000,+0.0001]
[al] mujoco hfield geom 519: pos=(+10.00,+46.00,-0.0000) size(hx,hy,z_top,z_base)=(2.00,2.00,0.0001,0.0001) data range=[0.000,1.000] -> surface z in [-0.0000,+0.0001]
[al] mujoco hfield geom 520: pos=(+14.00,+46.00,-0.0000) size(hx,hy,z_top,z_base)=(2.00,2.00,0.0001,0.0001) data range=[0.000,1.000] -> surface z in [-0.0000,+0.0001]
[al] mujoco hfield geom 521: pos=(+18.00,+46.00,-0.0000) size(hx,hy,z_top,z_base)=(2.00,2.00,0.0001,0.0001) data range=[0.000,1.000] -> surface z in [-0.0000,+0.0001]
[al] mujoco hfield geom 522: pos=(+22.00,+46.00,-0.0000) size(hx,hy,z_top,z_base)=(2.00,2.00,0.0001,0.0001) data range=[0.000,1.000] -> surface z in [-0.0000,+0.0001]
[al] mujoco hfield geom 523: pos=(+26.00,+46.00,-0.0000) size(hx,hy,z_top,z_base)=(2.00,2.00,0.0001,0.0001) data range=[0.000,1.000] -> surface z in [-0.0000,+0.0001]
[al] mujoco hfield geom 524: pos=(+30.00,+46.00,-0.0000) size(hx,hy,z_top,z_base)=(2.00,2.00,0.0001,0.0001) data range=[0.000,1.000] -> surface z in [-0.0000,+0.0001]
[al] mujoco hfield geom 525: pos=(+34.00,+46.00,-0.0000) size(hx,hy,z_top,z_base)=(2.00,2.00,0.0001,0.0001) data range=[0.000,1.000] -> surface z in [-0.0000,+0.0001]
[al] mujoco hfield geom 526: pos=(+38.00,+46.00,-0.0000) size(hx,hy,z_top,z_base)=(2.00,2.00,0.0001,0.0001) data range=[0.000,1.000] -> surface z in [-0.0000,+0.0001]
[al] mujoco hfield geom 527: pos=(+42.00,+46.00,-0.0000) size(hx,hy,z_top,z_base)=(2.00,2.00,0.0001,0.0001) data range=[0.000,1.000] -> surface z in [-0.0000,+0.0001]
[al] mjw_model.geom_pos[world0, hfield] = [-42. -46.   0.]
[al] terrain mesh z range: [-1.0000, +0.1400]
[al] terrain contacts sampled: 238173  (mesh hit for 238173)
[al] contact z - MESH height at same xy:   median=-0.0004  p90|.|=0.0071  max|.|=0.1499 m
[al] contact z - RASTER height at same xy: median=-0.0004  p90|.|=0.0070  max|.|=0.1499 m
[al]   if the physics used flip_y: median=-0.0004  p90|.|=0.0158
[al]   if the physics used flip_x: median=-0.0321  p90|.|=0.0900
[al] penetration (dist) on terrain contacts: median=-0.0012  min=-0.2998   fraction deeper than 5 cm: 0.003
[al] mesh relief in sampled area: z in [-0.020, +0.020]   raster z in [-0.140, +0.140]
[al] per-cell stats over 8x9 cells (row=level, col=type); contacts assigned to nearest cell centre:
[al]   cell row 0 col 1: n=25421  max|contact z - mesh z|=0.150 m  min dist=-0.300 m
[al]   cell row 0 col 7: n=28826  max|contact z - mesh z|=0.141 m  min dist=-0.282 m
[al]   cell row 0 col 3: n=27910  max|contact z - mesh z|=0.134 m  min dist=-0.268 m
[al]   cell row 0 col 5: n=28541  max|contact z - mesh z|=0.131 m  min dist=-0.262 m
[al]   cell row 0 col 4: n=27847  max|contact z - mesh z|=0.127 m  min dist=-0.254 m
[al]   cell row 0 col 2: n=26358  max|contact z - mesh z|=0.112 m  min dist=-0.224 m
[al]   cell row 0 col 0: n=24376  max|contact z - mesh z|=0.091 m  min dist=-0.199 m
[al]   cell row 0 col 8: n=22277  max|contact z - mesh z|=0.089 m  min dist=-0.162 m
[al]   perimeter: cells=9  median max-error=0.127 m  worst min dist=-0.300 m
[INFO]: SimulationContext cleared
EXIT=0
