timestamp_s,power_w,util_gpu_pct,util_mem_pct,sm_clock_mhz,mem_used_mib,temp_c
.025216853,15.23,0,0,195,2,41
.570231138,15.23,0,0,195,2,41
1.104611592,15.40,0,0,195,508,41
1.628532715,30.32,0,0,2542,508,42
2.153442152,69.48,0,0,2542,562,42
2.678160215,79.55,0,0,2572,594,42
3.202298519,79.50,0,0,2542,594,42
3.726140749,79.38,0,0,2542,594,42
4.250388468,78.99,0,0,2542,594,42
4.774033764,79.16,0,0,2542,594,42
5.297853981,79.12,0,0,2542,594,42
5.821207442,79.11,0,0,2542,594,42
6.344340835,79.17,0,0,2542,594,42
6.867944679,79.08,0,0,2542,594,42
7.391023657,79.17,0,0,2542,594,42
7.915092032,79.13,0,0,2542,594,42
8.438974202,78.96,0,0,2542,594,42
8.962178356,79.01,0,0,2542,594,42
9.485825539,78.96,0,0,2542,594,42
10.009765597,78.93,0,0,2542,594,42
10.532840023,79.00,0,0,2542,594,42
11.057817437,79.00,0,0,2542,592,42
11.582279243,79.07,0,0,2542,592,42
12.106106164,79.11,0,0,2542,592,43
12.630144055,78.90,0,0,2542,592,43
13.154144744,78.89,0,0,2542,592,43
13.676698027,79.93,4,0,2572,592,43
14.199725960,81.02,4,0,2542,592,43
14.722800901,80.90,0,0,2542,592,43
15.249505788,79.61,0,0,2542,626,43
15.773131763,81.78,1,0,2542,626,43
16.296522952,86.52,0,0,2640,594,43
16.820303579,91.87,0,0,2932,594,43
17.344232437,97.05,1,0,2805,594,43
17.867982776,93.31,1,0,2805,594,43
18.392610929,92.86,2,0,2925,594,43
18.916733993,97.51,2,0,2580,594,43
19.440233914,86.68,0,0,2542,594,43
19.964184029,79.70,0,0,2542,594,43
20.488572194,79.61,0,0,2542,594,43
21.013290946,79.41,0,0,2542,594,43
21.537857759,79.25,0,0,2542,594,43
22.061897451,79.12,0,0,2542,594,43
22.585565838,79.05,0,0,2542,594,43
23.124596384,79.00,0,0,2542,594,43
23.697124118,79.02,0,0,2542,594,43
24.226120990,79.18,0,0,2542,594,43
24.750111856,79.25,0,0,2542,594,43
25.273911920,79.49,0,0,2557,626,43
25.796968363,80.49,0,0,2542,722,43
26.320717799,80.50,0,0,2542,722,43
26.844278026,79.29,0,0,2542,722,43
27.367553773,79.22,0,0,2542,722,43
27.891960554,79.40,0,0,2542,754,43
28.416702190,79.53,0,0,2550,786,43
28.939641687,79.26,0,0,2542,786,43
29.462968217,79.27,0,0,2542,786,43
29.987304432,79.30,0,0,2542,786,43
30.511679089,79.17,0,0,2542,818,43
31.036452372,79.21,0,0,2550,818,43
31.560872624,79.24,0,0,2542,818,43
32.084883620,79.30,0,0,2542,818,43
32.608558608,79.36,0,0,2542,818,43
33.131857822,79.35,0,0,2542,818,43
33.656209772,79.25,0,0,2542,852,43
34.180758846,79.62,0,0,2580,1276,43
34.704450963,80.78,0,0,2542,1276,43
35.228841014,80.71,0,0,2542,1276,43
35.755694337,79.28,0,0,2542,1628,43
36.279740814,82.92,0,0,2550,1758,43
36.803797321,87.29,0,0,2760,1776,43
37.328357161,88.00,0,0,2602,2356,43
37.852789148,92.43,0,0,2557,3394,43
38.376599845,91.22,0,0,2557,3394,43
38.902399184,91.24,0,0,2715,3414,45
39.427026931,126.77,48,4,2925,3414,46
39.952284351,191.51,48,4,2895,5996,50
40.476804573,207.00,47,4,2925,5996,46
41.001494405,184.83,47,4,2925,5998,47
41.526497160,216.02,51,4,2925,5998,47
42.053891382,216.93,51,4,2925,5998,47
42.579690987,223.34,71,32,2887,5998,52
43.104643505,218.50,71,32,2925,5998,47
43.629134427,186.17,77,43,2902,5998,50
44.153223677,219.26,77,43,2925,5998,48
44.677695000,219.42,50,4,2925,5998,47
45.202471252,224.83,50,4,2917,5998,49
45.731159363,225.51,54,4,2925,5998,48
46.255904003,217.89,54,4,2880,5998,52
46.784981230,200.82,51,4,2910,5998,47
47.309828053,220.96,48,4,2925,5998,48
47.834963814,223.06,48,4,2925,5998,48
48.360979512,224.79,46,4,2902,5998,49
48.885809662,220.32,46,4,2925,5998,48
49.410090108,203.06,87,52,2887,5998,52
49.934377256,219.70,87,52,2925,5998,48
50.460818429,191.11,48,4,2925,5998,48
50.985016808,225.40,48,4,2925,5998,49
51.512114024,220.41,47,4,2925,5998,48
52.037048457,226.18,47,4,2887,5998,53
52.562106985,226.62,52,4,2925,5998,48
53.086776275,189.07,52,4,2902,5998,51
53.611227840,221.22,54,4,2925,5998,48
54.136675405,220.47,54,4,2925,5998,48
54.661514314,225.06,51,4,2910,5998,49
55.189076959,219.66,51,4,2925,5998,48
55.712328065,215.34,88,52,2880,5998,52
56.239232070,225.95,88,52,2925,5998,48
56.764872146,200.93,49,7,2917,5998,48
57.289873611,219.24,47,4,2925,5998,48
57.814303330,219.96,47,4,2895,5998,51
58.339746321,220.60,49,4,2925,5998,48
58.864881227,197.65,49,4,2895,5998,52
59.389509801,227.29,53,4,2925,5998,49
59.917036853,219.40,53,4,2925,5998,48
60.442594719,227.65,51,4,2917,5998,49
60.967531086,227.96,51,4,2925,5998,48
61.491648339,223.15,76,43,2887,5998,53
62.016315384,228.31,76,43,2925,5998,49
62.540791315,180.22,64,26,2910,5998,48
63.065916458,221.23,64,26,2925,5998,49
63.593162142,220.43,50,4,2925,5998,48
64.117155416,226.33,50,4,2902,5998,50
64.645296527,225.69,52,4,2925,5998,49
65.169229526,204.74,52,4,2880,5998,53
65.693935170,220.53,52,4,2925,5998,49
66.218777272,186.90,52,4,2917,5998,48
66.743691631,225.82,47,4,2925,5998,49
67.269122909,221.26,47,4,2925,5998,49
67.794086580,226.35,59,20,2925,5998,49
68.320772346,201.63,87,52,2895,5998,52
68.844934115,221.03,87,52,2925,5998,49
69.371656700,201.61,48,4,2925,5998,49
69.895295476,227.08,48,4,2917,5998,50
70.419786898,221.70,50,4,2925,5998,48
70.944656036,222.04,50,4,2880,5998,54
71.468529014,221.35,54,4,2925,5998,49
71.992387163,181.07,54,4,2910,5998,50
72.516716626,226.12,49,4,2925,5998,50
73.044233063,220.68,49,4,2925,5998,49
73.568415154,220.49,47,4,2910,5998,50
74.096020539,221.26,47,4,2925,5998,49
74.621446349,209.06,88,52,2880,5998,53
75.146735860,226.34,88,52,2925,5998,49
75.670536355,205.21,50,4,2917,5998,49
76.195270812,221.23,50,4,2925,5998,49
76.720914863,226.38,47,4,2925,5998,49
77.244614065,221.29,47,4,2895,5998,52
77.771417254,221.35,50,4,2925,5998,49
78.295743213,220.69,53,4,2925,5998,49
78.824773405,217.00,53,4,2925,5998,49
79.349263404,225.72,47,4,2917,5998,50
79.873275828,226.48,47,4,2925,5998,49
80.398100841,221.18,74,38,2880,5998,54
80.922902480,226.18,74,38,2925,5998,49
81.447427454,201.83,75,38,2902,5998,52
81.972388073,221.34,75,38,2925,5998,49
82.499372340,211.59,47,4,2925,5998,49
83.023397354,227.96,47,4,2902,5998,51
83.550172783,227.92,49,4,2925,5998,49
84.074523774,218.98,49,4,2872,5998,54
84.598140020,223.45,54,4,2925,5998,50
85.122711388,204.76,54,4,2917,5998,49
85.648151624,228.34,48,4,2925,5998,50
86.171759673,226.53,48,4,2925,5998,49
86.697428791,222.22,49,4,2895,5998,51
87.224678095,226.21,49,4,2925,5998,49
87.748672145,205.29,88,52,2880,5998,54
88.278201743,226.55,48,4,2925,5998,49
88.803821285,220.73,48,4,2925,5998,50
89.328869572,226.64,47,4,2925,5998,49
89.853174149,221.88,47,4,2880,5998,55
90.378216003,222.21,52,4,2925,5998,50
90.903886189,191.49,52,4,2902,5998,53
91.428539655,227.91,49,4,2925,5998,50
91.955351034,222.29,49,4,2925,5998,50
92.480062388,227.11,47,4,2910,5998,51
93.006086974,222.84,47,4,2925,5998,50
93.530943714,219.93,87,52,2872,5998,55
94.055552613,227.40,87,52,2925,5998,50
94.580074125,203.55,63,24,2910,5998,49
95.105002159,221.92,63,24,2925,5998,50
95.629789645,221.98,51,4,2925,5998,50
96.154292891,226.53,51,4,2902,5998,51
96.683448721,221.76,51,4,2925,5998,50
97.208465170,209.05,51,4,2880,5998,54
97.734372418,227.65,47,4,2925,5998,50
98.259611217,207.94,47,4,2917,5998,50
98.784774793,228.18,51,4,2925,5998,50
99.308864121,228.10,56,15,2887,5998,52
99.833448447,222.22,56,15,2925,5998,50
100.357321845,203.30,87,52,2887,5998,53
100.882679707,227.61,87,52,2925,5998,50
101.411417189,218.52,51,4,2925,5998,50
101.935733825,222.42,51,4,2917,5998,51
102.461156599,227.66,52,4,2925,5998,50
102.986067471,226.52,52,4,2872,5998,55
103.511409150,227.37,47,4,2925,5998,50
104.036763222,204.15,47,4,2902,5998,53
104.560840842,222.07,48,4,2925,5998,50
105.084492875,223.10,48,4,2925,5998,50
105.609236858,228.81,52,4,2902,5998,52
106.135819227,229.09,52,4,2925,5998,50
106.661213182,222.88,88,52,2872,5998,55
107.185561312,230.47,88,52,2925,5998,51
107.709946623,207.08,61,19,2910,5998,50
108.234727052,224.39,61,19,2925,5998,50
108.759930664,223.99,48,4,2925,5998,50
109.284505943,222.80,48,4,2925,5998,50
109.808460505,204.58,48,4,2880,5998,54
110.333532324,227.80,52,4,2925,5998,50
110.862500153,189.88,52,4,2925,5998,50
111.386340186,222.79,51,4,2917,5998,51
111.911352100,228.66,51,4,2925,5998,50
112.435832747,227.51,60,22,2880,5998,53
112.960951313,223.55,60,22,2925,5998,50
113.485166845,205.38,87,52,2895,5998,54
114.009543463,228.67,87,52,2925,5998,51
114.537067519,202.85,53,4,2925,5998,51
115.061482158,223.45,53,4,2910,5998,51
115.590990968,224.33,49,4,2925,5998,51
116.116483580,224.84,49,4,2865,5998,55
116.640754714,228.11,47,4,2925,5998,50
117.164742511,182.90,47,4,2910,5998,50
117.689963827,223.10,52,4,2925,5998,51
118.215410931,222.64,52,4,2925,5998,50
118.740476209,222.64,51,4,2895,5998,53
119.267923335,228.31,51,4,2925,5998,51
119.792795837,223.51,88,52,2925,5998,51
120.321359239,209.56,51,4,2917,5998,51
120.846808204,228.51,51,4,2925,5998,51
121.371861427,224.33,46,4,2925,5998,50
121.896487289,223.77,46,4,2880,5998,53
122.421281430,228.58,49,4,2925,5998,50
122.946379697,199.37,49,4,2887,5998,54
123.470614055,229.02,53,4,2925,5998,51
123.996968644,200.32,53,4,2925,5998,51
124.521171150,228.21,49,4,2910,5998,52
125.047717753,228.77,49,4,2925,5998,51
125.572169591,223.21,74,38,2872,5998,55
126.097357335,223.56,74,38,2925,5998,51
126.622203099,204.86,76,40,2895,5998,53
127.146723797,223.89,76,40,2925,5998,51
127.671940503,223.70,48,4,2925,5998,50
128.196595485,229.43,48,4,2902,5998,52
128.725031747,229.63,51,4,2925,5998,51
129.251839951,221.08,51,4,2865,5998,55
129.780916766,204.66,54,4,2910,5998,51
130.305469381,230.17,49,4,2925,5998,52
130.830268713,228.22,49,4,2925,5998,51
131.355295887,224.23,46,5,2887,5998,53
131.879081075,224.60,46,5,2925,5998,51
132.404383199,207.53,88,52,2880,5998,55
132.929569574,228.91,88,52,2925,5998,51
133.455835124,193.22,47,4,2925,5998,51
133.980983746,223.21,47,4,2917,5998,52
134.508168448,223.29,53,4,2925,5998,51
135.032859181,228.47,53,4,2872,5998,54
135.558369526,223.95,50,4,2925,5998,51
136.083618857,194.79,50,4,2895,5998,54
136.607363152,228.87,46,4,2925,5998,51
137.132093428,224.73,46,4,2925,5998,51
137.657400606,224.06,47,4,2910,5998,52
138.184752132,229.40,47,4,2925,5998,52
138.708522154,226.20,88,52,2865,5998,56
139.234710923,225.24,88,52,2925,5998,51
139.758980361,206.09,62,23,2910,5998,51
140.283888090,224.25,50,4,2925,5998,51
140.808947606,229.51,50,4,2895,5998,53
141.334876440,223.64,52,4,2925,5998,52
141.859576382,214.16,52,4,2872,5998,55
142.384493346,229.26,47,4,2925,5998,51
142.910978073,208.59,47,4,2917,5998,51
143.434954101,230.51,53,4,2917,5998,52
143.961174306,230.54,53,4,2925,5998,51
144.486278082,225.37,48,7,2880,5998,54
145.011135520,225.47,48,7,2925,5998,51
145.536280223,206.35,88,52,2880,5998,55
146.060670465,229.35,88,52,2925,5998,51
146.585569380,216.54,47,4,2925,5998,51
147.111271208,229.60,47,4,2917,5998,52
147.638353113,223.55,49,4,2925,5998,51
148.163302593,223.74,49,4,2872,5998,56
148.691400153,229.77,50,4,2925,5998,52
149.215385884,206.71,50,4,2887,5998,55
149.740411617,224.01,46,4,2925,5998,52
150.266361132,204.96,46,4,2925,5998,51
150.791091123,225.01,54,4,2925,5998,51
151.315822616,230.32,77,44,2865,5998,56
151.840650913,225.88,77,44,2925,5998,51
152.368310739,210.78,77,41,2895,5998,54
152.892572290,226.51,77,41,2917,5998,52
153.421086185,213.83,49,4,2925,5998,51
153.945808669,230.72,49,4,2895,5998,53
154.470669866,230.24,51,4,2925,5998,52
154.995572290,223.99,51,4,2865,5998,56
155.520151370,229.40,46,4,2925,5998,52
156.044272732,205.73,46,4,2910,5998,52
156.569645507,223.86,50,4,2917,5998,52
157.097343601,222.80,50,4,2925,5998,51
157.622127318,224.18,52,4,2887,5998,54
158.151147038,224.41,52,4,2925,5998,52
158.676310654,213.03,87,52,2872,5998,56
159.201731838,230.71,87,52,2925,5998,52
159.726245470,210.00,46,4,2925,6501,51
160.250942340,229.12,46,4,2917,6501,53
160.776281116,224.50,46,4,2925,6501,51
161.302627332,225.07,48,4,2925,6587,51
161.829259200,190.89,48,4,2895,6587,55
162.353841580,230.01,51,4,2917,6587,52
162.883416439,223.86,51,4,2925,6587,51
163.408384830,228.38,49,4,2902,6587,53
163.933185142,228.90,49,4,2925,6587,52
164.458268841,212.57,87,52,2865,6587,56
164.981612981,223.85,87,52,2925,6587,52
165.506315886,184.40,48,7,2917,6587,51
166.032357080,230.52,48,7,2917,6587,53
166.561797359,225.06,51,4,2925,6587,52
167.086631473,230.21,51,4,2880,6587,54
167.614351970,230.99,46,4,2925,6587,52
168.138814507,209.01,46,4,2880,6587,56
168.663041958,225.43,49,4,2925,6587,52
169.187445303,194.60,49,4,2925,6587,51
169.711721826,224.90,53,4,2910,6585,53
170.236682577,224.67,53,4,2925,6585,52
170.761794834,229.83,66,29,2872,6585,57
171.289287465,187.11,75,38,2895,6585,54
171.814876416,229.88,75,38,2917,6585,52
172.339986187,224.88,47,4,2925,6585,52
172.865134631,224.24,47,4,2895,6619,53
173.390768065,228.43,45,4,2925,6619,52
173.915729413,204.10,45,4,2880,6651,56
174.440064413,225.12,51,4,2925,6653,52
174.967379785,219.48,51,4,2925,6653,52
175.491717859,226.12,51,4,2902,6655,53
176.016211749,232.64,51,4,2925,6659,52
176.541751732,210.16,88,52,2872,6677,56
177.066429119,231.06,88,52,2917,6677,52
177.591154046,192.81,52,4,2925,6994,52
178.115655298,231.46,52,4,2895,6994,53
178.647462755,225.79,56,4,2925,7062,52
179.175257392,196.42,56,4,2887,7062,56
179.708990361,226.51,40,3,2925,7065,52
180.234631755,200.93,40,3,2925,7065,52
180.758766249,190.33,95,33,2902,7065,54
181.283342901,231.15,92,4,2925,7065,52
181.809243373,181.83,92,4,2925,7065,52
182.335155767,181.46,92,4,2925,7065,52
182.859404756,222.38,92,4,2872,7065,55
183.383879944,230.48,91,3,2910,7065,53
183.908419824,202.83,91,3,2925,7065,52
184.432250689,180.92,91,4,2925,7065,52
184.960663743,180.57,91,4,2925,7065,52
185.485838525,229.78,91,3,2895,7065,54
186.009822860,228.66,91,3,2917,7065,52
186.534257969,178.83,91,4,2925,7065,52
187.058761798,179.22,91,4,2925,7065,52
187.583291575,199.09,96,35,2895,7065,55
188.108286314,234.62,96,35,2910,7065,53
188.633273688,226.40,91,4,2925,7065,52
189.157732780,179.69,91,4,2925,7065,52
189.684654041,180.83,91,4,2925,7065,52
190.208366466,223.77,91,4,2872,7065,56
190.733082384,234.88,91,4,2917,7065,53
191.256418935,201.58,91,4,2925,7065,52
191.785315280,179.29,91,4,2925,7065,52
192.309660663,228.89,90,3,2895,7065,54
192.834633987,228.56,90,3,2917,7065,52
193.358617844,178.74,91,4,2925,7065,52
193.883070450,179.58,91,4,2925,7065,52
194.410048164,197.87,96,35,2887,7065,55
194.934873525,229.91,96,35,2910,7065,53
195.459560053,225.05,92,4,2910,7065,53
195.984234858,179.96,92,4,2925,7065,52
196.510164011,181.23,91,4,2925,7065,52
197.034235391,224.24,91,4,2872,7065,56
197.558426027,235.90,91,3,2917,7065,53
198.083354541,189.66,91,3,2925,7065,52
198.608002413,182.41,91,4,2925,7065,52
199.131514149,181.96,91,4,2917,7065,52
199.656972146,231.02,90,3,2895,7065,53
200.181805208,230.37,90,3,2910,7065,52
200.706376763,181.22,91,4,2925,7065,52
201.231418399,179.95,91,4,2925,7065,53
201.755467683,202.91,96,35,2887,7065,54
202.280223797,229.48,90,3,2925,7065,53
202.804559463,179.57,90,3,2925,7065,53
203.328368700,179.92,92,4,2925,7065,52
203.852613192,236.05,92,4,2880,7065,56
204.377128727,235.49,91,3,2910,7065,53
204.901878026,180.08,91,3,2917,7065,52
205.425437528,180.18,91,4,2925,7065,52
205.951926866,185.00,91,4,2910,7065,52
206.476876092,231.49,91,3,2902,7065,53
207.001124389,231.34,91,3,2925,7065,53
207.524689529,180.42,91,4,2925,7065,52
208.050611519,180.05,91,4,2925,7065,52
208.576530252,205.83,87,30,2887,7065,55
209.108501473,232.43,87,30,2910,7082,53
209.632667612,214.36,92,4,2910,7568,52
210.158382647,179.51,92,4,2925,7568,52
210.685704760,179.90,91,3,2925,7622,52
211.210433584,222.57,91,3,2872,7654,56
211.735309156,228.98,90,3,2925,7654,53
212.295737402,212.08,87,52,2872,6587,56
212.822708728,224.86,87,52,2910,6587,52
213.351098733,191.15,53,4,2925,6587,52
213.875654989,231.07,53,4,2910,6587,53
214.401763837,230.77,51,4,2925,6587,53
214.927806290,224.93,51,4,2865,6587,57
215.453176617,225.58,51,4,2925,6587,52
215.981488041,183.19,51,4,2902,6587,53
216.507080860,229.15,54,4,2910,6587,53
217.034796083,223.68,54,4,2925,6587,52
217.561432289,223.98,46,4,2887,6589,54
218.086301143,224.60,46,4,2925,6589,53
218.611881175,199.49,87,51,2887,6589,56
219.137362350,229.02,87,51,2910,6589,53
219.662952580,200.08,45,4,2925,6591,52
220.188767186,225.16,45,4,2902,6591,53
220.717041065,225.72,50,4,2925,6591,52
221.241931508,219.50,50,4,2865,6591,57
221.774016524,226.97,51,4,2910,9215,53
222.300399045,229.01,52,4,2910,10719,53
222.824884828,231.29,52,4,2925,13789,52
223.348461999,225.38,88,51,2865,13853,57
223.875304040,233.24,88,51,2910,15615,53
224.400296383,251.70,51,4,2910,15635,54
224.924516130,272.64,51,4,2902,15635,56
225.449762133,274.10,99,17,2887,15635,56
225.974141883,308.54,99,17,2895,15635,57
226.499798123,332.70,99,7,2902,15635,56
227.024777921,313.74,99,7,2902,15635,56
227.548735599,307.12,98,7,2902,15635,56
228.073275491,307.58,98,7,2902,15635,56
228.597884653,306.93,99,7,2902,15635,56
229.121544626,306.08,99,7,2902,15635,56
229.645216019,310.15,99,7,2902,15635,57
230.168850973,309.22,99,7,2902,15635,56
230.692847743,307.80,99,7,2902,15635,57
231.216676303,305.73,99,7,2902,15635,56
231.740913438,304.12,98,7,2902,15635,56
232.265306077,307.68,98,7,2902,15635,57
232.790044412,306.88,99,7,2902,15635,57
233.314587816,306.40,98,8,2902,15635,56
233.838589422,309.14,98,8,2902,15635,56
234.362752023,308.79,99,8,2902,15635,57
234.886385671,309.46,99,8,2902,15635,57
235.410359624,308.70,99,9,2902,15635,57
235.935661084,311.89,99,9,2902,15635,57
236.461669854,324.73,99,20,2895,15635,57
236.985853453,340.21,99,20,2895,15635,58
237.509543345,339.08,100,8,2895,15635,57
238.033292169,329.70,100,8,2902,15635,58
238.558931106,316.33,99,8,2902,15635,57
239.086590866,312.90,99,8,2902,15635,57
239.614325727,313.08,100,8,2902,15635,57
240.141894142,316.81,100,8,2902,15635,57
240.672549722,253.86,51,4,2910,6000,54
241.209989216,206.93,51,4,2872,6016,58
241.735086093,228.79,47,4,2910,6503,54
242.258693365,216.91,47,4,2910,6503,54
242.783882235,227.99,50,4,2910,6589,55
243.309295261,230.79,87,52,2865,6589,58
243.833246273,228.44,87,52,2910,6589,54
244.361826564,205.74,58,16,2895,6589,54
244.887161260,234.80,58,16,2910,6589,55
245.411129113,229.31,43,3,2910,6589,54
245.935257760,227.11,43,3,2880,6589,56
246.460324747,226.57,46,4,2910,6589,54
246.984767339,202.10,46,4,2880,6589,57
247.508780286,232.85,53,5,2910,6589,54
248.032832437,225.22,53,5,2910,6589,54
248.557331905,227.06,46,4,2910,6589,55
249.085895711,232.00,46,4,2910,6589,54
249.609572849,226.30,73,39,2865,6591,59
250.133833003,227.69,73,39,2910,6591,54
250.658381293,189.96,73,35,2887,6591,56
251.182942797,232.67,73,35,2910,6591,54
251.707403429,228.13,50,4,2910,6591,54
252.231608046,227.02,50,4,2895,6591,55
252.759881298,232.22,51,4,2910,6591,54
253.286366348,228.04,48,4,2910,6591,54
253.813872174,189.50,48,4,2910,9503,54
254.340169077,231.29,59,7,2902,13759,55
254.865207302,227.34,59,7,2910,13795,54
255.389826182,217.72,91,45,2865,13853,58
255.914198233,251.01,91,45,2902,15615,56
256.438405412,234.51,99,7,2902,15635,56
256.962879455,236.89,99,7,2902,15635,56
257.487405427,269.49,99,21,2895,15635,57
258.012287404,326.71,99,21,2887,15635,58
258.536024439,330.77,98,7,2902,15635,57
259.059277706,309.00,98,7,2902,15635,57
259.583926108,296.55,99,8,2902,15635,57
260.108141399,295.46,99,8,2902,15635,57
260.631958444,292.69,99,8,2902,15635,57
261.155439001,291.32,99,8,2902,15635,57
261.679526278,292.51,98,7,2902,15635,58
262.202943674,292.58,98,7,2902,15635,57
262.727062820,293.10,99,9,2902,15635,57
263.250735519,295.94,99,9,2902,15635,58
263.775117654,296.92,98,8,2902,15635,57
264.298737853,300.59,99,9,2902,15635,58
264.823871191,300.86,99,9,2902,15635,58
265.348445979,301.57,100,9,2902,15635,58
265.875240727,302.09,100,9,2902,15635,58
266.401741668,305.62,46,4,2902,6000,56
266.926114342,244.77,46,4,2910,6000,55
267.454077925,219.64,87,52,2865,6503,59
267.978142093,228.95,87,52,2910,6503,55
268.502975279,188.17,48,7,2902,6557,54
269.027384731,228.16,48,7,2910,6589,55
269.553873746,233.29,49,4,2910,6589,55
270.078087256,227.53,49,4,2880,6589,57
270.603191825,227.83,47,4,2910,6589,55
271.126907039,197.36,47,4,2880,6589,57
271.650819617,233.51,52,5,2910,6589,55
272.175362349,227.67,52,5,2910,6589,54
272.698905075,228.06,51,4,2895,6589,56
273.226202981,234.25,51,4,2910,6589,55
273.750520706,225.72,88,52,2865,6589,59
274.276869632,229.10,88,52,2910,6589,55
274.802111849,233.42,51,8,2910,6589,56
275.326584676,228.52,51,4,2910,6589,55
275.850574487,229.20,51,4,2880,6591,57
276.374994273,234.28,51,4,2910,6591,55
276.899428987,203.91,51,4,2880,6591,58
277.424841886,227.45,52,5,2910,6591,55
277.952151581,203.16,52,5,2910,6591,54
278.475940439,232.23,53,5,2902,6591,56
279.004327226,226.99,53,5,2910,6591,54
279.529701550,227.91,81,47,2865,6591,60
280.054472029,231.55,81,47,2910,10303,54
280.581470922,196.55,51,4,2902,13761,54
281.105862231,234.66,51,4,2910,13827,55
281.632052721,229.24,60,5,2910,15615,55
282.156208833,217.41,60,5,2880,15635,58
282.681484227,266.65,93,9,2902,15635,56
283.205099963,256.97,93,9,2902,15635,56
283.729174990,253.13,97,7,2902,15635,57
284.252790245,277.62,97,7,2902,15635,57
284.776487815,276.37,98,7,2902,15635,57
285.301019106,293.39,98,22,2887,15635,58
285.825292567,318.23,98,22,2902,15635,58
286.348961643,297.12,98,8,2902,15635,57
286.874556610,278.93,98,8,2902,15635,58
287.399096776,279.73,99,9,2902,15635,57
287.922791068,282.25,99,9,2902,15635,58
288.447464816,285.97,99,10,2902,15635,58
288.971751621,284.37,99,10,2902,15635,58
289.528037656,265.58,48,4,2910,15170,56
290.053928943,255.15,48,4,2865,6000,59
290.579130752,232.54,52,4,2910,6000,55
291.104588445,197.64,52,4,2902,6000,55
291.629404782,230.56,46,4,2910,6000,55
292.154452187,230.14,46,4,2910,6000,55
292.681585607,234.89,55,13,2880,6000,58
293.210095246,234.81,55,13,2910,6000,55
293.735258559,209.23,88,52,2872,6000,59
294.260100132,233.95,88,52,2910,6000,55
294.785482049,202.01,46,4,2910,6000,55
295.310412830,230.01,50,4,2910,6000,55
295.834088942,229.55,50,4,2872,6000,58
296.359343667,229.61,49,4,2910,6000,55
296.884985285,202.23,49,4,2880,6000,58
297.409523079,234.59,46,4,2910,6000,55
297.937771189,230.00,46,4,2910,6000,55
298.462902208,235.87,53,5,2902,6000,56
298.990883060,236.60,53,5,2910,6000,55
299.515966698,230.71,73,37,2872,6000,60
300.041306562,229.73,73,37,2910,6000,55
300.566554290,208.57,75,39,2887,6000,57
301.091297271,229.37,75,39,2910,6000,55
301.616348577,229.22,49,4,2910,6000,55
302.141118518,234.44,49,4,2895,6000,56
302.668863671,234.70,48,4,2910,6000,55
303.194114954,231.97,48,4,2865,6000,60
303.722621239,229.78,51,4,2910,6000,55
304.248066059,213.82,51,4,2895,6000,57
304.772849925,230.13,47,4,2910,6000,55
305.297999544,229.88,51,4,2895,6000,56
305.823151978,234.53,51,4,2910,6000,55
306.347426086,226.78,88,52,2857,6000,60
306.871982379,234.19,88,52,2910,6000,55
307.399514274,190.82,62,21,2895,6000,55
307.924649474,228.92,62,21,2910,6000,55
308.452380265,228.51,48,4,2910,6000,54
308.977523920,234.30,48,4,2887,6000,57
309.502308324,235.03,53,5,2910,6000,55
310.026967520,215.51,53,5,2865,6000,59
310.553344452,229.75,46,4,2910,6000,55
311.078312703,194.20,46,4,2902,6000,55
311.603726759,236.36,52,5,2910,6000,56
312.132721104,230.94,52,5,2910,6000,55
312.657509253,231.02,47,7,2880,6000,57
313.184605357,231.37,47,7,2910,6000,55
313.708856417,214.24,87,52,2872,6000,59
314.234047488,235.84,87,52,2910,6000,55
314.759414182,200.63,48,4,2910,6000,55
315.285614897,235.57,48,4,2910,6000,56
315.811346613,233.71,51,4,2872,6000,57
316.336204491,229.68,46,4,2910,6000,55
316.863531501,205.08,46,4,2880,6000,58
317.388556996,229.60,53,5,2910,6000,55
317.916598039,227.95,53,5,2910,6000,55
318.441619987,235.22,47,4,2910,6000,55
318.967731661,230.22,47,4,2910,6000,55
319.495302822,234.08,77,44,2865,6000,59
320.020331511,227.17,77,44,2910,6000,55
320.545885115,180.92,58,17,2895,6000,55
321.070883807,234.97,58,17,2910,6000,55
321.597943277,230.85,46,4,2910,6000,54
322.123183335,231.02,46,4,2887,6000,57
322.650375736,230.52,53,5,2910,6000,55
323.174800918,221.03,53,5,2865,6000,59
323.700096692,234.70,47,4,2910,6000,55
324.226956751,211.94,47,4,2910,6000,55
324.751035265,232.51,50,4,2910,6503,56
325.275205513,228.31,50,4,2910,6503,54
325.800597758,229.94,69,31,2910,6557,55
326.327937275,197.11,77,43,2887,6557,57
326.851999487,230.15,77,43,2910,6557,55
327.378478632,229.37,46,4,2910,6557,54
327.902221979,234.48,46,4,2895,6557,56
328.425905081,235.08,50,4,2910,6557,55
328.950077711,222.97,50,4,2857,6557,60
329.474286820,229.38,51,4,2910,6557,55
329.997882425,187.74,51,4,2895,6557,55
330.522369119,229.26,46,4,2910,6557,55
331.049580851,231.29,46,4,2910,6589,55
331.573681693,234.97,50,4,2887,6589,57
332.099783259,229.14,50,4,2910,6587,54
332.629926318,208.48,88,50,2872,6589,59
333.158841348,235.31,88,50,2910,6589,55
333.682317764,200.89,52,5,2910,6589,55
334.206244855,230.54,52,5,2910,6589,56
334.730534523,231.03,48,4,2910,6589,55
335.254247868,235.93,48,4,2872,6589,60
335.781100034,236.09,46,4,2910,6589,55
336.304544268,231.81,48,4,2910,6589,55
336.832609104,230.81,48,4,2910,6589,55
337.357252260,234.59,46,4,2902,6591,56
337.881757475,234.64,46,4,2910,6591,55
338.405600183,226.10,87,52,2865,6591,59
338.929651847,233.69,87,52,2910,6591,55
339.453752744,205.33,58,15,2895,6591,55
339.978556253,228.92,58,15,2910,6591,55
340.507160158,229.52,52,5,2910,6591,55
341.031751564,234.41,52,5,2880,6591,56
341.562869516,230.48,49,4,2910,9215,55
342.088651679,199.00,49,4,2880,10719,58
342.614065554,234.01,56,6,2910,13789,56
343.138268361,230.94,56,6,2910,13853,54
343.663904336,231.92,64,4,2887,16129,57
344.187864904,252.71,64,4,2910,16145,55
344.713519844,211.91,54,4,2910,16165,55
345.237667105,244.84,54,4,2880,16165,58
345.762047168,260.61,98,7,2902,16165,56
346.285793367,235.51,98,7,2902,16165,56
346.809952049,254.99,98,9,2902,16165,56
347.334497885,256.79,98,12,2902,16165,57
347.857939566,302.08,98,12,2887,16165,60
348.381891965,299.92,98,8,2902,16165,57
348.906058571,259.03,98,8,2902,16165,57
349.429706372,255.25,99,9,2902,16165,57
349.953804657,252.47,99,9,2902,16165,56
350.477970219,258.58,99,8,2910,18515,56
351.003090332,272.31,99,8,2805,18743,60
351.527405827,299.76,99,8,2902,18745,57
352.051893840,292.69,99,8,2910,18745,57
352.577459045,275.12,97,37,2880,18745,59
353.101952938,298.90,97,37,2895,18745,58
353.626987887,286.83,99,7,2902,18745,57
354.151170500,255.45,99,7,2910,18745,57
354.675711641,252.98,99,8,2910,18745,57
355.200172150,255.43,99,8,2902,18745,57
355.723650315,256.61,98,7,2910,18745,57
356.249061396,253.64,98,7,2910,18745,57
356.773930077,255.76,99,7,2910,18745,57
357.297518872,253.50,98,7,2910,18745,56
357.822220155,255.49,98,7,2910,18745,57
358.347510305,258.46,99,9,2910,18745,57
358.873187498,278.51,99,9,2895,18745,58
359.397254308,298.36,99,7,2910,18745,58
359.920723704,280.48,99,7,2910,18745,56
360.444251330,254.00,99,8,2910,18745,57
360.968610954,283.45,99,8,2775,18745,61
361.492679475,310.49,99,7,2910,18745,58
362.015788226,278.04,99,7,2910,18745,58
362.539592525,251.00,97,5,2910,18745,57
363.063856867,251.18,97,5,2910,18745,57
363.588214675,257.92,99,7,2910,18745,57
364.112310717,258.28,99,7,2902,18745,57
364.635895319,257.99,99,8,2910,18745,58
365.162025037,251.68,99,8,2910,18745,57
365.687218779,267.64,97,35,2887,18745,59
366.211998005,301.20,97,35,2887,18745,59
366.735582685,291.00,99,8,2910,18745,58
367.260295915,258.37,99,8,2910,18745,58
367.784489329,257.87,99,8,2910,18745,57
368.309687368,255.77,99,7,2910,18745,57
368.833761165,250.99,99,7,2910,18745,56
369.357144462,253.21,99,8,2910,18745,57
369.880866260,251.85,99,8,2910,18745,58
370.404816602,255.15,99,8,2910,18745,57
370.928360984,255.44,99,8,2910,18745,57
371.452462762,256.81,99,8,2910,18745,57
371.976815827,299.55,99,8,2782,18745,60
372.500493770,326.61,99,16,2895,18745,59
373.025325732,313.87,99,16,2910,18745,58
373.549112231,276.20,99,7,2910,18745,58
374.072289575,254.38,99,7,2910,18745,57
374.595834865,252.51,98,6,2910,18745,57
375.119137766,251.58,98,6,2910,18745,57
375.642556026,255.21,99,7,2910,18745,58
376.165685146,257.13,99,7,2910,18745,57
376.689352908,256.56,99,8,2902,18745,57
377.214219693,256.67,99,8,2910,18745,58
377.739548494,253.66,98,6,2910,18745,57
378.266308368,250.97,98,6,2910,18745,57
378.792918088,254.10,99,7,2910,18745,57
379.317661457,280.59,99,18,2887,18745,58
379.841363903,298.87,99,18,2895,18745,58
380.365092318,276.74,99,7,2910,18745,58
380.888372903,260.42,99,7,2910,18745,58
381.412745478,257.71,99,8,2902,18745,58
381.937371344,256.75,99,8,2910,18745,58
382.462582569,255.68,98,6,2910,18745,57
382.987969567,251.22,98,6,2880,18745,57
383.511832554,299.57,97,14,2827,18745,60
384.035555336,300.15,97,14,2910,18745,57
384.561130520,257.40,99,7,2910,18745,58
385.086335311,255.79,99,7,2902,18745,58
385.611186542,257.87,99,8,2910,18745,58
386.135327345,257.56,99,8,2902,18745,58
386.661712684,283.80,99,16,2895,18745,59
387.185544741,300.51,99,16,2910,18745,58
387.708987910,274.76,99,8,2910,18745,58
388.232831087,258.44,99,8,2910,18745,58
388.757261127,252.86,97,5,2910,18745,57
389.281366411,253.66,97,5,2910,18745,57
389.805162037,254.66,99,8,2910,18745,58
390.329210703,258.73,99,8,2910,18745,57
390.853175249,257.30,99,8,2910,18745,58
391.377358038,255.85,99,8,2910,18745,58
391.902176152,254.13,99,8,2910,18745,57
392.428876856,252.78,97,5,2902,18745,57
392.954003234,251.83,97,5,2910,18745,58
393.478536466,282.43,97,33,2880,18745,59
394.003624451,299.93,97,33,2902,18745,58
394.529313344,288.58,97,26,2850,18745,60
395.053203737,309.44,97,26,2850,18745,59
395.576734117,300.25,99,7,2902,18745,58
396.100548806,256.57,99,7,2902,18745,58
396.624570336,260.83,99,8,2910,18745,58
397.147505717,258.01,99,8,2902,18745,58
397.671009135,256.06,99,8,2910,18745,57
398.196443383,254.80,99,8,2910,18745,58
398.720410900,250.55,97,5,2910,18745,58
399.244456334,253.08,97,5,2910,18745,58
399.771432936,253.64,99,8,2910,18745,58
400.296322150,284.70,99,15,2880,18745,59
400.820299895,293.39,99,15,2910,18745,58
401.344920980,269.09,99,9,2902,18745,58
401.869205927,258.87,99,9,2910,18745,58
402.393395533,257.80,99,8,2910,18745,58
402.916946307,258.32,99,8,2910,18745,57
403.440483956,257.91,99,7,2910,18745,57
403.964159577,253.32,99,7,2910,18745,58
404.488037180,255.51,99,7,2910,18745,58
405.012582849,259.33,99,7,2910,18745,58
405.537821663,257.31,99,8,2910,18745,58
406.061555142,283.79,99,8,2790,18745,61
406.586275682,309.90,99,8,2910,18745,58
407.111126639,297.04,99,8,2895,18745,59
407.635109510,293.10,99,16,2895,18745,59
408.159254719,292.48,99,16,2910,18745,58
408.684376318,266.34,99,8,2910,18745,58
409.208583643,257.18,99,8,2910,18745,57
409.732723230,256.17,98,6,2910,18745,58
410.257260521,252.75,98,6,2910,18745,58
410.781623300,256.32,99,7,2910,18745,58
411.305661404,259.37,99,8,2902,18745,58
411.829851184,258.02,99,8,2902,18745,58
412.354394896,259.56,99,8,2910,18745,57
412.879442102,257.41,99,8,2910,18745,58
413.403305443,252.47,97,5,2910,18745,57
413.927076138,258.17,97,5,2902,18745,59
414.451387728,289.49,97,36,2880,18745,59
414.975339065,298.05,97,36,2910,18745,58
415.499105942,275.14,99,8,2910,18745,58
416.023292554,254.66,99,8,2910,18745,58
416.548070177,259.45,99,8,2910,18745,58
417.073544170,256.19,99,8,2910,18745,58
417.597824368,294.49,98,27,2782,18745,62
418.121515871,306.14,98,27,2910,18745,58
418.646011938,279.73,99,7,2910,18745,58
419.170189933,251.15,99,7,2910,18745,58
419.694900116,255.10,98,7,2910,18745,58
420.218318239,254.19,98,7,2910,18745,58
420.744226192,255.24,99,8,2902,18745,58
421.270642930,264.06,99,8,2895,18745,58
421.794711986,290.23,99,16,2910,18745,58
422.318345497,262.16,99,8,2910,18745,59
422.842459017,258.70,99,8,2910,18745,58
423.365906463,258.24,98,6,2910,18745,58
423.890733305,257.76,98,6,2910,18745,58
424.414308253,256.23,99,8,2910,18745,58
424.938269493,255.20,99,8,2910,18745,58
425.462711895,258.85,99,9,2910,18745,58
425.987335340,257.57,99,9,2910,18745,58
426.511137617,260.78,99,8,2910,18745,57
427.034933884,259.41,99,8,2910,18745,58
427.558729338,252.95,97,5,2910,18745,58
428.084590749,254.58,97,5,2910,18745,58
428.610048204,281.30,97,38,2857,18747,61
429.133813169,347.39,97,38,2797,18747,59
429.657502391,328.92,97,5,2910,18747,58
430.181514123,264.99,97,5,2910,18747,58
430.705136788,251.24,99,8,2910,18747,58
431.228886814,254.97,99,8,2910,18747,58
431.754203440,258.64,99,8,2910,18747,58
432.278842542,257.22,99,8,2910,18747,58
432.804215684,255.17,99,8,2910,18747,57
433.328543234,252.25,97,5,2910,18747,58
433.852456649,255.07,97,5,2910,18747,58
434.379022823,259.03,99,7,2910,18747,58
434.904033226,271.49,99,7,2895,18747,59
435.429189066,295.52,99,15,2880,18747,59
435.953062112,288.04,99,15,2910,18747,58
436.476492139,261.74,99,8,2910,18747,58
437.000950084,258.30,99,8,2910,18747,58
437.524963977,256.68,99,8,2910,18747,57
438.049311562,254.98,99,8,2910,18747,58
438.572313726,251.63,97,5,2910,18747,58
439.095740084,253.54,97,5,2910,18747,58
439.622477079,259.03,99,8,2910,18747,58
440.146375291,279.21,99,8,2790,18747,61
440.670451210,309.38,100,8,2910,18747,59
441.195473593,299.01,100,8,2910,18747,58
441.719198996,260.07,99,8,2902,18747,58
442.243663521,278.13,99,8,2895,18747,59
442.766544783,299.05,99,7,2910,18747,59
443.290855436,284.28,99,7,2910,18747,58
443.814713670,251.03,99,8,2910,18747,58
444.338372807,253.21,98,7,2910,18747,58
444.861669125,257.36,98,7,2910,18747,58
445.385051285,255.96,99,8,2910,18747,58
445.909429495,259.14,99,8,2910,18747,58
446.433589980,259.00,99,9,2910,18747,57
446.957610601,255.39,99,9,2910,18747,57
447.483247095,252.54,98,6,2910,18747,58
448.007737095,253.42,98,6,2910,18747,58
448.534040644,255.71,99,8,2910,18747,58
449.057370984,274.64,99,8,2880,18747,59
449.580401816,297.69,98,19,2887,18747,58
450.104599300,284.99,98,19,2910,18747,58
450.628086047,262.14,99,8,2910,18747,58
451.153396671,258.37,99,8,2910,18747,58
451.678765064,288.13,98,27,2782,18747,62
452.207705210,286.69,98,27,2910,6000,57
452.733056200,267.44,88,52,2865,6000,59
453.260853559,234.29,88,52,2910,6000,56
453.785136353,215.32,58,15,2895,6000,60
454.310438810,234.34,46,4,2910,6000,57
454.836000568,237.96,46,4,2887,6000,57
455.360551971,238.41,51,5,2910,6000,56
455.885325674,221.87,51,5,2865,6000,61
456.410290951,233.14,47,4,2910,6000,57
456.938302103,219.36,47,4,2902,6000,59
457.462973862,233.73,51,5,2910,6000,56
457.991542300,233.55,51,5,2910,6000,56
458.517891901,238.69,46,5,2880,6000,57
459.043215435,238.96,46,5,2910,6000,56
459.569420972,218.42,87,52,2872,6000,61
460.094114742,238.69,87,52,2910,6000,56
460.620732189,222.16,51,5,2902,6000,58
461.146028070,237.30,51,5,2910,6000,57
461.671642194,237.93,48,4,2910,6000,56
462.196740590,238.50,48,4,2880,6000,57
462.725540004,232.71,51,5,2910,6000,56
463.249552340,213.54,51,5,2872,6000,61
463.777748870,237.97,46,4,2910,6000,57
464.302756242,233.61,52,5,2910,6000,56
464.827664105,239.11,52,5,2910,6000,56
465.353562687,237.73,61,23,2872,6000,57
465.878317590,237.80,61,23,2910,6000,56
466.403320673,214.78,87,52,2880,6000,60
466.928452730,237.74,87,52,2910,6000,56
467.455303375,231.00,49,4,2910,6000,56
467.980489634,237.54,49,4,2902,6000,57
468.506929571,237.60,53,5,2910,6000,56
469.030941323,231.77,53,5,2865,6000,58
469.556213865,237.33,47,4,2910,6000,56
470.081297309,198.28,47,4,2887,6000,60
470.606570071,233.58,52,5,2910,6000,56
471.132534044,233.80,52,5,2910,6000,56
471.657748655,239.18,48,4,2895,6000,57
472.185517480,234.28,48,4,2910,6000,56
472.710707233,229.91,88,52,2857,6000,58
473.237582423,239.03,88,52,2910,6000,56
473.763682903,194.44,61,21,2895,6000,60
474.288530447,233.99,61,21,2910,6000,56
474.813086799,238.06,50,5,2887,6000,57
475.337616229,238.18,50,4,2910,6000,56
475.862361398,220.36,50,4,2865,6000,59
476.387719660,232.49,47,4,2910,6000,56
476.915978040,215.68,47,4,2902,6000,59
477.440770157,238.22,52,5,2910,6000,56
477.969533314,232.71,52,5,2910,6000,55
478.493905725,233.34,50,9,2880,6000,57
479.019451812,233.81,50,9,2910,6000,56
479.545374161,215.37,88,52,2872,6000,61
480.069781007,238.67,88,52,2910,6000,56
480.594809180,207.60,51,4,2910,6000,57
481.121296290,233.68,51,4,2910,6000,56
481.647546059,234.14,47,4,2910,6000,56
482.172124709,238.99,47,4,2872,6000,57
482.699655116,238.66,46,4,2910,6000,56
483.224771976,197.96,46,4,2887,6000,60
483.749938070,232.62,49,4,2910,6000,56
484.275453094,222.29,49,4,2910,6000,56
484.800128046,233.51,50,4,2910,6000,56
485.325872996,227.63,87,52,2865,6000,58
485.850537908,239.56,87,52,2910,6000,56
486.377680748,217.12,52,5,2902,6000,59
486.903616299,234.61,52,5,2910,6000,56
487.428303853,235.50,54,5,2910,6000,55
487.953009682,234.44,54,5,2872,6000,57
488.477520120,239.53,54,5,2910,6000,55
489.003145271,199.14,54,5,2887,6000,60
489.528120790,233.65,48,4,2910,6000,56
490.056510342,223.03,48,4,2910,6000,55
490.582754196,239.67,51,4,2887,6000,56
491.112100161,239.16,51,4,2910,6000,56
491.636614044,214.61,87,52,2872,6000,60
492.162415177,234.40,87,52,2910,6000,56
492.688469380,205.70,50,4,2910,6000,56
493.213523346,235.19,50,4,2902,6000,56
493.741320673,241.49,52,4,2910,6000,56
494.266408774,233.70,52,4,2865,6000,58
494.794329204,240.65,52,4,2910,6000,55
495.319781454,236.55,47,4,2910,6000,56
495.844267042,237.13,47,4,2910,6000,55
496.368707633,241.17,70,33,2872,6000,57
496.893804729,235.86,70,33,2910,6000,55
497.419718784,206.66,63,24,2895,6000,59
497.944445607,234.95,63,24,2910,6000,56
498.472189521,235.77,51,4,2910,6000,55
498.996749408,240.37,51,4,2887,6000,57
499.522194292,239.29,54,5,2910,6000,55
500.047890162,207.87,54,5,2880,6000,60
500.572854084,235.20,53,4,2910,6000,55
501.096550031,215.73,53,4,2910,6000,56
501.621519643,240.02,50,4,2895,6000,56
502.149051062,241.25,50,4,2910,6000,55
502.674126735,216.88,88,52,2872,6000,60
503.198974816,236.85,88,52,2910,6000,56
503.723891206,207.65,50,4,2910,6000,56
504.249664741,236.62,50,4,2902,6000,56
504.776269241,241.01,50,4,2910,6000,56
505.301715365,236.09,55,5,2910,6000,55
505.828851533,200.08,55,5,2910,6000,56
506.353818448,236.74,51,4,2910,6000,56
506.879791580,236.16,51,4,2910,6000,55
507.404996636,229.02,87,52,2865,6000,58
507.930564289,240.18,87,52,2910,6000,55
508.458157452,196.49,49,4,2910,6000,57
508.982953832,236.69,49,4,2910,6000,56
509.506790632,236.83,50,4,2910,6000,56
510.031852515,237.24,50,4,2865,6000,58
510.557119537,236.51,53,5,2910,6000,56
511.082405023,212.91,53,5,2910,6000,58
511.607033464,241.30,55,5,2910,6000,55
512.135441019,235.73,55,5,2910,6000,55
512.660468215,239.79,86,50,2865,6000,57
513.185345707,241.30,86,50,2910,6000,55
513.710128649,208.76,52,4,2902,6000,58
514.235429574,236.52,52,4,2910,6000,56
514.759605815,236.72,48,4,2910,6000,55
515.284560963,236.27,48,4,2865,6000,57
515.813672212,205.51,49,4,2902,6000,59
516.337932822,242.21,50,4,2910,6000,56
516.863669371,242.92,50,4,2910,6000,55
517.388260688,243.07,76,41,2865,6000,57
517.913461772,238.33,76,41,2910,6000,55
518.441344058,207.03,50,5,2902,6000,58
518.966477964,237.78,50,5,2910,6000,56
519.494525353,242.89,49,4,2910,6000,55
520.020338696,241.96,49,4,2865,6000,57
520.545311265,236.58,49,4,2910,6000,56
521.071187987,187.30,49,4,2902,6000,58
521.596503085,236.13,49,4,2910,6000,56
522.124964518,236.71,49,4,2910,6000,55
522.649778255,241.55,79,45,2865,6000,57
523.174303193,237.40,79,45,2910,6000,55
523.698570864,208.54,51,4,2902,6000,58
524.223916498,241.25,51,4,2910,6000,55
524.751724591,240.39,51,4,2910,6000,55
525.276694924,235.59,51,4,2865,6000,58
525.805558427,216.36,48,4,2910,6000,57
526.331725839,238.11,49,4,2910,6000,56
526.856436147,243.51,49,4,2910,6000,55
527.382809789,233.46,88,52,2865,6000,58
527.907800429,238.45,88,52,2910,6000,55
528.434891210,218.94,56,5,2910,6000,55
528.961101101,242.39,56,5,2910,6000,55
529.486500264,242.17,55,5,2910,6000,55
530.011030089,226.29,55,5,2865,6000,58
530.534860327,238.00,57,5,2910,6000,55
531.062420097,221.38,57,5,2910,6000,56
531.587137336,243.08,54,5,2902,6000,56
532.114324829,243.76,54,5,2910,6000,56
532.639286552,228.12,87,52,2872,6000,60
533.164396134,238.48,87,52,2910,6000,55
533.690241973,226.02,52,4,2910,6000,55
534.215741033,243.49,52,4,2902,6000,56
534.744784063,243.54,54,5,2910,6000,55
535.269440636,220.63,54,5,2872,6000,60
535.794605232,238.83,54,5,2910,6000,55
536.318776574,238.84,57,5,2895,6000,55
536.844314507,243.73,57,5,2910,6000,55
537.369159466,219.42,88,52,2872,6000,59
537.894634419,239.32,88,52,2910,6000,55
538.421961043,212.28,53,4,2910,6000,55
538.946337093,239.56,53,4,2895,6000,56
539.471823176,245.14,50,4,2910,6000,55
539.998073719,217.83,50,4,2880,6000,59
540.522823646,240.38,52,4,2910,6000,56
541.050411545,238.52,52,4,2910,6000,55
541.575351552,243.63,45,4,2887,6000,56
542.099809144,242.43,45,4,2910,6503,55
542.624276776,197.90,64,24,2895,6503,59
543.148464095,239.27,64,24,2910,6503,55
543.675260832,238.15,59,5,2910,6557,55
544.200099165,241.74,59,5,2872,6557,57
544.725359088,238.78,51,4,2910,6557,55
545.248935528,189.12,51,4,2910,6557,57
545.773423727,242.38,55,5,2910,6557,56
546.297561491,238.94,55,5,2910,6557,55
546.821351045,239.66,87,52,2910,6557,55
547.348531147,197.35,55,5,2910,6557,55
547.872530327,244.67,55,5,2910,6557,55
548.396431993,244.19,55,5,2910,6557,56
548.919414586,228.87,55,5,2872,6557,60
549.443584129,240.24,49,4,2910,6589,55
549.971897909,226.03,49,4,2910,6589,55
550.495979004,243.29,57,5,2895,6589,56
551.021283569,244.45,57,5,2910,6589,55
551.545115430,209.84,82,47,2887,6589,59
552.069709247,238.92,82,47,2910,6589,55
552.596086704,238.36,56,5,2910,6589,55
553.119625640,238.16,56,5,2880,6589,56
553.643251100,243.27,54,5,2910,6589,55
554.167129468,198.01,54,5,2895,6589,59
554.690848195,239.62,52,4,2910,6589,56
555.215499508,239.74,52,4,2910,6591,55
555.739958638,244.27,71,34,2872,6591,56
556.267674592,244.14,71,34,2910,6591,55
556.791453681,205.35,52,4,2902,6591,58
557.315811107,237.92,52,4,2910,6591,55
557.839575128,231.12,52,4,2865,6591,58
558.365092452,243.75,56,5,2910,6591,55
558.892894098,218.04,56,5,2910,6591,55
559.417961268,242.40,52,4,2902,9215,56
559.943679593,242.09,52,4,2910,10719,54
560.469565045,206.47,87,48,2887,13789,59
560.993922279,238.40,87,48,2910,13853,55
561.518362029,223.64,61,4,2910,16129,55
562.042236557,225.12,61,4,2880,16131,60
562.566564264,259.78,50,4,2910,16145,55
563.091286620,237.62,50,4,2910,16165,55
563.615555244,232.34,97,6,2902,16165,57
564.140907674,252.60,97,6,2902,16165,57
564.665029598,287.36,97,32,2880,16165,58
565.188594127,299.64,97,32,2902,16165,57
565.711926295,273.68,98,9,2902,16165,57
566.234966269,261.51,98,9,2902,16165,56
566.758206473,260.86,98,7,2902,16165,56
567.282310995,257.00,98,7,2902,16165,57
567.805668881,259.08,99,8,2902,16165,57
568.331171874,257.62,98,6,2910,16165,57
568.856814041,269.64,98,6,2857,18743,59
569.379896434,338.03,97,34,2797,18745,58
569.902593507,342.81,97,34,2902,18745,57
570.426650727,262.42,99,8,2902,18745,57
570.951261448,266.87,99,8,2902,18745,56
571.476021962,261.48,97,5,2910,18745,57
572.000343313,260.01,97,5,2910,18745,57
572.524209030,260.98,99,7,2902,18745,57
573.049084381,263.69,99,7,2910,18745,56
573.573292807,255.40,97,5,2902,18745,57
574.097026163,257.19,97,5,2910,18745,57
574.621096958,263.36,99,10,2902,18745,57
575.146239484,263.99,99,10,2902,18745,57
575.670998374,277.78,99,19,2895,18745,58
576.196317745,301.48,99,19,2902,18745,57
576.719581449,288.65,99,8,2910,18745,56
577.243765237,260.23,99,8,2910,18745,57
577.770177250,258.34,98,7,2910,18745,57
578.297426720,258.07,98,7,2902,18745,57
578.823352270,262.02,99,8,2902,18745,57
579.348095758,261.56,99,8,2910,18745,57
579.873838441,291.10,99,8,2775,18745,60
580.398167163,308.38,99,9,2902,18745,57
580.922543434,283.04,99,9,2902,18745,58
581.446808074,261.74,99,8,2902,18745,57
581.971179286,263.45,99,8,2910,18745,57
582.497372732,285.45,99,19,2895,18745,58
583.022858106,301.64,99,19,2910,18745,57
583.547644023,282.20,99,8,2910,18745,58
584.072830589,263.11,99,8,2910,18745,57
584.597379727,261.18,99,8,2902,18745,57
585.122741776,262.47,99,8,2902,18745,57
585.646892357,264.44,99,8,2910,18745,57
586.171280680,265.08,99,8,2910,18745,57
586.696429153,264.77,99,8,2910,18745,57
587.220071701,264.82,99,8,2910,18745,57
587.744273228,263.12,99,9,2910,18745,57
588.267690749,262.13,99,9,2910,18745,57
588.792556275,262.11,99,8,2910,18745,57
589.317659862,260.92,99,8,2910,18745,57
589.843874706,279.28,99,8,2895,18745,58
590.368275681,299.21,99,8,2910,18745,57
590.892908244,283.90,99,8,2902,18745,57
591.417157350,262.64,99,9,2910,18745,57
591.942331420,262.32,99,9,2910,18745,57
592.466815912,284.85,98,26,2782,18745,60
592.991429148,309.75,98,26,2902,18745,58
593.516028417,286.86,99,8,2902,18745,58
594.043918626,263.16,99,8,2902,18745,58
594.571614145,261.58,99,8,2910,18745,57
595.098668639,261.95,99,8,2910,18745,58
595.625496122,261.30,99,9,2910,18745,57
596.150377054,260.33,99,9,2902,18745,57
596.674533101,259.63,99,8,2910,18745,57
597.199906978,269.28,99,8,2895,18745,58
597.723727659,291.46,97,32,2887,18745,59
598.248408992,296.87,97,32,2910,18745,57
598.772489726,279.06,99,8,2910,18745,57
599.295977345,262.16,99,8,2902,18745,57
599.820022401,262.99,99,8,2910,18745,57
600.344135315,262.07,99,8,2902,18745,57
600.867584391,261.38,99,8,2902,18745,57
601.391520449,261.58,100,9,2902,18745,58
601.915404880,262.24,100,9,2902,18745,58
602.439139987,262.83,99,8,2902,18745,58
602.964629771,262.95,99,8,2902,18745,58
603.491364796,263.52,99,8,2902,18745,57
604.015261178,262.72,99,8,2902,18745,57
604.539922891,261.39,99,8,2910,18745,57
605.066586099,275.31,99,8,2895,18745,58
605.591785722,309.43,97,34,2827,18745,60
606.115571193,337.37,97,34,2857,18745,58
606.640622434,312.63,97,6,2902,18745,58
607.165472152,260.43,97,6,2902,18745,58
607.689345730,261.97,97,5,2902,18745,57
608.212360139,260.50,97,5,2910,18745,58
608.736424708,261.50,98,6,2910,18745,57
609.259948923,265.82,98,6,2910,18745,57
609.784045081,264.52,100,9,2910,18745,57
610.308502264,264.48,100,8,2910,18745,57
610.832716727,261.84,100,8,2910,18745,58
611.356022757,261.27,99,7,2902,18745,58
611.880133012,262.57,99,7,2902,18745,58
612.404290186,273.22,99,18,2895,18745,58
612.928451678,301.87,99,18,2895,18745,59
613.453346340,293.28,99,8,2910,18745,58
613.977907188,267.84,99,8,2910,18745,58
614.502304917,261.37,100,8,2910,18745,58
615.026694891,262.07,100,8,2910,18745,58
615.550227038,263.55,98,7,2910,18745,57
616.074557539,262.32,98,7,2910,18745,58
616.598359517,261.32,97,5,2910,18745,58
617.121988848,258.53,97,5,2910,18745,58
617.645463496,265.39,98,6,2910,18745,58
618.169237410,266.03,98,6,2910,18745,57
618.695195516,264.83,99,8,2910,18745,57
619.219197423,311.38,99,8,2790,18745,59
619.743322302,309.52,100,8,2910,18745,57
620.267136081,274.80,100,8,2895,18745,58
620.791307308,294.48,99,16,2895,18745,59
621.314983647,267.98,99,8,2910,18745,58
621.838976415,263.14,99,8,2902,18745,58
622.363201914,262.58,99,7,2902,18745,58
622.886841903,262.65,99,7,2902,18745,58
623.410572163,263.51,100,9,2910,18745,58
623.933937400,264.45,100,9,2910,18745,58
624.457160739,263.86,98,7,2910,18745,58
624.980352076,261.71,98,7,2910,18745,58
625.504216379,261.70,97,5,2902,18745,58
626.028415618,261.61,97,5,2910,18745,58
626.552376053,259.52,98,6,2910,18745,58
627.076454541,260.21,98,6,2910,18745,57
627.601483191,261.58,99,8,2910,18745,57
628.125126464,268.33,99,8,2895,18745,59
628.648618891,297.71,99,18,2895,18745,60
629.172195568,298.36,99,18,2910,18745,58
629.695725225,269.20,99,7,2902,18745,58
630.218801833,260.37,99,7,2910,18745,58
630.743056554,262.73,99,8,2902,18745,58
631.266064371,264.51,99,8,2902,18745,58
631.792471524,265.99,99,9,2902,18747,58
632.327901212,303.94,53,4,2887,18747,57
632.853699720,297.50,53,4,2865,6000,59
633.377266205,243.52,54,5,2910,6000,57
633.903413294,226.28,54,5,2910,6000,57
634.428057162,247.23,53,4,2902,6000,57
634.952746786,246.40,53,4,2910,6000,56
635.478410898,223.05,87,52,2872,6000,61
636.005709028,240.72,87,52,2910,6000,57
636.533181878,234.34,52,4,2910,6000,56
637.057990137,246.76,52,4,2895,6000,57
637.582701351,246.18,56,5,2910,6000,56
638.107685423,213.48,56,5,2887,6000,60
638.633487485,246.59,53,4,2910,6000,57
639.158529576,242.42,53,4,2910,6000,56
639.684543239,242.22,52,7,2887,6000,57
640.212219685,246.91,52,7,2910,6000,56
640.737532659,202.47,67,27,2895,6000,60
641.263595204,242.42,67,27,2910,6000,57
641.788451111,241.87,56,5,2910,6000,56
642.313356252,245.82,54,5,2910,6000,56
642.840665340,206.89,54,5,2902,6000,59
643.364817702,241.12,53,4,2910,6000,57
643.889986853,245.61,53,4,2910,6000,56
644.415553727,241.22,88,52,2865,6000,58
644.940202971,241.53,88,52,2910,6000,56
645.466943310,218.53,56,5,2910,6000,56
645.991147109,246.77,56,5,2910,6000,56
646.517290766,246.13,55,5,2910,6000,56
647.044272512,230.72,55,5,2872,6000,60
647.568583734,242.05,53,4,2910,6000,56
648.093419381,229.09,53,4,2910,6000,56
648.618127125,245.54,56,5,2895,6000,57
649.146645483,241.39,56,5,2910,6000,56
649.671335373,215.54,88,52,2880,6000,61
650.197259643,245.89,88,52,2910,6000,56
650.722149220,238.66,54,5,2910,6000,56
651.246236397,245.05,54,5,2887,6000,57
651.772960242,244.96,51,4,2910,6000,56
652.297976018,193.95,51,4,2895,6000,59
652.822731681,242.32,57,5,2910,6000,56
653.346962840,242.04,80,46,2872,6000,57
653.871862556,241.85,80,46,2910,6000,56
654.400617250,193.97,52,4,2910,6000,58
654.925671960,247.62,52,4,2910,6000,57
655.450161778,242.66,56,5,2910,6000,55
655.975958143,231.62,56,5,2865,6000,58
656.501550000,242.17,53,4,2910,6000,56
657.027913370,226.34,53,4,2910,6000,56
657.552672288,247.46,54,5,2902,6000,56
658.078185385,241.13,54,5,2910,6000,56
658.603455291,218.17,87,52,2880,6000,60
659.129560661,246.13,87,52,2910,6000,56
659.655486771,218.14,56,5,2910,6000,55
660.180342691,240.86,56,5,2887,6000,57
660.707760689,241.89,50,4,2910,6000,56
661.232729273,207.44,50,4,2887,6000,59
661.757788308,246.77,56,5,2910,6000,56
662.284224133,241.63,56,5,2910,6000,56
662.810520825,247.79,61,22,2910,6000,55
663.338917848,204.40,59,11,2902,6000,59
663.864458626,245.66,59,11,2910,6000,56
664.389945691,245.58,53,4,2910,6000,56
664.915396699,240.74,53,4,2865,6000,57
665.440303283,240.95,57,5,2910,6000,56
665.968988262,193.24,57,5,2910,6000,57
666.494024031,246.26,54,4,2910,6000,56
667.019860869,245.36,54,4,2910,6000,56
667.544803652,229.92,87,52,2872,6000,60
668.069824242,241.92,87,52,2910,6000,55
668.595063736,208.68,56,5,2910,6000,56
669.119947537,241.34,56,5,2895,6000,57
669.648134019,242.58,55,5,2910,6000,55
670.173372151,213.08,55,5,2887,6000,60
670.698899911,242.12,53,5,2910,6000,56
671.224661265,226.23,53,5,2910,6000,55
671.750058337,241.43,58,11,2880,6000,56
672.278857099,245.56,58,11,2910,6000,56
672.804311800,198.84,63,21,2895,6000,60
673.329782913,241.40,57,5,2910,6000,56
673.855671567,245.47,57,5,2872,6000,57
674.382610962,242.12,53,4,2910,6000,56
674.910835525,210.39,53,4,2910,6000,58
675.435748859,245.40,55,5,2910,6000,56
675.962064311,242.50,55,5,2910,6000,55
676.487000388,235.35,88,52,2872,6000,58
677.011797902,246.31,88,52,2910,6000,56
677.539041173,226.93,57,5,2910,6000,55
678.062863167,242.87,57,5,2895,6000,56
678.587565079,247.39,51,4,2910,6000,56
679.112110705,218.86,51,4,2880,6000,60
679.636936071,241.67,57,5,2910,6000,56
680.162820484,240.09,57,5,2910,6000,56
680.687448566,245.78,49,4,2887,6000,56
681.215114547,245.76,49,4,2910,6000,55
681.740304002,200.39,64,24,2895,6000,59
682.266497100,241.07,64,24,2910,6000,56
682.792043462,240.10,57,5,2910,6000,56
683.316383336,240.83,57,5,2910,6000,55
683.842671685,210.30,57,5,2910,6000,58
684.367057005,245.88,50,4,2910,6000,56
684.891919569,247.36,50,4,2910,6000,55
685.417285889,233.88,88,52,2872,6000,58
685.941971367,245.99,88,52,2910,6000,56
686.468345357,226.68,57,5,2910,6000,55
686.993099195,246.49,57,5,2902,6000,56
687.518361497,245.51,52,4,2910,6000,56
688.043473854,215.74,52,4,2880,6000,60
688.568564229,240.08,57,5,2910,6000,55
689.095223018,220.28,57,5,2910,6000,56
689.620424794,240.34,49,4,2887,6000,57
690.146278787,239.56,49,4,2910,6000,55
690.671621560,203.41,72,30,2895,6000,59
691.196966657,245.79,72,30,2910,6000,56
691.724108280,235.99,56,5,2910,6000,55
692.249979966,240.77,56,5,2872,6000,56
692.777979155,241.16,54,4,2910,6000,56
693.303382361,191.93,54,4,2910,6000,58
693.828490278,241.03,54,5,2910,6000,55
694.353197826,227.84,85,51,2872,6000,59
694.878527503,243.18,85,51,2910,6000,55
695.406687546,203.48,53,5,2910,6000,55
695.931461819,244.04,53,5,2895,6000,56
696.456637293,239.91,57,5,2910,6000,55
696.982647881,211.35,57,5,2887,6000,60
697.508238611,244.49,50,4,2910,6000,56
698.035577166,239.99,50,4,2910,6000,55
698.562338476,239.72,59,17,2880,6000,57
699.087680816,246.19,59,17,2910,6000,56
699.614113292,196.42,60,13,2902,6000,58
700.138630096,241.76,60,13,2910,6000,56
700.666146006,242.86,52,4,2910,6000,55
701.190649885,247.62,52,4,2872,6000,57
701.715901812,242.08,56,5,2910,6000,56
702.240181596,214.89,56,5,2910,6000,57
702.765875732,241.69,54,4,2910,6000,56
703.292750375,245.15,54,4,2910,6000,56
703.817657077,244.99,87,52,2910,6000,55
704.342995788,227.18,54,5,2910,6000,55
704.868736902,240.49,54,5,2895,6000,57
705.393381877,246.51,56,5,2910,6000,55
705.917657843,213.87,56,5,2887,6000,59
706.443074951,240.75,53,4,2910,6000,56
706.969942981,225.81,53,4,2910,6000,55
707.494594157,246.54,58,11,2887,6000,56
708.020278452,245.50,58,11,2910,6000,56
708.546257476,203.79,63,21,2895,6000,59
709.071025053,241.68,63,21,2910,6000,55
709.598228427,241.46,56,5,2910,6000,56
710.123461315,241.06,56,5,2872,6000,57
710.650342719,241.15,57,5,2910,6000,55
711.174675731,192.98,57,5,2910,6000,57
711.699323149,244.87,53,4,2910,6000,56
712.226830810,241.12,53,4,2910,6000,55
712.751887273,229.86,88,52,2865,6000,58
713.276398663,239.87,88,52,2910,6000,56
713.803398590,204.07,55,5,2910,6000,55
714.328316470,241.08,55,5,2910,6000,56
714.852653869,218.05,55,5,2880,6000,60
715.377987487,247.78,54,4,2910,6000,55
715.905061955,238.58,54,4,2910,6000,55
716.430199961,240.70,53,4,2887,6000,56
716.955967642,246.39,53,4,2910,6000,55
717.482413317,204.44,74,32,2895,6000,59
718.007003595,244.11,74,32,2910,6000,56
718.535591702,240.80,53,4,2910,6000,55
719.060719929,240.36,53,4,2880,6000,56
719.585730773,244.80,57,5,2910,6000,55
720.110618243,192.88,57,5,2902,6000,58
720.635828195,246.37,54,5,2910,6000,56
721.165003404,240.84,54,5,2910,6000,55
721.689598861,236.73,87,52,2865,6000,57
722.214938307,242.60,87,52,2910,6000,55
722.739804206,199.68,57,5,2910,6000,55
723.264250930,246.07,57,5,2902,6000,56
723.790795300,243.28,53,4,2910,6000,55
724.315641190,246.33,54,5,2910,6000,55
724.841457180,215.83,54,5,2910,6000,55
725.366916222,247.23,57,5,2895,6000,56
725.891092793,245.37,57,5,2910,6000,56
726.416897971,207.62,77,39,2887,6000,59
726.942492490,240.40,77,39,2910,6000,55
727.470575056,240.57,53,5,2910,6000,56
727.995098363,245.10,53,5,2880,6000,56
728.519897123,245.93,57,5,2910,6000,55
729.045279288,202.80,57,5,2902,6000,58
729.570266254,245.29,56,5,2910,6000,55
730.097701221,240.20,56,5,2910,6000,55
730.622302195,234.40,87,52,2865,6000,58
731.147310110,247.12,87,52,2910,6000,55
731.672092468,221.69,53,4,2910,6000,56
732.217543191,237.63,53,4,2902,6000,55
732.744462550,234.46,36,3,2910,6000,54
733.269013147,183.66,36,3,2910,6000,56
733.794616952,235.35,51,4,2910,6000,56
734.319098538,223.62,87,52,2880,6000,59
734.843592437,243.54,87,52,2910,6000,55
735.369143641,232.65,54,4,2910,6000,55
735.894985887,239.90,54,4,2895,6000,55
736.419305476,244.21,53,5,2910,6000,55
736.945022414,205.88,53,5,2887,6000,59
737.470028363,240.04,56,5,2910,6000,55
737.998830610,231.22,56,5,2910,6000,55
738.524828370,246.03,67,27,2880,6000,56
739.050416332,240.55,67,27,2910,6000,55
739.576399263,204.36,50,4,2902,6000,58
740.102340416,246.05,50,4,2910,6000,55
740.629937276,244.83,57,5,2910,6000,55
741.155243825,238.62,57,5,2865,6000,57
741.680639292,245.60,54,4,2910,6000,55
742.206228746,197.79,54,4,2910,6000,56
742.732321274,239.81,53,5,2902,6000,56
743.259288891,240.54,53,5,2910,6000,55
743.785447043,223.81,87,52,2880,6000,59
744.312371809,213.13,51,4,2910,6000,55
744.837732929,244.12,51,4,2887,6000,56
745.364225465,245.76,57,5,2910,6000,55
745.891827093,203.10,57,5,2895,6000,59
746.417564958,242.11,50,4,2910,6000,56
746.943026288,241.44,50,4,2910,6000,55
747.467644690,245.95,73,35,2872,6000,56
747.991920522,241.48,73,35,2910,6000,55
748.516039757,208.05,57,5,2902,6000,58
749.039908287,245.20,57,5,2910,6000,55
749.568078402,244.21,53,4,2910,6000,56
750.093395968,233.24,53,4,2865,6000,58
750.617700434,239.09,57,5,2910,6000,55
751.141717374,199.28,57,5,2910,6000,55
751.667498990,240.37,50,4,2902,6000,56
752.194870881,243.35,50,4,2910,6000,55
752.719575986,210.11,86,51,2887,6503,59
753.244016078,238.83,86,51,2910,6503,55
753.768127046,239.61,56,5,2910,6557,56
754.291843055,239.93,56,5,2880,6557,56
754.817939777,190.96,57,5,2910,6557,58
755.342355623,238.96,57,5,2910,6557,56
755.868082143,244.98,57,5,2910,6557,55
756.392701674,235.09,88,52,2865,6557,57
756.917083865,239.18,88,52,2910,6557,56
757.444795208,201.76,53,4,2910,6557,55
757.969125531,244.49,53,4,2902,6557,55
758.492907714,239.18,56,5,2910,6557,56
759.016492433,217.79,56,5,2880,6557,60
759.541609947,245.15,55,5,2910,6589,55
760.067646794,236.52,55,5,2910,6589,55
760.591832712,239.88,51,4,2887,6589,56
761.115871481,239.80,51,4,2910,6589,55
761.639951288,193.35,60,12,2902,6589,58
762.164194203,243.66,60,12,2910,6589,56
762.690931738,240.64,53,4,2910,6589,55
763.214873513,242.86,53,4,2865,6589,56
763.738456096,242.96,51,4,2910,6589,55
764.262166682,213.69,51,4,2910,6589,54
764.786822089,238.06,56,5,2902,6589,56
765.315281457,216.56,87,52,2880,6591,60
765.839131317,243.50,87,52,2910,6591,55
766.362623337,216.46,48,4,2910,6591,54
766.886708182,237.52,48,4,2880,6591,56
767.410828233,243.60,53,4,2910,6591,55
767.937759193,191.92,53,4,2902,6591,58
768.462015603,239.92,50,4,2910,6591,55
768.987179242,241.08,50,4,2910,6591,54
769.517271435,243.16,88,52,2865,8447,57
770.043219812,239.53,88,52,2910,10719,55
770.571550325,214.83,58,6,2910,13761,55
771.096025067,244.55,58,6,2895,13853,55
771.620870212,240.18,56,5,2910,14407,55
772.145599377,203.48,56,5,2902,16131,55
772.668719010,258.12,50,4,2895,16145,56
773.193295324,262.49,50,4,2902,16165,55
773.716960591,221.57,97,6,2902,16165,57
774.243658067,241.30,97,6,2902,16165,56
774.767853589,261.09,98,12,2902,16165,58
775.291155116,298.90,98,12,2887,16165,58
775.814813861,264.70,98,9,2902,16165,57
776.338722789,258.85,97,6,2902,16165,57
776.862137490,256.86,97,6,2902,16165,56
777.386131880,258.72,99,9,2902,16165,56
777.910740154,256.24,99,9,2910,16165,57
778.435145733,257.18,99,8,2902,16165,57
778.961727749,260.40,99,8,2902,18743,57
779.485161375,307.60,98,40,2805,18743,60
780.010092811,346.82,98,40,2902,18745,58
780.534038107,310.11,98,8,2910,18745,56
781.057724843,262.89,98,8,2910,18745,57
781.581399596,260.66,99,8,2910,18745,57
782.105202091,265.32,99,8,2910,18745,56
782.628508525,262.12,97,5,2910,18745,56
783.152306532,260.03,97,5,2910,18745,57
783.675468161,259.06,99,8,2910,18745,57
784.199170366,263.12,99,8,2902,18745,56
784.724860819,259.72,97,5,2910,18745,57
785.250000809,258.62,97,5,2910,18745,57
785.775249334,262.72,99,8,2910,18745,57
786.299279029,283.53,99,8,2895,18745,58
786.823882511,277.36,99,7,2910,18745,57
787.347449388,261.10,99,8,2902,18745,57
787.870737696,262.69,99,8,2910,18745,56
788.394536773,261.43,99,8,2910,18745,56
788.917278185,256.55,99,8,2910,18745,57
789.441489002,258.80,98,7,2902,18745,57
789.967100003,264.18,98,7,2850,18745,60
790.491576494,303.88,96,6,2850,18745,57
791.016512766,307.55,96,6,2910,18745,57
791.540551616,262.58,99,9,2910,18745,57
792.064820733,262.97,99,9,2902,18745,57
792.590733396,264.62,99,8,2910,18745,58
793.115962943,287.50,99,8,2887,18745,58
793.639882617,302.96,97,6,2902,18745,57
794.165721349,276.98,97,6,2910,18745,57
794.689929419,261.35,99,8,2910,18745,57
795.214098766,261.07,99,8,2910,18745,57
795.737837336,261.97,99,8,2910,18745,57
796.260749690,262.78,99,8,2910,18745,57
796.785346597,262.32,99,8,2910,18745,57
797.308678906,261.87,99,8,2910,18745,57
797.832041553,262.66,99,9,2910,18745,58
798.356111521,260.90,99,8,2910,18745,57
798.881043863,261.30,99,8,2910,18745,57
799.404879917,261.51,99,9,2910,18745,58
799.928416032,261.57,99,9,2910,18745,58
800.452809623,276.75,99,16,2895,18745,58
800.976526701,300.10,99,16,2887,18745,57
801.499740544,287.55,98,6,2910,18745,57
802.023609309,262.41,98,6,2910,18745,57
802.548262501,261.27,97,13,2872,18745,59
803.071906120,304.09,97,13,2827,18745,58
803.595286458,303.27,98,6,2910,18745,57
804.118949202,261.45,98,6,2910,18745,58
804.642109704,258.90,98,6,2910,18745,57
805.165765354,259.46,98,6,2910,18745,57
805.689861469,259.45,99,7,2910,18745,57
806.213710997,262.90,99,7,2910,18745,57
806.738613721,263.83,99,8,2910,18745,57
807.261930669,264.56,99,8,2910,18745,57
807.785280879,263.68,99,9,2910,18745,57
808.308593278,273.55,99,9,2895,18745,58
808.832514611,288.33,100,13,2910,18745,58
809.356403883,264.82,99,8,2910,18745,58
809.880148851,261.73,99,8,2902,18745,58
810.404998734,261.36,99,8,2910,18745,57
810.930221514,262.66,99,8,2910,18745,57
811.453492443,262.16,99,8,2910,18745,57
811.978488683,261.30,99,8,2910,18745,57
812.503158905,260.20,99,8,2910,18745,57
813.027177942,261.87,99,8,2910,18745,58
813.551326044,263.39,99,8,2910,18745,58
814.074416671,263.73,99,8,2910,18745,58
814.598345647,264.27,98,8,2910,18745,57
815.123064480,264.59,98,8,2910,18745,58
815.649860391,269.18,97,21,2865,18745,60
816.173357047,336.96,97,21,2797,18745,63
816.696704280,349.66,99,8,2910,18745,58
817.221330507,277.14,99,8,2910,18745,58
817.746352895,262.90,99,7,2910,18745,58
818.271579099,261.78,99,7,2910,18745,58
818.795929182,261.90,100,8,2910,18745,58
819.321496313,263.60,99,9,2910,18745,57
819.845947678,262.87,99,9,2910,18745,58
820.369965761,263.36,99,8,2910,18745,57
820.895262960,260.56,99,8,2910,18745,58
821.419290030,261.38,100,8,2910,18745,58
821.942708266,263.13,100,8,2910,18745,58
822.466562017,262.39,99,8,2910,18745,57
822.990913031,263.60,99,8,2910,18745,57
823.514755681,283.33,98,25,2887,18745,58
824.038742214,300.67,98,25,2895,18745,58
824.562478301,289.51,99,8,2910,18745,57
825.085832485,268.50,99,8,2910,18745,57
825.610135828,262.72,99,9,2910,18745,57
826.135025252,262.12,99,9,2910,18745,57
826.658691526,262.53,100,8,2910,18745,57
827.182834745,258.87,100,8,2910,18745,58
827.706209167,260.04,99,9,2910,18745,58
828.229981763,262.69,99,9,2910,18745,58
828.754107157,263.67,100,8,2910,18745,58
829.278025810,291.57,100,8,2790,18745,61
829.801176466,308.33,99,7,2910,18745,58
830.324861015,263.02,100,9,2910,18745,58
830.848287945,275.72,100,9,2895,18745,58
831.371406179,301.08,97,32,2887,18745,58
831.894667996,285.94,97,32,2910,18745,58
832.418988871,270.07,98,6,2910,18745,58
832.943469868,259.35,98,6,2910,18745,58
833.468094709,261.22,99,8,2910,18745,57
833.991652085,264.71,99,8,2910,18745,57
834.515401506,263.43,99,8,2902,18745,57
835.038897435,263.11,99,8,2910,18745,58
835.562936655,264.25,100,8,2910,18745,58
836.086570476,262.61,100,8,2910,18745,58
836.609731370,262.35,99,9,2910,18745,58
837.133048641,263.09,99,9,2910,18745,58
837.656718940,265.19,99,8,2910,18745,58
838.180919605,265.89,99,8,2910,18745,58
838.704683532,266.77,99,9,2910,18745,58
839.228190442,278.37,99,9,2902,18745,59
839.752327316,298.85,98,21,2887,18745,58
840.276390089,286.35,98,21,2910,18745,58
840.800549765,261.88,98,6,2910,18745,58
841.325023046,262.12,98,5,2910,18745,58
841.850910990,264.37,98,5,2910,18747,59
842.378030638,305.20,98,26,2790,18747,59
842.907224738,276.45,98,26,2910,6000,57
843.431621343,250.81,54,5,2895,6000,57
843.956984301,249.29,54,5,2910,6000,56
844.482084580,216.50,88,51,2880,6000,60
845.006958028,245.95,88,51,2910,6000,57
845.535107358,242.37,50,4,2910,6000,57
846.060807664,242.55,50,4,2887,6000,57
846.585856575,247.05,57,5,2910,6000,56
847.110294969,201.63,57,5,2895,6000,60
847.635036487,246.20,56,5,2910,6000,56
848.161766495,240.13,56,5,2910,6000,57
848.686241938,240.34,75,41,2872,6000,58
849.210626920,245.84,75,41,2910,6000,56
849.735782091,192.87,55,5,2910,6000,58
850.260447875,240.53,55,5,2910,6000,57
850.783511712,240.93,56,5,2910,6000,56
851.308994334,230.01,56,5,2872,6000,58
851.836750877,225.77,53,4,2910,6000,56
852.362077133,241.26,57,5,2902,6000,56
852.886608431,245.60,57,5,2910,6000,56
853.412739843,219.11,87,52,2880,6000,60
853.937272233,241.23,87,52,2910,6000,56
854.463385590,238.43,56,5,2910,6000,56
854.988724359,240.54,56,5,2887,6000,57
855.513517042,246.05,53,4,2910,6000,56
856.038065352,204.79,53,4,2895,6000,60
856.563251490,240.05,54,5,2910,6000,57
857.091196399,241.44,54,5,2910,6000,56
857.615076440,241.28,69,28,2880,6000,57
858.138870971,245.71,69,28,2910,6000,56
858.664579449,193.29,51,4,2902,6000,59
859.190450857,242.21,51,4,2910,6000,56
859.717503864,247.17,56,5,2910,6000,56
860.242229639,243.03,56,5,2865,6000,58
860.766339036,242.14,51,4,2910,6000,56
861.291567404,217.19,51,4,2910,6000,56
861.816654012,240.87,55,5,2910,6000,56
862.343566984,207.46,77,44,2887,6503,59
862.867339631,243.63,77,44,2910,6503,56
863.391538467,226.83,53,5,2910,6503,56
863.915628325,240.09,53,5,2880,6557,57
864.439887866,245.21,56,5,2910,6557,56
864.963886842,191.55,56,5,2902,6557,59
865.489889566,244.70,50,4,2910,6557,57
866.016904029,239.65,50,4,2910,6557,55
866.540515020,237.11,88,52,2865,6557,58
867.064824464,245.58,88,52,2910,6557,57
867.590026801,196.62,56,5,2910,6557,55
868.114339241,240.60,56,5,2910,6557,56
868.641436570,245.58,50,4,2910,6557,56
869.165197824,228.35,50,4,2872,6589,61
869.697115452,240.70,56,5,2910,6589,56
870.221817229,229.99,56,5,2910,6589,56
870.746128686,245.03,60,5,2895,6589,56
871.273271461,244.58,60,5,2910,6589,55
871.797287799,199.88,67,26,2895,6589,59
872.321130026,235.79,56,5,2910,6589,55
872.844918832,244.04,56,5,2872,6589,57
873.369234927,245.16,50,4,2910,6589,56
873.896165699,193.09,50,4,2910,6589,58
874.419797818,240.11,55,5,2910,6589,56
874.943953789,241.53,55,5,2910,6589,56
875.468393168,234.76,87,52,2865,6591,58
875.993149487,240.11,87,52,2910,6591,56
876.519513915,223.31,55,5,2910,6591,55
877.043912747,244.41,55,5,2895,6591,56
877.568452315,240.05,52,4,2910,6591,56
878.092627732,210.76,52,4,2887,6591,60
878.617319439,243.30,52,4,2910,6591,56
879.146211949,223.64,52,4,2910,6591,55
879.671427498,244.66,58,13,2880,9567,57
880.197902845,238.27,58,13,2910,13761,55
880.722263954,195.22,57,5,2910,13825,57
881.246093696,239.77,57,5,2910,14311,56
881.771700056,240.90,73,5,2910,16129,55
882.297430751,207.41,73,5,2910,16143,58
882.821392452,261.81,56,5,2910,16165,57
883.345124327,236.45,97,6,2902,16165,57
883.868587313,254.48,97,6,2902,16165,58
884.392470445,260.48,99,9,2902,16165,57
884.917257481,283.40,99,9,2887,16165,59
885.441873762,301.63,98,9,2902,16165,57
885.965158459,280.31,98,9,2902,16165,57
886.489410480,259.63,98,8,2902,16165,57
887.014195622,259.37,98,8,2902,16165,57
887.538079625,257.07,99,8,2902,16165,58
888.062568905,260.22,99,8,2902,16165,57
888.586940592,257.84,97,5,2902,16209,57
889.112444987,253.44,97,5,2872,18743,59
889.636869855,320.58,97,38,2820,18745,60
890.161568502,341.30,97,38,2895,18745,58
890.687651162,292.49,99,9,2910,18745,58
891.211893263,268.62,99,9,2902,18745,58
891.735785420,266.97,98,7,2910,18745,57
892.259571837,261.84,98,7,2902,18745,58
892.783100455,263.05,99,8,2902,18745,57
893.307047386,264.96,99,8,2910,18745,58
893.831185760,260.99,98,8,2910,18745,58
894.356561830,261.22,99,8,2902,18745,58
894.881737180,262.31,99,8,2902,18745,58
895.407226083,261.20,99,8,2902,18745,57
895.931904841,266.41,99,8,2895,18745,59
896.454977334,297.42,99,18,2895,18745,58
896.980151821,300.67,99,18,2902,18745,57
897.504609249,269.90,98,6,2910,18745,57
898.028603789,256.20,98,6,2910,18745,57
898.552562902,259.33,98,7,2910,18745,58
899.076056622,258.85,98,7,2910,18745,58
899.602014695,262.93,99,8,2902,18745,57
900.128123603,280.30,99,8,2790,18745,60
900.652065212,308.14,99,8,2895,18745,58
901.175864461,293.69,99,8,2902,18745,58
901.700192413,260.49,99,8,2902,18745,58
902.224517489,263.13,99,8,2910,18745,58
902.748645080,264.28,99,8,2910,18745,58
903.273328924,272.16,99,8,2895,18745,59
903.797219411,297.09,99,17,2895,18745,59
904.321951618,269.62,99,8,2902,18745,58
904.845950511,262.87,99,8,2902,18745,58
905.370105723,264.02,99,8,2910,18745,58
905.894855058,264.68,99,8,2910,18745,57
906.419211237,265.04,99,8,2910,18745,58
906.944153624,265.43,99,8,2902,18745,58
907.468391415,265.01,99,8,2902,18745,58
907.991715963,262.43,99,8,2902,18745,58
908.516827741,261.07,99,8,2902,18745,58
909.041168865,262.09,99,8,2910,18745,58
909.565611608,260.23,99,8,2910,18745,58
910.090634546,261.25,99,8,2902,18745,58
910.614972206,265.37,99,18,2902,18745,58
911.138676621,291.76,99,18,2887,18745,58
911.663372454,295.37,100,9,2902,18745,58
912.189762317,272.99,100,9,2902,18745,58
912.714992415,273.93,98,28,2835,18745,61
913.239198571,309.37,98,28,2865,18745,59
913.762997543,308.41,98,7,2910,18745,58
914.285744581,261.25,98,7,2902,18745,57
914.809552976,261.40,98,7,2902,18745,57
915.334136268,261.32,97,5,2910,18745,58
915.859436467,261.34,97,5,2910,18745,58
916.384083987,259.27,97,5,2910,18745,58
916.908403019,258.98,97,5,2910,18745,58
917.432241438,263.32,98,6,2910,18745,58
917.956077685,264.78,98,6,2895,18745,59
918.480243419,293.11,100,15,2895,18745,59
919.004142239,298.60,100,15,2910,18745,58
919.527342938,275.24,99,8,2910,18745,58
920.051592998,262.40,99,8,2910,18745,58
920.574899552,262.54,99,8,2910,18745,57
921.099075309,263.15,99,8,2910,18745,58
921.623810648,262.24,99,9,2910,18745,58
922.148954650,262.33,99,9,2910,18745,58
922.673957410,262.76,99,8,2910,18745,58
923.198540820,262.39,99,8,2910,18745,58
923.724383121,261.73,99,9,2910,18745,58
924.248504025,262.58,99,9,2910,18745,58
924.772204928,262.06,99,8,2910,18745,58
925.298349259,260.13,99,8,2910,18745,58
925.822890215,341.10,98,28,2812,18745,61
926.347747262,351.13,99,9,2902,18745,57
926.873719227,274.00,99,9,2910,18745,58
927.398673724,263.51,99,8,2910,18745,58
927.922342495,264.70,99,8,2910,18745,58
928.446301830,263.93,99,7,2902,18745,58
928.969886308,262.28,99,7,2910,18745,58
929.493932984,262.18,100,8,2902,18745,58
930.018226757,263.63,100,8,2910,18745,58
930.543588714,264.02,99,8,2910,18745,58
931.067784168,263.05,99,8,2910,18745,58
931.591811420,261.53,99,8,2910,18745,58
932.115918333,261.12,99,8,2910,18745,58
932.640602342,261.59,99,8,2902,18745,58
933.166482120,261.51,99,8,2910,18745,58
933.691054023,280.75,98,24,2887,18745,59
934.215358432,299.52,98,24,2895,18745,59
934.739434725,289.36,99,8,2910,18745,57
935.263199011,265.19,99,8,2910,18745,57
935.787703198,262.92,99,9,2910,18745,57
936.311834754,263.64,99,9,2910,18745,58
936.835986701,260.44,99,8,2902,18745,58
937.359767562,261.23,100,8,2902,18745,58
937.883946556,263.95,100,8,2910,18745,58
938.408195126,263.64,99,8,2910,18745,58
938.933504641,287.19,99,8,2782,18745,62
939.457543672,310.93,99,8,2902,18745,58
939.981941281,285.01,99,8,2902,18745,58
940.507039990,263.72,99,8,2902,18745,58
941.032337454,279.22,99,8,2887,18745,59
941.556187681,298.80,96,27,2895,18745,59
942.081374884,285.32,96,27,2902,18745,58
942.606308774,269.67,98,7,2910,18745,58
943.130943990,261.36,98,7,2910,18745,57
943.655786283,264.46,99,8,2902,18745,58
944.180055434,263.75,99,8,2910,18745,57
944.704999144,263.92,99,9,2902,18745,58
945.228407426,263.18,99,9,2902,18745,58
945.752260211,261.90,99,8,2902,18745,58
946.276600911,261.11,99,8,2902,18745,58
946.801542839,261.80,99,8,2910,18745,58
947.325747478,260.43,99,8,2910,18745,58
947.850031710,260.80,99,8,2902,18745,58
948.373789240,263.28,99,8,2902,18745,58
948.898936939,286.72,99,8,2887,18745,59
949.423295611,302.93,97,14,2895,18745,58
949.948964610,280.95,97,14,2902,18745,58
950.474362963,264.34,98,6,2910,18745,58
950.998861366,266.74,98,6,2910,18745,58
951.523414248,263.81,99,8,2910,18745,57
952.050102444,266.02,99,8,2910,18747,57
952.576029688,304.10,98,30,2782,18747,60
953.100530579,282.89,98,30,2910,6000,57
953.625727168,261.34,53,4,2895,6000,57
954.152227011,248.84,53,4,2910,6000,56
954.677680241,211.22,78,45,2887,6000,61
955.203132872,241.17,78,45,2910,6000,56
955.728078670,239.91,53,5,2910,6000,57
956.253139296,245.33,53,5,2880,6000,58
956.781140551,241.26,57,5,2910,6000,56
957.306207185,194.92,57,5,2902,6000,60
957.830798154,241.97,53,4,2910,6000,56
958.355564056,245.08,88,52,2865,6000,58
958.882040442,246.33,88,52,2910,6000,57
959.409697342,217.23,56,5,2910,6000,57
959.935199433,241.77,56,5,2910,6000,56
960.460456456,242.24,53,5,2910,6000,57
960.985988579,229.46,53,5,2872,6000,61
961.519842167,241.95,57,5,2910,6000,56
962.048288601,229.99,57,5,2910,6000,56
962.574109181,240.11,56,5,2895,6000,57
963.098352081,240.48,56,5,2910,6000,56
963.624555449,209.62,78,42,2887,6000,60
964.149974107,246.39,78,42,2910,6000,57
964.673601424,228.63,56,5,2910,6000,56
965.198658435,244.62,56,5,2880,6000,57
965.726269333,246.02,56,5,2910,6000,56
966.251675018,201.24,56,5,2902,6000,60
966.776380264,241.34,51,4,2910,6000,57
967.302263417,246.24,51,4,2910,6000,56
967.827335721,239.84,86,51,2910,6000,56
968.355653760,214.89,53,5,2910,6000,57
968.879639608,244.51,53,5,2902,6000,57
969.404702343,245.78,56,5,2910,6000,56
969.931158252,221.23,56,5,2880,6000,61
970.456294223,245.16,55,5,2910,6000,56
970.984837240,214.11,55,5,2910,6000,56
971.509732161,245.44,57,5,2895,6000,56
972.034750766,244.52,57,5,2910,6000,56
972.559495479,208.33,78,42,2887,6000,60
973.084779001,247.05,78,42,2910,6000,56
973.612366941,230.33,56,5,2910,6000,56
974.136588632,242.03,56,5,2880,6000,57
974.661312648,248.13,53,4,2910,6000,56
975.186526720,198.06,53,4,2902,6000,60
975.711499962,246.99,56,5,2910,6000,56
976.235791748,242.64,56,5,2910,6000,56
976.760844034,241.69,81,47,2872,6000,58
977.288031798,245.79,81,47,2910,6000,56
977.812504855,192.09,51,4,2910,6000,58
978.337763299,239.53,56,5,2910,6000,55
978.863880328,230.97,56,5,2872,6000,59
979.389556438,239.68,51,4,2910,6000,56
979.917231255,224.60,51,4,2910,6000,56
980.442436340,244.39,50,4,2895,6000,57
980.967470635,240.32,50,4,2910,6000,55
981.491543217,213.07,88,52,2887,6000,60
982.016898643,245.58,88,52,2910,6000,56
982.546569968,224.03,50,4,2910,6000,56
983.071814752,246.34,50,4,2887,6000,57
983.596592577,245.42,57,5,2910,6000,56
984.123778223,201.91,57,5,2895,6000,60
984.649721376,241.17,54,4,2910,6000,56
985.177450134,237.66,54,4,2910,6000,56
985.702013245,244.02,74,39,2872,6000,58
986.227308401,239.52,74,39,2910,6000,55
986.752180532,207.62,53,4,2910,6000,57
987.277926555,243.98,53,4,2910,6000,56
987.801440335,244.76,56,5,2910,6000,56
988.325997028,246.80,53,4,2910,6000,56
988.853602382,228.65,53,4,2910,6000,55
989.378342147,241.18,57,5,2895,6000,56
989.903418109,241.54,57,5,2910,6000,55
990.428310708,207.75,76,43,2887,6000,59
990.953259735,243.14,76,43,2910,6503,56
991.480326317,227.60,52,4,2910,6503,56
992.004229283,238.95,52,4,2880,6589,57
992.528651505,237.92,56,5,2910,6589,55
993.051946388,190.18,56,5,2910,6589,58
993.576059342,240.21,51,4,2910,6589,55
994.104220133,243.38,51,4,2910,6589,56
994.629466353,223.20,88,52,2872,6589,60
995.152773381,240.05,88,52,2910,6589,55
995.676324223,209.94,55,5,2910,6589,56
996.199856962,245.12,55,5,2895,6589,57
996.727862085,241.59,54,4,2910,6589,56
997.250778716,212.52,54,4,2887,6589,60
997.775312897,246.26,57,5,2910,6589,56
998.300455279,226.38,57,5,2910,6589,56
998.823935343,246.47,50,5,2910,6589,55
999.353686238,200.75,61,22,2895,6589,59
999.877383948,240.53,61,22,2910,6589,55
1000.401581708,237.57,55,5,2910,6589,56
1000.925587225,243.54,55,5,2872,6587,58
1001.449979497,244.91,56,5,2910,6587,55
1001.977301115,209.42,56,5,2910,6587,58
1002.502105061,239.77,49,4,2910,6587,56
1003.027156154,240.00,49,4,2910,6587,55
1003.550479538,231.39,87,52,2872,6587,58
1004.075442691,240.60,87,52,2910,6587,56
1004.601475049,225.89,53,5,2910,6621,56
1005.126031769,238.32,53,5,2895,6621,56
1005.649646564,242.73,56,5,2910,6655,55
1006.173431472,194.33,56,5,2895,6655,59
1006.698108720,240.82,56,5,2910,6655,56
1007.227343551,242.27,56,5,2910,6655,55
1007.751774088,240.48,88,52,2865,6657,57
1008.275740851,239.27,88,52,2910,6671,56
1008.802832731,216.54,57,5,2910,6699,56
1009.328981883,245.06,53,4,2910,6000,55
1009.856615262,195.30,53,4,2902,6000,59
1010.380806159,239.73,56,5,2910,6000,56
1010.925257220,240.50,56,5,2910,6000,55
1011.461450161,232.48,77,45,2872,6000,57
1011.986521188,236.91,77,45,2910,6000,56
1012.514226608,212.95,56,5,2910,6000,55
1013.038786234,243.88,56,5,2887,6000,56
1013.562981668,244.50,50,4,2910,6000,55
1014.089978675,204.99,50,4,2887,6000,59
1014.614722419,239.48,57,5,2910,6000,55
1015.142542107,229.66,57,5,2910,6000,55
1015.667566777,239.22,62,23,2880,6000,57
1016.192541615,239.20,62,23,2910,6000,55
1016.717917224,191.13,49,4,2902,6000,58
1017.244370611,238.53,49,4,2910,6000,55
1017.770417573,243.66,55,5,2910,6000,55
1018.296722645,239.08,55,5,2865,6000,58
1018.827267361,199.10,53,4,2910,6000,55
1019.352915448,245.69,56,5,2902,6000,56
1019.877551815,242.31,56,5,2910,6000,55
1020.401579285,226.15,86,51,2880,6000,59
1020.926993356,240.93,86,51,2910,6000,55
1021.456450251,232.69,50,4,2910,6000,56
1021.982584749,246.16,50,4,2895,6000,56
1022.510358068,245.87,57,5,2910,6000,55
1023.035949625,209.64,57,5,2887,6000,59
1023.561476945,239.14,50,4,2910,6000,55
1024.088956565,225.24,50,4,2910,6000,55
1024.613844382,239.10,59,13,2887,6000,56
1025.138789589,239.68,59,13,2910,6000,56
1025.664595416,198.63,63,21,2895,6000,59
1026.189303891,239.80,63,21,2910,6000,56
1026.712748110,238.12,56,5,2910,6000,55
1027.238896611,239.51,56,5,2872,6000,57
1027.766270200,239.72,55,5,2910,6000,55
1028.290970801,192.05,55,5,2910,6000,58
1028.817097940,239.79,55,5,2910,6000,56
1029.342925786,236.11,88,52,2865,6000,57
1029.868463146,245.17,88,52,2910,6000,55
1030.395896021,220.50,56,5,2910,6000,55
1030.920948088,237.39,56,5,2895,6503,56
1031.444745659,243.12,56,5,2910,6503,55
1031.968750161,208.88,56,5,2887,6557,59
1032.492422300,238.98,52,4,2910,6589,55
1033.019704081,222.93,52,4,2910,6589,55
1033.544978623,241.85,56,21,2880,6589,56
1034.069993666,235.81,56,21,2910,7092,55
1034.594422505,188.71,65,5,2910,7092,55
1035.118483230,240.53,65,5,2902,7092,56
1035.643371582,235.94,57,5,2910,7178,55
1036.167790319,205.75,57,5,2887,7178,59
1036.696216582,243.04,56,5,2910,7178,55
1037.231874022,238.08,56,5,2910,7178,55
1037.755678345,236.97,71,33,2880,7178,56
1038.282938993,241.04,71,33,2910,7178,55
1038.806424960,188.20,52,4,2910,7180,57
1039.330166523,237.19,56,5,2910,7180,55
1039.854359190,226.77,56,5,2872,7180,60
1040.379329200,236.39,47,4,2910,7756,55
1040.903849040,203.45,47,4,2910,11950,55
1041.428788698,236.47,69,17,2880,12074,56
1041.953256525,239.71,69,17,2910,13804,55
1042.477531451,204.79,56,5,2910,13824,56
1043.001794807,262.52,56,5,2872,13824,58
1043.526189144,301.19,97,6,2902,13824,58
1044.050892717,284.58,97,6,2902,13824,57
1044.575552020,276.40,99,7,2902,13822,57
1045.099927758,275.13,99,7,2902,13822,58
1045.624866544,274.53,98,7,2902,13822,57
1046.150321968,282.39,98,7,2902,13822,58
1046.674805329,288.32,98,10,2902,13822,57
1047.199240319,292.00,98,10,2902,13822,58
1047.735931395,295.83,98,10,2902,13822,58
1048.261207370,309.86,98,10,2865,6621,57
1048.785370665,266.46,50,4,2910,6621,55
1049.310052703,217.14,50,4,2910,6655,56
1049.835062442,238.77,60,11,2910,6655,55
1050.363776225,193.50,60,13,2902,6655,58
1050.887652988,243.16,60,13,2910,6657,56
1051.411742997,240.96,50,4,2910,6675,55
1051.936747737,199.95,50,4,2895,6705,59
1052.462717204,238.20,50,4,2910,6000,55
1052.990637037,239.60,50,4,2910,6000,55
1053.515249924,243.54,73,35,2872,6000,56
1054.040722127,238.78,73,35,2910,6000,55
1054.566154719,205.77,56,5,2910,6000,58
1055.090643468,242.90,56,5,2910,6000,55
1055.617602811,238.86,50,4,2910,6000,55
1056.142716366,234.22,50,4,2865,6000,58
1056.667477719,244.41,56,5,2910,6000,55
1057.192907476,193.11,56,5,2910,6000,55
1057.718484456,239.13,53,4,2902,6000,56
1058.245544680,240.08,53,4,2910,6000,55
1058.769868175,238.29,87,52,2880,6000,60
1059.295321949,243.38,87,52,2910,6000,55
1059.821473203,192.31,57,5,2910,6000,55
1060.346068830,238.74,53,5,2910,6000,56
1060.874553218,229.45,53,5,2887,6000,59
1061.398971365,243.40,56,5,2910,6000,55
1061.936745955,204.58,56,5,2910,6000,56
1062.459976803,242.07,70,30,2880,6000,56
1062.984229042,241.52,70,30,2910,6503,55
1063.512022368,198.63,49,4,2910,6503,57
1064.036129657,243.15,49,4,2910,7060,55
1064.561025853,233.20,56,5,2910,7092,55
1065.084997010,237.70,56,5,2880,7146,60
1065.610017896,239.15,56,5,2910,7146,55
1066.136461631,191.46,56,5,2910,7146,55
1066.660417549,238.38,57,15,2880,7146,56
1067.183957241,244.45,57,15,2910,7146,56
1067.707846166,219.91,62,19,2895,7146,59
1068.232241290,243.71,62,19,2910,7146,55
1068.756586703,214.39,50,4,2910,7146,55
1069.280276899,237.11,50,4,2872,7146,57
1069.807182716,237.64,56,5,2910,7146,55
1070.331333618,241.88,54,4,2910,7146,55
1070.855580444,232.48,54,4,2910,7178,55
1071.379590926,236.83,87,51,2872,7178,60
1071.904140047,238.54,87,51,2910,7178,56
1072.432097163,205.93,55,5,2910,7178,55
1072.956050834,237.40,55,5,2887,7178,56
1073.481881786,243.29,55,5,2910,7176,55
1074.006136671,217.16,55,5,2895,7176,58
1074.530293444,238.17,56,5,2910,7176,55
1075.056636921,213.43,56,5,2910,7176,55
1075.582045465,242.82,84,49,2872,7176,57
1076.105877319,237.93,84,49,2910,7176,55
1076.629247705,195.18,56,5,2910,7178,55
1077.157634534,241.16,56,5,2902,7212,55
1077.686536580,235.24,49,4,2910,7212,55
1078.210927111,221.36,49,4,2887,7822,59
1078.734959016,240.75,65,5,2910,12016,55
1079.261946931,205.04,65,5,2910,12140,55
1079.786154002,242.90,88,50,2872,14386,58
1080.310808511,255.46,88,50,2902,14412,56
1080.835671346,214.15,90,5,2910,14444,56
1081.360624755,265.08,72,13,2887,14761,57
1081.886315179,273.22,72,13,2902,14761,57
1082.411109562,240.82,98,6,2902,14827,56
1082.936617425,251.11,98,6,2902,14829,57
1083.461302988,246.81,98,6,2902,14832,57
1083.985192827,247.50,98,6,2902,14832,57
1084.511683136,241.29,97,5,2902,14832,56
1085.036794909,269.71,97,5,2887,14832,58
1085.561120171,283.98,97,5,2902,14832,56
1086.085843785,257.49,97,5,2902,14832,56
1086.611240426,239.48,97,7,2902,16684,56
1087.137666524,248.58,97,7,2880,17410,57
1087.662037731,281.29,97,24,2812,17412,58
1088.186850954,287.57,97,24,2902,17412,57
1088.711940784,248.83,96,5,2902,17412,57
1089.236951877,247.67,96,5,2902,17412,56
1089.762430486,250.97,98,8,2902,17412,57
1090.289322889,253.49,98,8,2902,17412,57
1090.813212419,283.61,98,19,2887,17412,59
1091.338337306,254.86,97,6,2902,17412,56
1091.864346216,244.31,97,6,2902,17412,56
1092.389691324,249.32,98,8,2902,17412,57
1092.914159938,245.26,98,8,2902,17412,57
1093.439130783,243.23,97,7,2902,17412,56
1093.964422947,246.21,97,7,2902,17412,56
1094.491308427,252.80,98,8,2902,17412,57
1095.017052169,284.67,98,8,2805,17412,59
1095.544312362,291.90,97,7,2902,17412,57
1096.070014720,289.23,97,7,2887,17412,59
1096.595907543,283.21,98,8,2902,17412,57
1097.120899814,272.57,98,8,2902,17412,57
1097.646162970,251.76,96,4,2910,17412,57
1098.171708362,247.74,96,4,2902,17412,56
1098.697119482,252.66,98,8,2902,17412,57
1099.222516187,253.60,98,8,2902,17412,57
1099.746496919,248.27,96,4,2902,17412,57
1100.272169901,247.33,96,4,2902,17412,56
1100.797352087,249.62,98,9,2902,17412,57
1101.322376838,252.82,98,9,2902,17412,57
1101.847654580,291.00,97,24,2895,17412,57
1102.373775238,274.10,97,6,2902,17412,57
1102.898858756,293.02,97,6,2805,17412,59
1103.424854082,289.26,96,5,2902,17412,57
1103.950279351,248.33,96,5,2902,17412,56
1104.475126661,254.20,98,8,2902,17412,57
1105.001232821,247.23,98,8,2902,17412,57
1105.526138707,247.05,97,7,2902,17412,56
1106.051103714,248.73,97,7,2902,17412,57
1106.576475525,249.99,97,6,2902,17412,57
1107.103769901,257.94,97,6,2895,17412,58
1107.629650788,290.17,96,26,2887,17412,58
1108.155599224,278.50,96,26,2902,17412,56
1108.682111219,252.67,98,8,2902,17412,57
1109.207567699,252.80,98,8,2902,17412,57
1109.732288763,250.92,96,4,2902,17412,57
1110.258790243,248.33,96,4,2902,17412,56
1110.783183702,265.07,97,23,2850,17412,59
1111.309597331,295.73,97,23,2827,17412,57
1111.834467384,251.39,98,9,2902,17412,57
1112.360986758,252.78,96,5,2902,17412,57
1112.886935886,286.55,96,5,2887,17412,59
1113.411682363,289.95,97,5,2902,17412,57
1113.936812176,261.22,97,5,2902,17412,57
1114.462647907,254.38,98,7,2902,17412,58
1114.987688144,250.80,98,7,2902,17412,57
1115.512513470,245.78,97,7,2902,17412,57
1116.038162873,250.70,97,7,2902,17412,58
1116.564922500,254.52,97,6,2902,17412,57
1117.090830707,247.05,97,6,2902,17412,57
1117.615769045,247.71,98,8,2902,17412,57
1118.142395805,256.16,98,8,2902,17412,57
1118.666160779,293.96,97,35,2812,17412,60
1119.191805928,329.79,97,35,2850,17412,58
1119.716729617,294.51,98,9,2902,17412,57
1120.242120049,255.20,98,9,2902,17412,57
1120.767781707,254.38,96,5,2902,17412,57
1121.292365148,248.31,96,5,2902,17412,56
1121.817754845,253.17,98,9,2902,17412,58
1122.343809111,249.46,96,6,2910,17412,57
1122.870246614,250.51,96,6,2902,17412,57
1123.395706511,253.57,98,9,2902,17412,58
1123.921363292,268.84,98,9,2887,17412,58
1124.446920548,289.97,97,9,2895,17412,58
1124.971383365,277.29,97,9,2910,17412,57
1125.496944122,244.48,98,8,2902,17412,57
1126.023053717,252.74,98,8,2902,17412,58
1126.548531482,277.98,97,21,2805,17412,60
1127.074388524,290.38,97,21,2902,17412,58
1127.599839021,262.92,97,6,2902,17412,57
1128.125437409,247.81,97,6,2902,17412,57
1128.651114849,249.41,98,8,2902,17412,57
1129.177058894,253.74,98,8,2902,17412,58
1129.704335823,258.49,96,12,2902,17412,58
1130.229513684,288.42,96,12,2887,17412,59
1130.754359420,284.91,96,4,2902,17412,57
1131.281200240,247.00,96,4,2902,17412,57
1131.807112236,254.41,98,8,2902,17412,58
1132.332594612,245.95,97,6,2902,17412,56
1132.857194972,249.17,97,6,2902,17412,57
1133.383307754,252.51,97,6,2902,17412,58
1133.910852475,255.45,97,6,2902,17412,58
1134.436544416,296.75,97,24,2805,17412,60
1134.964776581,292.55,97,24,2902,17412,57
1135.490579276,280.80,98,19,2887,17412,60
1136.016890934,294.38,98,19,2902,17412,58
1136.542260214,264.05,98,7,2902,17412,57
1137.068294481,254.38,98,7,2902,17412,58
1137.593979332,254.80,97,5,2902,17412,58
1138.120102392,246.21,97,5,2902,17412,56
1138.647172576,250.88,97,6,2902,17412,56
1139.172644910,254.30,97,6,2902,17412,57
1139.697590210,249.81,97,7,2902,17412,57
1140.223496489,246.92,97,7,2902,17412,57
1140.751766039,246.39,98,9,2902,17412,57
1141.278086805,270.49,98,9,2887,17412,59
1141.805290323,293.87,98,12,2895,17414,58
1142.330985963,287.00,97,23,2812,17414,58
1142.856677156,288.45,97,23,2902,17414,58
1143.382545005,252.57,96,4,2902,17414,58
1143.907951674,243.91,96,4,2902,17414,57
1144.434487741,252.07,98,8,2902,17414,58
1144.960792562,249.48,98,8,2902,17414,58
1145.486774986,247.58,97,6,2902,17414,57
1146.013480749,247.01,97,6,2902,17414,57
1146.540627730,259.83,97,15,2902,17414,58
1147.067804307,286.71,97,15,2887,17414,59
1147.593767033,289.73,97,6,2902,17414,58
1148.120039986,254.88,97,6,2902,17414,57
1148.645904360,245.82,98,8,2902,17414,57
1149.170792038,252.83,98,8,2902,17414,58
1149.697389332,246.72,96,4,2902,17414,58
1150.224772662,269.41,96,4,2812,17414,60
1150.750975644,293.90,97,4,2865,17414,58
1151.277013416,269.28,97,4,2902,17414,57
1151.803294720,253.45,98,8,2902,17414,58
1152.331403351,274.98,98,20,2887,17414,59
1152.855987339,291.99,98,20,2902,17414,58
1153.382420507,260.81,97,6,2902,17414,57
1153.907982349,253.07,97,6,2902,17414,58
1154.433825795,251.40,97,6,2902,17414,58
1154.959387300,249.29,97,6,2902,17414,57
1155.484929201,245.56,98,8,2902,17414,57
1156.011151449,254.54,98,8,2902,17414,58
1156.537208247,254.43,97,5,2902,17414,58
1157.062526681,246.22,97,5,2902,17414,57
1157.590635984,250.57,98,9,2902,17414,58
1158.118198875,300.88,98,9,2812,17414,61
1158.643249208,328.44,95,17,2872,17414,58
1159.169530320,262.93,95,17,2910,7067,56
1159.694913517,191.54,53,4,2910,6000,56
1160.220366978,240.36,53,4,2895,6000,57
1160.748843117,239.90,56,5,2910,6000,56
1161.273896676,228.60,56,5,2887,6000,60
1161.798991004,239.46,52,4,2910,6000,56
1162.323414025,204.28,52,4,2910,6000,56
1162.848443575,243.70,58,14,2910,6000,56
1163.375723061,216.06,60,17,2895,6000,59
1163.900635694,245.61,60,17,2910,6000,57
1164.425180083,218.20,50,4,2910,6000,55
1164.949901297,239.97,50,4,2872,6000,57
1165.473797364,238.78,51,4,2910,6000,56
1166.001309199,199.01,51,4,2910,6000,56
1166.526518012,246.12,56,5,2910,6000,57
1167.051071287,239.59,56,5,2910,6000,55
1167.575994665,239.35,88,52,2872,6000,60
1168.101678141,240.12,88,52,2910,6000,56
1168.627981642,191.77,53,4,2910,6000,56
1169.153273882,242.62,53,4,2895,6000,56
1169.681701383,243.95,57,5,2910,6000,56
1170.207447044,229.46,57,5,2887,6000,60
1170.732865620,239.19,50,4,2910,6000,56
1171.259075623,202.49,50,4,2910,6000,56
1171.784750648,244.92,58,14,2880,6000,57
1172.311895473,244.02,58,14,2910,6000,55
1172.836610806,240.00,62,18,2910,6000,56
1173.361767998,216.12,50,4,2910,6000,55
1173.886563055,238.32,50,4,2872,6000,57
1174.411856538,244.24,56,5,2910,6000,56
1174.940046669,204.30,56,5,2910,6000,56
1175.465389770,238.64,50,4,2910,6000,56
1175.990091489,231.18,50,4,2910,6000,56
1176.515543420,244.31,87,52,2872,6000,60
1177.041249732,239.32,87,52,2910,6000,56
1177.565590015,202.88,52,4,2910,6000,55
1178.091078349,243.89,52,4,2902,6000,57
1178.617897523,244.12,53,4,2910,6000,56
1179.144409546,235.45,53,4,2880,6000,60
1179.669972709,241.79,48,4,2910,6000,55
1180.195304164,212.57,48,4,2910,6000,56
1180.720889032,243.30,70,33,2880,6000,57
1181.248251912,245.00,70,33,2910,6000,56
1181.773328312,209.93,55,4,2902,6000,58
1182.298061214,239.73,55,4,2910,6000,56
1182.824089837,238.56,54,5,2910,6000,56
1183.349312479,238.31,53,4,2910,6000,55
1183.877532360,199.86,53,4,2910,6000,56
1184.403306028,243.17,54,5,2902,6000,56
1184.928571486,238.53,54,5,2910,6000,55
1185.453537120,243.29,88,52,2880,6000,60
1185.978587354,239.16,88,52,2910,6000,56
1186.504724588,192.03,50,4,2910,6000,55
1187.029537387,243.49,50,4,2895,6000,56
1187.554910850,243.99,57,5,2910,6000,56
1188.081942810,227.99,57,5,2887,6000,59
1188.606713326,243.81,52,4,2910,6000,55
1189.134961419,223.87,52,4,2910,6000,56
1189.660176791,239.31,59,16,2880,6000,57
1190.185120810,238.89,59,16,2910,6000,55
1190.710440402,217.18,62,15,2902,6000,59
1191.237598402,244.19,62,15,2910,6000,56
1191.763926926,235.20,50,4,2910,6000,55
1192.288988175,238.03,50,4,2872,6000,57
1192.815796309,243.97,57,5,2910,6000,56
1193.341259843,238.80,52,4,2910,6000,56
1193.866398443,239.94,52,4,2910,6000,56
1194.392521428,245.12,88,52,2872,6000,60
1194.917740575,244.00,88,52,2910,6000,55
1195.445430636,205.09,57,5,2910,6000,56
1195.970521955,244.93,57,5,2895,6000,57
1196.495850966,243.35,51,4,2910,6000,55
1197.019838681,234.90,51,4,2880,6000,60
1197.544221357,239.07,57,5,2910,6000,56
1198.071914683,215.59,57,5,2910,6000,55
1198.596441565,243.17,53,4,2887,6000,57
1199.121547332,238.63,53,4,2910,6000,55
1199.646294073,223.39,88,51,2895,6000,59
1200.170273103,244.18,88,51,2910,6000,56
1200.694235024,227.55,50,4,2910,6000,55
1201.219530197,243.33,50,4,2880,6000,56
1201.748876233,245.16,56,5,2910,6000,56
1202.274863849,215.73,56,5,2902,6000,58
1202.800299383,245.31,54,5,2910,6000,56
1203.325076264,240.78,54,5,2910,6000,55
1203.848905374,240.28,52,4,2910,6000,56
1204.376478005,202.78,74,34,2910,6000,56
1204.902512189,243.02,74,34,2910,6000,55
1205.427549249,231.42,53,4,2910,6000,55
1205.952835091,238.24,53,4,2872,6000,60
1206.477288431,237.83,57,5,2910,6000,55
1207.006147314,190.04,57,5,2910,6000,56
1207.531352520,243.46,52,4,2902,6000,56
1208.056825332,237.86,52,4,2910,6000,55
1208.583139529,237.24,87,52,2880,6000,60
1209.107960272,243.56,87,52,2910,6000,56
1209.633447128,216.34,56,5,2910,6000,56
1210.158355351,238.20,56,5,2887,6000,56
1210.685826533,239.25,51,4,2910,6000,56
1211.210939927,221.07,51,4,2895,6000,59
1211.735858044,243.47,57,5,2910,6000,55
1212.262745017,211.14,57,5,2910,6000,55
1212.787135650,239.45,52,4,2880,6000,57
1213.314399388,243.62,52,4,2910,6000,55
1213.840002648,238.34,82,47,2910,6000,56
1214.364185344,224.65,55,5,2910,6000,55
1214.889420371,242.90,55,5,2865,6000,58
1215.414534792,238.42,56,5,2910,6000,56
1215.942469508,198.57,56,5,2910,6000,55
1216.485142349,242.97,50,4,2910,6000,56
1217.027953491,236.63,50,4,2910,6000,56
1217.564191216,225.72,79,47,2887,6000,60
1218.110156277,238.66,79,47,2910,6017,55
1218.637047109,198.07,56,5,2910,6503,55
1219.160965781,236.84,56,5,2880,6503,56
1219.685202938,238.44,57,5,2910,6589,56
1220.210167192,210.20,57,5,2902,6589,57
1220.734753542,236.67,51,4,2910,6589,55
1221.261694327,220.96,51,4,2910,6589,55
1221.786252899,234.99,63,24,2872,6589,60
1222.309744354,236.09,63,24,2910,6589,55
1222.834803967,241.16,53,5,2895,6589,56
1223.359302891,242.74,56,5,2910,6589,55
1223.884647847,228.74,56,5,2887,6589,59
1224.408816731,239.25,52,4,2910,6589,56
1224.932543981,223.73,52,4,2910,6589,55
1225.455955346,238.73,52,4,2880,6589,57
1225.979361963,244.61,52,4,2910,6589,55
1226.504390119,208.45,77,43,2910,6591,57
1227.028403036,239.44,77,43,2910,6591,56
1227.552310406,225.62,52,4,2910,6751,55
1228.076273893,239.97,52,4,2872,11231,59
1228.600411582,238.58,60,8,2910,6000,56
1229.124398327,206.97,60,8,2910,6000,55
1229.648049620,241.89,52,4,2895,6000,56
1230.175024729,243.70,52,4,2910,6000,55
1230.700390708,227.58,87,52,2887,6000,59
1231.225272172,238.19,87,52,2910,6000,55
1231.750620331,201.93,52,4,2910,6000,55
1232.275569306,244.07,52,4,2887,6000,57
1232.805144643,243.57,56,5,2910,6000,55
1233.331516553,238.97,53,4,2910,6000,56
1233.856462928,234.90,53,4,2910,6000,55
1234.380868002,242.40,53,4,2872,6000,56
1234.905762733,239.36,53,4,2910,6000,55
1235.432491315,202.65,75,33,2910,6000,55
1235.957057037,241.90,75,33,2910,6000,55
1236.482127216,238.65,53,4,2910,6000,55
1237.006201232,237.91,53,4,2872,6000,59
1237.531127482,242.15,57,5,2910,6000,55
1238.057559401,190.03,57,5,2910,6000,55
1238.582124712,238.24,50,4,2902,6000,56
1239.109551786,243.21,50,4,2910,6000,55
1239.634147258,240.22,87,52,2880,6000,59
1240.158531060,238.84,87,52,2910,6000,55
1240.683954661,215.40,55,5,2910,6000,55
1241.209267684,237.99,55,5,2887,6000,56
1241.736846064,242.10,51,4,2910,6000,55
1242.261409413,224.23,51,4,2895,6000,59
1242.786308989,242.64,57,5,2910,6000,56
1243.311019450,226.87,57,5,2910,6503,55
1243.836077590,241.56,59,5,2910,6503,56
1244.364187824,202.38,76,36,2910,6503,56
1244.888648476,236.80,76,36,2910,6589,55
1245.413163885,238.07,57,5,2910,6589,55
1245.941147154,242.22,57,5,2872,6589,59
1246.471103467,241.89,53,4,2910,6589,56
1246.998153694,204.77,53,4,2910,6589,55
1247.522704687,243.20,56,5,2895,6589,56
1248.047468393,242.94,56,5,2910,6589,55
1248.571703553,222.35,87,52,2895,6589,59
1249.096387772,238.27,87,52,2910,6589,55
1249.624789625,209.46,53,4,2910,6589,55
1250.149533551,242.88,53,4,2872,6589,57
1250.673493986,237.18,49,4,2910,6589,55
1251.197896470,198.52,49,4,2910,6589,54
1251.721865827,240.79,53,4,2910,6591,55
1252.248716213,230.33,53,4,2910,6591,55
1252.773602928,240.22,73,38,2872,7007,59
1253.298603821,236.86,73,38,2910,11233,55
1253.822613270,206.33,56,5,2910,11331,55
1254.348639374,243.24,74,5,2910,13085,55
1254.873286833,207.65,74,5,2910,13107,56
1255.397886773,280.55,97,6,2880,13107,58
1255.921991218,303.49,97,6,2902,13107,58
1256.446430268,274.35,98,6,2902,13107,57
1256.970071269,274.89,98,6,2902,13107,57
1257.494131356,274.05,98,6,2902,13107,58
1258.018204778,276.72,98,6,2902,13107,57
1258.542569354,283.28,99,9,2902,13107,57
1259.067432524,289.43,99,9,2902,13107,57
1259.592899468,293.07,98,10,2902,13107,58
1260.120321611,291.63,98,10,2902,13107,58
1260.645882526,301.97,50,4,2880,6000,57
1261.170410508,251.84,50,4,2910,6000,55
1261.693997813,201.08,74,33,2910,6503,56
1262.217497284,236.51,74,33,2910,6503,55
1262.745825730,238.78,57,5,2910,6557,56
1263.270643217,242.91,57,5,2872,6589,60
1263.794630625,243.49,53,4,2910,6589,56
1264.318287610,206.01,53,4,2910,6589,55
1264.842419906,242.07,51,4,2910,6589,55
1265.369118207,216.53,88,52,2895,6589,59
1265.893001064,241.10,88,52,2910,6589,55
1266.416407903,211.77,56,5,2910,6589,55
1266.941007428,236.69,56,5,2872,6589,57
1267.464658743,237.48,50,4,2910,6589,55
1267.989958216,202.21,50,4,2910,6589,57
1268.513836333,242.10,56,5,2910,6589,55
1269.037464878,229.57,56,5,2910,6589,56
1269.562478296,238.25,68,28,2872,6591,60
1270.086446206,237.37,68,28,2910,6591,55
1270.611516575,190.75,53,4,2910,7167,56
1271.136383830,243.50,53,4,2895,11361,55
1271.660967551,243.86,59,5,2910,11459,55
1272.185285120,217.73,59,5,2895,13215,58
1272.708758263,256.64,69,5,2910,13235,57
1273.233434113,240.51,69,5,2902,13235,56
1273.757187760,232.53,98,6,2902,13235,56
1274.282541004,256.31,98,6,2902,13235,57
1274.807489905,279.36,98,22,2902,13235,59
1275.332910831,311.73,98,22,2902,13235,59
1275.857861478,283.06,98,6,2902,13235,57
1276.382091445,283.50,98,8,2902,13235,58
1276.905864348,289.11,98,8,2902,13235,58
1277.429527816,290.81,99,9,2902,13235,58
1277.954198891,288.31,99,9,2902,13235,58
1278.480597165,260.44,78,43,2910,6000,58
1279.005352923,245.18,78,43,2910,6000,56
1279.529934935,239.85,56,5,2910,6000,55
1280.055249824,243.39,56,5,2865,6000,58
1280.582523661,245.05,53,4,2910,6000,56
1281.108162336,201.22,53,4,2910,6000,55
1281.633868961,238.02,54,5,2902,6000,55
1282.162028908,241.56,54,5,2910,6000,55
1282.686225150,241.41,88,52,2880,6000,59
1283.211162745,241.33,88,52,2910,6000,55
1283.736805526,212.51,54,4,2910,6000,56
1284.260769282,237.81,54,4,2887,6000,56
1284.787961417,237.84,54,5,2910,6000,55
1285.312340472,223.78,54,5,2895,6000,59
1285.837872550,227.21,55,5,2910,6000,55
1286.363679620,243.49,56,5,2880,6000,56
1286.888878219,244.13,56,5,2910,6000,56
1287.416526114,212.52,87,52,2902,6000,58
1287.941091820,238.13,87,52,2910,6000,56
1288.466694429,237.05,51,4,2910,6000,55
1288.991224110,242.39,51,4,2872,6000,57
1289.515668241,242.76,57,5,2910,6000,55
1290.041060396,199.59,57,5,2910,6000,55
1290.565576597,242.19,50,4,2910,6000,55
1291.093260019,237.66,50,4,2910,6000,55
1291.618494151,237.23,72,33,2872,6000,60
1292.144063628,238.07,72,33,2910,6000,55
1292.670019358,191.49,53,4,2910,6000,55
1293.195565234,244.20,53,4,2895,6000,56
1293.725792506,239.07,56,5,2910,6000,55
1294.250921126,238.85,56,5,2880,6000,59
1294.775650732,245.38,53,4,2910,6000,56
1295.301890527,197.86,53,4,2910,6000,55
1295.826958807,238.87,52,4,2887,6000,56
1296.353736773,219.17,86,51,2895,6000,59
1296.879571436,238.02,86,51,2910,6000,55
1297.404547366,211.63,54,5,2910,6000,56
1297.929375147,237.32,54,5,2872,6000,57
1298.455966536,241.91,56,5,2910,6000,55
1298.981660258,206.10,56,5,2902,6000,57
1299.506552426,238.40,53,4,2910,6000,56
1300.078880727,225.99,53,4,2910,6000,55
1300.605748926,242.58,58,15,2865,6000,57
1301.130545337,236.52,58,15,2910,6000,55
1301.654938167,194.04,56,5,2910,6515,55
1302.178937674,255.06,56,5,2887,6515,58
1302.706199874,299.07,53,4,2902,6515,58
1303.229393910,299.26,53,4,2880,6603,61
1303.752502006,305.71,50,4,2902,6603,58
1304.276254882,273.05,50,4,2902,6603,58
1304.800128739,309.39,57,5,2872,6603,59
1305.326851907,305.08,57,5,2902,6601,58
1305.850963186,307.79,78,37,2902,6601,59
1306.374559723,304.15,56,5,2902,6601,58
1306.898450748,304.49,56,5,2865,6601,62
1307.422687550,305.71,56,5,2902,6601,59
1307.949890212,262.49,56,5,2902,6601,58
1308.474021287,306.64,50,4,2880,6601,59
1308.999087140,306.91,50,4,2902,6601,59
1309.522980308,295.37,86,52,2880,6601,62
1310.047754061,310.00,86,52,2902,6603,59
1310.575087821,273.98,56,5,2902,6603,58
1311.101577784,305.02,56,5,2872,6603,59
1311.626512688,305.87,56,5,2902,8363,59
1312.150940093,277.55,56,5,2902,11401,61
1312.674450856,308.11,56,4,2902,11497,58
1313.198643859,302.20,56,4,2902,13227,58
1313.722798333,278.23,73,30,2902,13247,58
1314.246676695,328.89,73,30,2895,13247,59
1314.769571188,335.42,98,6,2902,13247,59
1315.293319657,309.64,98,6,2902,13247,59
1315.817117963,320.49,98,6,2902,13247,60
1316.342582983,322.70,98,5,2902,13247,60
1316.867778404,325.94,98,5,2902,13247,60
1317.392440207,333.08,98,8,2902,13247,60
1317.917758494,363.31,98,8,2880,13247,61
1318.441031533,372.97,98,9,2902,13247,61
1318.964423007,350.72,98,9,2902,13247,61
1319.488190766,342.81,99,10,2902,13247,60
1320.011745822,346.87,99,10,2902,13247,61
1320.535434905,345.65,98,9,2902,13247,60
1321.058940280,346.14,98,9,2902,13247,61
1321.584165612,347.68,98,10,2902,13247,61
1322.109655464,346.45,98,10,2902,13247,60
1322.633041029,347.41,99,13,2902,13247,61
1323.158042009,349.67,99,13,2902,13247,61
1323.683513312,350.38,98,9,2902,13247,61
1324.207373337,370.68,98,9,2880,13247,63
1324.731965570,386.80,97,8,2895,13247,61
1325.257420485,368.86,97,8,2902,13247,62
1325.781277850,352.12,98,10,2902,13247,61
1326.305552576,345.88,98,10,2902,13247,61
1326.829973420,306.53,57,5,2902,6000,60
1327.354529712,249.53,50,4,2910,6000,57
1327.883929728,197.29,50,4,2910,6000,56
1328.408186015,238.25,50,4,2902,6000,58
1328.931967044,244.13,50,4,2910,6000,57
1329.455620403,238.84,87,52,2880,6000,61
1329.979870943,240.24,87,52,2910,6000,57
1330.507687953,196.29,57,5,2910,6000,56
1331.033051581,243.77,57,5,2887,6000,57
1331.557495933,240.90,53,4,2910,6000,57
1332.082714029,221.48,53,4,2895,6000,60
1332.607290333,244.23,56,5,2910,6000,56
1333.133624734,213.04,56,5,2910,6000,57
1333.657698821,245.32,53,4,2872,6000,58
1334.183283988,239.33,53,4,2910,6000,56
1334.707599865,208.00,79,45,2902,6000,59
1335.231849508,244.73,79,45,2910,6000,57
1335.755830133,226.77,57,5,2910,6000,56
1336.279443024,244.09,57,5,2865,6000,58
1336.805744754,240.40,50,4,2910,6000,56
1337.331246552,195.51,50,4,2910,6000,56
1337.855343954,240.69,57,5,2910,6000,56
1338.379927788,240.72,80,46,2880,6000,60
1338.904338034,240.70,80,46,2910,6000,56
1339.432411523,213.00,52,4,2910,6000,56
1339.957295148,246.14,52,4,2895,6000,57
1340.482744966,246.74,57,5,2910,6000,56
1341.008818785,229.27,57,5,2887,6000,60
1341.533883849,244.46,51,4,2910,6000,56
1342.062151291,204.76,51,4,2910,6000,56
1342.587476208,244.26,57,5,2880,6000,57
1343.112050546,242.60,57,5,2910,6000,55
1343.637467240,216.61,87,52,2902,6000,59
1344.162110953,244.10,87,52,2910,6000,56
1344.689094834,217.07,56,5,2910,6000,55
1345.213875398,238.35,56,5,2872,6000,57
1345.738135680,239.05,53,4,2910,6000,56
1346.263177702,203.83,53,4,2910,6000,57
1346.788744077,238.97,57,5,2910,6000,56
1347.313762798,231.90,57,5,2910,6000,56
1347.839012777,243.88,70,29,2910,6000,55
1348.367357343,203.97,50,4,2910,6000,56
1348.893523728,244.82,50,4,2902,6000,56
1349.420281114,239.09,57,5,2910,6000,56
1349.944976519,235.27,57,5,2880,6000,59
1350.469234690,243.70,52,4,2910,6000,56
1350.995920353,195.36,52,4,2910,6000,55
1351.519886664,237.65,57,5,2887,6000,56
1352.045846698,242.62,57,5,2910,6000,56
1352.571719058,220.48,87,51,2895,6000,59
1353.096357564,238.10,87,51,2910,6000,56
1353.626605655,210.75,50,4,2910,6000,55
1354.151356747,244.23,50,4,2880,6000,57
1354.677022271,244.35,57,5,2910,6000,55
1355.202259105,208.05,57,5,2902,6000,58
1355.728898904,239.07,50,4,2910,6000,56
1356.253817810,238.35,50,4,2910,6000,56
1356.778108899,237.60,57,14,2865,6000,58
1357.302670621,242.15,57,14,2910,6000,56
1357.829103084,199.28,62,17,2910,6000,56
1358.353896067,238.13,55,5,2910,6000,56
1358.878130443,235.92,55,5,2880,6000,60
1359.402367998,237.86,54,4,2910,6000,55
1359.932699984,192.64,54,4,2910,6000,56
1360.458031481,244.27,57,5,2887,6000,56
1360.982211190,239.26,57,5,2910,6000,55
1361.506885376,228.21,88,52,2895,6000,59
1362.032639426,245.93,88,52,2910,6000,56
1362.559596704,208.34,56,5,2910,6000,55
1363.084418213,239.42,56,5,2880,6000,56
1363.609539450,240.00,57,5,2910,6000,55
1364.134941940,212.52,57,5,2902,6000,58
1364.659656912,238.82,52,4,2910,6000,55
1365.187754144,238.54,52,4,2910,6000,55
1365.713509065,242.73,58,11,2865,6000,58
1366.237795229,237.40,58,11,2910,6000,55
1366.764409259,199.43,63,20,2910,6000,55
1367.289660481,237.29,63,20,2902,6000,56
1367.813956187,236.24,56,5,2910,6000,55
1368.338884752,238.38,53,4,2910,6000,55
1368.865978364,207.51,53,4,2910,6000,55
1369.390722112,237.91,56,5,2895,6000,55
1369.915566051,244.11,56,5,2910,6000,56
1370.441699832,230.62,88,52,2887,6000,59
1370.968116398,243.89,88,52,2910,6000,55
1371.496026602,200.59,52,4,2910,6000,55
1372.020804932,239.30,52,4,2887,6000,57
1372.545442387,238.04,57,5,2910,6000,55
1373.071455355,216.45,57,5,2895,6000,58
1373.597150675,242.84,51,4,2910,6000,56
1374.125142649,232.93,51,4,2910,6000,55
1374.649787604,241.98,57,5,2872,6000,57
1375.174996285,242.50,57,5,2910,6000,55
1375.701516871,204.94,76,38,2910,6000,56
1376.225936563,243.86,76,38,2910,6000,56
1376.753476891,239.10,53,4,2910,6000,54
1377.278694805,239.40,53,4,2872,6000,58
1377.803919053,245.12,55,5,2910,6000,55
1378.329207374,201.28,55,5,2910,6000,54
1378.854229282,242.76,54,4,2910,6000,55
1379.377843618,237.42,86,50,2880,6000,59
1379.903220470,241.74,86,50,2910,6000,54
1380.432821256,190.26,50,4,2910,6000,55
1380.956965127,237.88,50,4,2895,6000,56
1381.481563150,237.45,56,5,2910,6000,55
1382.005804509,228.87,56,5,2887,6000,59
1382.531557770,242.59,53,4,2910,6000,55
1383.059734517,203.52,53,4,2910,6000,55
1383.585111479,238.32,57,5,2880,6000,56
1384.110282732,239.23,57,5,2910,6000,55
1384.635027811,215.65,88,52,2902,6000,58
1385.161273129,244.27,88,52,2910,6000,55
1385.688253520,220.36,50,4,2910,6000,54
1386.211957753,239.73,50,4,2872,6000,57
1386.736896153,238.59,57,5,2910,6000,55
1387.261993975,200.42,57,5,2910,6000,54
1387.787806782,243.27,50,4,2910,6000,55
1388.313412668,238.18,50,4,2910,6000,55
1388.839437909,241.68,72,32,2910,6000,54
1389.367082325,203.61,53,4,2910,6000,55
1389.891920052,243.40,53,4,2902,6000,55
1390.418167568,242.49,57,5,2910,6000,55
1390.944054863,235.66,57,5,2880,6000,59
1391.469044932,238.75,50,4,2910,6000,55
1391.995970273,194.47,50,4,2910,6000,55
1392.522410780,244.21,57,5,2887,6000,56
1393.048031675,238.81,57,5,2910,6000,54
1393.573042429,224.34,88,52,2895,6000,58
1394.099772727,244.37,88,52,2910,6000,55
1394.627675184,227.03,57,5,2910,6000,54
1395.152645785,243.28,57,5,2880,6000,55
1395.678343002,239.05,50,4,2910,6000,55
1396.203288769,212.74,50,4,2902,6000,57
1396.727626937,242.88,57,5,2910,6000,55
1397.252823871,218.25,57,5,2910,6000,54
1397.777152774,242.06,53,4,2872,6000,56
1398.305641440,238.27,53,4,2910,6000,55
1398.831973265,202.24,75,35,2910,6000,56
1399.356738337,230.40,50,4,2910,6000,54
1399.882327590,243.73,50,4,2872,6000,59
1400.407484256,238.61,56,5,2910,6000,54
1400.934626780,200.98,56,5,2910,6000,54
1401.460247096,243.13,50,4,2902,6000,55
1401.985373959,238.17,50,4,2910,6000,54
1402.511190018,235.68,87,52,2880,6000,59
1403.036440407,241.62,87,52,2910,6000,54
1403.564737583,213.13,53,4,2910,6000,54
1404.089981622,237.48,53,4,2887,6000,56
1404.614689770,237.55,56,5,2910,6000,54
1405.140086931,226.92,56,5,2887,6000,58
1405.665207071,243.29,53,4,2910,6000,55
1406.189911825,205.82,53,4,2910,6000,54
1406.715597237,241.91,54,5,2880,6000,55
1407.243894511,243.16,54,5,2910,6000,55
1407.768809567,210.98,88,52,2902,6000,57
1408.294327906,238.52,88,52,2910,6000,54
1408.819468462,239.60,51,4,2910,6000,55
1409.343935464,238.91,55,5,2910,6000,55
1409.871458099,200.92,55,5,2910,6000,54
1410.396743903,243.88,53,4,2910,6000,55
1410.921865026,235.36,53,4,2910,6000,54
1411.447047106,237.01,73,37,2872,6000,59
1411.972776222,241.93,73,37,2910,6000,54
1412.502819163,189.97,57,5,2910,6000,55
1413.027150777,236.60,57,5,2895,6000,55
1413.551959155,241.68,50,4,2910,6000,54
1414.076372436,233.86,50,4,2887,6000,58
1414.601279383,237.48,57,5,2910,6000,55
1415.130164709,218.57,57,5,2910,6000,54
1415.655686772,238.58,50,4,2887,6000,55
1416.181196874,242.70,50,4,2910,6000,54
1416.706511337,216.84,88,52,2902,6000,57
1417.231950607,238.42,88,52,2910,6000,55
1417.756455400,234.58,57,5,2910,6000,54
1418.282031091,242.47,57,5,2872,6000,56
1418.811394019,243.69,54,4,2910,6000,54
1419.336584935,201.69,54,4,2910,6000,55
1419.863015517,237.48,53,5,2910,6000,54
1420.388238705,236.80,71,31,2872,6000,58
1420.913363980,236.50,71,31,2910,6000,54
1421.442908007,202.17,57,5,2910,6000,54
1421.967737013,237.59,57,5,2895,6000,55
1422.492657795,242.64,50,4,2910,6000,54
1423.018270055,234.57,50,4,2887,6000,58
1423.544046769,243.05,56,5,2910,6000,54
1424.072397363,198.20,56,5,2910,6000,54
1424.598081114,242.15,53,4,2887,6000,55
1425.124328561,236.35,53,4,2910,6000,54
1425.649378925,214.68,87,52,2895,6000,58
1426.174667220,241.28,87,52,2910,6000,55
1426.703126497,231.97,57,5,2910,6000,54
1427.228583092,241.21,57,5,2872,6000,56
1427.753376325,241.10,50,4,2910,6000,54
1428.279353227,203.67,50,4,2910,6000,56
1428.804227605,237.08,56,5,2910,6000,54
1429.329097185,237.43,56,5,2910,6000,54
1429.854228452,237.73,63,24,2910,6000,55
1430.383034202,192.34,58,10,2910,6000,53
1430.908577841,242.83,58,10,2902,6000,54
1431.433859296,238.16,57,5,2910,6000,54
1431.960330402,234.96,57,5,2880,6000,58
1432.486037714,242.58,50,4,2910,6000,54
1433.013435256,193.51,50,4,2910,6000,54
1433.538688120,236.74,56,5,2887,6000,55
1434.064421797,237.18,56,5,2910,6000,54
1434.589203022,218.97,88,52,2895,6000,57
1435.114207139,235.87,88,52,2910,6000,55
1435.641240869,208.16,50,4,2910,6000,54
1436.166066210,237.06,50,4,2880,6000,56
1436.690807695,241.78,57,5,2910,6000,54
1437.216713463,209.72,57,5,2902,6000,57
1437.741939807,237.67,52,4,2910,6000,54
1438.266759683,237.54,52,4,2910,6000,54
1438.791107016,242.72,58,11,2865,6000,56
1439.319410547,241.73,58,11,2910,6000,54
1439.844578735,237.51,64,21,2902,6000,55
1440.370109451,235.62,56,5,2910,6000,54
1440.895478973,241.14,56,5,2880,6000,59
1441.421402314,237.22,56,5,2910,6000,54
1441.948439524,206.19,56,5,2910,6000,54
1442.472894299,236.38,53,4,2895,6000,54
1443.002978426,241.99,53,4,2910,6000,54
1443.529900382,224.87,87,51,2887,6000,57
1444.055108816,237.20,87,51,2910,6503,54
1444.583713198,222.22,56,5,2910,6503,54
1445.107651811,236.80,56,5,2872,6557,56
1445.631603381,237.65,53,4,2910,6589,54
1446.155780247,200.58,53,4,2910,6589,54
1446.680157063,241.26,53,4,2910,6589,54
1447.208315346,236.22,53,4,2910,6589,54
1447.732828293,235.70,85,41,2880,6589,59
1448.256523071,235.71,85,41,2910,6589,54
1448.782116014,205.43,56,5,2910,6589,54
1449.306649762,240.82,56,5,2887,6589,55
1449.833393555,240.73,50,4,2910,6589,54
1450.357212704,235.74,56,5,2910,6589,54
1450.882648152,208.24,56,5,2910,6589,54
1451.406901816,236.78,56,5,2872,6589,56
1451.930873907,236.22,56,5,2910,6589,54
1452.459210349,197.95,71,30,2910,6591,53
1452.983888749,240.83,71,30,2910,6591,55
1453.507975682,235.57,51,4,2910,6591,54
1454.031609448,241.20,51,4,2880,6591,58
1454.555551208,237.17,56,5,2910,6591,54
1455.082383028,189.94,56,5,2910,6591,54
1455.606662540,241.93,55,5,2887,6591,55
1456.130982929,236.83,55,5,2910,6591,54
1456.657526017,212.76,91,49,2895,10303,57
1457.182587651,239.87,91,49,2910,13761,55
1457.711239912,230.65,57,5,2910,13825,54
1458.236052378,235.84,57,5,2872,13893,59
1458.761478516,248.88,98,9,2910,15507,55
1459.285577954,216.54,98,9,2910,15507,55
1459.811019834,237.26,98,20,2902,15507,56
1460.334970995,290.21,98,20,2887,15507,57
1460.859604106,287.96,99,9,2902,15507,56
1461.384469689,277.74,99,9,2902,15507,56
1461.908975202,275.18,99,9,2902,15507,56
1462.433999197,275.80,99,9,2902,15507,56
1462.959316708,275.44,99,9,2910,15507,56
1463.483683291,276.39,98,8,2902,15507,56
1464.008456524,280.74,98,8,2902,15507,57
1464.532574059,281.78,99,8,2902,15507,56
1465.057991683,283.82,99,8,2902,15507,56
1465.583579783,284.04,99,10,2902,15507,56
1466.107897859,283.65,99,10,2902,15507,56
1466.631644536,284.06,99,10,2902,15507,57
1467.156221735,290.66,99,10,2902,15507,57
1467.680889537,311.83,98,25,2895,15507,57
1468.206326406,317.68,98,25,2902,15507,57
1468.731402162,301.86,99,10,2902,15507,57
1469.255641857,288.18,99,10,2902,15507,57
1469.780634248,288.34,99,10,2902,15507,57
1470.304359221,287.42,99,10,2902,15507,57
1470.829101670,286.89,99,9,2902,15507,57
1471.353517082,284.25,99,10,2902,15507,57
1471.878111193,283.15,99,10,2902,15507,57
1472.402877161,285.97,99,9,2902,15507,57
1472.928155229,285.76,99,9,2902,15507,57
1473.452080117,283.79,98,9,2902,15507,57
1473.977095730,280.92,98,9,2902,15507,57
1474.501409687,284.94,99,9,2902,15507,57
1475.025953238,285.08,99,9,2902,15507,57
1475.550864628,285.96,99,9,2902,15507,56
1476.076830163,286.79,99,9,2902,15507,57
1476.601058352,293.94,85,51,2902,15507,59
1477.126410248,280.33,85,51,2910,6000,55
1477.653460169,238.33,49,4,2910,6503,54
1478.177445400,236.32,49,4,2872,6503,59
1478.701134012,236.79,53,4,2910,6503,54
1479.224664375,189.45,53,4,2910,6589,55
1479.747701376,241.22,55,5,2895,6589,55
1480.298139444,236.03,55,5,2910,6589,55
1480.823321606,224.46,86,51,2887,6587,58
1481.364780032,201.65,49,4,2910,6589,54
1481.897300104,240.35,49,4,2872,6589,56
1482.422626964,240.41,49,4,2910,6589,55
1482.952190011,201.61,49,4,2910,6589,56
1483.476377647,240.99,53,5,2910,6589,55
1484.001282711,237.48,53,5,2910,6589,55
1484.525361083,242.08,73,34,2872,6589,59
1485.049950993,237.40,73,34,2910,6589,55
1485.576737892,189.97,56,5,2910,6589,55
1486.101336190,242.41,56,5,2895,6591,55
1486.625163441,237.97,50,4,2910,6591,55
1487.149622327,231.91,50,4,2887,6591,58
1487.673446885,240.97,53,4,2910,6591,54
1488.197649639,198.48,53,4,2910,6591,55
1488.722557017,240.94,56,5,2880,6591,55
1489.249590090,236.75,56,5,2910,6591,55
1489.773204153,207.85,87,52,2902,6591,57
1490.302958488,236.32,87,52,2910,9887,55
1490.827942295,218.43,61,5,2910,13761,54
1491.353702613,237.30,67,5,2910,13827,55
1491.879715921,207.40,67,5,2910,15487,54
1492.404610974,258.56,95,36,2872,15507,58
1492.929236978,272.44,95,36,2910,15507,56
1493.453230607,257.24,98,9,2902,15507,57
1493.976889533,278.80,98,9,2902,15507,57
1494.501544125,277.46,98,7,2902,15507,57
1495.025092975,276.85,98,7,2902,15507,57
1495.549699428,276.66,99,9,2902,15507,57
1496.074568228,275.74,99,9,2902,15507,57
1496.598402472,276.50,99,9,2902,15507,57
1497.122611445,276.61,99,9,2902,15507,57
1497.647192825,294.81,99,18,2895,15507,58
1498.171667553,320.20,99,18,2895,15507,58
1498.696127656,311.06,99,10,2902,15507,57
1499.219965972,293.47,99,10,2902,15507,56
1499.744188587,288.07,99,10,2902,15507,57
1500.269272903,288.35,99,10,2902,15507,57
1500.793244204,288.13,99,10,2902,15507,57
1501.316801944,287.80,99,10,2902,15507,57
1501.841420361,288.24,99,9,2902,15507,57
1502.366316947,288.69,99,10,2902,15507,57
1502.890432976,288.51,99,10,2902,15507,57
1503.414113392,288.57,99,9,2902,15507,57
1503.939099179,287.66,99,9,2902,15507,57
1504.465985093,287.42,99,8,2902,15507,57
1504.991550179,285.68,99,8,2902,15507,57
1505.516711391,284.04,99,8,2902,15507,57
1506.040347959,285.55,99,8,2902,15507,57
1506.564799681,286.66,99,9,2902,15507,57
1507.089350310,298.44,99,9,2895,15507,59
1507.612962926,318.11,98,28,2895,15507,59
1508.138627807,311.90,98,28,2902,15507,58
1508.663586542,297.54,99,10,2902,15507,57
1509.188338016,287.50,99,10,2902,15507,57
1509.712893190,285.06,99,9,2902,15507,58
1510.238143710,288.48,99,9,2902,15507,57
1510.766352120,244.16,57,5,2910,6000,55
1511.291490931,239.23,57,5,2887,6000,59
1511.816046549,239.11,50,4,2910,6000,55
1512.345023637,241.45,53,4,2880,6017,57
1512.870000043,243.17,53,4,2910,6503,55
1513.396822245,204.82,76,38,2910,6503,57
1513.921227252,237.93,76,38,2910,6589,55
1514.445720909,229.52,53,4,2910,6589,55
1514.977156163,242.83,53,4,2872,6589,60
1515.511884912,236.00,55,4,2910,6589,55
1516.040499541,202.61,55,4,2910,6589,55
1516.564442690,237.00,57,5,2887,6589,56
1517.087913465,237.17,57,5,2910,6589,55
1517.612948472,220.48,87,52,2895,6587,59
1518.137393823,241.43,87,52,2910,6587,55
1518.664207008,229.75,56,5,2910,6587,55
1519.188856468,236.66,56,5,2872,6587,57
1519.713254694,238.99,54,4,2910,6587,56
1520.238745869,202.56,54,4,2910,6587,56
1520.762838929,242.34,53,4,2910,6621,55
1521.291893270,237.81,53,4,2910,6621,55
1521.817169391,235.42,88,50,2880,6653,59
1522.340491024,242.86,88,50,2910,6655,55
1522.864762916,238.61,55,5,2880,6655,56
1523.388484819,237.89,64,5,2910,6655,55
1523.914895661,204.87,64,5,2910,6657,57
1524.440040289,242.50,94,4,2910,6679,56
1524.965149610,226.79,94,4,2910,6679,55
1525.491628655,216.24,87,52,2895,6000,58
1526.017177931,237.20,87,52,2910,6000,55
1526.546051320,213.11,57,5,2910,6000,55
1527.069813024,241.73,57,5,2872,6000,57
1527.595633918,237.93,54,4,2910,6000,55
1528.122301263,201.49,54,4,2910,6000,56
1528.647325551,237.40,55,5,2910,6000,55
1529.173747514,238.35,55,5,2910,6000,55
1529.700268908,243.15,70,29,2872,6000,59
1530.225550344,238.09,70,29,2910,6000,55
1530.750152176,203.11,53,4,2910,6000,55
1531.274848418,243.18,53,4,2895,6000,56
1531.805122898,241.70,48,4,2910,6000,55
1532.330094422,224.56,48,4,2887,6000,59
1532.855427151,222.64,50,4,2910,6000,55
1533.381461729,237.01,56,5,2880,6000,56
1533.905372028,241.68,56,5,2910,6000,55
1534.433818092,214.51,88,52,2902,6000,58
1534.959937103,237.03,88,52,2910,6000,55
1535.484512825,234.97,54,5,2910,6000,54
1536.010668517,237.42,54,5,2872,6000,56
1536.536765199,243.56,55,5,2910,6000,55
1537.063041731,202.59,55,5,2910,6000,56
1537.587942201,238.18,55,5,2910,6000,55
1538.114868436,238.43,55,5,2910,6000,55
1538.640896372,243.04,68,28,2872,6000,60
1539.165408920,237.21,68,28,2910,6000,55
1539.690748805,201.36,51,4,2910,6000,55
1540.215979344,242.71,51,4,2902,6000,56
1540.742761310,242.41,57,5,2910,6000,55
1541.267688838,234.58,57,5,2880,6000,59
1541.792422119,237.70,51,4,2910,6000,55
1542.318341135,193.18,51,4,2910,6000,55
1542.843738875,242.53,57,5,2887,6000,56
1543.382720226,211.20,87,52,2902,6017,58
1543.907975098,240.81,87,52,2910,6503,55
1544.431834840,235.79,52,4,2910,6503,54
1544.956940261,238.64,52,4,2872,6589,57
1545.480642247,243.01,54,4,2910,6589,54
1546.008239566,195.62,54,4,2910,6589,55
1546.532616050,236.79,53,4,2902,6589,55
1547.056975713,236.50,53,4,2910,6589,55
1547.580602530,236.75,87,52,2880,6589,59
1548.104511722,242.76,87,52,2910,6589,55
1548.631641041,214.96,54,5,2910,6587,54
1549.155440818,236.61,54,5,2887,6587,56
1549.680313888,236.32,56,5,2910,6587,55
1550.204536868,214.72,56,5,2895,6587,58
1550.728747536,242.12,52,4,2910,6587,55
1551.252916557,213.96,52,4,2910,6587,55
1551.777172712,241.56,54,4,2872,6621,56
1552.301846189,240.88,54,4,2910,6621,55
1552.826021644,187.26,53,6,2910,6653,54
1553.351263157,237.65,56,5,2910,6655,55
1553.875411863,231.62,56,5,2887,6655,59
1554.399961780,243.13,62,4,2910,6657,55
1554.925105932,201.54,62,4,2910,6657,54
1555.449424542,240.26,83,3,2872,6679,57
1555.973912744,240.74,83,3,2910,6679,54
1556.498976197,189.07,55,5,2910,6679,54
1557.023229486,236.63,55,5,2895,6745,56
1557.547702393,240.13,96,4,2910,6745,55
1558.070921827,186.86,96,4,2910,6745,54
1558.595898639,185.30,96,4,2910,6745,55
1559.119533983,235.90,96,4,2880,6745,57
1559.643151283,235.76,96,4,2910,6745,55
1560.167883174,184.07,96,4,2910,6745,55
1560.691163879,184.94,96,4,2910,6745,54
1561.216617288,185.75,96,4,2910,6745,54
1561.739950374,208.26,97,34,2895,6745,57
1562.263772667,235.37,97,34,2910,6745,55
1562.787284774,221.68,96,4,2910,6745,54
1563.310568790,182.99,96,4,2910,6745,54
1563.833703254,183.23,96,4,2910,6745,54
1564.356952656,230.04,95,2,2880,6745,55
1564.881345042,230.53,95,2,2910,6745,55
1565.405446229,183.90,96,4,2910,6745,54
1565.929249803,183.38,96,4,2910,6745,54
1566.453520542,185.43,96,4,2910,6745,54
1566.976200090,219.53,96,4,2887,6745,57
1567.500317712,232.30,96,4,2910,6745,54
1568.024563957,211.35,96,4,2910,6745,55
1568.548089970,185.44,96,4,2910,6745,54
1569.071531754,185.80,96,4,2910,6745,54
1569.596397105,192.47,96,23,2910,6745,55
1570.120507677,230.54,96,23,2895,6745,55
1570.643876897,227.65,96,4,2910,6745,54
1571.168122606,183.75,96,4,2910,6745,55
1571.692067889,182.47,96,4,2910,6745,54
1572.217751302,183.26,96,4,2910,6745,54
1572.742123083,226.92,97,34,2880,6745,57
1573.266555179,234.92,97,34,2910,6745,54
1573.790139401,188.17,96,4,2910,6745,54
1574.314457995,183.79,96,4,2910,6745,54
1574.840554223,183.49,96,4,2910,6745,54
1575.363831517,235.07,96,4,2902,6745,54
1575.888677782,226.53,96,4,2910,6745,54
1576.413759002,185.04,96,4,2910,6745,54
1576.938826036,184.01,96,4,2910,6745,54
1577.465048910,183.83,96,4,2910,6745,54
1577.988811216,229.98,96,4,2880,6745,56
1578.513745522,234.36,96,4,2910,6745,54
1579.037971227,183.68,96,4,2910,6745,54
1579.561988990,183.27,96,4,2910,6745,54
1580.086620375,182.18,96,4,2910,6745,54
1580.610941854,206.56,97,34,2895,6745,56
1581.134579510,229.25,97,34,2910,6745,55
1581.658477319,206.62,96,4,2910,6745,54
1582.181940907,181.98,96,4,2910,6745,54
1582.705685989,182.97,96,4,2910,6745,54
1583.231467747,184.20,96,4,2910,6745,53
1583.755999540,233.41,95,7,2880,6745,55
1584.280334280,229.27,95,7,2910,6745,54
1584.804153025,184.62,96,4,2910,6745,54
1585.329329581,182.06,96,4,2910,6745,54
1585.854770367,213.14,96,4,2887,6745,56
1586.378856200,228.63,96,4,2910,6745,54
1586.903329718,202.35,96,4,2910,6745,54
1587.427589943,183.78,96,4,2910,6745,54
1587.950983638,183.37,96,4,2910,6745,54
1588.477091382,185.18,96,13,2910,6745,53
1589.002102601,228.88,96,13,2887,6745,55
1589.525937544,229.75,96,4,2910,6745,54
1590.049421754,184.78,96,4,2910,6745,53
1590.575275010,184.84,96,4,2910,6745,53
1591.099900842,184.47,96,4,2910,6745,54
1591.624020979,223.77,96,33,2880,6745,57
1592.149112535,235.71,96,33,2910,6745,54
1592.674679893,208.96,50,4,2910,6000,53
1593.198930529,210.66,50,4,2902,6000,57
1593.723642479,242.15,57,5,2910,6000,55
1594.248365001,216.32,57,5,2910,6000,53
1594.773917303,235.90,50,4,2872,6000,55
1595.303796587,235.74,50,4,2910,6000,54
1595.830197658,200.44,75,33,2910,6000,55
1596.356401697,236.75,51,4,2910,6000,54
1596.882363358,241.79,51,4,2872,6000,59
1597.407643289,241.77,57,5,2910,6000,54
1597.934173238,200.53,57,5,2910,6000,53
1598.459663299,241.54,50,4,2902,6000,54
1598.985783172,242.00,50,4,2910,6000,54
1599.510982224,240.05,87,51,2880,6000,58
1600.036635326,237.15,87,51,2910,6000,54
1600.567041406,212.52,54,4,2910,6000,54
1601.091287266,242.03,54,4,2887,6000,55
1601.616624182,236.17,55,5,2910,6000,53
1602.142868717,222.79,55,5,2887,6000,57
1602.667778797,241.87,53,4,2910,6000,55
1603.192806400,203.63,53,4,2910,6000,54
1603.718410525,235.69,57,5,2880,6000,55
1604.245653794,236.48,57,5,2910,6000,55
1604.770721606,211.94,87,52,2902,6000,57
1605.295205784,241.38,87,52,2910,6000,54
1605.821605098,218.27,53,4,2910,6000,53
1606.348071049,241.14,57,5,2910,6000,54
1606.876477223,198.28,57,5,2910,6000,53
1607.401318631,241.02,50,4,2910,6000,54
1607.925440377,236.03,50,4,2910,6000,54
1608.451121786,235.44,73,35,2872,6000,58
1608.977196860,239.90,73,35,2910,6000,54
1609.504530208,203.32,56,5,2910,6000,54
1610.029076681,241.52,56,5,2895,6000,55
1610.554450713,240.80,53,4,2910,6000,53
1611.079126653,230.52,53,4,2887,6000,58
1611.605278828,242.20,59,5,2910,6000,55
1612.132726687,195.69,59,5,2910,6000,53
1612.658630985,237.15,50,4,2887,6000,55
1613.184173138,243.02,50,4,2910,6000,55
1613.709868983,217.60,87,51,2895,6000,57
1614.234563363,238.16,87,51,2910,6000,54
1614.759716933,213.21,57,5,2910,6000,54
1615.285412620,242.94,57,5,2872,6000,56
1615.812941909,237.88,53,4,2910,6000,54
1616.337175730,205.51,53,4,2910,6000,56
1616.862124125,225.38,56,5,2910,6000,54
1617.388324541,240.10,62,21,2872,6000,57
1617.913142400,236.22,62,21,2910,6000,54
1618.441973969,198.94,59,11,2910,6000,54
1618.967448903,236.29,59,11,2902,6000,54
1619.492853607,237.12,53,4,2910,6000,55
1620.017929067,236.04,53,4,2880,6000,59
1620.543272155,240.76,55,5,2910,6000,54
1621.071849345,189.91,55,5,2910,6000,54
1621.596388263,237.05,55,5,2895,6000,55
1622.123123919,236.79,55,5,2910,6000,54
1622.648013783,226.09,87,52,2895,6000,58
1623.172861286,237.52,87,52,2910,6000,55
1623.696881916,224.84,57,5,2910,6000,54
1624.222322544,241.37,57,5,2880,6000,55
1624.749363492,241.72,51,4,2910,6000,54
1625.274074601,212.36,51,4,2902,6000,57
1625.799472641,235.41,56,5,2910,6000,54
1626.324200935,217.06,56,5,2910,6000,54
1626.850373312,235.77,52,6,2910,6000,54
1627.378456658,197.65,67,26,2910,6000,54
1627.903493227,242.13,67,26,2910,6000,54
1628.429232677,237.31,56,5,2910,6000,54
1628.954227569,237.10,56,5,2872,6000,59
1629.479650582,236.71,54,4,2910,6000,54
1630.008001879,189.53,54,4,2910,6000,54
1630.532554376,235.51,56,5,2902,6000,55
1631.056229642,237.77,56,5,2910,6503,54
1631.580346306,223.55,87,52,2887,6503,58
1632.104294832,241.26,87,52,2910,6503,55
1632.631322968,222.78,55,5,2910,6589,54
1633.154871378,235.66,55,5,2880,6589,55
1633.679777219,241.12,56,5,2910,6589,54
1634.203778397,203.84,56,5,2902,6589,57
1634.728649293,240.53,53,4,2910,6589,55
1635.255580189,223.19,53,4,2910,6589,54
1635.780618724,236.26,58,17,2865,6587,56
1636.305878689,242.30,58,17,2910,6587,54
1636.830573985,191.17,57,10,2910,6587,54
1637.355058163,243.12,52,4,2910,6587,55
1637.879486225,236.60,52,4,2880,6587,58
1638.404204238,236.97,53,4,2910,6587,54
1638.932512717,190.71,53,4,2910,6587,54
1639.456476533,239.38,51,4,2887,6621,54
1639.980738233,233.02,51,4,2910,6621,54
1640.504982692,204.82,89,49,2902,6653,57
1641.028979393,234.30,89,49,2910,6655,54
1641.552742392,219.47,55,5,2910,6655,54
1642.076891572,240.35,55,5,2872,6657,59
1642.601152626,235.79,56,5,2910,6659,54
1643.127131872,188.92,56,5,2910,6679,54
1643.650292584,241.21,51,5,2872,6679,56
1644.174872964,241.31,51,5,2910,6711,55
1644.699548616,190.50,71,4,2910,6745,54
1645.223267947,235.70,71,4,2887,6745,55
1645.746338191,240.20,96,4,2910,6745,54
1646.270003792,185.78,96,4,2910,6745,54
1646.794822928,185.25,96,4,2910,6745,54
1647.318592949,192.54,96,4,2910,6745,55
1647.842050599,230.76,96,4,2895,6745,54
1648.365535993,183.16,96,4,2910,6745,54
1648.889656189,183.28,96,4,2910,6745,54
1649.412901399,184.12,96,4,2910,6745,54
1649.936495170,234.94,96,4,2880,6745,57
1650.459770349,235.17,96,4,2910,6745,54
1650.982681238,184.15,96,4,2910,6745,54
1651.505774715,184.39,96,4,2910,6745,54
1652.029300740,184.91,96,4,2910,6745,54
1652.552277808,208.25,97,34,2895,6745,56
1653.076319100,229.80,97,34,2910,6745,54
1653.599794693,220.51,96,4,2910,6745,54
1654.123635598,183.35,96,4,2910,6745,54
1654.647396853,184.07,96,4,2910,6745,54
1655.172908292,182.99,96,4,2910,6745,54
1655.696050486,233.79,95,3,2887,6745,55
1656.219662120,229.52,95,3,2910,6745,54
1656.742679680,183.85,96,4,2910,6745,54
1657.265165765,184.39,96,4,2910,6745,54
1657.790404141,184.45,96,4,2910,6745,54
1658.314609261,226.94,96,4,2880,6745,57
1658.838184109,236.12,96,4,2910,6745,54
1659.362646388,184.92,96,4,2910,6745,54
1659.886134243,184.86,96,4,2910,6745,53
1660.411550920,205.44,96,35,2895,6745,56
1660.935558410,235.70,96,35,2902,6745,54
1661.459212342,225.59,96,4,2910,6745,54
1661.983274326,183.29,96,4,2910,6745,54
1662.508510134,182.90,96,4,2910,6745,53
1663.033496701,183.20,96,4,2910,6745,54
1663.558633823,228.90,94,3,2880,6745,55
1664.082870832,229.07,94,3,2910,6745,54
1664.607163909,183.23,96,4,2910,6745,54
1665.135042062,183.81,96,4,2910,6745,54
1665.661676440,239.65,72,34,2872,6000,59
1666.186786245,236.66,72,34,2910,6000,54
1666.711618866,189.15,57,5,2910,6000,54
1667.236159504,241.43,57,5,2895,6000,55
1667.764975917,236.55,53,4,2910,6000,54
1668.290111714,231.00,53,4,2887,6000,58
1668.815511772,242.39,56,5,2910,6000,54
1669.340222124,195.91,56,5,2910,6000,54
1669.865165820,236.37,55,5,2910,6000,54
1670.393159991,217.91,88,52,2895,6000,58
1670.918251226,239.82,88,52,2910,6000,54
1671.443664763,207.12,50,4,2910,6000,54
1671.968921093,235.76,50,4,2880,6000,55
1672.493798236,235.55,57,5,2910,6000,54
1673.018364461,207.44,57,5,2902,6000,56
1673.543664386,240.92,50,4,2910,6000,54
1674.071981573,236.11,50,4,2910,6000,54
1674.596750284,241.44,58,12,2872,6000,56
1675.122147695,240.51,58,12,2910,6000,54
1675.647039601,198.72,63,21,2910,6000,54
1676.171691142,241.51,63,21,2902,6000,55
1676.700525963,233.89,57,5,2910,6000,54
1677.225632306,239.22,57,5,2880,6000,59
1677.750956513,235.69,51,4,2910,6000,54
1678.277137572,188.63,51,4,2910,6000,54
1678.802579814,239.93,57,5,2895,6000,55
1679.330213515,235.44,57,5,2910,6000,54
1679.856388966,235.80,88,52,2910,6000,54
1680.381506706,216.45,59,5,2910,6000,54
1680.907967167,241.18,59,5,2887,6000,55
1681.433926432,241.58,50,4,2910,6000,54
1681.959876990,219.92,50,4,2895,6000,58
1682.485796129,241.72,57,5,2910,6000,54
1683.013997129,208.89,57,5,2910,6000,54
1683.539740828,237.96,50,4,2880,6000,55
1684.065402141,237.32,50,4,2910,6000,54
1684.590832188,209.41,86,51,2902,6000,57
1685.115833353,240.44,86,51,2910,6000,54
1685.643650040,220.19,56,5,2910,6000,54
1686.168101936,235.09,56,5,2865,6000,56
1686.692795031,239.89,55,5,2910,6000,54
1687.217861753,194.64,55,5,2910,6000,54
1687.743368679,236.40,55,4,2902,6000,55
1688.271158989,236.78,55,4,2910,6000,54
1688.796898557,236.91,74,35,2872,6000,59
1689.322109796,237.04,74,35,2910,6000,54
1689.846983687,187.24,53,4,2910,6033,54
1690.371291667,235.37,52,4,2910,6503,54
1690.895372758,225.51,52,4,2895,6503,58
1691.420922942,241.61,56,5,2910,6589,55
1691.944892493,204.82,56,5,2910,6589,54
1692.474246639,241.03,55,5,2880,6589,56
1693.002716802,239.49,55,5,2910,6589,54
1693.527449822,201.62,76,39,2910,6589,56
1694.049929505,235.27,76,39,2910,6589,55
1694.576769184,225.05,53,4,2910,6587,54
1695.101544796,240.07,53,4,2872,6587,57
1695.625653156,235.61,56,5,2910,6587,54
1696.150222628,188.50,56,5,2910,6587,54
1696.674623734,240.86,54,4,2902,6587,55
1697.203081900,235.12,54,4,2910,6587,54
1697.728461849,230.28,88,52,2887,6587,58
1698.253204683,241.72,88,52,2910,6621,55
1698.778352465,194.96,53,4,2910,6621,54
1699.303051427,233.92,53,4,2880,6653,55
1699.831358351,233.58,61,4,2910,6655,54
1700.355413385,240.75,50,4,2910,6655,55
1700.879908414,231.42,50,4,2910,6657,54
1701.404453308,235.56,82,46,2880,6657,59
1701.928047632,236.07,82,46,2910,6679,55
1702.452756417,188.77,71,4,2910,6679,54
1702.976735041,241.16,71,4,2865,6711,56
1703.499959768,237.49,64,4,2910,6745,55
1704.023276459,189.09,64,4,2910,6745,54
1704.549193425,186.29,96,4,2910,6745,54
1705.073409200,236.70,96,4,2887,6745,55
1705.596077176,236.65,96,4,2910,6745,54
1706.120690655,184.96,96,4,2910,6745,54
1706.644465027,184.75,96,4,2910,6745,54
1707.169441084,185.04,96,4,2910,6745,54
1707.692670295,217.96,96,34,2887,6745,57
1708.216236685,234.50,96,34,2910,6745,54
1708.740299526,208.31,96,4,2910,6745,54
1709.264173890,181.92,96,4,2910,6745,54
1709.788789669,182.79,96,4,2910,6745,54
1710.312556842,190.26,96,4,2910,6745,54
1710.835585287,233.47,96,4,2895,6745,54
1711.359092560,184.26,96,4,2910,6745,54
1711.882817074,183.49,96,4,2910,6745,54
1712.407335411,183.70,96,4,2910,6745,54
1712.930923859,230.67,96,4,2880,6745,57
1713.453954392,230.50,96,4,2910,6745,54
1713.977172019,202.21,96,4,2910,6745,54
1714.500360281,185.05,96,4,2910,6745,54
1715.023238347,184.68,96,4,2910,6745,53
1715.546055438,205.41,96,33,2895,6745,56
1716.069435415,234.79,96,33,2910,6745,54
1716.594332305,211.08,96,4,2910,6745,54
1717.118037319,182.31,96,4,2910,6745,54
1717.641622317,182.15,96,4,2910,6745,54
1718.166416554,183.72,96,4,2910,6745,53
1718.690430735,234.47,94,5,2880,6745,55
1719.213893824,235.04,94,5,2910,6745,54
1719.737525523,185.98,96,4,2910,6745,54
1720.260821777,183.60,96,4,2910,6745,54
1720.785812199,184.22,96,4,2910,6745,54
1721.309828057,219.36,96,4,2887,6745,56
1721.832567700,234.99,96,4,2910,6745,54
1722.356382018,182.40,96,4,2910,6745,54
1722.879193888,181.77,96,4,2910,6745,54
1723.403964838,187.41,96,17,2910,6745,53
1723.928432856,228.67,96,17,2895,6745,54
1724.452083526,228.83,96,4,2910,6745,54
1724.976171696,183.66,96,4,2910,6745,54
1725.500184193,182.51,96,4,2910,6745,54
1726.025889244,182.80,96,4,2910,6745,54
1726.549499832,224.70,97,34,2880,6745,57
1727.072779303,230.76,97,34,2910,6745,54
1727.596123217,191.24,95,4,2910,6745,53
1728.119728215,185.37,95,4,2910,6745,54
1728.643194282,184.35,96,4,2910,6745,54
1729.168651899,199.48,96,4,2902,6745,55
1729.693089706,235.14,96,4,2902,6745,54
1730.217467952,218.60,96,4,2910,6745,54
1730.741651449,184.70,96,4,2910,6745,54
1731.266269950,183.24,96,4,2910,6745,54
1731.788960793,182.74,96,4,2910,6745,53
1732.313646082,228.74,96,4,2880,6745,55
1732.837835724,229.35,96,4,2910,6745,54
1733.361948210,182.93,96,4,2910,6745,54
1733.886403866,182.36,96,4,2910,6745,53
1734.411982309,212.02,96,35,2887,6745,56
1734.936206779,230.25,96,35,2910,6745,54
1735.460027255,203.46,96,4,2910,6745,53
1735.983635980,184.26,96,4,2910,6745,54
1736.507382047,183.15,96,4,2910,6745,54
1737.033059961,186.00,96,4,2910,6745,53
1737.558013335,234.36,96,4,2887,6745,55
1738.084178402,231.80,96,4,2910,6745,54
1738.608956926,185.41,52,4,2910,6745,54
1739.134202565,212.68,52,4,2895,6000,57
1739.658979547,239.32,50,4,2910,6000,54
1740.188516130,211.63,50,4,2910,6000,54
1740.714248022,235.38,56,5,2872,6000,56
1741.239495727,240.14,56,5,2910,6000,53
1741.765410606,203.71,76,39,2910,6000,56
1742.291593923,236.54,76,39,2910,6000,55
1742.817021962,226.49,55,5,2910,6000,53
1743.342049072,240.74,55,5,2872,6000,56
1743.871464591,200.41,53,4,2910,6000,54
1744.396023125,239.89,53,4,2902,6000,54
1744.921859519,237.73,53,4,2910,6000,54
1745.448055455,235.12,86,50,2880,6000,58
1745.972539400,239.84,86,50,2910,6000,54
1746.500195802,188.69,55,5,2910,6000,54
1747.025148806,235.52,55,5,2887,6000,55
1747.551204318,235.79,55,5,2910,6000,54
1748.075947797,221.76,55,5,2895,6000,58
1748.602259977,242.06,55,5,2910,6000,54
1749.131606982,224.78,55,5,2910,6000,54
1749.656095170,236.95,53,4,2880,6000,55
1750.180840665,242.41,53,4,2910,6000,54
1750.705292465,209.79,84,49,2902,6000,57
1751.229649887,241.44,84,49,2910,6000,55
1751.758054542,221.85,53,4,2910,6000,53
1752.283739188,237.68,53,4,2872,6000,57
1752.808946751,236.86,57,5,2910,6000,54
1753.334266176,199.33,57,5,2910,6000,54
1753.861098016,235.76,51,4,2910,6000,54
1754.385889834,237.46,88,52,2880,6000,58
1754.910645434,240.41,88,52,2910,6000,54
1755.438509821,212.09,57,5,2910,6000,54
1755.962874431,235.43,57,5,2887,6000,55
1756.488053686,240.64,53,4,2910,6000,54
1757.014105202,224.59,53,4,2895,6000,58
1757.538940175,242.16,56,5,2910,6000,55
1758.066198477,205.32,56,5,2910,6000,53
1758.592004050,236.41,50,4,2880,6000,55
1759.117011451,236.65,50,4,2910,6000,55
1759.641165108,210.14,86,51,2902,6000,56
1760.166718835,240.84,86,51,2910,6000,54
1760.693452908,237.07,53,4,2910,6000,55
1761.219262902,231.14,53,4,2872,6000,55
1761.744074265,195.27,0,0,2925,6000,52
