timestamp_s,power_w,util_gpu_pct,util_mem_pct,sm_clock_mhz,mem_used_mib,temp_c
.027779726,28.37,0,0,285,2,43
.583561186,23.49,0,0,195,2,43
1.115119400,23.49,0,0,195,508,43
1.639314036,43.83,0,0,2542,508,44
2.162937820,56.39,0,0,2542,562,44
2.686864047,84.61,0,0,2572,594,44
3.210612136,84.92,0,0,2542,594,44
3.734090163,84.14,0,0,2542,594,44
4.258461262,83.43,0,0,2542,594,44
4.782380005,82.74,0,0,2542,594,44
5.306339744,82.46,0,0,2542,594,44
5.830439659,82.17,0,0,2542,594,44
6.354170965,82.03,0,0,2542,594,44
6.878049771,82.33,0,0,2542,594,44
7.401946480,82.35,0,0,2542,594,44
7.926077383,82.47,0,0,2542,594,44
8.450064343,82.73,0,0,2542,594,44
8.973802912,83.07,0,0,2542,594,44
9.497885243,83.12,0,0,2542,594,44
10.021195630,83.06,0,0,2542,594,44
10.544297551,83.09,0,0,2542,592,44
11.068165715,83.50,0,0,2542,592,44
11.591981119,83.42,0,0,2542,592,44
12.115582587,82.93,0,0,2542,592,44
12.638759901,82.65,0,0,2542,592,44
13.162487377,82.84,2,0,2572,592,44
13.685982743,84.75,2,0,2602,594,44
14.208665930,84.50,0,0,2542,594,44
14.732822570,82.13,0,0,2542,594,44
15.257567494,82.14,0,0,2550,628,44
15.781734242,83.41,0,0,2587,628,44
16.305432522,85.79,1,0,2595,596,44
16.829000655,89.32,1,0,2887,596,44
17.353159618,91.42,2,0,2730,596,44
17.876978707,99.54,0,0,2542,596,44
18.401091572,96.45,0,0,2917,596,44
18.925975388,100.34,2,0,2895,596,44
19.450321535,96.83,2,0,2542,596,44
19.974242456,85.82,0,0,2542,596,44
20.498437666,81.51,0,0,2542,596,44
21.021686482,81.64,0,0,2542,596,44
21.544642534,82.06,0,0,2542,596,44
22.068863192,82.24,0,0,2542,596,43
22.591831626,82.19,0,0,2542,596,43
23.115405238,82.36,0,0,2542,1099,43
23.641937086,83.46,0,0,2542,1099,43
24.206725319,83.72,0,0,2542,1215,43
24.735271676,83.74,0,0,2550,2811,43
25.258145350,93.86,73,0,2872,2811,45
25.780729404,113.37,73,0,2925,2811,45
26.303902505,123.98,96,0,2925,2971,45
26.827007587,124.44,96,0,2925,3003,45
27.349643991,124.02,97,0,2925,3003,45
27.872600430,122.92,96,0,2925,3035,45
28.396011562,119.14,96,0,2925,3035,44
28.920639219,107.81,0,0,2925,3067,44
29.444633937,100.48,0,0,2925,3067,44
29.967504653,109.94,91,0,2925,3099,45
30.490698973,122.21,91,0,2925,3099,45
31.014084245,123.08,96,0,2925,3099,45
31.537316386,123.09,96,0,2925,3099,45
32.061052221,123.35,96,0,2925,3131,45
32.583773644,123.71,96,0,2925,3131,45
33.106556583,123.70,96,0,2925,3131,45
33.629666081,116.46,96,0,2925,3131,44
34.153390414,107.17,0,0,2925,3131,44
34.676939756,105.87,0,0,2925,3131,45
35.199615180,116.97,70,0,2925,3131,45
35.723867424,122.96,70,0,2925,3555,45
36.247144849,123.64,85,0,2925,3651,45
36.770298690,123.65,85,0,2925,3651,45
37.295489672,122.84,82,0,2925,3651,45
37.818824847,122.22,82,0,2925,3651,45
38.342413070,122.49,82,0,2925,3747,45
38.865884923,122.22,82,0,2925,4165,44
39.390784893,107.53,0,0,2925,1970,44
39.915011687,106.06,2,0,2925,2546,44
40.439054101,107.12,2,0,2602,3572,44
40.962256823,100.53,1,0,2557,3586,43
41.485988147,90.82,1,0,2610,3606,45
42.010868278,110.99,50,5,2925,3606,46
42.536033460,147.24,50,5,2925,6188,47
43.061046763,220.25,67,34,2887,6190,48
43.585954616,220.77,67,34,2925,6190,46
44.110604170,179.25,60,14,2910,6192,50
44.636309515,230.88,60,14,2925,6192,47
45.162655654,226.46,54,5,2925,6192,47
45.686422975,226.11,54,5,2887,6192,48
46.211047430,231.72,55,5,2925,6192,47
46.735867796,179.85,55,5,2917,6192,50
47.260852374,226.88,54,5,2925,6192,48
47.785027858,227.38,54,5,2925,6192,47
48.310810748,233.00,74,42,2887,6192,49
48.839055725,233.32,74,42,2925,6192,47
49.364350920,179.73,49,4,2917,6192,50
49.889662106,227.52,50,5,2925,6192,48
50.413987763,231.65,50,5,2887,6192,49
50.938954917,231.33,49,4,2925,6192,48
51.466422299,196.73,49,4,2917,6192,50
51.992006682,231.29,52,5,2925,6192,48
52.517224700,231.58,52,5,2925,6192,47
53.042823941,227.00,83,51,2880,6192,50
53.568173268,231.41,83,51,2925,6192,47
54.093452020,199.38,57,5,2917,6192,50
54.618116739,232.32,57,5,2925,6192,48
55.146114115,228.05,54,5,2925,6192,47
55.671816561,226.13,54,5,2880,6192,49
56.196682430,232.86,57,6,2925,6192,48
56.721621097,181.24,57,6,2925,6192,50
57.246115773,228.59,56,5,2925,6192,48
57.773620624,232.03,56,5,2925,6192,48
58.299127899,223.67,86,54,2880,6192,49
58.823373171,224.49,86,54,2925,6192,48
59.347506061,204.76,48,4,2925,6192,48
59.884086514,231.82,54,5,2925,6192,48
60.427469380,204.26,54,5,2895,6209,53
60.952544705,226.55,51,5,2925,6695,48
61.479144299,223.90,51,5,2925,6811,48
62.002435492,232.19,59,6,2902,8407,49
62.525155152,219.65,59,6,2925,8407,47
63.047862157,149.11,97,2,2925,8407,47
63.570921059,135.63,97,2,2925,8407,47
64.093924065,131.17,99,0,2925,8407,46
64.616763942,131.71,99,0,2925,8407,47
65.140148431,131.69,99,0,2925,8407,46
65.662526762,131.30,99,0,2925,8407,46
66.186000790,129.22,99,1,2925,8407,47
66.711674728,152.09,99,1,2910,8407,51
67.234979144,230.57,55,5,2925,8407,49
67.758581124,220.72,55,5,2925,8407,47
68.281284251,150.30,97,0,2925,8407,47
68.803539899,135.05,97,0,2925,8407,47
69.326861227,132.20,99,1,2925,8407,47
69.849515650,130.86,99,1,2925,8407,46
70.373336073,133.45,99,0,2925,8407,46
70.896117517,132.77,99,1,2925,8407,47
71.423326152,142.36,99,1,2917,8407,51
71.948511493,212.84,51,5,2925,8407,48
72.472062605,227.30,51,5,2925,8407,48
72.995840577,168.70,96,3,2925,8407,48
73.520850414,161.50,96,3,2925,8407,49
74.044917914,210.85,97,28,2902,8407,49
74.568637265,210.30,97,28,2925,8407,48
75.092145074,158.35,97,3,2925,8407,47
75.615510654,154.35,97,3,2925,8407,47
76.138396654,151.24,97,2,2925,8407,47
76.662060439,151.13,97,2,2925,8407,47
77.185369431,151.27,97,1,2925,8407,47
77.709239816,152.33,97,1,2925,8407,48
78.235434778,152.47,97,3,2925,8407,47
78.758901198,194.62,97,3,2902,8407,49
79.283416986,203.21,97,3,2925,8407,47
79.807189506,177.45,97,3,2925,6192,48
80.332540357,168.19,58,7,2925,6192,48
80.857809944,232.46,58,7,2887,6192,49
81.386245422,195.65,55,5,2910,6192,52
81.911275444,233.10,56,6,2925,6192,49
82.435928292,229.97,56,6,2925,6192,49
82.960993931,227.57,74,39,2880,6192,50
83.486690607,233.21,74,39,2925,6192,49
84.015395795,179.18,52,8,2917,6192,52
84.539859583,227.82,52,8,2925,6192,49
85.068729473,228.05,48,4,2925,6192,49
85.595458375,234.05,48,4,2887,6192,50
86.134476570,231.49,47,4,2925,6208,48
86.661278990,195.31,47,4,2925,6695,49
87.187920035,224.81,44,4,2917,6695,49
87.714243878,227.07,44,4,2925,6749,48
88.240504561,178.74,55,20,2910,6781,52
88.764892174,223.14,55,20,2925,6781,49
89.293960408,224.04,55,5,2925,6781,49
89.817687348,227.29,55,5,2872,6781,51
90.342461934,233.00,48,4,2925,6781,49
90.867046399,204.49,48,4,2925,6781,50
91.391651544,229.34,54,5,2925,6781,49
91.915858112,222.43,88,54,2872,6781,52
92.438921454,234.62,88,54,2925,6781,49
92.966077783,213.01,55,5,2925,6781,49
93.489980926,230.65,55,5,2917,6781,49
94.014746954,235.93,54,5,2925,6781,49
94.538820711,222.29,54,5,2880,6781,52
95.062684729,235.08,51,5,2925,6781,49
95.590210939,194.18,51,5,2925,6781,50
96.114573852,229.09,51,5,2917,6781,50
96.640884427,234.26,51,5,2925,6781,49
97.163873707,213.13,88,54,2880,6781,54
97.687777400,228.95,88,54,2925,6779,49
98.212267584,196.88,55,5,2925,6779,49
98.735215950,233.48,55,5,2910,6779,50
99.262407764,233.02,52,5,2925,6779,50
99.786115756,207.12,52,5,2895,6779,54
100.310042221,229.12,48,4,2925,6779,50
100.834653303,207.60,48,4,2925,6781,49
101.358529883,234.89,53,5,2895,6781,50
101.886456560,195.31,76,43,2902,6781,54
102.410319024,228.52,76,43,2925,6815,50
102.934713755,216.26,53,5,2925,6815,50
103.458993920,227.90,53,5,2880,6943,51
103.982829341,229.30,54,5,2925,6943,49
104.510405493,199.21,54,5,2925,7039,50
105.034997508,234.17,55,5,2917,7039,50
105.559513459,233.17,55,5,2925,7039,49
106.082951176,219.43,87,54,2872,7039,53
106.606166291,229.23,87,54,2925,7073,50
107.133739607,215.29,89,6,2925,7095,50
107.658463712,234.33,89,6,2880,7123,51
108.183443842,231.04,51,5,2925,7123,50
108.707951025,193.83,51,5,2917,7123,53
109.232763377,235.99,59,5,2925,7167,50
109.758317704,230.76,59,5,2925,7167,50
110.281368306,207.58,87,54,2887,7167,53
110.804377951,232.27,87,54,2925,7167,50
111.327745553,200.92,96,4,2925,7167,50
111.850930479,176.88,96,4,2925,7167,50
112.377566747,176.10,96,4,2925,7167,52
112.901806092,222.37,77,1,2902,7167,50
113.425483801,227.82,77,1,2925,7167,50
113.950655773,176.06,96,4,2925,7167,50
114.475358335,177.99,96,4,2925,7167,50
114.998881281,177.10,96,4,2925,7167,50
115.521872279,203.37,96,4,2895,7167,52
116.046659681,226.30,96,4,2925,7167,50
116.569893759,205.10,96,4,2925,7167,50
117.093353314,177.88,96,4,2925,7167,50
117.616932526,177.51,96,4,2925,7167,50
118.143008480,177.60,96,4,2925,7167,50
118.667607084,231.11,96,4,2902,7167,51
119.191661967,230.35,96,4,2925,7167,50
119.716096569,183.05,96,4,2925,7167,50
120.239693544,176.35,96,4,2925,7167,50
120.764985441,176.34,96,4,2925,7167,50
121.288735315,196.39,97,34,2902,7167,52
121.812374730,228.94,97,34,2925,7167,50
122.335336971,209.32,96,5,2925,7167,50
122.859762856,177.82,96,5,2925,7167,50
123.382666306,176.33,96,4,2925,7167,50
123.905985934,225.82,96,27,2895,7167,51
124.430047298,226.17,96,27,2925,7670,51
124.953632779,187.89,96,4,2925,7670,50
125.477894122,176.73,96,4,2925,7670,50
126.002030076,177.39,96,4,2925,7670,50
126.527091816,197.30,96,4,2895,7670,53
127.051214575,224.48,96,5,2925,7670,50
127.575442424,219.67,96,5,2925,7670,50
128.100028501,177.46,96,4,2925,7670,50
128.624170396,176.52,96,4,2925,7670,50
129.149264626,175.60,96,4,2925,7670,50
129.672996293,225.10,96,4,2887,7670,52
130.197466370,225.50,96,4,2925,7670,50
130.721232302,176.62,96,4,2925,7670,50
131.244530247,176.71,96,4,2925,7670,50
131.770425825,177.14,96,4,2925,7670,50
132.294703467,194.19,97,34,2902,7670,53
132.818554890,225.12,97,34,2925,7670,50
133.341942334,211.07,96,4,2925,7670,50
133.866345313,177.02,96,4,2925,7670,50
134.390603927,176.59,96,4,2925,7670,50
134.914471150,228.06,96,36,2887,7670,51
135.438225379,225.13,96,36,2925,7670,50
135.962543336,191.29,96,4,2925,7670,50
136.486362808,176.60,96,4,2925,7670,50
137.010941348,176.46,96,4,2925,7882,50
137.537644145,186.93,96,4,2910,9478,52
138.077783209,228.84,95,3,2902,9382,51
138.602028006,218.96,95,3,2925,7167,51
139.125627801,178.12,96,4,2925,7167,51
139.648573195,178.43,96,4,2925,7167,50
140.173820332,178.58,96,4,2925,7167,50
140.698933435,210.97,96,4,2887,7167,53
141.223025271,226.18,96,4,2925,7167,50
141.746825225,209.30,96,4,2925,7167,50
142.271715755,178.32,51,5,2925,7167,50
142.796286970,178.73,51,5,2925,7167,50
143.320939589,212.25,97,35,2887,7167,54
143.843807445,229.40,97,35,2925,7167,50
144.368018056,207.54,96,4,2925,7167,50
144.890995951,177.22,96,4,2925,7167,51
145.416197760,176.78,96,4,2917,7167,52
145.939869790,231.27,95,3,2902,7167,52
146.463580142,226.44,95,3,2925,7167,51
146.987319710,177.04,96,4,2925,7167,50
147.511362381,177.59,96,4,2925,7167,50
148.034851895,178.41,96,5,2925,7167,50
148.558958518,212.60,96,5,2887,7167,53
149.083410856,230.91,96,4,2925,7167,51
149.606701702,208.82,96,4,2925,7167,50
150.130577527,178.42,96,4,2925,7167,51
150.655535703,177.25,96,4,2925,7167,51
151.182091467,176.15,96,4,2917,7167,53
151.706410121,230.51,96,4,2910,7167,51
152.231034945,230.97,96,4,2925,7167,51
152.754855274,176.80,96,4,2925,7167,51
153.279109856,177.07,96,5,2925,7167,50
153.805257496,177.88,96,5,2925,7167,50
154.329385027,209.80,97,34,2880,7167,53
154.852525366,226.08,97,34,2925,7167,51
155.378047200,178.92,96,5,2925,7167,51
155.901275306,177.41,96,4,2925,7167,51
156.427588188,176.27,96,4,2917,7167,52
156.953295603,225.43,95,3,2902,7167,52
157.477053011,225.42,95,3,2925,7167,51
158.001194617,176.09,96,4,2925,7167,51
158.525726313,176.26,96,4,2925,7167,50
159.049410913,176.94,96,5,2925,7167,50
159.573379732,211.32,96,5,2887,7167,54
160.097751975,230.65,96,4,2925,7167,51
160.621392321,209.11,96,4,2925,7167,50
161.145245890,179.46,96,4,2925,7167,51
161.668523939,178.67,96,4,2925,7167,51
162.192073843,178.23,96,4,2917,7167,52
162.715652612,227.70,96,4,2902,7167,51
163.238820381,232.93,96,4,2925,7167,51
163.761994823,178.64,96,4,2925,7167,51
164.286281733,178.15,96,4,2925,7167,50
164.810419821,178.54,96,4,2925,7167,50
165.334066958,208.47,97,36,2887,7167,54
165.857823192,225.51,97,36,2925,7167,51
166.381982450,178.31,96,5,2925,7167,51
166.905832201,177.45,96,4,2925,7167,51
167.432530571,176.74,96,4,2917,7167,53
167.956578628,226.29,95,3,2902,7167,52
168.480326856,226.91,95,3,2925,7167,51
169.004044486,177.43,96,4,2925,7167,51
169.527290883,177.80,96,4,2925,7167,51
170.054786113,178.70,96,4,2925,7167,50
170.578705916,212.49,96,4,2887,7167,54
171.103095058,231.93,96,4,2925,7167,51
171.627020110,209.71,96,4,2925,7167,51
172.151289355,179.24,96,4,2925,7167,50
172.674622896,178.65,96,4,2925,7167,51
173.196909613,178.92,96,10,2917,7167,53
173.721432889,231.00,96,10,2902,7167,52
174.246255081,226.03,96,4,2925,7167,51
174.769781417,178.60,96,4,2925,7167,51
175.296680756,178.62,96,5,2925,7167,51
175.820639972,180.74,96,5,2917,7167,54
176.344277518,226.68,95,4,2910,7167,51
176.868390686,228.71,95,4,2925,7167,51
177.392408923,179.44,96,4,2925,7167,51
177.917556231,177.70,96,4,2925,7167,51
178.441534783,215.60,96,4,2880,7167,54
178.965593136,230.83,96,4,2925,7167,51
179.489617014,204.21,96,4,2925,7167,51
180.013731263,177.02,96,4,2925,7167,51
180.538093632,176.76,96,4,2925,7167,51
181.062818318,176.98,96,6,2917,7167,53
181.586303584,226.08,96,6,2902,7167,52
182.110145536,226.24,96,4,2925,7167,51
182.633811805,177.22,96,4,2925,7167,51
183.157902499,177.33,96,4,2925,7167,51
183.683613844,178.22,96,4,2925,7167,51
184.207671154,208.98,96,36,2887,7167,54
184.732155834,227.70,96,36,2925,7167,51
185.255470385,210.93,96,4,2925,7167,51
185.779299803,180.10,96,4,2925,7167,51
186.303457563,179.28,96,4,2925,7167,51
186.827420844,178.57,96,4,2917,7167,53
187.352372829,227.22,95,3,2902,7167,51
187.876513365,232.36,95,3,2925,7167,51
188.400230028,177.05,96,4,2925,7167,51
188.936590687,177.80,96,4,2925,7167,51
189.459693446,210.69,96,4,2880,7167,54
189.984951020,226.29,96,4,2925,7167,51
190.509595691,209.50,96,4,2925,7167,51
191.033306323,178.48,96,4,2925,7167,51
191.559875963,179.06,96,4,2925,7670,51
192.086216668,178.19,96,4,2925,7670,52
192.613374022,231.06,96,4,2895,7786,52
193.137445927,232.15,95,4,2925,9382,51
193.660998398,169.53,95,4,2925,9382,50
194.183378877,154.17,96,2,2925,9382,50
194.706388639,144.17,96,2,2925,9382,50
195.229100195,139.17,98,1,2925,9382,50
195.751548322,137.35,98,1,2925,9382,49
196.273967674,137.18,98,0,2925,9382,50
196.797105468,136.98,98,0,2925,9382,49
197.319406426,134.65,98,1,2925,9382,49
197.841613435,135.68,98,1,2925,9382,49
198.365207664,137.42,98,0,2925,9382,49
198.890377157,186.29,97,35,2895,9382,54
199.413564134,220.23,97,35,2925,9382,50
199.936841962,188.18,97,1,2925,9382,50
200.460083081,139.87,97,1,2925,9382,49
200.983088693,138.24,98,0,2925,9382,49
201.505740174,138.12,98,0,2925,9382,49
202.028930957,135.51,98,1,2925,9382,49
202.551504741,135.29,98,1,2925,9382,49
203.074192099,137.51,98,0,2925,9382,49
203.597286850,136.65,98,0,2925,9382,49
204.120714712,135.23,98,1,2925,9382,49
204.645067417,143.90,98,1,2925,9382,50
205.169278964,165.43,96,4,2925,9382,51
205.692383332,176.33,96,4,2925,9382,50
206.215739878,159.16,97,2,2925,9382,50
206.738785435,141.01,97,2,2925,9382,49
207.262074603,140.15,98,1,2925,9382,49
207.785538372,139.46,98,1,2925,9382,49
208.309252295,139.07,98,0,2925,9382,49
208.832878963,145.51,98,0,2917,9382,50
209.355827044,161.90,98,7,2917,9382,50
209.879396363,170.72,98,7,2917,9382,50
210.403174968,156.09,98,7,2925,9382,49
210.959553112,154.87,96,5,2925,7167,50
211.483390157,170.53,96,5,2925,7167,51
212.006778041,176.74,96,4,2925,7167,51
212.530641968,176.26,96,4,2925,7167,50
213.055095191,193.39,96,35,2902,7167,53
213.578770109,231.07,96,35,2925,7167,51
214.103038522,223.87,96,4,2925,7167,51
214.627087388,178.21,96,4,2925,7167,50
215.151721904,178.99,96,4,2925,7167,51
215.677879447,177.96,96,4,2925,7167,51
216.201780733,230.21,97,35,2880,7167,52
216.724890018,232.28,97,35,2925,7167,51
217.248325061,192.93,96,4,2925,7167,51
217.771823283,177.68,96,4,2925,7167,51
218.296842197,177.79,96,5,2925,7167,50
218.820595091,198.15,96,5,2895,7167,54
219.343744371,226.73,96,5,2925,7167,51
219.868791468,223.61,96,5,2925,7167,51
220.392659781,177.32,96,4,2925,7167,51
220.918575825,176.66,96,4,2925,7167,51
221.443680762,226.32,96,4,2887,7167,52
221.966807248,226.74,96,4,2925,7167,51
222.490745803,177.77,96,4,2925,7167,51
223.013994090,178.58,96,4,2925,7167,51
223.537670399,178.64,96,4,2925,7167,51
224.060638073,198.80,96,36,2895,7167,53
224.584560297,230.10,96,36,2925,7167,51
225.107336118,219.51,96,4,2925,7167,51
225.630888541,177.24,96,4,2925,7167,51
226.154527548,176.35,96,4,2925,7167,51
226.679998377,176.04,96,4,2925,7167,51
227.203520512,225.84,96,25,2880,7167,52
227.728074242,231.26,96,25,2925,7167,52
228.251299935,186.84,96,4,2925,7167,51
228.775536774,177.60,96,4,2925,7167,51
229.300800489,178.61,96,4,2925,7167,51
229.824271527,200.17,96,4,2887,7167,54
230.347934809,227.05,96,4,2925,7167,51
230.871472473,220.96,96,4,2925,7167,51
231.394645265,179.03,96,4,2925,7167,51
231.921833247,178.12,96,4,2925,7167,51
232.445822546,227.53,96,4,2887,7167,52
232.968383949,227.37,96,4,2925,7167,51
233.493030443,186.92,96,4,2925,7167,51
234.017087581,177.28,96,5,2925,7167,51
234.541237304,177.60,96,5,2925,7167,51
235.064469507,197.00,97,35,2895,7167,54
235.588537796,225.51,97,35,2925,7167,51
236.111491361,209.49,96,4,2925,7167,51
236.635518581,177.96,96,4,2925,7167,51
237.158684238,177.53,96,4,2925,7167,51
237.682868927,177.74,96,4,2925,7167,51
238.206964296,231.65,96,20,2887,7167,52
238.730396948,226.73,96,20,2925,7167,51
239.254390053,185.86,96,4,2925,7167,51
239.778237873,178.79,96,4,2925,7167,51
240.304761083,178.81,96,4,2925,7167,51
240.828232258,199.99,96,4,2887,7167,54
241.352831511,231.23,96,4,2925,7167,51
241.876116253,207.29,96,4,2925,7167,51
242.399790904,176.54,96,4,2925,7167,51
242.924235143,177.35,96,4,2925,7167,51
243.447703132,226.10,96,4,2887,7167,52
243.971752332,226.21,96,4,2925,7167,51
244.495919786,184.35,96,4,2925,7167,51
245.018946197,179.31,96,4,2925,7167,51
245.542927759,179.30,96,4,2925,7167,51
246.066613119,205.05,97,34,2880,7167,54
246.589813269,227.31,97,34,2925,7167,52
247.114098656,216.20,96,4,2925,7167,51
247.639931837,176.95,96,4,2925,7167,51
248.164482727,176.95,96,5,2925,7167,51
248.690482152,177.61,96,5,2925,7167,51
249.214610661,225.62,94,13,2887,7167,52
249.738417130,225.91,94,13,2925,7167,51
250.262426192,178.42,96,4,2925,7167,51
250.785420612,178.17,96,4,2925,7167,51
251.310813156,177.27,96,4,2925,7167,51
251.835180267,203.29,96,4,2887,7167,54
252.358763101,227.09,96,4,2925,7167,51
252.882622891,178.90,96,4,2925,7167,51
253.406957850,179.88,96,4,2925,7167,51
253.934262869,180.18,96,4,2925,7167,53
254.458085748,231.43,96,4,2887,7167,52
254.982250845,226.43,96,4,2925,7167,51
255.506028388,179.12,96,4,2925,7167,51
256.030641705,178.43,96,4,2925,7167,51
256.555295418,177.23,96,4,2925,7167,51
257.078955668,201.93,97,35,2887,7167,54
257.602826327,225.95,97,35,2925,7167,52
258.127366614,216.00,96,4,2925,7167,51
258.651294491,176.83,96,4,2925,7167,51
259.175810854,176.78,96,4,2925,7167,51
259.701930885,178.00,96,4,2925,7167,51
260.226397433,226.14,95,13,2887,7167,52
260.750328034,230.69,95,13,2925,7167,51
261.274714851,183.18,96,4,2925,7167,51
261.798267987,178.79,96,4,2925,7167,52
262.324547279,178.08,96,4,2925,7167,51
262.849467196,202.38,96,4,2880,7167,54
263.372531325,231.97,96,4,2917,7167,52
263.896024827,176.95,96,4,2925,7167,51
264.419704432,177.23,96,4,2925,7167,51
264.944583080,177.89,96,5,2925,7167,51
265.468159770,230.14,96,5,2887,7167,52
265.992918459,225.38,96,5,2925,7167,51
266.516049865,182.17,96,5,2925,7167,51
267.039655449,178.51,96,4,2925,7167,51
267.562984509,178.05,96,4,2925,7167,52
268.087133954,205.12,97,35,2880,7167,54
268.611067891,227.47,97,35,2917,7167,52
269.135092559,216.66,96,4,2925,7167,52
269.659672319,177.79,96,4,2925,7167,51
270.183974833,178.41,96,4,2925,7167,51
270.708631108,179.07,96,4,2925,7167,53
271.231759597,230.34,95,9,2887,7167,52
271.755350132,230.48,95,9,2925,7167,51
272.278487237,181.67,96,4,2925,7167,51
272.801624292,177.70,96,4,2925,7167,51
273.327101172,177.15,96,4,2925,7167,51
273.851442198,207.24,96,4,2880,7167,54
274.375078980,227.05,96,4,2925,7167,52
274.898993538,178.82,96,4,2925,7167,51
275.423392094,179.58,96,4,2925,7167,51
275.949130348,179.73,96,4,2925,7167,52
276.472944346,227.35,96,4,2895,7167,52
276.996169857,233.18,96,4,2925,7167,51
277.520297318,180.48,96,4,2925,7167,52
278.044869833,178.78,96,4,2925,7167,52
278.568150268,177.69,96,4,2925,7167,51
279.091854507,204.88,96,35,2887,7167,54
279.615789783,231.31,96,35,2925,7167,52
280.140019999,200.80,96,4,2925,7167,51
280.663642743,177.20,96,4,2925,7167,51
281.188895926,177.75,96,4,2925,7167,51
281.715487587,178.46,96,4,2925,7670,53
282.239372989,230.81,94,9,2887,7670,52
282.764623177,231.96,94,9,2925,7786,51
283.287251896,182.39,95,4,2925,9382,51
283.812964059,170.10,95,4,2925,9382,50
284.336823531,155.54,96,3,2925,7167,51
284.863318007,160.60,96,3,2925,7167,52
285.387690611,231.54,96,35,2925,7167,52
285.911840403,220.68,96,4,2925,7167,51
286.435713270,178.43,96,4,2925,7167,52
286.959309823,177.45,96,4,2925,7167,51
287.484607910,177.08,96,4,2925,7167,51
288.007700738,231.20,96,21,2887,7167,53
288.531481520,230.90,96,21,2925,7167,52
289.054848978,176.81,96,4,2925,7167,51
289.580085499,177.59,96,4,2925,7167,51
290.103912157,178.90,96,4,2925,7167,51
290.628381664,200.36,96,4,2895,7167,55
291.151315610,231.75,96,4,2925,7167,52
291.674775824,220.97,96,4,2925,7167,52
292.198314015,179.40,96,4,2925,7167,52
292.721836226,178.08,96,4,2925,7167,52
293.248858159,177.30,96,4,2925,7167,51
293.772829722,231.42,96,4,2887,7167,53
294.296879813,231.11,96,4,2925,7167,52
294.820144024,186.30,96,4,2925,7167,51
295.344001099,177.91,96,4,2925,7167,51
295.868919536,178.38,96,4,2925,7167,51
296.394082215,231.01,96,35,2917,7167,52
296.918113810,220.67,96,5,2925,7167,51
297.442413604,179.15,96,5,2925,7167,52
297.965994745,178.42,96,4,2925,7167,52
298.493353897,178.26,96,4,2925,7167,51
299.017644572,233.25,96,25,2880,7167,53
299.541767429,228.88,96,25,2925,7167,52
300.065226529,189.21,96,4,2925,7167,52
300.588920624,179.76,96,4,2925,7167,51
301.112642110,179.98,96,4,2925,7167,51
301.637883648,199.86,96,4,2887,7167,55
302.162488218,231.16,96,5,2917,7167,52
302.686980085,221.18,96,5,2925,7167,51
303.210468910,179.03,96,4,2925,7167,52
303.735362268,178.42,96,4,2925,7167,52
304.261297159,177.79,96,5,2925,7167,51
304.784714970,232.27,96,5,2880,7167,53
305.309032265,227.51,96,4,2925,7167,52
305.831964104,187.28,96,4,2925,7167,52
306.356031124,179.37,96,4,2925,7167,51
306.883814529,179.88,97,35,2895,7167,55
307.407702840,227.69,97,35,2917,7167,52
307.931726388,211.81,96,4,2925,7167,52
308.456195140,179.57,96,4,2925,7167,52
308.979609664,178.81,96,4,2925,7167,52
309.505080604,178.18,96,4,2925,7167,51
310.028791940,227.51,96,22,2887,7167,53
310.552696733,232.25,96,22,2925,7167,52
311.076988718,186.38,96,4,2925,7167,52
311.600698551,178.42,96,4,2925,7167,51
312.124969728,179.41,96,4,2925,7167,51
312.648689148,199.79,96,4,2887,7167,54
313.172476978,231.62,96,4,2910,7167,52
313.695381003,209.66,96,4,2925,7167,52
314.220347166,179.54,96,4,2925,7167,52
314.743627013,178.84,96,4,2925,7167,52
315.266996320,179.35,96,4,2925,7670,51
315.790854172,232.78,96,4,2887,7754,53
316.316952080,232.12,96,4,2925,7167,52
316.841112245,178.64,96,4,2925,7167,52
317.367279765,179.00,96,4,2925,7167,52
317.893083154,204.32,97,35,2887,7167,54
318.417482492,227.83,97,35,2925,7167,52
318.942036644,217.24,96,4,2925,7167,52
319.466473643,178.51,96,4,2925,7167,52
319.990563825,178.72,96,5,2925,7167,51
320.515517012,179.59,96,5,2925,7167,51
321.039076558,228.16,96,14,2887,7167,53
321.562441044,228.16,96,14,2925,7167,52
322.086798582,180.71,96,5,2925,7167,52
322.610407872,181.38,96,5,2925,7167,52
323.136522220,180.27,96,4,2925,7167,52
323.660464130,203.69,96,4,2887,7167,55
324.183999269,228.21,96,4,2917,7167,52
324.708564740,208.30,96,4,2925,7167,52
325.232051768,177.92,96,4,2925,7167,52
325.755503559,177.55,96,4,2925,7167,52
326.279046422,178.27,96,5,2925,7167,51
326.803180396,226.58,96,5,2887,7167,53
327.326033962,231.35,96,4,2925,7167,52
327.852677592,179.05,96,4,2925,7167,52
328.375987804,179.96,96,4,2925,7167,52
328.901181375,203.21,97,34,2880,7167,55
329.425247600,228.26,97,34,2917,7167,52
329.948763501,217.69,96,4,2925,7167,52
330.472954222,179.35,96,4,2925,7167,52
330.997325103,179.93,96,5,2925,7167,52
331.523122248,180.37,96,5,2925,7167,52
332.046422320,227.60,95,11,2887,7167,53
332.570782221,227.04,95,11,2925,7167,52
333.094949636,179.60,96,5,2925,7167,52
333.618508829,179.31,96,5,2925,7167,52
334.144129419,178.24,96,4,2925,7167,52
334.668759642,206.57,96,4,2880,7167,55
335.192622309,227.55,96,4,2917,7167,52
335.717230380,215.32,96,4,2925,7167,52
336.241202304,178.73,96,5,2925,7167,52
336.766224329,179.78,96,5,2925,7167,52
337.290583698,180.91,96,4,2925,7167,53
337.814894925,232.61,96,4,2887,7167,52
338.338654707,232.82,96,4,2925,7167,52
338.862769682,182.68,96,4,2925,7167,52
339.386963317,177.67,96,4,2925,7167,52
339.912497732,208.20,96,35,2880,7167,55
340.436770115,232.11,96,35,2925,7167,52
340.959648947,212.24,96,5,2925,7167,52
341.483604049,178.94,96,5,2925,7167,52
342.006940868,179.96,96,4,2925,7167,52
342.531644869,179.14,96,4,2925,7167,53
343.055285875,232.04,95,2,2895,7167,52
343.579512031,233.98,95,2,2925,7167,52
344.103826383,180.22,96,4,2925,7167,52
344.627844854,179.50,96,4,2925,7167,52
345.154149518,179.71,96,4,2925,7167,52
345.677726232,212.71,96,4,2872,7167,55
346.201645515,234.02,96,4,2925,7167,52
346.724421961,213.53,96,4,2925,7167,52
347.248004366,180.66,96,4,2925,7167,52
347.771203724,179.13,96,4,2925,7167,52
348.294865458,177.91,96,5,2917,7167,53
348.818803376,232.29,96,5,2895,7167,53
349.342474994,232.55,96,4,2925,7167,52
349.866810916,178.11,96,4,2925,7167,52
350.391105019,179.75,96,4,2925,7167,52
350.916039876,214.75,96,35,2872,7167,55
351.439834301,227.81,96,35,2925,7167,52
351.963676016,209.53,96,4,2925,7167,52
352.488244708,180.67,96,4,2925,7167,52
353.012678806,180.10,96,4,2925,7167,52
353.537994845,179.21,96,4,2917,7167,54
354.062312722,233.51,95,3,2895,7167,53
354.585976328,228.68,95,3,2925,7167,52
355.110102632,178.97,96,4,2925,7167,52
355.633539950,178.69,96,4,2925,7167,52
356.182889269,179.54,96,5,2925,7167,52
356.715418900,214.52,96,5,2872,7167,55
357.238430390,226.90,96,5,2925,7167,52
357.763246982,208.80,96,5,2925,7167,52
358.286968187,179.81,96,4,2925,7167,52
358.811147049,179.39,96,4,2925,7198,52
359.334743588,179.09,95,4,2917,7670,53
359.858868298,228.22,95,4,2895,7670,52
360.382857360,228.93,96,4,2925,7670,52
360.907572880,178.80,96,4,2925,7786,52
361.430640867,178.54,96,4,2925,9382,52
361.954263454,172.37,96,3,2925,9382,53
362.477065988,209.47,96,3,2887,9382,54
362.999162262,219.39,96,4,2925,9382,51
363.522053083,182.69,96,4,2925,9382,51
364.045810646,163.35,96,4,2925,9382,51
364.568632656,163.00,96,4,2925,9382,51
365.092768455,163.81,96,3,2925,9382,51
365.616339846,162.74,96,3,2925,9382,51
366.140103490,161.04,97,4,2925,9382,51
366.663316030,159.28,97,4,2925,9382,51
367.186729480,158.33,97,2,2925,9382,51
367.709824236,182.10,97,2,2902,9382,54
368.233476870,215.38,97,1,2917,9382,52
368.756759011,189.59,97,1,2925,9382,51
369.280470796,158.43,97,3,2925,9382,51
369.803923220,158.05,97,3,2925,9382,51
370.327468420,158.55,97,4,2925,9382,51
370.851116294,158.11,97,4,2925,9382,51
371.374807961,157.71,97,3,2925,9382,51
371.899015014,156.44,97,2,2925,9382,51
372.424658711,165.60,97,2,2925,9382,53
372.949915073,230.57,95,4,2895,7167,52
373.475030188,232.51,95,4,2925,7167,52
374.001039126,180.07,96,4,2925,7167,52
374.541012532,178.85,96,4,2925,7167,52
375.066554665,178.44,96,4,2925,7167,52
375.592265989,203.59,96,4,2887,7167,55
376.116407648,232.45,96,4,2917,7167,52
376.641715978,218.72,96,4,2925,7167,52
377.166229502,179.36,96,4,2925,7167,52
377.691357951,178.69,96,4,2925,7167,52
378.217402637,179.05,96,5,2925,7167,51
378.740744289,232.24,96,5,2887,7167,53
379.264846082,231.81,96,5,2925,7167,52
379.788544811,184.31,96,5,2925,7167,52
380.312823609,179.13,96,4,2925,7167,52
380.838223321,178.23,96,4,2925,7167,52
381.361644003,205.68,97,35,2880,7167,55
381.886257565,205.96,96,4,2925,7167,52
382.410416827,179.02,96,4,2925,7167,52
382.933997621,179.79,96,4,2925,7167,52
383.459683586,180.73,96,4,2925,7167,53
383.983540444,228.09,95,5,2895,7167,52
384.506550487,232.82,95,5,2925,7167,52
385.030267419,179.00,96,4,2925,7167,52
385.553456762,177.50,96,4,2925,7167,52
386.079854765,177.69,96,4,2925,7167,52
386.604327460,208.15,96,4,2880,7167,55
387.129445027,227.40,96,4,2925,7167,52
387.653270565,211.61,96,4,2925,7167,52
388.177213204,179.67,96,5,2925,7167,52
388.699951652,180.02,96,5,2925,7167,52
389.223268044,179.29,96,4,2925,7167,53
389.747441712,232.96,96,4,2895,7167,52
390.270373235,234.04,96,4,2925,7167,52
390.794119351,180.20,96,4,2925,7167,52
391.318017526,179.61,96,4,2925,7167,52
391.843831743,180.26,96,4,2925,7167,52
392.367076779,209.99,97,35,2872,7167,56
392.891968918,199.89,96,5,2925,7167,52
393.415787161,179.31,96,5,2925,7167,52
393.940076647,178.49,96,4,2925,7167,52
394.465807104,177.73,96,4,2925,7167,54
394.990408431,231.83,94,3,2895,7167,53
395.514102228,232.73,94,3,2925,7167,52
396.037666088,178.20,96,4,2925,7167,52
396.561474032,178.42,96,4,2925,7167,52
397.087949691,179.28,96,4,2925,7169,52
397.612032164,209.64,96,4,2880,7169,55
398.135357592,232.12,96,4,2917,7169,52
398.658658654,199.64,96,4,2925,7169,52
399.182665503,180.86,96,4,2925,7169,52
399.707920196,180.17,96,4,2925,7169,52
400.231567564,179.18,96,4,2917,7169,54
400.756423753,232.70,96,4,2895,7169,52
401.280174056,233.14,96,4,2925,7169,52
401.803487892,178.41,96,4,2925,7169,52
402.326894103,178.13,96,4,2925,7169,52
402.852714889,178.93,96,4,2925,7169,52
403.376841565,210.25,97,35,2880,7169,55
403.900179717,198.58,96,5,2925,7169,52
404.423823948,180.38,96,5,2925,7169,52
404.948242898,179.60,96,4,2925,7169,52
405.475793222,178.92,96,4,2917,7169,54
405.999415632,233.55,96,3,2895,7169,53
406.524451561,228.60,96,3,2925,7169,52
407.047938624,178.68,96,4,2925,7169,52
407.572955166,178.82,96,4,2925,7169,52
408.100391945,179.69,96,4,2925,7169,52
408.623977184,212.15,96,4,2872,7169,55
409.148339806,231.79,96,5,2925,7169,52
409.672045533,196.48,96,5,2925,7169,52
410.195820601,179.48,96,4,2925,7169,52
410.720035353,178.98,96,4,2925,7169,52
411.244027823,182.71,96,14,2910,7169,54
411.767713572,233.29,96,14,2902,7169,52
412.291531632,230.20,96,4,2925,7169,52
412.815077275,181.07,96,4,2925,7169,52
413.339212736,181.82,96,4,2925,7169,52
413.864259584,180.98,96,4,2925,7169,52
414.388135583,234.66,97,35,2925,7169,52
414.912234585,204.56,96,4,2925,7169,52
415.436093872,180.23,96,4,2925,7169,52
415.959828292,180.78,96,5,2925,7169,52
416.486282568,187.48,96,5,2902,7169,55
417.009735975,227.73,96,4,2902,7169,52
417.534401099,228.00,96,4,2925,7169,52
418.060420119,179.61,96,4,2925,7169,52
418.584585416,178.60,96,4,2925,7169,52
419.109302599,179.14,96,4,2925,7169,52
419.633319875,225.87,96,4,2872,7169,54
420.156531503,233.41,96,4,2925,7169,52
420.680723210,200.43,96,4,2925,7169,52
421.204544895,180.72,96,4,2925,7169,52
421.730461470,180.73,96,4,2925,7169,52
422.254988251,189.73,96,29,2902,7169,54
422.778925545,228.83,96,29,2910,7169,52
423.302734526,223.88,96,4,2925,7169,52
423.826575026,180.31,96,4,2925,7169,52
424.350428671,179.04,96,4,2925,7169,52
424.873121286,178.78,96,4,2925,7169,52
425.397477092,227.29,97,35,2910,7169,52
425.920822584,198.28,96,4,2925,7169,52
426.445132964,180.23,96,4,2925,7169,52
426.968930613,179.88,96,4,2925,7169,52
427.494196975,190.82,96,4,2902,7169,54
428.017675448,228.78,96,4,2910,7169,52
428.541817349,222.25,96,4,2925,7169,52
429.065202866,179.26,96,4,2925,7169,52
429.589856787,178.88,96,4,2925,7169,52
430.116679248,179.29,96,4,2925,7169,52
430.640605560,223.23,96,4,2872,7169,54
431.165296872,232.32,96,5,2925,7169,52
431.690125704,184.61,96,5,2925,7169,52
432.213703645,179.84,96,4,2925,7169,52
432.741164836,178.66,96,4,2925,7169,52
433.265406726,189.56,96,32,2902,7169,55
433.799854368,227.74,96,32,2910,7169,53
434.324334659,222.02,96,4,2925,7169,52
434.847817830,179.69,96,4,2925,7672,52
435.371831678,179.43,96,4,2925,7792,52
435.895836377,170.15,97,8,2925,9384,53
436.420389426,175.94,97,8,2917,9384,52
436.943678118,187.21,97,8,2917,9384,52
437.466148820,175.04,97,8,2925,9384,51
437.988262725,148.95,98,2,2925,9384,51
438.511048484,136.37,98,2,2925,9384,50
439.034819601,137.51,98,0,2925,9384,51
439.559201605,155.12,98,0,2925,9384,52
440.081572437,170.95,97,2,2925,9384,51
440.604945809,159.26,97,2,2925,9384,51
441.128830861,140.41,98,2,2925,9384,51
441.651772295,137.70,98,2,2925,9384,50
442.175973987,137.78,98,0,2925,9384,50
442.699025949,138.21,98,0,2925,9384,50
443.221222190,136.76,98,1,2925,9384,51
443.745184418,138.95,98,1,2925,9384,51
444.273094418,161.28,96,4,2925,7169,52
444.797379698,231.47,96,4,2880,7169,53
445.320171928,228.82,96,4,2925,7169,52
445.844347570,182.55,96,4,2925,7169,52
446.368678096,180.15,96,4,2925,7169,52
446.896622470,194.12,96,34,2895,7169,54
447.421179134,233.18,96,34,2917,7169,52
447.945440248,216.47,96,4,2925,7169,52
448.480086975,178.97,96,4,2925,7169,52
449.004642307,179.57,96,4,2925,7169,52
449.530208834,179.32,96,4,2925,7169,51
450.054218709,228.13,96,36,2872,7672,53
450.577879084,228.00,96,36,2925,7758,52
451.101536603,197.12,96,4,2925,7758,52
451.656044603,180.69,96,4,2925,7758,52
452.186607189,179.95,96,4,2925,7756,52
452.716797049,189.24,96,4,2902,7758,54
453.248450453,233.36,96,4,2917,7758,53
453.771992242,222.19,96,4,2925,7758,52
454.296311134,178.52,96,4,2925,7758,52
454.821170581,178.33,96,4,2925,7758,52
455.348675952,178.84,96,5,2925,7758,52
455.873368172,225.56,96,5,2872,7758,54
456.397540386,199.54,96,4,2925,7758,52
456.921636836,180.14,96,4,2925,7758,52
457.445907426,180.85,96,4,2925,7758,52
457.973510212,187.84,96,23,2910,7758,54
458.498403402,233.52,96,23,2910,7758,52
459.022310403,227.30,96,4,2925,7758,52
459.547229662,182.44,96,4,2925,7758,52
460.071531511,181.41,96,4,2925,7758,52
460.598241715,180.40,96,4,2925,7758,52
461.122357621,219.71,97,34,2872,7758,55
461.648528683,229.10,97,34,2925,7758,52
462.173279773,189.65,96,4,2925,7758,52
462.699038483,178.69,96,4,2925,7758,52
463.223284505,178.85,96,4,2925,7758,52
463.747911029,183.68,96,4,2910,7758,54
464.272164396,227.42,96,4,2902,7758,52
464.796965731,227.37,96,4,2925,7758,52
465.321184912,180.06,96,4,2925,7758,52
465.845684716,180.32,96,4,2925,7758,52
466.374077287,179.92,96,4,2925,7758,52
466.898049651,228.65,96,4,2925,7758,52
467.423261293,193.69,96,4,2925,7758,52
467.947522013,179.25,96,4,2925,7758,52
468.472225973,179.12,96,4,2925,7758,52
468.998504577,181.95,96,12,2917,7758,54
469.523273169,233.19,96,12,2902,7758,53
470.048176036,227.67,96,4,2925,7758,52
470.572804152,178.72,96,4,2925,7758,52
471.097728339,179.42,96,5,2925,7758,52
471.624089389,179.40,96,5,2925,7758,52
472.148572299,213.09,97,34,2872,7758,55
472.673598890,232.67,97,34,2925,7758,52
473.198396076,195.66,96,4,2925,7758,52
473.722857466,179.52,96,4,2925,7758,52
474.247354753,179.12,96,4,2925,7758,52
474.771792868,180.13,96,4,2917,7758,54
475.295971452,228.52,95,4,2895,7758,53
475.821175167,232.60,95,4,2925,7758,52
476.345297704,179.07,96,5,2925,7758,52
476.871002470,179.11,96,5,2925,7758,52
477.397248170,210.55,96,5,2872,7758,56
477.921897836,231.47,96,4,2925,7758,52
478.446206135,208.56,96,4,2925,7758,52
478.970981679,179.71,96,4,2925,7758,52
479.495880126,179.00,96,4,2925,7758,52
480.022891888,178.93,96,4,2917,7758,54
480.546636788,233.65,96,4,2895,7758,53
481.071266536,229.15,96,4,2925,7758,53
481.594429092,179.71,96,4,2925,7758,52
482.118687185,180.23,96,4,2925,7758,52
482.644723428,180.76,96,4,2925,7758,52
483.168582355,213.46,96,35,2872,7758,55
483.692638184,233.78,96,35,2910,7758,52
484.217214379,212.46,96,5,2925,8048,52
484.741320935,179.37,96,5,2925,8050,52
485.265065123,179.26,96,4,2925,9644,52
485.790319694,178.33,96,4,2925,7169,52
486.314490411,227.77,96,30,2880,7169,53
486.838370407,227.93,96,30,2917,7169,52
487.362373786,190.33,96,4,2925,7169,52
487.886722851,178.36,96,4,2925,7169,52
488.414027607,196.37,96,5,2895,7169,55
488.937233094,227.88,96,4,2917,7169,52
489.460947796,214.62,96,4,2925,7169,52
489.984565724,180.93,96,5,2925,7169,52
490.507849059,180.84,96,5,2925,7169,52
491.035565545,179.90,96,4,2925,7169,52
491.559303511,233.76,96,4,2880,7169,53
492.082668961,233.21,96,4,2917,7169,52
492.605942195,191.74,96,4,2925,7169,52
493.129611902,178.33,96,4,2925,7169,52
493.653117006,178.73,96,4,2925,7169,52
494.176261336,196.11,96,35,2895,7169,54
494.700483850,227.50,96,35,2917,7169,52
495.224171159,213.29,96,5,2925,7169,52
495.747852297,179.73,96,5,2925,7169,52
496.271291305,179.53,96,4,2925,7169,52
496.795356420,179.08,96,4,2925,7169,52
497.318717952,233.41,96,33,2880,7169,53
497.842410380,233.38,96,33,2925,7169,53
498.365151065,191.57,96,4,2925,7169,52
498.889418513,178.49,96,4,2925,7169,52
499.414817286,196.70,96,4,2887,7169,54
499.938032199,231.30,96,4,2917,7169,52
500.461258063,212.25,96,4,2925,7169,52
500.984874718,179.98,96,4,2925,7169,52
501.509153117,179.12,96,4,2925,7169,52
502.035185530,178.28,96,4,2925,7169,52
502.558878619,227.96,96,4,2880,7169,53
503.082675555,228.26,96,4,2917,7169,53
503.606641110,179.19,96,4,2925,7169,52
504.130155871,180.38,96,4,2925,7169,52
504.656146565,181.24,96,4,2925,7169,52
505.179818694,200.68,96,35,2887,7169,56
505.703273471,228.95,96,35,2910,7169,52
506.227287208,212.16,96,4,2925,7169,52
506.751024861,180.26,96,4,2925,7169,52
507.274992860,179.30,96,4,2925,7169,52
507.798005409,178.51,96,4,2925,7169,52
508.321494220,227.82,96,23,2887,7169,54
508.845496785,232.56,96,23,2925,7169,52
509.370693373,187.71,96,5,2925,7169,52
509.894867313,180.85,96,4,2925,7169,52
510.421172642,202.33,96,4,2887,7169,55
510.945564644,232.55,96,4,2917,7169,52
511.469752590,221.89,96,4,2925,7169,52
511.993660375,180.50,96,4,2925,7169,52
512.517162842,179.40,96,4,2925,7169,52
513.041717633,179.32,96,4,2925,7169,52
513.566428409,228.86,96,4,2880,7169,54
514.091158242,228.88,96,4,2910,7169,53
514.615791451,179.39,96,4,2925,7169,52
515.138842342,180.13,96,5,2925,7169,52
515.664126845,180.65,96,5,2925,7169,52
516.188308148,199.93,97,36,2887,7169,55
516.711946241,232.81,97,36,2910,7169,52
517.236348112,210.62,96,4,2925,7169,53
517.759720230,178.90,96,4,2925,7169,52
518.284307082,178.67,96,4,2925,7169,52
518.809250869,179.92,96,4,2925,7169,52
519.332904371,233.26,95,11,2887,7169,53
519.856322487,228.73,95,11,2925,7169,52
520.380128467,184.63,96,5,2925,7169,52
520.904133666,179.61,96,4,2925,7169,52
521.430000863,203.65,96,4,2880,7169,56
521.953875894,232.78,96,4,2917,7169,53
522.477658861,215.31,96,4,2925,7169,53
523.001933510,177.91,96,5,2925,7169,52
523.525737847,178.77,96,5,2925,7169,52
524.051462364,180.09,96,4,2925,7169,52
524.575239840,227.06,96,4,2887,7169,53
525.100381201,227.31,96,4,2925,7169,52
525.625054695,180.63,96,4,2925,7169,52
526.149144754,180.09,96,4,2925,7169,52
526.674654863,179.86,96,4,2925,7169,52
527.198311139,210.61,96,36,2880,7169,55
527.722835531,229.82,96,36,2925,7169,53
528.246544026,215.76,96,4,2925,7169,52
528.770138084,181.58,96,4,2925,7169,52
529.293808216,182.07,96,4,2925,7169,52
529.817556947,180.82,96,4,2925,7169,53
530.341261364,228.35,94,2,2895,7169,53
530.865241023,233.83,94,2,2925,7169,52
531.390511758,179.16,96,4,2925,7169,52
531.914435480,179.51,96,5,2925,7169,52
532.438497996,210.45,96,5,2880,7169,55
532.961749805,233.00,96,4,2925,7169,52
533.486507848,199.85,96,4,2925,7169,52
534.010601452,180.96,96,4,2925,7169,52
534.534703412,180.88,96,4,2925,7169,52
535.059493847,180.08,96,4,2917,7169,54
535.583945740,233.72,96,4,2895,7672,53
536.106984284,234.29,96,5,2917,7792,52
536.630637153,180.57,96,5,2925,9384,52
537.155459468,179.96,96,4,2925,7169,52
537.682225105,179.95,96,4,2925,7169,52
538.205848939,205.62,97,35,2880,7169,55
538.730876933,228.61,97,35,2917,7169,53
539.254368726,204.84,96,4,2925,7169,53
539.778046461,178.65,96,4,2925,7169,52
540.301120041,179.46,96,5,2925,7169,52
540.824830448,180.51,96,5,2925,7169,52
541.348917148,232.61,93,9,2887,7169,53
541.872718197,232.74,93,9,2925,7169,52
542.396537951,181.61,96,5,2925,7672,52
542.920978191,180.64,96,4,2925,7758,52
543.447912007,204.05,96,4,2880,7758,55
543.972167497,229.37,96,4,2910,7758,52
544.496175898,207.65,96,4,2925,7758,52
545.020757175,179.53,96,4,2925,7758,52
545.546051654,179.31,96,4,2925,7758,52
546.071285988,178.80,96,4,2925,7758,52
546.595561866,228.22,96,4,2887,7758,53
547.120046289,227.93,96,4,2910,7758,53
547.644401628,178.47,96,4,2910,7758,52
548.169260020,179.53,96,4,2925,7758,52
548.694830391,180.93,96,4,2925,7758,52
549.219639098,201.23,96,35,2887,7758,56
549.742959785,233.97,96,35,2917,7758,52
550.267452204,222.68,96,4,2925,7758,52
550.791549936,181.80,96,4,2925,7758,52
551.315882831,181.15,96,4,2925,7758,53
551.840129163,180.21,96,4,2925,7758,53
552.364747128,234.58,96,26,2880,7758,53
552.889058353,234.08,96,26,2925,7758,53
553.412936816,179.21,96,4,2925,7758,52
553.937033865,179.45,96,4,2925,7758,52
554.462350404,199.36,96,4,2887,7758,55
554.986329118,227.21,96,4,2910,7758,53
555.510753787,222.28,96,4,2925,7758,52
556.034861955,180.31,96,4,2925,7758,52
556.559253672,179.58,96,4,2925,7758,52
557.085816874,179.30,96,4,2925,7758,52
557.609979195,228.81,96,4,2880,7758,53
558.134377023,228.79,96,4,2917,7758,52
558.660491774,191.35,96,4,2925,7758,53
559.187064063,179.24,53,5,2925,7758,52
559.713655618,218.68,53,5,2872,6783,58
560.237533029,237.29,53,5,2910,6783,53
560.761835807,219.54,53,5,2925,7286,52
561.285493511,232.21,52,5,2887,7286,54
561.812626482,237.19,52,5,2925,7340,53
562.337819026,200.50,82,45,2895,7372,57
562.861314022,231.86,82,45,2910,7372,53
563.385475551,231.49,55,6,2925,7372,53
563.909549754,232.93,50,5,2910,7372,52
564.436483768,192.72,50,5,2895,7372,56
564.961163700,238.46,56,6,2910,7372,53
565.484664627,234.40,56,6,2910,7372,53
566.009892396,238.01,68,36,2872,7372,54
566.533776309,237.87,68,36,2910,7372,53
567.058863783,183.55,51,7,2917,7372,56
567.582757203,232.71,51,7,2910,7372,53
568.109941551,238.38,53,5,2910,7372,53
568.634386076,231.77,53,5,2865,7372,55
569.158612658,232.73,53,5,2910,7372,53
569.683536090,183.38,53,5,2910,7372,54
570.206770962,238.17,53,5,2910,7372,54
570.735227541,233.29,53,5,2917,7370,52
571.258832594,230.54,86,54,2865,7370,55
571.782474457,239.75,86,54,2910,7370,53
572.308686382,212.82,53,5,2925,7370,53
572.834704078,233.97,53,5,2902,7370,53
573.361421420,240.99,60,5,2910,7372,53
573.885423686,210.43,60,5,2880,7372,58
574.409088452,210.63,48,4,2917,7372,53
574.933260560,237.57,53,4,2887,7406,53
575.458328646,236.44,53,4,2917,7406,53
575.984934827,180.21,53,8,2910,7534,55
576.512890165,231.66,53,8,2910,7824,54
577.037092149,232.39,76,6,2910,7922,53
577.561216847,206.37,76,6,2880,9516,57
578.084968247,238.21,76,5,2910,9516,53
578.609429632,229.13,76,5,2910,9516,53
579.134094343,179.46,96,3,2910,9550,53
579.659168350,175.92,96,3,2910,9570,52
580.182812256,197.08,98,21,2887,9572,56
580.707561487,225.61,98,21,2910,9844,53
581.231220422,205.86,98,3,2925,9909,52
581.755193772,171.39,98,3,2925,9975,53
582.282331109,171.72,98,3,2925,9977,52
582.806631699,172.70,98,3,2925,9980,52
583.330031723,171.60,98,2,2925,9980,52
583.854169955,171.56,98,2,2925,9980,52
584.378986594,170.43,97,2,2925,9980,52
584.903611378,211.32,96,38,2872,7504,56
585.428735830,231.47,96,38,2910,7504,53
585.954164067,197.54,92,5,2910,7504,53
586.479497916,183.88,92,5,2910,7504,53
587.005661547,184.12,91,4,2910,7504,53
587.529971895,230.90,91,4,2872,7504,56
588.054849979,238.60,91,4,2910,7504,53
588.579072531,205.54,91,4,2910,7504,53
589.104311589,185.14,91,5,2910,7504,53
589.632615897,185.03,91,5,2910,7504,53
590.157697076,237.36,93,30,2880,7504,54
590.681995191,232.32,93,30,2910,7504,53
591.206577464,195.48,93,5,2910,7504,53
591.730940562,183.83,93,5,2910,7504,53
592.254849409,183.60,92,5,2910,7504,53
592.778846954,232.34,92,5,2887,7504,54
593.303348765,237.70,92,5,2910,7504,53
593.827695812,188.94,92,5,2910,7504,53
594.355325491,184.70,93,5,2910,7504,53
594.881356359,185.65,93,5,2902,7504,55
595.406571120,233.88,90,5,2910,7504,53
595.930953765,186.37,92,4,2910,7504,53
596.455214388,186.16,92,4,2910,7504,53
596.982179847,194.28,96,28,2895,7504,55
597.506218971,239.33,96,28,2910,7504,54
598.030017828,229.97,91,4,2910,7504,53
598.553856161,185.37,91,4,2910,7504,53
599.078670553,184.90,91,4,2925,7504,53
599.603546883,200.96,91,4,2895,7504,56
600.128084010,232.22,91,4,2910,7504,54
600.652195690,229.19,91,4,2910,7504,53
601.176581582,183.94,92,5,2910,7504,53
601.703446991,184.51,92,5,2910,7504,53
602.228646563,212.30,96,36,2880,7504,56
602.753615739,237.78,96,36,2910,7504,53
603.277971942,221.50,91,5,2910,7504,53
603.802347182,185.69,91,5,2910,7504,53
604.329469748,186.27,91,5,2925,7504,53
604.853825150,220.59,91,5,2872,7504,57
605.378483646,234.49,91,5,2910,7504,53
605.903016684,185.99,91,4,2910,7504,53
606.428271721,185.38,91,4,2910,7504,53
606.952666137,232.04,96,37,2872,7504,56
607.477304665,238.59,96,37,2910,7504,53
608.002109187,204.31,91,4,2910,7504,53
608.527011605,185.02,91,4,2910,7504,53
609.055291525,185.05,91,4,2910,7504,53
609.580157323,233.24,91,4,2880,7504,55
610.105348458,238.94,91,4,2910,7504,54
610.630001343,185.94,91,4,2910,7504,53
611.154545913,185.76,92,6,2910,7504,53
611.680851440,185.66,92,6,2910,7504,53
612.206445829,238.13,92,9,2887,7504,54
612.731342245,238.11,92,9,2910,7504,53
613.256109206,186.85,92,5,2917,7504,53
613.781153152,184.62,92,5,2925,7504,53
614.305800186,184.60,91,6,2917,7504,55
614.831566651,237.94,91,6,2895,7504,54
615.355846759,237.99,91,4,2910,7504,53
615.880781958,184.59,91,4,2910,7504,53
616.407047980,193.01,89,4,2895,7504,56
616.932617100,232.91,92,4,2902,7504,53
617.457392637,230.78,92,4,2910,7504,53
617.982282410,186.28,91,4,2910,7504,53
618.507403732,186.48,91,4,2910,7504,53
619.032143621,205.99,96,37,2887,7504,56
619.556957380,240.07,96,37,2910,7504,53
620.081902337,220.24,92,5,2910,7504,53
620.607476277,186.02,92,5,2910,7504,53
621.135845845,186.46,92,5,2925,7504,53
621.661285009,212.70,92,5,2880,7504,56
622.185894861,233.12,91,5,2910,7504,53
622.710235833,220.29,91,5,2910,7504,53
623.235049011,183.96,92,4,2925,7504,53
623.760616207,184.34,92,4,2925,7504,53
624.285939321,218.13,96,36,2872,7504,56
624.815187363,238.25,96,36,2910,7504,53
625.343148978,201.68,84,5,2910,7504,52
625.868939968,183.18,84,5,2925,6194,53
626.395457135,238.63,58,6,2910,6194,53
626.920871611,215.71,87,54,2872,6194,57
627.445296663,235.88,87,54,2910,6194,54
627.972546868,228.14,56,6,2910,6194,53
628.497311052,240.53,56,6,2895,6194,54
629.022301375,240.52,53,5,2910,6194,53
629.546760019,217.57,53,5,2872,6194,58
630.073514285,235.09,51,5,2910,6194,53
630.601522006,204.15,51,5,2910,6194,53
631.126412028,239.02,49,5,2902,6194,54
631.654685673,239.51,49,5,2910,6194,53
632.179794830,225.34,88,54,2872,6194,58
632.705386011,240.73,88,54,2910,6194,54
633.231766087,204.27,54,5,2910,6194,53
633.757262659,235.49,54,5,2902,6194,54
634.286278470,235.56,54,5,2910,6194,54
634.811983567,222.90,54,5,2865,6194,58
635.338512675,234.80,56,6,2910,6194,54
635.864099247,202.12,56,6,2910,6194,54
636.389238601,239.06,56,6,2902,6194,54
636.915276057,239.28,87,54,2865,6194,58
637.440707725,234.75,87,54,2910,6194,53
637.968451575,194.21,54,5,2910,6194,53
638.493554851,234.11,54,5,2910,6194,54
639.018396721,233.92,56,6,2910,6194,54
639.543600778,239.71,56,6,2865,6194,57
640.068774737,234.85,55,5,2910,6194,54
640.593286201,195.27,55,5,2910,6194,53
641.118388464,241.30,52,5,2910,6194,54
641.646478279,236.67,52,5,2910,6194,53
642.171575794,242.26,87,54,2857,6194,56
642.697748876,242.23,87,54,2910,6194,53
643.223335347,199.49,49,5,2910,6194,54
643.748717370,236.57,49,5,2910,6194,54
644.277818292,236.41,52,5,2910,6194,54
644.803416495,240.20,52,5,2865,6194,56
645.331109177,235.74,55,6,2910,6194,54
645.855992245,201.34,55,6,2910,6194,56
646.381732126,239.70,56,6,2910,6194,55
646.907563511,234.84,85,52,2865,6194,56
647.433260571,240.61,85,52,2910,6194,53
647.961524485,207.13,51,5,2902,6194,56
648.486817670,235.41,51,5,2910,6194,54
649.012485845,219.85,49,5,2910,6194,53
649.538110788,240.12,49,5,2865,6194,55
650.063630091,235.59,50,5,2910,6194,53
650.589308936,208.40,50,5,2902,6194,57
651.114768195,236.03,48,4,2910,6194,54
651.643557736,236.20,48,4,2910,6194,54
652.169635297,241.04,74,41,2865,6194,56
652.694302705,241.02,74,41,2910,6194,54
653.219877633,209.74,59,14,2895,6194,57
653.745231712,232.69,59,14,2910,6194,53
654.271827805,209.13,49,4,2910,6697,53
654.797487734,237.83,49,4,2865,8375,56
655.322730903,236.16,62,7,2910,6194,54
655.848299960,197.06,62,7,2910,6194,53
656.374417315,240.49,51,5,2902,6194,54
656.898793010,236.86,87,54,2865,6194,59
657.424761413,240.95,87,54,2910,6194,54
657.954565606,192.11,56,6,2910,6194,54
658.480470319,235.51,56,6,2902,6194,55
659.005640950,235.00,53,5,2910,6194,54
659.532537582,234.43,53,5,2865,6194,57
660.057201032,234.80,50,5,2910,6194,54
660.581625328,198.85,50,5,2910,6194,54
661.107249910,241.26,51,5,2910,6194,54
661.635916476,236.20,51,5,2910,6194,54
662.161153453,236.42,88,54,2857,6194,56
662.686254572,236.61,88,54,2910,6194,54
663.212308186,202.11,56,6,2910,6194,56
663.737727628,241.42,56,6,2910,6194,54
664.265761194,225.92,55,5,2910,6194,54
664.791309301,237.25,55,5,2865,6194,56
665.316714996,236.49,51,5,2910,6194,54
665.842540829,199.59,51,5,2910,6194,55
666.367445966,242.01,51,5,2910,6194,54
666.894732156,236.90,51,5,2910,6194,54
667.420705758,236.73,88,54,2910,6194,54
667.948885822,202.43,55,5,2902,6194,56
668.473925984,239.86,55,5,2910,6194,54
668.998576819,235.50,53,5,2910,6194,54
669.524988301,240.71,53,5,2865,6194,56
670.050188096,240.83,52,5,2910,6194,54
670.575787639,203.96,52,5,2902,6194,57
671.101204787,241.29,51,5,2910,6194,54
671.628793710,220.77,51,5,2910,6194,54
672.154957802,236.18,75,45,2865,6194,56
672.680810795,241.85,75,45,2910,6194,54
673.205644496,211.20,55,10,2902,6194,57
673.731342586,242.21,55,10,2910,6194,55
674.259393174,217.36,55,5,2910,6194,55
674.784466919,236.55,55,5,2872,6194,56
675.313471786,236.34,57,6,2910,6194,54
675.838486169,215.03,57,6,2895,6194,57
676.363691053,240.68,51,5,2910,6194,54
676.888413734,230.96,51,5,2910,6194,54
677.412929322,241.51,63,26,2910,6194,54
677.940210771,216.29,64,26,2895,6194,58
678.465547064,237.30,64,26,2910,6194,55
678.990655706,210.48,54,5,2910,6194,54
679.516284644,242.47,54,5,2880,6194,56
680.041932347,242.06,55,6,2910,6194,54
680.567802812,220.64,55,6,2887,6194,58
681.093629104,236.57,56,6,2910,6194,55
681.621172470,204.29,56,6,2910,6194,54
682.146122090,240.65,55,11,2880,6194,55
682.671399601,240.76,55,11,2910,6194,54
683.196767163,222.75,77,43,2887,6194,58
683.722290229,234.74,77,43,2910,6194,55
684.248745162,199.77,55,5,2910,6194,55
684.774213715,236.68,55,5,2880,6194,56
685.304159674,236.63,56,6,2910,6194,55
685.830365765,225.38,56,6,2887,6194,58
686.355263406,236.77,54,5,2910,6194,54
686.880987013,203.66,54,5,2910,6194,54
687.406772406,237.38,52,9,2910,6194,54
687.936070868,225.05,77,43,2887,6194,58
688.460815298,243.29,77,43,2910,6194,54
688.988234177,202.03,48,4,2910,6194,54
689.513551894,242.66,48,4,2887,6194,55
690.038888377,242.47,51,5,2910,6194,54
690.564394530,226.66,51,5,2887,6194,59
691.090122425,241.01,53,5,2910,6194,55
691.617131256,218.67,53,5,2910,6194,55
692.141658655,236.66,55,5,2887,6194,56
692.666935975,241.19,55,5,2910,6194,55
693.191927644,234.12,87,54,2880,6194,59
693.717599682,236.85,87,54,2910,6194,55
694.243812485,215.54,53,5,2910,6194,54
694.769397588,237.12,53,5,2887,6194,55
695.297268874,242.62,51,5,2910,6194,54
695.822158459,239.53,51,5,2880,6194,59
696.347442481,237.49,49,5,2910,6194,55
696.873344204,212.43,49,5,2910,6194,55
697.399575291,240.50,49,5,2910,6194,54
697.924630860,235.57,88,54,2880,6194,59
698.450181638,235.92,88,54,2910,6194,54
698.976975522,191.33,53,5,2910,6194,54
699.502024028,234.93,53,5,2887,6194,56
700.027238658,241.44,55,5,2910,6194,55
700.552081664,234.51,55,5,2880,6194,59
701.077272349,237.08,55,5,2910,6194,55
701.605278040,215.96,55,5,2910,6194,54
702.130398020,237.57,51,5,2887,6194,55
702.655217361,243.26,51,5,2910,6194,54
703.180185274,240.26,88,54,2872,6194,59
703.705810893,237.12,88,54,2910,6194,55
704.232342859,210.91,48,4,2910,6194,54
704.757209740,241.53,48,4,2895,6194,55
705.284849376,237.18,51,5,2910,6194,55
705.810642002,241.39,51,5,2872,6194,59
706.335631525,241.78,54,5,2910,6194,55
706.860298166,209.54,54,5,2910,6194,55
707.386745212,237.52,54,5,2895,6194,56
707.913866395,242.12,88,54,2872,6194,59
708.440584775,237.93,88,54,2910,6194,55
708.968532084,207.69,56,6,2910,6194,55
709.494875322,243.16,56,6,2895,6194,55
710.019934217,238.14,52,5,2910,6194,54
710.544897790,238.26,52,5,2872,6194,60
711.070750549,244.63,48,4,2910,6194,55
711.598535711,190.68,48,4,2910,6194,55
712.123097142,242.21,48,4,2902,6194,55
712.650705909,240.34,48,4,2910,6194,55
713.176686580,237.33,88,54,2865,6194,60
713.702161613,236.87,88,54,2910,6194,55
714.227006411,204.25,51,5,2910,6194,55
714.751648625,242.21,51,5,2902,6194,55
715.280328732,238.50,55,5,2910,6194,55
715.805800980,241.71,55,5,2865,6194,60
716.331109146,241.98,55,6,2910,6194,55
716.856940624,197.78,55,6,2910,6194,54
717.382009527,237.63,51,5,2910,6194,55
717.907857576,237.52,88,54,2857,6194,57
718.433608121,237.74,88,54,2910,6194,55
718.961757431,200.30,48,5,2910,6194,55
719.487123828,242.76,48,5,2910,6194,55
720.013096022,238.32,51,5,2910,6194,55
720.538318706,238.03,51,5,2857,6194,58
721.063585834,237.56,52,5,2910,6194,55
721.587983084,204.16,52,5,2910,6194,56
722.112571295,241.63,53,5,2910,6194,55
722.639349407,237.79,53,5,2910,6194,55
723.164506356,237.55,87,54,2865,6194,57
723.690280074,242.16,87,54,2910,6194,55
724.215659765,206.33,56,6,2902,6194,57
724.740888820,242.64,56,6,2910,6194,55
725.268994588,237.48,56,6,2910,6194,55
725.794037451,237.31,56,6,2865,6194,57
726.323991080,242.57,53,5,2910,6194,55
726.849890897,207.85,53,5,2902,6194,57
727.374966993,241.60,52,5,2910,6194,55
727.899829132,236.32,86,54,2865,6194,57
728.424777816,236.44,86,54,2910,6194,55
728.952018234,200.24,52,5,2910,6194,57
729.476927663,241.54,52,5,2910,6697,56
730.002049335,237.51,51,5,2910,6813,55
730.526869785,236.66,51,5,2865,8409,60
731.051760569,241.02,47,4,2910,6194,55
731.579082060,189.85,47,4,2910,6194,54
732.104370467,244.09,49,5,2902,6194,56
732.630653069,239.10,49,5,2910,6194,55
733.154819259,244.13,88,54,2865,6194,60
733.679808249,243.36,88,54,2910,6194,55
734.204092023,201.05,52,5,2910,6697,55
734.728567389,237.49,52,5,2895,6697,56
735.257197109,243.04,53,5,2910,6697,55
735.780564274,237.15,53,5,2872,6751,59
736.304764339,241.24,51,5,2910,6751,55
736.828539829,186.71,51,5,2910,6751,55
737.353569285,236.80,51,5,2895,6751,56
737.880633117,241.70,51,5,2910,6751,55
738.404546347,237.51,88,54,2910,6751,55
738.932102843,209.58,53,5,2910,6751,55
739.457149291,242.75,53,5,2895,6751,56
739.981152492,242.93,54,5,2910,6751,55
740.505533479,242.26,54,5,2872,6751,60
741.029172690,238.37,56,6,2910,6751,55
741.555804462,209.39,56,6,2910,6783,55
742.079827060,237.77,55,6,2895,6783,56
742.604234457,236.72,55,6,2910,6783,55
743.128958123,235.46,87,54,2880,6783,59
743.653674054,241.94,87,54,2910,6783,55
744.180421225,192.35,53,5,2910,6783,55
744.704259002,237.21,53,5,2887,6783,56
745.230621945,236.63,53,5,2910,6783,55
745.754353411,224.87,53,5,2887,6783,59
746.278654315,241.01,47,4,2910,6783,55
746.802429814,199.01,47,4,2910,6783,55
747.327444772,242.27,48,6,2880,6783,56
747.853579582,237.21,48,6,2910,6783,55
748.378288470,227.43,76,41,2887,6783,59
748.901784539,223.03,56,6,2910,6783,55
749.426349484,242.33,56,6,2880,6783,56
749.950946249,242.49,55,6,2910,6783,55
750.475102619,220.44,55,6,2887,6783,59
750.999732487,236.58,54,5,2910,6783,56
751.527273572,204.87,54,5,2910,6783,55
752.053313793,242.10,56,15,2880,6783,57
752.577680865,237.55,56,15,2910,6783,56
753.101363597,223.31,73,34,2887,6783,59
753.625509117,237.93,73,34,2910,6783,56
754.152941335,226.83,53,5,2910,6783,55
754.677658398,238.51,53,5,2880,6783,57
755.201142804,244.00,52,5,2910,6783,55
755.725881618,222.88,52,5,2895,6783,59
756.250239580,239.99,51,5,2910,6783,56
756.775744776,230.41,51,5,2910,6783,55
757.299768555,243.56,59,22,2872,6783,56
757.826345422,243.13,59,22,2910,6783,55
758.351117879,216.90,62,24,2895,6783,59
758.875098636,242.79,62,24,2910,6783,55
759.400102091,230.68,50,5,2872,6783,56
759.923190948,241.87,49,5,2910,6783,55
760.450292319,218.71,49,5,2895,6783,59
760.974116689,242.67,50,5,2910,6783,55
761.499003683,230.62,50,5,2910,6783,55
762.023151987,237.04,65,28,2872,6783,56
762.546819119,242.68,65,28,2910,6783,55
763.072018706,218.07,62,21,2895,6783,59
763.595349110,242.96,62,21,2910,6783,55
764.122206007,232.52,53,5,2910,6783,55
764.646320808,237.53,53,5,2872,6783,56
765.170600120,237.52,53,5,2910,6783,55
765.695306181,216.69,53,5,2895,6783,58
766.220398554,243.03,54,5,2910,6783,55
766.748254184,232.85,54,5,2910,6783,55
767.273479529,240.94,74,41,2865,6783,57
767.797914896,241.31,74,41,2910,6783,55
768.322695398,206.75,48,4,2902,6783,58
768.846807132,241.93,48,4,2910,6783,55
769.372280277,220.32,53,5,2910,6783,55
769.896916856,237.09,53,5,2865,6783,57
770.424900598,206.45,55,6,2902,6783,57
770.949520455,243.60,55,6,2910,6783,56
771.474453586,238.04,55,6,2910,6783,55
771.999282570,237.77,88,54,2865,6783,58
772.523584063,237.45,88,54,2910,6783,56
773.049607981,204.08,54,5,2910,6783,57
773.573683737,237.15,54,5,2910,6783,56
774.102932356,225.44,56,6,2910,6783,55
774.627823127,237.58,56,6,2857,6783,58
775.151718370,237.71,54,5,2910,6783,56
775.675791040,202.18,54,5,2910,6783,57
776.200125926,242.58,54,5,2910,6783,56
776.727032066,238.08,54,5,2910,6783,55
777.252078692,242.55,88,54,2857,6783,58
777.776313568,243.67,88,54,2910,6783,55
778.300444458,205.89,51,5,2910,6783,57
778.824343909,239.62,51,5,2910,6783,56
779.348908972,230.20,51,5,2910,6783,55
779.872268740,243.55,51,5,2857,6783,58
780.401197813,243.59,50,5,2910,6783,55
780.925144614,238.10,48,5,2910,6783,56
781.449149575,237.19,48,5,2910,6783,55
781.974120006,241.34,88,54,2857,6783,58
782.498959518,241.66,88,54,2910,6783,55
783.025355440,201.67,54,5,2910,6783,55
783.549259510,242.14,54,5,2910,6783,56
784.075176454,233.28,53,5,2910,6783,55
784.600162995,236.96,53,5,2865,6783,58
785.124528579,243.25,54,5,2910,6783,55
785.648633019,196.61,54,5,2910,6783,55
786.174191954,237.99,55,6,2910,6783,56
786.701440131,238.29,55,6,2910,6783,55
787.226531140,243.56,88,54,2865,6783,61
787.750964903,243.51,88,54,2910,6783,56
788.275616419,202.80,60,17,2910,6783,55
788.799601461,243.11,60,17,2902,6783,56
789.325810459,239.60,49,5,2910,6783,55
789.850337669,242.37,49,5,2865,6783,60
790.374658858,237.31,47,4,2910,6783,55
790.898695068,188.90,47,4,2910,6783,55
791.422826177,237.47,47,4,2910,6783,55
791.947174528,242.52,88,54,2865,6783,61
792.470908574,237.98,88,54,2910,6783,55
792.997783694,189.21,54,9,2910,6783,55
793.522397298,238.36,54,9,2902,6783,56
794.046311165,237.78,51,5,2910,6783,55
794.570715211,242.88,51,5,2872,6783,60
795.094028570,243.18,47,4,2910,6783,55
795.620481099,205.65,47,4,2910,6783,55
796.144748245,237.59,47,4,2895,6783,56
796.672016419,242.60,47,4,2910,6783,56
797.196712038,242.29,77,46,2872,6783,60
797.721154988,237.60,77,46,2910,6783,56
798.245397588,187.87,54,5,2910,6783,56
798.770060865,242.88,54,5,2895,6783,57
799.297407528,242.59,51,5,2910,6783,56
799.821228228,234.21,51,5,2880,6783,60
800.344573888,237.80,53,5,2910,6783,55
800.869602177,213.46,53,5,2910,6783,55
801.394222462,243.31,47,4,2887,6783,57
801.921092922,234.48,87,54,2880,6783,60
802.445252795,243.87,87,54,2910,6783,56
802.972113949,219.40,54,5,2910,6783,55
803.496616922,238.65,54,5,2887,6783,56
804.021083657,243.00,55,5,2910,6783,56
804.545660179,231.82,55,5,2880,6783,60
805.070301073,242.51,55,5,2910,6783,56
805.597779766,218.64,55,5,2910,6783,56
806.122115872,237.28,54,5,2887,6783,56
806.646614437,237.69,54,5,2910,6783,55
807.170560514,230.57,88,54,2887,6783,60
807.694490801,243.04,88,54,2910,6783,56
808.218333703,220.50,53,5,2910,6783,55
808.742809554,237.57,53,5,2880,6783,56
809.270354652,237.85,49,5,2910,6783,55
809.795673882,227.78,49,5,2887,6783,60
810.320869998,238.49,49,5,2910,6783,56
810.845109111,225.76,49,5,2910,6783,55
811.369504970,243.98,48,4,2880,6783,57
811.897350477,243.54,48,4,2910,6783,56
812.422619662,238.10,86,54,2910,6783,56
812.946277693,206.82,54,5,2910,6783,56
813.470346402,237.56,54,5,2880,6783,57
813.994519549,242.12,54,5,2910,6783,55
814.519249922,217.36,54,5,2895,6783,59
815.042942909,237.99,55,6,2910,6783,56
815.569707969,230.55,55,6,2910,6783,55
816.093179105,243.08,52,5,2872,6783,56
816.617437383,243.65,52,5,2910,6783,55
817.141951266,215.58,87,54,2895,6783,59
817.666259048,244.03,87,54,2910,6783,56
818.192726233,214.03,48,4,2910,6783,55
818.716761228,237.64,48,4,2872,6783,57
819.241054442,237.46,50,5,2910,6783,56
819.764422774,211.47,50,5,2895,6783,59
820.289182512,237.82,51,5,2910,6783,56
820.813890422,216.54,51,5,2910,6783,56
821.338265091,238.13,53,5,2872,6783,57
821.865087298,238.52,53,5,2910,6783,56
822.389577345,209.50,87,54,2902,6783,59
822.913333812,221.71,54,5,2910,6783,55
823.437946291,243.54,54,5,2865,6783,57
823.961827864,238.66,50,5,2910,6783,55
824.490013586,211.14,50,5,2902,6783,58
825.015081327,239.69,52,5,2910,6783,56
825.539185693,239.14,52,5,2910,6783,55
826.063491581,238.31,49,5,2865,6783,57
826.587902508,237.91,49,5,2910,6783,56
827.112115359,205.32,78,44,2910,6783,58
827.637247433,242.96,78,44,2910,6783,57
828.165309249,225.82,52,5,2910,6783,56
828.689189500,242.62,52,5,2865,6783,58
829.215215548,238.48,53,5,2910,6783,56
829.738981893,202.07,53,5,2910,6783,57
830.263087310,238.84,55,6,2910,6783,56
830.789936037,238.79,55,6,2910,6783,56
831.314215104,238.93,56,14,2857,6783,58
831.838724096,244.17,56,14,2910,6783,56
832.362726709,196.74,64,27,2910,6783,55
832.887072902,242.85,64,27,2910,6783,56
833.411566926,238.57,48,4,2865,6783,59
833.935979636,244.05,48,4,2910,6783,56
834.462795510,195.35,48,4,2910,6783,56
834.987268123,243.59,50,5,2902,6783,57
835.511811230,237.23,50,5,2910,6783,56
836.035621297,238.32,65,28,2865,6783,61
836.560157060,237.09,65,28,2910,6783,56
837.086589097,188.91,58,14,2910,6783,55
837.611467559,243.43,58,14,2902,6783,56
838.136026516,238.59,53,5,2910,6783,55
838.660471797,238.71,53,5,2872,6783,61
839.184686761,239.29,53,5,2910,6783,55
839.709221352,205.75,53,5,2910,6783,55
840.234590523,243.35,51,5,2902,6783,56
840.761354840,243.54,51,5,2910,6783,55
841.285670645,243.87,73,40,2872,6783,61
841.809241248,237.50,73,40,2910,6783,55
842.333345633,204.47,48,4,2910,6783,56
842.856990677,237.19,48,4,2895,6783,56
843.383611381,238.09,49,5,2910,6783,56
843.907350894,243.66,50,5,2910,6783,56
844.436614466,188.99,50,5,2910,6783,56
844.961896653,239.07,52,5,2895,6783,57
845.486743425,244.07,52,5,2910,6783,56
846.011143510,243.87,84,52,2872,6783,61
846.534835232,239.64,84,52,2910,6783,56
847.061375373,189.80,56,6,2910,6783,56
847.584739595,245.64,56,6,2895,6783,56
848.109187710,240.54,54,5,2910,6783,55
848.633153452,236.68,54,5,2880,6783,60
849.158117706,239.05,51,5,2910,6783,55
849.681550467,192.41,51,5,2910,6783,55
850.205350284,243.57,48,5,2887,6783,56
850.733765909,243.20,48,5,2910,6783,56
851.258343570,230.07,87,54,2880,6783,60
851.782223760,237.79,87,54,2910,6783,56
852.306373279,196.58,52,5,2910,6783,56
852.831053134,243.43,52,5,2887,6783,57
853.358417839,243.66,53,5,2910,6783,56
853.882854784,233.06,53,5,2880,6783,60
854.406197254,220.37,55,6,2910,6783,56
854.931206974,239.52,54,5,2887,6783,57
855.455681870,238.54,54,5,2910,6783,55
855.981387218,222.74,87,54,2887,6783,60
856.505833780,238.30,87,54,2910,6783,56
857.029683221,207.41,49,5,2910,7267,55
857.553846887,242.32,49,5,2865,7343,58
858.078756417,239.94,52,5,2910,8939,56
858.602051717,194.01,52,5,2910,8941,55
859.125330285,227.54,93,46,2887,8941,59
859.648790789,247.15,93,46,2910,8941,56
860.172291809,235.20,97,4,2910,8941,56
860.695558244,198.35,97,4,2910,8941,56
861.219488818,195.28,97,4,2910,8941,56
861.746227114,192.89,97,4,2910,9101,56
862.270757374,244.30,95,21,2865,9107,60
862.794515611,254.42,95,21,2910,9107,56
863.318040326,206.42,77,5,2910,9107,56
863.841333562,193.37,77,5,2910,9107,56
864.364988554,192.39,98,3,2910,9107,56
864.888145141,192.48,98,3,2910,9107,55
865.414002426,221.79,98,3,2880,9107,58
865.938004796,244.97,98,3,2902,9107,56
866.462152561,227.30,98,3,2902,9107,56
866.985252390,198.74,98,4,2910,9107,55
867.509123231,197.41,98,4,2910,9107,55
868.032024213,194.06,97,4,2910,9107,56
868.555840490,193.03,97,4,2910,9107,55
869.078846421,194.62,98,4,2910,9107,55
869.602068211,194.02,98,4,2910,9107,55
870.127625358,221.80,98,22,2887,9107,57
870.651563004,242.29,98,22,2902,9107,56
871.175687385,223.69,95,7,2902,9107,56
871.700488699,198.68,95,7,2910,6194,55
872.225270956,228.25,87,55,2887,6194,60
872.750460355,240.05,87,55,2910,6194,55
873.275806120,206.47,55,6,2910,6194,55
873.801616567,238.05,55,6,2887,6194,57
874.329042895,238.32,55,5,2910,6194,55
874.853067647,227.95,55,5,2887,6194,60
875.377895921,239.39,56,6,2910,6194,56
875.902559303,201.76,56,6,2910,6194,56
876.428503743,239.73,52,5,2910,6194,56
876.955735232,236.90,88,54,2880,6194,60
877.479780502,244.25,88,54,2910,6194,55
878.007732767,217.94,51,5,2910,6194,55
878.533524096,239.05,51,5,2887,6194,56
879.058802043,245.27,52,5,2910,6194,55
879.583646608,241.47,52,5,2880,6194,60
880.109803610,239.20,55,5,2910,6194,56
880.638642325,214.06,55,5,2910,6194,55
881.163575568,243.74,55,6,2895,6194,56
881.690961169,238.69,55,6,2910,6194,55
882.216644844,241.52,88,54,2872,6194,60
882.741364963,243.85,88,54,2910,6194,56
883.266874809,191.15,54,5,2910,6194,55
883.792499933,240.20,54,5,2895,6194,57
884.319336673,240.12,53,5,2910,6194,56
884.844279795,239.95,53,5,2872,6194,60
885.368382183,244.54,51,5,2910,6194,56
885.893004045,189.43,51,5,2910,6194,56
886.418669606,243.75,49,5,2910,6194,55
886.943030103,238.10,76,43,2872,6194,60
887.467484338,243.42,76,43,2910,6194,55
887.994268418,189.54,55,10,2910,6194,55
888.518853050,237.78,55,10,2902,6194,56
889.043680933,243.36,56,6,2910,6194,56
889.568137422,238.51,56,6,2865,6194,60
890.094280006,244.32,56,6,2910,6194,56
890.619750356,208.28,56,6,2910,6194,55
891.145425375,240.44,54,5,2902,6194,57
891.672192633,240.90,54,5,2910,6194,56
892.196714275,240.23,66,29,2865,6194,61
892.721845993,240.69,66,29,2910,6194,56
893.247673591,198.26,63,25,2910,6194,56
893.773123843,245.17,63,25,2910,6194,56
894.301053494,240.13,50,5,2910,6194,55
894.826790810,239.32,50,5,2865,6194,58
895.353950892,244.64,52,5,2910,6194,55
895.877932060,200.49,52,5,2910,6194,55
896.402950864,238.13,55,6,2910,6194,56
896.928061993,238.48,58,14,2857,6194,58
897.452524874,238.63,58,14,2910,6194,56
897.981256865,205.90,74,36,2910,6194,57
898.507045739,244.43,74,36,2910,6194,56
899.031328878,239.93,56,6,2910,6194,56
899.557032450,243.79,56,6,2857,6194,58
900.082513360,244.64,53,5,2910,6194,56
900.607296758,205.87,53,5,2910,6194,58
901.133974385,240.16,50,5,2910,6194,56
901.661559413,228.76,50,5,2910,6194,56
902.186457047,244.29,47,4,2865,6194,57
902.717381313,239.31,47,4,2910,6194,55
903.247000546,203.25,75,39,2910,6194,57
903.772180375,236.49,75,39,2910,6697,56
904.299582066,238.07,53,5,2910,6697,55
904.824420118,243.25,53,5,2857,6751,58
905.348300103,237.93,47,4,2910,6751,56
905.872210396,195.84,47,4,2910,6751,56
906.395843172,238.64,51,5,2902,6751,57
906.920610529,244.36,64,27,2865,6751,61
907.443648369,240.02,64,27,2910,6751,56
907.969593147,195.78,62,22,2910,6751,56
908.495268825,239.54,62,22,2902,6751,57
909.018287929,238.04,51,5,2910,6751,56
909.542511174,243.46,51,5,2865,6751,60
910.066764767,238.70,48,5,2910,6751,56
910.593595936,195.87,48,5,2910,6783,56
911.117118183,243.06,49,5,2902,6783,56
911.640539949,236.37,49,5,2910,6783,56
912.164746573,236.77,74,45,2872,6783,61
912.688996158,244.09,74,45,2910,6783,56
913.213491059,188.85,53,5,2910,6783,56
913.737483366,237.91,53,5,2895,6783,56
914.265740737,242.73,53,5,2910,6783,55
914.789978771,240.09,53,5,2880,6783,60
915.315062617,243.87,51,5,2910,6783,55
915.838716593,215.25,51,5,2910,6783,55
916.363511311,239.31,51,5,2887,6785,56
916.889561449,245.17,51,5,2910,6785,55
917.413927965,238.54,87,54,2910,6785,56
917.937663877,218.00,51,5,2910,6785,56
918.462476369,243.77,51,5,2887,6785,57
918.986631515,238.51,51,5,2910,6785,56
919.510786631,229.70,51,5,2880,6785,60
920.034171837,242.61,53,5,2910,6785,56
920.561736345,217.87,53,5,2910,6785,56
921.085627761,238.41,55,6,2887,6785,56
921.609593087,244.08,55,6,2910,6785,56
922.133028759,230.45,87,54,2887,6785,59
922.657878541,238.58,87,54,2910,6785,55
923.185268738,222.78,48,5,2910,6785,55
923.709764950,244.84,48,5,2880,6785,57
924.234081141,239.68,48,4,2910,6785,56
924.758180952,223.82,48,4,2887,6785,60
925.281783069,244.77,50,5,2910,6785,56
925.806189010,207.08,50,5,2910,6785,56
926.330319739,244.29,52,5,2880,6785,57
926.858334991,239.03,52,5,2910,6785,56
927.383294561,222.52,88,54,2895,6785,59
927.907876014,243.44,56,6,2910,6785,56
928.431853142,238.55,56,6,2880,6785,57
928.955879233,243.48,56,6,2910,6785,56
929.482436160,217.29,56,6,2895,6785,59
930.006209912,239.20,52,5,2910,6785,56
930.534096099,233.37,52,5,2910,6785,55
931.057623565,238.93,51,5,2872,6785,57
931.582732688,238.62,51,5,2910,6785,55
932.106963737,218.48,88,54,2895,6785,59
932.630929162,243.80,88,54,2910,6785,56
933.159104216,233.64,47,4,2910,6785,55
933.683899955,237.57,47,4,2872,6785,57
934.208678301,243.16,51,5,2910,6785,56
934.733400942,213.10,51,5,2902,6785,59
935.257705420,239.21,53,5,2910,6785,56
935.784518703,218.57,53,5,2910,6785,56
936.308730375,241.03,51,5,2865,6785,57
936.835457444,237.30,51,5,2910,6785,55
937.359191160,204.13,77,44,2910,6785,58
937.883331417,244.57,77,44,2910,6785,56
938.407123263,227.83,52,5,2910,6785,56
938.932773501,240.32,54,5,2910,6785,56
939.459234797,203.57,54,5,2910,6785,57
939.983436961,244.46,56,6,2910,6785,56
940.508494085,239.65,56,6,2910,6785,56
941.032980537,238.66,56,13,2857,6785,58
941.557526583,238.36,56,13,2910,6785,56
942.081158125,200.54,74,35,2910,6785,57
942.605889101,242.32,74,35,2910,6785,56
943.133431986,237.58,52,5,2910,6785,55
943.657312470,242.95,52,5,2857,6785,58
944.182086107,243.55,51,5,2910,6785,55
944.706925427,202.26,51,5,2910,6785,56
945.230792857,243.72,50,5,2910,6785,56
945.757866572,237.08,50,5,2910,6785,56
946.281712300,239.25,63,27,2865,6785,60
946.806005015,239.73,63,27,2910,6785,56
947.330705073,195.40,61,22,2910,6785,56
947.855009289,239.49,61,22,2902,6785,56
948.380104295,238.98,55,6,2910,6785,56
948.904789273,238.57,55,6,2865,6785,61
949.431460506,188.89,54,5,2910,6785,55
949.955371848,243.08,53,5,2902,6785,56
950.479516893,238.09,53,5,2910,6785,56
951.003561528,237.98,73,36,2865,6785,60
951.528546063,238.46,73,36,2910,6785,56
952.054872593,205.71,58,14,2910,6785,56
952.578636986,243.66,58,14,2902,6785,56
953.103138446,241.97,54,5,2910,6785,55
953.627049227,243.69,54,5,2872,6785,60
954.151713185,238.71,51,5,2910,6785,55
954.675030614,205.95,51,5,2910,6785,55
955.199771197,244.00,51,5,2902,6785,56
955.726435095,242.86,51,5,2910,6785,55
956.250379941,237.12,75,43,2872,6785,60
956.774447839,237.64,75,43,2910,6785,56
957.298547027,188.52,49,5,2910,6785,56
957.822626978,243.04,49,5,2895,6785,56
958.349488842,238.29,50,5,2910,6785,56
958.873968360,243.29,50,5,2872,6785,60
959.397296206,243.99,50,5,2910,6785,56
959.922387874,244.07,55,6,2895,6785,56
960.447881584,243.67,55,6,2910,6785,56
960.972931825,237.41,87,54,2880,6785,60
961.496782230,244.27,87,54,2910,6785,56
962.024997419,213.44,53,5,2910,6785,55
962.548337086,238.86,53,5,2895,6785,56
963.072605154,243.73,51,5,2910,6785,55
963.596620642,238.79,51,5,2880,6785,60
964.121214267,237.89,51,5,2910,6785,55
964.647839441,214.55,51,5,2910,6785,55
965.172194173,242.74,48,4,2887,6785,56
965.696036834,237.55,48,4,2910,6785,56
966.220276848,232.40,87,54,2880,6785,60
966.744617774,243.39,87,54,2910,6785,56
967.268883266,219.87,53,5,2910,6785,56
967.792492434,238.55,53,5,2887,6785,57
968.319875986,242.00,53,5,2910,6785,55
968.844893664,228.14,53,5,2887,6785,60
969.369459385,237.71,49,5,2910,6785,56
969.893688558,222.79,49,5,2910,6785,55
970.418661882,244.25,48,4,2910,6785,56
970.945832660,222.42,88,54,2887,6785,59
971.470313129,238.57,88,54,2910,6785,56
971.995154613,206.21,53,5,2910,6785,56
972.519169701,242.64,53,5,2880,6785,57
973.043216087,238.30,54,5,2910,6785,56
973.566909435,222.04,54,5,2895,6785,59
974.091467111,238.83,55,6,2910,6785,56
974.619562130,228.98,55,6,2910,6785,55
975.144376052,242.92,55,6,2872,6785,57
975.668608010,243.12,55,6,2910,6785,55
976.193455855,216.70,87,54,2895,6785,59
976.716853512,238.58,87,54,2910,6785,55
977.244724507,232.82,48,4,2910,6785,55
977.767978111,243.31,48,4,2872,6785,57
978.294865873,243.33,48,4,2910,6785,56
978.818414726,215.98,48,4,2895,6785,59
979.343708777,237.83,47,4,2910,6785,56
979.868424472,234.57,47,4,2910,6785,55
980.393394118,242.71,50,5,2872,6785,57
980.920287180,211.52,88,54,2895,6785,58
981.444474864,237.97,88,54,2910,6785,56
981.968360666,217.47,55,6,2910,6785,55
982.492544452,243.37,55,6,2865,6785,58
983.017382609,239.31,54,5,2910,6785,56
983.541176497,210.35,54,5,2902,6785,59
984.065935764,239.86,56,6,2910,6785,56
984.594740598,239.81,56,6,2910,6785,56
985.119603121,244.32,53,5,2865,6785,57
985.643886316,244.64,53,5,2910,6785,55
986.167667489,207.93,84,52,2902,6785,58
986.692611787,243.13,84,52,2910,6785,55
987.219664300,221.91,51,5,2910,6785,55
987.744294863,237.14,51,5,2865,6785,57
988.267874144,242.70,47,4,2910,6785,55
988.793328729,203.39,47,4,2902,6785,58
989.317238015,237.91,50,5,2910,6785,56
989.841736538,225.67,50,5,2910,6785,56
990.366317406,238.49,46,4,2865,6785,58
990.893955229,238.87,46,4,2910,6785,56
991.418652788,243.62,77,43,2910,6785,56
991.942153981,239.06,50,5,2910,6785,56
992.467018858,243.84,50,5,2865,6785,58
992.991248411,244.12,52,5,2910,6785,56
993.518919746,203.78,52,5,2910,6785,58
994.043615072,243.12,53,5,2910,6785,56
994.568406119,238.35,53,5,2910,6785,56
995.092956800,242.43,56,13,2857,6785,58
995.617339323,238.21,56,13,2910,6785,56
996.141672652,199.48,73,34,2910,6785,56
996.666221981,237.73,73,34,2910,6785,56
997.195110683,237.50,50,5,2910,6785,55
997.719799115,242.46,50,5,2865,6785,59
998.243672192,243.55,53,5,2910,6785,56
998.767821252,202.70,53,5,2910,6785,56
999.291144758,238.69,55,6,2902,6785,56
999.817140247,238.22,55,6,2910,6785,55
1000.341573616,243.09,73,36,2865,6785,60
1000.865759726,243.58,73,36,2910,6785,56
1001.391625108,205.56,58,13,2910,6785,56
1001.916224411,237.10,50,5,2910,6785,55
1002.440243735,242.45,50,5,2872,6785,60
1002.965002220,243.11,47,4,2910,6785,55
1003.492202973,206.41,47,4,2910,6785,56
1004.016226605,237.96,51,5,2895,6785,57
1004.541425274,243.50,51,5,2910,6785,56
1005.065609080,238.75,81,49,2872,6785,60
1005.590209977,239.08,81,49,2910,6785,56
1006.117443242,210.09,55,6,2910,6785,56
1006.642120602,243.76,55,6,2895,6785,56
1007.166554492,245.00,55,6,2910,6785,55
1007.692029704,236.79,55,6,2880,6785,60
1008.215648759,239.58,53,5,2910,6785,55
1008.740600029,192.57,53,5,2910,6785,55
1009.264121539,243.45,51,5,2887,6785,56
1009.791598837,237.59,51,5,2910,6785,55
1010.315227369,231.05,88,54,2880,6785,60
1010.839957360,242.71,88,54,2910,6785,56
1011.364002111,194.25,50,5,2910,6785,56
1011.888664523,237.32,50,5,2887,6785,57
1012.416185032,230.19,52,5,2887,6785,60
1012.940471672,238.04,54,5,2910,6785,56
1013.464331834,220.85,54,5,2910,6785,56
1013.989025425,243.07,55,5,2880,6785,57
1014.514193275,238.57,55,5,2910,6785,55
1015.038326043,230.43,87,54,2887,6785,60
1015.562581935,239.08,87,54,2910,6785,55
1016.088930513,223.37,51,5,2910,6785,55
1016.613030439,243.63,51,5,2880,6785,56
1017.136735336,243.78,51,5,2910,6785,55
1017.660319394,227.88,51,5,2887,6785,60
1018.184144078,237.63,50,5,2910,6785,55
1018.710395111,224.28,50,5,2910,6785,55
1019.234663205,237.49,48,5,2880,6785,56
1019.762114523,237.64,48,5,2910,6785,55
1020.285850479,225.70,88,54,2887,6785,60
1020.809660845,238.00,88,54,2910,6785,56
1021.335103005,226.52,50,5,2910,6785,56
1021.858573919,238.92,50,5,2880,6785,57
1022.386005098,244.01,51,5,2910,6785,56
1022.910308599,224.21,51,5,2887,6785,59
1023.435361561,207.37,53,5,2910,6785,56
1023.959372247,238.06,55,5,2880,6785,57
1024.483816275,242.49,55,5,2910,6785,56
1025.008438771,218.14,87,54,2895,6785,59
1025.532094855,238.04,87,54,2910,6785,56
1026.059353968,209.55,54,5,2910,6785,55
1026.582757834,238.08,54,5,2872,6785,57
1027.107074110,238.10,56,6,2910,6785,55
1027.631722004,217.11,56,6,2895,6785,59
1028.155974959,238.13,54,5,2910,6785,56
1028.683953826,211.67,54,5,2910,6785,55
1029.207863330,244.02,53,5,2872,6785,57
1029.731358459,239.86,53,5,2910,6785,55
1030.255836491,222.00,88,54,2895,6785,59
1030.781050808,243.72,88,54,2910,6785,55
1031.304680642,231.36,48,4,2910,6785,55
1031.828499525,243.51,48,4,2872,6785,57
1032.356233417,242.89,54,5,2910,6785,56
1032.881327837,211.58,54,5,2902,6785,59
1033.405798254,237.79,56,6,2910,6785,56
1033.930345868,242.31,56,6,2865,6785,57
1034.453774681,242.88,56,6,2910,6785,55
1034.980800391,209.99,87,54,2902,6785,59
1035.505231414,242.76,87,54,2910,6785,56
1036.029758278,219.72,54,6,2910,6785,56
1036.553515774,238.74,54,6,2865,6785,57
1037.077620408,237.68,53,5,2910,6785,55
1037.601692560,207.23,53,5,2902,6785,59
1038.126103554,237.62,51,5,2910,6785,55
1038.654695943,237.79,51,5,2910,6785,55
1039.178284900,243.34,48,5,2865,6785,57
1039.703276575,243.43,48,5,2910,6785,55
1040.227165800,203.98,77,45,2902,6785,58
1040.751646787,237.76,77,45,2910,6785,56
1041.277980235,225.08,49,5,2910,6785,55
1041.802482392,237.51,49,5,2865,6785,57
1042.326824064,242.40,54,5,2910,6785,56
1042.851620249,198.87,54,5,2910,6785,57
1043.375011791,242.08,55,6,2910,6785,56
1043.899803677,230.88,55,6,2910,6785,55
1044.423034484,243.40,58,18,2910,6785,55
1044.950323162,198.47,67,29,2910,6785,55
1045.474373923,237.93,67,29,2910,6785,56
1045.998310258,237.68,50,5,2910,6785,55
1046.521969517,242.95,50,5,2865,6785,58
1047.045595193,236.99,49,5,2910,6785,55
1047.571971942,196.19,49,5,2910,6785,55
1048.095552242,242.48,48,4,2910,6785,56
1048.623493607,237.40,48,4,2910,6785,55
1049.147377001,237.19,61,25,2865,6785,59
1049.671690961,242.68,61,25,2910,6785,56
1050.195140973,193.81,61,22,2910,6785,56
1050.718956328,238.40,61,22,2902,6785,56
1051.246552218,238.52,54,5,2910,6785,56
1051.770826813,238.64,54,5,2865,6785,60
1052.294938720,238.32,51,5,2910,6785,56
1052.819425498,202.48,51,5,2910,6785,55
1053.343719469,243.96,48,4,2902,6785,56
1053.870204794,243.51,48,4,2910,6785,55
1054.393881076,244.09,75,45,2872,6785,60
1054.919601701,188.76,52,5,2910,6785,55
1055.443404602,238.07,52,5,2895,6785,56
1055.967813073,237.78,55,6,2910,6785,55
1056.492376015,236.27,55,6,2872,6785,60
1057.016954335,241.91,54,5,2910,6785,56
1057.544128175,210.27,54,5,2910,6785,55
1058.068312108,242.48,55,6,2895,6785,56
1058.593064418,242.30,55,6,2910,6785,55
1059.116945277,234.72,88,54,2880,6785,60
1059.640752035,242.78,88,54,2910,6785,55
1060.169193086,190.44,47,5,2910,6785,55
1060.693305824,237.07,47,5,2887,6785,56
1061.219892702,243.29,49,5,2910,6785,55
1061.743474083,230.95,49,5,2880,6785,60
1062.267992710,238.12,52,5,2910,6785,56
1062.792560611,217.05,52,5,2910,6785,55
1063.316688537,242.56,53,5,2887,6785,56
1063.843964119,241.96,53,5,2910,6785,55
1064.368262719,229.62,87,54,2887,6785,60
1064.892228779,237.05,87,54,2910,6785,56
1065.416252238,241.35,56,6,2887,6785,57
1065.940455999,237.51,53,5,2910,6785,55
1066.463333225,229.65,53,5,2887,6785,60
1066.987902598,238.12,53,5,2910,6785,55
1067.515797664,222.50,53,5,2910,6785,55
1068.040872155,242.70,49,5,2880,6785,56
1068.565309628,243.34,49,5,2910,6785,55
1069.089100546,223.61,87,54,2887,6785,59
1069.613422069,242.55,87,54,2910,6785,55
1070.141048556,203.18,49,5,2910,6785,55
1070.666109310,236.98,49,5,2880,6785,56
1071.190605094,236.97,48,5,2910,6785,55
1071.714892793,222.16,48,5,2887,6785,59
1072.239662315,242.23,49,5,2910,6785,55
1072.763592747,203.42,49,5,2910,6785,55
1073.288267390,237.10,48,4,2880,6785,56
1073.816395467,237.58,48,4,2910,6785,55
1074.340686152,226.20,87,54,2887,6785,60
1074.866059518,243.46,87,54,2910,6785,56
1075.391860255,205.96,50,5,2910,6785,55
1075.916924315,244.31,52,5,2910,6785,56
1076.444388605,224.33,52,5,2887,6785,59
1076.969380418,239.19,53,5,2910,6785,56
1077.494651240,227.81,53,5,2910,6785,56
1078.019318308,238.32,53,5,2880,6785,57
1078.544231062,237.63,53,5,2910,6785,56
1079.068135404,218.27,88,54,2895,6785,59
1079.592285552,241.84,88,54,2910,6785,56
1080.119267337,227.84,56,6,2910,6785,55
1080.644406499,237.75,56,6,2880,6785,57
1081.168910969,237.49,54,5,2910,6785,56
1081.694619751,217.48,54,5,2895,6785,59
1082.219124531,242.57,56,6,2910,6785,55
1082.744890441,210.13,56,6,2910,6785,55
1083.269848039,237.54,53,5,2872,6785,56
1083.797843966,237.30,53,5,2910,6785,55
1084.322574263,217.69,87,55,2895,6785,59
1084.846898070,237.41,87,55,2910,6785,55
1085.372568018,232.72,50,5,2910,6785,55
1085.897091213,242.89,50,5,2872,6785,56
1086.424717649,215.44,47,4,2895,6785,58
1086.949733227,241.86,47,4,2910,6785,55
1087.473795178,232.91,47,4,2910,6785,55
1087.998105129,236.47,48,4,2872,6785,57
1088.522872967,235.65,48,4,2910,6785,56
1089.047814605,209.23,87,54,2902,6785,58
1089.572962513,242.81,87,54,2910,6785,56
1090.100505591,237.49,52,5,2910,6785,55
1090.644795668,241.35,52,5,2865,6785,57
1091.173779537,239.82,50,5,2910,7288,55
1091.697476505,192.16,50,5,2910,7288,56
1092.223939506,236.85,53,5,2902,7342,56
1092.751032231,235.92,53,5,2910,7374,55
1093.276573575,240.12,72,38,2872,7374,60
1093.801393201,240.37,72,38,2910,7374,55
1094.326161430,201.70,53,5,2910,7374,56
1094.850447255,235.25,53,5,2895,7372,56
1095.379339509,235.18,38,4,2910,7374,55
1095.903168368,219.04,38,4,2887,7374,59
1096.429163903,223.95,49,5,2910,8336,55
1096.954563738,236.04,50,5,2872,7824,57
1097.480885682,241.86,50,5,2910,8338,56
1098.008314723,182.46,64,4,2910,9834,54
1098.532629693,233.36,64,4,2895,9932,56
1099.057087854,236.51,56,5,2910,10580,55
1099.584294394,194.91,56,5,2910,10580,56
1100.109221984,235.71,94,4,2887,10580,56
1100.633654677,222.75,94,4,2910,10580,55
1101.159572955,175.40,95,4,2910,10690,55
1101.684735642,172.62,95,4,2910,10690,55
1102.210626217,173.94,94,4,2910,10690,55
1102.737171544,173.16,94,4,2910,10690,55
1103.260867350,212.79,96,27,2880,10690,57
1103.784977190,221.68,96,27,2910,10690,55
1104.308846325,180.83,95,3,2910,10690,54
1104.833814402,170.20,95,3,2910,10690,55
1105.357599948,170.16,95,3,2910,10690,54
1105.882423577,170.97,95,3,2910,10690,54
1106.407605241,170.52,95,3,2910,10690,54
1106.931764490,220.78,95,4,2910,10690,55
1107.456778133,192.93,95,4,2910,10690,54
1107.980907875,169.05,96,3,2910,10690,54
1108.508553584,170.12,96,3,2910,8920,54
1109.035390635,208.62,87,54,2895,6785,58
1109.561714106,234.84,87,54,2910,6785,56
1110.088807556,227.01,50,5,2910,7288,54
1110.614204733,238.53,50,5,2865,7288,57
1111.138898121,235.57,53,5,2910,7288,55
1111.663918401,196.39,53,5,2910,7374,56
1112.188344500,239.91,51,5,2910,7374,55
1112.736358419,235.98,51,5,2910,7374,55
1113.261789594,233.57,73,40,2872,7374,60
1113.786748848,234.27,73,40,2910,7372,55
1114.310751133,187.55,47,4,2910,7372,55
1114.835145551,241.86,47,4,2895,7372,56
1115.361812324,235.95,52,5,2910,7372,55
1115.887529483,234.90,52,5,2872,7372,60
1116.411785904,239.09,54,6,2910,7374,55
1116.936308818,235.39,55,6,2887,7374,56
1117.460417309,240.14,55,6,2910,7374,55
1117.990292892,222.22,87,54,2887,7408,59
1118.516104108,233.67,87,54,2910,7408,55
1119.041531166,200.02,50,5,2910,7408,54
1119.567353054,233.14,50,5,2865,7536,57
1120.104225366,234.77,49,5,2910,7632,55
1120.629349136,186.04,49,5,2910,7632,54
1121.154937813,240.41,48,5,2902,7632,55
1121.679629189,239.49,48,5,2910,7632,54
1122.205035068,233.16,87,54,2880,7666,59
1122.731835363,235.71,87,54,2910,7672,55
1123.259557116,194.13,56,6,2910,7688,55
1123.784630982,242.29,56,6,2865,7722,60
1124.309968154,235.99,52,5,2910,7722,55
1124.837109961,197.78,52,5,2910,7722,55
1125.362174705,223.98,97,34,2880,7722,58
1125.886588986,235.82,97,34,2910,7722,55
1126.412648827,207.75,96,4,2910,7722,55
1126.940289495,180.47,95,4,2910,8226,55
1127.467411832,184.29,95,4,2910,8226,54
1127.992230795,235.49,94,4,2887,8226,56
1128.517136602,232.76,94,4,2910,8312,55
1129.042992170,182.11,96,4,2910,8312,54
1129.569834427,183.55,96,4,2910,8312,55
1130.094154150,240.86,56,6,2865,7374,57
1130.619386461,236.43,56,6,2910,7372,54
1131.145089451,201.24,75,42,2910,7372,56
1131.669149901,235.75,75,42,2910,7372,55
1132.198387014,224.21,53,5,2910,7372,55
1132.723048880,235.47,53,5,2857,7372,57
1133.249008682,235.68,50,5,2910,7372,54
1133.774675303,187.60,50,5,2910,7374,54
1134.299435391,241.01,53,5,2902,7374,55
1134.827664454,239.13,53,5,2910,7374,54
1135.355133934,240.97,82,50,2872,7408,59
1135.881586765,234.69,82,50,2910,7408,55
1136.406493545,205.98,47,4,2910,7536,54
1136.930126515,235.60,51,5,2910,7536,54
1137.456627063,207.27,51,5,2902,7632,58
1137.981020372,241.36,53,5,2910,7632,55
1138.506473086,235.77,53,5,2910,7632,54
1139.031288951,235.31,46,5,2865,7666,57
1139.556359318,239.88,46,5,2910,7666,54
1140.083968873,187.18,93,6,2910,7688,55
1140.609277875,235.19,93,6,2880,7688,55
1141.134140851,241.20,47,4,2910,6785,55
1141.659214278,212.68,47,4,2902,6785,58
1142.184150836,236.34,53,5,2910,6785,55
1142.712653264,235.15,53,5,2910,6785,55
1143.237671620,242.30,54,5,2865,6785,57
1143.762064822,237.73,54,5,2910,6785,54
1144.287020440,206.65,83,50,2902,6785,57
1144.811939505,243.41,83,50,2910,6785,55
1145.337148217,223.21,48,5,2910,6785,54
1145.862510548,237.31,48,5,2865,6785,56
1146.391347362,237.71,47,5,2910,6785,55
1146.917048589,205.03,47,5,2902,6785,57
1147.441623166,224.28,50,5,2910,6785,55
1147.966771011,236.30,50,7,2865,6785,57
1148.491366189,236.63,50,7,2910,6785,55
1149.018807633,200.34,75,39,2910,6785,57
1149.542989336,240.35,75,39,2910,6785,55
1150.068413268,236.33,55,6,2910,6785,55
1150.593263807,236.35,55,6,2857,6785,57
1151.118395333,236.24,51,5,2910,6785,55
1151.643282643,196.72,51,5,2910,6785,54
1152.168087038,242.42,50,5,2910,6785,55
1152.697468890,236.50,50,5,2910,6785,55
1153.223146159,235.71,70,32,2865,6785,59
1153.748734347,235.56,70,32,2910,6785,55
1154.273621864,186.63,54,10,2910,6785,54
1154.798973312,241.19,54,10,2902,6785,55
1155.327284131,235.89,48,5,2910,6785,54
1155.870307687,231.92,48,5,2880,6802,59
1156.394755401,237.01,53,5,2910,7288,55
1156.919912611,207.71,47,5,2880,7288,56
1157.445542558,240.90,47,5,2910,7374,55
1157.972851457,217.12,88,54,2895,7374,58
1158.498209638,236.51,88,54,2910,7374,55
1159.023169074,230.13,52,5,2910,7374,55
1159.547856680,235.77,52,5,2872,7374,57
1160.073167667,235.88,53,5,2910,7374,55
1160.597134312,204.45,53,5,2902,7374,58
1161.122333147,241.03,47,5,2910,7374,55
1161.649276483,235.10,47,5,2910,7374,55
1162.175061355,239.37,62,18,2857,7372,57
1162.699827576,239.34,62,18,2910,7374,55
1163.223110004,192.48,51,8,2910,7374,54
1163.746857186,235.97,51,8,2902,7374,55
1164.275660020,241.20,52,5,2910,7408,55
1164.801156134,228.44,52,5,2880,7408,59
1165.327269227,234.20,49,5,2910,7536,55
1165.852026946,214.74,49,5,2910,7536,54
1166.377059745,236.26,51,5,2872,7632,56
1166.906091795,236.12,51,5,2910,7632,55
1167.431419046,243.22,77,44,2910,7632,56
1167.956605274,224.72,55,5,2910,7664,55
1168.481188100,236.42,55,5,2865,7666,58
1169.006005236,241.65,90,4,2910,7688,55
1169.531026539,185.29,90,4,2910,7688,55
1170.055612767,238.52,46,4,2865,6785,56
1170.579731724,235.04,46,4,2910,6785,55
1171.105826927,199.17,74,37,2910,6785,57
1171.630488399,239.85,74,37,2910,6785,56
1172.157928775,236.40,55,6,2910,6785,55
1172.682641506,236.71,55,6,2857,6785,57
1173.207182303,237.01,54,6,2910,6785,55
1173.731896068,198.66,54,6,2910,6785,56
1174.256580951,242.55,53,5,2910,6785,55
1174.784652911,237.07,53,5,2910,6785,54
1175.309392241,241.93,59,21,2865,6785,57
1175.834301360,242.59,59,21,2910,6785,55
1176.358416463,203.71,63,26,2910,6785,54
1176.883067844,236.74,63,26,2910,6785,55
1177.407727426,233.77,48,5,2910,6785,55
1177.934149991,236.44,51,5,2910,6785,55
1178.461279038,201.36,51,5,2910,6785,55
1178.985480745,236.09,54,5,2902,6785,56
1179.513471125,236.15,54,5,2910,6785,55
1180.038133411,241.20,71,34,2865,6785,60
1180.563645483,237.54,71,34,2910,6785,55
1181.091303746,188.58,57,12,2910,6785,55
1181.615840744,241.83,57,12,2902,6785,55
1182.140211398,236.47,50,5,2910,6785,55
1182.664985920,235.51,50,5,2872,6785,59
1183.189818787,241.34,56,6,2910,6785,55
1183.714354366,208.25,56,6,2910,6785,55
1184.239136498,241.03,56,6,2895,6785,56
1184.766175625,241.07,56,6,2910,6785,55
1185.290780833,232.79,88,54,2880,6785,60
1185.816941029,241.50,88,54,2910,6785,55
1186.342074395,211.91,51,5,2910,6785,54
1186.866585543,236.09,51,5,2887,6785,55
1187.395576466,242.14,48,5,2910,6785,54
1187.921238397,235.96,48,5,2910,6785,60
1188.445727451,215.90,49,5,2910,6785,55
1188.971224980,238.15,51,5,2887,6785,56
1189.496212736,243.68,51,5,2910,6785,55
1190.021292291,233.19,88,54,2880,6785,59
1190.545580387,239.15,88,54,2910,6785,56
1191.073303418,198.62,55,5,2910,6785,55
1191.597747283,242.62,55,5,2887,6785,56
1192.122615940,237.55,54,5,2910,6785,55
1192.646940431,227.88,54,5,2887,6785,59
1193.171390393,236.28,52,5,2910,6785,55
1193.699175945,220.90,52,5,2910,6785,54
1194.223032840,241.42,50,5,2880,6785,56
1194.750739975,241.87,50,5,2910,6785,55
1195.274539033,220.59,88,54,2887,6785,59
1195.799647231,242.32,88,54,2910,6785,55
1196.323489915,205.15,54,5,2910,6785,55
1196.848622852,236.76,54,5,2880,6785,57
1197.377646513,241.39,53,5,2910,6785,55
1197.902774272,217.68,53,5,2895,6785,58
1198.426839564,230.68,53,5,2910,6785,55
1198.952152288,241.86,50,5,2872,6785,56
1199.476385032,242.34,50,5,2910,6785,55
1200.004087106,210.09,87,54,2895,6785,58
1200.528372133,241.77,87,54,2910,6785,56
1201.055164026,215.39,55,5,2910,6785,55
1201.579554836,236.74,55,5,2872,6785,57
1202.103833206,236.35,56,6,2910,6785,55
1202.628243917,207.65,56,6,2902,6785,57
1203.152625455,240.64,47,4,2910,6785,55
1203.679318073,236.24,47,4,2910,6785,55
1204.203765649,237.35,51,9,2865,6785,58
1204.728092424,242.63,51,9,2910,6785,55
1205.252022078,200.21,71,32,2910,6785,56
1205.776728448,237.10,71,32,2910,6785,55
1206.304305318,230.54,50,5,2910,6785,54
1206.829258630,241.12,50,5,2865,6785,57
1207.352393796,235.96,49,5,2910,6785,55
1207.877928497,195.30,49,5,2910,6785,55
1208.401918283,236.30,48,5,2910,6785,55
1208.926737274,241.79,64,28,2865,6785,59
1209.451232955,241.98,64,28,2910,6785,56
1209.978537941,202.39,60,18,2910,6785,55
1210.503323538,241.96,60,18,2902,6785,56
1211.028209390,237.85,55,6,2910,6785,55
1211.553709660,242.44,55,6,2865,6785,60
1212.095165119,237.07,50,5,2910,6785,56
1212.623047727,200.90,50,5,2910,7288,54
1213.146813631,242.37,47,5,2887,7288,55
1213.672660997,244.08,47,5,2910,7342,55
1214.197487774,226.56,87,54,2880,7374,59
1214.721874541,236.84,87,54,2910,7374,55
1215.255449595,198.32,50,5,2910,7374,55
1215.788202311,241.15,50,5,2880,7374,56
1216.317867444,235.31,55,6,2910,7372,55
1216.842065115,210.96,55,6,2895,7374,58
1217.367453810,234.10,51,5,2910,7374,55
1217.897392994,211.68,51,5,2910,8334,55
1218.423912725,234.45,51,9,2910,8850,55
1218.954362833,183.86,55,11,2910,8336,54
1219.479097048,232.99,55,11,2902,8900,56
1220.004357309,235.68,63,6,2910,9932,55
1220.539133182,190.82,63,6,2910,10580,55
1221.072738962,235.51,53,5,2902,10580,55
1221.608211845,228.80,53,5,2910,10580,55
1222.132403286,176.76,95,4,2910,10580,55
1222.657971997,174.75,95,4,2910,10690,54
1223.188367481,174.92,95,4,2910,10690,55
1223.712772730,228.53,95,4,2880,10690,57
1224.237179546,223.19,94,3,2910,10690,54
1224.761670100,173.32,94,3,2910,10690,54
1225.285850709,172.33,95,4,2910,10690,54
1225.810627109,170.26,95,4,2910,10690,54
1226.335012350,167.07,95,3,2910,10690,54
1226.861430939,164.79,95,3,2910,10690,54
1227.386213309,207.84,96,27,2880,10690,56
1227.910496726,222.36,96,27,2910,10690,54
1228.435578319,163.37,95,4,2910,10690,54
1228.962754945,164.55,81,4,2910,9420,54
1229.523772326,178.15,81,4,2910,6785,55
1230.048229007,239.62,50,5,2902,6785,55
1230.574501953,234.98,50,5,2910,6820,55
1231.098707248,236.55,87,54,2880,7288,59
1231.623114657,241.02,87,54,2910,7288,54
1232.150634734,189.09,57,6,2910,7374,54
1232.675575731,234.72,57,6,2880,7374,55
1233.199814384,236.19,50,5,2910,7374,55
1233.723573864,216.18,50,5,2895,7374,57
1234.247641636,236.71,50,5,2910,7372,55
1234.772722244,213.16,50,5,2910,7372,55
1235.296668718,243.56,53,5,2872,7372,56
1235.824372190,238.23,53,5,2910,7372,55
1236.348123997,205.37,79,47,2902,7372,57
1236.872729204,243.03,79,47,2910,7372,55
1237.396493728,237.89,53,5,2910,7374,55
1237.922517078,241.62,53,5,2865,7374,58
1238.449712044,186.34,54,5,2910,7374,54
1238.975814847,239.08,54,5,2902,7408,55
1239.501556992,233.21,54,5,2910,7408,55
1240.026374240,218.99,87,55,2887,7536,59
1240.552017510,240.85,87,55,2910,7536,55
1241.080530406,203.74,50,5,2910,7632,54
1241.605308572,237.13,50,5,2865,7632,57
1242.129070417,236.85,54,5,2910,7632,55
1242.655285320,207.34,54,5,2902,7632,57
1243.178423862,237.09,53,5,2910,7666,56
1243.705612912,236.21,53,5,2910,7676,54
1244.229092066,231.53,97,38,2880,7688,59
1244.752558824,242.21,97,38,2910,7722,55
1245.279825689,210.90,65,5,2910,7722,54
1245.803986040,235.81,65,5,2865,7722,58
1246.328590061,233.38,96,4,2910,7722,55
1246.852453960,194.25,96,4,2910,7722,55
1247.376823999,181.23,96,5,2910,7722,54
1247.911139503,181.99,96,5,2910,7722,54
1248.436505240,229.75,94,34,2895,7722,55
1248.961557807,219.42,96,4,2910,8226,55
1249.485393546,183.26,96,4,2910,8226,55
1250.010782586,228.77,87,54,2887,7342,59
1250.536487886,241.78,87,54,2910,7374,54
1251.064862751,220.03,48,4,2910,7374,54
1251.589768273,242.37,48,4,2880,7374,56
1252.114742218,234.98,51,5,2910,7374,54
1252.639041729,211.67,51,5,2895,7372,58
1253.163596590,236.17,48,5,2910,7372,55
1253.691347733,212.70,48,5,2910,7372,55
1254.215532783,239.81,49,5,2865,7372,56
1254.740488248,235.23,49,5,2910,7372,54
1255.264947414,200.61,80,38,2910,7374,56
1255.789589976,241.22,80,38,2910,7374,55
1256.319203925,236.57,47,5,2910,7374,54
1256.846428394,236.97,47,5,2865,7408,58
1257.372232075,235.87,52,5,2910,7408,55
1257.897477701,197.28,52,5,2910,7408,55
1258.422153489,242.19,48,5,2887,7536,55
1258.949214502,221.60,88,50,2887,7632,58
1259.474114199,241.99,88,50,2910,7632,55
1259.999070069,225.38,47,4,2910,7632,54
1260.523648459,236.66,47,4,2872,7632,56
1261.048380635,235.84,58,5,2910,7666,54
1261.575833128,199.60,58,5,2910,7678,56
1262.101104895,241.09,62,6,2910,7688,55
1262.624735848,227.70,62,6,2910,7688,55
1263.149742633,226.55,88,54,2887,6785,59
1263.675051874,237.44,88,54,2910,6785,55
1264.201136985,220.17,55,6,2910,6785,54
1264.726496604,237.77,55,6,2887,6785,56
1265.253932298,242.77,54,5,2910,6785,55
1265.778709942,228.67,54,5,2887,6785,58
1266.303169918,237.17,51,5,2910,6785,54
1266.828511047,222.44,51,5,2910,6785,54
1267.351860202,237.45,48,5,2880,6785,55
1267.880021091,237.81,48,5,2910,6785,55
1268.404051486,224.03,88,54,2887,6785,58
1268.928289532,225.29,55,5,2910,6785,54
1269.453085317,240.36,55,5,2872,6785,56
1269.978013499,236.57,51,5,2910,6785,54
1270.503067630,216.93,51,5,2895,6785,58
1271.029072224,242.24,49,5,2910,6785,55
1271.558567018,231.96,49,5,2910,6785,54
1272.084342569,242.55,48,5,2872,6785,56
1272.609086216,237.71,48,5,2910,6785,55
1273.136525666,213.23,88,54,2902,6785,58
1273.661510004,242.70,88,54,2910,6785,55
1274.188995205,235.85,54,6,2910,6785,55
1274.714089545,236.79,54,6,2865,6785,57
1275.238498676,236.27,51,5,2910,6785,54
1275.763140417,202.82,51,5,2910,6785,58
1276.288945428,236.10,48,5,2910,6785,55
1276.816495387,236.20,48,5,2910,6785,55
1277.341833343,241.13,56,13,2857,6785,57
1277.868514983,241.82,56,13,2910,6785,55
1278.392877516,198.44,71,32,2910,6785,55
1278.918831614,242.16,71,32,2910,6785,55
1279.443496957,237.09,48,5,2865,6785,58
1279.969048012,238.49,50,5,2910,6785,55
1280.498247296,204.19,50,5,2910,6785,55
1281.023867094,244.03,54,5,2902,6785,55
1281.548397107,238.12,54,5,2910,6785,55
1282.073395817,238.30,74,40,2872,6785,59
1282.597583593,238.16,74,40,2910,6785,54
1283.125551956,188.55,49,5,2910,6785,54
1283.649971606,237.15,49,5,2895,6785,55
1284.177890259,237.16,54,5,2910,6785,55
1284.703442578,241.74,54,5,2872,6785,60
1285.228509117,237.62,53,5,2910,6785,55
1285.753593608,207.81,53,5,2910,6785,55
1286.278552096,241.54,54,5,2895,6785,56
1286.805946666,241.50,54,5,2910,6785,55
1287.330993335,235.72,88,54,2872,6785,59
1287.855997120,241.17,88,54,2910,6785,54
1288.381534286,188.26,49,5,2910,6785,55
1288.906174311,242.92,49,5,2887,6785,56
1289.434038609,230.24,50,5,2880,6785,59
1289.958673198,243.40,52,5,2910,6785,56
1290.486940486,197.15,52,5,2910,6785,55
1291.011427156,237.91,54,5,2887,6785,56
1291.535976624,237.58,54,5,2910,6785,55
1292.061339806,229.09,87,54,2887,6785,59
1292.585758739,236.46,87,54,2910,6785,54
1293.112551584,219.66,47,5,2910,6785,54
1293.637590281,236.54,47,5,2880,6785,56
1294.161926144,242.93,51,5,2910,6785,55
1294.686966898,223.83,51,5,2887,6785,59
1295.212519330,238.64,53,5,2910,6785,56
1295.737266388,227.75,53,5,2910,6785,55
1296.261626806,242.81,56,6,2880,6785,56
1296.787868001,241.51,56,6,2910,6785,54
1297.311441175,212.71,88,54,2895,6785,58
1297.836619811,242.99,88,54,2910,6785,55
1298.361086919,234.45,51,5,2910,6785,55
1298.885434598,237.26,51,5,2872,6785,57
1299.413228440,241.96,53,5,2910,6785,55
1299.938392505,237.83,55,6,2910,6785,56
1300.462448410,237.21,55,6,2910,6785,55
1300.986999883,237.51,55,6,2865,6785,57
1301.512062586,237.46,55,6,2910,6785,55
1302.039413960,208.88,85,52,2902,6785,58
1302.563524837,243.30,85,52,2910,6785,55
1303.091173800,237.99,51,5,2910,6785,54
1303.615633444,238.21,51,5,2865,6785,56
1304.139090776,238.63,48,5,2910,6785,55
1304.663532850,207.94,48,5,2902,6785,58
1305.188399808,243.74,54,5,2910,6785,55
1305.716437607,224.85,54,5,2910,6785,55
1306.240474288,238.07,56,14,2857,6785,57
1306.764456345,238.00,56,14,2910,6785,55
1307.289231455,198.66,72,33,2910,6785,56
1307.814732465,241.46,72,33,2910,6785,56
1308.340930517,236.11,48,5,2910,6785,54
1308.865048288,236.02,48,5,2865,6785,57
1309.392057537,236.94,49,5,2910,6785,55
1309.916289720,194.21,49,5,2910,6785,55
1310.441144745,236.69,52,5,2910,6785,55
1310.965829101,242.59,69,31,2865,6785,60
1311.489695760,242.93,69,31,2910,6785,55
1312.019345507,202.87,59,14,2910,6785,55
1312.543429753,237.79,59,14,2902,6785,55
1313.068344956,240.39,53,5,2910,6785,55
1313.592408407,242.46,53,5,2872,6785,60
1314.116634873,242.27,50,5,2910,6785,55
1314.640429607,187.41,50,5,2910,6785,54
1315.165324588,236.35,47,5,2895,6785,55
1315.691349889,236.73,47,5,2910,6785,55
1316.217043985,241.63,78,47,2872,6785,60
1316.740834598,236.98,78,47,2910,6785,55
1317.266551141,207.25,54,5,2910,6785,55
1317.790373078,241.76,54,5,2895,6785,56
1318.317585410,237.53,54,6,2910,6785,55
1318.841418451,236.17,54,6,2872,6785,60
1319.365791065,242.77,55,6,2910,6785,56
1319.889940913,189.39,55,6,2910,6785,55
1320.416558042,242.00,54,6,2895,6785,56
1320.940998516,236.94,87,54,2880,6785,59
1321.465178652,241.16,87,54,2910,6785,55
1321.992695773,191.05,49,5,2910,6785,54
1322.516249612,235.59,49,5,2887,6785,55
1323.040976849,236.40,48,5,2910,6785,55
1323.565277003,235.79,48,5,2880,6785,60
1324.090073315,242.32,50,5,2910,6785,55
1324.617926501,194.26,50,5,2910,6785,55
1325.142727676,242.80,51,5,2887,6785,56
1325.666376739,238.34,51,5,2910,6785,55
1326.190758130,232.98,88,54,2880,6785,59
1326.715492190,243.62,88,54,2910,6785,56
1327.239604673,220.31,55,6,2910,6785,55
1327.764214521,239.46,55,6,2887,6785,56
1328.293662709,243.77,56,6,2910,6785,55
1328.818341873,230.78,56,6,2887,6785,60
1329.341755495,238.01,54,5,2910,6785,55
1329.865490937,220.67,54,5,2910,6785,55
1330.388712218,236.83,52,5,2880,6785,56
1330.917469357,241.65,52,5,2910,6785,54
1331.443752507,236.21,88,54,2910,6785,55
1331.968242992,222.39,48,5,2910,6785,55
1332.493092840,236.57,48,5,2880,6785,56
1333.017540959,242.86,50,5,2910,6785,55
1333.541819224,224.26,50,5,2887,6785,59
1334.066136498,238.38,51,5,2910,6785,55
1334.593916268,227.04,51,5,2910,6785,55
1335.118511875,242.99,54,5,2880,6785,56
1335.643643351,238.42,54,5,2910,6785,55
1336.168241096,215.54,87,54,2895,6785,58
1336.691895516,237.46,87,54,2910,6785,55
1337.219629262,231.85,50,5,2910,6785,55
1337.744402283,242.77,50,5,2872,6785,56
1338.268057825,242.57,48,5,2910,6785,55
1338.792845128,213.99,48,5,2895,6785,58
1339.316632846,237.07,51,5,2910,6785,55
1339.842042978,235.36,51,5,2910,6785,55
1340.366313238,242.90,52,5,2872,6785,57
1340.893385775,238.03,52,5,2910,6785,55
1341.417180816,211.44,88,54,2902,6785,58
1341.942152992,219.26,55,6,2910,6785,55
1342.465992772,242.09,55,6,2865,6785,57
1342.990660142,237.59,54,6,2910,6785,55
1343.520060484,208.27,54,6,2902,6785,58
1344.043948396,240.83,49,5,2910,6785,56
1344.567768858,234.59,49,5,2910,7288,55
1345.093617122,235.71,63,27,2865,7288,58
1345.618641298,241.92,63,27,2910,7342,56
1346.143409091,185.88,49,6,2910,7374,54
1346.667847928,236.93,49,6,2895,7374,55
1347.193561726,236.73,55,6,2910,7374,55
1347.718134992,236.44,55,6,2880,7374,59
1348.242229023,237.34,50,5,2910,7374,55
1348.767025488,213.40,50,5,2910,7374,55
1349.293090271,242.28,53,5,2887,7374,56
1349.821495254,243.39,53,5,2910,7374,55
1350.346883556,222.58,86,53,2895,7372,59
1350.872894028,237.80,86,53,2910,7374,55
1351.397923652,227.00,51,5,2910,7374,55
1351.923019999,236.16,51,5,2865,7374,56
1352.452273592,199.86,50,5,2910,7374,57
1352.978996026,239.65,52,5,2910,7408,56
1353.505651031,226.11,52,5,2910,7408,56
1354.031343330,227.73,88,49,2880,7536,59
1354.556246466,236.25,88,49,2910,7536,55
1355.083352658,212.84,46,4,2910,7632,55
1355.609755872,242.67,46,4,2880,7632,57
1356.134232447,236.33,53,6,2910,7632,55
1356.660776163,211.60,53,6,2895,7632,58
1357.186059566,236.84,61,6,2910,7666,56
1357.712856949,215.91,61,6,2910,7682,55
1358.239327225,232.76,87,54,2872,7688,59
1358.764568061,241.74,87,54,2910,7688,55
1359.288893021,193.22,53,5,2910,6785,55
1359.814617140,238.00,53,5,2880,6785,57
1360.342334847,238.77,54,5,2910,6785,55
1360.867841577,218.56,54,5,2895,6785,59
1361.393863715,242.59,55,6,2910,6785,56
1361.918446602,209.73,55,6,2910,6785,55
1362.444036331,237.26,53,6,2910,6785,55
1362.971400462,213.93,87,54,2895,6785,59
1363.497365019,243.41,87,54,2910,6785,55
1364.022715975,214.87,50,5,2910,6785,55
1364.547723176,238.07,50,5,2872,6785,56
1365.072553877,237.98,47,5,2910,6785,55
1365.598728863,212.99,47,5,2895,6785,58
1366.123949379,242.98,50,5,2910,6785,55
1366.652165803,234.45,50,5,2910,6785,55
1367.177025798,241.40,54,5,2872,6785,57
1367.703090453,241.82,54,5,2910,6785,56
1368.228850445,210.32,88,54,2902,6785,58
1368.753417846,238.18,88,54,2910,6785,55
1369.281449052,219.63,53,5,2910,6785,55
1369.806046866,241.99,53,5,2865,6785,57
1370.333756294,237.14,51,5,2910,6785,55
1370.858212002,208.17,51,5,2902,6785,58
1371.382427871,238.05,50,5,2910,6785,55
1371.906249777,238.34,50,5,2910,6785,55
1372.431678828,244.50,46,4,2910,6785,55
1372.959966152,204.61,76,41,2910,6785,57
1373.484245170,239.75,76,41,2910,6785,56
1374.008888949,228.93,54,5,2910,6785,55
1374.533284083,243.01,54,5,2857,6785,57
1375.058499492,242.99,55,6,2910,6785,55
1375.583391957,201.19,55,6,2910,6785,57
1376.108886552,242.37,55,6,2910,6785,56
1376.637810809,237.04,55,6,2910,6785,55
1377.162719424,240.60,58,21,2865,6785,57
1377.687382251,236.55,58,21,2910,6785,55
1378.211449601,199.99,61,20,2910,6785,55
1378.735408183,239.92,61,20,2902,6785,55
1379.265127236,235.48,54,5,2910,6785,55
1379.791327956,234.94,54,5,2880,7288,60
1380.316908022,241.80,51,5,2910,7288,56
1380.844114881,214.96,51,5,2910,7288,55
1381.369369212,237.14,53,5,2887,7288,56
1381.897133595,237.61,53,5,2910,7342,55
1382.422273153,222.57,89,52,2887,7374,59
1382.947364537,204.65,55,6,2910,7374,55
1383.471887287,241.25,55,6,2872,7374,56
1383.997108431,237.11,49,5,2910,7374,55
1384.523113806,211.30,49,5,2902,7374,58
1385.099665513,235.18,54,5,2910,7372,55
1385.642068096,236.47,54,5,2910,7372,56
1386.169213298,240.64,48,18,2865,7374,58
1386.696648060,236.46,48,18,2910,7374,56
1387.230692447,194.43,55,12,2910,8334,55
1387.777495486,242.04,55,12,2902,8338,56
1388.314961335,235.33,49,5,2910,8336,55
1388.840832141,228.62,49,5,2880,8850,59
1389.365600959,234.85,51,5,2910,9930,55
1389.898619933,189.01,51,5,2910,9932,54
1390.425095882,237.15,71,30,2865,10580,60
1390.949791542,189.62,94,4,2910,10580,55
1391.473294682,172.76,94,4,2910,10580,54
1391.998169678,173.60,95,3,2910,10580,54
1392.524192084,172.26,95,3,2910,10580,54
1393.047900616,216.09,96,27,2880,10580,57
1393.572864475,225.21,96,27,2910,10580,54
1394.096796436,176.15,95,3,2910,10580,54
1394.620559165,173.16,95,3,2910,10580,54
1395.144549422,171.73,96,3,2910,10580,54
1395.671428090,171.24,96,3,2910,10580,54
1396.198094281,172.07,96,3,2910,10580,54
1396.723283101,220.37,96,3,2880,10580,57
1397.248105410,221.90,96,3,2910,10580,54
1397.781101340,191.34,96,3,2910,8810,54
1398.309149198,179.39,46,5,2910,6785,54
1398.834255290,238.04,46,5,2865,6785,57
1399.358356698,232.51,50,5,2910,7288,55
1399.882533487,189.27,50,5,2910,7288,54
1400.406134669,241.81,47,5,2895,7288,55
1400.930674763,242.68,47,5,2910,7374,55
1401.455640044,237.25,87,54,2910,7374,55
1401.981586066,189.12,48,5,2910,7374,54
1402.506113961,237.02,48,5,2887,7374,56
1403.029843633,236.65,54,6,2910,7374,55
1403.553624802,227.52,54,6,2887,7372,59
1404.078375341,242.55,49,5,2910,7372,55
1404.607453778,223.38,49,5,2910,7372,55
1405.131449716,237.32,53,5,2880,7372,57
1405.657124176,240.36,53,5,2910,7372,55
1406.187193377,209.34,88,53,2902,7372,58
1406.712176386,235.48,88,53,2910,7374,55
1407.241258516,235.64,50,5,2910,7374,55
1407.766631942,234.84,50,5,2865,7374,57
1408.293965792,239.85,53,5,2910,7408,54
1408.818040564,185.20,53,5,2910,7408,54
1409.342409211,236.08,54,5,2895,7536,56
1409.869051669,242.46,54,5,2910,7536,54
1410.392652371,230.26,87,54,2880,7632,59
1410.916900862,236.64,87,54,2910,7632,55
1411.442512733,242.02,52,5,2880,7632,56
1411.967804863,236.16,50,5,2910,7632,55
1412.495182397,207.71,50,5,2902,7666,58
1413.020177477,241.92,48,5,2910,7686,55
1413.544281772,218.41,48,5,2910,7688,54
1414.070603008,204.00,97,35,2902,7722,56
1414.595029090,231.92,97,35,2902,7722,55
1415.119802608,228.13,97,4,2910,7722,55
1415.645257291,183.07,97,4,2910,7722,54
1416.170489376,183.86,97,4,2910,7722,54
1416.697123206,183.52,97,4,2910,7722,54
1417.221310289,230.84,97,35,2872,7722,58
1417.745596459,237.36,97,35,2910,7722,55
1418.270110299,186.02,50,5,2910,7722,55
1418.795702257,197.27,50,5,2910,6785,55
1419.320828156,243.51,50,5,2910,6785,55
1419.848730191,238.52,50,5,2910,6785,54
1420.373435375,237.60,63,26,2865,6785,58
1420.901523929,237.85,63,26,2910,6785,55
1421.426554136,193.45,61,21,2910,6785,55
1421.950856546,236.66,55,6,2910,6785,55
1422.476749509,240.62,55,6,2865,6785,60
1423.001847818,241.99,56,6,2910,6785,55
1423.529095612,203.38,56,6,2910,6785,55
1424.054561053,237.33,54,5,2902,6785,55
1424.581011326,240.57,54,5,2910,6785,55
1425.106146664,241.98,73,41,2872,6785,59
1425.631310236,237.17,73,41,2910,6785,55
1426.155391204,188.74,50,5,2910,6785,55
1426.680204866,242.46,50,5,2895,6785,55
1427.207811713,242.11,54,6,2910,6785,55
1427.732264253,235.58,54,6,2872,6785,59
1428.257834523,237.23,50,5,2910,6785,55
1428.782194612,189.55,50,5,2910,6785,54
1429.306934149,242.52,47,5,2887,6785,55
1429.837064543,242.55,47,5,2910,6785,55
1430.361648259,229.11,87,54,2880,6785,59
1430.886832083,237.58,87,54,2910,6785,55
1431.410745799,196.68,53,5,2910,6785,55
1431.935751941,238.34,56,6,2910,6785,55
1432.459087544,227.39,56,6,2887,6785,59
1432.983692608,243.09,56,6,2910,6785,55
1433.511409927,220.79,56,6,2910,6785,55
1434.037715940,241.96,49,5,2880,6785,56
1434.561808994,242.05,49,5,2910,6785,54
1435.086839757,221.53,87,54,2887,6785,59
1435.611230903,237.68,87,54,2910,6785,55
1436.138147847,225.54,51,5,2910,6785,55
1436.663226365,237.69,51,5,2880,6785,56
1437.188489560,238.05,51,5,2910,6785,55
1437.713045279,222.72,51,5,2887,6785,59
1438.237746451,242.66,54,5,2910,6785,55
1438.763882900,208.56,54,5,2910,6785,55
1439.287457365,243.76,55,6,2880,6785,56
1439.813896525,239.65,55,6,2910,6785,55
1440.337329446,219.49,87,54,2895,6785,59
1440.861725076,239.24,87,54,2910,6785,55
1441.385557422,210.83,50,5,2910,6785,54
1441.911120887,238.78,50,5,2872,6785,56
1442.440763546,216.87,48,5,2895,6785,58
1442.965890486,243.71,49,5,2910,6785,55
1443.489549633,215.58,49,5,2910,6785,55
1444.014033376,237.43,53,5,2872,6785,57
1444.537492017,241.89,53,5,2910,6785,55
1445.062549616,208.73,88,54,2902,6785,58
1445.585786632,242.16,88,54,2910,6785,55
1446.114426846,237.61,54,6,2910,6785,55
1446.639613264,237.32,54,6,2865,6785,57
1447.164074378,242.25,50,5,2910,6785,55
1447.688669126,201.37,50,5,2910,6785,57
1448.212298725,242.30,54,6,2910,6785,55
1448.739653064,227.57,54,6,2910,6785,55
1449.263794792,238.48,57,16,2857,6785,58
1449.788368770,243.37,57,16,2910,6785,55
1450.313549068,206.37,73,34,2910,6785,57
1450.837471363,238.46,73,34,2910,6785,55
1451.361944872,237.78,51,5,2910,6785,54
1451.885684174,242.18,51,5,2857,6785,57
1452.410009838,240.17,52,5,2910,6785,55
1452.935563945,191.95,55,6,2895,7288,56
1453.461266393,236.62,55,6,2910,7288,54
1453.985215534,230.19,87,54,2880,7288,60
1454.510433225,242.42,87,54,2910,7374,55
1455.040721743,194.02,48,5,2910,7374,55
1455.565274235,237.44,48,5,2880,7374,56
1456.090568102,237.86,54,5,2910,7374,55
1456.617413318,216.03,54,5,2895,7374,59
1457.143951948,241.24,52,5,2910,7372,55
1457.674835727,211.96,52,5,2910,7374,54
1458.200426048,235.91,54,11,2857,7374,57
1458.730232344,234.59,54,11,2910,7374,55
1459.259344677,186.86,54,14,2910,8338,55
1459.791508380,237.99,54,14,2902,8336,55
1460.320871394,234.17,48,5,2910,8850,54
1460.853413271,222.80,48,5,2887,9930,59
1461.380884034,232.07,49,5,2910,9932,55
1461.910656090,216.89,49,5,2910,10580,55
1462.438275050,240.27,84,51,2910,10580,55
1462.963918833,211.63,95,4,2910,10580,55
1463.488327216,178.34,95,4,2910,10644,54
1464.012351786,177.27,95,4,2910,10754,54
1464.537299950,211.27,95,4,2880,10754,57
1465.063160896,227.35,95,3,2910,10754,54
1465.588262789,184.77,95,3,2910,10754,54
1466.111925441,167.24,96,3,2910,10754,54
1466.636527198,165.31,96,3,2910,10754,54
1467.161705036,162.82,96,2,2910,10754,54
1467.691865476,162.88,96,2,2910,10754,54
1468.229030327,163.57,96,4,2910,10754,54
1468.756612319,192.41,96,4,2887,10754,56
1469.281166473,214.20,94,2,2902,10754,54
1469.805577423,200.10,94,2,2910,10754,54
1470.336306325,166.74,58,5,2910,8920,54
1470.862202984,176.96,58,5,2910,6785,54
1471.388251760,236.43,54,6,2865,6785,56
1471.915970399,236.54,54,6,2910,6785,54
1472.441075827,236.26,65,29,2910,7288,55
1472.965574279,237.30,53,5,2910,7288,55
1473.490239767,236.37,53,5,2872,7288,59
1474.014782629,237.08,50,5,2910,7288,55
1474.542902129,186.89,50,5,2910,7342,55
1475.069153804,240.02,47,5,2895,7374,55
1475.594795099,235.04,47,5,2910,7374,55
1476.120365895,219.21,87,54,2887,7374,58
1476.645025188,235.15,87,54,2910,7374,55
1477.173430087,200.96,50,5,2910,7374,54
1477.700094417,240.34,50,5,2872,7372,56
1478.224438062,240.80,50,5,2910,7372,54
1478.749320770,203.03,50,5,2902,7372,57
1479.273586483,237.43,51,5,2910,7372,55
1479.803459793,225.30,51,5,2910,7372,55
1480.329397640,236.78,56,16,2857,7372,57
1480.856076463,242.56,56,16,2910,7374,55
1481.382832601,191.95,47,5,2910,7374,54
1481.909795660,234.95,47,5,2895,7374,55
1482.434225131,240.89,52,5,2910,7374,55
1482.962430567,234.72,50,5,2910,7408,54
1483.488392818,209.80,50,5,2910,7408,54
1484.019582672,233.03,59,5,2865,7536,56
1484.543177878,240.84,59,5,2910,7536,55
1485.077281807,197.11,72,31,2910,7632,56
1485.604995398,238.13,72,31,2902,7632,55
1486.129696399,231.14,46,5,2910,7632,54
1486.655160559,242.09,46,5,2872,7632,59
1487.182207845,241.87,50,5,2910,7666,55
1487.708761212,207.46,50,5,2910,7666,55
1488.233912439,242.82,79,5,2880,7688,56
1488.760892593,242.65,79,5,2910,7688,55
1489.286820002,189.88,74,14,2910,7722,55
1489.812279059,235.87,74,14,2895,7722,56
1490.336262238,235.74,96,4,2910,7722,55
1490.860879871,182.63,96,4,2910,7722,54
1491.387755765,180.83,96,4,2910,7722,54
1491.911296426,224.75,96,4,2872,7722,58
1492.436558197,235.45,96,4,2910,7722,55
1492.967519139,181.48,67,5,2910,7722,54
1493.503164463,203.35,67,5,2902,7722,57
1494.029027931,241.72,48,5,2910,6785,55
1494.554445770,220.54,48,5,2910,6785,54
1495.079334370,232.79,53,25,2865,6785,58
1495.603819853,234.89,53,25,2910,7288,54
1496.131239299,187.19,54,6,2910,7288,55
1496.656921493,236.70,54,6,2895,7288,56
1497.181814973,241.51,51,5,2910,7342,54
1497.707158128,230.84,51,5,2880,7342,59
1498.231873425,236.63,55,6,2910,7374,55
1498.756782390,192.97,55,6,2910,7374,55
1499.281210317,240.39,49,5,2880,7374,55
1499.809989103,236.76,49,5,2910,7374,55
1500.336332217,214.84,87,54,2895,7372,58
1500.861212448,240.60,87,54,2910,7372,54
1501.385922123,210.78,49,5,2910,7372,54
1501.910709703,237.03,49,5,2872,7372,56
1502.438772076,241.41,53,5,2910,7372,55
1502.964223104,236.64,47,4,2910,7372,55
1503.495313869,235.16,47,4,2910,7372,55
1504.021822482,237.38,72,41,2872,7374,59
1504.546455559,233.27,72,41,2910,7374,54
1505.076814114,203.37,56,6,2910,7374,55
1505.602094047,234.85,56,6,2895,7408,55
1506.129884597,238.93,53,5,2910,7408,54
1506.657867443,215.89,53,5,2895,7408,58
1507.183393265,241.36,56,5,2910,7536,55
1507.711611944,228.72,56,5,2910,7536,54
1508.237867579,236.45,52,7,2865,7632,57
1508.763497814,242.32,52,7,2910,7632,54
1509.287709169,188.61,59,14,2910,7632,55
1509.816643539,236.87,59,14,2902,7632,55
1510.348700272,237.38,54,5,2910,7666,55
1510.874306131,233.40,54,5,2880,7672,59
1511.400068396,243.00,90,6,2910,7688,55
1511.933877473,216.84,90,6,2910,7688,55
1512.475495490,240.24,62,27,2910,7722,55
1513.058944901,183.45,52,5,2910,7722,54
1513.640100231,158.98,52,5,2910,7722,52
1514.248445764,126.24,0,0,2925,7722,52
1514.915832913,111.20,0,0,2925,7722,52
1515.583897726,97.94,0,0,2572,7722,51
1516.937251978,89.61,0,0,2542,7722,51
1517.799704556,88.60,0,0,2542,7722,50
1526.185049033,87.37,0,0,2542,7722,50
1532.425591200,87.69,0,0,2542,7722,49
1540.690866552,86.75,0,0,2542,7722,48
1541.343997697,86.86,0,0,2542,7722,48
1541.925467522,87.00,0,0,2542,7722,48
1542.595785164,86.07,0,0,2550,7722,48
1543.319144763,85.73,0,0,2550,7722,48
1544.835727632,85.38,0,0,2542,7722,48
