The '--headless' CLI argument is deprecated. Omit '--viz' for default headless. If config visualizers are enabled and you want to force headless, use '--viz none'.
Loading user config located at: '/workspace/WBC-AGILE-NEWTON/.venv/lib/python3.12/site-packages/isaacsim/kit/data/Kit/IsaacLab/3.0/user.config.json'
2026-09-02T06:52:44Z [0ms] [Warning] [omni.ext.plugin] [ext: isaaclab_visualizers] Extensions config 'extension.toml' doesn't exist '/workspace/WBC-AGILE-NEWTON/.venv/lib/python3.12/site-packages/isaaclab/source/isaaclab_visualizers' or '/workspace/WBC-AGILE-NEWTON/.venv/lib/python3.12/site-packages/isaaclab/source/isaaclab_visualizers/config'
WARNING: All log messages before absl::InitializeLog() is called are written to STDERR
E0000 00:00:1788331964.338753  540347 descriptor_database.cc:633] File already exists in database: grpc/health/v1/health.proto
W0000 00:00:1788331964.338784  540347 message.cc:301] Protobuf GeneratedMessageFactory: File is already registered: grpc/health/v1/health.proto
2026-09-02T06:52:44Z [370ms] [Warning] [omni.usd_config.extension] Enable omni.materialx.libs extension to use MaterialX
2026-09-02T06:52:44Z [374ms] [Warning] [omni.platforminfo.plugin] failed to open the default display.  Can't verify X Server version.
2026-09-02T06:52:44Z [421ms] [Error] [omni.ext.plugin] Could not load the dynamic library from /workspace/WBC-AGILE-NEWTON/.venv/lib/python3.12/site-packages/isaacsim/extscache/omni.usd.libs-1.0.3+6312fa25.lx64.r.cp312/bin/libMaterialXRenderHw.so. Error: libXt.so.6: cannot open shared object file: No such file or directory (note that this may be caused by a dependent library)
2026-09-02T06:52:44Z [421ms] [Error] [omni.ext.plugin] Could not load the dynamic library from /workspace/WBC-AGILE-NEWTON/.venv/lib/python3.12/site-packages/isaacsim/extscache/omni.usd.libs-1.0.3+6312fa25.lx64.r.cp312/bin/libMaterialXRenderGlsl.so. Error: libXt.so.6: cannot open shared object file: No such file or directory (note that this may be caused by a dependent library)
2026-09-02T06:52:44Z [422ms] [Error] [omni.ext.plugin] Could not load the dynamic library from /workspace/WBC-AGILE-NEWTON/.venv/lib/python3.12/site-packages/isaacsim/extscache/omni.usd.libs-1.0.3+6312fa25.lx64.r.cp312/bin/libusd_usdBakeMtlx.so. Error: libXt.so.6: cannot open shared object file: No such file or directory (note that this may be caused by a dependent library)
2026-09-02T06:52:45Z [1,007ms] [Warning] [isaacsim.core.simulation_manager.plugin] USD stage is not available; stage-opened subscription is deferred
2026-09-02T06:52:45Z [1,007ms] [Warning] [isaacsim.core.simulation_manager.plugin] USD stage is not available; stage-opened subscription is deferred
[ISAACLAB] AppLauncher initialization complete
[INFO]: Parsing configuration from: agile.rl_env.tasks.stand_up.g1.height_tracking_env_cfg:G1HeightTrackingEnvCfg
[INFO]: Parsing configuration from: agile.rl_env.tasks.stand_up.g1.agents.rsl_rl_ppo_cfg:G1HeightTrackingPpoRunnerCfg
[INFO] Logging experiment in directory: /workspace/WBC-AGILE-NEWTON/logs/rsl_rl/height_tracking_g1
Exact experiment name requested from command line: 2026-09-02_06-52-54
[INFO]: Base environment:
	Environment device    : cuda:0
	Environment seed      : 42
	Physics step-size     : 0.005
	Rendering step-size   : 0.02
	Environment step-size : 0.02
[INFO] Generating terrains based on curriculum took Last: 0.219036 s
[INFO]: Registered backend 'newton' for factory Articulation.
[INFO]: Setting variant selection 'PhysX' for variant set 'Physics' on prim '/World/envs/env_0/Robot'.
[INFO]: Setting variant selection 'None' for variant set 'left_hand' on prim '/World/envs/env_0/Robot'.
[INFO]: Setting variant selection 'None' for variant set 'right_hand' on prim '/World/envs/env_0/Robot'.
[INFO]: Registered backend 'newton' for factory FrameView.
[INFO]: Registered backend 'newton' for factory ContactSensor.
[INFO]: Registered backend 'newton' for factory RayCaster.
[INFO]: Time taken for scene creation Last: 7.472642 s, Mean: 7.472642 s, Std: 0.000000 s, N: 1
[INFO]: Scene manager:  <class InteractiveScene>
	Number of environments: 2048
	Environment spacing   : 2.5
	Source prim name      : /World/envs/env_0
	Global prim paths     : ['/World/ground']
	Replicate physics     : True
[INFO]: Dispatching MODEL_INIT callbacks
[INFO]: Finalizing model on device: cuda:0
/workspace/WBC-AGILE-NEWTON/.venv/lib/python3.12/site-packages/isaaclab_newton/physics/newton_manager.py:989: FutureWarning: Newton shape color replacement is enabled; this workaround will be deprecated in a future release.
  replace_newton_shape_colors(cls._model)
Finalize builder took: Last: 5.447719 s, Mean: 5.447719 s, Std: 0.000000 s, N: 1
[INFO]: Dispatching PHYSICS_READY callbacks
[INFO]: Simulation parameters for joints in /World/envs/env_.*/Robot:
+-------------------------------------------------------------------------------------------------------------------------------------------+
|                                     Simulation Joint Information (Prim path: /World/envs/env_.*/Robot)                                    |
+-------+----------------------------+-----------+---------+----------+-----------------+-----------------+-----------------+---------------+
| Index | Name                       | Stiffness | Damping | Armature | Static Friction | Position Limits | Velocity Limits | Effort Limits |
+-------+----------------------------+-----------+---------+----------+-----------------+-----------------+-----------------+---------------+
|   0   | left_hip_pitch_joint       |   0.000   |  0.000  |  0.020   |      0.010      | [-2.531, 2.880] |      32.000     |     88.000    |
|   1   | left_hip_roll_joint        |   0.000   |  0.000  |  0.020   |      0.010      | [-0.524, 2.967] |      32.000     |     88.000    |
|   2   | left_hip_yaw_joint         |   0.000   |  0.000  |  0.020   |      0.010      | [-2.758, 2.758] |      32.000     |     88.000    |
|   3   | left_knee_joint            |   0.000   |  0.000  |  0.020   |      0.010      | [-0.087, 2.880] |      20.000     |    139.000    |
|   4   | left_ankle_pitch_joint     |   0.000   |  0.000  |  0.020   |      0.010      | [-0.873, 0.524] |      37.000     |     50.000    |
|   5   | left_ankle_roll_joint      |   0.000   |  0.000  |  0.020   |      0.010      | [-0.262, 0.262] |      37.000     |     50.000    |
|   6   | right_hip_pitch_joint      |   0.000   |  0.000  |  0.020   |      0.010      | [-2.531, 2.880] |      32.000     |     88.000    |
|   7   | right_hip_roll_joint       |   0.000   |  0.000  |  0.020   |      0.010      | [-2.967, 0.524] |      32.000     |     88.000    |
|   8   | right_hip_yaw_joint        |   0.000   |  0.000  |  0.020   |      0.010      | [-2.758, 2.758] |      32.000     |     88.000    |
|   9   | right_knee_joint           |   0.000   |  0.000  |  0.020   |      0.010      | [-0.087, 2.880] |      20.000     |    139.000    |
|   10  | right_ankle_pitch_joint    |   0.000   |  0.000  |  0.020   |      0.010      | [-0.873, 0.524] |      37.000     |     50.000    |
|   11  | right_ankle_roll_joint     |   0.000   |  0.000  |  0.020   |      0.010      | [-0.262, 0.262] |      37.000     |     50.000    |
|   12  | waist_yaw_joint            |   0.000   |  0.000  |  0.020   |      0.010      | [-2.618, 2.618] |      32.000     |     88.000    |
|   13  | waist_roll_joint           |   0.000   |  0.000  |  0.020   |      0.010      | [-0.520, 0.520] |      37.000     |     50.000    |
|   14  | waist_pitch_joint          |   0.000   |  0.000  |  0.020   |      0.010      | [-0.520, 0.520] |      37.000     |     50.000    |
|   15  | left_shoulder_pitch_joint  |   0.000   |  0.000  |  0.020   |      0.010      | [-3.089, 2.670] |      37.000     |     25.000    |
|   16  | left_shoulder_roll_joint   |   0.000   |  0.000  |  0.020   |      0.010      | [-1.588, 2.251] |      37.000     |     25.000    |
|   17  | left_shoulder_yaw_joint    |   0.000   |  0.000  |  0.020   |      0.010      | [-2.618, 2.618] |      37.000     |     25.000    |
|   18  | left_elbow_joint           |   0.000   |  0.000  |  0.020   |      0.010      | [-1.047, 2.094] |      37.000     |     25.000    |
|   19  | left_wrist_roll_joint      |   0.000   |  0.000  |  0.020   |      0.010      | [-1.972, 1.972] |      37.000     |     25.000    |
|   20  | left_wrist_pitch_joint     |   0.000   |  0.000  |  0.020   |      0.010      | [-1.614, 1.614] |      22.000     |     5.000     |
|   21  | left_wrist_yaw_joint       |   0.000   |  0.000  |  0.020   |      0.010      | [-1.614, 1.614] |      22.000     |     5.000     |
|   22  | right_shoulder_pitch_joint |   0.000   |  0.000  |  0.020   |      0.010      | [-3.089, 2.670] |      37.000     |     25.000    |
|   23  | right_shoulder_roll_joint  |   0.000   |  0.000  |  0.020   |      0.010      | [-2.251, 1.588] |      37.000     |     25.000    |
|   24  | right_shoulder_yaw_joint   |   0.000   |  0.000  |  0.020   |      0.010      | [-2.618, 2.618] |      37.000     |     25.000    |
|   25  | right_elbow_joint          |   0.000   |  0.000  |  0.020   |      0.010      | [-1.047, 2.094] |      37.000     |     25.000    |
|   26  | right_wrist_roll_joint     |   0.000   |  0.000  |  0.020   |      0.010      | [-1.972, 1.972] |      37.000     |     25.000    |
|   27  | right_wrist_pitch_joint    |   0.000   |  0.000  |  0.020   |      0.010      | [-1.614, 1.614] |      22.000     |     5.000     |
|   28  | right_wrist_yaw_joint      |   0.000   |  0.000  |  0.020   |      0.010      | [-1.614, 1.614] |      22.000     |     5.000     |
+-------+----------------------------+-----------+---------+----------+-----------------+-----------------+-----------------+---------------+
[INFO]: Adding contact sensor for /World/envs/env_.*/Robot/.* with filter all bodies/shapes
Contact sensor construction took: Last: 0.062166 s, Mean: 0.062166 s, Std: 0.000000 s, N: 1
[INFO]: Contact sensor initialized with 30 sensors.
[INFO]: Creating buffers for contact sensor data with num_envs: 2048, num_sensors: 30, num_filter_objects: 0, history_length: 3, generate_force_matrix: False, track_air_time: True, track_pose: False, device: cuda:0
[INFO]: Creating buffers for contact sensor data with num_envs: 2048, num_sensors: 30, num_filter_objects: 0, history_length: 3, generate_force_matrix: False, track_air_time: True, track_pose: False, device: cuda:0
[INFO]: Read mesh prim: /World/ground/terrain/mesh with 369728 vertices and 2097240 faces.
Initialize solver took: Last: 2.298082 s, Mean: 2.298082 s, Std: 0.000000 s, N: 1
[INFO]: Newton CUDA graph captured (standard Warp mode)
CUDA graph took: Last: 0.878867 s, Mean: 0.878867 s, Std: 0.000000 s, N: 1
[INFO]: Time taken for simulation start Last: 8.886850 s, Mean: 8.886850 s, Std: 0.000000 s, N: 1
[INFO] Command Manager:  <CommandManager> contains 1 active terms.
+--------------------------------------+
|         Active Command Terms         |
+-------+--------+---------------------+
| Index | Name   |         Type        |
+-------+--------+---------------------+
|   0   | height | SmoothHeightCommand |
+-------+--------+---------------------+

[INFO] Event Manager:  <EventManager> contains 3 active terms.
+----------------------------------------+
| Active Event Terms in Mode: 'startup'  |
+--------+-------------------------------+
| Index  | Name                          |
+--------+-------------------------------+
|   0    | randomize_physics_material    |
|   1    | randomize_actuator_gains      |
|   2    | randomize_bodies_mass         |
|   3    | randomize_base_mass           |
|   4    | randomize_base_com            |
+--------+-------------------------------+
+---------------------------------------------------------------------------+
|                   Active Event Terms in Mode: 'interval'                  |
+-------+-----------------------------------------+-------------------------+
| Index | Name                                    | Interval time range (s) |
+-------+-----------------------------------------+-------------------------+
|   0   | push_robot                              |       (0.0, 10.0)       |
|   1   | apply_external_force_torque             |       (0.0, 10.0)       |
|   2   | apply_external_force_torque_extremities |       (0.0, 10.0)       |
+-------+-----------------------------------------+-------------------------+
+----------------------------------+
| Active Event Terms in Mode: 'reset' |
+------------+---------------------+
|   Index    | Name                |
+------------+---------------------+
|     0      | reset_base          |
+------------+---------------------+

[INFO] Recorder Manager:  <RecorderManager> contains 0 active terms.
+---------------------+
| Active Recorder Terms |
+-----------+---------+
|   Index   | Name    |
+-----------+---------+
+-----------+---------+

[INFO]: Resolved joint names for the action term JointPositionAction: ['left_hip_pitch_joint', 'left_hip_roll_joint', 'left_hip_yaw_joint', 'left_knee_joint', 'left_ankle_pitch_joint', 'left_ankle_roll_joint', 'right_hip_pitch_joint', 'right_hip_roll_joint', 'right_hip_yaw_joint', 'right_knee_joint', 'right_ankle_pitch_joint', 'right_ankle_roll_joint', 'waist_yaw_joint', 'waist_roll_joint', 'waist_pitch_joint', 'left_shoulder_pitch_joint', 'left_shoulder_roll_joint', 'left_shoulder_yaw_joint', 'left_elbow_joint', 'left_wrist_roll_joint', 'left_wrist_pitch_joint', 'left_wrist_yaw_joint', 'right_shoulder_pitch_joint', 'right_shoulder_roll_joint', 'right_shoulder_yaw_joint', 'right_elbow_joint', 'right_wrist_roll_joint', 'right_wrist_pitch_joint', 'right_wrist_yaw_joint'] [[0, 1, 2, 3, 4, 5, 6, 7, 8, 9, 10, 11, 12, 13, 14, 15, 16, 17, 18, 19, 20, 21, 22, 23, 24, 25, 26, 27, 28]]
[INFO] Action Manager:  <ActionManager> contains 2 active terms.
+------------------------------------+
|  Active Action Terms (shape: 29)   |
+--------+-------------+-------------+
| Index  | Name        |   Dimension |
+--------+-------------+-------------+
|   0    | joint_pos   |          29 |
|   1    | lift        |           0 |
+--------+-------------+-------------+

[INFO] Observation Manager: <ObservationManager> contains 2 groups.
+----------------------------------------------+
| Active Observation Terms in Group: 'policy'  |
+---------+------------------------+-----------+
|  Index  | Name                   |   Shape   |
+---------+------------------------+-----------+
|    0    | base_ang_vel           |   (5, 3)  |
|    1    | projected_gravity      |   (5, 3)  |
|    2    | joint_pos              |  (5, 29)  |
|    3    | joint_vel              |  (5, 29)  |
|    4    | actions                |  (5, 29)  |
|    5    | height_command         |   (5, 1)  |
+---------+------------------------+-----------+
+----------------------------------------------+
| Active Observation Terms in Group: 'critic'  |
+---------+------------------------+-----------+
|  Index  | Name                   |   Shape   |
+---------+------------------------+-----------+
|    0    | projected_gravity      |   (5, 3)  |
|    1    | base_lin_vel           |   (5, 3)  |
|    2    | base_ang_vel           |   (5, 3)  |
|    3    | joint_pos              |  (5, 29)  |
|    4    | joint_vel              |  (5, 29)  |
|    5    | actions                |  (5, 29)  |
|    6    | contact_forces         |  (5, 30)  |
|    7    | base_height            |   (5, 1)  |
|    8    | height_command         |   (5, 1)  |
+---------+------------------------+-----------+

[INFO] Termination Manager:  <TerminationManager> contains 2 active terms.
+----------------------------------+
|     Active Termination Terms     |
+-------+---------------+----------+
| Index | Name          | Time Out |
+-------+---------------+----------+
|   0   | time_out      |   True   |
|   1   | invalid_state |  False   |
+-------+---------------+----------+

[INFO] Reward Manager:  <RewardManager> contains 32 active terms.
+--------------------------------------------+
|            Active Reward Terms             |
+-------+-------------------------+----------+
| Index | Name                    |   Weight |
+-------+-------------------------+----------+
|   0   | joint_torques_l2        |   -5e-05 |
|   1   | torque_limits           |    -0.01 |
|   2   | joint_acc_l2            | -2.5e-08 |
|   3   | joint_pos_limits        |     -0.1 |
|   4   | joint_vel_limits        |    -0.01 |
|   5   | action_rate             |     -1.0 |
|   6   | action_rate_rate        |    -0.15 |
|   7   | joint_vel_l2            |   -0.001 |
|   8   | joint_tracking_error    |     -0.5 |
|   9   | base_height_rough       |      4.0 |
|   10  | base_height_medium      |      8.0 |
|   11  | base_height_fine        |     16.0 |
|   12  | relaxation              |     -1.0 |
|   13  | joint_deviation_l1      |     -0.5 |
|   14  | joint_deviation_l1_arms |     -0.5 |
|   15  | ankle_torques           |   -0.001 |
|   16  | not_moving              |     -1.0 |
|   17  | torso_upright           |     -1.0 |
|   18  | severely_tilted         |     -5.0 |
|   19  | torso_roll              |     -5.0 |
|   20  | forward_pitch           |    -10.0 |
|   21  | illegal_contacts        |     -2.0 |
|   22  | feet_distance           |     -5.0 |
|   23  | feet_distance_standing  |    -10.0 |
|   24  | ground_unloaded         |     -2.0 |
|   25  | flat_feet               |     -1.0 |
|   26  | feet_slide              |     -1.0 |
|   27  | feet_yaw_mean           |     -2.0 |
|   28  | completely_airborne     |    -50.0 |
|   29  | body_velocity           |     -0.1 |
|   30  | ground_slam             |     -1.0 |
|   31  | torso_slam              |     -5.0 |
+-------+-------------------------+----------+

[INFO] Curriculum Manager:  <CurriculumManager> contains 8 active terms.
+---------------------------------+
|     Active Curriculum Terms     |
+-------+-------------------------+
| Index | Name                    |
+-------+-------------------------+
|   0   | adaptive_lift           |
|   1   | terrain_levels          |
|   2   | polish_action_rate_rate |
|   3   | polish_ground_slam      |
|   4   | polish_torso_slam       |
|   5   | polish_not_moving       |
|   6   | polish_joint_vel_l2     |
|   7   | random_fallen_states    |
+-------+-------------------------+

/workspace/WBC-AGILE-NEWTON/.venv/lib/python3.12/site-packages/isaaclab/source/isaaclab/isaaclab/envs/mdp/events.py:742: UserWarning: In Newton, body com pose always has unit quaternion. Consider using body_com_pos_b instead.Querying this property requires appending a unit quaternion to the position which is expensive.
  self.default_com = self.asset.data.body_com_pose_b.torch.clone()
[INFO]: Completed setting up the environment...
/workspace/WBC-AGILE-NEWTON/.venv/lib/python3.12/site-packages/rsl_rl/utils/utils.py:220: UserWarning: The observation configuration dictionary 'obs_groups' is empty and thus likely not configured. Consider configuring the 'obs_groups' dictionary explicitly
  warnings.warn(
/workspace/WBC-AGILE-NEWTON/.venv/lib/python3.12/site-packages/rsl_rl/utils/utils.py:251: UserWarning: The observation configuration dictionary 'obs_groups' does not contain the 'actor' key. As an observation group with the name 'policy' was found, this is assumed to be the appropriate observation. Consider adding the 'actor' key to the 'obs_groups' dictionary for clarity. This behavior will be removed in a future version.
  warnings.warn(
/workspace/WBC-AGILE-NEWTON/.venv/lib/python3.12/site-packages/rsl_rl/utils/utils.py:243: UserWarning: The observation configuration dictionary 'obs_groups' does not contain the 'critic' key. As an observation group with the name 'critic' was found, this is assumed to be the appropriate observation. Consider adding the 'critic' key to the 'obs_groups' dictionary for clarity. This behavior will be removed in a future version.
  warnings.warn(
--------------------------------------------------------------------------------
Resolved observation sets: 
	 actor :  ['policy']
	 critic :  ['critic']
--------------------------------------------------------------------------------
Actor Model: MLPModel(
  (obs_normalizer): Identity()
  (distribution): GaussianDistribution()
  (mlp): MLP(
    (0): Linear(in_features=470, out_features=256, bias=True)
    (1): ELU(alpha=1.0)
    (2): Linear(in_features=256, out_features=256, bias=True)
    (3): ELU(alpha=1.0)
    (4): Linear(in_features=256, out_features=128, bias=True)
    (5): ELU(alpha=1.0)
    (6): Linear(in_features=128, out_features=29, bias=True)
  )
)
Critic Model: MLPModel(
  (obs_normalizer): Identity()
  (mlp): MLP(
    (0): Linear(in_features=640, out_features=512, bias=True)
    (1): ELU(alpha=1.0)
    (2): Linear(in_features=512, out_features=256, bias=True)
    (3): ELU(alpha=1.0)
    (4): Linear(in_features=256, out_features=128, bias=True)
    (5): ELU(alpha=1.0)
    (6): Linear(in_features=128, out_features=1, bias=True)
  )
)
Storing git diff for 'WBC-AGILE-NEWTON' in: /workspace/WBC-AGILE-NEWTON/logs/rsl_rl/height_tracking_g1/2026-09-02_06-52-54_height_tracking_g1/git/WBC-AGILE-NEWTON.diff
################################################################################
[1m                            Learning iteration 0/30                             [0m 

                               Run name: height_tracking_g1
                            Total steps: 49152 
                       Steps per second: 15088 
                        Collection time: 3.002s 
                          Learning time: 0.255s 
                        Mean value loss: 3.5859
                    Mean surrogate loss: 0.0241
                      Mean entropy loss: 41.0814
                     Mean symmetry loss: 0.0028
                   Mean l2c2_actor loss: 0.0012
                  Mean l2c2_critic loss: 0.0121
                            Mean reward: -24.95
                    Mean episode length: 12.13
                        Mean action std: 1.00
                    Entropy coefficient: 0.002500
        Episode_Reward/joint_torques_l2: -0.0166
        Curriculum/random_fallen_states: 0.0000
            Metrics/height/height_error: 0.0000
        Episode_Reward/base_height_fine: 0.0704
        Episode_Reward/joint_pos_limits: -0.0001
           Curriculum/polish_not_moving: -1.0000
           Episode_Reward/feet_yaw_mean: -0.0042
         Curriculum/polish_joint_vel_l2: -0.0010
    Episode_Reward/joint_tracking_error: -0.0523
  Episode_Reward/feet_distance_standing: -0.0010
           Episode_Reward/torso_upright: 0.0000
             Episode_Reward/action_rate: -0.9241
            Episode_Reward/joint_acc_l2: -0.0025
            Episode_Reward/joint_vel_l2: -0.0180
           Episode_Reward/body_velocity: -0.0332
             Episode_Reward/ground_slam: -0.0337
              Episode_Reward/torso_slam: -0.0244
 Episode_Reward/joint_deviation_l1_arms: -0.0059
              Episode_Reward/torso_roll: -0.0241
           Episode_Reward/torque_limits: -0.0183
        Episode_Reward/joint_vel_limits: -0.0000
     Episode_Reward/completely_airborne: -0.1324
         Episode_Reward/ground_unloaded: -0.0149
           Episode_Reward/forward_pitch: -0.0040
           Episode_Reward/ankle_torques: -0.0058
              Curriculum/terrain_levels: 0.0000
              Episode_Reward/relaxation: -0.0911
      Episode_Reward/joint_deviation_l1: -0.0205
              Episode_Reward/feet_slide: -0.0165
      Episode_Reward/base_height_medium: 0.0503
       Episode_Reward/base_height_rough: 0.0354
           Episode_Reward/feet_distance: -0.0009
              Episode_Reward/not_moving: -0.0201
               Curriculum/adaptive_lift: 1.0000
     Curriculum/polish_action_rate_rate: -0.1500
      Episode_Termination/invalid_state: 0.0000
               Episode_Reward/flat_feet: -0.0237
          Curriculum/polish_ground_slam: -1.0000
           Episode_Termination/time_out: 0.0165
         Episode_Reward/severely_tilted: 0.0000
        Episode_Reward/illegal_contacts: -0.0002
        Episode_Reward/action_rate_rate: -0.3951
           Curriculum/polish_torso_slam: -5.0000
--------------------------------------------------------------------------------
                         Iteration time: 3.26s
                           Time elapsed: 0:00:03
                                    ETA: 0:01:34

################################################################################
[1m                            Learning iteration 1/30                             [0m 

                               Run name: height_tracking_g1
                            Total steps: 98304 
                       Steps per second: 27894 
                        Collection time: 1.613s 
                          Learning time: 0.149s 
                        Mean value loss: 4.2317
                    Mean surrogate loss: 0.0045
                      Mean entropy loss: 41.0374
                     Mean symmetry loss: 0.0019
                   Mean l2c2_actor loss: 0.0012
                  Mean l2c2_critic loss: 0.0155
                            Mean reward: -69.32
                    Mean episode length: 31.96
                        Mean action std: 0.99
                    Entropy coefficient: 0.002500
        Episode_Reward/joint_torques_l2: -0.0500
        Curriculum/random_fallen_states: 0.0000
            Metrics/height/height_error: 0.0000
        Episode_Reward/base_height_fine: 0.1259
        Episode_Reward/joint_pos_limits: -0.0003
           Curriculum/polish_not_moving: -1.0000
           Episode_Reward/feet_yaw_mean: -0.0144
         Curriculum/polish_joint_vel_l2: -0.0010
    Episode_Reward/joint_tracking_error: -0.1551
  Episode_Reward/feet_distance_standing: -0.0101
           Episode_Reward/torso_upright: 0.0000
             Episode_Reward/action_rate: -2.7679
            Episode_Reward/joint_acc_l2: -0.0071
            Episode_Reward/joint_vel_l2: -0.0466
           Episode_Reward/body_velocity: -0.1063
             Episode_Reward/ground_slam: -0.0957
              Episode_Reward/torso_slam: -0.0675
 Episode_Reward/joint_deviation_l1_arms: -0.0169
              Episode_Reward/torso_roll: -0.0777
           Episode_Reward/torque_limits: -0.0554
        Episode_Reward/joint_vel_limits: -0.0000
     Episode_Reward/completely_airborne: -0.2087
         Episode_Reward/ground_unloaded: -0.0316
           Episode_Reward/forward_pitch: -0.0335
           Episode_Reward/ankle_torques: -0.0164
              Curriculum/terrain_levels: 0.0000
              Episode_Reward/relaxation: -0.5134
      Episode_Reward/joint_deviation_l1: -0.0564
              Episode_Reward/feet_slide: -0.0470
      Episode_Reward/base_height_medium: 0.0887
       Episode_Reward/base_height_rough: 0.0721
           Episode_Reward/feet_distance: -0.0075
              Episode_Reward/not_moving: -0.0500
               Curriculum/adaptive_lift: 1.0000
     Curriculum/polish_action_rate_rate: -0.1500
      Episode_Termination/invalid_state: 0.0000
               Episode_Reward/flat_feet: -0.0753
          Curriculum/polish_ground_slam: -1.0000
           Episode_Termination/time_out: 0.0495
         Episode_Reward/severely_tilted: 0.0000
        Episode_Reward/illegal_contacts: -0.0035
        Episode_Reward/action_rate_rate: -1.2282
           Curriculum/polish_torso_slam: -5.0000
--------------------------------------------------------------------------------
                         Iteration time: 1.76s
                           Time elapsed: 0:00:05
                                    ETA: 0:01:10

################################################################################
[1m                            Learning iteration 2/30                             [0m 

                               Run name: height_tracking_g1
                            Total steps: 147456 
                       Steps per second: 28086 
                        Collection time: 1.600s 
                          Learning time: 0.150s 
                        Mean value loss: 4.1540
                    Mean surrogate loss: -0.0117
                      Mean entropy loss: 40.8576
                     Mean symmetry loss: 0.0009
                   Mean l2c2_actor loss: 0.0015
                  Mean l2c2_critic loss: 0.0218
                            Mean reward: -121.71
                    Mean episode length: 54.00
                        Mean action std: 0.99
                    Entropy coefficient: 0.002500
        Episode_Reward/joint_torques_l2: -0.0786
        Curriculum/random_fallen_states: 0.0000
            Metrics/height/height_error: 0.0000
        Episode_Reward/base_height_fine: 0.3240
        Episode_Reward/joint_pos_limits: -0.0006
           Curriculum/polish_not_moving: -1.0000
           Episode_Reward/feet_yaw_mean: -0.0262
         Curriculum/polish_joint_vel_l2: -0.0010
    Episode_Reward/joint_tracking_error: -0.2630
  Episode_Reward/feet_distance_standing: -0.0101
           Episode_Reward/torso_upright: -0.0025
             Episode_Reward/action_rate: -4.6423
            Episode_Reward/joint_acc_l2: -0.0109
            Episode_Reward/joint_vel_l2: -0.0866
           Episode_Reward/body_velocity: -0.2683
             Episode_Reward/ground_slam: -0.2115
              Episode_Reward/torso_slam: -0.2332
 Episode_Reward/joint_deviation_l1_arms: -0.0284
              Episode_Reward/torso_roll: -0.1595
           Episode_Reward/torque_limits: -0.0911
        Episode_Reward/joint_vel_limits: -0.0001
     Episode_Reward/completely_airborne: -0.3879
         Episode_Reward/ground_unloaded: -0.0684
           Episode_Reward/forward_pitch: -0.0901
           Episode_Reward/ankle_torques: -0.0263
              Curriculum/terrain_levels: 0.0000
              Episode_Reward/relaxation: -0.5617
      Episode_Reward/joint_deviation_l1: -0.0859
              Episode_Reward/feet_slide: -0.0811
      Episode_Reward/base_height_medium: 0.2263
       Episode_Reward/base_height_rough: 0.1632
           Episode_Reward/feet_distance: -0.0153
              Episode_Reward/not_moving: -0.1151
               Curriculum/adaptive_lift: 0.9987
     Curriculum/polish_action_rate_rate: -0.1500
      Episode_Termination/invalid_state: 0.0000
               Episode_Reward/flat_feet: -0.1588
          Curriculum/polish_ground_slam: -1.0000
           Episode_Termination/time_out: 0.0857
         Episode_Reward/severely_tilted: -0.0037
        Episode_Reward/illegal_contacts: -0.0161
        Episode_Reward/action_rate_rate: -2.0700
           Curriculum/polish_torso_slam: -5.0000
--------------------------------------------------------------------------------
                         Iteration time: 1.75s
                           Time elapsed: 0:00:06
                                    ETA: 0:01:00

################################################################################
[1m                            Learning iteration 3/30                             [0m 

                               Run name: height_tracking_g1
                            Total steps: 196608 
                       Steps per second: 27876 
                        Collection time: 1.612s 
                          Learning time: 0.151s 
                        Mean value loss: 3.9721
                    Mean surrogate loss: -0.0067
                      Mean entropy loss: 40.7589
                     Mean symmetry loss: 0.0007
                   Mean l2c2_actor loss: 0.0017
                  Mean l2c2_critic loss: 0.0302
                            Mean reward: -175.71
                    Mean episode length: 77.69
                        Mean action std: 0.98
                    Entropy coefficient: 0.002500
        Episode_Reward/joint_torques_l2: -0.1111
        Curriculum/random_fallen_states: 0.0000
            Metrics/height/height_error: 0.0000
        Episode_Reward/base_height_fine: 0.2882
        Episode_Reward/joint_pos_limits: -0.0008
           Curriculum/polish_not_moving: -1.0000
           Episode_Reward/feet_yaw_mean: -0.0412
         Curriculum/polish_joint_vel_l2: -0.0010
    Episode_Reward/joint_tracking_error: -0.3597
  Episode_Reward/feet_distance_standing: -0.0125
           Episode_Reward/torso_upright: -0.0032
             Episode_Reward/action_rate: -6.4284
            Episode_Reward/joint_acc_l2: -0.0171
            Episode_Reward/joint_vel_l2: -0.1173
           Episode_Reward/body_velocity: -0.2926
             Episode_Reward/ground_slam: -0.2842
              Episode_Reward/torso_slam: -0.2446
 Episode_Reward/joint_deviation_l1_arms: -0.0183
              Episode_Reward/torso_roll: -0.2392
           Episode_Reward/torque_limits: -0.1327
        Episode_Reward/joint_vel_limits: -0.0001
     Episode_Reward/completely_airborne: -0.4946
         Episode_Reward/ground_unloaded: -0.1123
           Episode_Reward/forward_pitch: -0.1390
           Episode_Reward/ankle_torques: -0.0344
              Curriculum/terrain_levels: 0.0000
              Episode_Reward/relaxation: -0.7387
      Episode_Reward/joint_deviation_l1: -0.0580
              Episode_Reward/feet_slide: -0.1121
      Episode_Reward/base_height_medium: 0.2038
       Episode_Reward/base_height_rough: 0.1792
           Episode_Reward/feet_distance: -0.0289
              Episode_Reward/not_moving: -0.1279
               Curriculum/adaptive_lift: 0.9964
     Curriculum/polish_action_rate_rate: -0.1500
      Episode_Termination/invalid_state: 0.0000
               Episode_Reward/flat_feet: -0.2802
          Curriculum/polish_ground_slam: -1.0000
           Episode_Termination/time_out: 0.1183
         Episode_Reward/severely_tilted: 0.0000
        Episode_Reward/illegal_contacts: -0.0265
        Episode_Reward/action_rate_rate: -2.8716
           Curriculum/polish_torso_slam: -5.0000
--------------------------------------------------------------------------------
                         Iteration time: 1.76s
                           Time elapsed: 0:00:08
                                    ETA: 0:00:55

################################################################################
[1m                            Learning iteration 4/30                             [0m 

                               Run name: height_tracking_g1
                            Total steps: 245760 
                       Steps per second: 27780 
                        Collection time: 1.619s 
                          Learning time: 0.150s 
                        Mean value loss: 3.8134
                    Mean surrogate loss: -0.0125
                      Mean entropy loss: 40.5849
                     Mean symmetry loss: 0.0006
                   Mean l2c2_actor loss: 0.0022
                  Mean l2c2_critic loss: 0.0338
                            Mean reward: -233.24
                    Mean episode length: 103.57
                        Mean action std: 0.98
                    Entropy coefficient: 0.002500
        Episode_Reward/joint_torques_l2: -0.1485
        Curriculum/random_fallen_states: 0.0000
            Metrics/height/height_error: 0.2448
        Episode_Reward/base_height_fine: 0.4245
        Episode_Reward/joint_pos_limits: -0.0010
           Curriculum/polish_not_moving: -1.0000
           Episode_Reward/feet_yaw_mean: -0.0505
         Curriculum/polish_joint_vel_l2: -0.0010
    Episode_Reward/joint_tracking_error: -0.4540
  Episode_Reward/feet_distance_standing: -0.0151
           Episode_Reward/torso_upright: -0.0034
             Episode_Reward/action_rate: -8.1710
            Episode_Reward/joint_acc_l2: -0.0237
            Episode_Reward/joint_vel_l2: -0.1455
           Episode_Reward/body_velocity: -0.3987
             Episode_Reward/ground_slam: -0.3728
              Episode_Reward/torso_slam: -0.3027
 Episode_Reward/joint_deviation_l1_arms: -0.0260
              Episode_Reward/torso_roll: -0.3038
           Episode_Reward/torque_limits: -0.1595
        Episode_Reward/joint_vel_limits: -0.0001
     Episode_Reward/completely_airborne: -0.7425
         Episode_Reward/ground_unloaded: -0.1369
           Episode_Reward/forward_pitch: -0.2113
           Episode_Reward/ankle_torques: -0.0425
              Curriculum/terrain_levels: 0.0000
              Episode_Reward/relaxation: -0.9913
      Episode_Reward/joint_deviation_l1: -0.0816
              Episode_Reward/feet_slide: -0.1476
      Episode_Reward/base_height_medium: 0.3135
       Episode_Reward/base_height_rough: 0.2631
           Episode_Reward/feet_distance: -0.0390
              Episode_Reward/not_moving: -0.1441
               Curriculum/adaptive_lift: 0.9943
     Curriculum/polish_action_rate_rate: -0.1500
      Episode_Termination/invalid_state: 0.0000
               Episode_Reward/flat_feet: -0.3609
          Curriculum/polish_ground_slam: -1.0000
           Episode_Termination/time_out: 0.1482
         Episode_Reward/severely_tilted: -0.0001
        Episode_Reward/illegal_contacts: -0.0367
        Episode_Reward/action_rate_rate: -3.6492
           Curriculum/polish_torso_slam: -5.0000
--------------------------------------------------------------------------------
                         Iteration time: 1.77s
                           Time elapsed: 0:00:10
                                    ETA: 0:00:51

################################################################################
[1m                            Learning iteration 5/30                             [0m 

                               Run name: height_tracking_g1
                            Total steps: 294912 
                       Steps per second: 27890 
                        Collection time: 1.613s 
                          Learning time: 0.150s 
                        Mean value loss: 3.6913
                    Mean surrogate loss: -0.0090
                      Mean entropy loss: 40.4607
                     Mean symmetry loss: 0.0005
                   Mean l2c2_actor loss: 0.0024
                  Mean l2c2_critic loss: 0.0358
                            Mean reward: -289.73
                    Mean episode length: 130.05
                        Mean action std: 0.97
                    Entropy coefficient: 0.002500
        Episode_Reward/joint_torques_l2: -0.1748
        Curriculum/random_fallen_states: 0.0000
            Metrics/height/height_error: 0.2516
        Episode_Reward/base_height_fine: 0.5779
        Episode_Reward/joint_pos_limits: -0.0012
           Curriculum/polish_not_moving: -1.0000
           Episode_Reward/feet_yaw_mean: -0.0588
         Curriculum/polish_joint_vel_l2: -0.0010
    Episode_Reward/joint_tracking_error: -0.5474
  Episode_Reward/feet_distance_standing: -0.0153
           Episode_Reward/torso_upright: -0.0024
             Episode_Reward/action_rate: -9.9674
            Episode_Reward/joint_acc_l2: -0.0264
            Episode_Reward/joint_vel_l2: -0.1808
           Episode_Reward/body_velocity: -0.4575
             Episode_Reward/ground_slam: -0.4671
              Episode_Reward/torso_slam: -0.3735
 Episode_Reward/joint_deviation_l1_arms: -0.0252
              Episode_Reward/torso_roll: -0.3744
           Episode_Reward/torque_limits: -0.1971
        Episode_Reward/joint_vel_limits: -0.0002
     Episode_Reward/completely_airborne: -0.8743
         Episode_Reward/ground_unloaded: -0.1833
           Episode_Reward/forward_pitch: -0.3232
           Episode_Reward/ankle_torques: -0.0494
              Curriculum/terrain_levels: 0.0000
              Episode_Reward/relaxation: -1.0976
      Episode_Reward/joint_deviation_l1: -0.0731
              Episode_Reward/feet_slide: -0.1829
      Episode_Reward/base_height_medium: 0.3959
       Episode_Reward/base_height_rough: 0.3167
           Episode_Reward/feet_distance: -0.0459
              Episode_Reward/not_moving: -0.2353
               Curriculum/adaptive_lift: 0.9940
     Curriculum/polish_action_rate_rate: -0.1500
      Episode_Termination/invalid_state: 0.0000
               Episode_Reward/flat_feet: -0.4813
          Curriculum/polish_ground_slam: -1.0000
           Episode_Termination/time_out: 0.1861
         Episode_Reward/severely_tilted: -0.0001
        Episode_Reward/illegal_contacts: -0.0545
        Episode_Reward/action_rate_rate: -4.4505
           Curriculum/polish_torso_slam: -5.0000
--------------------------------------------------------------------------------
                         Iteration time: 1.76s
                           Time elapsed: 0:00:12
                                    ETA: 0:00:48

################################################################################
[1m                            Learning iteration 6/30                             [0m 

                               Run name: height_tracking_g1
                            Total steps: 344064 
                       Steps per second: 27875 
                        Collection time: 1.611s 
                          Learning time: 0.152s 
                        Mean value loss: 3.5959
                    Mean surrogate loss: -0.0119
                      Mean entropy loss: 40.2532
                     Mean symmetry loss: 0.0006
                   Mean l2c2_actor loss: 0.0027
                  Mean l2c2_critic loss: 0.0374
                            Mean reward: -332.59
                    Mean episode length: 149.11
                        Mean action std: 0.97
                    Entropy coefficient: 0.002500
        Episode_Reward/joint_torques_l2: -0.2047
        Curriculum/random_fallen_states: 0.0000
            Metrics/height/height_error: 0.2734
        Episode_Reward/base_height_fine: 0.5517
        Episode_Reward/joint_pos_limits: -0.0015
           Curriculum/polish_not_moving: -1.0000
           Episode_Reward/feet_yaw_mean: -0.0723
         Curriculum/polish_joint_vel_l2: -0.0010
    Episode_Reward/joint_tracking_error: -0.6500
  Episode_Reward/feet_distance_standing: -0.0152
           Episode_Reward/torso_upright: -0.0046
             Episode_Reward/action_rate: -11.8032
            Episode_Reward/joint_acc_l2: -0.0314
            Episode_Reward/joint_vel_l2: -0.2149
           Episode_Reward/body_velocity: -0.5279
             Episode_Reward/ground_slam: -0.5549
              Episode_Reward/torso_slam: -0.3355
 Episode_Reward/joint_deviation_l1_arms: -0.0285
              Episode_Reward/torso_roll: -0.4242
           Episode_Reward/torque_limits: -0.2282
        Episode_Reward/joint_vel_limits: -0.0002
     Episode_Reward/completely_airborne: -0.9650
         Episode_Reward/ground_unloaded: -0.2173
           Episode_Reward/forward_pitch: -0.4159
           Episode_Reward/ankle_torques: -0.0513
              Curriculum/terrain_levels: 0.0000
              Episode_Reward/relaxation: -1.2613
      Episode_Reward/joint_deviation_l1: -0.0803
              Episode_Reward/feet_slide: -0.2139
      Episode_Reward/base_height_medium: 0.4276
       Episode_Reward/base_height_rough: 0.3786
           Episode_Reward/feet_distance: -0.0563
              Episode_Reward/not_moving: -0.2119
               Curriculum/adaptive_lift: 0.9940
     Curriculum/polish_action_rate_rate: -0.1500
      Episode_Termination/invalid_state: 0.0000
               Episode_Reward/flat_feet: -0.5901
          Curriculum/polish_ground_slam: -1.0000
           Episode_Termination/time_out: 0.2189
         Episode_Reward/severely_tilted: -0.0042
        Episode_Reward/illegal_contacts: -0.0794
        Episode_Reward/action_rate_rate: -5.2729
           Curriculum/polish_torso_slam: -5.0000
--------------------------------------------------------------------------------
                         Iteration time: 1.76s
                           Time elapsed: 0:00:13
                                    ETA: 0:00:45

################################################################################
[1m                            Learning iteration 7/30                             [0m 

                               Run name: height_tracking_g1
                            Total steps: 393216 
                       Steps per second: 27876 
                        Collection time: 1.613s 
                          Learning time: 0.151s 
                        Mean value loss: 3.5014
                    Mean surrogate loss: -0.0080
                      Mean entropy loss: 40.1258
                     Mean symmetry loss: 0.0005
                   Mean l2c2_actor loss: 0.0028
                  Mean l2c2_critic loss: 0.0400
                            Mean reward: -381.28
                    Mean episode length: 173.81
                        Mean action std: 0.96
                    Entropy coefficient: 0.002500
        Episode_Reward/joint_torques_l2: -0.2320
        Curriculum/random_fallen_states: 0.0000
            Metrics/height/height_error: 0.2812
        Episode_Reward/base_height_fine: 0.7531
        Episode_Reward/joint_pos_limits: -0.0016
           Curriculum/polish_not_moving: -1.0000
           Episode_Reward/feet_yaw_mean: -0.0872
         Curriculum/polish_joint_vel_l2: -0.0010
    Episode_Reward/joint_tracking_error: -0.7399
  Episode_Reward/feet_distance_standing: -0.0163
           Episode_Reward/torso_upright: -0.0023
             Episode_Reward/action_rate: -13.3928
            Episode_Reward/joint_acc_l2: -0.0348
            Episode_Reward/joint_vel_l2: -0.2542
           Episode_Reward/body_velocity: -0.5796
             Episode_Reward/ground_slam: -0.6130
              Episode_Reward/torso_slam: -0.3635
 Episode_Reward/joint_deviation_l1_arms: -0.0263
              Episode_Reward/torso_roll: -0.5067
           Episode_Reward/torque_limits: -0.2606
        Episode_Reward/joint_vel_limits: -0.0003
     Episode_Reward/completely_airborne: -1.1527
         Episode_Reward/ground_unloaded: -0.2532
           Episode_Reward/forward_pitch: -0.3802
           Episode_Reward/ankle_torques: -0.0665
              Curriculum/terrain_levels: 0.0000
              Episode_Reward/relaxation: -1.4719
      Episode_Reward/joint_deviation_l1: -0.0760
              Episode_Reward/feet_slide: -0.2472
      Episode_Reward/base_height_medium: 0.5451
       Episode_Reward/base_height_rough: 0.4438
           Episode_Reward/feet_distance: -0.0603
              Episode_Reward/not_moving: -0.2502
               Curriculum/adaptive_lift: 0.9940
     Curriculum/polish_action_rate_rate: -0.1500
      Episode_Termination/invalid_state: 0.0000
               Episode_Reward/flat_feet: -0.6947
          Curriculum/polish_ground_slam: -1.0000
           Episode_Termination/time_out: 0.2505
         Episode_Reward/severely_tilted: 0.0000
        Episode_Reward/illegal_contacts: -0.0711
        Episode_Reward/action_rate_rate: -5.9869
           Curriculum/polish_torso_slam: -5.0000
--------------------------------------------------------------------------------
                         Iteration time: 1.76s
                           Time elapsed: 0:00:15
                                    ETA: 0:00:42

################################################################################
[1m                            Learning iteration 8/30                             [0m 

                               Run name: height_tracking_g1
                            Total steps: 442368 
                       Steps per second: 27778 
                        Collection time: 1.620s 
                          Learning time: 0.149s 
                        Mean value loss: 3.3536
                    Mean surrogate loss: -0.0116
                      Mean entropy loss: 39.9447
                     Mean symmetry loss: 0.0005
                   Mean l2c2_actor loss: 0.0031
                  Mean l2c2_critic loss: 0.0429
                            Mean reward: -438.03
                    Mean episode length: 197.29
                        Mean action std: 0.96
                    Entropy coefficient: 0.002500
        Episode_Reward/joint_torques_l2: -0.2586
        Curriculum/random_fallen_states: 0.0000
            Metrics/height/height_error: 0.2333
        Episode_Reward/base_height_fine: 0.6813
        Episode_Reward/joint_pos_limits: -0.0017
           Curriculum/polish_not_moving: -1.0000
           Episode_Reward/feet_yaw_mean: -0.0929
         Curriculum/polish_joint_vel_l2: -0.0010
    Episode_Reward/joint_tracking_error: -0.8241
  Episode_Reward/feet_distance_standing: -0.0104
           Episode_Reward/torso_upright: -0.0040
             Episode_Reward/action_rate: -15.1448
            Episode_Reward/joint_acc_l2: -0.0392
            Episode_Reward/joint_vel_l2: -0.2696
           Episode_Reward/body_velocity: -0.5826
             Episode_Reward/ground_slam: -0.6754
              Episode_Reward/torso_slam: -0.4250
 Episode_Reward/joint_deviation_l1_arms: -0.0260
              Episode_Reward/torso_roll: -0.5311
           Episode_Reward/torque_limits: -0.2837
        Episode_Reward/joint_vel_limits: -0.0002
     Episode_Reward/completely_airborne: -1.3388
         Episode_Reward/ground_unloaded: -0.2365
           Episode_Reward/forward_pitch: -0.5111
           Episode_Reward/ankle_torques: -0.0918
              Curriculum/terrain_levels: 0.0000
              Episode_Reward/relaxation: -2.3044
      Episode_Reward/joint_deviation_l1: -0.0789
              Episode_Reward/feet_slide: -0.2813
      Episode_Reward/base_height_medium: 0.4729
       Episode_Reward/base_height_rough: 0.4197
           Episode_Reward/feet_distance: -0.0739
              Episode_Reward/not_moving: -0.2920
               Curriculum/adaptive_lift: 0.9940
     Curriculum/polish_action_rate_rate: -0.1500
      Episode_Termination/invalid_state: 0.0000
               Episode_Reward/flat_feet: -0.8082
          Curriculum/polish_ground_slam: -1.0000
           Episode_Termination/time_out: 0.2834
         Episode_Reward/severely_tilted: -0.0017
        Episode_Reward/illegal_contacts: -0.0855
        Episode_Reward/action_rate_rate: -6.7704
           Curriculum/polish_torso_slam: -5.0000
--------------------------------------------------------------------------------
                         Iteration time: 1.77s
                           Time elapsed: 0:00:17
                                    ETA: 0:00:40

################################################################################
[1m                            Learning iteration 9/30                             [0m 

                               Run name: height_tracking_g1
                            Total steps: 491520 
                       Steps per second: 27858 
                        Collection time: 1.613s 
                          Learning time: 0.151s 
                        Mean value loss: 3.3048
                    Mean surrogate loss: -0.0085
                      Mean entropy loss: 39.8119
                     Mean symmetry loss: 0.0005
                   Mean l2c2_actor loss: 0.0032
                  Mean l2c2_critic loss: 0.0450
                            Mean reward: -495.05
                    Mean episode length: 222.19
                        Mean action std: 0.95
                    Entropy coefficient: 0.002500
        Episode_Reward/joint_torques_l2: -0.3023
        Curriculum/random_fallen_states: 0.0000
            Metrics/height/height_error: nan
        Episode_Reward/base_height_fine: 0.6006
        Episode_Reward/joint_pos_limits: -0.0018
           Curriculum/polish_not_moving: -1.0000
           Episode_Reward/feet_yaw_mean: -0.1032
         Curriculum/polish_joint_vel_l2: -0.0010
    Episode_Reward/joint_tracking_error: -0.9152
  Episode_Reward/feet_distance_standing: -0.0139
           Episode_Reward/torso_upright: -0.0033
             Episode_Reward/action_rate: -16.9567
            Episode_Reward/joint_acc_l2: -0.0489
            Episode_Reward/joint_vel_l2: -0.3023
           Episode_Reward/body_velocity: -0.6069
             Episode_Reward/ground_slam: -0.7552
              Episode_Reward/torso_slam: -0.4665
 Episode_Reward/joint_deviation_l1_arms: -0.0204
              Episode_Reward/torso_roll: -0.6320
           Episode_Reward/torque_limits: -0.3234
        Episode_Reward/joint_vel_limits: -0.0003
     Episode_Reward/completely_airborne: -1.4968
         Episode_Reward/ground_unloaded: -0.2568
           Episode_Reward/forward_pitch: -0.4787
           Episode_Reward/ankle_torques: -0.0811
              Curriculum/terrain_levels: 0.0000
              Episode_Reward/relaxation: -2.8410
      Episode_Reward/joint_deviation_l1: -0.0615
              Episode_Reward/feet_slide: -0.3115
      Episode_Reward/base_height_medium: 0.4771
       Episode_Reward/base_height_rough: 0.4732
           Episode_Reward/feet_distance: -0.0838
              Episode_Reward/not_moving: -0.2528
               Curriculum/adaptive_lift: 0.9940
     Curriculum/polish_action_rate_rate: -0.1500
      Episode_Termination/invalid_state: 0.0000
               Episode_Reward/flat_feet: -0.9477
          Curriculum/polish_ground_slam: -1.0000
           Episode_Termination/time_out: 0.3136
         Episode_Reward/severely_tilted: 0.0000
        Episode_Reward/illegal_contacts: -0.0852
        Episode_Reward/action_rate_rate: -7.5818
           Curriculum/polish_torso_slam: -5.0000
--------------------------------------------------------------------------------
                         Iteration time: 1.76s
                           Time elapsed: 0:00:19
                                    ETA: 0:00:38

################################################################################
[1m                            Learning iteration 10/30                            [0m 

                               Run name: height_tracking_g1
                            Total steps: 540672 
                       Steps per second: 27950 
                        Collection time: 1.608s 
                          Learning time: 0.150s 
                        Mean value loss: 3.0133
                    Mean surrogate loss: -0.0122
                      Mean entropy loss: 39.6123
                     Mean symmetry loss: 0.0005
                   Mean l2c2_actor loss: 0.0034
                  Mean l2c2_critic loss: 0.0486
                            Mean reward: -536.22
                    Mean episode length: 246.87
                        Mean action std: 0.95
                    Entropy coefficient: 0.002500
        Episode_Reward/joint_torques_l2: -0.3189
        Curriculum/random_fallen_states: 0.0000
            Metrics/height/height_error: 0.2614
        Episode_Reward/base_height_fine: 1.0753
        Episode_Reward/joint_pos_limits: -0.0020
           Curriculum/polish_not_moving: -1.0000
           Episode_Reward/feet_yaw_mean: -0.1090
         Curriculum/polish_joint_vel_l2: -0.0010
    Episode_Reward/joint_tracking_error: -1.0075
  Episode_Reward/feet_distance_standing: -0.0121
           Episode_Reward/torso_upright: -0.0024
             Episode_Reward/action_rate: -18.3908
            Episode_Reward/joint_acc_l2: -0.0500
            Episode_Reward/joint_vel_l2: -0.3324
           Episode_Reward/body_velocity: -0.6744
             Episode_Reward/ground_slam: -0.8724
              Episode_Reward/torso_slam: -0.5296
 Episode_Reward/joint_deviation_l1_arms: -0.0201
              Episode_Reward/torso_roll: -0.7314
           Episode_Reward/torque_limits: -0.3583
        Episode_Reward/joint_vel_limits: -0.0003
     Episode_Reward/completely_airborne: -1.6915
         Episode_Reward/ground_unloaded: -0.3288
           Episode_Reward/forward_pitch: -0.5807
           Episode_Reward/ankle_torques: -0.0928
              Curriculum/terrain_levels: 0.0000
              Episode_Reward/relaxation: -2.3401
      Episode_Reward/joint_deviation_l1: -0.0563
              Episode_Reward/feet_slide: -0.3450
      Episode_Reward/base_height_medium: 0.7649
       Episode_Reward/base_height_rough: 0.6230
           Episode_Reward/feet_distance: -0.0864
              Episode_Reward/not_moving: -0.4137
               Curriculum/adaptive_lift: 0.9940
     Curriculum/polish_action_rate_rate: -0.1500
      Episode_Termination/invalid_state: 0.0000
               Episode_Reward/flat_feet: -1.0358
          Curriculum/polish_ground_slam: -1.0000
           Episode_Termination/time_out: 0.3460
         Episode_Reward/severely_tilted: 0.0000
        Episode_Reward/illegal_contacts: -0.1130
        Episode_Reward/action_rate_rate: -8.2143
           Curriculum/polish_torso_slam: -5.0000
--------------------------------------------------------------------------------
                         Iteration time: 1.76s
                           Time elapsed: 0:00:20
                                    ETA: 0:00:36

################################################################################
[1m                            Learning iteration 11/30                            [0m 

                               Run name: height_tracking_g1
                            Total steps: 589824 
                       Steps per second: 27746 
                        Collection time: 1.619s 
                          Learning time: 0.152s 
                        Mean value loss: 2.9570
                    Mean surrogate loss: -0.0087
                      Mean entropy loss: 39.4776
                     Mean symmetry loss: 0.0004
                   Mean l2c2_actor loss: 0.0036
                  Mean l2c2_critic loss: 0.0497
                            Mean reward: -590.38
                    Mean episode length: 270.53
                        Mean action std: 0.94
                    Entropy coefficient: 0.002500
        Episode_Reward/joint_torques_l2: -0.3487
        Curriculum/random_fallen_states: 0.0000
            Metrics/height/height_error: 0.3180
        Episode_Reward/base_height_fine: 0.8198
        Episode_Reward/joint_pos_limits: -0.0023
           Curriculum/polish_not_moving: -1.0000
           Episode_Reward/feet_yaw_mean: -0.1187
         Curriculum/polish_joint_vel_l2: -0.0010
    Episode_Reward/joint_tracking_error: -1.1125
  Episode_Reward/feet_distance_standing: -0.0182
           Episode_Reward/torso_upright: -0.0045
             Episode_Reward/action_rate: -20.0566
            Episode_Reward/joint_acc_l2: -0.0494
            Episode_Reward/joint_vel_l2: -0.3662
           Episode_Reward/body_velocity: -0.7611
             Episode_Reward/ground_slam: -0.9588
              Episode_Reward/torso_slam: -0.5186
 Episode_Reward/joint_deviation_l1_arms: -0.0312
              Episode_Reward/torso_roll: -0.7488
           Episode_Reward/torque_limits: -0.3924
        Episode_Reward/joint_vel_limits: -0.0003
     Episode_Reward/completely_airborne: -1.2975
         Episode_Reward/ground_unloaded: -0.3644
           Episode_Reward/forward_pitch: -1.0686
           Episode_Reward/ankle_torques: -0.0969
              Curriculum/terrain_levels: 0.0000
              Episode_Reward/relaxation: -2.5685
      Episode_Reward/joint_deviation_l1: -0.0926
              Episode_Reward/feet_slide: -0.4171
      Episode_Reward/base_height_medium: 0.6699
       Episode_Reward/base_height_rough: 0.6206
           Episode_Reward/feet_distance: -0.0984
              Episode_Reward/not_moving: -0.2619
               Curriculum/adaptive_lift: 0.9940
     Curriculum/polish_action_rate_rate: -0.1500
      Episode_Termination/invalid_state: 0.0000
               Episode_Reward/flat_feet: -1.1036
          Curriculum/polish_ground_slam: -1.0000
           Episode_Termination/time_out: 0.3792
         Episode_Reward/severely_tilted: 0.0000
        Episode_Reward/illegal_contacts: -0.1661
        Episode_Reward/action_rate_rate: -8.9571
           Curriculum/polish_torso_slam: -5.0000
--------------------------------------------------------------------------------
                         Iteration time: 1.77s
                           Time elapsed: 0:00:22
                                    ETA: 0:00:33

################################################################################
[1m                            Learning iteration 12/30                            [0m 

                               Run name: height_tracking_g1
                            Total steps: 638976 
                       Steps per second: 27824 
                        Collection time: 1.615s 
                          Learning time: 0.151s 
                        Mean value loss: 2.8144
                    Mean surrogate loss: -0.0103
                      Mean entropy loss: 39.2924
                     Mean symmetry loss: 0.0005
                   Mean l2c2_actor loss: 0.0038
                  Mean l2c2_critic loss: 0.0492
                            Mean reward: -637.25
                    Mean episode length: 294.14
                        Mean action std: 0.94
                    Entropy coefficient: 0.002500
        Episode_Reward/joint_torques_l2: -0.4033
        Curriculum/random_fallen_states: 0.0000
            Metrics/height/height_error: 0.2994
        Episode_Reward/base_height_fine: 0.7649
        Episode_Reward/joint_pos_limits: -0.0024
           Curriculum/polish_not_moving: -1.0000
           Episode_Reward/feet_yaw_mean: -0.1358
         Curriculum/polish_joint_vel_l2: -0.0010
    Episode_Reward/joint_tracking_error: -1.1863
  Episode_Reward/feet_distance_standing: -0.0082
           Episode_Reward/torso_upright: -0.0026
             Episode_Reward/action_rate: -21.7967
            Episode_Reward/joint_acc_l2: -0.0677
            Episode_Reward/joint_vel_l2: -0.3870
           Episode_Reward/body_velocity: -0.7823
             Episode_Reward/ground_slam: -1.0193
              Episode_Reward/torso_slam: -0.5802
 Episode_Reward/joint_deviation_l1_arms: -0.0239
              Episode_Reward/torso_roll: -0.7864
           Episode_Reward/torque_limits: -0.4249
        Episode_Reward/joint_vel_limits: -0.0003
     Episode_Reward/completely_airborne: -1.5596
         Episode_Reward/ground_unloaded: -0.3923
           Episode_Reward/forward_pitch: -1.1311
           Episode_Reward/ankle_torques: -0.1019
              Curriculum/terrain_levels: 0.0000
              Episode_Reward/relaxation: -2.8464
      Episode_Reward/joint_deviation_l1: -0.0712
              Episode_Reward/feet_slide: -0.4372
      Episode_Reward/base_height_medium: 0.6241
       Episode_Reward/base_height_rough: 0.6394
           Episode_Reward/feet_distance: -0.1007
              Episode_Reward/not_moving: -0.3015
               Curriculum/adaptive_lift: 0.9940
     Curriculum/polish_action_rate_rate: -0.1500
      Episode_Termination/invalid_state: 0.0000
               Episode_Reward/flat_feet: -1.2360
          Curriculum/polish_ground_slam: -1.0000
           Episode_Termination/time_out: 0.4120
         Episode_Reward/severely_tilted: -0.0008
        Episode_Reward/illegal_contacts: -0.1867
        Episode_Reward/action_rate_rate: -9.7463
           Curriculum/polish_torso_slam: -5.0000
--------------------------------------------------------------------------------
                         Iteration time: 1.77s
                           Time elapsed: 0:00:24
                                    ETA: 0:00:31

################################################################################
[1m                            Learning iteration 13/30                            [0m 

                               Run name: height_tracking_g1
                            Total steps: 688128 
                       Steps per second: 28045 
                        Collection time: 1.601s 
                          Learning time: 0.152s 
                        Mean value loss: 2.7334
                    Mean surrogate loss: -0.0091
                      Mean entropy loss: 39.1507
                     Mean symmetry loss: 0.0005
                   Mean l2c2_actor loss: 0.0039
                  Mean l2c2_critic loss: 0.0522
                            Mean reward: -690.95
                    Mean episode length: 318.35
                        Mean action std: 0.93
                    Entropy coefficient: 0.002500
        Episode_Reward/joint_torques_l2: -0.4077
        Curriculum/random_fallen_states: 0.0000
            Metrics/height/height_error: 0.2947
        Episode_Reward/base_height_fine: 1.0825
        Episode_Reward/joint_pos_limits: -0.0026
           Curriculum/polish_not_moving: -1.0000
           Episode_Reward/feet_yaw_mean: -0.1398
         Curriculum/polish_joint_vel_l2: -0.0010
    Episode_Reward/joint_tracking_error: -1.2531
  Episode_Reward/feet_distance_standing: -0.0133
           Episode_Reward/torso_upright: -0.0042
             Episode_Reward/action_rate: -23.1829
            Episode_Reward/joint_acc_l2: -0.0611
            Episode_Reward/joint_vel_l2: -0.4217
           Episode_Reward/body_velocity: -0.8157
             Episode_Reward/ground_slam: -1.0656
              Episode_Reward/torso_slam: -0.6172
 Episode_Reward/joint_deviation_l1_arms: -0.0291
              Episode_Reward/torso_roll: -0.9285
           Episode_Reward/torque_limits: -0.4398
        Episode_Reward/joint_vel_limits: -0.0004
     Episode_Reward/completely_airborne: -1.8219
         Episode_Reward/ground_unloaded: -0.4020
           Episode_Reward/forward_pitch: -1.0742
           Episode_Reward/ankle_torques: -0.1188
              Curriculum/terrain_levels: 0.0000
              Episode_Reward/relaxation: -3.3196
      Episode_Reward/joint_deviation_l1: -0.0848
              Episode_Reward/feet_slide: -0.4584
      Episode_Reward/base_height_medium: 0.8685
       Episode_Reward/base_height_rough: 0.7778
           Episode_Reward/feet_distance: -0.1151
              Episode_Reward/not_moving: -0.3377
               Curriculum/adaptive_lift: 0.9940
     Curriculum/polish_action_rate_rate: -0.1500
      Episode_Termination/invalid_state: 0.0000
               Episode_Reward/flat_feet: -1.3124
          Curriculum/polish_ground_slam: -1.0000
           Episode_Termination/time_out: 0.4459
         Episode_Reward/severely_tilted: 0.0000
        Episode_Reward/illegal_contacts: -0.1844
        Episode_Reward/action_rate_rate: -10.3400
           Curriculum/polish_torso_slam: -5.0000
--------------------------------------------------------------------------------
                         Iteration time: 1.75s
                           Time elapsed: 0:00:26
                                    ETA: 0:00:29

################################################################################
[1m                            Learning iteration 14/30                            [0m 

                               Run name: height_tracking_g1
                            Total steps: 737280 
                       Steps per second: 27790 
                        Collection time: 1.616s 
                          Learning time: 0.152s 
                        Mean value loss: 2.6462
                    Mean surrogate loss: -0.0120
                      Mean entropy loss: 38.9708
                     Mean symmetry loss: 0.0004
                   Mean l2c2_actor loss: 0.0039
                  Mean l2c2_critic loss: 0.0477
                            Mean reward: -732.41
                    Mean episode length: 341.62
                        Mean action std: 0.92
                    Entropy coefficient: 0.002500
        Episode_Reward/joint_torques_l2: -0.4434
        Curriculum/random_fallen_states: 0.0000
            Metrics/height/height_error: 0.3031
        Episode_Reward/base_height_fine: 1.3490
        Episode_Reward/joint_pos_limits: -0.0027
           Curriculum/polish_not_moving: -1.0000
           Episode_Reward/feet_yaw_mean: -0.1546
         Curriculum/polish_joint_vel_l2: -0.0010
    Episode_Reward/joint_tracking_error: -1.3516
  Episode_Reward/feet_distance_standing: -0.0125
           Episode_Reward/torso_upright: -0.0043
             Episode_Reward/action_rate: -24.8770
            Episode_Reward/joint_acc_l2: -0.0702
            Episode_Reward/joint_vel_l2: -0.4508
           Episode_Reward/body_velocity: -0.8828
             Episode_Reward/ground_slam: -1.1601
              Episode_Reward/torso_slam: -0.6253
 Episode_Reward/joint_deviation_l1_arms: -0.0227
              Episode_Reward/torso_roll: -0.9256
           Episode_Reward/torque_limits: -0.4633
        Episode_Reward/joint_vel_limits: -0.0004
     Episode_Reward/completely_airborne: -2.3271
         Episode_Reward/ground_unloaded: -0.4232
           Episode_Reward/forward_pitch: -1.0296
           Episode_Reward/ankle_torques: -0.1125
              Curriculum/terrain_levels: 0.0000
              Episode_Reward/relaxation: -3.7747
      Episode_Reward/joint_deviation_l1: -0.0703
              Episode_Reward/feet_slide: -0.4896
      Episode_Reward/base_height_medium: 0.9476
       Episode_Reward/base_height_rough: 0.8125
           Episode_Reward/feet_distance: -0.1295
              Episode_Reward/not_moving: -0.6031
               Curriculum/adaptive_lift: 0.9940
     Curriculum/polish_action_rate_rate: -0.1500
      Episode_Termination/invalid_state: 0.0000
               Episode_Reward/flat_feet: -1.4768
          Curriculum/polish_ground_slam: -1.0000
           Episode_Termination/time_out: 0.4768
         Episode_Reward/severely_tilted: 0.0000
        Episode_Reward/illegal_contacts: -0.1745
        Episode_Reward/action_rate_rate: -11.1189
           Curriculum/polish_torso_slam: -5.0000
--------------------------------------------------------------------------------
                         Iteration time: 1.77s
                           Time elapsed: 0:00:27
                                    ETA: 0:00:27

################################################################################
[1m                            Learning iteration 15/30                            [0m 

                               Run name: height_tracking_g1
                            Total steps: 786432 
                       Steps per second: 27812 
                        Collection time: 1.616s 
                          Learning time: 0.151s 
                        Mean value loss: 2.4659
                    Mean surrogate loss: -0.0139
                      Mean entropy loss: 38.7554
                     Mean symmetry loss: 0.0004
                   Mean l2c2_actor loss: 0.0041
                  Mean l2c2_critic loss: 0.0450
                            Mean reward: -767.20
                    Mean episode length: 365.98
                        Mean action std: 0.92
                    Entropy coefficient: 0.002500
        Episode_Reward/joint_torques_l2: -0.4974
        Curriculum/random_fallen_states: 0.0000
            Metrics/height/height_error: 0.4093
        Episode_Reward/base_height_fine: 1.2717
        Episode_Reward/joint_pos_limits: -0.0030
           Curriculum/polish_not_moving: -1.0000
           Episode_Reward/feet_yaw_mean: -0.1667
         Curriculum/polish_joint_vel_l2: -0.0010
    Episode_Reward/joint_tracking_error: -1.4428
  Episode_Reward/feet_distance_standing: -0.0128
           Episode_Reward/torso_upright: -0.0022
             Episode_Reward/action_rate: -26.4701
            Episode_Reward/joint_acc_l2: -0.0835
            Episode_Reward/joint_vel_l2: -0.4600
           Episode_Reward/body_velocity: -0.8937
             Episode_Reward/ground_slam: -1.2038
              Episode_Reward/torso_slam: -0.6823
 Episode_Reward/joint_deviation_l1_arms: -0.0197
              Episode_Reward/torso_roll: -1.0477
           Episode_Reward/torque_limits: -0.5200
        Episode_Reward/joint_vel_limits: -0.0004
     Episode_Reward/completely_airborne: -2.2299
         Episode_Reward/ground_unloaded: -0.5804
           Episode_Reward/forward_pitch: -0.8788
           Episode_Reward/ankle_torques: -0.1330
              Curriculum/terrain_levels: 0.0000
              Episode_Reward/relaxation: -2.6440
      Episode_Reward/joint_deviation_l1: -0.0580
              Episode_Reward/feet_slide: -0.5119
      Episode_Reward/base_height_medium: 0.9453
       Episode_Reward/base_height_rough: 0.8597
           Episode_Reward/feet_distance: -0.1414
              Episode_Reward/not_moving: -0.4767
               Curriculum/adaptive_lift: 0.9940
     Curriculum/polish_action_rate_rate: -0.1500
      Episode_Termination/invalid_state: 0.0000
               Episode_Reward/flat_feet: -1.5684
          Curriculum/polish_ground_slam: -1.0000
           Episode_Termination/time_out: 0.5120
         Episode_Reward/severely_tilted: -0.0003
        Episode_Reward/illegal_contacts: -0.1651
        Episode_Reward/action_rate_rate: -11.8325
           Curriculum/polish_torso_slam: -5.0000
--------------------------------------------------------------------------------
                         Iteration time: 1.77s
                           Time elapsed: 0:00:29
                                    ETA: 0:00:25

################################################################################
[1m                            Learning iteration 16/30                            [0m 

                               Run name: height_tracking_g1
                            Total steps: 835584 
                       Steps per second: 28066 
                        Collection time: 1.600s 
                          Learning time: 0.151s 
                        Mean value loss: 2.4126
                    Mean surrogate loss: -0.0093
                      Mean entropy loss: 38.6036
                     Mean symmetry loss: 0.0004
                   Mean l2c2_actor loss: 0.0041
                  Mean l2c2_critic loss: 0.0499
                            Mean reward: -804.41
                    Mean episode length: 385.71
                        Mean action std: 0.91
                    Entropy coefficient: 0.002500
        Episode_Reward/joint_torques_l2: -0.5126
        Curriculum/random_fallen_states: 0.0000
            Metrics/height/height_error: nan
        Episode_Reward/base_height_fine: 1.3330
        Episode_Reward/joint_pos_limits: -0.0032
           Curriculum/polish_not_moving: -1.0000
           Episode_Reward/feet_yaw_mean: -0.1666
         Curriculum/polish_joint_vel_l2: -0.0010
    Episode_Reward/joint_tracking_error: -1.5240
  Episode_Reward/feet_distance_standing: -0.0121
           Episode_Reward/torso_upright: -0.0037
             Episode_Reward/action_rate: -28.0214
            Episode_Reward/joint_acc_l2: -0.0848
            Episode_Reward/joint_vel_l2: -0.4885
           Episode_Reward/body_velocity: -0.9793
             Episode_Reward/ground_slam: -1.2402
              Episode_Reward/torso_slam: -0.7383
 Episode_Reward/joint_deviation_l1_arms: -0.0244
              Episode_Reward/torso_roll: -1.1677
           Episode_Reward/torque_limits: -0.5469
        Episode_Reward/joint_vel_limits: -0.0003
     Episode_Reward/completely_airborne: -2.4160
         Episode_Reward/ground_unloaded: -0.5486
           Episode_Reward/forward_pitch: -0.8644
           Episode_Reward/ankle_torques: -0.1080
              Curriculum/terrain_levels: 0.0000
              Episode_Reward/relaxation: -3.4832
      Episode_Reward/joint_deviation_l1: -0.0697
              Episode_Reward/feet_slide: -0.5301
      Episode_Reward/base_height_medium: 0.9754
       Episode_Reward/base_height_rough: 0.8781
           Episode_Reward/feet_distance: -0.1484
              Episode_Reward/not_moving: -0.5296
               Curriculum/adaptive_lift: 0.9940
     Curriculum/polish_action_rate_rate: -0.1500
      Episode_Termination/invalid_state: 0.0000
               Episode_Reward/flat_feet: -1.6445
          Curriculum/polish_ground_slam: -1.0000
           Episode_Termination/time_out: 0.5385
         Episode_Reward/severely_tilted: 0.0000
        Episode_Reward/illegal_contacts: -0.1817
        Episode_Reward/action_rate_rate: -12.5175
           Curriculum/polish_torso_slam: -5.0000
--------------------------------------------------------------------------------
                         Iteration time: 1.75s
                           Time elapsed: 0:00:31
                                    ETA: 0:00:24

################################################################################
[1m                            Learning iteration 17/30                            [0m 

                               Run name: height_tracking_g1
                            Total steps: 884736 
                       Steps per second: 27865 
                        Collection time: 1.612s 
                          Learning time: 0.152s 
                        Mean value loss: 2.4458
                    Mean surrogate loss: -0.0130
                      Mean entropy loss: 38.3895
                     Mean symmetry loss: 0.0004
                   Mean l2c2_actor loss: 0.0042
                  Mean l2c2_critic loss: 0.0605
                            Mean reward: -870.50
                    Mean episode length: 413.44
                        Mean action std: 0.91
                    Entropy coefficient: 0.002500
        Episode_Reward/joint_torques_l2: -0.5262
        Curriculum/random_fallen_states: 0.0000
            Metrics/height/height_error: 0.3260
        Episode_Reward/base_height_fine: 1.2795
        Episode_Reward/joint_pos_limits: -0.0033
           Curriculum/polish_not_moving: -1.0000
           Episode_Reward/feet_yaw_mean: -0.1775
         Curriculum/polish_joint_vel_l2: -0.0010
    Episode_Reward/joint_tracking_error: -1.5905
  Episode_Reward/feet_distance_standing: -0.0172
           Episode_Reward/torso_upright: -0.0047
             Episode_Reward/action_rate: -29.4937
            Episode_Reward/joint_acc_l2: -0.0827
            Episode_Reward/joint_vel_l2: -0.5322
           Episode_Reward/body_velocity: -1.0119
             Episode_Reward/ground_slam: -1.3872
              Episode_Reward/torso_slam: -0.7800
 Episode_Reward/joint_deviation_l1_arms: -0.0269
              Episode_Reward/torso_roll: -1.1276
           Episode_Reward/torque_limits: -0.5525
        Episode_Reward/joint_vel_limits: -0.0004
     Episode_Reward/completely_airborne: -2.2135
         Episode_Reward/ground_unloaded: -0.5337
           Episode_Reward/forward_pitch: -1.5869
           Episode_Reward/ankle_torques: -0.1418
              Curriculum/terrain_levels: 0.0000
              Episode_Reward/relaxation: -4.4817
      Episode_Reward/joint_deviation_l1: -0.0785
              Episode_Reward/feet_slide: -0.6138
      Episode_Reward/base_height_medium: 0.9618
       Episode_Reward/base_height_rough: 0.9030
           Episode_Reward/feet_distance: -0.1555
              Episode_Reward/not_moving: -0.5156
               Curriculum/adaptive_lift: 0.9940
     Curriculum/polish_action_rate_rate: -0.1500
      Episode_Termination/invalid_state: 0.0000
               Episode_Reward/flat_feet: -1.7795
          Curriculum/polish_ground_slam: -1.0000
           Episode_Termination/time_out: 0.5648
         Episode_Reward/severely_tilted: -0.0006
        Episode_Reward/illegal_contacts: -0.2710
        Episode_Reward/action_rate_rate: -13.1693
           Curriculum/polish_torso_slam: -5.0000
--------------------------------------------------------------------------------
                         Iteration time: 1.76s
                           Time elapsed: 0:00:33
                                    ETA: 0:00:22

################################################################################
[1m                            Learning iteration 18/30                            [0m 

                               Run name: height_tracking_g1
                            Total steps: 933888 
                       Steps per second: 27902 
                        Collection time: 1.610s 
                          Learning time: 0.151s 
                        Mean value loss: 2.3837
                    Mean surrogate loss: -0.0076
                      Mean entropy loss: 38.2578
                     Mean symmetry loss: 0.0004
                   Mean l2c2_actor loss: 0.0042
                  Mean l2c2_critic loss: 0.0557
                            Mean reward: -876.86
                    Mean episode length: 412.35
                        Mean action std: 0.90
                    Entropy coefficient: 0.002500
        Episode_Reward/joint_torques_l2: -0.4951
        Curriculum/random_fallen_states: 0.0000
            Metrics/height/height_error: 0.3806
        Episode_Reward/base_height_fine: 0.9605
        Episode_Reward/joint_pos_limits: -0.0029
           Curriculum/polish_not_moving: -1.0000
           Episode_Reward/feet_yaw_mean: -0.1585
         Curriculum/polish_joint_vel_l2: -0.0010
    Episode_Reward/joint_tracking_error: -1.4862
  Episode_Reward/feet_distance_standing: -0.0131
           Episode_Reward/torso_upright: -0.0031
             Episode_Reward/action_rate: -27.0891
            Episode_Reward/joint_acc_l2: -0.0838
            Episode_Reward/joint_vel_l2: -0.4793
           Episode_Reward/body_velocity: -0.9490
             Episode_Reward/ground_slam: -1.3041
              Episode_Reward/torso_slam: -0.6777
 Episode_Reward/joint_deviation_l1_arms: -0.0214
              Episode_Reward/torso_roll: -1.0386
           Episode_Reward/torque_limits: -0.5374
        Episode_Reward/joint_vel_limits: -0.0004
     Episode_Reward/completely_airborne: -2.4630
         Episode_Reward/ground_unloaded: -0.4750
           Episode_Reward/forward_pitch: -1.0343
           Episode_Reward/ankle_torques: -0.1410
              Curriculum/terrain_levels: 0.0000
              Episode_Reward/relaxation: -4.1567
      Episode_Reward/joint_deviation_l1: -0.0617
              Episode_Reward/feet_slide: -0.5461
      Episode_Reward/base_height_medium: 0.7345
       Episode_Reward/base_height_rough: 0.7484
           Episode_Reward/feet_distance: -0.1492
              Episode_Reward/not_moving: -0.3405
               Curriculum/adaptive_lift: 0.9940
     Curriculum/polish_action_rate_rate: -0.1500
      Episode_Termination/invalid_state: 0.0004
               Episode_Reward/flat_feet: -1.7024
          Curriculum/polish_ground_slam: -1.0000
           Episode_Termination/time_out: 0.5953
         Episode_Reward/severely_tilted: 0.0000
        Episode_Reward/illegal_contacts: -0.1820
        Episode_Reward/action_rate_rate: -12.0883
           Curriculum/polish_torso_slam: -5.0000
--------------------------------------------------------------------------------
                         Iteration time: 1.76s
                           Time elapsed: 0:00:34
                                    ETA: 0:00:20

################################################################################
[1m                            Learning iteration 19/30                            [0m 

                               Run name: height_tracking_g1
                            Total steps: 983040 
                       Steps per second: 28107 
                        Collection time: 1.595s 
                          Learning time: 0.154s 
                        Mean value loss: 2.1905
                    Mean surrogate loss: -0.0120
                      Mean entropy loss: 38.0584
                     Mean symmetry loss: 0.0004
                   Mean l2c2_actor loss: 0.0044
                  Mean l2c2_critic loss: 0.0513
                            Mean reward: -941.80
                    Mean episode length: 450.13
                        Mean action std: 0.90
                    Entropy coefficient: 0.002500
        Episode_Reward/joint_torques_l2: -0.5978
        Curriculum/random_fallen_states: 0.0000
            Metrics/height/height_error: 0.3108
        Episode_Reward/base_height_fine: 1.9797
        Episode_Reward/joint_pos_limits: -0.0036
           Curriculum/polish_not_moving: -1.0000
           Episode_Reward/feet_yaw_mean: -0.1969
         Curriculum/polish_joint_vel_l2: -0.0010
    Episode_Reward/joint_tracking_error: -1.7723
  Episode_Reward/feet_distance_standing: -0.0139
           Episode_Reward/torso_upright: -0.0034
             Episode_Reward/action_rate: -32.4158
            Episode_Reward/joint_acc_l2: -0.0951
            Episode_Reward/joint_vel_l2: -0.5877
           Episode_Reward/body_velocity: -1.1293
             Episode_Reward/ground_slam: -1.5370
              Episode_Reward/torso_slam: -0.7538
 Episode_Reward/joint_deviation_l1_arms: -0.0303
              Episode_Reward/torso_roll: -1.2438
           Episode_Reward/torque_limits: -0.6202
        Episode_Reward/joint_vel_limits: -0.0005
     Episode_Reward/completely_airborne: -2.6024
         Episode_Reward/ground_unloaded: -0.6291
           Episode_Reward/forward_pitch: -1.7715
           Episode_Reward/ankle_torques: -0.1484
              Curriculum/terrain_levels: 0.0000
              Episode_Reward/relaxation: -4.5620
      Episode_Reward/joint_deviation_l1: -0.0851
              Episode_Reward/feet_slide: -0.6874
      Episode_Reward/base_height_medium: 1.3532
       Episode_Reward/base_height_rough: 1.1330
           Episode_Reward/feet_distance: -0.1854
              Episode_Reward/not_moving: -0.8369
               Curriculum/adaptive_lift: 0.9940
     Curriculum/polish_action_rate_rate: -0.1500
      Episode_Termination/invalid_state: 0.0005
               Episode_Reward/flat_feet: -2.0121
          Curriculum/polish_ground_slam: -1.0000
           Episode_Termination/time_out: 0.6243
         Episode_Reward/severely_tilted: -0.0003
        Episode_Reward/illegal_contacts: -0.2827
        Episode_Reward/action_rate_rate: -14.4525
           Curriculum/polish_torso_slam: -5.0000
--------------------------------------------------------------------------------
                         Iteration time: 1.75s
                           Time elapsed: 0:00:36
                                    ETA: 0:00:18

################################################################################
[1m                            Learning iteration 20/30                            [0m 

                               Run name: height_tracking_g1
                            Total steps: 1032192 
                       Steps per second: 27880 
                        Collection time: 1.611s 
                          Learning time: 0.152s 
                        Mean value loss: 1.9444
                    Mean surrogate loss: -0.0150
                      Mean entropy loss: 37.8463
                     Mean symmetry loss: 0.0004
                   Mean l2c2_actor loss: 0.0045
                  Mean l2c2_critic loss: 0.0490
                            Mean reward: -996.87
                    Mean episode length: 485.31
                        Mean action std: 0.89
                    Entropy coefficient: 0.002500
        Episode_Reward/joint_torques_l2: -0.5847
        Curriculum/random_fallen_states: 0.0000
            Metrics/height/height_error: 0.4247
        Episode_Reward/base_height_fine: 1.4752
        Episode_Reward/joint_pos_limits: -0.0037
           Curriculum/polish_not_moving: -1.0000
           Episode_Reward/feet_yaw_mean: -0.2055
         Curriculum/polish_joint_vel_l2: -0.0010
    Episode_Reward/joint_tracking_error: -1.7954
  Episode_Reward/feet_distance_standing: -0.0113
           Episode_Reward/torso_upright: -0.0009
             Episode_Reward/action_rate: -33.8258
            Episode_Reward/joint_acc_l2: -0.0847
            Episode_Reward/joint_vel_l2: -0.6242
           Episode_Reward/body_velocity: -1.1236
             Episode_Reward/ground_slam: -1.5887
              Episode_Reward/torso_slam: -0.8155
 Episode_Reward/joint_deviation_l1_arms: -0.0147
              Episode_Reward/torso_roll: -1.3231
           Episode_Reward/torque_limits: -0.6035
        Episode_Reward/joint_vel_limits: -0.0005
     Episode_Reward/completely_airborne: -2.9069
         Episode_Reward/ground_unloaded: -0.6691
           Episode_Reward/forward_pitch: -1.5053
           Episode_Reward/ankle_torques: -0.1906
              Curriculum/terrain_levels: 0.0000
              Episode_Reward/relaxation: -4.0691
      Episode_Reward/joint_deviation_l1: -0.0416
              Episode_Reward/feet_slide: -0.6961
      Episode_Reward/base_height_medium: 1.1263
       Episode_Reward/base_height_rough: 1.0705
           Episode_Reward/feet_distance: -0.1813
              Episode_Reward/not_moving: -0.5142
               Curriculum/adaptive_lift: 0.9940
     Curriculum/polish_action_rate_rate: -0.1500
      Episode_Termination/invalid_state: 0.0005
               Episode_Reward/flat_feet: -2.1572
          Curriculum/polish_ground_slam: -1.0000
           Episode_Termination/time_out: 0.6544
         Episode_Reward/severely_tilted: -0.0005
        Episode_Reward/illegal_contacts: -0.2615
        Episode_Reward/action_rate_rate: -15.0910
           Curriculum/polish_torso_slam: -5.0000
--------------------------------------------------------------------------------
                         Iteration time: 1.76s
                           Time elapsed: 0:00:38
                                    ETA: 0:00:16

################################################################################
[1m                            Learning iteration 21/30                            [0m 

                               Run name: height_tracking_g1
                            Total steps: 1081344 
                       Steps per second: 27982 
                        Collection time: 1.604s 
                          Learning time: 0.152s 
                        Mean value loss: 1.8102
                    Mean surrogate loss: -0.0119
                      Mean entropy loss: 37.6882
                     Mean symmetry loss: 0.0004
                   Mean l2c2_actor loss: 0.0046
                  Mean l2c2_critic loss: 0.0394
                            Mean reward: -1038.42
                    Mean episode length: 508.69
                        Mean action std: 0.89
                    Entropy coefficient: 0.002500
        Episode_Reward/joint_torques_l2: -0.6181
        Curriculum/random_fallen_states: 0.0000
            Metrics/height/height_error: 0.4384
        Episode_Reward/base_height_fine: 1.6767
        Episode_Reward/joint_pos_limits: -0.0042
           Curriculum/polish_not_moving: -1.0000
           Episode_Reward/feet_yaw_mean: -0.2140
         Curriculum/polish_joint_vel_l2: -0.0010
    Episode_Reward/joint_tracking_error: -1.8954
  Episode_Reward/feet_distance_standing: -0.0153
           Episode_Reward/torso_upright: -0.0029
             Episode_Reward/action_rate: -35.4095
            Episode_Reward/joint_acc_l2: -0.0924
            Episode_Reward/joint_vel_l2: -0.6479
           Episode_Reward/body_velocity: -1.2374
             Episode_Reward/ground_slam: -1.6544
              Episode_Reward/torso_slam: -0.9614
 Episode_Reward/joint_deviation_l1_arms: -0.0240
              Episode_Reward/torso_roll: -1.3995
           Episode_Reward/torque_limits: -0.6619
        Episode_Reward/joint_vel_limits: -0.0005
     Episode_Reward/completely_airborne: -3.3763
         Episode_Reward/ground_unloaded: -0.7607
           Episode_Reward/forward_pitch: -1.0918
           Episode_Reward/ankle_torques: -0.1400
              Curriculum/terrain_levels: 0.0000
              Episode_Reward/relaxation: -3.6892
      Episode_Reward/joint_deviation_l1: -0.0719
              Episode_Reward/feet_slide: -0.7022
      Episode_Reward/base_height_medium: 1.2823
       Episode_Reward/base_height_rough: 1.1859
           Episode_Reward/feet_distance: -0.1982
              Episode_Reward/not_moving: -0.6084
               Curriculum/adaptive_lift: 0.9940
     Curriculum/polish_action_rate_rate: -0.1500
      Episode_Termination/invalid_state: 0.0005
               Episode_Reward/flat_feet: -2.2507
          Curriculum/polish_ground_slam: -1.0000
           Episode_Termination/time_out: 0.6866
         Episode_Reward/severely_tilted: -0.0006
        Episode_Reward/illegal_contacts: -0.2017
        Episode_Reward/action_rate_rate: -15.8105
           Curriculum/polish_torso_slam: -5.0000
--------------------------------------------------------------------------------
                         Iteration time: 1.76s
                           Time elapsed: 0:00:40
                                    ETA: 0:00:14

################################################################################
[1m                            Learning iteration 22/30                            [0m 

                               Run name: height_tracking_g1
                            Total steps: 1130496 
                       Steps per second: 27878 
                        Collection time: 1.613s 
                          Learning time: 0.150s 
                        Mean value loss: 1.6159
                    Mean surrogate loss: -0.0136
                      Mean entropy loss: 37.4586
                     Mean symmetry loss: 0.0004
                   Mean l2c2_actor loss: 0.0047
                  Mean l2c2_critic loss: 0.0252
                            Mean reward: -1091.81
                    Mean episode length: 535.48
                        Mean action std: 0.88
                    Entropy coefficient: 0.002500
        Episode_Reward/joint_torques_l2: -0.6776
        Curriculum/random_fallen_states: 0.0000
            Metrics/height/height_error: 0.3541
        Episode_Reward/base_height_fine: 1.9140
        Episode_Reward/joint_pos_limits: -0.0041
           Curriculum/polish_not_moving: -1.0000
           Episode_Reward/feet_yaw_mean: -0.2201
         Curriculum/polish_joint_vel_l2: -0.0010
    Episode_Reward/joint_tracking_error: -1.9809
  Episode_Reward/feet_distance_standing: -0.0118
           Episode_Reward/torso_upright: -0.0020
             Episode_Reward/action_rate: -36.8296
            Episode_Reward/joint_acc_l2: -0.1114
            Episode_Reward/joint_vel_l2: -0.6517
           Episode_Reward/body_velocity: -1.1812
             Episode_Reward/ground_slam: -1.6937
              Episode_Reward/torso_slam: -0.8124
 Episode_Reward/joint_deviation_l1_arms: -0.0178
              Episode_Reward/torso_roll: -1.4731
           Episode_Reward/torque_limits: -0.7052
        Episode_Reward/joint_vel_limits: -0.0005
     Episode_Reward/completely_airborne: -3.2153
         Episode_Reward/ground_unloaded: -0.7157
           Episode_Reward/forward_pitch: -1.6738
           Episode_Reward/ankle_torques: -0.1956
              Curriculum/terrain_levels: 0.0000
              Episode_Reward/relaxation: -4.8693
      Episode_Reward/joint_deviation_l1: -0.0547
              Episode_Reward/feet_slide: -0.7509
      Episode_Reward/base_height_medium: 1.3870
       Episode_Reward/base_height_rough: 1.2355
           Episode_Reward/feet_distance: -0.1958
              Episode_Reward/not_moving: -0.7504
               Curriculum/adaptive_lift: 0.9940
     Curriculum/polish_action_rate_rate: -0.1500
      Episode_Termination/invalid_state: 0.0005
               Episode_Reward/flat_feet: -2.3793
          Curriculum/polish_ground_slam: -1.0000
           Episode_Termination/time_out: 0.7168
         Episode_Reward/severely_tilted: 0.0000
        Episode_Reward/illegal_contacts: -0.2982
        Episode_Reward/action_rate_rate: -16.4353
           Curriculum/polish_torso_slam: -5.0000
--------------------------------------------------------------------------------
                         Iteration time: 1.76s
                           Time elapsed: 0:00:42
                                    ETA: 0:00:12

################################################################################
[1m                            Learning iteration 23/30                            [0m 

                               Run name: height_tracking_g1
                            Total steps: 1179648 
                       Steps per second: 27782 
                        Collection time: 1.619s 
                          Learning time: 0.151s 
                        Mean value loss: 1.6056
                    Mean surrogate loss: -0.0134
                      Mean entropy loss: 37.2841
                     Mean symmetry loss: 0.0004
                   Mean l2c2_actor loss: 0.0047
                  Mean l2c2_critic loss: 0.0194
                            Mean reward: -1135.89
                    Mean episode length: 560.04
                        Mean action std: 0.87
                    Entropy coefficient: 0.002500
        Episode_Reward/joint_torques_l2: -0.6643
        Curriculum/random_fallen_states: 0.0000
            Metrics/height/height_error: 0.3984
        Episode_Reward/base_height_fine: 1.6287
        Episode_Reward/joint_pos_limits: -0.0043
           Curriculum/polish_not_moving: -1.0000
           Episode_Reward/feet_yaw_mean: -0.2284
         Curriculum/polish_joint_vel_l2: -0.0010
    Episode_Reward/joint_tracking_error: -2.0739
  Episode_Reward/feet_distance_standing: -0.0164
           Episode_Reward/torso_upright: -0.0036
             Episode_Reward/action_rate: -38.0892
            Episode_Reward/joint_acc_l2: -0.0992
            Episode_Reward/joint_vel_l2: -0.6904
           Episode_Reward/body_velocity: -1.3129
             Episode_Reward/ground_slam: -1.7796
              Episode_Reward/torso_slam: -0.9358
 Episode_Reward/joint_deviation_l1_arms: -0.0245
              Episode_Reward/torso_roll: -1.5656
           Episode_Reward/torque_limits: -0.7373
        Episode_Reward/joint_vel_limits: -0.0005
     Episode_Reward/completely_airborne: -3.3292
         Episode_Reward/ground_unloaded: -0.7325
           Episode_Reward/forward_pitch: -1.5788
           Episode_Reward/ankle_torques: -0.1548
              Curriculum/terrain_levels: 0.0000
              Episode_Reward/relaxation: -5.3102
      Episode_Reward/joint_deviation_l1: -0.0741
              Episode_Reward/feet_slide: -0.7780
      Episode_Reward/base_height_medium: 1.2454
       Episode_Reward/base_height_rough: 1.2160
           Episode_Reward/feet_distance: -0.2003
              Episode_Reward/not_moving: -0.5989
               Curriculum/adaptive_lift: 0.9940
     Curriculum/polish_action_rate_rate: -0.1500
      Episode_Termination/invalid_state: 0.0005
               Episode_Reward/flat_feet: -2.4458
          Curriculum/polish_ground_slam: -1.0000
           Episode_Termination/time_out: 0.7539
         Episode_Reward/severely_tilted: 0.0000
        Episode_Reward/illegal_contacts: -0.2884
        Episode_Reward/action_rate_rate: -16.9829
           Curriculum/polish_torso_slam: -5.0000
--------------------------------------------------------------------------------
                         Iteration time: 1.77s
                           Time elapsed: 0:00:43
                                    ETA: 0:00:10

################################################################################
[1m                            Learning iteration 24/30                            [0m 

                               Run name: height_tracking_g1
                            Total steps: 1228800 
                       Steps per second: 27876 
                        Collection time: 1.611s 
                          Learning time: 0.152s 
                        Mean value loss: 1.4848
                    Mean surrogate loss: -0.0142
                      Mean entropy loss: 37.0523
                     Mean symmetry loss: 0.0004
                   Mean l2c2_actor loss: 0.0049
                  Mean l2c2_critic loss: 0.0169
                            Mean reward: -1168.06
                    Mean episode length: 580.21
                        Mean action std: 0.87
                    Entropy coefficient: 0.002500
        Episode_Reward/joint_torques_l2: -0.7046
        Curriculum/random_fallen_states: 0.0000
            Metrics/height/height_error: 0.4335
        Episode_Reward/base_height_fine: 1.8991
        Episode_Reward/joint_pos_limits: -0.0044
           Curriculum/polish_not_moving: -1.0000
           Episode_Reward/feet_yaw_mean: -0.2413
         Curriculum/polish_joint_vel_l2: -0.0010
    Episode_Reward/joint_tracking_error: -2.1054
  Episode_Reward/feet_distance_standing: -0.0082
           Episode_Reward/torso_upright: -0.0032
             Episode_Reward/action_rate: -39.3907
            Episode_Reward/joint_acc_l2: -0.1076
            Episode_Reward/joint_vel_l2: -0.7219
           Episode_Reward/body_velocity: -1.2959
             Episode_Reward/ground_slam: -1.8646
              Episode_Reward/torso_slam: -0.9629
 Episode_Reward/joint_deviation_l1_arms: -0.0197
              Episode_Reward/torso_roll: -1.6203
           Episode_Reward/torque_limits: -0.7453
        Episode_Reward/joint_vel_limits: -0.0006
     Episode_Reward/completely_airborne: -3.4784
         Episode_Reward/ground_unloaded: -0.8023
           Episode_Reward/forward_pitch: -1.6574
           Episode_Reward/ankle_torques: -0.1692
              Curriculum/terrain_levels: 0.0000
              Episode_Reward/relaxation: -5.1704
      Episode_Reward/joint_deviation_l1: -0.0584
              Episode_Reward/feet_slide: -0.8196
      Episode_Reward/base_height_medium: 1.4093
       Episode_Reward/base_height_rough: 1.3015
           Episode_Reward/feet_distance: -0.2127
              Episode_Reward/not_moving: -0.7080
               Curriculum/adaptive_lift: 0.9940
     Curriculum/polish_action_rate_rate: -0.1500
      Episode_Termination/invalid_state: 0.0005
               Episode_Reward/flat_feet: -2.5600
          Curriculum/polish_ground_slam: -1.0000
           Episode_Termination/time_out: 0.7855
         Episode_Reward/severely_tilted: 0.0000
        Episode_Reward/illegal_contacts: -0.2998
        Episode_Reward/action_rate_rate: -17.5456
           Curriculum/polish_torso_slam: -5.0000
--------------------------------------------------------------------------------
                         Iteration time: 1.76s
                           Time elapsed: 0:00:45
                                    ETA: 0:00:09

################################################################################
[1m                            Learning iteration 25/30                            [0m 

                               Run name: height_tracking_g1
                            Total steps: 1277952 
                       Steps per second: 28010 
                        Collection time: 1.606s 
                          Learning time: 0.149s 
                        Mean value loss: 1.4068
                    Mean surrogate loss: -0.0143
                      Mean entropy loss: 36.8497
                     Mean symmetry loss: 0.0004
                   Mean l2c2_actor loss: 0.0049
                  Mean l2c2_critic loss: 0.0151
                            Mean reward: -1233.78
                    Mean episode length: 607.00
                        Mean action std: 0.86
                    Entropy coefficient: 0.002500
        Episode_Reward/joint_torques_l2: -0.7356
        Curriculum/random_fallen_states: 0.0000
            Metrics/height/height_error: 0.4421
        Episode_Reward/base_height_fine: 1.4307
        Episode_Reward/joint_pos_limits: -0.0046
           Curriculum/polish_not_moving: -1.0000
           Episode_Reward/feet_yaw_mean: -0.2584
         Curriculum/polish_joint_vel_l2: -0.0010
    Episode_Reward/joint_tracking_error: -2.1858
  Episode_Reward/feet_distance_standing: -0.0185
           Episode_Reward/torso_upright: -0.0050
             Episode_Reward/action_rate: -40.7154
            Episode_Reward/joint_acc_l2: -0.1137
            Episode_Reward/joint_vel_l2: -0.7442
           Episode_Reward/body_velocity: -1.3864
             Episode_Reward/ground_slam: -1.9130
              Episode_Reward/torso_slam: -1.0296
 Episode_Reward/joint_deviation_l1_arms: -0.0312
              Episode_Reward/torso_roll: -1.7016
           Episode_Reward/torque_limits: -0.8019
        Episode_Reward/joint_vel_limits: -0.0006
     Episode_Reward/completely_airborne: -3.5895
         Episode_Reward/ground_unloaded: -0.7563
           Episode_Reward/forward_pitch: -1.7607
           Episode_Reward/ankle_torques: -0.2060
              Curriculum/terrain_levels: 0.0000
              Episode_Reward/relaxation: -6.3592
      Episode_Reward/joint_deviation_l1: -0.0937
              Episode_Reward/feet_slide: -0.8541
      Episode_Reward/base_height_medium: 1.1472
       Episode_Reward/base_height_rough: 1.2003
           Episode_Reward/feet_distance: -0.2347
              Episode_Reward/not_moving: -0.4657
               Curriculum/adaptive_lift: 0.9940
     Curriculum/polish_action_rate_rate: -0.1500
      Episode_Termination/invalid_state: 0.0005
               Episode_Reward/flat_feet: -2.6228
          Curriculum/polish_ground_slam: -1.0000
           Episode_Termination/time_out: 0.8156
         Episode_Reward/severely_tilted: -0.0007
        Episode_Reward/illegal_contacts: -0.3145
        Episode_Reward/action_rate_rate: -18.1429
           Curriculum/polish_torso_slam: -5.0000
--------------------------------------------------------------------------------
                         Iteration time: 1.75s
                           Time elapsed: 0:00:47
                                    ETA: 0:00:07

################################################################################
[1m                            Learning iteration 26/30                            [0m 

                               Run name: height_tracking_g1
                            Total steps: 1327104 
                       Steps per second: 28234 
                        Collection time: 1.592s 
                          Learning time: 0.149s 
                        Mean value loss: 1.2644
                    Mean surrogate loss: -0.0142
                      Mean entropy loss: 36.6445
                     Mean symmetry loss: 0.0004
                   Mean l2c2_actor loss: 0.0050
                  Mean l2c2_critic loss: 0.0140
                            Mean reward: -1270.59
                    Mean episode length: 628.17
                        Mean action std: 0.85
                    Entropy coefficient: 0.002500
        Episode_Reward/joint_torques_l2: -0.7374
        Curriculum/random_fallen_states: 0.0000
            Metrics/height/height_error: 0.4136
        Episode_Reward/base_height_fine: 1.6901
        Episode_Reward/joint_pos_limits: -0.0047
           Curriculum/polish_not_moving: -1.0000
           Episode_Reward/feet_yaw_mean: -0.2549
         Curriculum/polish_joint_vel_l2: -0.0010
    Episode_Reward/joint_tracking_error: -2.2397
  Episode_Reward/feet_distance_standing: -0.0132
           Episode_Reward/torso_upright: -0.0023
             Episode_Reward/action_rate: -42.1618
            Episode_Reward/joint_acc_l2: -0.1063
            Episode_Reward/joint_vel_l2: -0.7539
           Episode_Reward/body_velocity: -1.3365
             Episode_Reward/ground_slam: -2.0026
              Episode_Reward/torso_slam: -1.0762
 Episode_Reward/joint_deviation_l1_arms: -0.0228
              Episode_Reward/torso_roll: -1.7612
           Episode_Reward/torque_limits: -0.7513
        Episode_Reward/joint_vel_limits: -0.0005
     Episode_Reward/completely_airborne: -3.2846
         Episode_Reward/ground_unloaded: -0.8578
           Episode_Reward/forward_pitch: -2.2712
           Episode_Reward/ankle_torques: -0.1840
              Curriculum/terrain_levels: 0.0000
              Episode_Reward/relaxation: -5.6011
      Episode_Reward/joint_deviation_l1: -0.0691
              Episode_Reward/feet_slide: -0.9087
      Episode_Reward/base_height_medium: 1.2421
       Episode_Reward/base_height_rough: 1.2418
           Episode_Reward/feet_distance: -0.2192
              Episode_Reward/not_moving: -0.6945
               Curriculum/adaptive_lift: 0.9940
     Curriculum/polish_action_rate_rate: -0.1500
      Episode_Termination/invalid_state: 0.0005
               Episode_Reward/flat_feet: -2.7913
          Curriculum/polish_ground_slam: -1.0000
           Episode_Termination/time_out: 0.8453
         Episode_Reward/severely_tilted: 0.0000
        Episode_Reward/illegal_contacts: -0.3881
        Episode_Reward/action_rate_rate: -18.7830
           Curriculum/polish_torso_slam: -5.0000
--------------------------------------------------------------------------------
                         Iteration time: 1.74s
                           Time elapsed: 0:00:49
                                    ETA: 0:00:05

################################################################################
[1m                            Learning iteration 27/30                            [0m 

                               Run name: height_tracking_g1
                            Total steps: 1376256 
                       Steps per second: 27817 
                        Collection time: 1.616s 
                          Learning time: 0.151s 
                        Mean value loss: 1.1971
                    Mean surrogate loss: -0.0154
                      Mean entropy loss: 36.4089
                     Mean symmetry loss: 0.0004
                   Mean l2c2_actor loss: 0.0053
                  Mean l2c2_critic loss: 0.0102
                            Mean reward: -1310.53
                    Mean episode length: 658.27
                        Mean action std: 0.85
                    Entropy coefficient: 0.002500
        Episode_Reward/joint_torques_l2: -0.8080
        Curriculum/random_fallen_states: 0.0000
            Metrics/height/height_error: 0.4405
        Episode_Reward/base_height_fine: 2.0211
        Episode_Reward/joint_pos_limits: -0.0049
           Curriculum/polish_not_moving: -1.0000
           Episode_Reward/feet_yaw_mean: -0.2567
         Curriculum/polish_joint_vel_l2: -0.0010
    Episode_Reward/joint_tracking_error: -2.3603
  Episode_Reward/feet_distance_standing: -0.0118
           Episode_Reward/torso_upright: -0.0042
             Episode_Reward/action_rate: -43.4774
            Episode_Reward/joint_acc_l2: -0.1305
            Episode_Reward/joint_vel_l2: -0.7808
           Episode_Reward/body_velocity: -1.4748
             Episode_Reward/ground_slam: -2.0331
              Episode_Reward/torso_slam: -1.1536
 Episode_Reward/joint_deviation_l1_arms: -0.0305
              Episode_Reward/torso_roll: -1.7931
           Episode_Reward/torque_limits: -0.8564
        Episode_Reward/joint_vel_limits: -0.0005
     Episode_Reward/completely_airborne: -4.0127
         Episode_Reward/ground_unloaded: -0.8713
           Episode_Reward/forward_pitch: -1.6824
           Episode_Reward/ankle_torques: -0.1869
              Curriculum/terrain_levels: 0.0000
              Episode_Reward/relaxation: -6.0796
      Episode_Reward/joint_deviation_l1: -0.0895
              Episode_Reward/feet_slide: -0.8918
      Episode_Reward/base_height_medium: 1.4840
       Episode_Reward/base_height_rough: 1.4081
           Episode_Reward/feet_distance: -0.2183
              Episode_Reward/not_moving: -0.7883
               Curriculum/adaptive_lift: 0.9940
     Curriculum/polish_action_rate_rate: -0.1500
      Episode_Termination/invalid_state: 0.0005
               Episode_Reward/flat_feet: -2.8918
          Curriculum/polish_ground_slam: -1.0000
           Episode_Termination/time_out: 0.8819
         Episode_Reward/severely_tilted: 0.0000
        Episode_Reward/illegal_contacts: -0.3070
        Episode_Reward/action_rate_rate: -19.3688
           Curriculum/polish_torso_slam: -5.0000
--------------------------------------------------------------------------------
                         Iteration time: 1.77s
                           Time elapsed: 0:00:50
                                    ETA: 0:00:03

################################################################################
[1m                            Learning iteration 28/30                            [0m 

                               Run name: height_tracking_g1
                            Total steps: 1425408 
                       Steps per second: 28248 
                        Collection time: 1.589s 
                          Learning time: 0.151s 
                        Mean value loss: 1.1758
                    Mean surrogate loss: -0.0126
                      Mean entropy loss: 36.2645
                     Mean symmetry loss: 0.0004
                   Mean l2c2_actor loss: 0.0055
                  Mean l2c2_critic loss: 0.0104
                            Mean reward: -1331.01
                    Mean episode length: 674.39
                        Mean action std: 0.84
                    Entropy coefficient: 0.002500
        Episode_Reward/joint_torques_l2: -0.8402
        Curriculum/random_fallen_states: 0.0000
            Metrics/height/height_error: 0.3904
        Episode_Reward/base_height_fine: 2.4742
        Episode_Reward/joint_pos_limits: -0.0052
           Curriculum/polish_not_moving: -1.0000
           Episode_Reward/feet_yaw_mean: -0.2710
         Curriculum/polish_joint_vel_l2: -0.0010
    Episode_Reward/joint_tracking_error: -2.4505
  Episode_Reward/feet_distance_standing: -0.0074
           Episode_Reward/torso_upright: -0.0056
             Episode_Reward/action_rate: -44.7818
            Episode_Reward/joint_acc_l2: -0.1325
            Episode_Reward/joint_vel_l2: -0.7927
           Episode_Reward/body_velocity: -1.4768
             Episode_Reward/ground_slam: -2.0364
              Episode_Reward/torso_slam: -1.0755
 Episode_Reward/joint_deviation_l1_arms: -0.0329
              Episode_Reward/torso_roll: -1.9633
           Episode_Reward/torque_limits: -0.8675
        Episode_Reward/joint_vel_limits: -0.0005
     Episode_Reward/completely_airborne: -3.5854
         Episode_Reward/ground_unloaded: -1.0071
           Episode_Reward/forward_pitch: -2.2308
           Episode_Reward/ankle_torques: -0.2195
              Curriculum/terrain_levels: 0.0000
              Episode_Reward/relaxation: -5.0792
      Episode_Reward/joint_deviation_l1: -0.0953
              Episode_Reward/feet_slide: -0.9396
      Episode_Reward/base_height_medium: 1.8012
       Episode_Reward/base_height_rough: 1.5720
           Episode_Reward/feet_distance: -0.2394
              Episode_Reward/not_moving: -0.9359
               Curriculum/adaptive_lift: 0.9940
     Curriculum/polish_action_rate_rate: -0.1500
      Episode_Termination/invalid_state: 0.0005
               Episode_Reward/flat_feet: -2.9181
          Curriculum/polish_ground_slam: -1.0000
           Episode_Termination/time_out: 0.9134
         Episode_Reward/severely_tilted: -0.0002
        Episode_Reward/illegal_contacts: -0.3930
        Episode_Reward/action_rate_rate: -19.9235
           Curriculum/polish_torso_slam: -5.0000
--------------------------------------------------------------------------------
                         Iteration time: 1.74s
                           Time elapsed: 0:00:52
                                    ETA: 0:00:01

################################################################################
[1m                            Learning iteration 29/30                            [0m 

                               Run name: height_tracking_g1
                            Total steps: 1474560 
                       Steps per second: 27902 
                        Collection time: 1.613s 
                          Learning time: 0.149s 
                        Mean value loss: 1.1086
                    Mean surrogate loss: -0.0122
                      Mean entropy loss: 36.0846
                     Mean symmetry loss: 0.0004
                   Mean l2c2_actor loss: 0.0055
                  Mean l2c2_critic loss: 0.0093
                            Mean reward: -1385.86
                    Mean episode length: 705.18
                        Mean action std: 0.84
                    Entropy coefficient: 0.002500
        Episode_Reward/joint_torques_l2: -0.8233
        Curriculum/random_fallen_states: 0.0000
            Metrics/height/height_error: 0.4171
        Episode_Reward/base_height_fine: 2.0921
        Episode_Reward/joint_pos_limits: -0.0052
           Curriculum/polish_not_moving: -1.0000
           Episode_Reward/feet_yaw_mean: -0.2780
         Curriculum/polish_joint_vel_l2: -0.0010
    Episode_Reward/joint_tracking_error: -2.4687
  Episode_Reward/feet_distance_standing: -0.0073
           Episode_Reward/torso_upright: -0.0061
             Episode_Reward/action_rate: -45.8577
            Episode_Reward/joint_acc_l2: -0.1276
            Episode_Reward/joint_vel_l2: -0.8374
           Episode_Reward/body_velocity: -1.5331
             Episode_Reward/ground_slam: -2.1247
              Episode_Reward/torso_slam: -1.1815
 Episode_Reward/joint_deviation_l1_arms: -0.0312
              Episode_Reward/torso_roll: -1.9149
           Episode_Reward/torque_limits: -0.8869
        Episode_Reward/joint_vel_limits: -0.0006
     Episode_Reward/completely_airborne: -4.4776
         Episode_Reward/ground_unloaded: -0.8802
           Episode_Reward/forward_pitch: -1.8996
           Episode_Reward/ankle_torques: -0.2205
              Curriculum/terrain_levels: 0.0000
              Episode_Reward/relaxation: -6.9208
      Episode_Reward/joint_deviation_l1: -0.0907
              Episode_Reward/feet_slide: -0.9537
      Episode_Reward/base_height_medium: 1.6162
       Episode_Reward/base_height_rough: 1.5261
           Episode_Reward/feet_distance: -0.2619
              Episode_Reward/not_moving: -0.7225
               Curriculum/adaptive_lift: 0.9940
     Curriculum/polish_action_rate_rate: -0.1500
      Episode_Termination/invalid_state: 0.0005
               Episode_Reward/flat_feet: -3.1365
          Curriculum/polish_ground_slam: -1.0000
           Episode_Termination/time_out: 0.9430
         Episode_Reward/severely_tilted: -0.0006
        Episode_Reward/illegal_contacts: -0.3594
        Episode_Reward/action_rate_rate: -20.4209
           Curriculum/polish_torso_slam: -5.0000
--------------------------------------------------------------------------------
                         Iteration time: 1.76s
                           Time elapsed: 0:00:54
                                    ETA: 0:00:00

[INFO]: SimulationContext cleared
