The '--headless' CLI argument is deprecated. Omit '--viz' for default headless. If config visualizers are enabled and you want to force headless, use '--viz none'.
Loading user config located at: '/workspace/WBC-AGILE/.venv/lib/python3.12/site-packages/isaacsim/kit/data/Kit/IsaacLab/3.0/user.config.json'
2026-09-02T06:33:08Z [0ms] [Warning] [omni.ext.plugin] [ext: isaaclab_visualizers] Extensions config 'extension.toml' doesn't exist '/workspace/WBC-AGILE/.venv/lib/python3.12/site-packages/isaaclab/source/isaaclab_visualizers' or '/workspace/WBC-AGILE/.venv/lib/python3.12/site-packages/isaaclab/source/isaaclab_visualizers/config'
WARNING: All log messages before absl::InitializeLog() is called are written to STDERR
E0000 00:00:1788330788.914454  453176 descriptor_database.cc:633] File already exists in database: grpc/health/v1/health.proto
W0000 00:00:1788330788.914481  453176 message.cc:301] Protobuf GeneratedMessageFactory: File is already registered: grpc/health/v1/health.proto
2026-09-02T06:33:09Z [485ms] [Warning] [omni.usd_config.extension] Enable omni.materialx.libs extension to use MaterialX
2026-09-02T06:33:09Z [504ms] [Warning] [omni.platforminfo.plugin] failed to open the default display.  Can't verify X Server version.
2026-09-02T06:33:09Z [531ms] [Error] [omni.ext.plugin] Could not load the dynamic library from /workspace/WBC-AGILE/.venv/lib/python3.12/site-packages/isaacsim/extscache/omni.usd.libs-1.0.3+6312fa25.lx64.r.cp312/bin/libMaterialXRenderHw.so. Error: libXt.so.6: cannot open shared object file: No such file or directory (note that this may be caused by a dependent library)
2026-09-02T06:33:09Z [531ms] [Error] [omni.ext.plugin] Could not load the dynamic library from /workspace/WBC-AGILE/.venv/lib/python3.12/site-packages/isaacsim/extscache/omni.usd.libs-1.0.3+6312fa25.lx64.r.cp312/bin/libMaterialXRenderGlsl.so. Error: libXt.so.6: cannot open shared object file: No such file or directory (note that this may be caused by a dependent library)
2026-09-02T06:33:09Z [532ms] [Error] [omni.ext.plugin] Could not load the dynamic library from /workspace/WBC-AGILE/.venv/lib/python3.12/site-packages/isaacsim/extscache/omni.usd.libs-1.0.3+6312fa25.lx64.r.cp312/bin/libusd_usdBakeMtlx.so. Error: libXt.so.6: cannot open shared object file: No such file or directory (note that this may be caused by a dependent library)
2026-09-02T06:33:09Z [1,093ms] [Warning] [isaacsim.core.simulation_manager.plugin] USD stage is not available; stage-opened subscription is deferred
2026-09-02T06:33:09Z [1,093ms] [Warning] [isaacsim.core.simulation_manager.plugin] USD stage is not available; stage-opened subscription is deferred
[ISAACLAB] AppLauncher initialization complete
[INFO]: Parsing configuration from: agile.rl_env.tasks.stand_up.g1.height_tracking_env_cfg:G1HeightTrackingEnvCfg
[INFO]: Parsing configuration from: agile.rl_env.tasks.stand_up.g1.agents.rsl_rl_ppo_cfg:G1HeightTrackingPpoRunnerCfg
[INFO] Logging experiment in directory: /workspace/WBC-AGILE/logs/rsl_rl/height_tracking_g1
Exact experiment name requested from command line: 2026-09-02_06-33-19
2026-09-02T06:33:19Z [10,472ms] [Warning] [isaaclab_physx.physics.physx_manager] TGS solver with enable_external_forces_every_iteration=False may cause noisy velocities.
[INFO]: Base environment:
	Environment device    : cuda:0
	Environment seed      : 42
	Physics step-size     : 0.005
	Rendering step-size   : 0.02
	Environment step-size : 0.02
[INFO] Generating terrains based on curriculum took Last: 0.219670 s
[INFO]: Registered backend 'physx' for factory Articulation.
[INFO]: Setting variant selection 'PhysX' for variant set 'Physics' on prim '/World/envs/env_0/Robot'.
[INFO]: Setting variant selection 'None' for variant set 'left_hand' on prim '/World/envs/env_0/Robot'.
[INFO]: Setting variant selection 'None' for variant set 'right_hand' on prim '/World/envs/env_0/Robot'.
[INFO]: Registered backend 'physx' for factory FrameView.
[INFO]: Registered backend 'physx' for factory ContactSensor.
[INFO]: Registered backend 'physx' for factory RayCaster.
[INFO]: Physics scene prim path: /physicsScene
[INFO]: Time taken for scene creation Last: 4.823197 s, Mean: 4.823197 s, Std: 0.000000 s, N: 1
[INFO]: Scene manager:  <class InteractiveScene>
	Number of environments: 2048
	Environment spacing   : 2.5
	Source prim name      : /World/envs/env_0
	Global prim paths     : ['/World/ground']
	Replicate physics     : True
2026-09-02T06:33:33Z [25,217ms] [Warning] [usdrt.population.plugin] Last global time was not created. Did you call setEnableUsdNoticeHandling?
[INFO]: Simulation parameters for joints in /World/envs/env_.*/Robot:
+---------------------------------------------------------------------------------------------------------------------------------------------------------------------------------+
|                                                        Simulation Joint Information (Prim path: /World/envs/env_.*/Robot)                                                       |
+-------+----------------------------+-----------+---------+----------+-----------------+------------------+------------------+-----------------+-----------------+---------------+
| Index | Name                       | Stiffness | Damping | Armature | Static Friction | Dynamic Friction | Viscous Friction | Position Limits | Velocity Limits | Effort Limits |
+-------+----------------------------+-----------+---------+----------+-----------------+------------------+------------------+-----------------+-----------------+---------------+
|   0   | left_hip_pitch_joint       |   0.000   |  0.000  |  0.020   |      0.010      |      0.000       |      0.000       | [-2.531, 2.880] |      32.000     |     88.000    |
|   1   | right_hip_pitch_joint      |   0.000   |  0.000  |  0.020   |      0.010      |      0.000       |      0.000       | [-2.531, 2.880] |      32.000     |     88.000    |
|   2   | waist_yaw_joint            |   0.000   |  0.000  |  0.020   |      0.010      |      0.000       |      0.000       | [-2.618, 2.618] |      32.000     |     88.000    |
|   3   | left_hip_roll_joint        |   0.000   |  0.000  |  0.020   |      0.010      |      0.000       |      0.000       | [-0.524, 2.967] |      32.000     |     88.000    |
|   4   | right_hip_roll_joint       |   0.000   |  0.000  |  0.020   |      0.010      |      0.000       |      0.000       | [-2.967, 0.524] |      32.000     |     88.000    |
|   5   | waist_roll_joint           |   0.000   |  0.000  |  0.020   |      0.010      |      0.000       |      0.000       | [-0.520, 0.520] |      37.000     |     50.000    |
|   6   | left_hip_yaw_joint         |   0.000   |  0.000  |  0.020   |      0.010      |      0.000       |      0.000       | [-2.758, 2.758] |      32.000     |     88.000    |
|   7   | right_hip_yaw_joint        |   0.000   |  0.000  |  0.020   |      0.010      |      0.000       |      0.000       | [-2.758, 2.758] |      32.000     |     88.000    |
|   8   | waist_pitch_joint          |   0.000   |  0.000  |  0.020   |      0.010      |      0.000       |      0.000       | [-0.520, 0.520] |      37.000     |     50.000    |
|   9   | left_knee_joint            |   0.000   |  0.000  |  0.020   |      0.010      |      0.000       |      0.000       | [-0.087, 2.880] |      20.000     |    139.000    |
|   10  | right_knee_joint           |   0.000   |  0.000  |  0.020   |      0.010      |      0.000       |      0.000       | [-0.087, 2.880] |      20.000     |    139.000    |
|   11  | left_shoulder_pitch_joint  |   0.000   |  0.000  |  0.020   |      0.010      |      0.000       |      0.000       | [-3.089, 2.670] |      37.000     |     25.000    |
|   12  | right_shoulder_pitch_joint |   0.000   |  0.000  |  0.020   |      0.010      |      0.000       |      0.000       | [-3.089, 2.670] |      37.000     |     25.000    |
|   13  | left_ankle_pitch_joint     |   0.000   |  0.000  |  0.020   |      0.010      |      0.000       |      0.000       | [-0.873, 0.524] |      37.000     |     50.000    |
|   14  | right_ankle_pitch_joint    |   0.000   |  0.000  |  0.020   |      0.010      |      0.000       |      0.000       | [-0.873, 0.524] |      37.000     |     50.000    |
|   15  | left_shoulder_roll_joint   |   0.000   |  0.000  |  0.020   |      0.010      |      0.000       |      0.000       | [-1.588, 2.251] |      37.000     |     25.000    |
|   16  | right_shoulder_roll_joint  |   0.000   |  0.000  |  0.020   |      0.010      |      0.000       |      0.000       | [-2.251, 1.588] |      37.000     |     25.000    |
|   17  | left_ankle_roll_joint      |   0.000   |  0.000  |  0.020   |      0.010      |      0.000       |      0.000       | [-0.262, 0.262] |      37.000     |     50.000    |
|   18  | right_ankle_roll_joint     |   0.000   |  0.000  |  0.020   |      0.010      |      0.000       |      0.000       | [-0.262, 0.262] |      37.000     |     50.000    |
|   19  | left_shoulder_yaw_joint    |   0.000   |  0.000  |  0.020   |      0.010      |      0.000       |      0.000       | [-2.618, 2.618] |      37.000     |     25.000    |
|   20  | right_shoulder_yaw_joint   |   0.000   |  0.000  |  0.020   |      0.010      |      0.000       |      0.000       | [-2.618, 2.618] |      37.000     |     25.000    |
|   21  | left_elbow_joint           |   0.000   |  0.000  |  0.020   |      0.010      |      0.000       |      0.000       | [-1.047, 2.094] |      37.000     |     25.000    |
|   22  | right_elbow_joint          |   0.000   |  0.000  |  0.020   |      0.010      |      0.000       |      0.000       | [-1.047, 2.094] |      37.000     |     25.000    |
|   23  | left_wrist_roll_joint      |   0.000   |  0.000  |  0.020   |      0.010      |      0.000       |      0.000       | [-1.972, 1.972] |      37.000     |     25.000    |
|   24  | right_wrist_roll_joint     |   0.000   |  0.000  |  0.020   |      0.010      |      0.000       |      0.000       | [-1.972, 1.972] |      37.000     |     25.000    |
|   25  | left_wrist_pitch_joint     |   0.000   |  0.000  |  0.020   |      0.010      |      0.000       |      0.000       | [-1.614, 1.614] |      22.000     |     5.000     |
|   26  | right_wrist_pitch_joint    |   0.000   |  0.000  |  0.020   |      0.010      |      0.000       |      0.000       | [-1.614, 1.614] |      22.000     |     5.000     |
|   27  | left_wrist_yaw_joint       |   0.000   |  0.000  |  0.020   |      0.010      |      0.000       |      0.000       | [-1.614, 1.614] |      22.000     |     5.000     |
|   28  | right_wrist_yaw_joint      |   0.000   |  0.000  |  0.020   |      0.010      |      0.000       |      0.000       | [-1.614, 1.614] |      22.000     |     5.000     |
+-------+----------------------------+-----------+---------+----------+-----------------+------------------+------------------+-----------------+-----------------+---------------+
[INFO]: Read mesh prim: /World/ground/terrain/mesh with 369728 vertices and 2097240 faces.
[INFO]: Time taken for simulation start Last: 14.926136 s, Mean: 14.926136 s, Std: 0.000000 s, N: 1
[INFO] Command Manager:  <CommandManager> contains 1 active terms.
+--------------------------------------+
|         Active Command Terms         |
+-------+--------+---------------------+
| Index | Name   |         Type        |
+-------+--------+---------------------+
|   0   | height | SmoothHeightCommand |
+-------+--------+---------------------+

[INFO] Event Manager:  <EventManager> contains 3 active terms.
+----------------------------------------+
| Active Event Terms in Mode: 'startup'  |
+--------+-------------------------------+
| Index  | Name                          |
+--------+-------------------------------+
|   0    | randomize_physics_material    |
|   1    | randomize_actuator_gains      |
|   2    | randomize_bodies_mass         |
|   3    | randomize_base_mass           |
|   4    | randomize_base_com            |
+--------+-------------------------------+
+---------------------------------------------------------------------------+
|                   Active Event Terms in Mode: 'interval'                  |
+-------+-----------------------------------------+-------------------------+
| Index | Name                                    | Interval time range (s) |
+-------+-----------------------------------------+-------------------------+
|   0   | push_robot                              |       (0.0, 10.0)       |
|   1   | apply_external_force_torque             |       (0.0, 10.0)       |
|   2   | apply_external_force_torque_extremities |       (0.0, 10.0)       |
+-------+-----------------------------------------+-------------------------+
+----------------------------------+
| Active Event Terms in Mode: 'reset' |
+------------+---------------------+
|   Index    | Name                |
+------------+---------------------+
|     0      | reset_base          |
+------------+---------------------+

[INFO] Recorder Manager:  <RecorderManager> contains 0 active terms.
+---------------------+
| Active Recorder Terms |
+-----------+---------+
|   Index   | Name    |
+-----------+---------+
+-----------+---------+

[INFO]: Resolved joint names for the action term JointPositionAction: ['left_hip_pitch_joint', 'right_hip_pitch_joint', 'waist_yaw_joint', 'left_hip_roll_joint', 'right_hip_roll_joint', 'waist_roll_joint', 'left_hip_yaw_joint', 'right_hip_yaw_joint', 'waist_pitch_joint', 'left_knee_joint', 'right_knee_joint', 'left_shoulder_pitch_joint', 'right_shoulder_pitch_joint', 'left_ankle_pitch_joint', 'right_ankle_pitch_joint', 'left_shoulder_roll_joint', 'right_shoulder_roll_joint', 'left_ankle_roll_joint', 'right_ankle_roll_joint', 'left_shoulder_yaw_joint', 'right_shoulder_yaw_joint', 'left_elbow_joint', 'right_elbow_joint', 'left_wrist_roll_joint', 'right_wrist_roll_joint', 'left_wrist_pitch_joint', 'right_wrist_pitch_joint', 'left_wrist_yaw_joint', 'right_wrist_yaw_joint'] [[0, 1, 2, 3, 4, 5, 6, 7, 8, 9, 10, 11, 12, 13, 14, 15, 16, 17, 18, 19, 20, 21, 22, 23, 24, 25, 26, 27, 28]]
[INFO] Action Manager:  <ActionManager> contains 2 active terms.
+------------------------------------+
|  Active Action Terms (shape: 29)   |
+--------+-------------+-------------+
| Index  | Name        |   Dimension |
+--------+-------------+-------------+
|   0    | joint_pos   |          29 |
|   1    | lift        |           0 |
+--------+-------------+-------------+

[INFO] Observation Manager: <ObservationManager> contains 2 groups.
+----------------------------------------------+
| Active Observation Terms in Group: 'policy'  |
+---------+------------------------+-----------+
|  Index  | Name                   |   Shape   |
+---------+------------------------+-----------+
|    0    | base_ang_vel           |   (5, 3)  |
|    1    | projected_gravity      |   (5, 3)  |
|    2    | joint_pos              |  (5, 29)  |
|    3    | joint_vel              |  (5, 29)  |
|    4    | actions                |  (5, 29)  |
|    5    | height_command         |   (5, 1)  |
+---------+------------------------+-----------+
+----------------------------------------------+
| Active Observation Terms in Group: 'critic'  |
+---------+------------------------+-----------+
|  Index  | Name                   |   Shape   |
+---------+------------------------+-----------+
|    0    | projected_gravity      |   (5, 3)  |
|    1    | base_lin_vel           |   (5, 3)  |
|    2    | base_ang_vel           |   (5, 3)  |
|    3    | joint_pos              |  (5, 29)  |
|    4    | joint_vel              |  (5, 29)  |
|    5    | actions                |  (5, 29)  |
|    6    | contact_forces         |  (5, 30)  |
|    7    | base_height            |   (5, 1)  |
|    8    | height_command         |   (5, 1)  |
+---------+------------------------+-----------+

[INFO] Termination Manager:  <TerminationManager> contains 2 active terms.
+----------------------------------+
|     Active Termination Terms     |
+-------+---------------+----------+
| Index | Name          | Time Out |
+-------+---------------+----------+
|   0   | time_out      |   True   |
|   1   | invalid_state |  False   |
+-------+---------------+----------+

[INFO] Reward Manager:  <RewardManager> contains 32 active terms.
+--------------------------------------------+
|            Active Reward Terms             |
+-------+-------------------------+----------+
| Index | Name                    |   Weight |
+-------+-------------------------+----------+
|   0   | joint_torques_l2        |   -5e-05 |
|   1   | torque_limits           |    -0.01 |
|   2   | joint_acc_l2            | -2.5e-08 |
|   3   | joint_pos_limits        |     -0.1 |
|   4   | joint_vel_limits        |    -0.01 |
|   5   | action_rate             |     -1.0 |
|   6   | action_rate_rate        |    -0.15 |
|   7   | joint_vel_l2            |   -0.001 |
|   8   | joint_tracking_error    |     -0.5 |
|   9   | base_height_rough       |      4.0 |
|   10  | base_height_medium      |      8.0 |
|   11  | base_height_fine        |     16.0 |
|   12  | relaxation              |     -1.0 |
|   13  | joint_deviation_l1      |     -0.5 |
|   14  | joint_deviation_l1_arms |     -0.5 |
|   15  | ankle_torques           |   -0.001 |
|   16  | not_moving              |     -1.0 |
|   17  | torso_upright           |     -1.0 |
|   18  | severely_tilted         |     -5.0 |
|   19  | torso_roll              |     -5.0 |
|   20  | forward_pitch           |    -10.0 |
|   21  | illegal_contacts        |     -2.0 |
|   22  | feet_distance           |     -5.0 |
|   23  | feet_distance_standing  |    -10.0 |
|   24  | ground_unloaded         |     -2.0 |
|   25  | flat_feet               |     -1.0 |
|   26  | feet_slide              |     -1.0 |
|   27  | feet_yaw_mean           |     -2.0 |
|   28  | completely_airborne     |    -50.0 |
|   29  | body_velocity           |     -0.1 |
|   30  | ground_slam             |     -1.0 |
|   31  | torso_slam              |     -5.0 |
+-------+-------------------------+----------+

[INFO] Curriculum Manager:  <CurriculumManager> contains 8 active terms.
+---------------------------------+
|     Active Curriculum Terms     |
+-------+-------------------------+
| Index | Name                    |
+-------+-------------------------+
|   0   | adaptive_lift           |
|   1   | terrain_levels          |
|   2   | polish_action_rate_rate |
|   3   | polish_ground_slam      |
|   4   | polish_torso_slam       |
|   5   | polish_not_moving       |
|   6   | polish_joint_vel_l2     |
|   7   | random_fallen_states    |
+-------+-------------------------+

[INFO]: Completed setting up the environment...
/workspace/WBC-AGILE/.venv/lib/python3.12/site-packages/rsl_rl/utils/utils.py:220: UserWarning: The observation configuration dictionary 'obs_groups' is empty and thus likely not configured. Consider configuring the 'obs_groups' dictionary explicitly
  warnings.warn(
/workspace/WBC-AGILE/.venv/lib/python3.12/site-packages/rsl_rl/utils/utils.py:251: UserWarning: The observation configuration dictionary 'obs_groups' does not contain the 'actor' key. As an observation group with the name 'policy' was found, this is assumed to be the appropriate observation. Consider adding the 'actor' key to the 'obs_groups' dictionary for clarity. This behavior will be removed in a future version.
  warnings.warn(
/workspace/WBC-AGILE/.venv/lib/python3.12/site-packages/rsl_rl/utils/utils.py:243: UserWarning: The observation configuration dictionary 'obs_groups' does not contain the 'critic' key. As an observation group with the name 'critic' was found, this is assumed to be the appropriate observation. Consider adding the 'critic' key to the 'obs_groups' dictionary for clarity. This behavior will be removed in a future version.
  warnings.warn(
--------------------------------------------------------------------------------
Resolved observation sets: 
	 actor :  ['policy']
	 critic :  ['critic']
--------------------------------------------------------------------------------
Actor Model: MLPModel(
  (obs_normalizer): Identity()
  (distribution): GaussianDistribution()
  (mlp): MLP(
    (0): Linear(in_features=470, out_features=256, bias=True)
    (1): ELU(alpha=1.0)
    (2): Linear(in_features=256, out_features=256, bias=True)
    (3): ELU(alpha=1.0)
    (4): Linear(in_features=256, out_features=128, bias=True)
    (5): ELU(alpha=1.0)
    (6): Linear(in_features=128, out_features=29, bias=True)
  )
)
Critic Model: MLPModel(
  (obs_normalizer): Identity()
  (mlp): MLP(
    (0): Linear(in_features=640, out_features=512, bias=True)
    (1): ELU(alpha=1.0)
    (2): Linear(in_features=512, out_features=256, bias=True)
    (3): ELU(alpha=1.0)
    (4): Linear(in_features=256, out_features=128, bias=True)
    (5): ELU(alpha=1.0)
    (6): Linear(in_features=128, out_features=1, bias=True)
  )
)
Storing git diff for 'WBC-AGILE' in: /workspace/WBC-AGILE/logs/rsl_rl/height_tracking_g1/2026-09-02_06-33-19_height_tracking_g1/git/WBC-AGILE.diff
################################################################################
[1m                            Learning iteration 0/30                             [0m 

                               Run name: height_tracking_g1
                            Total steps: 49152 
                       Steps per second: 7014 
                        Collection time: 6.751s 
                          Learning time: 0.256s 
                        Mean value loss: 5.0389
                    Mean surrogate loss: 0.0356
                      Mean entropy loss: 41.1184
                     Mean symmetry loss: 0.0037
                   Mean l2c2_actor loss: 0.0013
                  Mean l2c2_critic loss: 0.0084
                            Mean reward: -30.27
                    Mean episode length: 12.12
                        Mean action std: 1.00
                    Entropy coefficient: 0.002500
        Episode_Reward/base_height_fine: 0.0985
              Episode_Reward/feet_slide: -0.0122
        Curriculum/random_fallen_states: 0.0000
    Episode_Reward/joint_tracking_error: -0.0565
        Episode_Reward/joint_torques_l2: -0.0184
        Episode_Reward/joint_pos_limits: -0.0001
        Episode_Reward/action_rate_rate: -0.4061
           Curriculum/polish_not_moving: -1.0000
           Episode_Reward/torque_limits: -0.0213
            Episode_Reward/joint_acc_l2: -0.0077
         Curriculum/polish_joint_vel_l2: -0.0010
             Episode_Reward/ground_slam: -0.0532
      Episode_Reward/base_height_medium: 0.0577
              Episode_Reward/torso_slam: -0.0516
              Curriculum/terrain_levels: 0.0000
           Curriculum/polish_torso_slam: -5.0000
  Episode_Reward/feet_distance_standing: -0.0018
            Metrics/height/height_error: 0.0000
              Episode_Reward/torso_roll: -0.0213
               Episode_Reward/flat_feet: -0.0331
      Episode_Termination/invalid_state: 0.0007
           Episode_Reward/feet_yaw_mean: -0.0073
               Curriculum/adaptive_lift: 1.0000
      Episode_Reward/joint_deviation_l1: -0.0182
 Episode_Reward/joint_deviation_l1_arms: -0.0067
           Episode_Reward/feet_distance: -0.0024
     Episode_Reward/completely_airborne: -0.2812
              Episode_Reward/relaxation: -0.1479
     Curriculum/polish_action_rate_rate: -0.1500
           Episode_Termination/time_out: 0.0182
             Episode_Reward/action_rate: -0.9387
           Episode_Reward/torso_upright: 0.0000
          Curriculum/polish_ground_slam: -1.0000
        Episode_Reward/illegal_contacts: -0.0008
           Episode_Reward/ankle_torques: -0.0051
         Episode_Reward/severely_tilted: 0.0000
           Episode_Reward/forward_pitch: -0.0040
         Episode_Reward/ground_unloaded: -0.0163
           Episode_Reward/body_velocity: -0.0665
              Episode_Reward/not_moving: -0.0746
            Episode_Reward/joint_vel_l2: -0.0258
        Episode_Reward/joint_vel_limits: -0.0000
       Episode_Reward/base_height_rough: 0.0362
--------------------------------------------------------------------------------
                         Iteration time: 7.01s
                           Time elapsed: 0:00:07
                                    ETA: 0:03:23

################################################################################
[1m                            Learning iteration 1/30                             [0m 

                               Run name: height_tracking_g1
                            Total steps: 98304 
                       Steps per second: 13464 
                        Collection time: 3.500s 
                          Learning time: 0.151s 
                        Mean value loss: 5.4233
                    Mean surrogate loss: 0.0093
                      Mean entropy loss: 41.0798
                     Mean symmetry loss: 0.0024
                   Mean l2c2_actor loss: 0.0013
                  Mean l2c2_critic loss: 0.0225
                            Mean reward: -82.08
                    Mean episode length: 32.21
                        Mean action std: 1.00
                    Entropy coefficient: 0.002500
        Episode_Reward/base_height_fine: 0.3229
              Episode_Reward/feet_slide: -0.0379
        Curriculum/random_fallen_states: 0.0000
    Episode_Reward/joint_tracking_error: -0.1716
        Episode_Reward/joint_torques_l2: -0.0570
        Episode_Reward/joint_pos_limits: -0.0003
        Episode_Reward/action_rate_rate: -1.2278
           Curriculum/polish_not_moving: -1.0000
           Episode_Reward/torque_limits: -0.0662
            Episode_Reward/joint_acc_l2: -0.0223
         Curriculum/polish_joint_vel_l2: -0.0010
             Episode_Reward/ground_slam: -0.1649
      Episode_Reward/base_height_medium: 0.1900
              Episode_Reward/torso_slam: -0.1139
              Curriculum/terrain_levels: 0.0000
           Curriculum/polish_torso_slam: -5.0000
  Episode_Reward/feet_distance_standing: -0.0138
            Metrics/height/height_error: 0.0000
              Episode_Reward/torso_roll: -0.0642
               Episode_Reward/flat_feet: -0.0975
      Episode_Termination/invalid_state: 0.0014
           Episode_Reward/feet_yaw_mean: -0.0402
               Curriculum/adaptive_lift: 1.0000
      Episode_Reward/joint_deviation_l1: -0.0482
 Episode_Reward/joint_deviation_l1_arms: -0.0212
           Episode_Reward/feet_distance: -0.0144
     Episode_Reward/completely_airborne: -0.7063
              Episode_Reward/relaxation: -0.3977
     Curriculum/polish_action_rate_rate: -0.1500
           Episode_Termination/time_out: 0.0514
             Episode_Reward/action_rate: -2.7669
           Episode_Reward/torso_upright: 0.0000
          Curriculum/polish_ground_slam: -1.0000
        Episode_Reward/illegal_contacts: -0.0017
           Episode_Reward/ankle_torques: -0.0122
         Episode_Reward/severely_tilted: -0.0029
           Episode_Reward/forward_pitch: -0.0158
         Episode_Reward/ground_unloaded: -0.0470
           Episode_Reward/body_velocity: -0.2547
              Episode_Reward/not_moving: -0.2499
            Episode_Reward/joint_vel_l2: -0.0756
        Episode_Reward/joint_vel_limits: -0.0001
       Episode_Reward/base_height_rough: 0.1208
--------------------------------------------------------------------------------
                         Iteration time: 3.65s
                           Time elapsed: 0:00:10
                                    ETA: 0:02:29

################################################################################
[1m                            Learning iteration 2/30                             [0m 

                               Run name: height_tracking_g1
                            Total steps: 147456 
                       Steps per second: 9087 
                        Collection time: 5.206s 
                          Learning time: 0.203s 
                        Mean value loss: 4.9149
                    Mean surrogate loss: -0.0072
                      Mean entropy loss: 40.9488
                     Mean symmetry loss: 0.0010
                   Mean l2c2_actor loss: 0.0014
                  Mean l2c2_critic loss: 0.0337
                            Mean reward: -134.02
                    Mean episode length: 52.44
                        Mean action std: 0.99
                    Entropy coefficient: 0.002500
        Episode_Reward/base_height_fine: 0.5020
              Episode_Reward/feet_slide: -0.0735
        Curriculum/random_fallen_states: 0.0000
    Episode_Reward/joint_tracking_error: -0.2831
        Episode_Reward/joint_torques_l2: -0.0864
        Episode_Reward/joint_pos_limits: -0.0005
        Episode_Reward/action_rate_rate: -2.0406
           Curriculum/polish_not_moving: -1.0000
           Episode_Reward/torque_limits: -0.1053
            Episode_Reward/joint_acc_l2: -0.0254
         Curriculum/polish_joint_vel_l2: -0.0010
             Episode_Reward/ground_slam: -0.2726
      Episode_Reward/base_height_medium: 0.3107
              Episode_Reward/torso_slam: -0.2079
              Curriculum/terrain_levels: 0.0000
           Curriculum/polish_torso_slam: -5.0000
  Episode_Reward/feet_distance_standing: -0.0281
            Metrics/height/height_error: 0.0000
              Episode_Reward/torso_roll: -0.1255
               Episode_Reward/flat_feet: -0.1808
      Episode_Termination/invalid_state: 0.0024
           Episode_Reward/feet_yaw_mean: -0.0550
               Curriculum/adaptive_lift: 0.9989
      Episode_Reward/joint_deviation_l1: -0.0815
 Episode_Reward/joint_deviation_l1_arms: -0.0385
           Episode_Reward/feet_distance: -0.0296
     Episode_Reward/completely_airborne: -1.3953
              Episode_Reward/relaxation: -0.7498
     Curriculum/polish_action_rate_rate: -0.1500
           Episode_Termination/time_out: 0.0833
             Episode_Reward/action_rate: -4.5852
           Episode_Reward/torso_upright: -0.0007
          Curriculum/polish_ground_slam: -1.0000
        Episode_Reward/illegal_contacts: -0.0125
           Episode_Reward/ankle_torques: -0.0195
         Episode_Reward/severely_tilted: -0.0027
           Episode_Reward/forward_pitch: -0.0523
         Episode_Reward/ground_unloaded: -0.0669
           Episode_Reward/body_velocity: -0.4605
              Episode_Reward/not_moving: -0.3567
            Episode_Reward/joint_vel_l2: -0.1318
        Episode_Reward/joint_vel_limits: -0.0002
       Episode_Reward/base_height_rough: 0.2016
--------------------------------------------------------------------------------
                         Iteration time: 5.41s
                           Time elapsed: 0:00:16
                                    ETA: 0:02:24

################################################################################
[1m                            Learning iteration 3/30                             [0m 

                               Run name: height_tracking_g1
                            Total steps: 196608 
                       Steps per second: 7773 
                        Collection time: 6.085s 
                          Learning time: 0.238s 
                        Mean value loss: 4.5071
                    Mean surrogate loss: -0.0121
                      Mean entropy loss: 40.7852
                     Mean symmetry loss: 0.0007
                   Mean l2c2_actor loss: 0.0017
                  Mean l2c2_critic loss: 0.0372
                            Mean reward: -206.83
                    Mean episode length: 80.72
                        Mean action std: 0.99
                    Entropy coefficient: 0.002500
        Episode_Reward/base_height_fine: 0.7539
              Episode_Reward/feet_slide: -0.1041
        Curriculum/random_fallen_states: 0.0000
    Episode_Reward/joint_tracking_error: -0.3896
        Episode_Reward/joint_torques_l2: -0.1092
        Episode_Reward/joint_pos_limits: -0.0006
        Episode_Reward/action_rate_rate: -2.8609
           Curriculum/polish_not_moving: -1.0000
           Episode_Reward/torque_limits: -0.1391
            Episode_Reward/joint_acc_l2: -0.0299
         Curriculum/polish_joint_vel_l2: -0.0010
             Episode_Reward/ground_slam: -0.3337
      Episode_Reward/base_height_medium: 0.4331
              Episode_Reward/torso_slam: -0.2681
              Curriculum/terrain_levels: 0.0000
           Curriculum/polish_torso_slam: -5.0000
  Episode_Reward/feet_distance_standing: -0.0450
            Metrics/height/height_error: 0.0000
              Episode_Reward/torso_roll: -0.1600
               Episode_Reward/flat_feet: -0.2611
      Episode_Termination/invalid_state: 0.0028
           Episode_Reward/feet_yaw_mean: -0.0526
               Curriculum/adaptive_lift: 0.9968
      Episode_Reward/joint_deviation_l1: -0.1407
 Episode_Reward/joint_deviation_l1_arms: -0.0646
           Episode_Reward/feet_distance: -0.0379
     Episode_Reward/completely_airborne: -2.0038
              Episode_Reward/relaxation: -0.9443
     Curriculum/polish_action_rate_rate: -0.1500
           Episode_Termination/time_out: 0.1140
             Episode_Reward/action_rate: -6.4132
           Episode_Reward/torso_upright: -0.0044
          Curriculum/polish_ground_slam: -1.0000
        Episode_Reward/illegal_contacts: -0.0302
           Episode_Reward/ankle_torques: -0.0279
         Episode_Reward/severely_tilted: -0.0093
           Episode_Reward/forward_pitch: -0.1497
         Episode_Reward/ground_unloaded: -0.0932
           Episode_Reward/body_velocity: -0.5913
              Episode_Reward/not_moving: -0.6109
            Episode_Reward/joint_vel_l2: -0.1896
        Episode_Reward/joint_vel_limits: -0.0003
       Episode_Reward/base_height_rough: 0.2623
--------------------------------------------------------------------------------
                         Iteration time: 6.32s
                           Time elapsed: 0:00:22
                                    ETA: 0:02:25

################################################################################
[1m                            Learning iteration 4/30                             [0m 

                               Run name: height_tracking_g1
                            Total steps: 245760 
                       Steps per second: 8255 
                        Collection time: 5.756s 
                          Learning time: 0.198s 
                        Mean value loss: 4.5429
                    Mean surrogate loss: -0.0096
                      Mean entropy loss: 40.6490
                     Mean symmetry loss: 0.0006
                   Mean l2c2_actor loss: 0.0019
                  Mean l2c2_critic loss: 0.0312
                            Mean reward: -257.81
                    Mean episode length: 102.07
                        Mean action std: 0.98
                    Entropy coefficient: 0.002500
        Episode_Reward/base_height_fine: 1.2629
              Episode_Reward/feet_slide: -0.1291
        Curriculum/random_fallen_states: 0.0000
    Episode_Reward/joint_tracking_error: -0.5119
        Episode_Reward/joint_torques_l2: -0.1613
        Episode_Reward/joint_pos_limits: -0.0008
        Episode_Reward/action_rate_rate: -3.6703
           Curriculum/polish_not_moving: -1.0000
           Episode_Reward/torque_limits: -0.1830
            Episode_Reward/joint_acc_l2: -0.0515
         Curriculum/polish_joint_vel_l2: -0.0010
             Episode_Reward/ground_slam: -0.4230
      Episode_Reward/base_height_medium: 0.7225
              Episode_Reward/torso_slam: -0.2949
              Curriculum/terrain_levels: 0.0000
           Curriculum/polish_torso_slam: -5.0000
  Episode_Reward/feet_distance_standing: -0.0423
            Metrics/height/height_error: 0.0265
              Episode_Reward/torso_roll: -0.2010
               Episode_Reward/flat_feet: -0.3626
      Episode_Termination/invalid_state: 0.0029
           Episode_Reward/feet_yaw_mean: -0.0977
               Curriculum/adaptive_lift: 0.9946
      Episode_Reward/joint_deviation_l1: -0.1710
 Episode_Reward/joint_deviation_l1_arms: -0.0870
           Episode_Reward/feet_distance: -0.0436
     Episode_Reward/completely_airborne: -2.3582
              Episode_Reward/relaxation: -0.9639
     Curriculum/polish_action_rate_rate: -0.1500
           Episode_Termination/time_out: 0.1474
             Episode_Reward/action_rate: -8.2074
           Episode_Reward/torso_upright: -0.0126
          Curriculum/polish_ground_slam: -1.0000
        Episode_Reward/illegal_contacts: -0.0280
           Episode_Reward/ankle_torques: -0.0341
         Episode_Reward/severely_tilted: -0.0222
           Episode_Reward/forward_pitch: -0.1780
         Episode_Reward/ground_unloaded: -0.1540
           Episode_Reward/body_velocity: -0.7377
              Episode_Reward/not_moving: -0.9905
            Episode_Reward/joint_vel_l2: -0.2380
        Episode_Reward/joint_vel_limits: -0.0004
       Episode_Reward/base_height_rough: 0.4198
--------------------------------------------------------------------------------
                         Iteration time: 5.95s
                           Time elapsed: 0:00:28
                                    ETA: 0:02:21

################################################################################
[1m                            Learning iteration 5/30                             [0m 

                               Run name: height_tracking_g1
                            Total steps: 294912 
                       Steps per second: 8173 
                        Collection time: 5.770s 
                          Learning time: 0.243s 
                        Mean value loss: 4.2198
                    Mean surrogate loss: -0.0117
                      Mean entropy loss: 40.4681
                     Mean symmetry loss: 0.0006
                   Mean l2c2_actor loss: 0.0024
                  Mean l2c2_critic loss: 0.0266
                            Mean reward: -318.47
                    Mean episode length: 125.53
                        Mean action std: 0.97
                    Entropy coefficient: 0.002500
        Episode_Reward/base_height_fine: 1.2954
              Episode_Reward/feet_slide: -0.1437
        Curriculum/random_fallen_states: 0.0000
    Episode_Reward/joint_tracking_error: -0.6068
        Episode_Reward/joint_torques_l2: -0.1966
        Episode_Reward/joint_pos_limits: -0.0009
        Episode_Reward/action_rate_rate: -4.4573
           Curriculum/polish_not_moving: -1.0000
           Episode_Reward/torque_limits: -0.2278
            Episode_Reward/joint_acc_l2: -0.0570
         Curriculum/polish_joint_vel_l2: -0.0010
             Episode_Reward/ground_slam: -0.4854
      Episode_Reward/base_height_medium: 0.7497
              Episode_Reward/torso_slam: -0.4087
              Curriculum/terrain_levels: 0.0000
           Curriculum/polish_torso_slam: -5.0000
  Episode_Reward/feet_distance_standing: -0.0690
            Metrics/height/height_error: 0.0379
              Episode_Reward/torso_roll: -0.2475
               Episode_Reward/flat_feet: -0.4676
      Episode_Termination/invalid_state: 0.0029
           Episode_Reward/feet_yaw_mean: -0.0892
               Curriculum/adaptive_lift: 0.9924
      Episode_Reward/joint_deviation_l1: -0.1665
 Episode_Reward/joint_deviation_l1_arms: -0.0792
           Episode_Reward/feet_distance: -0.0638
     Episode_Reward/completely_airborne: -2.8148
              Episode_Reward/relaxation: -1.6278
     Curriculum/polish_action_rate_rate: -0.1500
           Episode_Termination/time_out: 0.1791
             Episode_Reward/action_rate: -9.9721
           Episode_Reward/torso_upright: -0.0090
          Curriculum/polish_ground_slam: -1.0000
        Episode_Reward/illegal_contacts: -0.0516
           Episode_Reward/ankle_torques: -0.0493
         Episode_Reward/severely_tilted: -0.0202
           Episode_Reward/forward_pitch: -0.2678
         Episode_Reward/ground_unloaded: -0.1548
           Episode_Reward/body_velocity: -0.7836
              Episode_Reward/not_moving: -0.9885
            Episode_Reward/joint_vel_l2: -0.2766
        Episode_Reward/joint_vel_limits: -0.0004
       Episode_Reward/base_height_rough: 0.4582
--------------------------------------------------------------------------------
                         Iteration time: 6.01s
                           Time elapsed: 0:00:34
                                    ETA: 0:02:17

################################################################################
[1m                            Learning iteration 6/30                             [0m 

                               Run name: height_tracking_g1
                            Total steps: 344064 
                       Steps per second: 8611 
                        Collection time: 5.447s 
                          Learning time: 0.261s 
                        Mean value loss: 4.1629
                    Mean surrogate loss: -0.0097
                      Mean entropy loss: 40.3483
                     Mean symmetry loss: 0.0006
                   Mean l2c2_actor loss: 0.0026
                  Mean l2c2_critic loss: 0.0255
                            Mean reward: -380.06
                    Mean episode length: 150.60
                        Mean action std: 0.97
                    Entropy coefficient: 0.002500
        Episode_Reward/base_height_fine: 2.0191
              Episode_Reward/feet_slide: -0.1953
        Curriculum/random_fallen_states: 0.0000
    Episode_Reward/joint_tracking_error: -0.7194
        Episode_Reward/joint_torques_l2: -0.2219
        Episode_Reward/joint_pos_limits: -0.0011
        Episode_Reward/action_rate_rate: -5.2723
           Curriculum/polish_not_moving: -1.0000
           Episode_Reward/torque_limits: -0.2558
            Episode_Reward/joint_acc_l2: -0.0637
         Curriculum/polish_joint_vel_l2: -0.0010
             Episode_Reward/ground_slam: -0.5689
      Episode_Reward/base_height_medium: 1.1268
              Episode_Reward/torso_slam: -0.4046
              Curriculum/terrain_levels: 0.0000
           Curriculum/polish_torso_slam: -5.0000
  Episode_Reward/feet_distance_standing: -0.0781
            Metrics/height/height_error: 0.0274
              Episode_Reward/torso_roll: -0.2482
               Episode_Reward/flat_feet: -0.5339
      Episode_Termination/invalid_state: 0.0029
           Episode_Reward/feet_yaw_mean: -0.1588
               Curriculum/adaptive_lift: 0.9902
      Episode_Reward/joint_deviation_l1: -0.2787
 Episode_Reward/joint_deviation_l1_arms: -0.1290
           Episode_Reward/feet_distance: -0.0676
     Episode_Reward/completely_airborne: -4.0316
              Episode_Reward/relaxation: -1.2099
     Curriculum/polish_action_rate_rate: -0.1500
           Episode_Termination/time_out: 0.2127
             Episode_Reward/action_rate: -11.7685
           Episode_Reward/torso_upright: -0.0195
          Curriculum/polish_ground_slam: -1.0000
        Episode_Reward/illegal_contacts: -0.0395
           Episode_Reward/ankle_torques: -0.0451
         Episode_Reward/severely_tilted: -0.0185
           Episode_Reward/forward_pitch: -0.2283
         Episode_Reward/ground_unloaded: -0.2255
           Episode_Reward/body_velocity: -0.9925
              Episode_Reward/not_moving: -1.6629
            Episode_Reward/joint_vel_l2: -0.3421
        Episode_Reward/joint_vel_limits: -0.0005
       Episode_Reward/base_height_rough: 0.6444
--------------------------------------------------------------------------------
                         Iteration time: 5.71s
                           Time elapsed: 0:00:40
                                    ETA: 0:02:11

################################################################################
[1m                            Learning iteration 7/30                             [0m 

                               Run name: height_tracking_g1
                            Total steps: 393216 
                       Steps per second: 13777 
                        Collection time: 3.414s 
                          Learning time: 0.153s 
                        Mean value loss: 3.9875
                    Mean surrogate loss: -0.0110
                      Mean entropy loss: 40.2123
                     Mean symmetry loss: 0.0006
                   Mean l2c2_actor loss: 0.0030
                  Mean l2c2_critic loss: 0.0257
                            Mean reward: -429.48
                    Mean episode length: 175.42
                        Mean action std: 0.97
                    Entropy coefficient: 0.002500
        Episode_Reward/base_height_fine: 2.2687
              Episode_Reward/feet_slide: -0.2253
        Curriculum/random_fallen_states: 0.0000
    Episode_Reward/joint_tracking_error: -0.8007
        Episode_Reward/joint_torques_l2: -0.2397
        Episode_Reward/joint_pos_limits: -0.0012
        Episode_Reward/action_rate_rate: -6.0307
           Curriculum/polish_not_moving: -1.0000
           Episode_Reward/torque_limits: -0.2904
            Episode_Reward/joint_acc_l2: -0.0684
         Curriculum/polish_joint_vel_l2: -0.0010
             Episode_Reward/ground_slam: -0.6700
      Episode_Reward/base_height_medium: 1.2604
              Episode_Reward/torso_slam: -0.4103
              Curriculum/terrain_levels: 0.0000
           Curriculum/polish_torso_slam: -5.0000
  Episode_Reward/feet_distance_standing: -0.0808
            Metrics/height/height_error: 0.0375
              Episode_Reward/torso_roll: -0.2987
               Episode_Reward/flat_feet: -0.6420
      Episode_Termination/invalid_state: 0.0029
           Episode_Reward/feet_yaw_mean: -0.1105
               Curriculum/adaptive_lift: 0.9878
      Episode_Reward/joint_deviation_l1: -0.2561
 Episode_Reward/joint_deviation_l1_arms: -0.1199
           Episode_Reward/feet_distance: -0.0846
     Episode_Reward/completely_airborne: -3.8485
              Episode_Reward/relaxation: -1.4366
     Curriculum/polish_action_rate_rate: -0.1500
           Episode_Termination/time_out: 0.2446
             Episode_Reward/action_rate: -13.4655
           Episode_Reward/torso_upright: -0.0188
          Curriculum/polish_ground_slam: -1.0000
        Episode_Reward/illegal_contacts: -0.0677
           Episode_Reward/ankle_torques: -0.0727
         Episode_Reward/severely_tilted: -0.0058
           Episode_Reward/forward_pitch: -0.3946
         Episode_Reward/ground_unloaded: -0.2511
           Episode_Reward/body_velocity: -1.0018
              Episode_Reward/not_moving: -1.8367
            Episode_Reward/joint_vel_l2: -0.3758
        Episode_Reward/joint_vel_limits: -0.0005
       Episode_Reward/base_height_rough: 0.7269
--------------------------------------------------------------------------------
                         Iteration time: 3.57s
                           Time elapsed: 0:00:43
                                    ETA: 0:01:59

################################################################################
[1m                            Learning iteration 8/30                             [0m 

                               Run name: height_tracking_g1
                            Total steps: 442368 
                       Steps per second: 13093 
                        Collection time: 3.536s 
                          Learning time: 0.218s 
                        Mean value loss: 3.9128
                    Mean surrogate loss: -0.0079
                      Mean entropy loss: 40.1083
                     Mean symmetry loss: 0.0005
                   Mean l2c2_actor loss: 0.0031
                  Mean l2c2_critic loss: 0.0286
                            Mean reward: -477.56
                    Mean episode length: 194.29
                        Mean action std: 0.96
                    Entropy coefficient: 0.002500
        Episode_Reward/base_height_fine: 2.0960
              Episode_Reward/feet_slide: -0.2398
        Curriculum/random_fallen_states: 0.0000
    Episode_Reward/joint_tracking_error: -0.9014
        Episode_Reward/joint_torques_l2: -0.2832
        Episode_Reward/joint_pos_limits: -0.0013
        Episode_Reward/action_rate_rate: -6.8121
           Curriculum/polish_not_moving: -1.0000
           Episode_Reward/torque_limits: -0.3217
            Episode_Reward/joint_acc_l2: -0.0856
         Curriculum/polish_joint_vel_l2: -0.0010
             Episode_Reward/ground_slam: -0.7267
      Episode_Reward/base_height_medium: 1.1982
              Episode_Reward/torso_slam: -0.4647
              Curriculum/terrain_levels: 0.0000
           Curriculum/polish_torso_slam: -5.0000
  Episode_Reward/feet_distance_standing: -0.0825
            Metrics/height/height_error: 0.0328
              Episode_Reward/torso_roll: -0.3439
               Episode_Reward/flat_feet: -0.7260
      Episode_Termination/invalid_state: 0.0029
           Episode_Reward/feet_yaw_mean: -0.0965
               Curriculum/adaptive_lift: 0.9855
      Episode_Reward/joint_deviation_l1: -0.3077
 Episode_Reward/joint_deviation_l1_arms: -0.1422
           Episode_Reward/feet_distance: -0.0791
     Episode_Reward/completely_airborne: -4.3669
              Episode_Reward/relaxation: -2.3701
     Curriculum/polish_action_rate_rate: -0.1500
           Episode_Termination/time_out: 0.2723
             Episode_Reward/action_rate: -15.2152
           Episode_Reward/torso_upright: -0.0234
          Curriculum/polish_ground_slam: -1.0000
        Episode_Reward/illegal_contacts: -0.1217
           Episode_Reward/ankle_torques: -0.0571
         Episode_Reward/severely_tilted: -0.0009
           Episode_Reward/forward_pitch: -0.5815
         Episode_Reward/ground_unloaded: -0.2512
           Episode_Reward/body_velocity: -1.1254
              Episode_Reward/not_moving: -1.6836
            Episode_Reward/joint_vel_l2: -0.4325
        Episode_Reward/joint_vel_limits: -0.0006
       Episode_Reward/base_height_rough: 0.7273
--------------------------------------------------------------------------------
                         Iteration time: 3.75s
                           Time elapsed: 0:00:47
                                    ETA: 0:01:50

################################################################################
[1m                            Learning iteration 9/30                             [0m 

                               Run name: height_tracking_g1
                            Total steps: 491520 
                       Steps per second: 15365 
                        Collection time: 3.047s 
                          Learning time: 0.152s 
                        Mean value loss: 3.7467
                    Mean surrogate loss: -0.0109
                      Mean entropy loss: 39.9610
                     Mean symmetry loss: 0.0006
                   Mean l2c2_actor loss: 0.0035
                  Mean l2c2_critic loss: 0.0314
                            Mean reward: -533.83
                    Mean episode length: 217.93
                        Mean action std: 0.96
                    Entropy coefficient: 0.002500
        Episode_Reward/base_height_fine: 2.6237
              Episode_Reward/feet_slide: -0.2669
        Curriculum/random_fallen_states: 0.0000
    Episode_Reward/joint_tracking_error: -0.9955
        Episode_Reward/joint_torques_l2: -0.2878
        Episode_Reward/joint_pos_limits: -0.0013
        Episode_Reward/action_rate_rate: -7.5671
           Curriculum/polish_not_moving: -1.0000
           Episode_Reward/torque_limits: -0.3580
            Episode_Reward/joint_acc_l2: -0.0845
         Curriculum/polish_joint_vel_l2: -0.0010
             Episode_Reward/ground_slam: -0.8243
      Episode_Reward/base_height_medium: 1.4793
              Episode_Reward/torso_slam: -0.5094
              Curriculum/terrain_levels: 0.0000
           Curriculum/polish_torso_slam: -5.0000
  Episode_Reward/feet_distance_standing: -0.0843
            Metrics/height/height_error: 0.0360
              Episode_Reward/torso_roll: -0.3740
               Episode_Reward/flat_feet: -0.7960
      Episode_Termination/invalid_state: 0.0029
           Episode_Reward/feet_yaw_mean: -0.1145
               Curriculum/adaptive_lift: 0.9834
      Episode_Reward/joint_deviation_l1: -0.3447
 Episode_Reward/joint_deviation_l1_arms: -0.1672
           Episode_Reward/feet_distance: -0.0873
     Episode_Reward/completely_airborne: -4.9865
              Episode_Reward/relaxation: -2.2304
     Curriculum/polish_action_rate_rate: -0.1500
           Episode_Termination/time_out: 0.2991
             Episode_Reward/action_rate: -16.9049
           Episode_Reward/torso_upright: -0.0286
          Curriculum/polish_ground_slam: -1.0000
        Episode_Reward/illegal_contacts: -0.1317
           Episode_Reward/ankle_torques: -0.0808
         Episode_Reward/severely_tilted: -0.0027
           Episode_Reward/forward_pitch: -0.6410
         Episode_Reward/ground_unloaded: -0.2989
           Episode_Reward/body_velocity: -1.2625
              Episode_Reward/not_moving: -2.1123
            Episode_Reward/joint_vel_l2: -0.4955
        Episode_Reward/joint_vel_limits: -0.0007
       Episode_Reward/base_height_rough: 0.8673
--------------------------------------------------------------------------------
                         Iteration time: 3.20s
                           Time elapsed: 0:00:50
                                    ETA: 0:01:41

################################################################################
[1m                            Learning iteration 10/30                            [0m 

                               Run name: height_tracking_g1
                            Total steps: 540672 
                       Steps per second: 16621 
                        Collection time: 2.805s 
                          Learning time: 0.153s 
                        Mean value loss: 3.7088
                    Mean surrogate loss: -0.0081
                      Mean entropy loss: 39.8499
                     Mean symmetry loss: 0.0005
                   Mean l2c2_actor loss: 0.0036
                  Mean l2c2_critic loss: 0.0321
                            Mean reward: -580.61
                    Mean episode length: 242.37
                        Mean action std: 0.95
                    Entropy coefficient: 0.002500
        Episode_Reward/base_height_fine: 2.7568
              Episode_Reward/feet_slide: -0.2701
        Curriculum/random_fallen_states: 0.0000
    Episode_Reward/joint_tracking_error: -1.0998
        Episode_Reward/joint_torques_l2: -0.3400
        Episode_Reward/joint_pos_limits: -0.0016
        Episode_Reward/action_rate_rate: -8.2678
           Curriculum/polish_not_moving: -1.0000
           Episode_Reward/torque_limits: -0.3999
            Episode_Reward/joint_acc_l2: -0.1011
         Curriculum/polish_joint_vel_l2: -0.0010
             Episode_Reward/ground_slam: -0.8771
      Episode_Reward/base_height_medium: 1.5749
              Episode_Reward/torso_slam: -0.5657
              Curriculum/terrain_levels: 0.0000
           Curriculum/polish_torso_slam: -5.0000
  Episode_Reward/feet_distance_standing: -0.1109
            Metrics/height/height_error: 0.0471
              Episode_Reward/torso_roll: -0.4180
               Episode_Reward/flat_feet: -0.9479
      Episode_Termination/invalid_state: 0.0029
           Episode_Reward/feet_yaw_mean: -0.1382
               Curriculum/adaptive_lift: 0.9812
      Episode_Reward/joint_deviation_l1: -0.3292
 Episode_Reward/joint_deviation_l1_arms: -0.1611
           Episode_Reward/feet_distance: -0.1110
     Episode_Reward/completely_airborne: -4.4931
              Episode_Reward/relaxation: -2.4036
     Curriculum/polish_action_rate_rate: -0.1500
           Episode_Termination/time_out: 0.3246
             Episode_Reward/action_rate: -18.4990
           Episode_Reward/torso_upright: -0.0272
          Curriculum/polish_ground_slam: -1.0000
        Episode_Reward/illegal_contacts: -0.2004
           Episode_Reward/ankle_torques: -0.1044
         Episode_Reward/severely_tilted: -0.0348
           Episode_Reward/forward_pitch: -0.8866
         Episode_Reward/ground_unloaded: -0.3548
           Episode_Reward/body_velocity: -1.3516
              Episode_Reward/not_moving: -2.0096
            Episode_Reward/joint_vel_l2: -0.5148
        Episode_Reward/joint_vel_limits: -0.0006
       Episode_Reward/base_height_rough: 0.9441
--------------------------------------------------------------------------------
                         Iteration time: 2.96s
                           Time elapsed: 0:00:53
                                    ETA: 0:01:32

################################################################################
[1m                            Learning iteration 11/30                            [0m 

                               Run name: height_tracking_g1
                            Total steps: 589824 
                       Steps per second: 16140 
                        Collection time: 2.880s 
                          Learning time: 0.165s 
                        Mean value loss: 3.4120
                    Mean surrogate loss: -0.0110
                      Mean entropy loss: 39.6874
                     Mean symmetry loss: 0.0006
                   Mean l2c2_actor loss: 0.0039
                  Mean l2c2_critic loss: 0.0301
                            Mean reward: -673.50
                    Mean episode length: 274.76
                        Mean action std: 0.95
                    Entropy coefficient: 0.002500
        Episode_Reward/base_height_fine: 2.5549
              Episode_Reward/feet_slide: -0.3150
        Curriculum/random_fallen_states: 0.0000
    Episode_Reward/joint_tracking_error: -1.1822
        Episode_Reward/joint_torques_l2: -0.3570
        Episode_Reward/joint_pos_limits: -0.0016
        Episode_Reward/action_rate_rate: -9.0880
           Curriculum/polish_not_moving: -1.0000
           Episode_Reward/torque_limits: -0.4101
            Episode_Reward/joint_acc_l2: -0.0960
         Curriculum/polish_joint_vel_l2: -0.0010
             Episode_Reward/ground_slam: -1.0012
      Episode_Reward/base_height_medium: 1.5082
              Episode_Reward/torso_slam: -0.6731
              Curriculum/terrain_levels: 0.0000
           Curriculum/polish_torso_slam: -5.0000
  Episode_Reward/feet_distance_standing: -0.0947
            Metrics/height/height_error: 0.0244
              Episode_Reward/torso_roll: -0.4678
               Episode_Reward/flat_feet: -1.0834
      Episode_Termination/invalid_state: 0.0029
           Episode_Reward/feet_yaw_mean: -0.1290
               Curriculum/adaptive_lift: 0.9790
      Episode_Reward/joint_deviation_l1: -0.3104
 Episode_Reward/joint_deviation_l1_arms: -0.1507
           Episode_Reward/feet_distance: -0.1173
     Episode_Reward/completely_airborne: -5.5521
              Episode_Reward/relaxation: -3.6328
     Curriculum/polish_action_rate_rate: -0.1500
           Episode_Termination/time_out: 0.3546
             Episode_Reward/action_rate: -20.3266
           Episode_Reward/torso_upright: -0.0233
          Curriculum/polish_ground_slam: -1.0000
        Episode_Reward/illegal_contacts: -0.1955
           Episode_Reward/ankle_torques: -0.0816
         Episode_Reward/severely_tilted: -0.0020
           Episode_Reward/forward_pitch: -0.9514
         Episode_Reward/ground_unloaded: -0.2731
           Episode_Reward/body_velocity: -1.4179
              Episode_Reward/not_moving: -2.0204
            Episode_Reward/joint_vel_l2: -0.5684
        Episode_Reward/joint_vel_limits: -0.0007
       Episode_Reward/base_height_rough: 0.9670
--------------------------------------------------------------------------------
                         Iteration time: 3.05s
                           Time elapsed: 0:00:56
                                    ETA: 0:01:24

################################################################################
[1m                            Learning iteration 12/30                            [0m 

                               Run name: height_tracking_g1
                            Total steps: 638976 
                       Steps per second: 17028 
                        Collection time: 2.736s 
                          Learning time: 0.150s 
                        Mean value loss: 3.3527
                    Mean surrogate loss: -0.0087
                      Mean entropy loss: 39.5702
                     Mean symmetry loss: 0.0005
                   Mean l2c2_actor loss: 0.0040
                  Mean l2c2_critic loss: 0.0294
                            Mean reward: -727.44
                    Mean episode length: 296.65
                        Mean action std: 0.94
                    Entropy coefficient: 0.002500
        Episode_Reward/base_height_fine: 3.0940
              Episode_Reward/feet_slide: -0.3543
        Curriculum/random_fallen_states: 0.0000
    Episode_Reward/joint_tracking_error: -1.2691
        Episode_Reward/joint_torques_l2: -0.3959
        Episode_Reward/joint_pos_limits: -0.0017
        Episode_Reward/action_rate_rate: -9.7323
           Curriculum/polish_not_moving: -1.0000
           Episode_Reward/torque_limits: -0.4501
            Episode_Reward/joint_acc_l2: -0.1095
         Curriculum/polish_joint_vel_l2: -0.0010
             Episode_Reward/ground_slam: -1.1344
      Episode_Reward/base_height_medium: 1.7850
              Episode_Reward/torso_slam: -0.8295
              Curriculum/terrain_levels: 0.0000
           Curriculum/polish_torso_slam: -5.0000
  Episode_Reward/feet_distance_standing: -0.0853
            Metrics/height/height_error: 0.0340
              Episode_Reward/torso_roll: -0.5141
               Episode_Reward/flat_feet: -1.2090
      Episode_Termination/invalid_state: 0.0029
           Episode_Reward/feet_yaw_mean: -0.1772
               Curriculum/adaptive_lift: 0.9766
      Episode_Reward/joint_deviation_l1: -0.3384
 Episode_Reward/joint_deviation_l1_arms: -0.1568
           Episode_Reward/feet_distance: -0.1201
     Episode_Reward/completely_airborne: -6.3608
              Episode_Reward/relaxation: -3.8997
     Curriculum/polish_action_rate_rate: -0.1500
           Episode_Termination/time_out: 0.3967
             Episode_Reward/action_rate: -21.7925
           Episode_Reward/torso_upright: -0.0288
          Curriculum/polish_ground_slam: -1.0000
        Episode_Reward/illegal_contacts: -0.1628
           Episode_Reward/ankle_torques: -0.0910
         Episode_Reward/severely_tilted: -0.0041
           Episode_Reward/forward_pitch: -0.7975
         Episode_Reward/ground_unloaded: -0.3341
           Episode_Reward/body_velocity: -1.5702
              Episode_Reward/not_moving: -2.3549
            Episode_Reward/joint_vel_l2: -0.6186
        Episode_Reward/joint_vel_limits: -0.0008
       Episode_Reward/base_height_rough: 1.0969
--------------------------------------------------------------------------------
                         Iteration time: 2.89s
                           Time elapsed: 0:00:59
                                    ETA: 0:01:17

################################################################################
[1m                            Learning iteration 13/30                            [0m 

                               Run name: height_tracking_g1
                            Total steps: 688128 
                       Steps per second: 17446 
                        Collection time: 2.667s 
                          Learning time: 0.150s 
                        Mean value loss: 3.1945
                    Mean surrogate loss: -0.0107
                      Mean entropy loss: 39.3981
                     Mean symmetry loss: 0.0006
                   Mean l2c2_actor loss: 0.0041
                  Mean l2c2_critic loss: 0.0299
                            Mean reward: -763.37
                    Mean episode length: 318.79
                        Mean action std: 0.94
                    Entropy coefficient: 0.002500
        Episode_Reward/base_height_fine: 3.6836
              Episode_Reward/feet_slide: -0.4076
        Curriculum/random_fallen_states: 0.0000
    Episode_Reward/joint_tracking_error: -1.3859
        Episode_Reward/joint_torques_l2: -0.4215
        Episode_Reward/joint_pos_limits: -0.0020
        Episode_Reward/action_rate_rate: -10.4707
           Curriculum/polish_not_moving: -1.0000
           Episode_Reward/torque_limits: -0.5099
            Episode_Reward/joint_acc_l2: -0.1121
         Curriculum/polish_joint_vel_l2: -0.0010
             Episode_Reward/ground_slam: -1.1845
      Episode_Reward/base_height_medium: 2.0787
              Episode_Reward/torso_slam: -0.6850
              Curriculum/terrain_levels: 0.0000
           Curriculum/polish_torso_slam: -5.0000
  Episode_Reward/feet_distance_standing: -0.1498
            Metrics/height/height_error: 0.0599
              Episode_Reward/torso_roll: -0.5368
               Episode_Reward/flat_feet: -1.1237
      Episode_Termination/invalid_state: 0.0029
           Episode_Reward/feet_yaw_mean: -0.1779
               Curriculum/adaptive_lift: 0.9744
      Episode_Reward/joint_deviation_l1: -0.4855
 Episode_Reward/joint_deviation_l1_arms: -0.2232
           Episode_Reward/feet_distance: -0.1364
     Episode_Reward/completely_airborne: -6.7359
              Episode_Reward/relaxation: -3.2890
     Curriculum/polish_action_rate_rate: -0.1500
           Episode_Termination/time_out: 0.4341
             Episode_Reward/action_rate: -23.4296
           Episode_Reward/torso_upright: -0.0469
          Curriculum/polish_ground_slam: -1.0000
        Episode_Reward/illegal_contacts: -0.1645
           Episode_Reward/ankle_torques: -0.1077
         Episode_Reward/severely_tilted: -0.0045
           Episode_Reward/forward_pitch: -0.8454
         Episode_Reward/ground_unloaded: -0.4120
           Episode_Reward/body_velocity: -1.7066
              Episode_Reward/not_moving: -2.9734
            Episode_Reward/joint_vel_l2: -0.6485
        Episode_Reward/joint_vel_limits: -0.0008
       Episode_Reward/base_height_rough: 1.2405
--------------------------------------------------------------------------------
                         Iteration time: 2.82s
                           Time elapsed: 0:01:02
                                    ETA: 0:01:11

################################################################################
[1m                            Learning iteration 14/30                            [0m 

                               Run name: height_tracking_g1
                            Total steps: 737280 
                       Steps per second: 16951 
                        Collection time: 2.749s 
                          Learning time: 0.151s 
                        Mean value loss: 3.1777
                    Mean surrogate loss: -0.0082
                      Mean entropy loss: 39.2633
                     Mean symmetry loss: 0.0005
                   Mean l2c2_actor loss: 0.0042
                  Mean l2c2_critic loss: 0.0251
                            Mean reward: -808.05
                    Mean episode length: 343.43
                        Mean action std: 0.93
                    Entropy coefficient: 0.002500
        Episode_Reward/base_height_fine: 4.1647
              Episode_Reward/feet_slide: -0.4311
        Curriculum/random_fallen_states: 0.0000
    Episode_Reward/joint_tracking_error: -1.4602
        Episode_Reward/joint_torques_l2: -0.4457
        Episode_Reward/joint_pos_limits: -0.0023
        Episode_Reward/action_rate_rate: -11.2100
           Curriculum/polish_not_moving: -1.0000
           Episode_Reward/torque_limits: -0.5088
            Episode_Reward/joint_acc_l2: -0.1282
         Curriculum/polish_joint_vel_l2: -0.0010
             Episode_Reward/ground_slam: -1.2708
      Episode_Reward/base_height_medium: 2.2987
              Episode_Reward/torso_slam: -0.8694
              Curriculum/terrain_levels: 0.0000
           Curriculum/polish_torso_slam: -5.0000
  Episode_Reward/feet_distance_standing: -0.1374
            Metrics/height/height_error: 0.0441
              Episode_Reward/torso_roll: -0.5677
               Episode_Reward/flat_feet: -1.3186
      Episode_Termination/invalid_state: 0.0032
           Episode_Reward/feet_yaw_mean: -0.1841
               Curriculum/adaptive_lift: 0.9721
      Episode_Reward/joint_deviation_l1: -0.3734
 Episode_Reward/joint_deviation_l1_arms: -0.1858
           Episode_Reward/feet_distance: -0.1557
     Episode_Reward/completely_airborne: -7.8274
              Episode_Reward/relaxation: -2.8573
     Curriculum/polish_action_rate_rate: -0.1500
           Episode_Termination/time_out: 0.4666
             Episode_Reward/action_rate: -25.0995
           Episode_Reward/torso_upright: -0.0348
          Curriculum/polish_ground_slam: -1.0000
        Episode_Reward/illegal_contacts: -0.1171
           Episode_Reward/ankle_torques: -0.1214
         Episode_Reward/severely_tilted: -0.0107
           Episode_Reward/forward_pitch: -0.6262
         Episode_Reward/ground_unloaded: -0.4816
           Episode_Reward/body_velocity: -1.8345
              Episode_Reward/not_moving: -3.3509
            Episode_Reward/joint_vel_l2: -0.7086
        Episode_Reward/joint_vel_limits: -0.0009
       Episode_Reward/base_height_rough: 1.3512
--------------------------------------------------------------------------------
                         Iteration time: 2.90s
                           Time elapsed: 0:01:05
                                    ETA: 0:01:05

################################################################################
[1m                            Learning iteration 15/30                            [0m 

                               Run name: height_tracking_g1
                            Total steps: 786432 
                       Steps per second: 16652 
                        Collection time: 2.800s 
                          Learning time: 0.152s 
                        Mean value loss: 2.9100
                    Mean surrogate loss: -0.0097
                      Mean entropy loss: 39.1184
                     Mean symmetry loss: 0.0005
                   Mean l2c2_actor loss: 0.0043
                  Mean l2c2_critic loss: 0.0249
                            Mean reward: -835.79
                    Mean episode length: 361.36
                        Mean action std: 0.93
                    Entropy coefficient: 0.002500
        Episode_Reward/base_height_fine: 4.8009
              Episode_Reward/feet_slide: -0.4141
        Curriculum/random_fallen_states: 0.0000
    Episode_Reward/joint_tracking_error: -1.5660
        Episode_Reward/joint_torques_l2: -0.5072
        Episode_Reward/joint_pos_limits: -0.0025
        Episode_Reward/action_rate_rate: -11.7143
           Curriculum/polish_not_moving: -1.0000
           Episode_Reward/torque_limits: -0.5806
            Episode_Reward/joint_acc_l2: -0.1443
         Curriculum/polish_joint_vel_l2: -0.0010
             Episode_Reward/ground_slam: -1.2647
      Episode_Reward/base_height_medium: 2.6834
              Episode_Reward/torso_slam: -0.8870
              Curriculum/terrain_levels: 0.0000
           Curriculum/polish_torso_slam: -5.0000
  Episode_Reward/feet_distance_standing: -0.1128
            Metrics/height/height_error: 0.0363
              Episode_Reward/torso_roll: -0.6339
               Episode_Reward/flat_feet: -1.3634
      Episode_Termination/invalid_state: 0.0035
           Episode_Reward/feet_yaw_mean: -0.2085
               Curriculum/adaptive_lift: 0.9698
      Episode_Reward/joint_deviation_l1: -0.4375
 Episode_Reward/joint_deviation_l1_arms: -0.1970
           Episode_Reward/feet_distance: -0.1572
     Episode_Reward/completely_airborne: -7.6109
              Episode_Reward/relaxation: -3.1101
     Curriculum/polish_action_rate_rate: -0.1500
           Episode_Termination/time_out: 0.4979
             Episode_Reward/action_rate: -26.2608
           Episode_Reward/torso_upright: -0.0398
          Curriculum/polish_ground_slam: -1.0000
        Episode_Reward/illegal_contacts: -0.1526
           Episode_Reward/ankle_torques: -0.1253
         Episode_Reward/severely_tilted: -0.0079
           Episode_Reward/forward_pitch: -0.7365
         Episode_Reward/ground_unloaded: -0.5454
           Episode_Reward/body_velocity: -1.8365
              Episode_Reward/not_moving: -3.6942
            Episode_Reward/joint_vel_l2: -0.7233
        Episode_Reward/joint_vel_limits: -0.0009
       Episode_Reward/base_height_rough: 1.5467
--------------------------------------------------------------------------------
                         Iteration time: 2.95s
                           Time elapsed: 0:01:08
                                    ETA: 0:00:59

################################################################################
[1m                            Learning iteration 16/30                            [0m 

                               Run name: height_tracking_g1
                            Total steps: 835584 
                       Steps per second: 17564 
                        Collection time: 2.644s 
                          Learning time: 0.154s 
                        Mean value loss: 2.8246
                    Mean surrogate loss: -0.0118
                      Mean entropy loss: 38.9455
                     Mean symmetry loss: 0.0005
                   Mean l2c2_actor loss: 0.0043
                  Mean l2c2_critic loss: 0.0210
                            Mean reward: -898.08
                    Mean episode length: 383.19
                        Mean action std: 0.92
                    Entropy coefficient: 0.002500
        Episode_Reward/base_height_fine: 4.9665
              Episode_Reward/feet_slide: -0.4942
        Curriculum/random_fallen_states: 0.0000
    Episode_Reward/joint_tracking_error: -1.6555
        Episode_Reward/joint_torques_l2: -0.5154
        Episode_Reward/joint_pos_limits: -0.0023
        Episode_Reward/action_rate_rate: -12.5856
           Curriculum/polish_not_moving: -1.0000
           Episode_Reward/torque_limits: -0.6116
            Episode_Reward/joint_acc_l2: -0.1429
         Curriculum/polish_joint_vel_l2: -0.0010
             Episode_Reward/ground_slam: -1.4052
      Episode_Reward/base_height_medium: 2.7794
              Episode_Reward/torso_slam: -0.8442
              Curriculum/terrain_levels: 0.0000
           Curriculum/polish_torso_slam: -5.0000
  Episode_Reward/feet_distance_standing: -0.1614
            Metrics/height/height_error: 0.0398
              Episode_Reward/torso_roll: -0.6402
               Episode_Reward/flat_feet: -1.4550
      Episode_Termination/invalid_state: 0.0039
           Episode_Reward/feet_yaw_mean: -0.1858
               Curriculum/adaptive_lift: 0.9676
      Episode_Reward/joint_deviation_l1: -0.5716
 Episode_Reward/joint_deviation_l1_arms: -0.2700
           Episode_Reward/feet_distance: -0.1593
     Episode_Reward/completely_airborne: -8.9606
              Episode_Reward/relaxation: -3.4938
     Curriculum/polish_action_rate_rate: -0.1500
           Episode_Termination/time_out: 0.5265
             Episode_Reward/action_rate: -28.2023
           Episode_Reward/torso_upright: -0.0588
          Curriculum/polish_ground_slam: -1.0000
        Episode_Reward/illegal_contacts: -0.2103
           Episode_Reward/ankle_torques: -0.1056
         Episode_Reward/severely_tilted: -0.0044
           Episode_Reward/forward_pitch: -1.0958
         Episode_Reward/ground_unloaded: -0.5182
           Episode_Reward/body_velocity: -2.0974
              Episode_Reward/not_moving: -3.9276
            Episode_Reward/joint_vel_l2: -0.8199
        Episode_Reward/joint_vel_limits: -0.0010
       Episode_Reward/base_height_rough: 1.6112
--------------------------------------------------------------------------------
                         Iteration time: 2.80s
                           Time elapsed: 0:01:10
                                    ETA: 0:00:54

################################################################################
[1m                            Learning iteration 17/30                            [0m 

                               Run name: height_tracking_g1
                            Total steps: 884736 
                       Steps per second: 17371 
                        Collection time: 2.679s 
                          Learning time: 0.151s 
                        Mean value loss: 2.5255
                    Mean surrogate loss: -0.0154
                      Mean entropy loss: 38.6830
                     Mean symmetry loss: 0.0005
                   Mean l2c2_actor loss: 0.0045
                  Mean l2c2_critic loss: 0.0154
                            Mean reward: -967.00
                    Mean episode length: 414.54
                        Mean action std: 0.92
                    Entropy coefficient: 0.002500
        Episode_Reward/base_height_fine: 4.8109
              Episode_Reward/feet_slide: -0.4910
        Curriculum/random_fallen_states: 0.0000
    Episode_Reward/joint_tracking_error: -1.7382
        Episode_Reward/joint_torques_l2: -0.5327
        Episode_Reward/joint_pos_limits: -0.0027
        Episode_Reward/action_rate_rate: -13.2562
           Curriculum/polish_not_moving: -1.0000
           Episode_Reward/torque_limits: -0.6070
            Episode_Reward/joint_acc_l2: -0.1484
         Curriculum/polish_joint_vel_l2: -0.0010
             Episode_Reward/ground_slam: -1.5023
      Episode_Reward/base_height_medium: 2.6881
              Episode_Reward/torso_slam: -1.0763
              Curriculum/terrain_levels: 0.0000
           Curriculum/polish_torso_slam: -5.0000
  Episode_Reward/feet_distance_standing: -0.1562
            Metrics/height/height_error: 0.0439
              Episode_Reward/torso_roll: -0.7002
               Episode_Reward/flat_feet: -1.6067
      Episode_Termination/invalid_state: 0.0039
           Episode_Reward/feet_yaw_mean: -0.2139
               Curriculum/adaptive_lift: 0.9654
      Episode_Reward/joint_deviation_l1: -0.4521
 Episode_Reward/joint_deviation_l1_arms: -0.2402
           Episode_Reward/feet_distance: -0.1803
     Episode_Reward/completely_airborne: -8.8576
              Episode_Reward/relaxation: -4.0839
     Curriculum/polish_action_rate_rate: -0.1500
           Episode_Termination/time_out: 0.5576
             Episode_Reward/action_rate: -29.6953
           Episode_Reward/torso_upright: -0.0436
          Curriculum/polish_ground_slam: -1.0000
        Episode_Reward/illegal_contacts: -0.2188
           Episode_Reward/ankle_torques: -0.1301
         Episode_Reward/severely_tilted: -0.0009
           Episode_Reward/forward_pitch: -1.0643
         Episode_Reward/ground_unloaded: -0.5331
           Episode_Reward/body_velocity: -2.1845
              Episode_Reward/not_moving: -3.7266
            Episode_Reward/joint_vel_l2: -0.8585
        Episode_Reward/joint_vel_limits: -0.0011
       Episode_Reward/base_height_rough: 1.5918
--------------------------------------------------------------------------------
                         Iteration time: 2.83s
                           Time elapsed: 0:01:13
                                    ETA: 0:00:49

################################################################################
[1m                            Learning iteration 18/30                            [0m 

                               Run name: height_tracking_g1
                            Total steps: 933888 
                       Steps per second: 17487 
                        Collection time: 2.660s 
                          Learning time: 0.151s 
                        Mean value loss: 2.3943
                    Mean surrogate loss: -0.0136
                      Mean entropy loss: 38.5464
                     Mean symmetry loss: 0.0005
                   Mean l2c2_actor loss: 0.0047
                  Mean l2c2_critic loss: 0.0168
                            Mean reward: -1023.06
                    Mean episode length: 438.49
                        Mean action std: 0.91
                    Entropy coefficient: 0.002500
        Episode_Reward/base_height_fine: 5.6424
              Episode_Reward/feet_slide: -0.5184
        Curriculum/random_fallen_states: 0.0000
    Episode_Reward/joint_tracking_error: -1.8640
        Episode_Reward/joint_torques_l2: -0.6333
        Episode_Reward/joint_pos_limits: -0.0027
        Episode_Reward/action_rate_rate: -13.9438
           Curriculum/polish_not_moving: -1.0000
           Episode_Reward/torque_limits: -0.6689
            Episode_Reward/joint_acc_l2: -0.1975
         Curriculum/polish_joint_vel_l2: -0.0010
             Episode_Reward/ground_slam: -1.4614
      Episode_Reward/base_height_medium: 3.1531
              Episode_Reward/torso_slam: -0.9621
              Curriculum/terrain_levels: 0.0000
           Curriculum/polish_torso_slam: -5.0000
  Episode_Reward/feet_distance_standing: -0.2159
            Metrics/height/height_error: 0.0494
              Episode_Reward/torso_roll: -0.7269
               Episode_Reward/flat_feet: -1.5156
      Episode_Termination/invalid_state: 0.0039
           Episode_Reward/feet_yaw_mean: -0.2333
               Curriculum/adaptive_lift: 0.9630
      Episode_Reward/joint_deviation_l1: -0.7030
 Episode_Reward/joint_deviation_l1_arms: -0.3400
           Episode_Reward/feet_distance: -0.2024
     Episode_Reward/completely_airborne: -10.3357
              Episode_Reward/relaxation: -4.3366
     Curriculum/polish_action_rate_rate: -0.1500
           Episode_Termination/time_out: 0.5897
             Episode_Reward/action_rate: -31.2460
           Episode_Reward/torso_upright: -0.0744
          Curriculum/polish_ground_slam: -1.0000
        Episode_Reward/illegal_contacts: -0.1960
           Episode_Reward/ankle_torques: -0.1411
         Episode_Reward/severely_tilted: -0.0048
           Episode_Reward/forward_pitch: -0.9738
         Episode_Reward/ground_unloaded: -0.5957
           Episode_Reward/body_velocity: -2.3705
              Episode_Reward/not_moving: -4.4926
            Episode_Reward/joint_vel_l2: -0.9330
        Episode_Reward/joint_vel_limits: -0.0013
       Episode_Reward/base_height_rough: 1.8163
--------------------------------------------------------------------------------
                         Iteration time: 2.81s
                           Time elapsed: 0:01:16
                                    ETA: 0:00:44

################################################################################
[1m                            Learning iteration 19/30                            [0m 

                               Run name: height_tracking_g1
                            Total steps: 983040 
                       Steps per second: 17557 
                        Collection time: 2.650s 
                          Learning time: 0.150s 
                        Mean value loss: 2.3751
                    Mean surrogate loss: -0.0091
                      Mean entropy loss: 38.4177
                     Mean symmetry loss: 0.0005
                   Mean l2c2_actor loss: 0.0047
                  Mean l2c2_critic loss: 0.0151
                            Mean reward: -1063.79
                    Mean episode length: 462.04
                        Mean action std: 0.91
                    Entropy coefficient: 0.002500
        Episode_Reward/base_height_fine: 5.9008
              Episode_Reward/feet_slide: -0.5748
        Curriculum/random_fallen_states: 0.0000
    Episode_Reward/joint_tracking_error: -1.8975
        Episode_Reward/joint_torques_l2: -0.6301
        Episode_Reward/joint_pos_limits: -0.0028
        Episode_Reward/action_rate_rate: -14.5636
           Curriculum/polish_not_moving: -1.0000
           Episode_Reward/torque_limits: -0.6937
            Episode_Reward/joint_acc_l2: -0.1797
         Curriculum/polish_joint_vel_l2: -0.0010
             Episode_Reward/ground_slam: -1.6038
      Episode_Reward/base_height_medium: 3.3056
              Episode_Reward/torso_slam: -0.9408
              Curriculum/terrain_levels: 0.0000
           Curriculum/polish_torso_slam: -5.0000
  Episode_Reward/feet_distance_standing: -0.2092
            Metrics/height/height_error: 0.0452
              Episode_Reward/torso_roll: -0.7497
               Episode_Reward/flat_feet: -1.7855
      Episode_Termination/invalid_state: 0.0039
           Episode_Reward/feet_yaw_mean: -0.2204
               Curriculum/adaptive_lift: 0.9609
      Episode_Reward/joint_deviation_l1: -0.5777
 Episode_Reward/joint_deviation_l1_arms: -0.2765
           Episode_Reward/feet_distance: -0.2059
     Episode_Reward/completely_airborne: -10.4539
              Episode_Reward/relaxation: -4.6419
     Curriculum/polish_action_rate_rate: -0.1500
           Episode_Termination/time_out: 0.6237
             Episode_Reward/action_rate: -32.6500
           Episode_Reward/torso_upright: -0.0566
          Curriculum/polish_ground_slam: -1.0000
        Episode_Reward/illegal_contacts: -0.2400
           Episode_Reward/ankle_torques: -0.1318
         Episode_Reward/severely_tilted: -0.0146
           Episode_Reward/forward_pitch: -1.2445
         Episode_Reward/ground_unloaded: -0.6105
           Episode_Reward/body_velocity: -2.2803
              Episode_Reward/not_moving: -4.4408
            Episode_Reward/joint_vel_l2: -0.9252
        Episode_Reward/joint_vel_limits: -0.0011
       Episode_Reward/base_height_rough: 1.9109
--------------------------------------------------------------------------------
                         Iteration time: 2.80s
                           Time elapsed: 0:01:19
                                    ETA: 0:00:39

################################################################################
[1m                            Learning iteration 20/30                            [0m 

                               Run name: height_tracking_g1
                            Total steps: 1032192 
                       Steps per second: 17487 
                        Collection time: 2.659s 
                          Learning time: 0.151s 
                        Mean value loss: 2.2345
                    Mean surrogate loss: -0.0123
                      Mean entropy loss: 38.2197
                     Mean symmetry loss: 0.0005
                   Mean l2c2_actor loss: 0.0048
                  Mean l2c2_critic loss: 0.0139
                            Mean reward: -1113.35
                    Mean episode length: 489.29
                        Mean action std: 0.90
                    Entropy coefficient: 0.002500
        Episode_Reward/base_height_fine: 5.5232
              Episode_Reward/feet_slide: -0.5878
        Curriculum/random_fallen_states: 0.0000
    Episode_Reward/joint_tracking_error: -1.9880
        Episode_Reward/joint_torques_l2: -0.6021
        Episode_Reward/joint_pos_limits: -0.0029
        Episode_Reward/action_rate_rate: -15.2247
           Curriculum/polish_not_moving: -1.0000
           Episode_Reward/torque_limits: -0.6683
            Episode_Reward/joint_acc_l2: -0.1713
         Curriculum/polish_joint_vel_l2: -0.0010
             Episode_Reward/ground_slam: -1.7247
      Episode_Reward/base_height_medium: 3.0848
              Episode_Reward/torso_slam: -1.0859
              Curriculum/terrain_levels: 0.0000
           Curriculum/polish_torso_slam: -5.0000
  Episode_Reward/feet_distance_standing: -0.2089
            Metrics/height/height_error: 0.0590
              Episode_Reward/torso_roll: -0.8123
               Episode_Reward/flat_feet: -1.8776
      Episode_Termination/invalid_state: 0.0039
           Episode_Reward/feet_yaw_mean: -0.2290
               Curriculum/adaptive_lift: 0.9588
      Episode_Reward/joint_deviation_l1: -0.6174
 Episode_Reward/joint_deviation_l1_arms: -0.2770
           Episode_Reward/feet_distance: -0.2210
     Episode_Reward/completely_airborne: -9.7112
              Episode_Reward/relaxation: -4.9798
     Curriculum/polish_action_rate_rate: -0.1500
           Episode_Termination/time_out: 0.6548
             Episode_Reward/action_rate: -34.1364
           Episode_Reward/torso_upright: -0.0636
          Curriculum/polish_ground_slam: -1.0000
        Episode_Reward/illegal_contacts: -0.3310
           Episode_Reward/ankle_torques: -0.1544
         Episode_Reward/severely_tilted: -0.0121
           Episode_Reward/forward_pitch: -1.6401
         Episode_Reward/ground_unloaded: -0.6085
           Episode_Reward/body_velocity: -2.3635
              Episode_Reward/not_moving: -4.3251
            Episode_Reward/joint_vel_l2: -0.9743
        Episode_Reward/joint_vel_limits: -0.0012
       Episode_Reward/base_height_rough: 1.8405
--------------------------------------------------------------------------------
                         Iteration time: 2.81s
                           Time elapsed: 0:01:22
                                    ETA: 0:00:35

################################################################################
[1m                            Learning iteration 21/30                            [0m 

                               Run name: height_tracking_g1
                            Total steps: 1081344 
                       Steps per second: 17374 
                        Collection time: 2.678s 
                          Learning time: 0.151s 
                        Mean value loss: 2.1536
                    Mean surrogate loss: -0.0134
                      Mean entropy loss: 38.0266
                     Mean symmetry loss: 0.0004
                   Mean l2c2_actor loss: 0.0050
                  Mean l2c2_critic loss: 0.0114
                            Mean reward: -1163.36
                    Mean episode length: 512.16
                        Mean action std: 0.90
                    Entropy coefficient: 0.002500
        Episode_Reward/base_height_fine: 6.0801
              Episode_Reward/feet_slide: -0.6233
        Curriculum/random_fallen_states: 0.0000
    Episode_Reward/joint_tracking_error: -2.0787
        Episode_Reward/joint_torques_l2: -0.6645
        Episode_Reward/joint_pos_limits: -0.0033
        Episode_Reward/action_rate_rate: -15.9308
           Curriculum/polish_not_moving: -1.0000
           Episode_Reward/torque_limits: -0.7548
            Episode_Reward/joint_acc_l2: -0.1930
         Curriculum/polish_joint_vel_l2: -0.0010
             Episode_Reward/ground_slam: -1.8342
      Episode_Reward/base_height_medium: 3.4033
              Episode_Reward/torso_slam: -1.2158
              Curriculum/terrain_levels: 0.0000
           Curriculum/polish_torso_slam: -5.0000
  Episode_Reward/feet_distance_standing: -0.1957
            Metrics/height/height_error: 0.0516
              Episode_Reward/torso_roll: -0.8824
               Episode_Reward/flat_feet: -1.9305
      Episode_Termination/invalid_state: 0.0039
           Episode_Reward/feet_yaw_mean: -0.2572
               Curriculum/adaptive_lift: 0.9565
      Episode_Reward/joint_deviation_l1: -0.6265
 Episode_Reward/joint_deviation_l1_arms: -0.2824
           Episode_Reward/feet_distance: -0.2266
     Episode_Reward/completely_airborne: -10.7304
              Episode_Reward/relaxation: -4.9900
     Curriculum/polish_action_rate_rate: -0.1500
           Episode_Termination/time_out: 0.6939
             Episode_Reward/action_rate: -35.7402
           Episode_Reward/torso_upright: -0.0604
          Curriculum/polish_ground_slam: -1.0000
        Episode_Reward/illegal_contacts: -0.2378
           Episode_Reward/ankle_torques: -0.1626
         Episode_Reward/severely_tilted: -0.0045
           Episode_Reward/forward_pitch: -1.2295
         Episode_Reward/ground_unloaded: -0.6721
           Episode_Reward/body_velocity: -2.5364
              Episode_Reward/not_moving: -4.6330
            Episode_Reward/joint_vel_l2: -0.9867
        Episode_Reward/joint_vel_limits: -0.0011
       Episode_Reward/base_height_rough: 2.0097
--------------------------------------------------------------------------------
                         Iteration time: 2.83s
                           Time elapsed: 0:01:25
                                    ETA: 0:00:30

################################################################################
[1m                            Learning iteration 22/30                            [0m 

                               Run name: height_tracking_g1
                            Total steps: 1130496 
                       Steps per second: 17546 
                        Collection time: 2.651s 
                          Learning time: 0.150s 
                        Mean value loss: 1.9491
                    Mean surrogate loss: -0.0157
                      Mean entropy loss: 37.8161
                     Mean symmetry loss: 0.0005
                   Mean l2c2_actor loss: 0.0052
                  Mean l2c2_critic loss: 0.0101
                            Mean reward: -1184.27
                    Mean episode length: 524.49
                        Mean action std: 0.89
                    Entropy coefficient: 0.002500
        Episode_Reward/base_height_fine: 6.2905
              Episode_Reward/feet_slide: -0.6075
        Curriculum/random_fallen_states: 0.0000
    Episode_Reward/joint_tracking_error: -2.1009
        Episode_Reward/joint_torques_l2: -0.6787
        Episode_Reward/joint_pos_limits: -0.0032
        Episode_Reward/action_rate_rate: -16.0243
           Curriculum/polish_not_moving: -1.0000
           Episode_Reward/torque_limits: -0.7545
            Episode_Reward/joint_acc_l2: -0.1957
         Curriculum/polish_joint_vel_l2: -0.0010
             Episode_Reward/ground_slam: -1.8066
      Episode_Reward/base_height_medium: 3.4461
              Episode_Reward/torso_slam: -1.2345
              Curriculum/terrain_levels: 0.0000
           Curriculum/polish_torso_slam: -5.0000
  Episode_Reward/feet_distance_standing: -0.2188
            Metrics/height/height_error: 0.0455
              Episode_Reward/torso_roll: -0.8696
               Episode_Reward/flat_feet: -2.0582
      Episode_Termination/invalid_state: 0.0043
           Episode_Reward/feet_yaw_mean: -0.2910
               Curriculum/adaptive_lift: 0.9543
      Episode_Reward/joint_deviation_l1: -0.6313
 Episode_Reward/joint_deviation_l1_arms: -0.3035
           Episode_Reward/feet_distance: -0.2212
     Episode_Reward/completely_airborne: -10.8965
              Episode_Reward/relaxation: -5.1645
     Curriculum/polish_action_rate_rate: -0.1500
           Episode_Termination/time_out: 0.7221
             Episode_Reward/action_rate: -35.9981
           Episode_Reward/torso_upright: -0.0700
          Curriculum/polish_ground_slam: -1.0000
        Episode_Reward/illegal_contacts: -0.3108
           Episode_Reward/ankle_torques: -0.1774
         Episode_Reward/severely_tilted: -0.0175
           Episode_Reward/forward_pitch: -1.4276
         Episode_Reward/ground_unloaded: -0.6991
           Episode_Reward/body_velocity: -2.5873
              Episode_Reward/not_moving: -5.1380
            Episode_Reward/joint_vel_l2: -1.0357
        Episode_Reward/joint_vel_limits: -0.0012
       Episode_Reward/base_height_rough: 2.0145
--------------------------------------------------------------------------------
                         Iteration time: 2.80s
                           Time elapsed: 0:01:27
                                    ETA: 0:00:26

################################################################################
[1m                            Learning iteration 23/30                            [0m 

                               Run name: height_tracking_g1
                            Total steps: 1179648 
                       Steps per second: 17632 
                        Collection time: 2.637s 
                          Learning time: 0.150s 
                        Mean value loss: 1.9659
                    Mean surrogate loss: -0.0092
                      Mean entropy loss: 37.6900
                     Mean symmetry loss: 0.0004
                   Mean l2c2_actor loss: 0.0053
                  Mean l2c2_critic loss: 0.0095
                            Mean reward: -1238.27
                    Mean episode length: 550.82
                        Mean action std: 0.89
                    Entropy coefficient: 0.002500
        Episode_Reward/base_height_fine: 7.0907
              Episode_Reward/feet_slide: -0.6692
        Curriculum/random_fallen_states: 0.0000
    Episode_Reward/joint_tracking_error: -2.2631
        Episode_Reward/joint_torques_l2: -0.7377
        Episode_Reward/joint_pos_limits: -0.0035
        Episode_Reward/action_rate_rate: -17.1887
           Curriculum/polish_not_moving: -1.0000
           Episode_Reward/torque_limits: -0.8306
            Episode_Reward/joint_acc_l2: -0.2087
         Curriculum/polish_joint_vel_l2: -0.0010
             Episode_Reward/ground_slam: -1.9231
      Episode_Reward/base_height_medium: 3.9618
              Episode_Reward/torso_slam: -1.2703
              Curriculum/terrain_levels: 0.0000
           Curriculum/polish_torso_slam: -5.0000
  Episode_Reward/feet_distance_standing: -0.2452
            Metrics/height/height_error: 0.0503
              Episode_Reward/torso_roll: -0.9213
               Episode_Reward/flat_feet: -2.0936
      Episode_Termination/invalid_state: 0.0044
           Episode_Reward/feet_yaw_mean: -0.2913
               Curriculum/adaptive_lift: 0.9521
      Episode_Reward/joint_deviation_l1: -0.6937
 Episode_Reward/joint_deviation_l1_arms: -0.3466
           Episode_Reward/feet_distance: -0.2445
     Episode_Reward/completely_airborne: -12.0549
              Episode_Reward/relaxation: -4.3282
     Curriculum/polish_action_rate_rate: -0.1500
           Episode_Termination/time_out: 0.7467
             Episode_Reward/action_rate: -38.5458
           Episode_Reward/torso_upright: -0.0789
          Curriculum/polish_ground_slam: -1.0000
        Episode_Reward/illegal_contacts: -0.2968
           Episode_Reward/ankle_torques: -0.1590
         Episode_Reward/severely_tilted: -0.0125
           Episode_Reward/forward_pitch: -1.4558
         Episode_Reward/ground_unloaded: -0.7956
           Episode_Reward/body_velocity: -2.7457
              Episode_Reward/not_moving: -5.4965
            Episode_Reward/joint_vel_l2: -1.0902
        Episode_Reward/joint_vel_limits: -0.0013
       Episode_Reward/base_height_rough: 2.3008
--------------------------------------------------------------------------------
                         Iteration time: 2.79s
                           Time elapsed: 0:01:30
                                    ETA: 0:00:22

################################################################################
[1m                            Learning iteration 24/30                            [0m 

                               Run name: height_tracking_g1
                            Total steps: 1228800 
                       Steps per second: 17615 
                        Collection time: 2.636s 
                          Learning time: 0.154s 
                        Mean value loss: 1.9819
                    Mean surrogate loss: -0.0135
                      Mean entropy loss: 37.4868
                     Mean symmetry loss: 0.0005
                   Mean l2c2_actor loss: 0.0054
                  Mean l2c2_critic loss: 0.0088
                            Mean reward: -1318.29
                    Mean episode length: 579.10
                        Mean action std: 0.88
                    Entropy coefficient: 0.002500
        Episode_Reward/base_height_fine: 6.1112
              Episode_Reward/feet_slide: -0.7042
        Curriculum/random_fallen_states: 0.0000
    Episode_Reward/joint_tracking_error: -2.3012
        Episode_Reward/joint_torques_l2: -0.7167
        Episode_Reward/joint_pos_limits: -0.0034
        Episode_Reward/action_rate_rate: -17.7816
           Curriculum/polish_not_moving: -1.0000
           Episode_Reward/torque_limits: -0.8398
            Episode_Reward/joint_acc_l2: -0.1950
         Curriculum/polish_joint_vel_l2: -0.0010
             Episode_Reward/ground_slam: -2.0880
      Episode_Reward/base_height_medium: 3.4473
              Episode_Reward/torso_slam: -1.4013
              Curriculum/terrain_levels: 0.0000
           Curriculum/polish_torso_slam: -5.0000
  Episode_Reward/feet_distance_standing: -0.1834
            Metrics/height/height_error: 0.0451
              Episode_Reward/torso_roll: -0.9210
               Episode_Reward/flat_feet: -2.4011
      Episode_Termination/invalid_state: 0.0044
           Episode_Reward/feet_yaw_mean: -0.2501
               Curriculum/adaptive_lift: 0.9500
      Episode_Reward/joint_deviation_l1: -0.6643
 Episode_Reward/joint_deviation_l1_arms: -0.3101
           Episode_Reward/feet_distance: -0.2311
     Episode_Reward/completely_airborne: -12.4076
              Episode_Reward/relaxation: -6.7488
     Curriculum/polish_action_rate_rate: -0.1500
           Episode_Termination/time_out: 0.7747
             Episode_Reward/action_rate: -39.9060
           Episode_Reward/torso_upright: -0.0728
          Curriculum/polish_ground_slam: -1.0000
        Episode_Reward/illegal_contacts: -0.3469
           Episode_Reward/ankle_torques: -0.1849
         Episode_Reward/severely_tilted: -0.0055
           Episode_Reward/forward_pitch: -1.7239
         Episode_Reward/ground_unloaded: -0.6574
           Episode_Reward/body_velocity: -2.7528
              Episode_Reward/not_moving: -4.7733
            Episode_Reward/joint_vel_l2: -1.1426
        Episode_Reward/joint_vel_limits: -0.0014
       Episode_Reward/base_height_rough: 2.1015
--------------------------------------------------------------------------------
                         Iteration time: 2.79s
                           Time elapsed: 0:01:33
                                    ETA: 0:00:18

################################################################################
[1m                            Learning iteration 25/30                            [0m 

                               Run name: height_tracking_g1
                            Total steps: 1277952 
                       Steps per second: 17652 
                        Collection time: 2.635s 
                          Learning time: 0.150s 
                        Mean value loss: 1.6904
                    Mean surrogate loss: -0.0155
                      Mean entropy loss: 37.2708
                     Mean symmetry loss: 0.0005
                   Mean l2c2_actor loss: 0.0055
                  Mean l2c2_critic loss: 0.0080
                            Mean reward: -1356.20
                    Mean episode length: 604.65
                        Mean action std: 0.87
                    Entropy coefficient: 0.002500
        Episode_Reward/base_height_fine: 7.8311
              Episode_Reward/feet_slide: -0.7680
        Curriculum/random_fallen_states: 0.0000
    Episode_Reward/joint_tracking_error: -2.4268
        Episode_Reward/joint_torques_l2: -0.7769
        Episode_Reward/joint_pos_limits: -0.0039
        Episode_Reward/action_rate_rate: -18.3877
           Curriculum/polish_not_moving: -1.0000
           Episode_Reward/torque_limits: -0.8798
            Episode_Reward/joint_acc_l2: -0.2246
         Curriculum/polish_joint_vel_l2: -0.0010
             Episode_Reward/ground_slam: -2.1943
      Episode_Reward/base_height_medium: 4.3384
              Episode_Reward/torso_slam: -1.2898
              Curriculum/terrain_levels: 0.0000
           Curriculum/polish_torso_slam: -5.0000
  Episode_Reward/feet_distance_standing: -0.2511
            Metrics/height/height_error: 0.0502
              Episode_Reward/torso_roll: -0.9921
               Episode_Reward/flat_feet: -2.2736
      Episode_Termination/invalid_state: 0.0044
           Episode_Reward/feet_yaw_mean: -0.3072
               Curriculum/adaptive_lift: 0.9479
      Episode_Reward/joint_deviation_l1: -0.7656
 Episode_Reward/joint_deviation_l1_arms: -0.3582
           Episode_Reward/feet_distance: -0.2500
     Episode_Reward/completely_airborne: -12.1268
              Episode_Reward/relaxation: -5.2997
     Curriculum/polish_action_rate_rate: -0.1500
           Episode_Termination/time_out: 0.8021
             Episode_Reward/action_rate: -41.2693
           Episode_Reward/torso_upright: -0.0854
          Curriculum/polish_ground_slam: -1.0000
        Episode_Reward/illegal_contacts: -0.3318
           Episode_Reward/ankle_torques: -0.1663
         Episode_Reward/severely_tilted: -0.0117
           Episode_Reward/forward_pitch: -1.6460
         Episode_Reward/ground_unloaded: -0.8294
           Episode_Reward/body_velocity: -2.8410
              Episode_Reward/not_moving: -5.9912
            Episode_Reward/joint_vel_l2: -1.1604
        Episode_Reward/joint_vel_limits: -0.0013
       Episode_Reward/base_height_rough: 2.5046
--------------------------------------------------------------------------------
                         Iteration time: 2.78s
                           Time elapsed: 0:01:36
                                    ETA: 0:00:14

################################################################################
[1m                            Learning iteration 26/30                            [0m 

                               Run name: height_tracking_g1
                            Total steps: 1327104 
                       Steps per second: 17515 
                        Collection time: 2.653s 
                          Learning time: 0.153s 
                        Mean value loss: 1.6139
                    Mean surrogate loss: -0.0131
                      Mean entropy loss: 37.0989
                     Mean symmetry loss: 0.0005
                   Mean l2c2_actor loss: 0.0056
                  Mean l2c2_critic loss: 0.0083
                            Mean reward: -1414.78
                    Mean episode length: 634.09
                        Mean action std: 0.87
                    Entropy coefficient: 0.002500
        Episode_Reward/base_height_fine: 7.7771
              Episode_Reward/feet_slide: -0.7552
        Curriculum/random_fallen_states: 0.0000
    Episode_Reward/joint_tracking_error: -2.4911
        Episode_Reward/joint_torques_l2: -0.8147
        Episode_Reward/joint_pos_limits: -0.0040
        Episode_Reward/action_rate_rate: -18.9904
           Curriculum/polish_not_moving: -1.0000
           Episode_Reward/torque_limits: -0.9012
            Episode_Reward/joint_acc_l2: -0.2328
         Curriculum/polish_joint_vel_l2: -0.0010
             Episode_Reward/ground_slam: -2.1969
      Episode_Reward/base_height_medium: 4.3248
              Episode_Reward/torso_slam: -1.5714
              Curriculum/terrain_levels: 0.0000
           Curriculum/polish_torso_slam: -5.0000
  Episode_Reward/feet_distance_standing: -0.2232
            Metrics/height/height_error: 0.0506
              Episode_Reward/torso_roll: -1.0300
               Episode_Reward/flat_feet: -2.5262
      Episode_Termination/invalid_state: 0.0044
           Episode_Reward/feet_yaw_mean: -0.2843
               Curriculum/adaptive_lift: 0.9458
      Episode_Reward/joint_deviation_l1: -0.7237
 Episode_Reward/joint_deviation_l1_arms: -0.3259
           Episode_Reward/feet_distance: -0.2788
     Episode_Reward/completely_airborne: -13.2731
              Episode_Reward/relaxation: -6.0502
     Curriculum/polish_action_rate_rate: -0.1500
           Episode_Termination/time_out: 0.8360
             Episode_Reward/action_rate: -42.6036
           Episode_Reward/torso_upright: -0.0725
          Curriculum/polish_ground_slam: -1.0000
        Episode_Reward/illegal_contacts: -0.3454
           Episode_Reward/ankle_torques: -0.1612
         Episode_Reward/severely_tilted: -0.0076
           Episode_Reward/forward_pitch: -1.6472
         Episode_Reward/ground_unloaded: -0.8175
           Episode_Reward/body_velocity: -3.0042
              Episode_Reward/not_moving: -6.1054
            Episode_Reward/joint_vel_l2: -1.2145
        Episode_Reward/joint_vel_limits: -0.0013
       Episode_Reward/base_height_rough: 2.5316
--------------------------------------------------------------------------------
                         Iteration time: 2.81s
                           Time elapsed: 0:01:38
                                    ETA: 0:00:10

################################################################################
[1m                            Learning iteration 27/30                            [0m 

                               Run name: height_tracking_g1
                            Total steps: 1376256 
                       Steps per second: 17461 
                        Collection time: 2.665s 
                          Learning time: 0.150s 
                        Mean value loss: 1.5517
                    Mean surrogate loss: -0.0132
                      Mean entropy loss: 36.9263
                     Mean symmetry loss: 0.0004
                   Mean l2c2_actor loss: 0.0057
                  Mean l2c2_critic loss: 0.0072
                            Mean reward: -1463.50
                    Mean episode length: 655.44
                        Mean action std: 0.86
                    Entropy coefficient: 0.002500
        Episode_Reward/base_height_fine: 7.1536
              Episode_Reward/feet_slide: -0.7480
        Curriculum/random_fallen_states: 0.0000
    Episode_Reward/joint_tracking_error: -2.5936
        Episode_Reward/joint_torques_l2: -0.8692
        Episode_Reward/joint_pos_limits: -0.0039
        Episode_Reward/action_rate_rate: -19.5349
           Curriculum/polish_not_moving: -1.0000
           Episode_Reward/torque_limits: -0.9562
            Episode_Reward/joint_acc_l2: -0.2379
         Curriculum/polish_joint_vel_l2: -0.0010
             Episode_Reward/ground_slam: -2.2012
      Episode_Reward/base_height_medium: 4.0227
              Episode_Reward/torso_slam: -1.3613
              Curriculum/terrain_levels: 0.0000
           Curriculum/polish_torso_slam: -5.0000
  Episode_Reward/feet_distance_standing: -0.2248
            Metrics/height/height_error: 0.0438
              Episode_Reward/torso_roll: -1.1279
               Episode_Reward/flat_feet: -2.6325
      Episode_Termination/invalid_state: 0.0044
           Episode_Reward/feet_yaw_mean: -0.3070
               Curriculum/adaptive_lift: 0.9437
      Episode_Reward/joint_deviation_l1: -0.7370
 Episode_Reward/joint_deviation_l1_arms: -0.3412
           Episode_Reward/feet_distance: -0.2817
     Episode_Reward/completely_airborne: -13.3378
              Episode_Reward/relaxation: -7.4864
     Curriculum/polish_action_rate_rate: -0.1500
           Episode_Termination/time_out: 0.8755
             Episode_Reward/action_rate: -43.8831
           Episode_Reward/torso_upright: -0.0745
          Curriculum/polish_ground_slam: -1.0000
        Episode_Reward/illegal_contacts: -0.5106
           Episode_Reward/ankle_torques: -0.1969
         Episode_Reward/severely_tilted: -0.0048
           Episode_Reward/forward_pitch: -2.4227
         Episode_Reward/ground_unloaded: -0.7700
           Episode_Reward/body_velocity: -3.0857
              Episode_Reward/not_moving: -5.5948
            Episode_Reward/joint_vel_l2: -1.2538
        Episode_Reward/joint_vel_limits: -0.0013
       Episode_Reward/base_height_rough: 2.4369
--------------------------------------------------------------------------------
                         Iteration time: 2.81s
                           Time elapsed: 0:01:41
                                    ETA: 0:00:07

################################################################################
[1m                            Learning iteration 28/30                            [0m 

                               Run name: height_tracking_g1
                            Total steps: 1425408 
                       Steps per second: 17667 
                        Collection time: 2.631s 
                          Learning time: 0.151s 
                        Mean value loss: 1.4757
                    Mean surrogate loss: -0.0171
                      Mean entropy loss: 36.6787
                     Mean symmetry loss: 0.0005
                   Mean l2c2_actor loss: 0.0059
                  Mean l2c2_critic loss: 0.0072
                            Mean reward: -1494.94
                    Mean episode length: 678.26
                        Mean action std: 0.86
                    Entropy coefficient: 0.002500
        Episode_Reward/base_height_fine: 8.8781
              Episode_Reward/feet_slide: -0.8446
        Curriculum/random_fallen_states: 0.0000
    Episode_Reward/joint_tracking_error: -2.6723
        Episode_Reward/joint_torques_l2: -0.8133
        Episode_Reward/joint_pos_limits: -0.0043
        Episode_Reward/action_rate_rate: -20.1782
           Curriculum/polish_not_moving: -1.0000
           Episode_Reward/torque_limits: -0.9350
            Episode_Reward/joint_acc_l2: -0.2262
         Curriculum/polish_joint_vel_l2: -0.0010
             Episode_Reward/ground_slam: -2.3445
      Episode_Reward/base_height_medium: 4.8981
              Episode_Reward/torso_slam: -1.4565
              Curriculum/terrain_levels: 0.0000
           Curriculum/polish_torso_slam: -5.0000
  Episode_Reward/feet_distance_standing: -0.2521
            Metrics/height/height_error: 0.0524
              Episode_Reward/torso_roll: -1.1552
               Episode_Reward/flat_feet: -2.6160
      Episode_Termination/invalid_state: 0.0044
           Episode_Reward/feet_yaw_mean: -0.4049
               Curriculum/adaptive_lift: 0.9416
      Episode_Reward/joint_deviation_l1: -0.8313
 Episode_Reward/joint_deviation_l1_arms: -0.3858
           Episode_Reward/feet_distance: -0.2781
     Episode_Reward/completely_airborne: -13.3082
              Episode_Reward/relaxation: -5.3355
     Curriculum/polish_action_rate_rate: -0.1500
           Episode_Termination/time_out: 0.9073
             Episode_Reward/action_rate: -45.3245
           Episode_Reward/torso_upright: -0.0907
          Curriculum/polish_ground_slam: -1.0000
        Episode_Reward/illegal_contacts: -0.4254
           Episode_Reward/ankle_torques: -0.2146
         Episode_Reward/severely_tilted: -0.0190
           Episode_Reward/forward_pitch: -2.1377
         Episode_Reward/ground_unloaded: -0.9539
           Episode_Reward/body_velocity: -3.2624
              Episode_Reward/not_moving: -6.9337
            Episode_Reward/joint_vel_l2: -1.3122
        Episode_Reward/joint_vel_limits: -0.0015
       Episode_Reward/base_height_rough: 2.8224
--------------------------------------------------------------------------------
                         Iteration time: 2.78s
                           Time elapsed: 0:01:44
                                    ETA: 0:00:03

################################################################################
[1m                            Learning iteration 29/30                            [0m 

                               Run name: height_tracking_g1
                            Total steps: 1474560 
                       Steps per second: 17576 
                        Collection time: 2.645s 
                          Learning time: 0.152s 
                        Mean value loss: 1.4439
                    Mean surrogate loss: -0.0102
                      Mean entropy loss: 36.5297
                     Mean symmetry loss: 0.0004
                   Mean l2c2_actor loss: 0.0060
                  Mean l2c2_critic loss: 0.0070
                            Mean reward: -1534.64
                    Mean episode length: 702.40
                        Mean action std: 0.85
                    Entropy coefficient: 0.002500
        Episode_Reward/base_height_fine: 7.8330
              Episode_Reward/feet_slide: -0.8664
        Curriculum/random_fallen_states: 0.0000
    Episode_Reward/joint_tracking_error: -2.7204
        Episode_Reward/joint_torques_l2: -0.8850
        Episode_Reward/joint_pos_limits: -0.0044
        Episode_Reward/action_rate_rate: -20.6837
           Curriculum/polish_not_moving: -1.0000
           Episode_Reward/torque_limits: -0.9851
            Episode_Reward/joint_acc_l2: -0.2409
         Curriculum/polish_joint_vel_l2: -0.0010
             Episode_Reward/ground_slam: -2.4615
      Episode_Reward/base_height_medium: 4.4905
              Episode_Reward/torso_slam: -1.5997
              Curriculum/terrain_levels: 0.0000
           Curriculum/polish_torso_slam: -5.0000
  Episode_Reward/feet_distance_standing: -0.1851
            Metrics/height/height_error: 0.0456
              Episode_Reward/torso_roll: -1.1978
               Episode_Reward/flat_feet: -2.8365
      Episode_Termination/invalid_state: 0.0044
           Episode_Reward/feet_yaw_mean: -0.3280
               Curriculum/adaptive_lift: 0.9395
      Episode_Reward/joint_deviation_l1: -0.7044
 Episode_Reward/joint_deviation_l1_arms: -0.3240
           Episode_Reward/feet_distance: -0.2648
     Episode_Reward/completely_airborne: -12.9191
              Episode_Reward/relaxation: -7.8061
     Curriculum/polish_action_rate_rate: -0.1500
           Episode_Termination/time_out: 0.9385
             Episode_Reward/action_rate: -46.4933
           Episode_Reward/torso_upright: -0.0730
          Curriculum/polish_ground_slam: -1.0000
        Episode_Reward/illegal_contacts: -0.4236
           Episode_Reward/ankle_torques: -0.2159
         Episode_Reward/severely_tilted: -0.0013
           Episode_Reward/forward_pitch: -2.0749
         Episode_Reward/ground_unloaded: -0.8110
           Episode_Reward/body_velocity: -3.1253
              Episode_Reward/not_moving: -5.8646
            Episode_Reward/joint_vel_l2: -1.3104
        Episode_Reward/joint_vel_limits: -0.0014
       Episode_Reward/base_height_rough: 2.7237
--------------------------------------------------------------------------------
                         Iteration time: 2.80s
                           Time elapsed: 0:01:47
                                    ETA: 0:00:00

[INFO]: SimulationContext cleared
