The '--headless' CLI argument is deprecated. Omit '--viz' for default headless. If config visualizers are enabled and you want to force headless, use '--viz none'.
Loading user config located at: '/workspace/WBC-AGILE-NEWTON/.venv/lib/python3.12/site-packages/isaacsim/kit/data/Kit/IsaacLab/3.0/user.config.json'
2026-09-02T06:47:52Z [0ms] [Warning] [omni.ext.plugin] [ext: isaaclab_visualizers] Extensions config 'extension.toml' doesn't exist '/workspace/WBC-AGILE-NEWTON/.venv/lib/python3.12/site-packages/isaaclab/source/isaaclab_visualizers' or '/workspace/WBC-AGILE-NEWTON/.venv/lib/python3.12/site-packages/isaaclab/source/isaaclab_visualizers/config'
WARNING: All log messages before absl::InitializeLog() is called are written to STDERR
E0000 00:00:1788331672.397255  508855 descriptor_database.cc:633] File already exists in database: grpc/health/v1/health.proto
W0000 00:00:1788331672.397289  508855 message.cc:301] Protobuf GeneratedMessageFactory: File is already registered: grpc/health/v1/health.proto
2026-09-02T06:47:52Z [393ms] [Warning] [omni.usd_config.extension] Enable omni.materialx.libs extension to use MaterialX
2026-09-02T06:47:52Z [399ms] [Warning] [omni.platforminfo.plugin] failed to open the default display.  Can't verify X Server version.
2026-09-02T06:47:52Z [444ms] [Error] [omni.ext.plugin] Could not load the dynamic library from /workspace/WBC-AGILE-NEWTON/.venv/lib/python3.12/site-packages/isaacsim/extscache/omni.usd.libs-1.0.3+6312fa25.lx64.r.cp312/bin/libMaterialXRenderHw.so. Error: libXt.so.6: cannot open shared object file: No such file or directory (note that this may be caused by a dependent library)
2026-09-02T06:47:52Z [444ms] [Error] [omni.ext.plugin] Could not load the dynamic library from /workspace/WBC-AGILE-NEWTON/.venv/lib/python3.12/site-packages/isaacsim/extscache/omni.usd.libs-1.0.3+6312fa25.lx64.r.cp312/bin/libMaterialXRenderGlsl.so. Error: libXt.so.6: cannot open shared object file: No such file or directory (note that this may be caused by a dependent library)
2026-09-02T06:47:52Z [445ms] [Error] [omni.ext.plugin] Could not load the dynamic library from /workspace/WBC-AGILE-NEWTON/.venv/lib/python3.12/site-packages/isaacsim/extscache/omni.usd.libs-1.0.3+6312fa25.lx64.r.cp312/bin/libusd_usdBakeMtlx.so. Error: libXt.so.6: cannot open shared object file: No such file or directory (note that this may be caused by a dependent library)
2026-09-02T06:47:53Z [1,107ms] [Warning] [isaacsim.core.simulation_manager.plugin] USD stage is not available; stage-opened subscription is deferred
2026-09-02T06:47:53Z [1,107ms] [Warning] [isaacsim.core.simulation_manager.plugin] USD stage is not available; stage-opened subscription is deferred
[ISAACLAB] AppLauncher initialization complete
[INFO]: Parsing configuration from: agile.rl_env.tasks.stand_up.g1.height_tracking_env_cfg:G1HeightTrackingEnvCfg
[INFO]: Parsing configuration from: agile.rl_env.tasks.stand_up.g1.agents.rsl_rl_ppo_cfg:G1HeightTrackingPpoRunnerCfg
[INFO] Logging experiment in directory: /workspace/WBC-AGILE-NEWTON/logs/rsl_rl/height_tracking_g1
Exact experiment name requested from command line: 2026-09-02_06-48-02
[INFO]: Base environment:
	Environment device    : cuda:0
	Environment seed      : 42
	Physics step-size     : 0.005
	Rendering step-size   : 0.02
	Environment step-size : 0.02
[INFO] Generating terrains based on curriculum took Last: 0.220516 s
[INFO]: Registered backend 'newton' for factory Articulation.
[INFO]: Setting variant selection 'PhysX' for variant set 'Physics' on prim '/World/envs/env_0/Robot'.
[INFO]: Setting variant selection 'None' for variant set 'left_hand' on prim '/World/envs/env_0/Robot'.
[INFO]: Setting variant selection 'None' for variant set 'right_hand' on prim '/World/envs/env_0/Robot'.
[INFO]: Registered backend 'newton' for factory FrameView.
[INFO]: Registered backend 'newton' for factory ContactSensor.
[INFO]: Registered backend 'newton' for factory RayCaster.
[INFO]: Time taken for scene creation Last: 5.405514 s, Mean: 5.405514 s, Std: 0.000000 s, N: 1
[INFO]: Scene manager:  <class InteractiveScene>
	Number of environments: 1024
	Environment spacing   : 2.5
	Source prim name      : /World/envs/env_0
	Global prim paths     : ['/World/ground']
	Replicate physics     : True
[INFO]: Dispatching MODEL_INIT callbacks
[INFO]: Finalizing model on device: cuda:0
/workspace/WBC-AGILE-NEWTON/.venv/lib/python3.12/site-packages/isaaclab_newton/physics/newton_manager.py:989: FutureWarning: Newton shape color replacement is enabled; this workaround will be deprecated in a future release.
  replace_newton_shape_colors(cls._model)
Finalize builder took: Last: 3.037651 s, Mean: 3.037651 s, Std: 0.000000 s, N: 1
[INFO]: Dispatching PHYSICS_READY callbacks
[INFO]: Simulation parameters for joints in /World/envs/env_.*/Robot:
+-------------------------------------------------------------------------------------------------------------------------------------------+
|                                     Simulation Joint Information (Prim path: /World/envs/env_.*/Robot)                                    |
+-------+----------------------------+-----------+---------+----------+-----------------+-----------------+-----------------+---------------+
| Index | Name                       | Stiffness | Damping | Armature | Static Friction | Position Limits | Velocity Limits | Effort Limits |
+-------+----------------------------+-----------+---------+----------+-----------------+-----------------+-----------------+---------------+
|   0   | left_hip_pitch_joint       |   0.000   |  0.000  |  0.020   |      0.010      | [-2.531, 2.880] |      32.000     |     88.000    |
|   1   | left_hip_roll_joint        |   0.000   |  0.000  |  0.020   |      0.010      | [-0.524, 2.967] |      32.000     |     88.000    |
|   2   | left_hip_yaw_joint         |   0.000   |  0.000  |  0.020   |      0.010      | [-2.758, 2.758] |      32.000     |     88.000    |
|   3   | left_knee_joint            |   0.000   |  0.000  |  0.020   |      0.010      | [-0.087, 2.880] |      20.000     |    139.000    |
|   4   | left_ankle_pitch_joint     |   0.000   |  0.000  |  0.020   |      0.010      | [-0.873, 0.524] |      37.000     |     50.000    |
|   5   | left_ankle_roll_joint      |   0.000   |  0.000  |  0.020   |      0.010      | [-0.262, 0.262] |      37.000     |     50.000    |
|   6   | right_hip_pitch_joint      |   0.000   |  0.000  |  0.020   |      0.010      | [-2.531, 2.880] |      32.000     |     88.000    |
|   7   | right_hip_roll_joint       |   0.000   |  0.000  |  0.020   |      0.010      | [-2.967, 0.524] |      32.000     |     88.000    |
|   8   | right_hip_yaw_joint        |   0.000   |  0.000  |  0.020   |      0.010      | [-2.758, 2.758] |      32.000     |     88.000    |
|   9   | right_knee_joint           |   0.000   |  0.000  |  0.020   |      0.010      | [-0.087, 2.880] |      20.000     |    139.000    |
|   10  | right_ankle_pitch_joint    |   0.000   |  0.000  |  0.020   |      0.010      | [-0.873, 0.524] |      37.000     |     50.000    |
|   11  | right_ankle_roll_joint     |   0.000   |  0.000  |  0.020   |      0.010      | [-0.262, 0.262] |      37.000     |     50.000    |
|   12  | waist_yaw_joint            |   0.000   |  0.000  |  0.020   |      0.010      | [-2.618, 2.618] |      32.000     |     88.000    |
|   13  | waist_roll_joint           |   0.000   |  0.000  |  0.020   |      0.010      | [-0.520, 0.520] |      37.000     |     50.000    |
|   14  | waist_pitch_joint          |   0.000   |  0.000  |  0.020   |      0.010      | [-0.520, 0.520] |      37.000     |     50.000    |
|   15  | left_shoulder_pitch_joint  |   0.000   |  0.000  |  0.020   |      0.010      | [-3.089, 2.670] |      37.000     |     25.000    |
|   16  | left_shoulder_roll_joint   |   0.000   |  0.000  |  0.020   |      0.010      | [-1.588, 2.251] |      37.000     |     25.000    |
|   17  | left_shoulder_yaw_joint    |   0.000   |  0.000  |  0.020   |      0.010      | [-2.618, 2.618] |      37.000     |     25.000    |
|   18  | left_elbow_joint           |   0.000   |  0.000  |  0.020   |      0.010      | [-1.047, 2.094] |      37.000     |     25.000    |
|   19  | left_wrist_roll_joint      |   0.000   |  0.000  |  0.020   |      0.010      | [-1.972, 1.972] |      37.000     |     25.000    |
|   20  | left_wrist_pitch_joint     |   0.000   |  0.000  |  0.020   |      0.010      | [-1.614, 1.614] |      22.000     |     5.000     |
|   21  | left_wrist_yaw_joint       |   0.000   |  0.000  |  0.020   |      0.010      | [-1.614, 1.614] |      22.000     |     5.000     |
|   22  | right_shoulder_pitch_joint |   0.000   |  0.000  |  0.020   |      0.010      | [-3.089, 2.670] |      37.000     |     25.000    |
|   23  | right_shoulder_roll_joint  |   0.000   |  0.000  |  0.020   |      0.010      | [-2.251, 1.588] |      37.000     |     25.000    |
|   24  | right_shoulder_yaw_joint   |   0.000   |  0.000  |  0.020   |      0.010      | [-2.618, 2.618] |      37.000     |     25.000    |
|   25  | right_elbow_joint          |   0.000   |  0.000  |  0.020   |      0.010      | [-1.047, 2.094] |      37.000     |     25.000    |
|   26  | right_wrist_roll_joint     |   0.000   |  0.000  |  0.020   |      0.010      | [-1.972, 1.972] |      37.000     |     25.000    |
|   27  | right_wrist_pitch_joint    |   0.000   |  0.000  |  0.020   |      0.010      | [-1.614, 1.614] |      22.000     |     5.000     |
|   28  | right_wrist_yaw_joint      |   0.000   |  0.000  |  0.020   |      0.010      | [-1.614, 1.614] |      22.000     |     5.000     |
+-------+----------------------------+-----------+---------+----------+-----------------+-----------------+-----------------+---------------+
[INFO]: Adding contact sensor for /World/envs/env_.*/Robot/.* with filter all bodies/shapes
Contact sensor construction took: Last: 0.031757 s, Mean: 0.031757 s, Std: 0.000000 s, N: 1
[INFO]: Contact sensor initialized with 30 sensors.
[INFO]: Creating buffers for contact sensor data with num_envs: 1024, num_sensors: 30, num_filter_objects: 0, history_length: 3, generate_force_matrix: False, track_air_time: True, track_pose: False, device: cuda:0
[INFO]: Creating buffers for contact sensor data with num_envs: 1024, num_sensors: 30, num_filter_objects: 0, history_length: 3, generate_force_matrix: False, track_air_time: True, track_pose: False, device: cuda:0
[INFO]: Read mesh prim: /World/ground/terrain/mesh with 369728 vertices and 2097240 faces.
Initialize solver took: Last: 2.156337 s, Mean: 2.156337 s, Std: 0.000000 s, N: 1
[INFO]: Newton CUDA graph captured (standard Warp mode)
CUDA graph took: Last: 0.874026 s, Mean: 0.874026 s, Std: 0.000000 s, N: 1
[INFO]: Time taken for simulation start Last: 6.273759 s, Mean: 6.273759 s, Std: 0.000000 s, N: 1
[INFO] Command Manager:  <CommandManager> contains 1 active terms.
+--------------------------------------+
|         Active Command Terms         |
+-------+--------+---------------------+
| Index | Name   |         Type        |
+-------+--------+---------------------+
|   0   | height | SmoothHeightCommand |
+-------+--------+---------------------+

[INFO] Event Manager:  <EventManager> contains 3 active terms.
+----------------------------------------+
| Active Event Terms in Mode: 'startup'  |
+--------+-------------------------------+
| Index  | Name                          |
+--------+-------------------------------+
|   0    | randomize_physics_material    |
|   1    | randomize_actuator_gains      |
|   2    | randomize_bodies_mass         |
|   3    | randomize_base_mass           |
|   4    | randomize_base_com            |
+--------+-------------------------------+
+---------------------------------------------------------------------------+
|                   Active Event Terms in Mode: 'interval'                  |
+-------+-----------------------------------------+-------------------------+
| Index | Name                                    | Interval time range (s) |
+-------+-----------------------------------------+-------------------------+
|   0   | push_robot                              |       (0.0, 10.0)       |
|   1   | apply_external_force_torque             |       (0.0, 10.0)       |
|   2   | apply_external_force_torque_extremities |       (0.0, 10.0)       |
+-------+-----------------------------------------+-------------------------+
+----------------------------------+
| Active Event Terms in Mode: 'reset' |
+------------+---------------------+
|   Index    | Name                |
+------------+---------------------+
|     0      | reset_base          |
+------------+---------------------+

[INFO] Recorder Manager:  <RecorderManager> contains 0 active terms.
+---------------------+
| Active Recorder Terms |
+-----------+---------+
|   Index   | Name    |
+-----------+---------+
+-----------+---------+

[INFO]: Resolved joint names for the action term JointPositionAction: ['left_hip_pitch_joint', 'left_hip_roll_joint', 'left_hip_yaw_joint', 'left_knee_joint', 'left_ankle_pitch_joint', 'left_ankle_roll_joint', 'right_hip_pitch_joint', 'right_hip_roll_joint', 'right_hip_yaw_joint', 'right_knee_joint', 'right_ankle_pitch_joint', 'right_ankle_roll_joint', 'waist_yaw_joint', 'waist_roll_joint', 'waist_pitch_joint', 'left_shoulder_pitch_joint', 'left_shoulder_roll_joint', 'left_shoulder_yaw_joint', 'left_elbow_joint', 'left_wrist_roll_joint', 'left_wrist_pitch_joint', 'left_wrist_yaw_joint', 'right_shoulder_pitch_joint', 'right_shoulder_roll_joint', 'right_shoulder_yaw_joint', 'right_elbow_joint', 'right_wrist_roll_joint', 'right_wrist_pitch_joint', 'right_wrist_yaw_joint'] [[0, 1, 2, 3, 4, 5, 6, 7, 8, 9, 10, 11, 12, 13, 14, 15, 16, 17, 18, 19, 20, 21, 22, 23, 24, 25, 26, 27, 28]]
[INFO] Action Manager:  <ActionManager> contains 2 active terms.
+------------------------------------+
|  Active Action Terms (shape: 29)   |
+--------+-------------+-------------+
| Index  | Name        |   Dimension |
+--------+-------------+-------------+
|   0    | joint_pos   |          29 |
|   1    | lift        |           0 |
+--------+-------------+-------------+

[INFO] Observation Manager: <ObservationManager> contains 2 groups.
+----------------------------------------------+
| Active Observation Terms in Group: 'policy'  |
+---------+------------------------+-----------+
|  Index  | Name                   |   Shape   |
+---------+------------------------+-----------+
|    0    | base_ang_vel           |   (5, 3)  |
|    1    | projected_gravity      |   (5, 3)  |
|    2    | joint_pos              |  (5, 29)  |
|    3    | joint_vel              |  (5, 29)  |
|    4    | actions                |  (5, 29)  |
|    5    | height_command         |   (5, 1)  |
+---------+------------------------+-----------+
+----------------------------------------------+
| Active Observation Terms in Group: 'critic'  |
+---------+------------------------+-----------+
|  Index  | Name                   |   Shape   |
+---------+------------------------+-----------+
|    0    | projected_gravity      |   (5, 3)  |
|    1    | base_lin_vel           |   (5, 3)  |
|    2    | base_ang_vel           |   (5, 3)  |
|    3    | joint_pos              |  (5, 29)  |
|    4    | joint_vel              |  (5, 29)  |
|    5    | actions                |  (5, 29)  |
|    6    | contact_forces         |  (5, 30)  |
|    7    | base_height            |   (5, 1)  |
|    8    | height_command         |   (5, 1)  |
+---------+------------------------+-----------+

[INFO] Termination Manager:  <TerminationManager> contains 2 active terms.
+----------------------------------+
|     Active Termination Terms     |
+-------+---------------+----------+
| Index | Name          | Time Out |
+-------+---------------+----------+
|   0   | time_out      |   True   |
|   1   | invalid_state |  False   |
+-------+---------------+----------+

[INFO] Reward Manager:  <RewardManager> contains 32 active terms.
+--------------------------------------------+
|            Active Reward Terms             |
+-------+-------------------------+----------+
| Index | Name                    |   Weight |
+-------+-------------------------+----------+
|   0   | joint_torques_l2        |   -5e-05 |
|   1   | torque_limits           |    -0.01 |
|   2   | joint_acc_l2            | -2.5e-08 |
|   3   | joint_pos_limits        |     -0.1 |
|   4   | joint_vel_limits        |    -0.01 |
|   5   | action_rate             |     -1.0 |
|   6   | action_rate_rate        |    -0.15 |
|   7   | joint_vel_l2            |   -0.001 |
|   8   | joint_tracking_error    |     -0.5 |
|   9   | base_height_rough       |      4.0 |
|   10  | base_height_medium      |      8.0 |
|   11  | base_height_fine        |     16.0 |
|   12  | relaxation              |     -1.0 |
|   13  | joint_deviation_l1      |     -0.5 |
|   14  | joint_deviation_l1_arms |     -0.5 |
|   15  | ankle_torques           |   -0.001 |
|   16  | not_moving              |     -1.0 |
|   17  | torso_upright           |     -1.0 |
|   18  | severely_tilted         |     -5.0 |
|   19  | torso_roll              |     -5.0 |
|   20  | forward_pitch           |    -10.0 |
|   21  | illegal_contacts        |     -2.0 |
|   22  | feet_distance           |     -5.0 |
|   23  | feet_distance_standing  |    -10.0 |
|   24  | ground_unloaded         |     -2.0 |
|   25  | flat_feet               |     -1.0 |
|   26  | feet_slide              |     -1.0 |
|   27  | feet_yaw_mean           |     -2.0 |
|   28  | completely_airborne     |    -50.0 |
|   29  | body_velocity           |     -0.1 |
|   30  | ground_slam             |     -1.0 |
|   31  | torso_slam              |     -5.0 |
+-------+-------------------------+----------+

[INFO] Curriculum Manager:  <CurriculumManager> contains 8 active terms.
+---------------------------------+
|     Active Curriculum Terms     |
+-------+-------------------------+
| Index | Name                    |
+-------+-------------------------+
|   0   | adaptive_lift           |
|   1   | terrain_levels          |
|   2   | polish_action_rate_rate |
|   3   | polish_ground_slam      |
|   4   | polish_torso_slam       |
|   5   | polish_not_moving       |
|   6   | polish_joint_vel_l2     |
|   7   | random_fallen_states    |
+-------+-------------------------+

/workspace/WBC-AGILE-NEWTON/.venv/lib/python3.12/site-packages/isaaclab/source/isaaclab/isaaclab/envs/mdp/events.py:742: UserWarning: In Newton, body com pose always has unit quaternion. Consider using body_com_pos_b instead.Querying this property requires appending a unit quaternion to the position which is expensive.
  self.default_com = self.asset.data.body_com_pose_b.torch.clone()
[INFO]: Completed setting up the environment...
/workspace/WBC-AGILE-NEWTON/.venv/lib/python3.12/site-packages/rsl_rl/utils/utils.py:220: UserWarning: The observation configuration dictionary 'obs_groups' is empty and thus likely not configured. Consider configuring the 'obs_groups' dictionary explicitly
  warnings.warn(
/workspace/WBC-AGILE-NEWTON/.venv/lib/python3.12/site-packages/rsl_rl/utils/utils.py:251: UserWarning: The observation configuration dictionary 'obs_groups' does not contain the 'actor' key. As an observation group with the name 'policy' was found, this is assumed to be the appropriate observation. Consider adding the 'actor' key to the 'obs_groups' dictionary for clarity. This behavior will be removed in a future version.
  warnings.warn(
/workspace/WBC-AGILE-NEWTON/.venv/lib/python3.12/site-packages/rsl_rl/utils/utils.py:243: UserWarning: The observation configuration dictionary 'obs_groups' does not contain the 'critic' key. As an observation group with the name 'critic' was found, this is assumed to be the appropriate observation. Consider adding the 'critic' key to the 'obs_groups' dictionary for clarity. This behavior will be removed in a future version.
  warnings.warn(
--------------------------------------------------------------------------------
Resolved observation sets: 
	 actor :  ['policy']
	 critic :  ['critic']
--------------------------------------------------------------------------------
Actor Model: MLPModel(
  (obs_normalizer): Identity()
  (distribution): GaussianDistribution()
  (mlp): MLP(
    (0): Linear(in_features=470, out_features=256, bias=True)
    (1): ELU(alpha=1.0)
    (2): Linear(in_features=256, out_features=256, bias=True)
    (3): ELU(alpha=1.0)
    (4): Linear(in_features=256, out_features=128, bias=True)
    (5): ELU(alpha=1.0)
    (6): Linear(in_features=128, out_features=29, bias=True)
  )
)
Critic Model: MLPModel(
  (obs_normalizer): Identity()
  (mlp): MLP(
    (0): Linear(in_features=640, out_features=512, bias=True)
    (1): ELU(alpha=1.0)
    (2): Linear(in_features=512, out_features=256, bias=True)
    (3): ELU(alpha=1.0)
    (4): Linear(in_features=256, out_features=128, bias=True)
    (5): ELU(alpha=1.0)
    (6): Linear(in_features=128, out_features=1, bias=True)
  )
)
Storing git diff for 'WBC-AGILE-NEWTON' in: /workspace/WBC-AGILE-NEWTON/logs/rsl_rl/height_tracking_g1/2026-09-02_06-48-02_height_tracking_g1/git/WBC-AGILE-NEWTON.diff
################################################################################
[1m                            Learning iteration 0/30                             [0m 

                               Run name: height_tracking_g1
                            Total steps: 24576 
                       Steps per second: 9437 
                        Collection time: 2.387s 
                          Learning time: 0.218s 
                        Mean value loss: 3.9224
                    Mean surrogate loss: 0.0329
                      Mean entropy loss: 41.0978
                     Mean symmetry loss: 0.0042
                   Mean l2c2_actor loss: 0.0015
                  Mean l2c2_critic loss: 0.0097
                            Mean reward: -28.55
                    Mean episode length: 13.17
                        Mean action std: 1.00
                    Entropy coefficient: 0.002500
        Episode_Reward/joint_pos_limits: -0.0001
           Episode_Reward/forward_pitch: -0.0090
              Episode_Reward/torso_slam: -0.0289
           Episode_Reward/ankle_torques: -0.0064
        Episode_Reward/base_height_fine: 0.0383
        Episode_Reward/joint_torques_l2: -0.0168
          Curriculum/polish_ground_slam: -1.0000
           Episode_Reward/body_velocity: -0.0633
           Curriculum/polish_not_moving: -1.0000
    Episode_Reward/joint_tracking_error: -0.0542
           Episode_Termination/time_out: 0.0144
         Episode_Reward/ground_unloaded: -0.0122
  Episode_Reward/feet_distance_standing: -0.0010
           Curriculum/polish_torso_slam: -5.0000
              Episode_Reward/relaxation: -0.1187
              Episode_Reward/not_moving: -0.0160
           Episode_Reward/feet_distance: -0.0006
               Episode_Reward/flat_feet: -0.0224
        Episode_Reward/illegal_contacts: -0.0012
         Curriculum/polish_joint_vel_l2: -0.0010
      Episode_Reward/joint_deviation_l1: -0.0247
        Episode_Reward/action_rate_rate: -0.3850
      Episode_Termination/invalid_state: 0.0000
            Episode_Reward/joint_vel_l2: -0.0217
     Curriculum/polish_action_rate_rate: -0.1500
        Episode_Reward/joint_vel_limits: -0.0000
         Episode_Reward/severely_tilted: 0.0000
            Metrics/height/height_error: 0.0000
           Episode_Reward/torso_upright: 0.0000
        Curriculum/random_fallen_states: 0.0000
     Episode_Reward/completely_airborne: -0.1428
             Episode_Reward/ground_slam: -0.0304
      Episode_Reward/base_height_medium: 0.0267
               Curriculum/adaptive_lift: 1.0000
              Curriculum/terrain_levels: 0.0000
              Episode_Reward/feet_slide: -0.0148
           Episode_Reward/feet_yaw_mean: -0.0050
              Episode_Reward/torso_roll: -0.0243
            Episode_Reward/joint_acc_l2: -0.0030
       Episode_Reward/base_height_rough: 0.0228
             Episode_Reward/action_rate: -0.9003
 Episode_Reward/joint_deviation_l1_arms: -0.0093
           Episode_Reward/torque_limits: -0.0182
--------------------------------------------------------------------------------
                         Iteration time: 2.60s
                           Time elapsed: 0:00:02
                                    ETA: 0:01:15

################################################################################
[1m                            Learning iteration 1/30                             [0m 

                               Run name: height_tracking_g1
                            Total steps: 49152 
                       Steps per second: 22026 
                        Collection time: 0.990s 
                          Learning time: 0.125s 
                        Mean value loss: 4.8684
                    Mean surrogate loss: 0.0070
                      Mean entropy loss: 41.0626
                     Mean symmetry loss: 0.0030
                   Mean l2c2_actor loss: 0.0015
                  Mean l2c2_critic loss: 0.0188
                            Mean reward: -57.95
                    Mean episode length: 25.39
                        Mean action std: 1.00
                    Entropy coefficient: 0.002500
        Episode_Reward/joint_pos_limits: -0.0004
           Episode_Reward/forward_pitch: -0.0247
              Episode_Reward/torso_slam: -0.1608
           Episode_Reward/ankle_torques: -0.0158
        Episode_Reward/base_height_fine: 0.1717
        Episode_Reward/joint_torques_l2: -0.0513
          Curriculum/polish_ground_slam: -1.0000
           Episode_Reward/body_velocity: -0.2637
           Curriculum/polish_not_moving: -1.0000
    Episode_Reward/joint_tracking_error: -0.1715
           Episode_Termination/time_out: 0.0499
         Episode_Reward/ground_unloaded: -0.0319
  Episode_Reward/feet_distance_standing: -0.0129
           Curriculum/polish_torso_slam: -5.0000
              Episode_Reward/relaxation: -0.4123
              Episode_Reward/not_moving: -0.0934
           Episode_Reward/feet_distance: -0.0080
               Episode_Reward/flat_feet: -0.0781
        Episode_Reward/illegal_contacts: -0.0074
         Curriculum/polish_joint_vel_l2: -0.0010
      Episode_Reward/joint_deviation_l1: -0.0693
        Episode_Reward/action_rate_rate: -1.2256
      Episode_Termination/invalid_state: 0.0000
            Episode_Reward/joint_vel_l2: -0.0627
     Curriculum/polish_action_rate_rate: -0.1500
        Episode_Reward/joint_vel_limits: -0.0001
         Episode_Reward/severely_tilted: 0.0000
            Metrics/height/height_error: 0.0000
           Episode_Reward/torso_upright: 0.0000
        Curriculum/random_fallen_states: 0.0000
     Episode_Reward/completely_airborne: -0.2173
             Episode_Reward/ground_slam: -0.1347
      Episode_Reward/base_height_medium: 0.1153
               Curriculum/adaptive_lift: 1.0000
              Curriculum/terrain_levels: 0.0000
              Episode_Reward/feet_slide: -0.0490
           Episode_Reward/feet_yaw_mean: -0.0360
              Episode_Reward/torso_roll: -0.0872
            Episode_Reward/joint_acc_l2: -0.0080
       Episode_Reward/base_height_rough: 0.0847
             Episode_Reward/action_rate: -2.7614
 Episode_Reward/joint_deviation_l1_arms: -0.0306
           Episode_Reward/torque_limits: -0.0583
--------------------------------------------------------------------------------
                         Iteration time: 1.12s
                           Time elapsed: 0:00:03
                                    ETA: 0:00:52

################################################################################
[1m                            Learning iteration 2/30                             [0m 

                               Run name: height_tracking_g1
                            Total steps: 73728 
                       Steps per second: 21638 
                        Collection time: 1.009s 
                          Learning time: 0.127s 
                        Mean value loss: 4.6041
                    Mean surrogate loss: -0.0105
                      Mean entropy loss: 40.9469
                     Mean symmetry loss: 0.0015
                   Mean l2c2_actor loss: 0.0019
                  Mean l2c2_critic loss: 0.0390
                            Mean reward: -97.31
                    Mean episode length: 41.02
                        Mean action std: 0.99
                    Entropy coefficient: 0.002500
        Episode_Reward/joint_pos_limits: -0.0008
           Episode_Reward/forward_pitch: -0.1217
              Episode_Reward/torso_slam: -0.3226
           Episode_Reward/ankle_torques: -0.0305
        Episode_Reward/base_height_fine: 0.2843
        Episode_Reward/joint_torques_l2: -0.0869
          Curriculum/polish_ground_slam: -1.0000
           Episode_Reward/body_velocity: -0.5066
           Curriculum/polish_not_moving: -1.0000
    Episode_Reward/joint_tracking_error: -0.2932
           Episode_Termination/time_out: 0.0878
         Episode_Reward/ground_unloaded: -0.0559
  Episode_Reward/feet_distance_standing: -0.0192
           Curriculum/polish_torso_slam: -5.0000
              Episode_Reward/relaxation: -0.7074
              Episode_Reward/not_moving: -0.1477
           Episode_Reward/feet_distance: -0.0197
               Episode_Reward/flat_feet: -0.1547
        Episode_Reward/illegal_contacts: -0.0171
         Curriculum/polish_joint_vel_l2: -0.0010
      Episode_Reward/joint_deviation_l1: -0.1146
        Episode_Reward/action_rate_rate: -2.0466
      Episode_Termination/invalid_state: 0.0000
            Episode_Reward/joint_vel_l2: -0.1124
     Curriculum/polish_action_rate_rate: -0.1500
        Episode_Reward/joint_vel_limits: -0.0002
         Episode_Reward/severely_tilted: 0.0000
            Metrics/height/height_error: 0.0000
           Episode_Reward/torso_upright: -0.0014
        Curriculum/random_fallen_states: 0.0000
     Episode_Reward/completely_airborne: -0.3509
             Episode_Reward/ground_slam: -0.2794
      Episode_Reward/base_height_medium: 0.2002
               Curriculum/adaptive_lift: 0.9995
              Curriculum/terrain_levels: 0.0000
              Episode_Reward/feet_slide: -0.0939
           Episode_Reward/feet_yaw_mean: -0.0412
              Episode_Reward/torso_roll: -0.1602
            Episode_Reward/joint_acc_l2: -0.0146
       Episode_Reward/base_height_rough: 0.1482
             Episode_Reward/action_rate: -4.5873
 Episode_Reward/joint_deviation_l1_arms: -0.0466
           Episode_Reward/torque_limits: -0.1004
--------------------------------------------------------------------------------
                         Iteration time: 1.14s
                           Time elapsed: 0:00:04
                                    ETA: 0:00:43

################################################################################
[1m                            Learning iteration 3/30                             [0m 

                               Run name: height_tracking_g1
                            Total steps: 98304 
                       Steps per second: 21703 
                        Collection time: 1.015s 
                          Learning time: 0.117s 
                        Mean value loss: 4.2004
                    Mean surrogate loss: -0.0097
                      Mean entropy loss: 40.8494
                     Mean symmetry loss: 0.0011
                   Mean l2c2_actor loss: 0.0022
                  Mean l2c2_critic loss: 0.0470
                            Mean reward: -149.79
                    Mean episode length: 63.30
                        Mean action std: 0.99
                    Entropy coefficient: 0.002500
        Episode_Reward/joint_pos_limits: -0.0010
           Episode_Reward/forward_pitch: -0.1170
              Episode_Reward/torso_slam: -0.3321
           Episode_Reward/ankle_torques: -0.0395
        Episode_Reward/base_height_fine: 0.4645
        Episode_Reward/joint_torques_l2: -0.1126
          Curriculum/polish_ground_slam: -1.0000
           Episode_Reward/body_velocity: -0.5870
           Curriculum/polish_not_moving: -1.0000
    Episode_Reward/joint_tracking_error: -0.3892
           Episode_Termination/time_out: 0.1261
         Episode_Reward/ground_unloaded: -0.1045
  Episode_Reward/feet_distance_standing: -0.0145
           Curriculum/polish_torso_slam: -5.0000
              Episode_Reward/relaxation: -0.6862
              Episode_Reward/not_moving: -0.2307
           Episode_Reward/feet_distance: -0.0256
               Episode_Reward/flat_feet: -0.2760
        Episode_Reward/illegal_contacts: -0.0227
         Curriculum/polish_joint_vel_l2: -0.0010
      Episode_Reward/joint_deviation_l1: -0.0739
        Episode_Reward/action_rate_rate: -2.8422
      Episode_Termination/invalid_state: 0.0000
            Episode_Reward/joint_vel_l2: -0.1436
     Curriculum/polish_action_rate_rate: -0.1500
        Episode_Reward/joint_vel_limits: -0.0002
         Episode_Reward/severely_tilted: -0.0018
            Metrics/height/height_error: 0.0000
           Episode_Reward/torso_upright: -0.0035
        Curriculum/random_fallen_states: 0.0000
     Episode_Reward/completely_airborne: -0.3850
             Episode_Reward/ground_slam: -0.3711
      Episode_Reward/base_height_medium: 0.3272
               Curriculum/adaptive_lift: 0.9975
              Curriculum/terrain_levels: 0.0000
              Episode_Reward/feet_slide: -0.1281
           Episode_Reward/feet_yaw_mean: -0.0470
              Episode_Reward/torso_roll: -0.2286
            Episode_Reward/joint_acc_l2: -0.0172
       Episode_Reward/base_height_rough: 0.2442
             Episode_Reward/action_rate: -6.3524
 Episode_Reward/joint_deviation_l1_arms: -0.0363
           Episode_Reward/torque_limits: -0.1323
--------------------------------------------------------------------------------
                         Iteration time: 1.13s
                           Time elapsed: 0:00:05
                                    ETA: 0:00:38

################################################################################
[1m                            Learning iteration 4/30                             [0m 

                               Run name: height_tracking_g1
                            Total steps: 122880 
                       Steps per second: 21904 
                        Collection time: 0.996s 
                          Learning time: 0.126s 
                        Mean value loss: 4.0392
                    Mean surrogate loss: -0.0130
                      Mean entropy loss: 40.7428
                     Mean symmetry loss: 0.0009
                   Mean l2c2_actor loss: 0.0026
                  Mean l2c2_critic loss: 0.0594
                            Mean reward: -201.81
                    Mean episode length: 85.35
                        Mean action std: 0.98
                    Entropy coefficient: 0.002500
        Episode_Reward/joint_pos_limits: -0.0013
           Episode_Reward/forward_pitch: -0.1620
              Episode_Reward/torso_slam: -0.4905
           Episode_Reward/ankle_torques: -0.0549
        Episode_Reward/base_height_fine: 0.8029
        Episode_Reward/joint_torques_l2: -0.1708
          Curriculum/polish_ground_slam: -1.0000
           Episode_Reward/body_velocity: -0.7319
           Curriculum/polish_not_moving: -1.0000
    Episode_Reward/joint_tracking_error: -0.5014
           Episode_Termination/time_out: 0.1556
         Episode_Reward/ground_unloaded: -0.1494
  Episode_Reward/feet_distance_standing: -0.0353
           Curriculum/polish_torso_slam: -5.0000
              Episode_Reward/relaxation: -0.8527
              Episode_Reward/not_moving: -0.4347
           Episode_Reward/feet_distance: -0.0467
               Episode_Reward/flat_feet: -0.3143
        Episode_Reward/illegal_contacts: -0.0375
         Curriculum/polish_joint_vel_l2: -0.0010
      Episode_Reward/joint_deviation_l1: -0.1139
        Episode_Reward/action_rate_rate: -3.6397
      Episode_Termination/invalid_state: 0.0000
            Episode_Reward/joint_vel_l2: -0.1722
     Curriculum/polish_action_rate_rate: -0.1500
        Episode_Reward/joint_vel_limits: -0.0001
         Episode_Reward/severely_tilted: -0.0083
            Metrics/height/height_error: 0.1068
           Episode_Reward/torso_upright: -0.0017
        Curriculum/random_fallen_states: 0.0000
     Episode_Reward/completely_airborne: -0.6153
             Episode_Reward/ground_slam: -0.4755
      Episode_Reward/base_height_medium: 0.5123
               Curriculum/adaptive_lift: 0.9957
              Curriculum/terrain_levels: 0.0000
              Episode_Reward/feet_slide: -0.1555
           Episode_Reward/feet_yaw_mean: -0.0551
              Episode_Reward/torso_roll: -0.3183
            Episode_Reward/joint_acc_l2: -0.0310
       Episode_Reward/base_height_rough: 0.3422
             Episode_Reward/action_rate: -8.1232
 Episode_Reward/joint_deviation_l1_arms: -0.0498
           Episode_Reward/torque_limits: -0.1811
--------------------------------------------------------------------------------
                         Iteration time: 1.12s
                           Time elapsed: 0:00:07
                                    ETA: 0:00:35

################################################################################
[1m                            Learning iteration 5/30                             [0m 

                               Run name: height_tracking_g1
                            Total steps: 147456 
                       Steps per second: 21958 
                        Collection time: 0.994s 
                          Learning time: 0.125s 
                        Mean value loss: 4.0063
                    Mean surrogate loss: -0.0128
                      Mean entropy loss: 40.6404
                     Mean symmetry loss: 0.0009
                   Mean l2c2_actor loss: 0.0029
                  Mean l2c2_critic loss: 0.0692
                            Mean reward: -255.64
                    Mean episode length: 110.59
                        Mean action std: 0.98
                    Entropy coefficient: 0.002500
        Episode_Reward/joint_pos_limits: -0.0017
           Episode_Reward/forward_pitch: -0.2517
              Episode_Reward/torso_slam: -0.6259
           Episode_Reward/ankle_torques: -0.0483
        Episode_Reward/base_height_fine: 0.8432
        Episode_Reward/joint_torques_l2: -0.1880
          Curriculum/polish_ground_slam: -1.0000
           Episode_Reward/body_velocity: -0.9916
           Curriculum/polish_not_moving: -1.0000
    Episode_Reward/joint_tracking_error: -0.6242
           Episode_Termination/time_out: 0.1891
         Episode_Reward/ground_unloaded: -0.1839
  Episode_Reward/feet_distance_standing: -0.0333
           Curriculum/polish_torso_slam: -5.0000
              Episode_Reward/relaxation: -0.8454
              Episode_Reward/not_moving: -0.4469
           Episode_Reward/feet_distance: -0.0507
               Episode_Reward/flat_feet: -0.4242
        Episode_Reward/illegal_contacts: -0.0474
         Curriculum/polish_joint_vel_l2: -0.0010
      Episode_Reward/joint_deviation_l1: -0.1279
        Episode_Reward/action_rate_rate: -4.4673
      Episode_Termination/invalid_state: 0.0000
            Episode_Reward/joint_vel_l2: -0.2292
     Curriculum/polish_action_rate_rate: -0.1500
        Episode_Reward/joint_vel_limits: -0.0002
         Episode_Reward/severely_tilted: -0.0013
            Metrics/height/height_error: 0.1600
           Episode_Reward/torso_upright: -0.0024
        Curriculum/random_fallen_states: 0.0000
     Episode_Reward/completely_airborne: -0.5620
             Episode_Reward/ground_slam: -0.6143
      Episode_Reward/base_height_medium: 0.5814
               Curriculum/adaptive_lift: 0.9946
              Curriculum/terrain_levels: 0.0000
              Episode_Reward/feet_slide: -0.2050
           Episode_Reward/feet_yaw_mean: -0.0738
              Episode_Reward/torso_roll: -0.3820
            Episode_Reward/joint_acc_l2: -0.0291
       Episode_Reward/base_height_rough: 0.4170
             Episode_Reward/action_rate: -9.9911
 Episode_Reward/joint_deviation_l1_arms: -0.0642
           Episode_Reward/torque_limits: -0.2198
--------------------------------------------------------------------------------
                         Iteration time: 1.12s
                           Time elapsed: 0:00:08
                                    ETA: 0:00:32

################################################################################
[1m                            Learning iteration 6/30                             [0m 

                               Run name: height_tracking_g1
                            Total steps: 172032 
                       Steps per second: 21917 
                        Collection time: 0.995s 
                          Learning time: 0.126s 
                        Mean value loss: 4.1116
                    Mean surrogate loss: -0.0122
                      Mean entropy loss: 40.5314
                     Mean symmetry loss: 0.0008
                   Mean l2c2_actor loss: 0.0031
                  Mean l2c2_critic loss: 0.0783
                            Mean reward: -313.17
                    Mean episode length: 135.30
                        Mean action std: 0.98
                    Entropy coefficient: 0.002500
        Episode_Reward/joint_pos_limits: -0.0017
           Episode_Reward/forward_pitch: -0.3070
              Episode_Reward/torso_slam: -0.5874
           Episode_Reward/ankle_torques: -0.0523
        Episode_Reward/base_height_fine: 0.8117
        Episode_Reward/joint_torques_l2: -0.2099
          Curriculum/polish_ground_slam: -1.0000
           Episode_Reward/body_velocity: -1.0925
           Curriculum/polish_not_moving: -1.0000
    Episode_Reward/joint_tracking_error: -0.7141
           Episode_Termination/time_out: 0.2253
         Episode_Reward/ground_unloaded: -0.1611
  Episode_Reward/feet_distance_standing: -0.0345
           Curriculum/polish_torso_slam: -5.0000
              Episode_Reward/relaxation: -1.9137
              Episode_Reward/not_moving: -0.4217
           Episode_Reward/feet_distance: -0.0627
               Episode_Reward/flat_feet: -0.5173
        Episode_Reward/illegal_contacts: -0.0626
         Curriculum/polish_joint_vel_l2: -0.0010
      Episode_Reward/joint_deviation_l1: -0.1120
        Episode_Reward/action_rate_rate: -5.2259
      Episode_Termination/invalid_state: 0.0000
            Episode_Reward/joint_vel_l2: -0.2670
     Curriculum/polish_action_rate_rate: -0.1500
        Episode_Reward/joint_vel_limits: -0.0003
         Episode_Reward/severely_tilted: -0.0034
            Metrics/height/height_error: 0.1148
           Episode_Reward/torso_upright: -0.0026
        Curriculum/random_fallen_states: 0.0000
     Episode_Reward/completely_airborne: -1.0085
             Episode_Reward/ground_slam: -0.6874
      Episode_Reward/base_height_medium: 0.5691
               Curriculum/adaptive_lift: 0.9945
              Curriculum/terrain_levels: 0.0000
              Episode_Reward/feet_slide: -0.2243
           Episode_Reward/feet_yaw_mean: -0.1026
              Episode_Reward/torso_roll: -0.4662
            Episode_Reward/joint_acc_l2: -0.0327
       Episode_Reward/base_height_rough: 0.4356
             Episode_Reward/action_rate: -11.6735
 Episode_Reward/joint_deviation_l1_arms: -0.0563
           Episode_Reward/torque_limits: -0.2428
--------------------------------------------------------------------------------
                         Iteration time: 1.12s
                           Time elapsed: 0:00:09
                                    ETA: 0:00:30

################################################################################
[1m                            Learning iteration 7/30                             [0m 

                               Run name: height_tracking_g1
                            Total steps: 196608 
                       Steps per second: 22024 
                        Collection time: 0.992s 
                          Learning time: 0.124s 
                        Mean value loss: 3.7784
                    Mean surrogate loss: -0.0130
                      Mean entropy loss: 40.4276
                     Mean symmetry loss: 0.0008
                   Mean l2c2_actor loss: 0.0034
                  Mean l2c2_critic loss: 0.0866
                            Mean reward: -359.58
                    Mean episode length: 156.00
                        Mean action std: 0.97
                    Entropy coefficient: 0.002500
        Episode_Reward/joint_pos_limits: -0.0021
           Episode_Reward/forward_pitch: -0.3871
              Episode_Reward/torso_slam: -0.6774
           Episode_Reward/ankle_torques: -0.0777
        Episode_Reward/base_height_fine: 1.2076
        Episode_Reward/joint_torques_l2: -0.2613
          Curriculum/polish_ground_slam: -1.0000
           Episode_Reward/body_velocity: -1.1152
           Curriculum/polish_not_moving: -1.0000
    Episode_Reward/joint_tracking_error: -0.8197
           Episode_Termination/time_out: 0.2575
         Episode_Reward/ground_unloaded: -0.1982
  Episode_Reward/feet_distance_standing: -0.0248
           Curriculum/polish_torso_slam: -5.0000
              Episode_Reward/relaxation: -2.3489
              Episode_Reward/not_moving: -0.6657
           Episode_Reward/feet_distance: -0.0659
               Episode_Reward/flat_feet: -0.6128
        Episode_Reward/illegal_contacts: -0.0636
         Curriculum/polish_joint_vel_l2: -0.0010
      Episode_Reward/joint_deviation_l1: -0.1125
        Episode_Reward/action_rate_rate: -6.0924
      Episode_Termination/invalid_state: 0.0000
            Episode_Reward/joint_vel_l2: -0.3137
     Curriculum/polish_action_rate_rate: -0.1500
        Episode_Reward/joint_vel_limits: -0.0003
         Episode_Reward/severely_tilted: -0.0033
            Metrics/height/height_error: 0.0924
           Episode_Reward/torso_upright: -0.0057
        Curriculum/random_fallen_states: 0.0000
     Episode_Reward/completely_airborne: -0.8667
             Episode_Reward/ground_slam: -0.7640
      Episode_Reward/base_height_medium: 0.7601
               Curriculum/adaptive_lift: 0.9945
              Curriculum/terrain_levels: 0.0000
              Episode_Reward/feet_slide: -0.2774
           Episode_Reward/feet_yaw_mean: -0.0923
              Episode_Reward/torso_roll: -0.5275
            Episode_Reward/joint_acc_l2: -0.0438
       Episode_Reward/base_height_rough: 0.5177
             Episode_Reward/action_rate: -13.6018
 Episode_Reward/joint_deviation_l1_arms: -0.0586
           Episode_Reward/torque_limits: -0.2879
--------------------------------------------------------------------------------
                         Iteration time: 1.12s
                           Time elapsed: 0:00:10
                                    ETA: 0:00:28

################################################################################
[1m                            Learning iteration 8/30                             [0m 

                               Run name: height_tracking_g1
                            Total steps: 221184 
                       Steps per second: 22138 
                        Collection time: 0.988s 
                          Learning time: 0.122s 
                        Mean value loss: 3.6964
                    Mean surrogate loss: -0.0134
                      Mean entropy loss: 40.3408
                     Mean symmetry loss: 0.0008
                   Mean l2c2_actor loss: 0.0037
                  Mean l2c2_critic loss: 0.0915
                            Mean reward: -413.93
                    Mean episode length: 177.56
                        Mean action std: 0.97
                    Entropy coefficient: 0.002500
        Episode_Reward/joint_pos_limits: -0.0020
           Episode_Reward/forward_pitch: -0.7009
              Episode_Reward/torso_slam: -0.6128
           Episode_Reward/ankle_torques: -0.0949
        Episode_Reward/base_height_fine: 0.4984
        Episode_Reward/joint_torques_l2: -0.2611
          Curriculum/polish_ground_slam: -1.0000
           Episode_Reward/body_velocity: -1.0645
           Curriculum/polish_not_moving: -1.0000
    Episode_Reward/joint_tracking_error: -0.8945
           Episode_Termination/time_out: 0.2927
         Episode_Reward/ground_unloaded: -0.1430
  Episode_Reward/feet_distance_standing: -0.0366
           Curriculum/polish_torso_slam: -5.0000
              Episode_Reward/relaxation: -3.3744
              Episode_Reward/not_moving: -0.2343
           Episode_Reward/feet_distance: -0.0848
               Episode_Reward/flat_feet: -0.6920
        Episode_Reward/illegal_contacts: -0.1118
         Curriculum/polish_joint_vel_l2: -0.0010
      Episode_Reward/joint_deviation_l1: -0.1205
        Episode_Reward/action_rate_rate: -6.8692
      Episode_Termination/invalid_state: 0.0000
            Episode_Reward/joint_vel_l2: -0.3296
     Curriculum/polish_action_rate_rate: -0.1500
        Episode_Reward/joint_vel_limits: -0.0003
         Episode_Reward/severely_tilted: -0.0018
            Metrics/height/height_error: 0.1023
           Episode_Reward/torso_upright: -0.0035
        Curriculum/random_fallen_states: 0.0000
     Episode_Reward/completely_airborne: -0.7350
             Episode_Reward/ground_slam: -0.8337
      Episode_Reward/base_height_medium: 0.3989
               Curriculum/adaptive_lift: 0.9938
              Curriculum/terrain_levels: 0.0000
              Episode_Reward/feet_slide: -0.3291
           Episode_Reward/feet_yaw_mean: -0.0906
              Episode_Reward/torso_roll: -0.5777
            Episode_Reward/joint_acc_l2: -0.0376
       Episode_Reward/base_height_rough: 0.3905
             Episode_Reward/action_rate: -15.3400
 Episode_Reward/joint_deviation_l1_arms: -0.0590
           Episode_Reward/torque_limits: -0.2912
--------------------------------------------------------------------------------
                         Iteration time: 1.11s
                           Time elapsed: 0:00:11
                                    ETA: 0:00:27

################################################################################
[1m                            Learning iteration 9/30                             [0m 

                               Run name: height_tracking_g1
                            Total steps: 245760 
                       Steps per second: 21886 
                        Collection time: 1.008s 
                          Learning time: 0.115s 
                        Mean value loss: 3.6044
                    Mean surrogate loss: -0.0132
                      Mean entropy loss: 40.2465
                     Mean symmetry loss: 0.0008
                   Mean l2c2_actor loss: 0.0039
                  Mean l2c2_critic loss: 0.0977
                            Mean reward: -475.38
                    Mean episode length: 205.46
                        Mean action std: 0.97
                    Entropy coefficient: 0.002500
        Episode_Reward/joint_pos_limits: -0.0023
           Episode_Reward/forward_pitch: -0.3811
              Episode_Reward/torso_slam: -0.8571
           Episode_Reward/ankle_torques: -0.0945
        Episode_Reward/base_height_fine: 0.9662
        Episode_Reward/joint_torques_l2: -0.3039
          Curriculum/polish_ground_slam: -1.0000
           Episode_Reward/body_velocity: -1.3316
           Curriculum/polish_not_moving: -1.0000
    Episode_Reward/joint_tracking_error: -0.9834
           Episode_Termination/time_out: 0.3210
         Episode_Reward/ground_unloaded: -0.2226
  Episode_Reward/feet_distance_standing: -0.0379
           Curriculum/polish_torso_slam: -5.0000
              Episode_Reward/relaxation: -2.6351
              Episode_Reward/not_moving: -0.4831
           Episode_Reward/feet_distance: -0.0921
               Episode_Reward/flat_feet: -0.8134
        Episode_Reward/illegal_contacts: -0.0758
         Curriculum/polish_joint_vel_l2: -0.0010
      Episode_Reward/joint_deviation_l1: -0.1444
        Episode_Reward/action_rate_rate: -7.6150
      Episode_Termination/invalid_state: 0.0000
            Episode_Reward/joint_vel_l2: -0.3690
     Curriculum/polish_action_rate_rate: -0.1500
        Episode_Reward/joint_vel_limits: -0.0003
         Episode_Reward/severely_tilted: -0.0006
            Metrics/height/height_error: 0.1564
           Episode_Reward/torso_upright: -0.0045
        Curriculum/random_fallen_states: 0.0000
     Episode_Reward/completely_airborne: -1.1676
             Episode_Reward/ground_slam: -0.9138
      Episode_Reward/base_height_medium: 0.7490
               Curriculum/adaptive_lift: 0.9935
              Curriculum/terrain_levels: 0.0000
              Episode_Reward/feet_slide: -0.3359
           Episode_Reward/feet_yaw_mean: -0.1065
              Episode_Reward/torso_roll: -0.6553
            Episode_Reward/joint_acc_l2: -0.0477
       Episode_Reward/base_height_rough: 0.6173
             Episode_Reward/action_rate: -17.0220
 Episode_Reward/joint_deviation_l1_arms: -0.0731
           Episode_Reward/torque_limits: -0.3327
--------------------------------------------------------------------------------
                         Iteration time: 1.12s
                           Time elapsed: 0:00:12
                                    ETA: 0:00:25

################################################################################
[1m                            Learning iteration 10/30                            [0m 

                               Run name: height_tracking_g1
                            Total steps: 270336 
                       Steps per second: 22264 
                        Collection time: 0.989s 
                          Learning time: 0.115s 
                        Mean value loss: 3.5758
                    Mean surrogate loss: -0.0132
                      Mean entropy loss: 40.1544
                     Mean symmetry loss: 0.0008
                   Mean l2c2_actor loss: 0.0040
                  Mean l2c2_critic loss: 0.1058
                            Mean reward: -527.45
                    Mean episode length: 230.14
                        Mean action std: 0.96
                    Entropy coefficient: 0.002500
        Episode_Reward/joint_pos_limits: -0.0029
           Episode_Reward/forward_pitch: -0.5454
              Episode_Reward/torso_slam: -0.9095
           Episode_Reward/ankle_torques: -0.0993
        Episode_Reward/base_height_fine: 1.5840
        Episode_Reward/joint_torques_l2: -0.3646
          Curriculum/polish_ground_slam: -1.0000
           Episode_Reward/body_velocity: -1.4770
           Curriculum/polish_not_moving: -1.0000
    Episode_Reward/joint_tracking_error: -1.1455
           Episode_Termination/time_out: 0.3570
         Episode_Reward/ground_unloaded: -0.2999
  Episode_Reward/feet_distance_standing: -0.0336
           Curriculum/polish_torso_slam: -5.0000
              Episode_Reward/relaxation: -2.5733
              Episode_Reward/not_moving: -0.9033
           Episode_Reward/feet_distance: -0.0993
               Episode_Reward/flat_feet: -0.9328
        Episode_Reward/illegal_contacts: -0.1204
         Curriculum/polish_joint_vel_l2: -0.0010
      Episode_Reward/joint_deviation_l1: -0.1224
        Episode_Reward/action_rate_rate: -8.4204
      Episode_Termination/invalid_state: 0.0000
            Episode_Reward/joint_vel_l2: -0.4010
     Curriculum/polish_action_rate_rate: -0.1500
        Episode_Reward/joint_vel_limits: -0.0003
         Episode_Reward/severely_tilted: -0.0012
            Metrics/height/height_error: 0.1759
           Episode_Reward/torso_upright: -0.0041
        Curriculum/random_fallen_states: 0.0000
     Episode_Reward/completely_airborne: -1.1069
             Episode_Reward/ground_slam: -1.0633
      Episode_Reward/base_height_medium: 1.0554
               Curriculum/adaptive_lift: 0.9935
              Curriculum/terrain_levels: 0.0000
              Episode_Reward/feet_slide: -0.3820
           Episode_Reward/feet_yaw_mean: -0.1172
              Episode_Reward/torso_roll: -0.7137
            Episode_Reward/joint_acc_l2: -0.0630
       Episode_Reward/base_height_rough: 0.7584
             Episode_Reward/action_rate: -18.7935
 Episode_Reward/joint_deviation_l1_arms: -0.0655
           Episode_Reward/torque_limits: -0.3960
--------------------------------------------------------------------------------
                         Iteration time: 1.10s
                           Time elapsed: 0:00:13
                                    ETA: 0:00:23

################################################################################
[1m                            Learning iteration 11/30                            [0m 

                               Run name: height_tracking_g1
                            Total steps: 294912 
                       Steps per second: 21740 
                        Collection time: 1.016s 
                          Learning time: 0.115s 
                        Mean value loss: 3.4204
                    Mean surrogate loss: -0.0127
                      Mean entropy loss: 40.0520
                     Mean symmetry loss: 0.0008
                   Mean l2c2_actor loss: 0.0042
                  Mean l2c2_critic loss: 0.1055
                            Mean reward: -576.54
                    Mean episode length: 254.75
                        Mean action std: 0.96
                    Entropy coefficient: 0.002500
        Episode_Reward/joint_pos_limits: -0.0032
           Episode_Reward/forward_pitch: -0.7856
              Episode_Reward/torso_slam: -1.0231
           Episode_Reward/ankle_torques: -0.1076
        Episode_Reward/base_height_fine: 1.5205
        Episode_Reward/joint_torques_l2: -0.3805
          Curriculum/polish_ground_slam: -1.0000
           Episode_Reward/body_velocity: -1.7136
           Curriculum/polish_not_moving: -1.0000
    Episode_Reward/joint_tracking_error: -1.2425
           Episode_Termination/time_out: 0.3894
         Episode_Reward/ground_unloaded: -0.3002
  Episode_Reward/feet_distance_standing: -0.0573
           Curriculum/polish_torso_slam: -5.0000
              Episode_Reward/relaxation: -3.2447
              Episode_Reward/not_moving: -0.7844
           Episode_Reward/feet_distance: -0.1055
               Episode_Reward/flat_feet: -0.9584
        Episode_Reward/illegal_contacts: -0.1423
         Curriculum/polish_joint_vel_l2: -0.0010
      Episode_Reward/joint_deviation_l1: -0.1729
        Episode_Reward/action_rate_rate: -9.1969
      Episode_Termination/invalid_state: 0.0000
            Episode_Reward/joint_vel_l2: -0.4476
     Curriculum/polish_action_rate_rate: -0.1500
        Episode_Reward/joint_vel_limits: -0.0004
         Episode_Reward/severely_tilted: -0.0033
            Metrics/height/height_error: 0.1484
           Episode_Reward/torso_upright: -0.0058
        Curriculum/random_fallen_states: 0.0000
     Episode_Reward/completely_airborne: -1.0421
             Episode_Reward/ground_slam: -1.1297
      Episode_Reward/base_height_medium: 1.0627
               Curriculum/adaptive_lift: 0.9935
              Curriculum/terrain_levels: 0.0000
              Episode_Reward/feet_slide: -0.4236
           Episode_Reward/feet_yaw_mean: -0.1365
              Episode_Reward/torso_roll: -0.8131
            Episode_Reward/joint_acc_l2: -0.0597
       Episode_Reward/base_height_rough: 0.7901
             Episode_Reward/action_rate: -20.5119
 Episode_Reward/joint_deviation_l1_arms: -0.0935
           Episode_Reward/torque_limits: -0.4180
--------------------------------------------------------------------------------
                         Iteration time: 1.13s
                           Time elapsed: 0:00:14
                                    ETA: 0:00:22

################################################################################
[1m                            Learning iteration 12/30                            [0m 

                               Run name: height_tracking_g1
                            Total steps: 319488 
                       Steps per second: 22164 
                        Collection time: 0.990s 
                          Learning time: 0.119s 
                        Mean value loss: 3.4402
                    Mean surrogate loss: -0.0130
                      Mean entropy loss: 39.9450
                     Mean symmetry loss: 0.0008
                   Mean l2c2_actor loss: 0.0043
                  Mean l2c2_critic loss: 0.1070
                            Mean reward: -625.43
                    Mean episode length: 274.08
                        Mean action std: 0.96
                    Entropy coefficient: 0.002500
        Episode_Reward/joint_pos_limits: -0.0033
           Episode_Reward/forward_pitch: -0.7671
              Episode_Reward/torso_slam: -1.0212
           Episode_Reward/ankle_torques: -0.1172
        Episode_Reward/base_height_fine: 0.9515
        Episode_Reward/joint_torques_l2: -0.4307
          Curriculum/polish_ground_slam: -1.0000
           Episode_Reward/body_velocity: -1.5501
           Curriculum/polish_not_moving: -1.0000
    Episode_Reward/joint_tracking_error: -1.2995
           Episode_Termination/time_out: 0.4226
         Episode_Reward/ground_unloaded: -0.2517
  Episode_Reward/feet_distance_standing: -0.0436
           Curriculum/polish_torso_slam: -5.0000
              Episode_Reward/relaxation: -4.4054
              Episode_Reward/not_moving: -0.3918
           Episode_Reward/feet_distance: -0.1395
               Episode_Reward/flat_feet: -1.1210
        Episode_Reward/illegal_contacts: -0.1395
         Curriculum/polish_joint_vel_l2: -0.0010
      Episode_Reward/joint_deviation_l1: -0.1085
        Episode_Reward/action_rate_rate: -9.9403
      Episode_Termination/invalid_state: 0.0000
            Episode_Reward/joint_vel_l2: -0.4600
     Curriculum/polish_action_rate_rate: -0.1500
        Episode_Reward/joint_vel_limits: -0.0004
         Episode_Reward/severely_tilted: -0.0024
            Metrics/height/height_error: 0.1572
           Episode_Reward/torso_upright: -0.0021
        Curriculum/random_fallen_states: 0.0000
     Episode_Reward/completely_airborne: -1.6440
             Episode_Reward/ground_slam: -1.2161
      Episode_Reward/base_height_medium: 0.7851
               Curriculum/adaptive_lift: 0.9935
              Curriculum/terrain_levels: 0.0000
              Episode_Reward/feet_slide: -0.4501
           Episode_Reward/feet_yaw_mean: -0.1500
              Episode_Reward/torso_roll: -0.9065
            Episode_Reward/joint_acc_l2: -0.0763
       Episode_Reward/base_height_rough: 0.7129
             Episode_Reward/action_rate: -22.1726
 Episode_Reward/joint_deviation_l1_arms: -0.0548
           Episode_Reward/torque_limits: -0.4692
--------------------------------------------------------------------------------
                         Iteration time: 1.11s
                           Time elapsed: 0:00:16
                                    ETA: 0:00:20

################################################################################
[1m                            Learning iteration 13/30                            [0m 

                               Run name: height_tracking_g1
                            Total steps: 344064 
                       Steps per second: 21992 
                        Collection time: 1.002s 
                          Learning time: 0.115s 
                        Mean value loss: 3.4028
                    Mean surrogate loss: -0.0131
                      Mean entropy loss: 39.8471
                     Mean symmetry loss: 0.0007
                   Mean l2c2_actor loss: 0.0044
                  Mean l2c2_critic loss: 0.1225
                            Mean reward: -680.69
                    Mean episode length: 300.80
                        Mean action std: 0.95
                    Entropy coefficient: 0.002500
        Episode_Reward/joint_pos_limits: -0.0041
           Episode_Reward/forward_pitch: -0.6738
              Episode_Reward/torso_slam: -1.3012
           Episode_Reward/ankle_torques: -0.1433
        Episode_Reward/base_height_fine: 2.0573
        Episode_Reward/joint_torques_l2: -0.4543
          Curriculum/polish_ground_slam: -1.0000
           Episode_Reward/body_velocity: -2.1185
           Curriculum/polish_not_moving: -1.0000
    Episode_Reward/joint_tracking_error: -1.4326
           Episode_Termination/time_out: 0.4543
         Episode_Reward/ground_unloaded: -0.4381
  Episode_Reward/feet_distance_standing: -0.0489
           Curriculum/polish_torso_slam: -5.0000
              Episode_Reward/relaxation: -2.6420
              Episode_Reward/not_moving: -1.1096
           Episode_Reward/feet_distance: -0.1207
               Episode_Reward/flat_feet: -1.1193
        Episode_Reward/illegal_contacts: -0.1397
         Curriculum/polish_joint_vel_l2: -0.0010
      Episode_Reward/joint_deviation_l1: -0.1740
        Episode_Reward/action_rate_rate: -10.6342
      Episode_Termination/invalid_state: 0.0000
            Episode_Reward/joint_vel_l2: -0.5377
     Curriculum/polish_action_rate_rate: -0.1500
        Episode_Reward/joint_vel_limits: -0.0005
         Episode_Reward/severely_tilted: -0.0021
            Metrics/height/height_error: 0.2274
           Episode_Reward/torso_upright: -0.0055
        Curriculum/random_fallen_states: 0.0000
     Episode_Reward/completely_airborne: -1.3164
             Episode_Reward/ground_slam: -1.4265
      Episode_Reward/base_height_medium: 1.4051
               Curriculum/adaptive_lift: 0.9935
              Curriculum/terrain_levels: 0.0000
              Episode_Reward/feet_slide: -0.4938
           Episode_Reward/feet_yaw_mean: -0.1665
              Episode_Reward/torso_roll: -0.9995
            Episode_Reward/joint_acc_l2: -0.0736
       Episode_Reward/base_height_rough: 1.0175
             Episode_Reward/action_rate: -23.8031
 Episode_Reward/joint_deviation_l1_arms: -0.0887
           Episode_Reward/torque_limits: -0.5216
--------------------------------------------------------------------------------
                         Iteration time: 1.12s
                           Time elapsed: 0:00:17
                                    ETA: 0:00:19

################################################################################
[1m                            Learning iteration 14/30                            [0m 

                               Run name: height_tracking_g1
                            Total steps: 368640 
                       Steps per second: 22416 
                        Collection time: 0.981s 
                          Learning time: 0.115s 
                        Mean value loss: 3.5405
                    Mean surrogate loss: -0.0135
                      Mean entropy loss: 39.7426
                     Mean symmetry loss: 0.0007
                   Mean l2c2_actor loss: 0.0045
                  Mean l2c2_critic loss: 0.1104
                            Mean reward: -718.23
                    Mean episode length: 321.68
                        Mean action std: 0.95
                    Entropy coefficient: 0.002500
        Episode_Reward/joint_pos_limits: -0.0038
           Episode_Reward/forward_pitch: -0.9667
              Episode_Reward/torso_slam: -1.0304
           Episode_Reward/ankle_torques: -0.1643
        Episode_Reward/base_height_fine: 1.9710
        Episode_Reward/joint_torques_l2: -0.4934
          Curriculum/polish_ground_slam: -1.0000
           Episode_Reward/body_velocity: -1.8751
           Curriculum/polish_not_moving: -1.0000
    Episode_Reward/joint_tracking_error: -1.5193
           Episode_Termination/time_out: 0.4868
         Episode_Reward/ground_unloaded: -0.4282
  Episode_Reward/feet_distance_standing: -0.0576
           Curriculum/polish_torso_slam: -5.0000
              Episode_Reward/relaxation: -3.5121
              Episode_Reward/not_moving: -0.9276
           Episode_Reward/feet_distance: -0.1671
               Episode_Reward/flat_feet: -1.2214
        Episode_Reward/illegal_contacts: -0.1600
         Curriculum/polish_joint_vel_l2: -0.0010
      Episode_Reward/joint_deviation_l1: -0.1939
        Episode_Reward/action_rate_rate: -11.4642
      Episode_Termination/invalid_state: 0.0000
            Episode_Reward/joint_vel_l2: -0.5461
     Curriculum/polish_action_rate_rate: -0.1500
        Episode_Reward/joint_vel_limits: -0.0004
         Episode_Reward/severely_tilted: -0.0046
            Metrics/height/height_error: 0.1757
           Episode_Reward/torso_upright: -0.0106
        Curriculum/random_fallen_states: 0.0000
     Episode_Reward/completely_airborne: -1.2178
             Episode_Reward/ground_slam: -1.3889
      Episode_Reward/base_height_medium: 1.4025
               Curriculum/adaptive_lift: 0.9935
              Curriculum/terrain_levels: 0.0000
              Episode_Reward/feet_slide: -0.5390
           Episode_Reward/feet_yaw_mean: -0.1634
              Episode_Reward/torso_roll: -1.0313
            Episode_Reward/joint_acc_l2: -0.0842
       Episode_Reward/base_height_rough: 1.0295
             Episode_Reward/action_rate: -25.6254
 Episode_Reward/joint_deviation_l1_arms: -0.0956
           Episode_Reward/torque_limits: -0.5206
--------------------------------------------------------------------------------
                         Iteration time: 1.10s
                           Time elapsed: 0:00:18
                                    ETA: 0:00:18

################################################################################
[1m                            Learning iteration 15/30                            [0m 

                               Run name: height_tracking_g1
                            Total steps: 393216 
                       Steps per second: 22106 
                        Collection time: 0.996s 
                          Learning time: 0.115s 
                        Mean value loss: 2.8865
                    Mean surrogate loss: -0.0133
                      Mean entropy loss: 39.6259
                     Mean symmetry loss: 0.0007
                   Mean l2c2_actor loss: 0.0049
                  Mean l2c2_critic loss: 0.0967
                            Mean reward: -757.57
                    Mean episode length: 344.89
                        Mean action std: 0.95
                    Entropy coefficient: 0.002500
        Episode_Reward/joint_pos_limits: -0.0044
           Episode_Reward/forward_pitch: -0.8303
              Episode_Reward/torso_slam: -1.2514
           Episode_Reward/ankle_torques: -0.1637
        Episode_Reward/base_height_fine: 2.0040
        Episode_Reward/joint_torques_l2: -0.5387
          Curriculum/polish_ground_slam: -1.0000
           Episode_Reward/body_velocity: -2.0144
           Curriculum/polish_not_moving: -1.0000
    Episode_Reward/joint_tracking_error: -1.6197
           Episode_Termination/time_out: 0.5166
         Episode_Reward/ground_unloaded: -0.4551
  Episode_Reward/feet_distance_standing: -0.0836
           Curriculum/polish_torso_slam: -5.0000
              Episode_Reward/relaxation: -3.5937
              Episode_Reward/not_moving: -1.0659
           Episode_Reward/feet_distance: -0.1620
               Episode_Reward/flat_feet: -1.3207
        Episode_Reward/illegal_contacts: -0.1488
         Curriculum/polish_joint_vel_l2: -0.0010
      Episode_Reward/joint_deviation_l1: -0.1935
        Episode_Reward/action_rate_rate: -12.1727
      Episode_Termination/invalid_state: 0.0000
            Episode_Reward/joint_vel_l2: -0.5705
     Curriculum/polish_action_rate_rate: -0.1500
        Episode_Reward/joint_vel_limits: -0.0005
         Episode_Reward/severely_tilted: -0.0026
            Metrics/height/height_error: nan
           Episode_Reward/torso_upright: -0.0056
        Curriculum/random_fallen_states: 0.0000
     Episode_Reward/completely_airborne: -1.4930
             Episode_Reward/ground_slam: -1.4963
      Episode_Reward/base_height_medium: 1.3963
               Curriculum/adaptive_lift: 0.9935
              Curriculum/terrain_levels: 0.0000
              Episode_Reward/feet_slide: -0.5823
           Episode_Reward/feet_yaw_mean: -0.1964
              Episode_Reward/torso_roll: -1.0708
            Episode_Reward/joint_acc_l2: -0.0929
       Episode_Reward/base_height_rough: 1.0669
             Episode_Reward/action_rate: -27.1966
 Episode_Reward/joint_deviation_l1_arms: -0.1144
           Episode_Reward/torque_limits: -0.5869
--------------------------------------------------------------------------------
                         Iteration time: 1.11s
                           Time elapsed: 0:00:19
                                    ETA: 0:00:16

################################################################################
[1m                            Learning iteration 16/30                            [0m 

                               Run name: height_tracking_g1
                            Total steps: 417792 
                       Steps per second: 22147 
                        Collection time: 0.995s 
                          Learning time: 0.115s 
                        Mean value loss: 3.0673
                    Mean surrogate loss: -0.0133
                      Mean entropy loss: 39.5097
                     Mean symmetry loss: 0.0007
                   Mean l2c2_actor loss: 0.0050
                  Mean l2c2_critic loss: 0.1319
                            Mean reward: -803.86
                    Mean episode length: 366.07
                        Mean action std: 0.94
                    Entropy coefficient: 0.002500
        Episode_Reward/joint_pos_limits: -0.0045
           Episode_Reward/forward_pitch: -1.0612
              Episode_Reward/torso_slam: -1.1649
           Episode_Reward/ankle_torques: -0.1345
        Episode_Reward/base_height_fine: 1.7281
        Episode_Reward/joint_torques_l2: -0.5082
          Curriculum/polish_ground_slam: -1.0000
           Episode_Reward/body_velocity: -1.9885
           Curriculum/polish_not_moving: -1.0000
    Episode_Reward/joint_tracking_error: -1.6607
           Episode_Termination/time_out: 0.5428
         Episode_Reward/ground_unloaded: -0.4202
  Episode_Reward/feet_distance_standing: -0.0578
           Curriculum/polish_torso_slam: -5.0000
              Episode_Reward/relaxation: -4.2607
              Episode_Reward/not_moving: -0.8599
           Episode_Reward/feet_distance: -0.1621
               Episode_Reward/flat_feet: -1.4394
        Episode_Reward/illegal_contacts: -0.2005
         Curriculum/polish_joint_vel_l2: -0.0010
      Episode_Reward/joint_deviation_l1: -0.1628
        Episode_Reward/action_rate_rate: -12.8254
      Episode_Termination/invalid_state: 0.0000
            Episode_Reward/joint_vel_l2: -0.6230
     Curriculum/polish_action_rate_rate: -0.1500
        Episode_Reward/joint_vel_limits: -0.0006
         Episode_Reward/severely_tilted: -0.0044
            Metrics/height/height_error: 0.1834
           Episode_Reward/torso_upright: -0.0080
        Curriculum/random_fallen_states: 0.0000
     Episode_Reward/completely_airborne: -1.5204
             Episode_Reward/ground_slam: -1.5902
      Episode_Reward/base_height_medium: 1.2860
               Curriculum/adaptive_lift: 0.9935
              Curriculum/terrain_levels: 0.0000
              Episode_Reward/feet_slide: -0.6179
           Episode_Reward/feet_yaw_mean: -0.1767
              Episode_Reward/torso_roll: -1.1992
            Episode_Reward/joint_acc_l2: -0.0752
       Episode_Reward/base_height_rough: 1.0522
             Episode_Reward/action_rate: -28.6876
 Episode_Reward/joint_deviation_l1_arms: -0.0995
           Episode_Reward/torque_limits: -0.5634
--------------------------------------------------------------------------------
                         Iteration time: 1.11s
                           Time elapsed: 0:00:20
                                    ETA: 0:00:15

################################################################################
[1m                            Learning iteration 17/30                            [0m 

                               Run name: height_tracking_g1
                            Total steps: 442368 
                       Steps per second: 22095 
                        Collection time: 0.997s 
                          Learning time: 0.115s 
                        Mean value loss: 2.9656
                    Mean surrogate loss: -0.0122
                      Mean entropy loss: 39.4057
                     Mean symmetry loss: 0.0007
                   Mean l2c2_actor loss: 0.0051
                  Mean l2c2_critic loss: 0.1271
                            Mean reward: -861.46
                    Mean episode length: 392.22
                        Mean action std: 0.94
                    Entropy coefficient: 0.002500
        Episode_Reward/joint_pos_limits: -0.0049
           Episode_Reward/forward_pitch: -1.1817
              Episode_Reward/torso_slam: -1.3632
           Episode_Reward/ankle_torques: -0.1550
        Episode_Reward/base_height_fine: 1.9708
        Episode_Reward/joint_torques_l2: -0.5887
          Curriculum/polish_ground_slam: -1.0000
           Episode_Reward/body_velocity: -2.2850
           Curriculum/polish_not_moving: -1.0000
    Episode_Reward/joint_tracking_error: -1.8099
           Episode_Termination/time_out: 0.5722
         Episode_Reward/ground_unloaded: -0.4432
  Episode_Reward/feet_distance_standing: -0.0742
           Curriculum/polish_torso_slam: -5.0000
              Episode_Reward/relaxation: -5.1082
              Episode_Reward/not_moving: -0.8871
           Episode_Reward/feet_distance: -0.1779
               Episode_Reward/flat_feet: -1.4844
        Episode_Reward/illegal_contacts: -0.2119
         Curriculum/polish_joint_vel_l2: -0.0010
      Episode_Reward/joint_deviation_l1: -0.2033
        Episode_Reward/action_rate_rate: -13.5534
      Episode_Termination/invalid_state: 0.0000
            Episode_Reward/joint_vel_l2: -0.6430
     Curriculum/polish_action_rate_rate: -0.1500
        Episode_Reward/joint_vel_limits: -0.0005
         Episode_Reward/severely_tilted: -0.0036
            Metrics/height/height_error: 0.2398
           Episode_Reward/torso_upright: -0.0101
        Curriculum/random_fallen_states: 0.0000
     Episode_Reward/completely_airborne: -1.4546
             Episode_Reward/ground_slam: -1.6849
      Episode_Reward/base_height_medium: 1.5048
               Curriculum/adaptive_lift: 0.9935
              Curriculum/terrain_levels: 0.0000
              Episode_Reward/feet_slide: -0.6626
           Episode_Reward/feet_yaw_mean: -0.2124
              Episode_Reward/torso_roll: -1.2237
            Episode_Reward/joint_acc_l2: -0.1006
       Episode_Reward/base_height_rough: 1.2007
             Episode_Reward/action_rate: -30.3697
 Episode_Reward/joint_deviation_l1_arms: -0.1172
           Episode_Reward/torque_limits: -0.6024
--------------------------------------------------------------------------------
                         Iteration time: 1.11s
                           Time elapsed: 0:00:21
                                    ETA: 0:00:14

################################################################################
[1m                            Learning iteration 18/30                            [0m 

                               Run name: height_tracking_g1
                            Total steps: 466944 
                       Steps per second: 22326 
                        Collection time: 0.975s 
                          Learning time: 0.125s 
                        Mean value loss: 2.5117
                    Mean surrogate loss: -0.0127
                      Mean entropy loss: 39.2744
                     Mean symmetry loss: 0.0008
                   Mean l2c2_actor loss: 0.0052
                  Mean l2c2_critic loss: 0.0976
                            Mean reward: -909.08
                    Mean episode length: 409.85
                        Mean action std: 0.94
                    Entropy coefficient: 0.002500
        Episode_Reward/joint_pos_limits: -0.0046
           Episode_Reward/forward_pitch: -1.3811
              Episode_Reward/torso_slam: -1.3228
           Episode_Reward/ankle_torques: -0.1899
        Episode_Reward/base_height_fine: 2.1822
        Episode_Reward/joint_torques_l2: -0.6330
          Curriculum/polish_ground_slam: -1.0000
           Episode_Reward/body_velocity: -2.1587
           Curriculum/polish_not_moving: -1.0000
    Episode_Reward/joint_tracking_error: -1.8564
           Episode_Termination/time_out: 0.5987
         Episode_Reward/ground_unloaded: -0.4043
  Episode_Reward/feet_distance_standing: -0.0746
           Curriculum/polish_torso_slam: -5.0000
              Episode_Reward/relaxation: -6.5093
              Episode_Reward/not_moving: -0.9832
           Episode_Reward/feet_distance: -0.1605
               Episode_Reward/flat_feet: -1.6045
        Episode_Reward/illegal_contacts: -0.2474
         Curriculum/polish_joint_vel_l2: -0.0010
      Episode_Reward/joint_deviation_l1: -0.2431
        Episode_Reward/action_rate_rate: -14.3617
      Episode_Termination/invalid_state: 0.0000
            Episode_Reward/joint_vel_l2: -0.6659
     Curriculum/polish_action_rate_rate: -0.1500
        Episode_Reward/joint_vel_limits: -0.0006
         Episode_Reward/severely_tilted: -0.0029
            Metrics/height/height_error: 0.2225
           Episode_Reward/torso_upright: -0.0134
        Curriculum/random_fallen_states: 0.0000
     Episode_Reward/completely_airborne: -2.0611
             Episode_Reward/ground_slam: -1.6948
      Episode_Reward/base_height_medium: 1.5719
               Curriculum/adaptive_lift: 0.9935
              Curriculum/terrain_levels: 0.0000
              Episode_Reward/feet_slide: -0.6828
           Episode_Reward/feet_yaw_mean: -0.1969
              Episode_Reward/torso_roll: -1.3031
            Episode_Reward/joint_acc_l2: -0.1148
       Episode_Reward/base_height_rough: 1.1975
             Episode_Reward/action_rate: -32.1102
 Episode_Reward/joint_deviation_l1_arms: -0.1185
           Episode_Reward/torque_limits: -0.6261
--------------------------------------------------------------------------------
                         Iteration time: 1.10s
                           Time elapsed: 0:00:22
                                    ETA: 0:00:13

################################################################################
[1m                            Learning iteration 19/30                            [0m 

                               Run name: height_tracking_g1
                            Total steps: 491520 
                       Steps per second: 22679 
                        Collection time: 0.969s 
                          Learning time: 0.115s 
                        Mean value loss: 2.5700
                    Mean surrogate loss: -0.0114
                      Mean entropy loss: 39.1685
                     Mean symmetry loss: 0.0007
                   Mean l2c2_actor loss: 0.0054
                  Mean l2c2_critic loss: 0.0872
                            Mean reward: -949.98
                    Mean episode length: 433.73
                        Mean action std: 0.93
                    Entropy coefficient: 0.002500
        Episode_Reward/joint_pos_limits: -0.0059
           Episode_Reward/forward_pitch: -0.9404
              Episode_Reward/torso_slam: -1.2652
           Episode_Reward/ankle_torques: -0.1817
        Episode_Reward/base_height_fine: 2.9323
        Episode_Reward/joint_torques_l2: -0.6838
          Curriculum/polish_ground_slam: -1.0000
           Episode_Reward/body_velocity: -2.6645
           Curriculum/polish_not_moving: -1.0000
    Episode_Reward/joint_tracking_error: -2.0224
           Episode_Termination/time_out: 0.6259
         Episode_Reward/ground_unloaded: -0.6902
  Episode_Reward/feet_distance_standing: -0.0581
           Curriculum/polish_torso_slam: -5.0000
              Episode_Reward/relaxation: -2.9064
              Episode_Reward/not_moving: -1.5179
           Episode_Reward/feet_distance: -0.1784
               Episode_Reward/flat_feet: -1.6590
        Episode_Reward/illegal_contacts: -0.2090
         Curriculum/polish_joint_vel_l2: -0.0010
      Episode_Reward/joint_deviation_l1: -0.2381
        Episode_Reward/action_rate_rate: -15.0599
      Episode_Termination/invalid_state: 0.0000
            Episode_Reward/joint_vel_l2: -0.7173
     Curriculum/polish_action_rate_rate: -0.1500
        Episode_Reward/joint_vel_limits: -0.0006
         Episode_Reward/severely_tilted: -0.0043
            Metrics/height/height_error: 0.2610
           Episode_Reward/torso_upright: -0.0083
        Curriculum/random_fallen_states: 0.0000
     Episode_Reward/completely_airborne: -1.8737
             Episode_Reward/ground_slam: -1.8398
      Episode_Reward/base_height_medium: 2.0152
               Curriculum/adaptive_lift: 0.9935
              Curriculum/terrain_levels: 0.0000
              Episode_Reward/feet_slide: -0.7054
           Episode_Reward/feet_yaw_mean: -0.2212
              Episode_Reward/torso_roll: -1.3250
            Episode_Reward/joint_acc_l2: -0.1217
       Episode_Reward/base_height_rough: 1.4805
             Episode_Reward/action_rate: -33.7008
 Episode_Reward/joint_deviation_l1_arms: -0.1234
           Episode_Reward/torque_limits: -0.7211
--------------------------------------------------------------------------------
                         Iteration time: 1.08s
                           Time elapsed: 0:00:23
                                    ETA: 0:00:11

################################################################################
[1m                            Learning iteration 20/30                            [0m 

                               Run name: height_tracking_g1
                            Total steps: 516096 
                       Steps per second: 21959 
                        Collection time: 1.004s 
                          Learning time: 0.115s 
                        Mean value loss: 2.3896
                    Mean surrogate loss: -0.0149
                      Mean entropy loss: 39.0511
                     Mean symmetry loss: 0.0007
                   Mean l2c2_actor loss: 0.0056
                  Mean l2c2_critic loss: 0.0599
                            Mean reward: -1019.45
                    Mean episode length: 463.49
                        Mean action std: 0.93
                    Entropy coefficient: 0.002500
        Episode_Reward/joint_pos_limits: -0.0059
           Episode_Reward/forward_pitch: -1.2779
              Episode_Reward/torso_slam: -1.3653
           Episode_Reward/ankle_torques: -0.1956
        Episode_Reward/base_height_fine: 1.9759
        Episode_Reward/joint_torques_l2: -0.6437
          Curriculum/polish_ground_slam: -1.0000
           Episode_Reward/body_velocity: -2.5078
           Curriculum/polish_not_moving: -1.0000
    Episode_Reward/joint_tracking_error: -2.0312
           Episode_Termination/time_out: 0.6539
         Episode_Reward/ground_unloaded: -0.5542
  Episode_Reward/feet_distance_standing: -0.0761
           Curriculum/polish_torso_slam: -5.0000
              Episode_Reward/relaxation: -4.8735
              Episode_Reward/not_moving: -0.9350
           Episode_Reward/feet_distance: -0.2161
               Episode_Reward/flat_feet: -1.7780
        Episode_Reward/illegal_contacts: -0.2015
         Curriculum/polish_joint_vel_l2: -0.0010
      Episode_Reward/joint_deviation_l1: -0.1561
        Episode_Reward/action_rate_rate: -15.8873
      Episode_Termination/invalid_state: 0.0000
            Episode_Reward/joint_vel_l2: -0.7911
     Curriculum/polish_action_rate_rate: -0.1500
        Episode_Reward/joint_vel_limits: -0.0007
         Episode_Reward/severely_tilted: -0.0020
            Metrics/height/height_error: 0.2426
           Episode_Reward/torso_upright: -0.0045
        Curriculum/random_fallen_states: 0.0000
     Episode_Reward/completely_airborne: -1.9190
             Episode_Reward/ground_slam: -1.9408
      Episode_Reward/base_height_medium: 1.4830
               Curriculum/adaptive_lift: 0.9935
              Curriculum/terrain_levels: 0.0000
              Episode_Reward/feet_slide: -0.7696
           Episode_Reward/feet_yaw_mean: -0.2379
              Episode_Reward/torso_roll: -1.4442
            Episode_Reward/joint_acc_l2: -0.0964
       Episode_Reward/base_height_rough: 1.2460
             Episode_Reward/action_rate: -35.5050
 Episode_Reward/joint_deviation_l1_arms: -0.1010
           Episode_Reward/torque_limits: -0.7091
--------------------------------------------------------------------------------
                         Iteration time: 1.12s
                           Time elapsed: 0:00:24
                                    ETA: 0:00:10

################################################################################
[1m                            Learning iteration 21/30                            [0m 

                               Run name: height_tracking_g1
                            Total steps: 540672 
                       Steps per second: 21913 
                        Collection time: 1.007s 
                          Learning time: 0.115s 
                        Mean value loss: 2.2214
                    Mean surrogate loss: -0.0112
                      Mean entropy loss: 38.9652
                     Mean symmetry loss: 0.0007
                   Mean l2c2_actor loss: 0.0057
                  Mean l2c2_critic loss: 0.0637
                            Mean reward: -1064.73
                    Mean episode length: 493.83
                        Mean action std: 0.93
                    Entropy coefficient: 0.002500
        Episode_Reward/joint_pos_limits: -0.0058
           Episode_Reward/forward_pitch: -1.3001
              Episode_Reward/torso_slam: -1.6745
           Episode_Reward/ankle_torques: -0.1844
        Episode_Reward/base_height_fine: 2.7411
        Episode_Reward/joint_torques_l2: -0.6878
          Curriculum/polish_ground_slam: -1.0000
           Episode_Reward/body_velocity: -2.6796
           Curriculum/polish_not_moving: -1.0000
    Episode_Reward/joint_tracking_error: -2.1437
           Episode_Termination/time_out: 0.6914
         Episode_Reward/ground_unloaded: -0.5669
  Episode_Reward/feet_distance_standing: -0.0899
           Curriculum/polish_torso_slam: -5.0000
              Episode_Reward/relaxation: -5.6534
              Episode_Reward/not_moving: -1.4010
           Episode_Reward/feet_distance: -0.2258
               Episode_Reward/flat_feet: -1.8895
        Episode_Reward/illegal_contacts: -0.2456
         Curriculum/polish_joint_vel_l2: -0.0010
      Episode_Reward/joint_deviation_l1: -0.2369
        Episode_Reward/action_rate_rate: -16.5538
      Episode_Termination/invalid_state: 0.0000
            Episode_Reward/joint_vel_l2: -0.7731
     Curriculum/polish_action_rate_rate: -0.1500
        Episode_Reward/joint_vel_limits: -0.0007
         Episode_Reward/severely_tilted: -0.0028
            Metrics/height/height_error: nan
           Episode_Reward/torso_upright: -0.0111
        Curriculum/random_fallen_states: 0.0000
     Episode_Reward/completely_airborne: -1.8551
             Episode_Reward/ground_slam: -2.0553
      Episode_Reward/base_height_medium: 1.8975
               Curriculum/adaptive_lift: 0.9935
              Curriculum/terrain_levels: 0.0000
              Episode_Reward/feet_slide: -0.7959
           Episode_Reward/feet_yaw_mean: -0.2422
              Episode_Reward/torso_roll: -1.4738
            Episode_Reward/joint_acc_l2: -0.1088
       Episode_Reward/base_height_rough: 1.4268
             Episode_Reward/action_rate: -37.0141
 Episode_Reward/joint_deviation_l1_arms: -0.1327
           Episode_Reward/torque_limits: -0.7464
--------------------------------------------------------------------------------
                         Iteration time: 1.12s
                           Time elapsed: 0:00:26
                                    ETA: 0:00:09

################################################################################
[1m                            Learning iteration 22/30                            [0m 

                               Run name: height_tracking_g1
                            Total steps: 565248 
                       Steps per second: 21931 
                        Collection time: 1.006s 
                          Learning time: 0.115s 
                        Mean value loss: 2.1613
                    Mean surrogate loss: -0.0134
                      Mean entropy loss: 38.8582
                     Mean symmetry loss: 0.0007
                   Mean l2c2_actor loss: 0.0059
                  Mean l2c2_critic loss: 0.0679
                            Mean reward: -1114.18
                    Mean episode length: 516.07
                        Mean action std: 0.92
                    Entropy coefficient: 0.002500
        Episode_Reward/joint_pos_limits: -0.0063
           Episode_Reward/forward_pitch: -1.1602
              Episode_Reward/torso_slam: -1.8372
           Episode_Reward/ankle_torques: -0.2093
        Episode_Reward/base_height_fine: 2.7306
        Episode_Reward/joint_torques_l2: -0.7527
          Curriculum/polish_ground_slam: -1.0000
           Episode_Reward/body_velocity: -2.8190
           Curriculum/polish_not_moving: -1.0000
    Episode_Reward/joint_tracking_error: -2.2501
           Episode_Termination/time_out: 0.7210
         Episode_Reward/ground_unloaded: -0.6624
  Episode_Reward/feet_distance_standing: -0.1022
           Curriculum/polish_torso_slam: -5.0000
              Episode_Reward/relaxation: -5.1532
              Episode_Reward/not_moving: -1.3073
           Episode_Reward/feet_distance: -0.2228
               Episode_Reward/flat_feet: -1.9883
        Episode_Reward/illegal_contacts: -0.2630
         Curriculum/polish_joint_vel_l2: -0.0010
      Episode_Reward/joint_deviation_l1: -0.2151
        Episode_Reward/action_rate_rate: -17.1850
      Episode_Termination/invalid_state: 0.0000
            Episode_Reward/joint_vel_l2: -0.8253
     Curriculum/polish_action_rate_rate: -0.1500
        Episode_Reward/joint_vel_limits: -0.0007
         Episode_Reward/severely_tilted: -0.0050
            Metrics/height/height_error: 0.2718
           Episode_Reward/torso_upright: -0.0077
        Curriculum/random_fallen_states: 0.0000
     Episode_Reward/completely_airborne: -2.5069
             Episode_Reward/ground_slam: -2.1500
      Episode_Reward/base_height_medium: 1.9664
               Curriculum/adaptive_lift: 0.9935
              Curriculum/terrain_levels: 0.0000
              Episode_Reward/feet_slide: -0.8094
           Episode_Reward/feet_yaw_mean: -0.2600
              Episode_Reward/torso_roll: -1.5801
            Episode_Reward/joint_acc_l2: -0.1280
       Episode_Reward/base_height_rough: 1.5315
             Episode_Reward/action_rate: -38.4548
 Episode_Reward/joint_deviation_l1_arms: -0.1348
           Episode_Reward/torque_limits: -0.7969
--------------------------------------------------------------------------------
                         Iteration time: 1.12s
                           Time elapsed: 0:00:27
                                    ETA: 0:00:08

################################################################################
[1m                            Learning iteration 23/30                            [0m 

                               Run name: height_tracking_g1
                            Total steps: 589824 
                       Steps per second: 21756 
                        Collection time: 1.015s 
                          Learning time: 0.115s 
                        Mean value loss: 1.8671
                    Mean surrogate loss: -0.0140
                      Mean entropy loss: 38.7292
                     Mean symmetry loss: 0.0007
                   Mean l2c2_actor loss: 0.0060
                  Mean l2c2_critic loss: 0.0641
                            Mean reward: -1168.60
                    Mean episode length: 542.32
                        Mean action std: 0.92
                    Entropy coefficient: 0.002500
        Episode_Reward/joint_pos_limits: -0.0063
           Episode_Reward/forward_pitch: -1.2505
              Episode_Reward/torso_slam: -1.8473
           Episode_Reward/ankle_torques: -0.1800
        Episode_Reward/base_height_fine: 3.0107
        Episode_Reward/joint_torques_l2: -0.7688
          Curriculum/polish_ground_slam: -1.0000
           Episode_Reward/body_velocity: -3.0173
           Curriculum/polish_not_moving: -1.0000
    Episode_Reward/joint_tracking_error: -2.3672
           Episode_Termination/time_out: 0.7555
         Episode_Reward/ground_unloaded: -0.5927
  Episode_Reward/feet_distance_standing: -0.0937
           Curriculum/polish_torso_slam: -5.0000
              Episode_Reward/relaxation: -6.9837
              Episode_Reward/not_moving: -1.5543
           Episode_Reward/feet_distance: -0.2679
               Episode_Reward/flat_feet: -2.0730
        Episode_Reward/illegal_contacts: -0.2775
         Curriculum/polish_joint_vel_l2: -0.0010
      Episode_Reward/joint_deviation_l1: -0.2015
        Episode_Reward/action_rate_rate: -17.9470
      Episode_Termination/invalid_state: 0.0000
            Episode_Reward/joint_vel_l2: -0.8604
     Curriculum/polish_action_rate_rate: -0.1500
        Episode_Reward/joint_vel_limits: -0.0007
         Episode_Reward/severely_tilted: -0.0081
            Metrics/height/height_error: 0.1796
           Episode_Reward/torso_upright: -0.0055
        Curriculum/random_fallen_states: 0.0000
     Episode_Reward/completely_airborne: -2.5366
             Episode_Reward/ground_slam: -2.2485
      Episode_Reward/base_height_medium: 2.0704
               Curriculum/adaptive_lift: 0.9935
              Curriculum/terrain_levels: 0.0000
              Episode_Reward/feet_slide: -0.8396
           Episode_Reward/feet_yaw_mean: -0.2602
              Episode_Reward/torso_roll: -1.7244
            Episode_Reward/joint_acc_l2: -0.1300
       Episode_Reward/base_height_rough: 1.5544
             Episode_Reward/action_rate: -40.1398
 Episode_Reward/joint_deviation_l1_arms: -0.1168
           Episode_Reward/torque_limits: -0.8560
--------------------------------------------------------------------------------
                         Iteration time: 1.13s
                           Time elapsed: 0:00:28
                                    ETA: 0:00:07

################################################################################
[1m                            Learning iteration 24/30                            [0m 

                               Run name: height_tracking_g1
                            Total steps: 614400 
                       Steps per second: 22210 
                        Collection time: 0.991s 
                          Learning time: 0.115s 
                        Mean value loss: 1.8329
                    Mean surrogate loss: -0.0128
                      Mean entropy loss: 38.6244
                     Mean symmetry loss: 0.0007
                   Mean l2c2_actor loss: 0.0060
                  Mean l2c2_critic loss: 0.0688
                            Mean reward: -1199.84
                    Mean episode length: 562.51
                        Mean action std: 0.92
                    Entropy coefficient: 0.002500
        Episode_Reward/joint_pos_limits: -0.0066
           Episode_Reward/forward_pitch: -1.3003
              Episode_Reward/torso_slam: -1.6996
           Episode_Reward/ankle_torques: -0.1893
        Episode_Reward/base_height_fine: 3.7017
        Episode_Reward/joint_torques_l2: -0.7739
          Curriculum/polish_ground_slam: -1.0000
           Episode_Reward/body_velocity: -2.9469
           Curriculum/polish_not_moving: -1.0000
    Episode_Reward/joint_tracking_error: -2.3897
           Episode_Termination/time_out: 0.7860
         Episode_Reward/ground_unloaded: -0.7938
  Episode_Reward/feet_distance_standing: -0.0853
           Curriculum/polish_torso_slam: -5.0000
              Episode_Reward/relaxation: -4.8730
              Episode_Reward/not_moving: -1.9525
           Episode_Reward/feet_distance: -0.2553
               Episode_Reward/flat_feet: -2.1710
        Episode_Reward/illegal_contacts: -0.2785
         Curriculum/polish_joint_vel_l2: -0.0010
      Episode_Reward/joint_deviation_l1: -0.2130
        Episode_Reward/action_rate_rate: -18.6266
      Episode_Termination/invalid_state: 0.0000
            Episode_Reward/joint_vel_l2: -0.8943
     Curriculum/polish_action_rate_rate: -0.1500
        Episode_Reward/joint_vel_limits: -0.0007
         Episode_Reward/severely_tilted: -0.0019
            Metrics/height/height_error: 0.2218
           Episode_Reward/torso_upright: -0.0086
        Curriculum/random_fallen_states: 0.0000
     Episode_Reward/completely_airborne: -2.4028
             Episode_Reward/ground_slam: -2.3128
      Episode_Reward/base_height_medium: 2.5202
               Curriculum/adaptive_lift: 0.9935
              Curriculum/terrain_levels: 0.0000
              Episode_Reward/feet_slide: -0.8930
           Episode_Reward/feet_yaw_mean: -0.2800
              Episode_Reward/torso_roll: -1.7628
            Episode_Reward/joint_acc_l2: -0.1222
       Episode_Reward/base_height_rough: 1.8160
             Episode_Reward/action_rate: -41.6612
 Episode_Reward/joint_deviation_l1_arms: -0.1282
           Episode_Reward/torque_limits: -0.8517
--------------------------------------------------------------------------------
                         Iteration time: 1.11s
                           Time elapsed: 0:00:29
                                    ETA: 0:00:05

################################################################################
[1m                            Learning iteration 25/30                            [0m 

                               Run name: height_tracking_g1
                            Total steps: 638976 
                       Steps per second: 21911 
                        Collection time: 1.007s 
                          Learning time: 0.115s 
                        Mean value loss: 1.8338
                    Mean surrogate loss: -0.0139
                      Mean entropy loss: 38.5078
                     Mean symmetry loss: 0.0007
                   Mean l2c2_actor loss: 0.0060
                  Mean l2c2_critic loss: 0.0697
                            Mean reward: -1259.45
                    Mean episode length: 586.92
                        Mean action std: 0.91
                    Entropy coefficient: 0.002500
        Episode_Reward/joint_pos_limits: -0.0071
           Episode_Reward/forward_pitch: -1.4611
              Episode_Reward/torso_slam: -2.1156
           Episode_Reward/ankle_torques: -0.2310
        Episode_Reward/base_height_fine: 2.4288
        Episode_Reward/joint_torques_l2: -0.7474
          Curriculum/polish_ground_slam: -1.0000
           Episode_Reward/body_velocity: -3.1452
           Curriculum/polish_not_moving: -1.0000
    Episode_Reward/joint_tracking_error: -2.4957
           Episode_Termination/time_out: 0.8165
         Episode_Reward/ground_unloaded: -0.6031
  Episode_Reward/feet_distance_standing: -0.1034
           Curriculum/polish_torso_slam: -5.0000
              Episode_Reward/relaxation: -6.9934
              Episode_Reward/not_moving: -1.1266
           Episode_Reward/feet_distance: -0.2477
               Episode_Reward/flat_feet: -2.2409
        Episode_Reward/illegal_contacts: -0.2985
         Curriculum/polish_joint_vel_l2: -0.0010
      Episode_Reward/joint_deviation_l1: -0.2948
        Episode_Reward/action_rate_rate: -19.2050
      Episode_Termination/invalid_state: 0.0000
            Episode_Reward/joint_vel_l2: -0.9619
     Curriculum/polish_action_rate_rate: -0.1500
        Episode_Reward/joint_vel_limits: -0.0009
         Episode_Reward/severely_tilted: -0.0047
            Metrics/height/height_error: nan
           Episode_Reward/torso_upright: -0.0088
        Curriculum/random_fallen_states: 0.0000
     Episode_Reward/completely_airborne: -2.7065
             Episode_Reward/ground_slam: -2.5574
      Episode_Reward/base_height_medium: 1.8759
               Curriculum/adaptive_lift: 0.9935
              Curriculum/terrain_levels: 0.0000
              Episode_Reward/feet_slide: -0.9627
           Episode_Reward/feet_yaw_mean: -0.3139
              Episode_Reward/torso_roll: -1.7670
            Episode_Reward/joint_acc_l2: -0.1099
       Episode_Reward/base_height_rough: 1.5914
             Episode_Reward/action_rate: -43.0113
 Episode_Reward/joint_deviation_l1_arms: -0.1531
           Episode_Reward/torque_limits: -0.9093
--------------------------------------------------------------------------------
                         Iteration time: 1.12s
                           Time elapsed: 0:00:30
                                    ETA: 0:00:04

################################################################################
[1m                            Learning iteration 26/30                            [0m 

                               Run name: height_tracking_g1
                            Total steps: 663552 
                       Steps per second: 22290 
                        Collection time: 0.988s 
                          Learning time: 0.115s 
                        Mean value loss: 1.6910
                    Mean surrogate loss: -0.0144
                      Mean entropy loss: 38.3879
                     Mean symmetry loss: 0.0006
                   Mean l2c2_actor loss: 0.0060
                  Mean l2c2_critic loss: 0.0491
                            Mean reward: -1288.23
                    Mean episode length: 608.92
                        Mean action std: 0.91
                    Entropy coefficient: 0.002500
        Episode_Reward/joint_pos_limits: -0.0073
           Episode_Reward/forward_pitch: -1.7887
              Episode_Reward/torso_slam: -1.8867
           Episode_Reward/ankle_torques: -0.2325
        Episode_Reward/base_height_fine: 3.2135
        Episode_Reward/joint_torques_l2: -0.8054
          Curriculum/polish_ground_slam: -1.0000
           Episode_Reward/body_velocity: -3.0353
           Curriculum/polish_not_moving: -1.0000
    Episode_Reward/joint_tracking_error: -2.5454
           Episode_Termination/time_out: 0.8442
         Episode_Reward/ground_unloaded: -0.7879
  Episode_Reward/feet_distance_standing: -0.0912
           Curriculum/polish_torso_slam: -5.0000
              Episode_Reward/relaxation: -5.1156
              Episode_Reward/not_moving: -1.6052
           Episode_Reward/feet_distance: -0.3003
               Episode_Reward/flat_feet: -2.3379
        Episode_Reward/illegal_contacts: -0.3319
         Curriculum/polish_joint_vel_l2: -0.0010
      Episode_Reward/joint_deviation_l1: -0.2245
        Episode_Reward/action_rate_rate: -20.0084
      Episode_Termination/invalid_state: 0.0000
            Episode_Reward/joint_vel_l2: -0.9380
     Curriculum/polish_action_rate_rate: -0.1500
        Episode_Reward/joint_vel_limits: -0.0008
         Episode_Reward/severely_tilted: -0.0044
            Metrics/height/height_error: 0.2746
           Episode_Reward/torso_upright: -0.0054
        Curriculum/random_fallen_states: 0.0000
     Episode_Reward/completely_airborne: -2.0148
             Episode_Reward/ground_slam: -2.4359
      Episode_Reward/base_height_medium: 2.3336
               Curriculum/adaptive_lift: 0.9935
              Curriculum/terrain_levels: 0.0000
              Episode_Reward/feet_slide: -0.9996
           Episode_Reward/feet_yaw_mean: -0.2887
              Episode_Reward/torso_roll: -1.8227
            Episode_Reward/joint_acc_l2: -0.1165
       Episode_Reward/base_height_rough: 1.8221
             Episode_Reward/action_rate: -44.7667
 Episode_Reward/joint_deviation_l1_arms: -0.1402
           Episode_Reward/torque_limits: -0.8839
--------------------------------------------------------------------------------
                         Iteration time: 1.10s
                           Time elapsed: 0:00:31
                                    ETA: 0:00:03

################################################################################
[1m                            Learning iteration 27/30                            [0m 

                               Run name: height_tracking_g1
                            Total steps: 688128 
                       Steps per second: 21979 
                        Collection time: 1.003s 
                          Learning time: 0.115s 
                        Mean value loss: 1.6144
                    Mean surrogate loss: -0.0135
                      Mean entropy loss: 38.2652
                     Mean symmetry loss: 0.0006
                   Mean l2c2_actor loss: 0.0061
                  Mean l2c2_critic loss: 0.0455
                            Mean reward: -1339.43
                    Mean episode length: 634.09
                        Mean action std: 0.90
                    Entropy coefficient: 0.002500
        Episode_Reward/joint_pos_limits: -0.0076
           Episode_Reward/forward_pitch: -1.6198
              Episode_Reward/torso_slam: -1.8810
           Episode_Reward/ankle_torques: -0.2328
        Episode_Reward/base_height_fine: 3.6342
        Episode_Reward/joint_torques_l2: -0.9349
          Curriculum/polish_ground_slam: -1.0000
           Episode_Reward/body_velocity: -3.4597
           Curriculum/polish_not_moving: -1.0000
    Episode_Reward/joint_tracking_error: -2.7141
           Episode_Termination/time_out: 0.8755
         Episode_Reward/ground_unloaded: -0.7839
  Episode_Reward/feet_distance_standing: -0.0693
           Curriculum/polish_torso_slam: -5.0000
              Episode_Reward/relaxation: -7.2300
              Episode_Reward/not_moving: -1.7371
           Episode_Reward/feet_distance: -0.2622
               Episode_Reward/flat_feet: -2.4352
        Episode_Reward/illegal_contacts: -0.3346
         Curriculum/polish_joint_vel_l2: -0.0010
      Episode_Reward/joint_deviation_l1: -0.2247
        Episode_Reward/action_rate_rate: -20.5434
      Episode_Termination/invalid_state: 0.0000
            Episode_Reward/joint_vel_l2: -0.9683
     Curriculum/polish_action_rate_rate: -0.1500
        Episode_Reward/joint_vel_limits: -0.0007
         Episode_Reward/severely_tilted: -0.0144
            Metrics/height/height_error: 0.2076
           Episode_Reward/torso_upright: -0.0092
        Curriculum/random_fallen_states: 0.0000
     Episode_Reward/completely_airborne: -2.6653
             Episode_Reward/ground_slam: -2.4957
      Episode_Reward/base_height_medium: 2.5563
               Curriculum/adaptive_lift: 0.9935
              Curriculum/terrain_levels: 0.0000
              Episode_Reward/feet_slide: -0.9770
           Episode_Reward/feet_yaw_mean: -0.2780
              Episode_Reward/torso_roll: -1.9332
            Episode_Reward/joint_acc_l2: -0.1680
       Episode_Reward/base_height_rough: 1.9095
             Episode_Reward/action_rate: -45.9931
 Episode_Reward/joint_deviation_l1_arms: -0.1313
           Episode_Reward/torque_limits: -1.0125
--------------------------------------------------------------------------------
                         Iteration time: 1.12s
                           Time elapsed: 0:00:32
                                    ETA: 0:00:02

################################################################################
[1m                            Learning iteration 28/30                            [0m 

                               Run name: height_tracking_g1
                            Total steps: 712704 
                       Steps per second: 22332 
                        Collection time: 0.986s 
                          Learning time: 0.115s 
                        Mean value loss: 1.5254
                    Mean surrogate loss: -0.0120
                      Mean entropy loss: 38.1453
                     Mean symmetry loss: 0.0007
                   Mean l2c2_actor loss: 0.0062
                  Mean l2c2_critic loss: 0.0326
                            Mean reward: -1377.45
                    Mean episode length: 655.13
                        Mean action std: 0.90
                    Entropy coefficient: 0.002500
        Episode_Reward/joint_pos_limits: -0.0081
           Episode_Reward/forward_pitch: -2.0699
              Episode_Reward/torso_slam: -2.0632
           Episode_Reward/ankle_torques: -0.2368
        Episode_Reward/base_height_fine: 3.0051
        Episode_Reward/joint_torques_l2: -0.9245
          Curriculum/polish_ground_slam: -1.0000
           Episode_Reward/body_velocity: -3.3744
           Curriculum/polish_not_moving: -1.0000
    Episode_Reward/joint_tracking_error: -2.7793
           Episode_Termination/time_out: 0.9032
         Episode_Reward/ground_unloaded: -0.7097
  Episode_Reward/feet_distance_standing: -0.0980
           Curriculum/polish_torso_slam: -5.0000
              Episode_Reward/relaxation: -7.9770
              Episode_Reward/not_moving: -1.4234
           Episode_Reward/feet_distance: -0.2609
               Episode_Reward/flat_feet: -2.4466
        Episode_Reward/illegal_contacts: -0.4240
         Curriculum/polish_joint_vel_l2: -0.0010
      Episode_Reward/joint_deviation_l1: -0.2902
        Episode_Reward/action_rate_rate: -21.2552
      Episode_Termination/invalid_state: 0.0000
            Episode_Reward/joint_vel_l2: -1.0225
     Curriculum/polish_action_rate_rate: -0.1500
        Episode_Reward/joint_vel_limits: -0.0008
         Episode_Reward/severely_tilted: -0.0026
            Metrics/height/height_error: 0.2593
           Episode_Reward/torso_upright: -0.0081
        Curriculum/random_fallen_states: 0.0000
     Episode_Reward/completely_airborne: -2.1454
             Episode_Reward/ground_slam: -2.5942
      Episode_Reward/base_height_medium: 2.2042
               Curriculum/adaptive_lift: 0.9935
              Curriculum/terrain_levels: 0.0000
              Episode_Reward/feet_slide: -1.0429
           Episode_Reward/feet_yaw_mean: -0.3398
              Episode_Reward/torso_roll: -2.0673
            Episode_Reward/joint_acc_l2: -0.1522
       Episode_Reward/base_height_rough: 1.7850
             Episode_Reward/action_rate: -47.5999
 Episode_Reward/joint_deviation_l1_arms: -0.1604
           Episode_Reward/torque_limits: -0.9826
--------------------------------------------------------------------------------
                         Iteration time: 1.10s
                           Time elapsed: 0:00:33
                                    ETA: 0:00:01

################################################################################
[1m                            Learning iteration 29/30                            [0m 

                               Run name: height_tracking_g1
                            Total steps: 737280 
                       Steps per second: 21926 
                        Collection time: 1.006s 
                          Learning time: 0.115s 
                        Mean value loss: 1.3843
                    Mean surrogate loss: -0.0146
                      Mean entropy loss: 38.0130
                     Mean symmetry loss: 0.0006
                   Mean l2c2_actor loss: 0.0061
                  Mean l2c2_critic loss: 0.0428
                            Mean reward: -1460.87
                    Mean episode length: 688.30
                        Mean action std: 0.90
                    Entropy coefficient: 0.002500
        Episode_Reward/joint_pos_limits: -0.0081
           Episode_Reward/forward_pitch: -1.6007
              Episode_Reward/torso_slam: -1.9869
           Episode_Reward/ankle_torques: -0.2752
        Episode_Reward/base_height_fine: 3.6511
        Episode_Reward/joint_torques_l2: -0.9469
          Curriculum/polish_ground_slam: -1.0000
           Episode_Reward/body_velocity: -3.3755
           Curriculum/polish_not_moving: -1.0000
    Episode_Reward/joint_tracking_error: -2.8891
           Episode_Termination/time_out: 0.9353
         Episode_Reward/ground_unloaded: -0.7477
  Episode_Reward/feet_distance_standing: -0.0781
           Curriculum/polish_torso_slam: -5.0000
              Episode_Reward/relaxation: -8.3546
              Episode_Reward/not_moving: -1.7138
           Episode_Reward/feet_distance: -0.2632
               Episode_Reward/flat_feet: -2.5295
        Episode_Reward/illegal_contacts: -0.3574
         Curriculum/polish_joint_vel_l2: -0.0010
      Episode_Reward/joint_deviation_l1: -0.2609
        Episode_Reward/action_rate_rate: -21.9692
      Episode_Termination/invalid_state: 0.0000
            Episode_Reward/joint_vel_l2: -1.0516
     Curriculum/polish_action_rate_rate: -0.1500
        Episode_Reward/joint_vel_limits: -0.0008
         Episode_Reward/severely_tilted: -0.0076
            Metrics/height/height_error: 0.2238
           Episode_Reward/torso_upright: -0.0097
        Curriculum/random_fallen_states: 0.0000
     Episode_Reward/completely_airborne: -2.8722
             Episode_Reward/ground_slam: -2.6108
      Episode_Reward/base_height_medium: 2.6339
               Curriculum/adaptive_lift: 0.9935
              Curriculum/terrain_levels: 0.0000
              Episode_Reward/feet_slide: -1.0628
           Episode_Reward/feet_yaw_mean: -0.3226
              Episode_Reward/torso_roll: -2.1613
            Episode_Reward/joint_acc_l2: -0.1636
       Episode_Reward/base_height_rough: 2.0441
             Episode_Reward/action_rate: -49.1754
 Episode_Reward/joint_deviation_l1_arms: -0.1656
           Episode_Reward/torque_limits: -1.0453
--------------------------------------------------------------------------------
                         Iteration time: 1.12s
                           Time elapsed: 0:00:34
                                    ETA: 0:00:00

[INFO]: SimulationContext cleared
