The '--headless' CLI argument is deprecated. Omit '--viz' for default headless. If config visualizers are enabled and you want to force headless, use '--viz none'.
Loading user config located at: '/workspace/WBC-AGILE-NEWTON/.venv/lib/python3.12/site-packages/isaacsim/kit/data/Kit/IsaacLab/3.0/user.config.json'
2026-09-02T07:03:09Z [0ms] [Warning] [omni.ext.plugin] [ext: isaaclab_visualizers] Extensions config 'extension.toml' doesn't exist '/workspace/WBC-AGILE-NEWTON/.venv/lib/python3.12/site-packages/isaaclab/source/isaaclab_visualizers' or '/workspace/WBC-AGILE-NEWTON/.venv/lib/python3.12/site-packages/isaaclab/source/isaaclab_visualizers/config'
WARNING: All log messages before absl::InitializeLog() is called are written to STDERR
E0000 00:00:1788332589.903835  563335 descriptor_database.cc:633] File already exists in database: grpc/health/v1/health.proto
W0000 00:00:1788332589.903861  563335 message.cc:301] Protobuf GeneratedMessageFactory: File is already registered: grpc/health/v1/health.proto
2026-09-02T07:03:10Z [395ms] [Warning] [omni.usd_config.extension] Enable omni.materialx.libs extension to use MaterialX
2026-09-02T07:03:10Z [417ms] [Warning] [omni.platforminfo.plugin] failed to open the default display.  Can't verify X Server version.
2026-09-02T07:03:10Z [448ms] [Error] [omni.ext.plugin] Could not load the dynamic library from /workspace/WBC-AGILE-NEWTON/.venv/lib/python3.12/site-packages/isaacsim/extscache/omni.usd.libs-1.0.3+6312fa25.lx64.r.cp312/bin/libMaterialXRenderHw.so. Error: libXt.so.6: cannot open shared object file: No such file or directory (note that this may be caused by a dependent library)
2026-09-02T07:03:10Z [449ms] [Error] [omni.ext.plugin] Could not load the dynamic library from /workspace/WBC-AGILE-NEWTON/.venv/lib/python3.12/site-packages/isaacsim/extscache/omni.usd.libs-1.0.3+6312fa25.lx64.r.cp312/bin/libMaterialXRenderGlsl.so. Error: libXt.so.6: cannot open shared object file: No such file or directory (note that this may be caused by a dependent library)
2026-09-02T07:03:10Z [450ms] [Error] [omni.ext.plugin] Could not load the dynamic library from /workspace/WBC-AGILE-NEWTON/.venv/lib/python3.12/site-packages/isaacsim/extscache/omni.usd.libs-1.0.3+6312fa25.lx64.r.cp312/bin/libusd_usdBakeMtlx.so. Error: libXt.so.6: cannot open shared object file: No such file or directory (note that this may be caused by a dependent library)
2026-09-02T07:03:11Z [1,192ms] [Warning] [isaacsim.core.simulation_manager.plugin] USD stage is not available; stage-opened subscription is deferred
2026-09-02T07:03:11Z [1,192ms] [Warning] [isaacsim.core.simulation_manager.plugin] USD stage is not available; stage-opened subscription is deferred
[ISAACLAB] AppLauncher initialization complete
[INFO]: Parsing configuration from: agile.rl_env.tasks.stand_up.g1.height_tracking_env_cfg:G1HeightTrackingEnvCfg
[INFO]: Parsing configuration from: agile.rl_env.tasks.stand_up.g1.agents.rsl_rl_ppo_cfg:G1HeightTrackingPpoRunnerCfg
[INFO] Logging experiment in directory: /workspace/WBC-AGILE-NEWTON/logs/rsl_rl/height_tracking_g1
Exact experiment name requested from command line: 2026-09-02_07-03-20
[INFO]: Base environment:
	Environment device    : cuda:0
	Environment seed      : 42
	Physics step-size     : 0.005
	Rendering step-size   : 0.02
	Environment step-size : 0.02
[INFO] Generating terrains based on curriculum took Last: 0.218897 s
[INFO]: Registered backend 'newton' for factory Articulation.
[INFO]: Setting variant selection 'PhysX' for variant set 'Physics' on prim '/World/envs/env_0/Robot'.
[INFO]: Setting variant selection 'None' for variant set 'left_hand' on prim '/World/envs/env_0/Robot'.
[INFO]: Setting variant selection 'None' for variant set 'right_hand' on prim '/World/envs/env_0/Robot'.
[INFO]: Registered backend 'newton' for factory FrameView.
[INFO]: Registered backend 'newton' for factory ContactSensor.
[INFO]: Registered backend 'newton' for factory RayCaster.
[INFO]: Time taken for scene creation Last: 12.287238 s, Mean: 12.287238 s, Std: 0.000000 s, N: 1
[INFO]: Scene manager:  <class InteractiveScene>
	Number of environments: 4096
	Environment spacing   : 2.5
	Source prim name      : /World/envs/env_0
	Global prim paths     : ['/World/ground']
	Replicate physics     : True
[INFO]: Dispatching MODEL_INIT callbacks
[INFO]: Finalizing model on device: cuda:0
/workspace/WBC-AGILE-NEWTON/.venv/lib/python3.12/site-packages/isaaclab_newton/physics/newton_manager.py:989: FutureWarning: Newton shape color replacement is enabled; this workaround will be deprecated in a future release.
  replace_newton_shape_colors(cls._model)
Finalize builder took: Last: 9.853692 s, Mean: 9.853692 s, Std: 0.000000 s, N: 1
[INFO]: Dispatching PHYSICS_READY callbacks
[INFO]: Simulation parameters for joints in /World/envs/env_.*/Robot:
+-------------------------------------------------------------------------------------------------------------------------------------------+
|                                     Simulation Joint Information (Prim path: /World/envs/env_.*/Robot)                                    |
+-------+----------------------------+-----------+---------+----------+-----------------+-----------------+-----------------+---------------+
| Index | Name                       | Stiffness | Damping | Armature | Static Friction | Position Limits | Velocity Limits | Effort Limits |
+-------+----------------------------+-----------+---------+----------+-----------------+-----------------+-----------------+---------------+
|   0   | left_hip_pitch_joint       |   0.000   |  0.000  |  0.020   |      0.010      | [-2.531, 2.880] |      32.000     |     88.000    |
|   1   | left_hip_roll_joint        |   0.000   |  0.000  |  0.020   |      0.010      | [-0.524, 2.967] |      32.000     |     88.000    |
|   2   | left_hip_yaw_joint         |   0.000   |  0.000  |  0.020   |      0.010      | [-2.758, 2.758] |      32.000     |     88.000    |
|   3   | left_knee_joint            |   0.000   |  0.000  |  0.020   |      0.010      | [-0.087, 2.880] |      20.000     |    139.000    |
|   4   | left_ankle_pitch_joint     |   0.000   |  0.000  |  0.020   |      0.010      | [-0.873, 0.524] |      37.000     |     50.000    |
|   5   | left_ankle_roll_joint      |   0.000   |  0.000  |  0.020   |      0.010      | [-0.262, 0.262] |      37.000     |     50.000    |
|   6   | right_hip_pitch_joint      |   0.000   |  0.000  |  0.020   |      0.010      | [-2.531, 2.880] |      32.000     |     88.000    |
|   7   | right_hip_roll_joint       |   0.000   |  0.000  |  0.020   |      0.010      | [-2.967, 0.524] |      32.000     |     88.000    |
|   8   | right_hip_yaw_joint        |   0.000   |  0.000  |  0.020   |      0.010      | [-2.758, 2.758] |      32.000     |     88.000    |
|   9   | right_knee_joint           |   0.000   |  0.000  |  0.020   |      0.010      | [-0.087, 2.880] |      20.000     |    139.000    |
|   10  | right_ankle_pitch_joint    |   0.000   |  0.000  |  0.020   |      0.010      | [-0.873, 0.524] |      37.000     |     50.000    |
|   11  | right_ankle_roll_joint     |   0.000   |  0.000  |  0.020   |      0.010      | [-0.262, 0.262] |      37.000     |     50.000    |
|   12  | waist_yaw_joint            |   0.000   |  0.000  |  0.020   |      0.010      | [-2.618, 2.618] |      32.000     |     88.000    |
|   13  | waist_roll_joint           |   0.000   |  0.000  |  0.020   |      0.010      | [-0.520, 0.520] |      37.000     |     50.000    |
|   14  | waist_pitch_joint          |   0.000   |  0.000  |  0.020   |      0.010      | [-0.520, 0.520] |      37.000     |     50.000    |
|   15  | left_shoulder_pitch_joint  |   0.000   |  0.000  |  0.020   |      0.010      | [-3.089, 2.670] |      37.000     |     25.000    |
|   16  | left_shoulder_roll_joint   |   0.000   |  0.000  |  0.020   |      0.010      | [-1.588, 2.251] |      37.000     |     25.000    |
|   17  | left_shoulder_yaw_joint    |   0.000   |  0.000  |  0.020   |      0.010      | [-2.618, 2.618] |      37.000     |     25.000    |
|   18  | left_elbow_joint           |   0.000   |  0.000  |  0.020   |      0.010      | [-1.047, 2.094] |      37.000     |     25.000    |
|   19  | left_wrist_roll_joint      |   0.000   |  0.000  |  0.020   |      0.010      | [-1.972, 1.972] |      37.000     |     25.000    |
|   20  | left_wrist_pitch_joint     |   0.000   |  0.000  |  0.020   |      0.010      | [-1.614, 1.614] |      22.000     |     5.000     |
|   21  | left_wrist_yaw_joint       |   0.000   |  0.000  |  0.020   |      0.010      | [-1.614, 1.614] |      22.000     |     5.000     |
|   22  | right_shoulder_pitch_joint |   0.000   |  0.000  |  0.020   |      0.010      | [-3.089, 2.670] |      37.000     |     25.000    |
|   23  | right_shoulder_roll_joint  |   0.000   |  0.000  |  0.020   |      0.010      | [-2.251, 1.588] |      37.000     |     25.000    |
|   24  | right_shoulder_yaw_joint   |   0.000   |  0.000  |  0.020   |      0.010      | [-2.618, 2.618] |      37.000     |     25.000    |
|   25  | right_elbow_joint          |   0.000   |  0.000  |  0.020   |      0.010      | [-1.047, 2.094] |      37.000     |     25.000    |
|   26  | right_wrist_roll_joint     |   0.000   |  0.000  |  0.020   |      0.010      | [-1.972, 1.972] |      37.000     |     25.000    |
|   27  | right_wrist_pitch_joint    |   0.000   |  0.000  |  0.020   |      0.010      | [-1.614, 1.614] |      22.000     |     5.000     |
|   28  | right_wrist_yaw_joint      |   0.000   |  0.000  |  0.020   |      0.010      | [-1.614, 1.614] |      22.000     |     5.000     |
+-------+----------------------------+-----------+---------+----------+-----------------+-----------------+-----------------+---------------+
[INFO]: Adding contact sensor for /World/envs/env_.*/Robot/.* with filter all bodies/shapes
Contact sensor construction took: Last: 0.125955 s, Mean: 0.125955 s, Std: 0.000000 s, N: 1
[INFO]: Contact sensor initialized with 30 sensors.
[INFO]: Creating buffers for contact sensor data with num_envs: 4096, num_sensors: 30, num_filter_objects: 0, history_length: 3, generate_force_matrix: False, track_air_time: True, track_pose: False, device: cuda:0
[INFO]: Creating buffers for contact sensor data with num_envs: 4096, num_sensors: 30, num_filter_objects: 0, history_length: 3, generate_force_matrix: False, track_air_time: True, track_pose: False, device: cuda:0
[INFO]: Read mesh prim: /World/ground/terrain/mesh with 369728 vertices and 2097240 faces.
Initialize solver took: Last: 2.676508 s, Mean: 2.676508 s, Std: 0.000000 s, N: 1
[INFO]: Newton CUDA graph captured (standard Warp mode)
CUDA graph took: Last: 0.934354 s, Mean: 0.934354 s, Std: 0.000000 s, N: 1
[INFO]: Time taken for simulation start Last: 13.879968 s, Mean: 13.879968 s, Std: 0.000000 s, N: 1
[INFO] Command Manager:  <CommandManager> contains 1 active terms.
+--------------------------------------+
|         Active Command Terms         |
+-------+--------+---------------------+
| Index | Name   |         Type        |
+-------+--------+---------------------+
|   0   | height | SmoothHeightCommand |
+-------+--------+---------------------+

[INFO] Event Manager:  <EventManager> contains 3 active terms.
+----------------------------------------+
| Active Event Terms in Mode: 'startup'  |
+--------+-------------------------------+
| Index  | Name                          |
+--------+-------------------------------+
|   0    | randomize_physics_material    |
|   1    | randomize_actuator_gains      |
|   2    | randomize_bodies_mass         |
|   3    | randomize_base_mass           |
|   4    | randomize_base_com            |
+--------+-------------------------------+
+---------------------------------------------------------------------------+
|                   Active Event Terms in Mode: 'interval'                  |
+-------+-----------------------------------------+-------------------------+
| Index | Name                                    | Interval time range (s) |
+-------+-----------------------------------------+-------------------------+
|   0   | push_robot                              |       (0.0, 10.0)       |
|   1   | apply_external_force_torque             |       (0.0, 10.0)       |
|   2   | apply_external_force_torque_extremities |       (0.0, 10.0)       |
+-------+-----------------------------------------+-------------------------+
+----------------------------------+
| Active Event Terms in Mode: 'reset' |
+------------+---------------------+
|   Index    | Name                |
+------------+---------------------+
|     0      | reset_base          |
+------------+---------------------+

[INFO] Recorder Manager:  <RecorderManager> contains 0 active terms.
+---------------------+
| Active Recorder Terms |
+-----------+---------+
|   Index   | Name    |
+-----------+---------+
+-----------+---------+

[INFO]: Resolved joint names for the action term JointPositionAction: ['left_hip_pitch_joint', 'left_hip_roll_joint', 'left_hip_yaw_joint', 'left_knee_joint', 'left_ankle_pitch_joint', 'left_ankle_roll_joint', 'right_hip_pitch_joint', 'right_hip_roll_joint', 'right_hip_yaw_joint', 'right_knee_joint', 'right_ankle_pitch_joint', 'right_ankle_roll_joint', 'waist_yaw_joint', 'waist_roll_joint', 'waist_pitch_joint', 'left_shoulder_pitch_joint', 'left_shoulder_roll_joint', 'left_shoulder_yaw_joint', 'left_elbow_joint', 'left_wrist_roll_joint', 'left_wrist_pitch_joint', 'left_wrist_yaw_joint', 'right_shoulder_pitch_joint', 'right_shoulder_roll_joint', 'right_shoulder_yaw_joint', 'right_elbow_joint', 'right_wrist_roll_joint', 'right_wrist_pitch_joint', 'right_wrist_yaw_joint'] [[0, 1, 2, 3, 4, 5, 6, 7, 8, 9, 10, 11, 12, 13, 14, 15, 16, 17, 18, 19, 20, 21, 22, 23, 24, 25, 26, 27, 28]]
[INFO] Action Manager:  <ActionManager> contains 2 active terms.
+------------------------------------+
|  Active Action Terms (shape: 29)   |
+--------+-------------+-------------+
| Index  | Name        |   Dimension |
+--------+-------------+-------------+
|   0    | joint_pos   |          29 |
|   1    | lift        |           0 |
+--------+-------------+-------------+

[INFO] Observation Manager: <ObservationManager> contains 2 groups.
+----------------------------------------------+
| Active Observation Terms in Group: 'policy'  |
+---------+------------------------+-----------+
|  Index  | Name                   |   Shape   |
+---------+------------------------+-----------+
|    0    | base_ang_vel           |   (5, 3)  |
|    1    | projected_gravity      |   (5, 3)  |
|    2    | joint_pos              |  (5, 29)  |
|    3    | joint_vel              |  (5, 29)  |
|    4    | actions                |  (5, 29)  |
|    5    | height_command         |   (5, 1)  |
+---------+------------------------+-----------+
+----------------------------------------------+
| Active Observation Terms in Group: 'critic'  |
+---------+------------------------+-----------+
|  Index  | Name                   |   Shape   |
+---------+------------------------+-----------+
|    0    | projected_gravity      |   (5, 3)  |
|    1    | base_lin_vel           |   (5, 3)  |
|    2    | base_ang_vel           |   (5, 3)  |
|    3    | joint_pos              |  (5, 29)  |
|    4    | joint_vel              |  (5, 29)  |
|    5    | actions                |  (5, 29)  |
|    6    | contact_forces         |  (5, 30)  |
|    7    | base_height            |   (5, 1)  |
|    8    | height_command         |   (5, 1)  |
+---------+------------------------+-----------+

[INFO] Termination Manager:  <TerminationManager> contains 2 active terms.
+----------------------------------+
|     Active Termination Terms     |
+-------+---------------+----------+
| Index | Name          | Time Out |
+-------+---------------+----------+
|   0   | time_out      |   True   |
|   1   | invalid_state |  False   |
+-------+---------------+----------+

[INFO] Reward Manager:  <RewardManager> contains 32 active terms.
+--------------------------------------------+
|            Active Reward Terms             |
+-------+-------------------------+----------+
| Index | Name                    |   Weight |
+-------+-------------------------+----------+
|   0   | joint_torques_l2        |   -5e-05 |
|   1   | torque_limits           |    -0.01 |
|   2   | joint_acc_l2            | -2.5e-08 |
|   3   | joint_pos_limits        |     -0.1 |
|   4   | joint_vel_limits        |    -0.01 |
|   5   | action_rate             |     -1.0 |
|   6   | action_rate_rate        |    -0.15 |
|   7   | joint_vel_l2            |   -0.001 |
|   8   | joint_tracking_error    |     -0.5 |
|   9   | base_height_rough       |      4.0 |
|   10  | base_height_medium      |      8.0 |
|   11  | base_height_fine        |     16.0 |
|   12  | relaxation              |     -1.0 |
|   13  | joint_deviation_l1      |     -0.5 |
|   14  | joint_deviation_l1_arms |     -0.5 |
|   15  | ankle_torques           |   -0.001 |
|   16  | not_moving              |     -1.0 |
|   17  | torso_upright           |     -1.0 |
|   18  | severely_tilted         |     -5.0 |
|   19  | torso_roll              |     -5.0 |
|   20  | forward_pitch           |    -10.0 |
|   21  | illegal_contacts        |     -2.0 |
|   22  | feet_distance           |     -5.0 |
|   23  | feet_distance_standing  |    -10.0 |
|   24  | ground_unloaded         |     -2.0 |
|   25  | flat_feet               |     -1.0 |
|   26  | feet_slide              |     -1.0 |
|   27  | feet_yaw_mean           |     -2.0 |
|   28  | completely_airborne     |    -50.0 |
|   29  | body_velocity           |     -0.1 |
|   30  | ground_slam             |     -1.0 |
|   31  | torso_slam              |     -5.0 |
+-------+-------------------------+----------+

[INFO] Curriculum Manager:  <CurriculumManager> contains 8 active terms.
+---------------------------------+
|     Active Curriculum Terms     |
+-------+-------------------------+
| Index | Name                    |
+-------+-------------------------+
|   0   | adaptive_lift           |
|   1   | terrain_levels          |
|   2   | polish_action_rate_rate |
|   3   | polish_ground_slam      |
|   4   | polish_torso_slam       |
|   5   | polish_not_moving       |
|   6   | polish_joint_vel_l2     |
|   7   | random_fallen_states    |
+-------+-------------------------+

/workspace/WBC-AGILE-NEWTON/.venv/lib/python3.12/site-packages/isaaclab/source/isaaclab/isaaclab/envs/mdp/events.py:742: UserWarning: In Newton, body com pose always has unit quaternion. Consider using body_com_pos_b instead.Querying this property requires appending a unit quaternion to the position which is expensive.
  self.default_com = self.asset.data.body_com_pose_b.torch.clone()
[INFO]: Completed setting up the environment...
/workspace/WBC-AGILE-NEWTON/.venv/lib/python3.12/site-packages/rsl_rl/utils/utils.py:220: UserWarning: The observation configuration dictionary 'obs_groups' is empty and thus likely not configured. Consider configuring the 'obs_groups' dictionary explicitly
  warnings.warn(
/workspace/WBC-AGILE-NEWTON/.venv/lib/python3.12/site-packages/rsl_rl/utils/utils.py:251: UserWarning: The observation configuration dictionary 'obs_groups' does not contain the 'actor' key. As an observation group with the name 'policy' was found, this is assumed to be the appropriate observation. Consider adding the 'actor' key to the 'obs_groups' dictionary for clarity. This behavior will be removed in a future version.
  warnings.warn(
/workspace/WBC-AGILE-NEWTON/.venv/lib/python3.12/site-packages/rsl_rl/utils/utils.py:243: UserWarning: The observation configuration dictionary 'obs_groups' does not contain the 'critic' key. As an observation group with the name 'critic' was found, this is assumed to be the appropriate observation. Consider adding the 'critic' key to the 'obs_groups' dictionary for clarity. This behavior will be removed in a future version.
  warnings.warn(
--------------------------------------------------------------------------------
Resolved observation sets: 
	 actor :  ['policy']
	 critic :  ['critic']
--------------------------------------------------------------------------------
Actor Model: MLPModel(
  (obs_normalizer): Identity()
  (distribution): GaussianDistribution()
  (mlp): MLP(
    (0): Linear(in_features=470, out_features=256, bias=True)
    (1): ELU(alpha=1.0)
    (2): Linear(in_features=256, out_features=256, bias=True)
    (3): ELU(alpha=1.0)
    (4): Linear(in_features=256, out_features=128, bias=True)
    (5): ELU(alpha=1.0)
    (6): Linear(in_features=128, out_features=29, bias=True)
  )
)
Critic Model: MLPModel(
  (obs_normalizer): Identity()
  (mlp): MLP(
    (0): Linear(in_features=640, out_features=512, bias=True)
    (1): ELU(alpha=1.0)
    (2): Linear(in_features=512, out_features=256, bias=True)
    (3): ELU(alpha=1.0)
    (4): Linear(in_features=256, out_features=128, bias=True)
    (5): ELU(alpha=1.0)
    (6): Linear(in_features=128, out_features=1, bias=True)
  )
)
Storing git diff for 'WBC-AGILE-NEWTON' in: /workspace/WBC-AGILE-NEWTON/logs/rsl_rl/height_tracking_g1/2026-09-02_07-03-20_height_tracking_g1/git/WBC-AGILE-NEWTON.diff
################################################################################
[1m                           Learning iteration 0/1000                            [0m 

                               Run name: height_tracking_g1
                            Total steps: 98304 
                       Steps per second: 25153 
                        Collection time: 3.551s 
                          Learning time: 0.358s 
                        Mean value loss: 3.6177
                    Mean surrogate loss: 0.0361
                      Mean entropy loss: 41.0720
                     Mean symmetry loss: 0.0028
                   Mean l2c2_actor loss: 0.0011
                  Mean l2c2_critic loss: 0.0099
                            Mean reward: -32.63
                    Mean episode length: 15.54
                        Mean action std: 1.00
                    Entropy coefficient: 0.002500
             Episode_Reward/ground_slam: -0.0313
        Episode_Reward/base_height_fine: 0.0585
 Episode_Reward/joint_deviation_l1_arms: -0.0049
           Curriculum/polish_not_moving: -1.0000
               Episode_Reward/flat_feet: -0.0274
           Episode_Reward/ankle_torques: -0.0056
       Episode_Reward/base_height_rough: 0.0318
           Episode_Reward/body_velocity: -0.0281
         Episode_Reward/ground_unloaded: -0.0146
              Episode_Reward/torso_slam: -0.0182
           Episode_Reward/feet_yaw_mean: -0.0049
         Episode_Reward/severely_tilted: 0.0000
              Episode_Reward/torso_roll: -0.0236
              Curriculum/terrain_levels: 0.0000
  Episode_Reward/feet_distance_standing: -0.0010
            Episode_Reward/joint_acc_l2: -0.0028
            Metrics/height/height_error: 0.0000
      Episode_Reward/joint_deviation_l1: -0.0170
     Episode_Reward/completely_airborne: -0.1056
        Curriculum/random_fallen_states: 0.0000
        Episode_Reward/action_rate_rate: -0.3976
              Episode_Reward/feet_slide: -0.0151
          Curriculum/polish_ground_slam: -1.0000
           Curriculum/polish_torso_slam: -5.0000
            Episode_Reward/joint_vel_l2: -0.0159
           Episode_Reward/torso_upright: 0.0000
      Episode_Reward/base_height_medium: 0.0424
           Episode_Reward/forward_pitch: -0.0072
        Episode_Reward/joint_torques_l2: -0.0171
           Episode_Reward/torque_limits: -0.0187
      Episode_Termination/invalid_state: 0.0000
        Episode_Reward/joint_pos_limits: -0.0001
        Episode_Reward/illegal_contacts: -0.0005
              Episode_Reward/relaxation: -0.1128
               Curriculum/adaptive_lift: 1.0000
     Curriculum/polish_action_rate_rate: -0.1500
           Episode_Termination/time_out: 0.0167
         Curriculum/polish_joint_vel_l2: -0.0010
    Episode_Reward/joint_tracking_error: -0.0518
              Episode_Reward/not_moving: -0.0127
           Episode_Reward/feet_distance: -0.0011
        Episode_Reward/joint_vel_limits: -0.0000
             Episode_Reward/action_rate: -0.9234
--------------------------------------------------------------------------------
                         Iteration time: 3.91s
                           Time elapsed: 0:00:03
                                    ETA: 1:05:04

################################################################################
[1m                           Learning iteration 1/1000                            [0m 

                               Run name: height_tracking_g1
                            Total steps: 196608 
                       Steps per second: 45106 
                        Collection time: 1.947s 
                          Learning time: 0.232s 
                        Mean value loss: 4.2949
                    Mean surrogate loss: 0.0055
                      Mean entropy loss: 41.0029
                     Mean symmetry loss: 0.0016
                   Mean l2c2_actor loss: 0.0011
                  Mean l2c2_critic loss: 0.0164
                            Mean reward: -88.33
                    Mean episode length: 39.83
                        Mean action std: 0.99
                    Entropy coefficient: 0.002500
             Episode_Reward/ground_slam: -0.1000
        Episode_Reward/base_height_fine: 0.1239
 Episode_Reward/joint_deviation_l1_arms: -0.0184
           Curriculum/polish_not_moving: -1.0000
               Episode_Reward/flat_feet: -0.0782
           Episode_Reward/ankle_torques: -0.0153
       Episode_Reward/base_height_rough: 0.0729
           Episode_Reward/body_velocity: -0.1289
         Episode_Reward/ground_unloaded: -0.0391
              Episode_Reward/torso_slam: -0.0773
           Episode_Reward/feet_yaw_mean: -0.0147
         Episode_Reward/severely_tilted: 0.0000
              Episode_Reward/torso_roll: -0.0876
              Curriculum/terrain_levels: 0.0000
  Episode_Reward/feet_distance_standing: -0.0075
            Episode_Reward/joint_acc_l2: -0.0067
            Metrics/height/height_error: 0.0000
      Episode_Reward/joint_deviation_l1: -0.0570
     Episode_Reward/completely_airborne: -0.2088
        Curriculum/random_fallen_states: 0.0000
        Episode_Reward/action_rate_rate: -1.2329
              Episode_Reward/feet_slide: -0.0455
          Curriculum/polish_ground_slam: -1.0000
           Curriculum/polish_torso_slam: -5.0000
            Episode_Reward/joint_vel_l2: -0.0487
           Episode_Reward/torso_upright: 0.0000
      Episode_Reward/base_height_medium: 0.0873
           Episode_Reward/forward_pitch: -0.0394
        Episode_Reward/joint_torques_l2: -0.0479
           Episode_Reward/torque_limits: -0.0539
      Episode_Termination/invalid_state: 0.0000
        Episode_Reward/joint_pos_limits: -0.0003
        Episode_Reward/illegal_contacts: -0.0044
              Episode_Reward/relaxation: -0.3714
               Curriculum/adaptive_lift: 1.0000
     Curriculum/polish_action_rate_rate: -0.1500
           Episode_Termination/time_out: 0.0494
         Curriculum/polish_joint_vel_l2: -0.0010
    Episode_Reward/joint_tracking_error: -0.1558
              Episode_Reward/not_moving: -0.0490
           Episode_Reward/feet_distance: -0.0068
        Episode_Reward/joint_vel_limits: -0.0000
             Episode_Reward/action_rate: -2.7751
--------------------------------------------------------------------------------
                         Iteration time: 2.18s
                           Time elapsed: 0:00:06
                                    ETA: 0:50:37

################################################################################
[1m                           Learning iteration 2/1000                            [0m 

                               Run name: height_tracking_g1
                            Total steps: 294912 
                       Steps per second: 44171 
                        Collection time: 1.993s 
                          Learning time: 0.232s 
                        Mean value loss: 4.1260
                    Mean surrogate loss: -0.0064
                      Mean entropy loss: 40.7846
                     Mean symmetry loss: 0.0007
                   Mean l2c2_actor loss: 0.0012
                  Mean l2c2_critic loss: 0.0298
                            Mean reward: -143.18
                    Mean episode length: 62.87
                        Mean action std: 0.98
                    Entropy coefficient: 0.002500
             Episode_Reward/ground_slam: -0.2014
        Episode_Reward/base_height_fine: 0.2850
 Episode_Reward/joint_deviation_l1_arms: -0.0250
           Curriculum/polish_not_moving: -1.0000
               Episode_Reward/flat_feet: -0.1692
           Episode_Reward/ankle_torques: -0.0246
       Episode_Reward/base_height_rough: 0.1494
           Episode_Reward/body_velocity: -0.2399
         Episode_Reward/ground_unloaded: -0.0689
              Episode_Reward/torso_slam: -0.2004
           Episode_Reward/feet_yaw_mean: -0.0280
         Episode_Reward/severely_tilted: -0.0002
              Episode_Reward/torso_roll: -0.1602
              Curriculum/terrain_levels: 0.0000
  Episode_Reward/feet_distance_standing: -0.0118
            Episode_Reward/joint_acc_l2: -0.0128
            Metrics/height/height_error: 0.0000
      Episode_Reward/joint_deviation_l1: -0.0761
     Episode_Reward/completely_airborne: -0.4088
        Curriculum/random_fallen_states: 0.0000
        Episode_Reward/action_rate_rate: -2.0593
              Episode_Reward/feet_slide: -0.0775
          Curriculum/polish_ground_slam: -1.0000
           Curriculum/polish_torso_slam: -5.0000
            Episode_Reward/joint_vel_l2: -0.0848
           Episode_Reward/torso_upright: -0.0015
      Episode_Reward/base_height_medium: 0.1986
           Episode_Reward/forward_pitch: -0.0809
        Episode_Reward/joint_torques_l2: -0.0830
           Episode_Reward/torque_limits: -0.0946
      Episode_Termination/invalid_state: 0.0000
        Episode_Reward/joint_pos_limits: -0.0006
        Episode_Reward/illegal_contacts: -0.0132
              Episode_Reward/relaxation: -0.6476
               Curriculum/adaptive_lift: 0.9984
     Curriculum/polish_action_rate_rate: -0.1500
           Episode_Termination/time_out: 0.0842
         Curriculum/polish_joint_vel_l2: -0.0010
    Episode_Reward/joint_tracking_error: -0.2626
              Episode_Reward/not_moving: -0.1083
           Episode_Reward/feet_distance: -0.0178
        Episode_Reward/joint_vel_limits: -0.0001
             Episode_Reward/action_rate: -4.6201
--------------------------------------------------------------------------------
                         Iteration time: 2.23s
                           Time elapsed: 0:00:08
                                    ETA: 0:46:02

################################################################################
[1m                           Learning iteration 3/1000                            [0m 

                               Run name: height_tracking_g1
                            Total steps: 393216 
                       Steps per second: 43775 
                        Collection time: 2.012s 
                          Learning time: 0.234s 
                        Mean value loss: 3.6885
                    Mean surrogate loss: -0.0109
                      Mean entropy loss: 40.5938
                     Mean symmetry loss: 0.0005
                   Mean l2c2_actor loss: 0.0014
                  Mean l2c2_critic loss: 0.0255
                            Mean reward: -195.40
                    Mean episode length: 87.36
                        Mean action std: 0.98
                    Entropy coefficient: 0.002500
             Episode_Reward/ground_slam: -0.2913
        Episode_Reward/base_height_fine: 0.3037
 Episode_Reward/joint_deviation_l1_arms: -0.0215
           Curriculum/polish_not_moving: -1.0000
               Episode_Reward/flat_feet: -0.2817
           Episode_Reward/ankle_torques: -0.0344
       Episode_Reward/base_height_rough: 0.1823
           Episode_Reward/body_velocity: -0.3001
         Episode_Reward/ground_unloaded: -0.1080
              Episode_Reward/torso_slam: -0.2523
           Episode_Reward/feet_yaw_mean: -0.0381
         Episode_Reward/severely_tilted: -0.0006
              Episode_Reward/torso_roll: -0.2232
              Curriculum/terrain_levels: 0.0000
  Episode_Reward/feet_distance_standing: -0.0094
            Episode_Reward/joint_acc_l2: -0.0169
            Metrics/height/height_error: 0.0000
      Episode_Reward/joint_deviation_l1: -0.0649
     Episode_Reward/completely_airborne: -0.5528
        Curriculum/random_fallen_states: 0.0000
        Episode_Reward/action_rate_rate: -2.8619
              Episode_Reward/feet_slide: -0.1110
          Curriculum/polish_ground_slam: -1.0000
           Curriculum/polish_torso_slam: -5.0000
            Episode_Reward/joint_vel_l2: -0.1156
           Episode_Reward/torso_upright: -0.0030
      Episode_Reward/base_height_medium: 0.2150
           Episode_Reward/forward_pitch: -0.1277
        Episode_Reward/joint_torques_l2: -0.1114
           Episode_Reward/torque_limits: -0.1291
      Episode_Termination/invalid_state: 0.0000
        Episode_Reward/joint_pos_limits: -0.0008
        Episode_Reward/illegal_contacts: -0.0249
              Episode_Reward/relaxation: -0.7494
               Curriculum/adaptive_lift: 0.9960
     Curriculum/polish_action_rate_rate: -0.1500
           Episode_Termination/time_out: 0.1175
         Curriculum/polish_joint_vel_l2: -0.0010
    Episode_Reward/joint_tracking_error: -0.3553
              Episode_Reward/not_moving: -0.1167
           Episode_Reward/feet_distance: -0.0229
        Episode_Reward/joint_vel_limits: -0.0001
             Episode_Reward/action_rate: -6.3997
--------------------------------------------------------------------------------
                         Iteration time: 2.25s
                           Time elapsed: 0:00:10
                                    ETA: 0:43:49

################################################################################
[1m                           Learning iteration 4/1000                            [0m 

                               Run name: height_tracking_g1
                            Total steps: 491520 
                       Steps per second: 42818 
                        Collection time: 2.064s 
                          Learning time: 0.232s 
                        Mean value loss: 3.5537
                    Mean surrogate loss: -0.0125
                      Mean entropy loss: 40.4488
                     Mean symmetry loss: 0.0004
                   Mean l2c2_actor loss: 0.0016
                  Mean l2c2_critic loss: 0.0194
                            Mean reward: -255.60
                    Mean episode length: 111.36
                        Mean action std: 0.98
                    Entropy coefficient: 0.002500
             Episode_Reward/ground_slam: -0.3760
        Episode_Reward/base_height_fine: 0.4172
 Episode_Reward/joint_deviation_l1_arms: -0.0281
           Curriculum/polish_not_moving: -1.0000
               Episode_Reward/flat_feet: -0.3681
           Episode_Reward/ankle_torques: -0.0419
       Episode_Reward/base_height_rough: 0.2513
           Episode_Reward/body_velocity: -0.4092
         Episode_Reward/ground_unloaded: -0.1297
              Episode_Reward/torso_slam: -0.2903
           Episode_Reward/feet_yaw_mean: -0.0508
         Episode_Reward/severely_tilted: -0.0003
              Episode_Reward/torso_roll: -0.3083
              Curriculum/terrain_levels: 0.0000
  Episode_Reward/feet_distance_standing: -0.0136
            Episode_Reward/joint_acc_l2: -0.0213
            Metrics/height/height_error: 0.2034
      Episode_Reward/joint_deviation_l1: -0.0819
     Episode_Reward/completely_airborne: -0.7030
        Curriculum/random_fallen_states: 0.0000
        Episode_Reward/action_rate_rate: -3.6764
              Episode_Reward/feet_slide: -0.1449
          Curriculum/polish_ground_slam: -1.0000
           Curriculum/polish_torso_slam: -5.0000
            Episode_Reward/joint_vel_l2: -0.1512
           Episode_Reward/torso_upright: -0.0041
      Episode_Reward/base_height_medium: 0.3018
           Episode_Reward/forward_pitch: -0.2480
        Episode_Reward/joint_torques_l2: -0.1412
           Episode_Reward/torque_limits: -0.1551
      Episode_Termination/invalid_state: 0.0000
        Episode_Reward/joint_pos_limits: -0.0010
        Episode_Reward/illegal_contacts: -0.0414
              Episode_Reward/relaxation: -1.1211
               Curriculum/adaptive_lift: 0.9938
     Curriculum/polish_action_rate_rate: -0.1500
           Episode_Termination/time_out: 0.1473
         Curriculum/polish_joint_vel_l2: -0.0010
    Episode_Reward/joint_tracking_error: -0.4523
              Episode_Reward/not_moving: -0.1646
           Episode_Reward/feet_distance: -0.0380
        Episode_Reward/joint_vel_limits: -0.0001
             Episode_Reward/action_rate: -8.2186
--------------------------------------------------------------------------------
                         Iteration time: 2.30s
                           Time elapsed: 0:00:12
                                    ETA: 0:42:38

################################################################################
[1m                           Learning iteration 5/1000                            [0m 

                               Run name: height_tracking_g1
                            Total steps: 589824 
                       Steps per second: 43831 
                        Collection time: 2.010s 
                          Learning time: 0.232s 
                        Mean value loss: 3.2981
                    Mean surrogate loss: -0.0121
                      Mean entropy loss: 40.3159
                     Mean symmetry loss: 0.0004
                   Mean l2c2_actor loss: 0.0019
                  Mean l2c2_critic loss: 0.0109
                            Mean reward: -301.41
                    Mean episode length: 136.30
                        Mean action std: 0.97
                    Entropy coefficient: 0.002500
             Episode_Reward/ground_slam: -0.4550
        Episode_Reward/base_height_fine: 0.5371
 Episode_Reward/joint_deviation_l1_arms: -0.0248
           Curriculum/polish_not_moving: -1.0000
               Episode_Reward/flat_feet: -0.4749
           Episode_Reward/ankle_torques: -0.0533
       Episode_Reward/base_height_rough: 0.3193
           Episode_Reward/body_velocity: -0.4403
         Episode_Reward/ground_unloaded: -0.1724
              Episode_Reward/torso_slam: -0.3235
           Episode_Reward/feet_yaw_mean: -0.0575
         Episode_Reward/severely_tilted: -0.0001
              Episode_Reward/torso_roll: -0.3824
              Curriculum/terrain_levels: 0.0000
  Episode_Reward/feet_distance_standing: -0.0114
            Episode_Reward/joint_acc_l2: -0.0275
            Metrics/height/height_error: 0.2199
      Episode_Reward/joint_deviation_l1: -0.0720
     Episode_Reward/completely_airborne: -0.8653
        Curriculum/random_fallen_states: 0.0000
        Episode_Reward/action_rate_rate: -4.4492
              Episode_Reward/feet_slide: -0.1760
          Curriculum/polish_ground_slam: -1.0000
           Curriculum/polish_torso_slam: -5.0000
            Episode_Reward/joint_vel_l2: -0.1786
           Episode_Reward/torso_upright: -0.0028
      Episode_Reward/base_height_medium: 0.3895
           Episode_Reward/forward_pitch: -0.2982
        Episode_Reward/joint_torques_l2: -0.1753
           Episode_Reward/torque_limits: -0.1932
      Episode_Termination/invalid_state: 0.0000
        Episode_Reward/joint_pos_limits: -0.0012
        Episode_Reward/illegal_contacts: -0.0551
              Episode_Reward/relaxation: -1.2863
               Curriculum/adaptive_lift: 0.9933
     Curriculum/polish_action_rate_rate: -0.1500
           Episode_Termination/time_out: 0.1792
         Curriculum/polish_joint_vel_l2: -0.0010
    Episode_Reward/joint_tracking_error: -0.5481
              Episode_Reward/not_moving: -0.1953
           Episode_Reward/feet_distance: -0.0520
        Episode_Reward/joint_vel_limits: -0.0002
             Episode_Reward/action_rate: -9.9495
--------------------------------------------------------------------------------
                         Iteration time: 2.24s
                           Time elapsed: 0:00:15
                                    ETA: 0:41:41

################################################################################
[1m                           Learning iteration 6/1000                            [0m 

                               Run name: height_tracking_g1
                            Total steps: 688128 
                       Steps per second: 43857 
                        Collection time: 2.009s 
                          Learning time: 0.232s 
                        Mean value loss: 3.1908
                    Mean surrogate loss: -0.0111
                      Mean entropy loss: 40.1515
                     Mean symmetry loss: 0.0005
                   Mean l2c2_actor loss: 0.0021
                  Mean l2c2_critic loss: 0.0041
                            Mean reward: -354.51
                    Mean episode length: 159.45
                        Mean action std: 0.96
                    Entropy coefficient: 0.002500
             Episode_Reward/ground_slam: -0.5443
        Episode_Reward/base_height_fine: 0.6154
 Episode_Reward/joint_deviation_l1_arms: -0.0238
           Curriculum/polish_not_moving: -1.0000
               Episode_Reward/flat_feet: -0.5795
           Episode_Reward/ankle_torques: -0.0541
       Episode_Reward/base_height_rough: 0.3897
           Episode_Reward/body_velocity: -0.5050
         Episode_Reward/ground_unloaded: -0.2113
              Episode_Reward/torso_slam: -0.3744
           Episode_Reward/feet_yaw_mean: -0.0697
         Episode_Reward/severely_tilted: -0.0000
              Episode_Reward/torso_roll: -0.4582
              Curriculum/terrain_levels: 0.0000
  Episode_Reward/feet_distance_standing: -0.0097
            Episode_Reward/joint_acc_l2: -0.0308
            Metrics/height/height_error: 0.2244
      Episode_Reward/joint_deviation_l1: -0.0701
     Episode_Reward/completely_airborne: -0.9859
        Curriculum/random_fallen_states: 0.0000
        Episode_Reward/action_rate_rate: -5.2463
              Episode_Reward/feet_slide: -0.2136
          Curriculum/polish_ground_slam: -1.0000
           Curriculum/polish_torso_slam: -5.0000
            Episode_Reward/joint_vel_l2: -0.2130
           Episode_Reward/torso_upright: -0.0018
      Episode_Reward/base_height_medium: 0.4564
           Episode_Reward/forward_pitch: -0.4289
        Episode_Reward/joint_torques_l2: -0.2036
           Episode_Reward/torque_limits: -0.2250
      Episode_Termination/invalid_state: 0.0000
        Episode_Reward/joint_pos_limits: -0.0014
        Episode_Reward/illegal_contacts: -0.0745
              Episode_Reward/relaxation: -1.4030
               Curriculum/adaptive_lift: 0.9933
     Curriculum/polish_action_rate_rate: -0.1500
           Episode_Termination/time_out: 0.2113
         Curriculum/polish_joint_vel_l2: -0.0010
    Episode_Reward/joint_tracking_error: -0.6438
              Episode_Reward/not_moving: -0.2571
           Episode_Reward/feet_distance: -0.0575
        Episode_Reward/joint_vel_limits: -0.0002
             Episode_Reward/action_rate: -11.7054
--------------------------------------------------------------------------------
                         Iteration time: 2.24s
                           Time elapsed: 0:00:17
                                    ETA: 0:40:59

################################################################################
[1m                           Learning iteration 7/1000                            [0m 

                               Run name: height_tracking_g1
                            Total steps: 786432 
                       Steps per second: 43776 
                        Collection time: 2.013s 
                          Learning time: 0.233s 
                        Mean value loss: 3.0618
                    Mean surrogate loss: -0.0111
                      Mean entropy loss: 39.9603
                     Mean symmetry loss: 0.0006
                   Mean l2c2_actor loss: 0.0023
                  Mean l2c2_critic loss: 0.0023
                            Mean reward: -408.68
                    Mean episode length: 184.49
                        Mean action std: 0.96
                    Entropy coefficient: 0.002500
             Episode_Reward/ground_slam: -0.6143
        Episode_Reward/base_height_fine: 0.7208
 Episode_Reward/joint_deviation_l1_arms: -0.0259
           Curriculum/polish_not_moving: -1.0000
               Episode_Reward/flat_feet: -0.6769
           Episode_Reward/ankle_torques: -0.0711
       Episode_Reward/base_height_rough: 0.4301
           Episode_Reward/body_velocity: -0.5711
         Episode_Reward/ground_unloaded: -0.2427
              Episode_Reward/torso_slam: -0.4474
           Episode_Reward/feet_yaw_mean: -0.0819
         Episode_Reward/severely_tilted: -0.0009
              Episode_Reward/torso_roll: -0.5264
              Curriculum/terrain_levels: 0.0000
  Episode_Reward/feet_distance_standing: -0.0127
            Episode_Reward/joint_acc_l2: -0.0374
            Metrics/height/height_error: nan
      Episode_Reward/joint_deviation_l1: -0.0747
     Episode_Reward/completely_airborne: -1.2310
        Curriculum/random_fallen_states: 0.0000
        Episode_Reward/action_rate_rate: -5.9783
              Episode_Reward/feet_slide: -0.2419
          Curriculum/polish_ground_slam: -1.0000
           Curriculum/polish_torso_slam: -5.0000
            Episode_Reward/joint_vel_l2: -0.2459
           Episode_Reward/torso_upright: -0.0025
      Episode_Reward/base_height_medium: 0.5116
           Episode_Reward/forward_pitch: -0.3711
        Episode_Reward/joint_torques_l2: -0.2366
           Episode_Reward/torque_limits: -0.2589
      Episode_Termination/invalid_state: 0.0000
        Episode_Reward/joint_pos_limits: -0.0016
        Episode_Reward/illegal_contacts: -0.0735
              Episode_Reward/relaxation: -1.7226
               Curriculum/adaptive_lift: 0.9933
     Curriculum/polish_action_rate_rate: -0.1500
           Episode_Termination/time_out: 0.2420
         Curriculum/polish_joint_vel_l2: -0.0010
    Episode_Reward/joint_tracking_error: -0.7409
              Episode_Reward/not_moving: -0.3006
           Episode_Reward/feet_distance: -0.0680
        Episode_Reward/joint_vel_limits: -0.0002
             Episode_Reward/action_rate: -13.3701
--------------------------------------------------------------------------------
                         Iteration time: 2.25s
                           Time elapsed: 0:00:19
                                    ETA: 0:40:28

################################################################################
[1m                           Learning iteration 8/1000                            [0m 

                               Run name: height_tracking_g1
                            Total steps: 884736 
                       Steps per second: 43856 
                        Collection time: 2.009s 
                          Learning time: 0.232s 
                        Mean value loss: 2.9971
                    Mean surrogate loss: -0.0113
                      Mean entropy loss: 39.7899
                     Mean symmetry loss: 0.0006
                   Mean l2c2_actor loss: 0.0025
                  Mean l2c2_critic loss: 0.0021
                            Mean reward: -454.53
                    Mean episode length: 205.95
                        Mean action std: 0.95
                    Entropy coefficient: 0.002500
             Episode_Reward/ground_slam: -0.6865
        Episode_Reward/base_height_fine: 0.7211
 Episode_Reward/joint_deviation_l1_arms: -0.0249
           Curriculum/polish_not_moving: -1.0000
               Episode_Reward/flat_feet: -0.8024
           Episode_Reward/ankle_torques: -0.0801
       Episode_Reward/base_height_rough: 0.4724
           Episode_Reward/body_velocity: -0.5844
         Episode_Reward/ground_unloaded: -0.2331
              Episode_Reward/torso_slam: -0.4377
           Episode_Reward/feet_yaw_mean: -0.0881
         Episode_Reward/severely_tilted: -0.0003
              Episode_Reward/torso_roll: -0.5574
              Curriculum/terrain_levels: 0.0000
  Episode_Reward/feet_distance_standing: -0.0136
            Episode_Reward/joint_acc_l2: -0.0389
            Metrics/height/height_error: 0.1999
      Episode_Reward/joint_deviation_l1: -0.0733
     Episode_Reward/completely_airborne: -1.3109
        Curriculum/random_fallen_states: 0.0000
        Episode_Reward/action_rate_rate: -6.7496
              Episode_Reward/feet_slide: -0.2778
          Curriculum/polish_ground_slam: -1.0000
           Curriculum/polish_torso_slam: -5.0000
            Episode_Reward/joint_vel_l2: -0.2696
           Episode_Reward/torso_upright: -0.0032
      Episode_Reward/base_height_medium: 0.5448
           Episode_Reward/forward_pitch: -0.5554
        Episode_Reward/joint_torques_l2: -0.2592
           Episode_Reward/torque_limits: -0.2867
      Episode_Termination/invalid_state: 0.0000
        Episode_Reward/joint_pos_limits: -0.0017
        Episode_Reward/illegal_contacts: -0.0990
              Episode_Reward/relaxation: -2.4156
               Curriculum/adaptive_lift: 0.9933
     Curriculum/polish_action_rate_rate: -0.1500
           Episode_Termination/time_out: 0.2757
         Curriculum/polish_joint_vel_l2: -0.0010
    Episode_Reward/joint_tracking_error: -0.8217
              Episode_Reward/not_moving: -0.2699
           Episode_Reward/feet_distance: -0.0686
        Episode_Reward/joint_vel_limits: -0.0002
             Episode_Reward/action_rate: -15.1004
--------------------------------------------------------------------------------
                         Iteration time: 2.24s
                           Time elapsed: 0:00:21
                                    ETA: 0:40:03

################################################################################
[1m                           Learning iteration 9/1000                            [0m 

                               Run name: height_tracking_g1
                            Total steps: 983040 
                       Steps per second: 43884 
                        Collection time: 2.008s 
                          Learning time: 0.232s 
                        Mean value loss: 2.8476
                    Mean surrogate loss: -0.0105
                      Mean entropy loss: 39.5992
                     Mean symmetry loss: 0.0006
                   Mean l2c2_actor loss: 0.0027
                  Mean l2c2_critic loss: 0.0036
                            Mean reward: -498.48
                    Mean episode length: 229.87
                        Mean action std: 0.95
                    Entropy coefficient: 0.002500
             Episode_Reward/ground_slam: -0.7685
        Episode_Reward/base_height_fine: 0.6746
 Episode_Reward/joint_deviation_l1_arms: -0.0261
           Curriculum/polish_not_moving: -1.0000
               Episode_Reward/flat_feet: -0.8962
           Episode_Reward/ankle_torques: -0.0783
       Episode_Reward/base_height_rough: 0.4872
           Episode_Reward/body_velocity: -0.6649
         Episode_Reward/ground_unloaded: -0.2976
              Episode_Reward/torso_slam: -0.4912
           Episode_Reward/feet_yaw_mean: -0.1006
         Episode_Reward/severely_tilted: -0.0008
              Episode_Reward/torso_roll: -0.6657
              Curriculum/terrain_levels: 0.0000
  Episode_Reward/feet_distance_standing: -0.0153
            Episode_Reward/joint_acc_l2: -0.0475
            Metrics/height/height_error: 0.2927
      Episode_Reward/joint_deviation_l1: -0.0732
     Episode_Reward/completely_airborne: -1.4530
        Curriculum/random_fallen_states: 0.0000
        Episode_Reward/action_rate_rate: -7.4189
              Episode_Reward/feet_slide: -0.3155
          Curriculum/polish_ground_slam: -1.0000
           Curriculum/polish_torso_slam: -5.0000
            Episode_Reward/joint_vel_l2: -0.2988
           Episode_Reward/torso_upright: -0.0032
      Episode_Reward/base_height_medium: 0.5181
           Episode_Reward/forward_pitch: -0.6143
        Episode_Reward/joint_torques_l2: -0.2968
           Episode_Reward/torque_limits: -0.3296
      Episode_Termination/invalid_state: 0.0000
        Episode_Reward/joint_pos_limits: -0.0020
        Episode_Reward/illegal_contacts: -0.1122
              Episode_Reward/relaxation: -2.1936
               Curriculum/adaptive_lift: 0.9933
     Curriculum/polish_action_rate_rate: -0.1500
           Episode_Termination/time_out: 0.3063
         Curriculum/polish_joint_vel_l2: -0.0010
    Episode_Reward/joint_tracking_error: -0.9075
              Episode_Reward/not_moving: -0.2645
           Episode_Reward/feet_distance: -0.0922
        Episode_Reward/joint_vel_limits: -0.0003
             Episode_Reward/action_rate: -16.6006
--------------------------------------------------------------------------------
                         Iteration time: 2.24s
                           Time elapsed: 0:00:24
                                    ETA: 0:39:42

################################################################################
[1m                           Learning iteration 10/1000                           [0m 

                               Run name: height_tracking_g1
                            Total steps: 1081344 
                       Steps per second: 43940 
                        Collection time: 2.005s 
                          Learning time: 0.232s 
                        Mean value loss: 2.7628
                    Mean surrogate loss: -0.0116
                      Mean entropy loss: 39.4466
                     Mean symmetry loss: 0.0007
                   Mean l2c2_actor loss: 0.0030
                  Mean l2c2_critic loss: 0.0032
                            Mean reward: -556.56
                    Mean episode length: 256.05
                        Mean action std: 0.94
                    Entropy coefficient: 0.002500
             Episode_Reward/ground_slam: -0.8595
        Episode_Reward/base_height_fine: 0.9253
 Episode_Reward/joint_deviation_l1_arms: -0.0238
           Curriculum/polish_not_moving: -1.0000
               Episode_Reward/flat_feet: -1.0086
           Episode_Reward/ankle_torques: -0.0865
       Episode_Reward/base_height_rough: 0.5845
           Episode_Reward/body_velocity: -0.6900
         Episode_Reward/ground_unloaded: -0.3320
              Episode_Reward/torso_slam: -0.5383
           Episode_Reward/feet_yaw_mean: -0.1063
         Episode_Reward/severely_tilted: 0.0000
              Episode_Reward/torso_roll: -0.7146
              Curriculum/terrain_levels: 0.0000
  Episode_Reward/feet_distance_standing: -0.0110
            Episode_Reward/joint_acc_l2: -0.0500
            Metrics/height/height_error: nan
      Episode_Reward/joint_deviation_l1: -0.0724
     Episode_Reward/completely_airborne: -1.5425
        Curriculum/random_fallen_states: 0.0000
        Episode_Reward/action_rate_rate: -8.1790
              Episode_Reward/feet_slide: -0.3524
          Curriculum/polish_ground_slam: -1.0000
           Curriculum/polish_torso_slam: -5.0000
            Episode_Reward/joint_vel_l2: -0.3340
           Episode_Reward/torso_upright: -0.0026
      Episode_Reward/base_height_medium: 0.6696
           Episode_Reward/forward_pitch: -0.7583
        Episode_Reward/joint_torques_l2: -0.3227
           Episode_Reward/torque_limits: -0.3552
      Episode_Termination/invalid_state: 0.0000
        Episode_Reward/joint_pos_limits: -0.0021
        Episode_Reward/illegal_contacts: -0.1347
              Episode_Reward/relaxation: -2.2697
               Curriculum/adaptive_lift: 0.9933
     Curriculum/polish_action_rate_rate: -0.1500
           Episode_Termination/time_out: 0.3360
         Curriculum/polish_joint_vel_l2: -0.0010
    Episode_Reward/joint_tracking_error: -1.0012
              Episode_Reward/not_moving: -0.3759
           Episode_Reward/feet_distance: -0.0970
        Episode_Reward/joint_vel_limits: -0.0003
             Episode_Reward/action_rate: -18.3094
--------------------------------------------------------------------------------
                         Iteration time: 2.24s
                           Time elapsed: 0:00:26
                                    ETA: 0:39:24

################################################################################
[1m                           Learning iteration 11/1000                           [0m 

                               Run name: height_tracking_g1
                            Total steps: 1179648 
                       Steps per second: 43845 
                        Collection time: 2.008s 
                          Learning time: 0.234s 
                        Mean value loss: 2.6781
                    Mean surrogate loss: -0.0092
                      Mean entropy loss: 39.2637
                     Mean symmetry loss: 0.0007
                   Mean l2c2_actor loss: 0.0032
                  Mean l2c2_critic loss: 0.0016
                            Mean reward: -610.03
                    Mean episode length: 281.20
                        Mean action std: 0.94
                    Entropy coefficient: 0.002500
             Episode_Reward/ground_slam: -0.9694
        Episode_Reward/base_height_fine: 0.6962
 Episode_Reward/joint_deviation_l1_arms: -0.0295
           Curriculum/polish_not_moving: -1.0000
               Episode_Reward/flat_feet: -1.0858
           Episode_Reward/ankle_torques: -0.0968
       Episode_Reward/base_height_rough: 0.5879
           Episode_Reward/body_velocity: -0.7831
         Episode_Reward/ground_unloaded: -0.3851
              Episode_Reward/torso_slam: -0.5735
           Episode_Reward/feet_yaw_mean: -0.1202
         Episode_Reward/severely_tilted: -0.0000
              Episode_Reward/torso_roll: -0.7842
              Curriculum/terrain_levels: 0.0000
  Episode_Reward/feet_distance_standing: -0.0126
            Episode_Reward/joint_acc_l2: -0.0554
            Metrics/height/height_error: nan
      Episode_Reward/joint_deviation_l1: -0.0873
     Episode_Reward/completely_airborne: -1.5347
        Curriculum/random_fallen_states: 0.0000
        Episode_Reward/action_rate_rate: -8.8910
              Episode_Reward/feet_slide: -0.4031
          Curriculum/polish_ground_slam: -1.0000
           Curriculum/polish_torso_slam: -5.0000
            Episode_Reward/joint_vel_l2: -0.3655
           Episode_Reward/torso_upright: -0.0029
      Episode_Reward/base_height_medium: 0.5779
           Episode_Reward/forward_pitch: -0.9039
        Episode_Reward/joint_torques_l2: -0.3569
           Episode_Reward/torque_limits: -0.3912
      Episode_Termination/invalid_state: 0.0000
        Episode_Reward/joint_pos_limits: -0.0024
        Episode_Reward/illegal_contacts: -0.1487
              Episode_Reward/relaxation: -2.2956
               Curriculum/adaptive_lift: 0.9933
     Curriculum/polish_action_rate_rate: -0.1500
           Episode_Termination/time_out: 0.3700
         Curriculum/polish_joint_vel_l2: -0.0010
    Episode_Reward/joint_tracking_error: -1.0947
              Episode_Reward/not_moving: -0.2246
           Episode_Reward/feet_distance: -0.1114
        Episode_Reward/joint_vel_limits: -0.0003
             Episode_Reward/action_rate: -19.9216
--------------------------------------------------------------------------------
                         Iteration time: 2.24s
                           Time elapsed: 0:00:28
                                    ETA: 0:39:10

################################################################################
[1m                           Learning iteration 12/1000                           [0m 

                               Run name: height_tracking_g1
                            Total steps: 1277952 
                       Steps per second: 43782 
                        Collection time: 2.013s 
                          Learning time: 0.232s 
                        Mean value loss: 2.6219
                    Mean surrogate loss: -0.0105
                      Mean entropy loss: 39.1583
                     Mean symmetry loss: 0.0008
                   Mean l2c2_actor loss: 0.0035
                  Mean l2c2_critic loss: 0.0015
                            Mean reward: -654.37
                    Mean episode length: 303.39
                        Mean action std: 0.93
                    Entropy coefficient: 0.002500
             Episode_Reward/ground_slam: -1.0260
        Episode_Reward/base_height_fine: 1.0436
 Episode_Reward/joint_deviation_l1_arms: -0.0229
           Curriculum/polish_not_moving: -1.0000
               Episode_Reward/flat_feet: -1.2106
           Episode_Reward/ankle_torques: -0.0975
       Episode_Reward/base_height_rough: 0.6514
           Episode_Reward/body_velocity: -0.8018
         Episode_Reward/ground_unloaded: -0.4052
              Episode_Reward/torso_slam: -0.6208
           Episode_Reward/feet_yaw_mean: -0.1338
         Episode_Reward/severely_tilted: 0.0000
              Episode_Reward/torso_roll: -0.8607
              Curriculum/terrain_levels: 0.0000
  Episode_Reward/feet_distance_standing: -0.0100
            Episode_Reward/joint_acc_l2: -0.0636
            Metrics/height/height_error: 0.2940
      Episode_Reward/joint_deviation_l1: -0.0682
     Episode_Reward/completely_airborne: -1.7703
        Curriculum/random_fallen_states: 0.0000
        Episode_Reward/action_rate_rate: -9.6409
              Episode_Reward/feet_slide: -0.4242
          Curriculum/polish_ground_slam: -1.0000
           Curriculum/polish_torso_slam: -5.0000
            Episode_Reward/joint_vel_l2: -0.3912
           Episode_Reward/torso_upright: -0.0022
      Episode_Reward/base_height_medium: 0.7318
           Episode_Reward/forward_pitch: -0.9764
        Episode_Reward/joint_torques_l2: -0.3914
           Episode_Reward/torque_limits: -0.4194
      Episode_Termination/invalid_state: 0.0000
        Episode_Reward/joint_pos_limits: -0.0025
        Episode_Reward/illegal_contacts: -0.1687
              Episode_Reward/relaxation: -2.7657
               Curriculum/adaptive_lift: 0.9933
     Curriculum/polish_action_rate_rate: -0.1500
           Episode_Termination/time_out: 0.4056
         Curriculum/polish_joint_vel_l2: -0.0010
    Episode_Reward/joint_tracking_error: -1.1800
              Episode_Reward/not_moving: -0.4421
           Episode_Reward/feet_distance: -0.1033
        Episode_Reward/joint_vel_limits: -0.0003
             Episode_Reward/action_rate: -21.5723
--------------------------------------------------------------------------------
                         Iteration time: 2.25s
                           Time elapsed: 0:00:30
                                    ETA: 0:38:57

################################################################################
[1m                           Learning iteration 13/1000                           [0m 

                               Run name: height_tracking_g1
                            Total steps: 1376256 
                       Steps per second: 43992 
                        Collection time: 2.003s 
                          Learning time: 0.232s 
                        Mean value loss: 2.5042
                    Mean surrogate loss: -0.0097
                      Mean entropy loss: 38.9569
                     Mean symmetry loss: 0.0009
                   Mean l2c2_actor loss: 0.0037
                  Mean l2c2_critic loss: 0.0015
                            Mean reward: -705.71
                    Mean episode length: 327.67
                        Mean action std: 0.93
                    Entropy coefficient: 0.002500
             Episode_Reward/ground_slam: -1.1215
        Episode_Reward/base_height_fine: 0.9369
 Episode_Reward/joint_deviation_l1_arms: -0.0266
           Curriculum/polish_not_moving: -1.0000
               Episode_Reward/flat_feet: -1.3157
           Episode_Reward/ankle_torques: -0.1148
       Episode_Reward/base_height_rough: 0.6929
           Episode_Reward/body_velocity: -0.8569
         Episode_Reward/ground_unloaded: -0.3746
              Episode_Reward/torso_slam: -0.6399
           Episode_Reward/feet_yaw_mean: -0.1411
         Episode_Reward/severely_tilted: -0.0001
              Episode_Reward/torso_roll: -0.9292
              Curriculum/terrain_levels: 0.0000
  Episode_Reward/feet_distance_standing: -0.0117
            Episode_Reward/joint_acc_l2: -0.0602
            Metrics/height/height_error: 0.2688
      Episode_Reward/joint_deviation_l1: -0.0780
     Episode_Reward/completely_airborne: -1.9349
        Curriculum/random_fallen_states: 0.0000
        Episode_Reward/action_rate_rate: -10.3412
              Episode_Reward/feet_slide: -0.4585
          Curriculum/polish_ground_slam: -1.0000
           Curriculum/polish_torso_slam: -5.0000
            Episode_Reward/joint_vel_l2: -0.4231
           Episode_Reward/torso_upright: -0.0021
      Episode_Reward/base_height_medium: 0.7259
           Episode_Reward/forward_pitch: -1.1498
        Episode_Reward/joint_torques_l2: -0.4012
           Episode_Reward/torque_limits: -0.4262
      Episode_Termination/invalid_state: 0.0000
        Episode_Reward/joint_pos_limits: -0.0027
        Episode_Reward/illegal_contacts: -0.2014
              Episode_Reward/relaxation: -3.5240
               Curriculum/adaptive_lift: 0.9933
     Curriculum/polish_action_rate_rate: -0.1500
           Episode_Termination/time_out: 0.4405
         Curriculum/polish_joint_vel_l2: -0.0010
    Episode_Reward/joint_tracking_error: -1.2531
              Episode_Reward/not_moving: -0.3240
           Episode_Reward/feet_distance: -0.1305
        Episode_Reward/joint_vel_limits: -0.0004
             Episode_Reward/action_rate: -23.1663
--------------------------------------------------------------------------------
                         Iteration time: 2.23s
                           Time elapsed: 0:00:33
                                    ETA: 0:38:45

################################################################################
[1m                           Learning iteration 14/1000                           [0m 

                               Run name: height_tracking_g1
                            Total steps: 1474560 
                       Steps per second: 43883 
                        Collection time: 2.008s 
                          Learning time: 0.232s 
                        Mean value loss: 2.4646
                    Mean surrogate loss: -0.0099
                      Mean entropy loss: 38.7985
                     Mean symmetry loss: 0.0009
                   Mean l2c2_actor loss: 0.0039
                  Mean l2c2_critic loss: 0.0011
                            Mean reward: -757.76
                    Mean episode length: 351.87
                        Mean action std: 0.92
                    Entropy coefficient: 0.002500
             Episode_Reward/ground_slam: -1.1599
        Episode_Reward/base_height_fine: 1.0462
 Episode_Reward/joint_deviation_l1_arms: -0.0253
           Curriculum/polish_not_moving: -1.0000
               Episode_Reward/flat_feet: -1.4508
           Episode_Reward/ankle_torques: -0.1160
       Episode_Reward/base_height_rough: 0.7410
           Episode_Reward/body_velocity: -0.9332
         Episode_Reward/ground_unloaded: -0.4314
              Episode_Reward/torso_slam: -0.6839
           Episode_Reward/feet_yaw_mean: -0.1515
         Episode_Reward/severely_tilted: -0.0002
              Episode_Reward/torso_roll: -0.9524
              Curriculum/terrain_levels: 0.0000
  Episode_Reward/feet_distance_standing: -0.0098
            Episode_Reward/joint_acc_l2: -0.0751
            Metrics/height/height_error: 0.3399
      Episode_Reward/joint_deviation_l1: -0.0758
     Episode_Reward/completely_airborne: -2.3841
        Curriculum/random_fallen_states: 0.0000
        Episode_Reward/action_rate_rate: -10.9279
              Episode_Reward/feet_slide: -0.4805
          Curriculum/polish_ground_slam: -1.0000
           Curriculum/polish_torso_slam: -5.0000
            Episode_Reward/joint_vel_l2: -0.4523
           Episode_Reward/torso_upright: -0.0029
      Episode_Reward/base_height_medium: 0.7889
           Episode_Reward/forward_pitch: -0.8746
        Episode_Reward/joint_torques_l2: -0.4526
           Episode_Reward/torque_limits: -0.4676
      Episode_Termination/invalid_state: 0.0000
        Episode_Reward/joint_pos_limits: -0.0029
        Episode_Reward/illegal_contacts: -0.1589
              Episode_Reward/relaxation: -3.8716
               Curriculum/adaptive_lift: 0.9933
     Curriculum/polish_action_rate_rate: -0.1500
           Episode_Termination/time_out: 0.4732
         Curriculum/polish_joint_vel_l2: -0.0010
    Episode_Reward/joint_tracking_error: -1.3492
              Episode_Reward/not_moving: -0.3705
           Episode_Reward/feet_distance: -0.1315
        Episode_Reward/joint_vel_limits: -0.0004
             Episode_Reward/action_rate: -24.5251
--------------------------------------------------------------------------------
                         Iteration time: 2.24s
                           Time elapsed: 0:00:35
                                    ETA: 0:38:35

################################################################################
[1m                           Learning iteration 15/1000                           [0m 

                               Run name: height_tracking_g1
                            Total steps: 1572864 
                       Steps per second: 43959 
                        Collection time: 2.003s 
                          Learning time: 0.233s 
                        Mean value loss: 2.3787
                    Mean surrogate loss: -0.0091
                      Mean entropy loss: 38.6305
                     Mean symmetry loss: 0.0009
                   Mean l2c2_actor loss: 0.0041
                  Mean l2c2_critic loss: 0.0007
                            Mean reward: -786.16
                    Mean episode length: 374.11
                        Mean action std: 0.92
                    Entropy coefficient: 0.002500
             Episode_Reward/ground_slam: -1.2406
        Episode_Reward/base_height_fine: 1.2005
 Episode_Reward/joint_deviation_l1_arms: -0.0234
           Curriculum/polish_not_moving: -1.0000
               Episode_Reward/flat_feet: -1.5406
           Episode_Reward/ankle_torques: -0.1250
       Episode_Reward/base_height_rough: 0.8342
           Episode_Reward/body_velocity: -0.9565
         Episode_Reward/ground_unloaded: -0.4975
              Episode_Reward/torso_slam: -0.7234
           Episode_Reward/feet_yaw_mean: -0.1647
         Episode_Reward/severely_tilted: -0.0003
              Episode_Reward/torso_roll: -1.0701
              Curriculum/terrain_levels: 0.0000
  Episode_Reward/feet_distance_standing: -0.0105
            Episode_Reward/joint_acc_l2: -0.0739
            Metrics/height/height_error: nan
      Episode_Reward/joint_deviation_l1: -0.0687
     Episode_Reward/completely_airborne: -2.3590
        Curriculum/random_fallen_states: 0.0000
        Episode_Reward/action_rate_rate: -11.6492
              Episode_Reward/feet_slide: -0.5182
          Curriculum/polish_ground_slam: -1.0000
           Curriculum/polish_torso_slam: -5.0000
            Episode_Reward/joint_vel_l2: -0.4841
           Episode_Reward/torso_upright: -0.0021
      Episode_Reward/base_height_medium: 0.9057
           Episode_Reward/forward_pitch: -1.0537
        Episode_Reward/joint_torques_l2: -0.4692
           Episode_Reward/torque_limits: -0.5063
      Episode_Termination/invalid_state: 0.0000
        Episode_Reward/joint_pos_limits: -0.0030
        Episode_Reward/illegal_contacts: -0.1876
              Episode_Reward/relaxation: -3.3771
               Curriculum/adaptive_lift: 0.9933
     Curriculum/polish_action_rate_rate: -0.1500
           Episode_Termination/time_out: 0.5097
         Curriculum/polish_joint_vel_l2: -0.0010
    Episode_Reward/joint_tracking_error: -1.4291
              Episode_Reward/not_moving: -0.4401
           Episode_Reward/feet_distance: -0.1503
        Episode_Reward/joint_vel_limits: -0.0004
             Episode_Reward/action_rate: -26.1096
--------------------------------------------------------------------------------
                         Iteration time: 2.24s
                           Time elapsed: 0:00:37
                                    ETA: 0:38:26

################################################################################
[1m                           Learning iteration 16/1000                           [0m 

                               Run name: height_tracking_g1
                            Total steps: 1671168 
                       Steps per second: 43878 
                        Collection time: 2.008s 
                          Learning time: 0.233s 
                        Mean value loss: 2.2722
                    Mean surrogate loss: -0.0098
                      Mean entropy loss: 38.4525
                     Mean symmetry loss: 0.0009
                   Mean l2c2_actor loss: 0.0043
                  Mean l2c2_critic loss: 0.0005
                            Mean reward: -833.98
                    Mean episode length: 398.96
                        Mean action std: 0.91
                    Entropy coefficient: 0.002500
             Episode_Reward/ground_slam: -1.2849
        Episode_Reward/base_height_fine: 1.1009
 Episode_Reward/joint_deviation_l1_arms: -0.0278
           Curriculum/polish_not_moving: -1.0000
               Episode_Reward/flat_feet: -1.6149
           Episode_Reward/ankle_torques: -0.1324
       Episode_Reward/base_height_rough: 0.8591
           Episode_Reward/body_velocity: -1.0305
         Episode_Reward/ground_unloaded: -0.5330
              Episode_Reward/torso_slam: -0.7543
           Episode_Reward/feet_yaw_mean: -0.1678
         Episode_Reward/severely_tilted: -0.0006
              Episode_Reward/torso_roll: -1.1542
              Curriculum/terrain_levels: 0.0000
  Episode_Reward/feet_distance_standing: -0.0113
            Episode_Reward/joint_acc_l2: -0.0806
            Metrics/height/height_error: 0.3692
      Episode_Reward/joint_deviation_l1: -0.0833
     Episode_Reward/completely_airborne: -2.3976
        Curriculum/random_fallen_states: 0.0000
        Episode_Reward/action_rate_rate: -12.3343
              Episode_Reward/feet_slide: -0.5505
          Curriculum/polish_ground_slam: -1.0000
           Curriculum/polish_torso_slam: -5.0000
            Episode_Reward/joint_vel_l2: -0.5050
           Episode_Reward/torso_upright: -0.0041
      Episode_Reward/base_height_medium: 0.8937
           Episode_Reward/forward_pitch: -1.1682
        Episode_Reward/joint_torques_l2: -0.5034
           Episode_Reward/torque_limits: -0.5318
      Episode_Termination/invalid_state: 0.0000
        Episode_Reward/joint_pos_limits: -0.0033
        Episode_Reward/illegal_contacts: -0.2125
              Episode_Reward/relaxation: -3.7526
               Curriculum/adaptive_lift: 0.9933
     Curriculum/polish_action_rate_rate: -0.1500
           Episode_Termination/time_out: 0.5405
         Curriculum/polish_joint_vel_l2: -0.0010
    Episode_Reward/joint_tracking_error: -1.5230
              Episode_Reward/not_moving: -0.3354
           Episode_Reward/feet_distance: -0.1587
        Episode_Reward/joint_vel_limits: -0.0004
             Episode_Reward/action_rate: -27.6494
--------------------------------------------------------------------------------
                         Iteration time: 2.24s
                           Time elapsed: 0:00:39
                                    ETA: 0:38:18

################################################################################
[1m                           Learning iteration 17/1000                           [0m 

                               Run name: height_tracking_g1
                            Total steps: 1769472 
                       Steps per second: 43947 
                        Collection time: 2.004s 
                          Learning time: 0.233s 
                        Mean value loss: 2.2092
                    Mean surrogate loss: -0.0105
                      Mean entropy loss: 38.3347
                     Mean symmetry loss: 0.0009
                   Mean l2c2_actor loss: 0.0044
                  Mean l2c2_critic loss: 0.0005
                            Mean reward: -890.31
                    Mean episode length: 423.78
                        Mean action std: 0.91
                    Entropy coefficient: 0.002500
             Episode_Reward/ground_slam: -1.4012
        Episode_Reward/base_height_fine: 1.2814
 Episode_Reward/joint_deviation_l1_arms: -0.0279
           Curriculum/polish_not_moving: -1.0000
               Episode_Reward/flat_feet: -1.7383
           Episode_Reward/ankle_torques: -0.1319
       Episode_Reward/base_height_rough: 0.9365
           Episode_Reward/body_velocity: -1.0547
         Episode_Reward/ground_unloaded: -0.5235
              Episode_Reward/torso_slam: -0.7959
           Episode_Reward/feet_yaw_mean: -0.1808
         Episode_Reward/severely_tilted: -0.0004
              Episode_Reward/torso_roll: -1.1810
              Curriculum/terrain_levels: 0.0000
  Episode_Reward/feet_distance_standing: -0.0108
            Episode_Reward/joint_acc_l2: -0.0808
            Metrics/height/height_error: nan
      Episode_Reward/joint_deviation_l1: -0.0806
     Episode_Reward/completely_airborne: -2.4748
        Curriculum/random_fallen_states: 0.0000
        Episode_Reward/action_rate_rate: -12.9695
              Episode_Reward/feet_slide: -0.5923
          Curriculum/polish_ground_slam: -1.0000
           Curriculum/polish_torso_slam: -5.0000
            Episode_Reward/joint_vel_l2: -0.5395
           Episode_Reward/torso_upright: -0.0043
      Episode_Reward/base_height_medium: 0.9956
           Episode_Reward/forward_pitch: -1.3259
        Episode_Reward/joint_torques_l2: -0.5205
           Episode_Reward/torque_limits: -0.5569
      Episode_Termination/invalid_state: 0.0000
        Episode_Reward/joint_pos_limits: -0.0034
        Episode_Reward/illegal_contacts: -0.2327
              Episode_Reward/relaxation: -4.2740
               Curriculum/adaptive_lift: 0.9933
     Curriculum/polish_action_rate_rate: -0.1500
           Episode_Termination/time_out: 0.5693
         Curriculum/polish_joint_vel_l2: -0.0010
    Episode_Reward/joint_tracking_error: -1.5890
              Episode_Reward/not_moving: -0.4511
           Episode_Reward/feet_distance: -0.1568
        Episode_Reward/joint_vel_limits: -0.0005
             Episode_Reward/action_rate: -29.1171
--------------------------------------------------------------------------------
                         Iteration time: 2.24s
                           Time elapsed: 0:00:41
                                    ETA: 0:38:10

################################################################################
[1m                           Learning iteration 18/1000                           [0m 

                               Run name: height_tracking_g1
                            Total steps: 1867776 
                       Steps per second: 43730 
                        Collection time: 2.013s 
                          Learning time: 0.235s 
                        Mean value loss: 2.1530
                    Mean surrogate loss: -0.0086
                      Mean entropy loss: 38.1978
                     Mean symmetry loss: 0.0010
                   Mean l2c2_actor loss: 0.0047
                  Mean l2c2_critic loss: 0.0005
                            Mean reward: -927.91
                    Mean episode length: 444.91
                        Mean action std: 0.90
                    Entropy coefficient: 0.002500
             Episode_Reward/ground_slam: -1.4511
        Episode_Reward/base_height_fine: 1.6656
 Episode_Reward/joint_deviation_l1_arms: -0.0265
           Curriculum/polish_not_moving: -1.0000
               Episode_Reward/flat_feet: -1.8597
           Episode_Reward/ankle_torques: -0.1561
       Episode_Reward/base_height_rough: 1.0636
           Episode_Reward/body_velocity: -1.1510
         Episode_Reward/ground_unloaded: -0.6126
              Episode_Reward/torso_slam: -0.8435
           Episode_Reward/feet_yaw_mean: -0.1950
         Episode_Reward/severely_tilted: 0.0000
              Episode_Reward/torso_roll: -1.2818
              Curriculum/terrain_levels: 0.0000
  Episode_Reward/feet_distance_standing: -0.0104
            Episode_Reward/joint_acc_l2: -0.0954
            Metrics/height/height_error: 0.3645
      Episode_Reward/joint_deviation_l1: -0.0784
     Episode_Reward/completely_airborne: -2.9283
        Curriculum/random_fallen_states: 0.0000
        Episode_Reward/action_rate_rate: -13.6209
              Episode_Reward/feet_slide: -0.6107
          Curriculum/polish_ground_slam: -1.0000
           Curriculum/polish_torso_slam: -5.0000
            Episode_Reward/joint_vel_l2: -0.5653
           Episode_Reward/torso_upright: -0.0027
      Episode_Reward/base_height_medium: 1.2315
           Episode_Reward/forward_pitch: -1.1783
        Episode_Reward/joint_torques_l2: -0.5716
           Episode_Reward/torque_limits: -0.5981
      Episode_Termination/invalid_state: 0.0000
        Episode_Reward/joint_pos_limits: -0.0035
        Episode_Reward/illegal_contacts: -0.2155
              Episode_Reward/relaxation: -4.0752
               Curriculum/adaptive_lift: 0.9933
     Curriculum/polish_action_rate_rate: -0.1500
           Episode_Termination/time_out: 0.6006
         Curriculum/polish_joint_vel_l2: -0.0010
    Episode_Reward/joint_tracking_error: -1.6833
              Episode_Reward/not_moving: -0.6059
           Episode_Reward/feet_distance: -0.1824
        Episode_Reward/joint_vel_limits: -0.0005
             Episode_Reward/action_rate: -30.5876
--------------------------------------------------------------------------------
                         Iteration time: 2.25s
                           Time elapsed: 0:00:44
                                    ETA: 0:38:03

################################################################################
[1m                           Learning iteration 19/1000                           [0m 

                               Run name: height_tracking_g1
                            Total steps: 1966080 
                       Steps per second: 43983 
                        Collection time: 2.002s 
                          Learning time: 0.233s 
                        Mean value loss: 2.0618
                    Mean surrogate loss: -0.0097
                      Mean entropy loss: 38.0811
                     Mean symmetry loss: 0.0011
                   Mean l2c2_actor loss: 0.0048
                  Mean l2c2_critic loss: 0.0004
                            Mean reward: -968.68
                    Mean episode length: 468.22
                        Mean action std: 0.90
                    Entropy coefficient: 0.002500
             Episode_Reward/ground_slam: -1.5737
        Episode_Reward/base_height_fine: 1.5904
 Episode_Reward/joint_deviation_l1_arms: -0.0269
           Curriculum/polish_not_moving: -1.0000
               Episode_Reward/flat_feet: -1.9750
           Episode_Reward/ankle_torques: -0.1402
       Episode_Reward/base_height_rough: 1.0571
           Episode_Reward/body_velocity: -1.1730
         Episode_Reward/ground_unloaded: -0.6305
              Episode_Reward/torso_slam: -0.8707
           Episode_Reward/feet_yaw_mean: -0.2036
         Episode_Reward/severely_tilted: 0.0000
              Episode_Reward/torso_roll: -1.2888
              Curriculum/terrain_levels: 0.0000
  Episode_Reward/feet_distance_standing: -0.0143
            Episode_Reward/joint_acc_l2: -0.0855
            Metrics/height/height_error: 0.3827
      Episode_Reward/joint_deviation_l1: -0.0784
     Episode_Reward/completely_airborne: -3.0228
        Curriculum/random_fallen_states: 0.0000
        Episode_Reward/action_rate_rate: -14.2523
              Episode_Reward/feet_slide: -0.6594
          Curriculum/polish_ground_slam: -1.0000
           Curriculum/polish_torso_slam: -5.0000
            Episode_Reward/joint_vel_l2: -0.6013
           Episode_Reward/torso_upright: -0.0032
      Episode_Reward/base_height_medium: 1.1767
           Episode_Reward/forward_pitch: -1.4130
        Episode_Reward/joint_torques_l2: -0.5675
           Episode_Reward/torque_limits: -0.6122
      Episode_Termination/invalid_state: 0.0000
        Episode_Reward/joint_pos_limits: -0.0038
        Episode_Reward/illegal_contacts: -0.2499
              Episode_Reward/relaxation: -4.1390
               Curriculum/adaptive_lift: 0.9933
     Curriculum/polish_action_rate_rate: -0.1500
           Episode_Termination/time_out: 0.6286
         Curriculum/polish_joint_vel_l2: -0.0010
    Episode_Reward/joint_tracking_error: -1.7474
              Episode_Reward/not_moving: -0.5759
           Episode_Reward/feet_distance: -0.1750
        Episode_Reward/joint_vel_limits: -0.0005
             Episode_Reward/action_rate: -32.0198
--------------------------------------------------------------------------------
                         Iteration time: 2.24s
                           Time elapsed: 0:00:46
                                    ETA: 0:37:56

################################################################################
[1m                           Learning iteration 20/1000                           [0m 

                               Run name: height_tracking_g1
                            Total steps: 2064384 
                       Steps per second: 43857 
                        Collection time: 2.008s 
                          Learning time: 0.234s 
                        Mean value loss: 2.0250
                    Mean surrogate loss: -0.0078
                      Mean entropy loss: 37.9357
                     Mean symmetry loss: 0.0011
                   Mean l2c2_actor loss: 0.0050
                  Mean l2c2_critic loss: 0.0003
                            Mean reward: -1016.60
                    Mean episode length: 495.68
                        Mean action std: 0.90
                    Entropy coefficient: 0.002500
             Episode_Reward/ground_slam: -1.5992
        Episode_Reward/base_height_fine: 1.3939
 Episode_Reward/joint_deviation_l1_arms: -0.0199
           Curriculum/polish_not_moving: -1.0000
               Episode_Reward/flat_feet: -2.1034
           Episode_Reward/ankle_torques: -0.1734
       Episode_Reward/base_height_rough: 1.0322
           Episode_Reward/body_velocity: -1.1895
         Episode_Reward/ground_unloaded: -0.6542
              Episode_Reward/torso_slam: -0.8551
           Episode_Reward/feet_yaw_mean: -0.2083
         Episode_Reward/severely_tilted: 0.0000
              Episode_Reward/torso_roll: -1.3822
              Curriculum/terrain_levels: 0.0000
  Episode_Reward/feet_distance_standing: -0.0105
            Episode_Reward/joint_acc_l2: -0.0931
            Metrics/height/height_error: 0.4036
      Episode_Reward/joint_deviation_l1: -0.0588
     Episode_Reward/completely_airborne: -3.1434
        Curriculum/random_fallen_states: 0.0000
        Episode_Reward/action_rate_rate: -14.8601
              Episode_Reward/feet_slide: -0.6902
          Curriculum/polish_ground_slam: -1.0000
           Curriculum/polish_torso_slam: -5.0000
            Episode_Reward/joint_vel_l2: -0.6237
           Episode_Reward/torso_upright: -0.0027
      Episode_Reward/base_height_medium: 1.0511
           Episode_Reward/forward_pitch: -1.4676
        Episode_Reward/joint_torques_l2: -0.6011
           Episode_Reward/torque_limits: -0.6271
      Episode_Termination/invalid_state: 0.0000
        Episode_Reward/joint_pos_limits: -0.0040
        Episode_Reward/illegal_contacts: -0.2530
              Episode_Reward/relaxation: -4.6346
               Curriculum/adaptive_lift: 0.9933
     Curriculum/polish_action_rate_rate: -0.1500
           Episode_Termination/time_out: 0.6579
         Curriculum/polish_joint_vel_l2: -0.0010
    Episode_Reward/joint_tracking_error: -1.8258
              Episode_Reward/not_moving: -0.5392
           Episode_Reward/feet_distance: -0.1900
        Episode_Reward/joint_vel_limits: -0.0005
             Episode_Reward/action_rate: -33.4073
--------------------------------------------------------------------------------
                         Iteration time: 2.24s
                           Time elapsed: 0:00:48
                                    ETA: 0:37:50

################################################################################
[1m                           Learning iteration 21/1000                           [0m 

                               Run name: height_tracking_g1
                            Total steps: 2162688 
                       Steps per second: 43834 
                        Collection time: 2.010s 
                          Learning time: 0.232s 
                        Mean value loss: 1.9727
                    Mean surrogate loss: -0.0097
                      Mean entropy loss: 37.8342
                     Mean symmetry loss: 0.0012
                   Mean l2c2_actor loss: 0.0053
                  Mean l2c2_critic loss: 0.0003
                            Mean reward: -1067.31
                    Mean episode length: 517.58
                        Mean action std: 0.89
                    Entropy coefficient: 0.002500
             Episode_Reward/ground_slam: -1.6985
        Episode_Reward/base_height_fine: 1.3415
 Episode_Reward/joint_deviation_l1_arms: -0.0244
           Curriculum/polish_not_moving: -1.0000
               Episode_Reward/flat_feet: -2.2167
           Episode_Reward/ankle_torques: -0.1623
       Episode_Reward/base_height_rough: 1.0629
           Episode_Reward/body_velocity: -1.2373
         Episode_Reward/ground_unloaded: -0.6516
              Episode_Reward/torso_slam: -0.9304
           Episode_Reward/feet_yaw_mean: -0.2211
         Episode_Reward/severely_tilted: -0.0001
              Episode_Reward/torso_roll: -1.3962
              Curriculum/terrain_levels: 0.0000
  Episode_Reward/feet_distance_standing: -0.0181
            Episode_Reward/joint_acc_l2: -0.0905
            Metrics/height/height_error: nan
      Episode_Reward/joint_deviation_l1: -0.0753
     Episode_Reward/completely_airborne: -3.2431
        Curriculum/random_fallen_states: 0.0000
        Episode_Reward/action_rate_rate: -15.4761
              Episode_Reward/feet_slide: -0.7201
          Curriculum/polish_ground_slam: -1.0000
           Curriculum/polish_torso_slam: -5.0000
            Episode_Reward/joint_vel_l2: -0.6574
           Episode_Reward/torso_upright: -0.0032
      Episode_Reward/base_height_medium: 1.0494
           Episode_Reward/forward_pitch: -1.5200
        Episode_Reward/joint_torques_l2: -0.6099
           Episode_Reward/torque_limits: -0.6491
      Episode_Termination/invalid_state: 0.0000
        Episode_Reward/joint_pos_limits: -0.0042
        Episode_Reward/illegal_contacts: -0.2669
              Episode_Reward/relaxation: -5.1675
               Curriculum/adaptive_lift: 0.9933
     Curriculum/polish_action_rate_rate: -0.1500
           Episode_Termination/time_out: 0.6896
         Curriculum/polish_joint_vel_l2: -0.0010
    Episode_Reward/joint_tracking_error: -1.8851
              Episode_Reward/not_moving: -0.5270
           Episode_Reward/feet_distance: -0.2003
        Episode_Reward/joint_vel_limits: -0.0006
             Episode_Reward/action_rate: -34.7939
--------------------------------------------------------------------------------
                         Iteration time: 2.24s
                           Time elapsed: 0:00:50
                                    ETA: 0:37:44

################################################################################
[1m                           Learning iteration 22/1000                           [0m 

                               Run name: height_tracking_g1
                            Total steps: 2260992 
                       Steps per second: 43929 
                        Collection time: 2.005s 
                          Learning time: 0.232s 
                        Mean value loss: 1.9087
                    Mean surrogate loss: -0.0070
                      Mean entropy loss: 37.6774
                     Mean symmetry loss: 0.0012
                   Mean l2c2_actor loss: 0.0055
                  Mean l2c2_critic loss: 0.0002
                            Mean reward: -1093.26
                    Mean episode length: 543.68
                        Mean action std: 0.89
                    Entropy coefficient: 0.002500
             Episode_Reward/ground_slam: -1.7928
        Episode_Reward/base_height_fine: 1.7400
 Episode_Reward/joint_deviation_l1_arms: -0.0252
           Curriculum/polish_not_moving: -1.0000
               Episode_Reward/flat_feet: -2.2907
           Episode_Reward/ankle_torques: -0.1875
       Episode_Reward/base_height_rough: 1.2090
           Episode_Reward/body_velocity: -1.3020
         Episode_Reward/ground_unloaded: -0.7502
              Episode_Reward/torso_slam: -0.9385
           Episode_Reward/feet_yaw_mean: -0.2313
         Episode_Reward/severely_tilted: -0.0000
              Episode_Reward/torso_roll: -1.5102
              Curriculum/terrain_levels: 0.0000
  Episode_Reward/feet_distance_standing: -0.0091
            Episode_Reward/joint_acc_l2: -0.1106
            Metrics/height/height_error: 0.4185
      Episode_Reward/joint_deviation_l1: -0.0737
     Episode_Reward/completely_airborne: -3.2095
        Curriculum/random_fallen_states: 0.0000
        Episode_Reward/action_rate_rate: -16.1007
              Episode_Reward/feet_slide: -0.7705
          Curriculum/polish_ground_slam: -1.0000
           Curriculum/polish_torso_slam: -5.0000
            Episode_Reward/joint_vel_l2: -0.6783
           Episode_Reward/torso_upright: -0.0036
      Episode_Reward/base_height_medium: 1.3034
           Episode_Reward/forward_pitch: -1.8294
        Episode_Reward/joint_torques_l2: -0.6743
           Episode_Reward/torque_limits: -0.7021
      Episode_Termination/invalid_state: 0.0000
        Episode_Reward/joint_pos_limits: -0.0044
        Episode_Reward/illegal_contacts: -0.3319
              Episode_Reward/relaxation: -4.5407
               Curriculum/adaptive_lift: 0.9933
     Curriculum/polish_action_rate_rate: -0.1500
           Episode_Termination/time_out: 0.7183
         Curriculum/polish_joint_vel_l2: -0.0010
    Episode_Reward/joint_tracking_error: -1.9973
              Episode_Reward/not_moving: -0.6726
           Episode_Reward/feet_distance: -0.2244
        Episode_Reward/joint_vel_limits: -0.0006
             Episode_Reward/action_rate: -36.2268
--------------------------------------------------------------------------------
                         Iteration time: 2.24s
                           Time elapsed: 0:00:53
                                    ETA: 0:37:39

################################################################################
[1m                           Learning iteration 23/1000                           [0m 

                               Run name: height_tracking_g1
                            Total steps: 2359296 
                       Steps per second: 43911 
                        Collection time: 2.006s 
                          Learning time: 0.232s 
                        Mean value loss: 1.8974
                    Mean surrogate loss: -0.0093
                      Mean entropy loss: 37.5815
                     Mean symmetry loss: 0.0012
                   Mean l2c2_actor loss: 0.0056
                  Mean l2c2_critic loss: 0.0003
                            Mean reward: -1154.12
                    Mean episode length: 567.47
                        Mean action std: 0.89
                    Entropy coefficient: 0.002500
             Episode_Reward/ground_slam: -1.8539
        Episode_Reward/base_height_fine: 1.9494
 Episode_Reward/joint_deviation_l1_arms: -0.0267
           Curriculum/polish_not_moving: -1.0000
               Episode_Reward/flat_feet: -2.3686
           Episode_Reward/ankle_torques: -0.1645
       Episode_Reward/base_height_rough: 1.2732
           Episode_Reward/body_velocity: -1.3596
         Episode_Reward/ground_unloaded: -0.7312
              Episode_Reward/torso_slam: -0.9660
           Episode_Reward/feet_yaw_mean: -0.2334
         Episode_Reward/severely_tilted: -0.0002
              Episode_Reward/torso_roll: -1.6341
              Curriculum/terrain_levels: 0.0000
  Episode_Reward/feet_distance_standing: -0.0154
            Episode_Reward/joint_acc_l2: -0.1052
            Metrics/height/height_error: 0.3711
      Episode_Reward/joint_deviation_l1: -0.0786
     Episode_Reward/completely_airborne: -3.3308
        Curriculum/random_fallen_states: 0.0000
        Episode_Reward/action_rate_rate: -16.7269
              Episode_Reward/feet_slide: -0.7951
          Curriculum/polish_ground_slam: -1.0000
           Curriculum/polish_torso_slam: -5.0000
            Episode_Reward/joint_vel_l2: -0.7057
           Episode_Reward/torso_upright: -0.0028
      Episode_Reward/base_height_medium: 1.4133
           Episode_Reward/forward_pitch: -1.7976
        Episode_Reward/joint_torques_l2: -0.6777
           Episode_Reward/torque_limits: -0.7396
      Episode_Termination/invalid_state: 0.0000
        Episode_Reward/joint_pos_limits: -0.0044
        Episode_Reward/illegal_contacts: -0.3303
              Episode_Reward/relaxation: -5.2784
               Curriculum/adaptive_lift: 0.9933
     Curriculum/polish_action_rate_rate: -0.1500
           Episode_Termination/time_out: 0.7529
         Curriculum/polish_joint_vel_l2: -0.0010
    Episode_Reward/joint_tracking_error: -2.0802
              Episode_Reward/not_moving: -0.8070
           Episode_Reward/feet_distance: -0.2299
        Episode_Reward/joint_vel_limits: -0.0006
             Episode_Reward/action_rate: -37.6526
--------------------------------------------------------------------------------
                         Iteration time: 2.24s
                           Time elapsed: 0:00:55
                                    ETA: 0:37:33

################################################################################
[1m                           Learning iteration 24/1000                           [0m 

                               Run name: height_tracking_g1
                            Total steps: 2457600 
                       Steps per second: 43672 
                        Collection time: 2.019s 
                          Learning time: 0.232s 
                        Mean value loss: 1.8019
                    Mean surrogate loss: -0.0086
                      Mean entropy loss: 37.4807
                     Mean symmetry loss: 0.0012
                   Mean l2c2_actor loss: 0.0058
                  Mean l2c2_critic loss: 0.0004
                            Mean reward: -1202.72
                    Mean episode length: 591.08
                        Mean action std: 0.88
                    Entropy coefficient: 0.002500
             Episode_Reward/ground_slam: -1.8919
        Episode_Reward/base_height_fine: 1.8011
 Episode_Reward/joint_deviation_l1_arms: -0.0269
           Curriculum/polish_not_moving: -1.0000
               Episode_Reward/flat_feet: -2.5373
           Episode_Reward/ankle_torques: -0.1627
       Episode_Reward/base_height_rough: 1.2740
           Episode_Reward/body_velocity: -1.3797
         Episode_Reward/ground_unloaded: -0.7287
              Episode_Reward/torso_slam: -0.9941
           Episode_Reward/feet_yaw_mean: -0.2412
         Episode_Reward/severely_tilted: -0.0004
              Episode_Reward/torso_roll: -1.6056
              Curriculum/terrain_levels: 0.0000
  Episode_Reward/feet_distance_standing: -0.0112
            Episode_Reward/joint_acc_l2: -0.1015
            Metrics/height/height_error: nan
      Episode_Reward/joint_deviation_l1: -0.0800
     Episode_Reward/completely_airborne: -3.7889
        Curriculum/random_fallen_states: 0.0000
        Episode_Reward/action_rate_rate: -17.3315
              Episode_Reward/feet_slide: -0.8158
          Curriculum/polish_ground_slam: -1.0000
           Curriculum/polish_torso_slam: -5.0000
            Episode_Reward/joint_vel_l2: -0.7381
           Episode_Reward/torso_upright: -0.0039
      Episode_Reward/base_height_medium: 1.3614
           Episode_Reward/forward_pitch: -1.6550
        Episode_Reward/joint_torques_l2: -0.6899
           Episode_Reward/torque_limits: -0.7320
      Episode_Termination/invalid_state: 0.0000
        Episode_Reward/joint_pos_limits: -0.0045
        Episode_Reward/illegal_contacts: -0.2933
              Episode_Reward/relaxation: -5.9204
               Curriculum/adaptive_lift: 0.9933
     Curriculum/polish_action_rate_rate: -0.1500
           Episode_Termination/time_out: 0.7845
         Curriculum/polish_joint_vel_l2: -0.0010
    Episode_Reward/joint_tracking_error: -2.1260
              Episode_Reward/not_moving: -0.7103
           Episode_Reward/feet_distance: -0.2228
        Episode_Reward/joint_vel_limits: -0.0006
             Episode_Reward/action_rate: -39.0050
--------------------------------------------------------------------------------
                         Iteration time: 2.25s
                           Time elapsed: 0:00:57
                                    ETA: 0:37:29

################################################################################
[1m                           Learning iteration 25/1000                           [0m 

                               Run name: height_tracking_g1
                            Total steps: 2555904 
                       Steps per second: 43913 
                        Collection time: 2.006s 
                          Learning time: 0.232s 
                        Mean value loss: 1.7447
                    Mean surrogate loss: -0.0088
                      Mean entropy loss: 37.3637
                     Mean symmetry loss: 0.0013
                   Mean l2c2_actor loss: 0.0060
                  Mean l2c2_critic loss: 0.0003
                            Mean reward: -1246.88
                    Mean episode length: 615.62
                        Mean action std: 0.88
                    Entropy coefficient: 0.002500
             Episode_Reward/ground_slam: -1.9758
        Episode_Reward/base_height_fine: 1.8252
 Episode_Reward/joint_deviation_l1_arms: -0.0285
           Curriculum/polish_not_moving: -1.0000
               Episode_Reward/flat_feet: -2.6239
           Episode_Reward/ankle_torques: -0.1833
       Episode_Reward/base_height_rough: 1.2729
           Episode_Reward/body_velocity: -1.4747
         Episode_Reward/ground_unloaded: -0.7430
              Episode_Reward/torso_slam: -1.1098
           Episode_Reward/feet_yaw_mean: -0.2539
         Episode_Reward/severely_tilted: -0.0006
              Episode_Reward/torso_roll: -1.6910
              Curriculum/terrain_levels: 0.0000
  Episode_Reward/feet_distance_standing: -0.0131
            Episode_Reward/joint_acc_l2: -0.1073
            Metrics/height/height_error: 0.4056
      Episode_Reward/joint_deviation_l1: -0.0842
     Episode_Reward/completely_airborne: -3.9361
        Curriculum/random_fallen_states: 0.0000
        Episode_Reward/action_rate_rate: -17.9509
              Episode_Reward/feet_slide: -0.8395
          Curriculum/polish_ground_slam: -1.0000
           Curriculum/polish_torso_slam: -5.0000
            Episode_Reward/joint_vel_l2: -0.7692
           Episode_Reward/torso_upright: -0.0046
      Episode_Reward/base_height_medium: 1.3484
           Episode_Reward/forward_pitch: -1.7348
        Episode_Reward/joint_torques_l2: -0.7165
           Episode_Reward/torque_limits: -0.7824
      Episode_Termination/invalid_state: 0.0000
        Episode_Reward/joint_pos_limits: -0.0048
        Episode_Reward/illegal_contacts: -0.3070
              Episode_Reward/relaxation: -6.4179
               Curriculum/adaptive_lift: 0.9933
     Curriculum/polish_action_rate_rate: -0.1500
           Episode_Termination/time_out: 0.8158
         Curriculum/polish_joint_vel_l2: -0.0010
    Episode_Reward/joint_tracking_error: -2.2029
              Episode_Reward/not_moving: -0.6951
           Episode_Reward/feet_distance: -0.2218
        Episode_Reward/joint_vel_limits: -0.0006
             Episode_Reward/action_rate: -40.4273
--------------------------------------------------------------------------------
                         Iteration time: 2.24s
                           Time elapsed: 0:00:59
                                    ETA: 0:37:24

################################################################################
[1m                           Learning iteration 26/1000                           [0m 

                               Run name: height_tracking_g1
                            Total steps: 2654208 
                       Steps per second: 43809 
                        Collection time: 2.010s 
                          Learning time: 0.234s 
                        Mean value loss: 1.7272
                    Mean surrogate loss: -0.0089
                      Mean entropy loss: 37.2530
                     Mean symmetry loss: 0.0012
                   Mean l2c2_actor loss: 0.0060
                  Mean l2c2_critic loss: 0.0003
                            Mean reward: -1267.84
                    Mean episode length: 639.62
                        Mean action std: 0.88
                    Entropy coefficient: 0.002500
             Episode_Reward/ground_slam: -2.0122
        Episode_Reward/base_height_fine: 1.9708
 Episode_Reward/joint_deviation_l1_arms: -0.0256
           Curriculum/polish_not_moving: -1.0000
               Episode_Reward/flat_feet: -2.6977
           Episode_Reward/ankle_torques: -0.2064
       Episode_Reward/base_height_rough: 1.3601
           Episode_Reward/body_velocity: -1.4867
         Episode_Reward/ground_unloaded: -0.8393
              Episode_Reward/torso_slam: -1.1133
           Episode_Reward/feet_yaw_mean: -0.2575
         Episode_Reward/severely_tilted: -0.0003
              Episode_Reward/torso_roll: -1.8727
              Curriculum/terrain_levels: 0.0000
  Episode_Reward/feet_distance_standing: -0.0133
            Episode_Reward/joint_acc_l2: -0.1034
            Metrics/height/height_error: 0.3970
      Episode_Reward/joint_deviation_l1: -0.0761
     Episode_Reward/completely_airborne: -3.8720
        Curriculum/random_fallen_states: 0.0000
        Episode_Reward/action_rate_rate: -18.4913
              Episode_Reward/feet_slide: -0.8689
          Curriculum/polish_ground_slam: -1.0000
           Curriculum/polish_torso_slam: -5.0000
            Episode_Reward/joint_vel_l2: -0.7835
           Episode_Reward/torso_upright: -0.0028
      Episode_Reward/base_height_medium: 1.4552
           Episode_Reward/forward_pitch: -1.8072
        Episode_Reward/joint_torques_l2: -0.7267
           Episode_Reward/torque_limits: -0.7681
      Episode_Termination/invalid_state: 0.0000
        Episode_Reward/joint_pos_limits: -0.0050
        Episode_Reward/illegal_contacts: -0.3403
              Episode_Reward/relaxation: -5.6273
               Curriculum/adaptive_lift: 0.9933
     Curriculum/polish_action_rate_rate: -0.1500
           Episode_Termination/time_out: 0.8467
         Curriculum/polish_joint_vel_l2: -0.0010
    Episode_Reward/joint_tracking_error: -2.2799
              Episode_Reward/not_moving: -0.7306
           Episode_Reward/feet_distance: -0.2503
        Episode_Reward/joint_vel_limits: -0.0006
             Episode_Reward/action_rate: -41.6645
--------------------------------------------------------------------------------
                         Iteration time: 2.24s
                           Time elapsed: 0:01:02
                                    ETA: 0:37:19

################################################################################
[1m                           Learning iteration 27/1000                           [0m 

                               Run name: height_tracking_g1
                            Total steps: 2752512 
                       Steps per second: 43865 
                        Collection time: 2.008s 
                          Learning time: 0.233s 
                        Mean value loss: 1.6729
                    Mean surrogate loss: -0.0093
                      Mean entropy loss: 37.1412
                     Mean symmetry loss: 0.0013
                   Mean l2c2_actor loss: 0.0061
                  Mean l2c2_critic loss: 0.0004
                            Mean reward: -1320.22
                    Mean episode length: 665.46
                        Mean action std: 0.87
                    Entropy coefficient: 0.002500
             Episode_Reward/ground_slam: -2.0710
        Episode_Reward/base_height_fine: 2.0137
 Episode_Reward/joint_deviation_l1_arms: -0.0285
           Curriculum/polish_not_moving: -1.0000
               Episode_Reward/flat_feet: -2.8187
           Episode_Reward/ankle_torques: -0.2006
       Episode_Reward/base_height_rough: 1.4611
           Episode_Reward/body_velocity: -1.5632
         Episode_Reward/ground_unloaded: -0.8795
              Episode_Reward/torso_slam: -1.0988
           Episode_Reward/feet_yaw_mean: -0.2725
         Episode_Reward/severely_tilted: -0.0005
              Episode_Reward/torso_roll: -1.8852
              Curriculum/terrain_levels: 0.0000
  Episode_Reward/feet_distance_standing: -0.0100
            Episode_Reward/joint_acc_l2: -0.1225
            Metrics/height/height_error: 0.4240
      Episode_Reward/joint_deviation_l1: -0.0849
     Episode_Reward/completely_airborne: -4.1904
        Curriculum/random_fallen_states: 0.0000
        Episode_Reward/action_rate_rate: -19.0914
              Episode_Reward/feet_slide: -0.8959
          Curriculum/polish_ground_slam: -1.0000
           Curriculum/polish_torso_slam: -5.0000
            Episode_Reward/joint_vel_l2: -0.8102
           Episode_Reward/torso_upright: -0.0031
      Episode_Reward/base_height_medium: 1.5510
           Episode_Reward/forward_pitch: -1.8007
        Episode_Reward/joint_torques_l2: -0.7916
           Episode_Reward/torque_limits: -0.8300
      Episode_Termination/invalid_state: 0.0000
        Episode_Reward/joint_pos_limits: -0.0052
        Episode_Reward/illegal_contacts: -0.3360
              Episode_Reward/relaxation: -6.0920
               Curriculum/adaptive_lift: 0.9933
     Curriculum/polish_action_rate_rate: -0.1500
           Episode_Termination/time_out: 0.8825
         Curriculum/polish_joint_vel_l2: -0.0010
    Episode_Reward/joint_tracking_error: -2.3703
              Episode_Reward/not_moving: -0.6950
           Episode_Reward/feet_distance: -0.2637
        Episode_Reward/joint_vel_limits: -0.0006
             Episode_Reward/action_rate: -43.0236
--------------------------------------------------------------------------------
                         Iteration time: 2.24s
                           Time elapsed: 0:01:04
                                    ETA: 0:37:15

################################################################################
[1m                           Learning iteration 28/1000                           [0m 

                               Run name: height_tracking_g1
                            Total steps: 2850816 
                       Steps per second: 43817 
                        Collection time: 2.010s 
                          Learning time: 0.233s 
                        Mean value loss: 1.6604
                    Mean surrogate loss: -0.0087
                      Mean entropy loss: 37.0377
                     Mean symmetry loss: 0.0012
                   Mean l2c2_actor loss: 0.0062
                  Mean l2c2_critic loss: 0.0003
                            Mean reward: -1343.61
                    Mean episode length: 684.68
                        Mean action std: 0.87
                    Entropy coefficient: 0.002500
             Episode_Reward/ground_slam: -2.1535
        Episode_Reward/base_height_fine: 2.0143
 Episode_Reward/joint_deviation_l1_arms: -0.0241
           Curriculum/polish_not_moving: -1.0000
               Episode_Reward/flat_feet: -2.9225
           Episode_Reward/ankle_torques: -0.2304
       Episode_Reward/base_height_rough: 1.4932
           Episode_Reward/body_velocity: -1.6164
         Episode_Reward/ground_unloaded: -0.9470
              Episode_Reward/torso_slam: -1.1729
           Episode_Reward/feet_yaw_mean: -0.2837
         Episode_Reward/severely_tilted: -0.0001
              Episode_Reward/torso_roll: -2.0090
              Curriculum/terrain_levels: 0.0000
  Episode_Reward/feet_distance_standing: -0.0068
            Episode_Reward/joint_acc_l2: -0.1365
            Metrics/height/height_error: 0.4064
      Episode_Reward/joint_deviation_l1: -0.0706
     Episode_Reward/completely_airborne: -4.2277
        Curriculum/random_fallen_states: 0.0000
        Episode_Reward/action_rate_rate: -19.6493
              Episode_Reward/feet_slide: -0.9235
          Curriculum/polish_ground_slam: -1.0000
           Curriculum/polish_torso_slam: -5.0000
            Episode_Reward/joint_vel_l2: -0.8384
           Episode_Reward/torso_upright: -0.0021
      Episode_Reward/base_height_medium: 1.5647
           Episode_Reward/forward_pitch: -1.8091
        Episode_Reward/joint_torques_l2: -0.8410
           Episode_Reward/torque_limits: -0.8643
      Episode_Termination/invalid_state: 0.0000
        Episode_Reward/joint_pos_limits: -0.0054
        Episode_Reward/illegal_contacts: -0.3452
              Episode_Reward/relaxation: -5.7638
               Curriculum/adaptive_lift: 0.9933
     Curriculum/polish_action_rate_rate: -0.1500
           Episode_Termination/time_out: 0.9161
         Curriculum/polish_joint_vel_l2: -0.0010
    Episode_Reward/joint_tracking_error: -2.4925
              Episode_Reward/not_moving: -0.6894
           Episode_Reward/feet_distance: -0.2551
        Episode_Reward/joint_vel_limits: -0.0006
             Episode_Reward/action_rate: -44.3098
--------------------------------------------------------------------------------
                         Iteration time: 2.24s
                           Time elapsed: 0:01:06
                                    ETA: 0:37:11

################################################################################
[1m                           Learning iteration 29/1000                           [0m 

                               Run name: height_tracking_g1
                            Total steps: 2949120 
                       Steps per second: 43832 
                        Collection time: 2.010s 
                          Learning time: 0.233s 
                        Mean value loss: 1.5603
                    Mean surrogate loss: -0.0086
                      Mean entropy loss: 36.9294
                     Mean symmetry loss: 0.0013
                   Mean l2c2_actor loss: 0.0063
                  Mean l2c2_critic loss: 0.0005
                            Mean reward: -1393.42
                    Mean episode length: 713.30
                        Mean action std: 0.87
                    Entropy coefficient: 0.002500
             Episode_Reward/ground_slam: -2.2994
        Episode_Reward/base_height_fine: 2.0832
 Episode_Reward/joint_deviation_l1_arms: -0.0248
           Curriculum/polish_not_moving: -1.0000
               Episode_Reward/flat_feet: -3.0617
           Episode_Reward/ankle_torques: -0.2358
       Episode_Reward/base_height_rough: 1.5603
           Episode_Reward/body_velocity: -1.6350
         Episode_Reward/ground_unloaded: -0.9272
              Episode_Reward/torso_slam: -1.2303
           Episode_Reward/feet_yaw_mean: -0.2872
         Episode_Reward/severely_tilted: -0.0003
              Episode_Reward/torso_roll: -1.9696
              Curriculum/terrain_levels: 0.0000
  Episode_Reward/feet_distance_standing: -0.0037
            Episode_Reward/joint_acc_l2: -0.1297
            Metrics/height/height_error: 0.4199
      Episode_Reward/joint_deviation_l1: -0.0709
     Episode_Reward/completely_airborne: -4.3487
        Curriculum/random_fallen_states: 0.0000
        Episode_Reward/action_rate_rate: -20.2174
              Episode_Reward/feet_slide: -0.9949
          Curriculum/polish_ground_slam: -1.0000
           Curriculum/polish_torso_slam: -5.0000
            Episode_Reward/joint_vel_l2: -0.8741
           Episode_Reward/torso_upright: -0.0019
      Episode_Reward/base_height_medium: 1.6228
           Episode_Reward/forward_pitch: -2.0400
        Episode_Reward/joint_torques_l2: -0.8268
           Episode_Reward/torque_limits: -0.8696
      Episode_Termination/invalid_state: 0.0000
        Episode_Reward/joint_pos_limits: -0.0055
        Episode_Reward/illegal_contacts: -0.3647
              Episode_Reward/relaxation: -6.6069
               Curriculum/adaptive_lift: 0.9933
     Curriculum/polish_action_rate_rate: -0.1500
           Episode_Termination/time_out: 0.9442
         Curriculum/polish_joint_vel_l2: -0.0010
    Episode_Reward/joint_tracking_error: -2.5057
              Episode_Reward/not_moving: -0.7876
           Episode_Reward/feet_distance: -0.2679
        Episode_Reward/joint_vel_limits: -0.0007
             Episode_Reward/action_rate: -45.5744
--------------------------------------------------------------------------------
                         Iteration time: 2.24s
                           Time elapsed: 0:01:08
                                    ETA: 0:37:07

################################################################################
[1m                           Learning iteration 30/1000                           [0m 

                               Run name: height_tracking_g1
                            Total steps: 3047424 
                       Steps per second: 43767 
                        Collection time: 2.014s 
                          Learning time: 0.232s 
                        Mean value loss: 1.5543
                    Mean surrogate loss: -0.0089
                      Mean entropy loss: 36.8087
                     Mean symmetry loss: 0.0012
                   Mean l2c2_actor loss: 0.0065
                  Mean l2c2_critic loss: 0.0003
                            Mean reward: -1432.66
                    Mean episode length: 734.24
                        Mean action std: 0.86
                    Entropy coefficient: 0.002500
             Episode_Reward/ground_slam: -2.3380
        Episode_Reward/base_height_fine: 2.2058
 Episode_Reward/joint_deviation_l1_arms: -0.0289
           Curriculum/polish_not_moving: -1.0000
               Episode_Reward/flat_feet: -3.1564
           Episode_Reward/ankle_torques: -0.2248
       Episode_Reward/base_height_rough: 1.5589
           Episode_Reward/body_velocity: -1.6725
         Episode_Reward/ground_unloaded: -0.9320
              Episode_Reward/torso_slam: -1.2326
           Episode_Reward/feet_yaw_mean: -0.2957
         Episode_Reward/severely_tilted: -0.0002
              Episode_Reward/torso_roll: -2.0103
              Curriculum/terrain_levels: 0.0000
  Episode_Reward/feet_distance_standing: -0.0018
            Episode_Reward/joint_acc_l2: -0.1191
            Metrics/height/height_error: 0.4104
      Episode_Reward/joint_deviation_l1: -0.0871
     Episode_Reward/completely_airborne: -4.4365
        Curriculum/random_fallen_states: 0.0000
        Episode_Reward/action_rate_rate: -20.7816
              Episode_Reward/feet_slide: -1.0222
          Curriculum/polish_ground_slam: -1.0000
           Curriculum/polish_torso_slam: -5.0000
            Episode_Reward/joint_vel_l2: -0.9048
           Episode_Reward/torso_upright: -0.0044
      Episode_Reward/base_height_medium: 1.6478
           Episode_Reward/forward_pitch: -2.2307
        Episode_Reward/joint_torques_l2: -0.8250
           Episode_Reward/torque_limits: -0.8623
      Episode_Termination/invalid_state: 0.0000
        Episode_Reward/joint_pos_limits: -0.0056
        Episode_Reward/illegal_contacts: -0.3967
              Episode_Reward/relaxation: -6.9017
               Curriculum/adaptive_lift: 0.9933
     Curriculum/polish_action_rate_rate: -0.1500
           Episode_Termination/time_out: 0.9799
         Curriculum/polish_joint_vel_l2: -0.0010
    Episode_Reward/joint_tracking_error: -2.5675
              Episode_Reward/not_moving: -0.8420
           Episode_Reward/feet_distance: -0.2682
        Episode_Reward/joint_vel_limits: -0.0007
             Episode_Reward/action_rate: -46.8716
--------------------------------------------------------------------------------
                         Iteration time: 2.25s
                           Time elapsed: 0:01:11
                                    ETA: 0:37:03

################################################################################
[1m                           Learning iteration 31/1000                           [0m 

                               Run name: height_tracking_g1
                            Total steps: 3145728 
                       Steps per second: 43706 
                        Collection time: 2.016s 
                          Learning time: 0.233s 
                        Mean value loss: 1.4589
                    Mean surrogate loss: -0.0085
                      Mean entropy loss: 36.7090
                     Mean symmetry loss: 0.0013
                   Mean l2c2_actor loss: 0.0066
                  Mean l2c2_critic loss: 0.0003
                            Mean reward: -1453.24
                    Mean episode length: 750.00
                        Mean action std: 0.86
                    Entropy coefficient: 0.002500
             Episode_Reward/ground_slam: -2.3178
        Episode_Reward/base_height_fine: 2.3489
 Episode_Reward/joint_deviation_l1_arms: -0.0170
           Curriculum/polish_not_moving: -1.0000
               Episode_Reward/flat_feet: -3.3239
           Episode_Reward/ankle_torques: -0.2375
       Episode_Reward/base_height_rough: 1.6652
           Episode_Reward/body_velocity: -1.8014
         Episode_Reward/ground_unloaded: -1.0269
              Episode_Reward/torso_slam: -1.3152
           Episode_Reward/feet_yaw_mean: -0.3120
         Episode_Reward/severely_tilted: -0.0101
              Episode_Reward/torso_roll: -2.0838
              Curriculum/terrain_levels: 0.0000
  Episode_Reward/feet_distance_standing: -0.0002
            Episode_Reward/joint_acc_l2: -0.1385
            Metrics/height/height_error: nan
      Episode_Reward/joint_deviation_l1: -0.0404
     Episode_Reward/completely_airborne: -4.9735
        Curriculum/random_fallen_states: 0.0000
        Episode_Reward/action_rate_rate: -21.0618
              Episode_Reward/feet_slide: -1.0045
          Curriculum/polish_ground_slam: -1.0000
           Curriculum/polish_torso_slam: -5.0000
            Episode_Reward/joint_vel_l2: -0.9114
           Episode_Reward/torso_upright: -0.0007
      Episode_Reward/base_height_medium: 1.7774
           Episode_Reward/forward_pitch: -2.0504
        Episode_Reward/joint_torques_l2: -0.8781
           Episode_Reward/torque_limits: -0.8953
      Episode_Termination/invalid_state: 0.0000
        Episode_Reward/joint_pos_limits: -0.0059
        Episode_Reward/illegal_contacts: -0.3815
              Episode_Reward/relaxation: -6.4082
               Curriculum/adaptive_lift: 0.9933
     Curriculum/polish_action_rate_rate: -0.1500
           Episode_Termination/time_out: 0.9993
         Curriculum/polish_joint_vel_l2: -0.0010
    Episode_Reward/joint_tracking_error: -2.6409
              Episode_Reward/not_moving: -0.8873
           Episode_Reward/feet_distance: -0.2648
        Episode_Reward/joint_vel_limits: -0.0007
             Episode_Reward/action_rate: -47.5492
--------------------------------------------------------------------------------
                         Iteration time: 2.25s
                           Time elapsed: 0:01:13
                                    ETA: 0:36:59

################################################################################
[1m                           Learning iteration 32/1000                           [0m 

                               Run name: height_tracking_g1
                            Total steps: 3244032 
                       Steps per second: 43853 
                        Collection time: 2.009s 
                          Learning time: 0.233s 
                        Mean value loss: 1.4493
                    Mean surrogate loss: -0.0090
                      Mean entropy loss: 36.6060
                     Mean symmetry loss: 0.0013
                   Mean l2c2_actor loss: 0.0066
                  Mean l2c2_critic loss: 0.0003
                            Mean reward: -1439.68
                    Mean episode length: 750.00
                        Mean action std: 0.86
                    Entropy coefficient: 0.002500
             Episode_Reward/ground_slam: -2.3747
        Episode_Reward/base_height_fine: 2.3326
 Episode_Reward/joint_deviation_l1_arms: -0.0213
           Curriculum/polish_not_moving: -1.0000
               Episode_Reward/flat_feet: -3.2130
           Episode_Reward/ankle_torques: -0.2266
       Episode_Reward/base_height_rough: 1.6276
           Episode_Reward/body_velocity: -1.8533
         Episode_Reward/ground_unloaded: -1.0338
              Episode_Reward/torso_slam: -1.2846
           Episode_Reward/feet_yaw_mean: -0.3080
         Episode_Reward/severely_tilted: -0.0113
              Episode_Reward/torso_roll: -2.2200
              Curriculum/terrain_levels: 0.0000
  Episode_Reward/feet_distance_standing: -0.0002
            Episode_Reward/joint_acc_l2: -0.1450
            Metrics/height/height_error: 0.4455
      Episode_Reward/joint_deviation_l1: -0.0451
     Episode_Reward/completely_airborne: -4.3997
        Curriculum/random_fallen_states: 0.0000
        Episode_Reward/action_rate_rate: -20.8809
              Episode_Reward/feet_slide: -1.0316
          Curriculum/polish_ground_slam: -1.0000
           Curriculum/polish_torso_slam: -5.0000
            Episode_Reward/joint_vel_l2: -0.8875
           Episode_Reward/torso_upright: -0.0002
      Episode_Reward/base_height_medium: 1.7246
           Episode_Reward/forward_pitch: -2.3830
        Episode_Reward/joint_torques_l2: -0.9057
           Episode_Reward/torque_limits: -0.9173
      Episode_Termination/invalid_state: 0.0000
        Episode_Reward/joint_pos_limits: -0.0059
        Episode_Reward/illegal_contacts: -0.4362
              Episode_Reward/relaxation: -6.4906
               Curriculum/adaptive_lift: 0.9933
     Curriculum/polish_action_rate_rate: -0.1500
           Episode_Termination/time_out: 1.0000
         Curriculum/polish_joint_vel_l2: -0.0010
    Episode_Reward/joint_tracking_error: -2.6102
              Episode_Reward/not_moving: -0.9501
           Episode_Reward/feet_distance: -0.2672
        Episode_Reward/joint_vel_limits: -0.0006
             Episode_Reward/action_rate: -47.1471
--------------------------------------------------------------------------------
                         Iteration time: 2.24s
                           Time elapsed: 0:01:15
                                    ETA: 0:36:55

################################################################################
[1m                           Learning iteration 33/1000                           [0m 

                               Run name: height_tracking_g1
                            Total steps: 3342336 
                       Steps per second: 43811 
                        Collection time: 2.011s 
                          Learning time: 0.233s 
                        Mean value loss: 1.3550
                    Mean surrogate loss: -0.0076
                      Mean entropy loss: 36.4831
                     Mean symmetry loss: 0.0014
                   Mean l2c2_actor loss: 0.0068
                  Mean l2c2_critic loss: 0.0004
                            Mean reward: -1434.07
                    Mean episode length: 750.00
                        Mean action std: 0.85
                    Entropy coefficient: 0.002500
             Episode_Reward/ground_slam: -2.3950
        Episode_Reward/base_height_fine: 2.2541
 Episode_Reward/joint_deviation_l1_arms: -0.0232
           Curriculum/polish_not_moving: -1.0000
               Episode_Reward/flat_feet: -3.2657
           Episode_Reward/ankle_torques: -0.2284
       Episode_Reward/base_height_rough: 1.6053
           Episode_Reward/body_velocity: -1.8926
         Episode_Reward/ground_unloaded: -0.9988
              Episode_Reward/torso_slam: -1.3903
           Episode_Reward/feet_yaw_mean: -0.3182
         Episode_Reward/severely_tilted: -0.0155
              Episode_Reward/torso_roll: -2.1519
              Curriculum/terrain_levels: 0.0000
  Episode_Reward/feet_distance_standing: -0.0008
            Episode_Reward/joint_acc_l2: -0.1343
            Metrics/height/height_error: 0.4424
      Episode_Reward/joint_deviation_l1: -0.0484
     Episode_Reward/completely_airborne: -4.8951
        Curriculum/random_fallen_states: 0.0000
        Episode_Reward/action_rate_rate: -20.5763
              Episode_Reward/feet_slide: -1.0148
          Curriculum/polish_ground_slam: -1.0000
           Curriculum/polish_torso_slam: -5.0000
            Episode_Reward/joint_vel_l2: -0.9089
           Episode_Reward/torso_upright: -0.0009
      Episode_Reward/base_height_medium: 1.6857
           Episode_Reward/forward_pitch: -2.1210
        Episode_Reward/joint_torques_l2: -0.8686
           Episode_Reward/torque_limits: -0.8823
      Episode_Termination/invalid_state: 0.0000
        Episode_Reward/joint_pos_limits: -0.0058
        Episode_Reward/illegal_contacts: -0.4018
              Episode_Reward/relaxation: -6.7199
               Curriculum/adaptive_lift: 0.9933
     Curriculum/polish_action_rate_rate: -0.1500
           Episode_Termination/time_out: 1.0000
         Curriculum/polish_joint_vel_l2: -0.0010
    Episode_Reward/joint_tracking_error: -2.5794
              Episode_Reward/not_moving: -0.8784
           Episode_Reward/feet_distance: -0.2518
        Episode_Reward/joint_vel_limits: -0.0007
             Episode_Reward/action_rate: -46.5048
--------------------------------------------------------------------------------
                         Iteration time: 2.24s
                           Time elapsed: 0:01:17
                                    ETA: 0:36:52

################################################################################
[1m                           Learning iteration 34/1000                           [0m 

                               Run name: height_tracking_g1
                            Total steps: 3440640 
                       Steps per second: 43810 
                        Collection time: 2.011s 
                          Learning time: 0.233s 
                        Mean value loss: 1.3338
                    Mean surrogate loss: -0.0079
                      Mean entropy loss: 36.3883
                     Mean symmetry loss: 0.0014
                   Mean l2c2_actor loss: 0.0069
                  Mean l2c2_critic loss: 0.0006
                            Mean reward: -1417.73
                    Mean episode length: 750.00
                        Mean action std: 0.85
                    Entropy coefficient: 0.002500
             Episode_Reward/ground_slam: -2.3866
        Episode_Reward/base_height_fine: 2.7515
 Episode_Reward/joint_deviation_l1_arms: -0.0189
           Curriculum/polish_not_moving: -1.0000
               Episode_Reward/flat_feet: -3.2451
           Episode_Reward/ankle_torques: -0.2284
       Episode_Reward/base_height_rough: 1.7658
           Episode_Reward/body_velocity: -1.8748
         Episode_Reward/ground_unloaded: -1.0704
              Episode_Reward/torso_slam: -1.3705
           Episode_Reward/feet_yaw_mean: -0.3178
         Episode_Reward/severely_tilted: -0.0157
              Episode_Reward/torso_roll: -2.1713
              Curriculum/terrain_levels: 0.0000
  Episode_Reward/feet_distance_standing: -0.0002
            Episode_Reward/joint_acc_l2: -0.1299
            Metrics/height/height_error: nan
      Episode_Reward/joint_deviation_l1: -0.0386
     Episode_Reward/completely_airborne: -4.6941
        Curriculum/random_fallen_states: 0.0000
        Episode_Reward/action_rate_rate: -20.3382
              Episode_Reward/feet_slide: -1.0306
          Curriculum/polish_ground_slam: -1.0000
           Curriculum/polish_torso_slam: -5.0000
            Episode_Reward/joint_vel_l2: -0.9135
           Episode_Reward/torso_upright: -0.0000
      Episode_Reward/base_height_medium: 2.0044
           Episode_Reward/forward_pitch: -2.3951
        Episode_Reward/joint_torques_l2: -0.8563
           Episode_Reward/torque_limits: -0.8911
      Episode_Termination/invalid_state: 0.0000
        Episode_Reward/joint_pos_limits: -0.0059
        Episode_Reward/illegal_contacts: -0.4435
              Episode_Reward/relaxation: -5.8118
               Curriculum/adaptive_lift: 0.9933
     Curriculum/polish_action_rate_rate: -0.1500
           Episode_Termination/time_out: 1.0000
         Curriculum/polish_joint_vel_l2: -0.0010
    Episode_Reward/joint_tracking_error: -2.5752
              Episode_Reward/not_moving: -1.0630
           Episode_Reward/feet_distance: -0.2547
        Episode_Reward/joint_vel_limits: -0.0007
             Episode_Reward/action_rate: -46.0639
--------------------------------------------------------------------------------
                         Iteration time: 2.24s
                           Time elapsed: 0:01:20
                                    ETA: 0:36:48

################################################################################
[1m                           Learning iteration 35/1000                           [0m 

                               Run name: height_tracking_g1
                            Total steps: 3538944 
                       Steps per second: 43774 
                        Collection time: 2.012s 
                          Learning time: 0.234s 
                        Mean value loss: 1.3252
                    Mean surrogate loss: -0.0073
                      Mean entropy loss: 36.2495
                     Mean symmetry loss: 0.0015
                   Mean l2c2_actor loss: 0.0070
                  Mean l2c2_critic loss: 0.0005
                            Mean reward: -1397.99
                    Mean episode length: 750.00
                        Mean action std: 0.85
                    Entropy coefficient: 0.002500
             Episode_Reward/ground_slam: -2.3452
        Episode_Reward/base_height_fine: 2.5043
 Episode_Reward/joint_deviation_l1_arms: -0.0201
           Curriculum/polish_not_moving: -1.0000
               Episode_Reward/flat_feet: -3.2691
           Episode_Reward/ankle_torques: -0.2420
       Episode_Reward/base_height_rough: 1.7165
           Episode_Reward/body_velocity: -1.8102
         Episode_Reward/ground_unloaded: -1.0187
              Episode_Reward/torso_slam: -1.2744
           Episode_Reward/feet_yaw_mean: -0.3094
         Episode_Reward/severely_tilted: -0.0143
              Episode_Reward/torso_roll: -2.1136
              Curriculum/terrain_levels: 0.0000
  Episode_Reward/feet_distance_standing: -0.0003
            Episode_Reward/joint_acc_l2: -0.1254
            Metrics/height/height_error: 0.4282
      Episode_Reward/joint_deviation_l1: -0.0441
     Episode_Reward/completely_airborne: -4.4527
        Curriculum/random_fallen_states: 0.0000
        Episode_Reward/action_rate_rate: -20.1045
              Episode_Reward/feet_slide: -1.0328
          Curriculum/polish_ground_slam: -1.0000
           Curriculum/polish_torso_slam: -5.0000
            Episode_Reward/joint_vel_l2: -0.8906
           Episode_Reward/torso_upright: -0.0007
      Episode_Reward/base_height_medium: 1.8852
           Episode_Reward/forward_pitch: -2.3949
        Episode_Reward/joint_torques_l2: -0.8453
           Episode_Reward/torque_limits: -0.8461
      Episode_Termination/invalid_state: 0.0000
        Episode_Reward/joint_pos_limits: -0.0058
        Episode_Reward/illegal_contacts: -0.4313
              Episode_Reward/relaxation: -6.0715
               Curriculum/adaptive_lift: 0.9933
     Curriculum/polish_action_rate_rate: -0.1500
           Episode_Termination/time_out: 1.0000
         Curriculum/polish_joint_vel_l2: -0.0010
    Episode_Reward/joint_tracking_error: -2.5413
              Episode_Reward/not_moving: -0.9376
           Episode_Reward/feet_distance: -0.2664
        Episode_Reward/joint_vel_limits: -0.0006
             Episode_Reward/action_rate: -45.5107
--------------------------------------------------------------------------------
                         Iteration time: 2.25s
                           Time elapsed: 0:01:22
                                    ETA: 0:36:45

################################################################################
[1m                           Learning iteration 36/1000                           [0m 

                               Run name: height_tracking_g1
                            Total steps: 3637248 
                       Steps per second: 43757 
                        Collection time: 2.014s 
                          Learning time: 0.232s 
                        Mean value loss: 1.2466
                    Mean surrogate loss: -0.0077
                      Mean entropy loss: 36.1552
                     Mean symmetry loss: 0.0014
                   Mean l2c2_actor loss: 0.0071
                  Mean l2c2_critic loss: 0.0007
                            Mean reward: -1386.08
                    Mean episode length: 750.00
                        Mean action std: 0.84
                    Entropy coefficient: 0.002500
             Episode_Reward/ground_slam: -2.3390
        Episode_Reward/base_height_fine: 2.0418
 Episode_Reward/joint_deviation_l1_arms: -0.0191
           Curriculum/polish_not_moving: -1.0000
               Episode_Reward/flat_feet: -3.2430
           Episode_Reward/ankle_torques: -0.2428
       Episode_Reward/base_height_rough: 1.5804
           Episode_Reward/body_velocity: -1.7740
         Episode_Reward/ground_unloaded: -0.9828
              Episode_Reward/torso_slam: -1.3305
           Episode_Reward/feet_yaw_mean: -0.3052
         Episode_Reward/severely_tilted: -0.0153
              Episode_Reward/torso_roll: -2.1577
              Curriculum/terrain_levels: 0.0000
  Episode_Reward/feet_distance_standing: -0.0007
            Episode_Reward/joint_acc_l2: -0.1229
            Metrics/height/height_error: 0.4210
      Episode_Reward/joint_deviation_l1: -0.0377
     Episode_Reward/completely_airborne: -4.3990
        Curriculum/random_fallen_states: 0.0000
        Episode_Reward/action_rate_rate: -19.8369
              Episode_Reward/feet_slide: -1.0277
          Curriculum/polish_ground_slam: -1.0000
           Curriculum/polish_torso_slam: -5.0000
            Episode_Reward/joint_vel_l2: -0.8757
           Episode_Reward/torso_upright: -0.0001
      Episode_Reward/base_height_medium: 1.5946
           Episode_Reward/forward_pitch: -2.3682
        Episode_Reward/joint_torques_l2: -0.8324
           Episode_Reward/torque_limits: -0.8342
      Episode_Termination/invalid_state: 0.0000
        Episode_Reward/joint_pos_limits: -0.0058
        Episode_Reward/illegal_contacts: -0.4346
              Episode_Reward/relaxation: -6.5880
               Curriculum/adaptive_lift: 0.9933
     Curriculum/polish_action_rate_rate: -0.1500
           Episode_Termination/time_out: 1.0000
         Curriculum/polish_joint_vel_l2: -0.0010
    Episode_Reward/joint_tracking_error: -2.4956
              Episode_Reward/not_moving: -0.7261
           Episode_Reward/feet_distance: -0.2673
        Episode_Reward/joint_vel_limits: -0.0006
             Episode_Reward/action_rate: -44.9610
--------------------------------------------------------------------------------
                         Iteration time: 2.25s
                           Time elapsed: 0:01:24
                                    ETA: 0:36:41

################################################################################
[1m                           Learning iteration 37/1000                           [0m 

                               Run name: height_tracking_g1
                            Total steps: 3735552 
                       Steps per second: 43695 
                        Collection time: 2.017s 
                          Learning time: 0.232s 
                        Mean value loss: 1.2273
                    Mean surrogate loss: -0.0064
                      Mean entropy loss: 36.0134
                     Mean symmetry loss: 0.0014
                   Mean l2c2_actor loss: 0.0071
                  Mean l2c2_critic loss: 0.0004
                            Mean reward: -1371.88
                    Mean episode length: 750.00
                        Mean action std: 0.84
                    Entropy coefficient: 0.002500
             Episode_Reward/ground_slam: -2.2607
        Episode_Reward/base_height_fine: 1.8653
 Episode_Reward/joint_deviation_l1_arms: -0.0192
           Curriculum/polish_not_moving: -1.0000
               Episode_Reward/flat_feet: -3.3271
           Episode_Reward/ankle_torques: -0.2092
       Episode_Reward/base_height_rough: 1.5918
           Episode_Reward/body_velocity: -1.7759
         Episode_Reward/ground_unloaded: -0.9997
              Episode_Reward/torso_slam: -1.2081
           Episode_Reward/feet_yaw_mean: -0.3081
         Episode_Reward/severely_tilted: -0.0127
              Episode_Reward/torso_roll: -2.0809
              Curriculum/terrain_levels: 0.0000
  Episode_Reward/feet_distance_standing: -0.0004
            Episode_Reward/joint_acc_l2: -0.1311
            Metrics/height/height_error: nan
      Episode_Reward/joint_deviation_l1: -0.0424
     Episode_Reward/completely_airborne: -4.7636
        Curriculum/random_fallen_states: 0.0000
        Episode_Reward/action_rate_rate: -19.5737
              Episode_Reward/feet_slide: -1.0054
          Curriculum/polish_ground_slam: -1.0000
           Curriculum/polish_torso_slam: -5.0000
            Episode_Reward/joint_vel_l2: -0.8748
           Episode_Reward/torso_upright: -0.0001
      Episode_Reward/base_height_medium: 1.5599
           Episode_Reward/forward_pitch: -1.9991
        Episode_Reward/joint_torques_l2: -0.8457
           Episode_Reward/torque_limits: -0.8396
      Episode_Termination/invalid_state: 0.0000
        Episode_Reward/joint_pos_limits: -0.0057
        Episode_Reward/illegal_contacts: -0.3816
              Episode_Reward/relaxation: -6.4543
               Curriculum/adaptive_lift: 0.9933
     Curriculum/polish_action_rate_rate: -0.1500
           Episode_Termination/time_out: 1.0000
         Curriculum/polish_joint_vel_l2: -0.0010
    Episode_Reward/joint_tracking_error: -2.5032
              Episode_Reward/not_moving: -0.5972
           Episode_Reward/feet_distance: -0.2502
        Episode_Reward/joint_vel_limits: -0.0006
             Episode_Reward/action_rate: -44.3919
--------------------------------------------------------------------------------
                         Iteration time: 2.25s
                           Time elapsed: 0:01:26
                                    ETA: 0:36:38

################################################################################
[1m                           Learning iteration 38/1000                           [0m 

                               Run name: height_tracking_g1
                            Total steps: 3833856 
                       Steps per second: 43842 
                        Collection time: 2.010s 
                          Learning time: 0.233s 
                        Mean value loss: 1.1959
                    Mean surrogate loss: -0.0065
                      Mean entropy loss: 35.9098
                     Mean symmetry loss: 0.0013
                   Mean l2c2_actor loss: 0.0071
                  Mean l2c2_critic loss: 0.0004
                            Mean reward: -1348.94
                    Mean episode length: 750.00
                        Mean action std: 0.83
                    Entropy coefficient: 0.002500
             Episode_Reward/ground_slam: -2.3572
        Episode_Reward/base_height_fine: 2.5269
 Episode_Reward/joint_deviation_l1_arms: -0.0198
           Curriculum/polish_not_moving: -1.0000
               Episode_Reward/flat_feet: -3.2618
           Episode_Reward/ankle_torques: -0.2070
       Episode_Reward/base_height_rough: 1.7258
           Episode_Reward/body_velocity: -1.7803
         Episode_Reward/ground_unloaded: -0.9799
              Episode_Reward/torso_slam: -1.3290
           Episode_Reward/feet_yaw_mean: -0.3156
         Episode_Reward/severely_tilted: -0.0148
              Episode_Reward/torso_roll: -2.1252
              Curriculum/terrain_levels: 0.0000
  Episode_Reward/feet_distance_standing: -0.0003
            Episode_Reward/joint_acc_l2: -0.1073
            Metrics/height/height_error: nan
      Episode_Reward/joint_deviation_l1: -0.0458
     Episode_Reward/completely_airborne: -4.2504
        Curriculum/random_fallen_states: 0.0000
        Episode_Reward/action_rate_rate: -19.3373
              Episode_Reward/feet_slide: -1.0454
          Curriculum/polish_ground_slam: -1.0000
           Curriculum/polish_torso_slam: -5.0000
            Episode_Reward/joint_vel_l2: -0.8979
           Episode_Reward/torso_upright: -0.0006
      Episode_Reward/base_height_medium: 1.9000
           Episode_Reward/forward_pitch: -2.5504
        Episode_Reward/joint_torques_l2: -0.7915
           Episode_Reward/torque_limits: -0.7737
      Episode_Termination/invalid_state: 0.0000
        Episode_Reward/joint_pos_limits: -0.0056
        Episode_Reward/illegal_contacts: -0.4598
              Episode_Reward/relaxation: -6.3469
               Curriculum/adaptive_lift: 0.9933
     Curriculum/polish_action_rate_rate: -0.1500
           Episode_Termination/time_out: 1.0000
         Curriculum/polish_joint_vel_l2: -0.0010
    Episode_Reward/joint_tracking_error: -2.4435
              Episode_Reward/not_moving: -0.9393
           Episode_Reward/feet_distance: -0.2552
        Episode_Reward/joint_vel_limits: -0.0007
             Episode_Reward/action_rate: -43.9160
--------------------------------------------------------------------------------
                         Iteration time: 2.24s
                           Time elapsed: 0:01:29
                                    ETA: 0:36:35

################################################################################
[1m                           Learning iteration 39/1000                           [0m 

                               Run name: height_tracking_g1
                            Total steps: 3932160 
                       Steps per second: 43757 
                        Collection time: 2.014s 
                          Learning time: 0.232s 
                        Mean value loss: 1.1553
                    Mean surrogate loss: -0.0081
                      Mean entropy loss: 35.7165
                     Mean symmetry loss: 0.0013
                   Mean l2c2_actor loss: 0.0071
                  Mean l2c2_critic loss: 0.0004
                            Mean reward: -1360.99
                    Mean episode length: 750.00
                        Mean action std: 0.83
                    Entropy coefficient: 0.002500
             Episode_Reward/ground_slam: -2.2436
        Episode_Reward/base_height_fine: 2.0087
 Episode_Reward/joint_deviation_l1_arms: -0.0198
           Curriculum/polish_not_moving: -1.0000
               Episode_Reward/flat_feet: -3.3009
           Episode_Reward/ankle_torques: -0.2170
       Episode_Reward/base_height_rough: 1.6199
           Episode_Reward/body_velocity: -1.6959
         Episode_Reward/ground_unloaded: -0.9438
              Episode_Reward/torso_slam: -1.2346
           Episode_Reward/feet_yaw_mean: -0.3007
         Episode_Reward/severely_tilted: -0.0116
              Episode_Reward/torso_roll: -2.0927
              Curriculum/terrain_levels: 0.0000
  Episode_Reward/feet_distance_standing: -0.0004
            Episode_Reward/joint_acc_l2: -0.1296
            Metrics/height/height_error: 0.4193
      Episode_Reward/joint_deviation_l1: -0.0447
     Episode_Reward/completely_airborne: -4.6031
        Curriculum/random_fallen_states: 0.0000
        Episode_Reward/action_rate_rate: -19.1020
              Episode_Reward/feet_slide: -0.9966
          Curriculum/polish_ground_slam: -1.0000
           Curriculum/polish_torso_slam: -5.0000
            Episode_Reward/joint_vel_l2: -0.8560
           Episode_Reward/torso_upright: -0.0005
      Episode_Reward/base_height_medium: 1.6195
           Episode_Reward/forward_pitch: -2.2891
        Episode_Reward/joint_torques_l2: -0.8390
           Episode_Reward/torque_limits: -0.8154
      Episode_Termination/invalid_state: 0.0000
        Episode_Reward/joint_pos_limits: -0.0055
        Episode_Reward/illegal_contacts: -0.4271
              Episode_Reward/relaxation: -7.0670
               Curriculum/adaptive_lift: 0.9933
     Curriculum/polish_action_rate_rate: -0.1500
           Episode_Termination/time_out: 1.0000
         Curriculum/polish_joint_vel_l2: -0.0010
    Episode_Reward/joint_tracking_error: -2.4335
              Episode_Reward/not_moving: -0.6719
           Episode_Reward/feet_distance: -0.2495
        Episode_Reward/joint_vel_limits: -0.0006
             Episode_Reward/action_rate: -43.3957
--------------------------------------------------------------------------------
                         Iteration time: 2.25s
                           Time elapsed: 0:01:31
                                    ETA: 0:36:32

################################################################################
[1m                           Learning iteration 40/1000                           [0m 

                               Run name: height_tracking_g1
                            Total steps: 4030464 
                       Steps per second: 43802 
                        Collection time: 2.012s 
                          Learning time: 0.232s 
                        Mean value loss: 1.0964
                    Mean surrogate loss: -0.0079
                      Mean entropy loss: 35.5693
                     Mean symmetry loss: 0.0013
                   Mean l2c2_actor loss: 0.0072
                  Mean l2c2_critic loss: 0.0004
                            Mean reward: -1340.38
                    Mean episode length: 750.00
                        Mean action std: 0.83
                    Entropy coefficient: 0.002500
             Episode_Reward/ground_slam: -2.2032
        Episode_Reward/base_height_fine: 2.0891
 Episode_Reward/joint_deviation_l1_arms: -0.0211
           Curriculum/polish_not_moving: -1.0000
               Episode_Reward/flat_feet: -3.3017
           Episode_Reward/ankle_torques: -0.2009
       Episode_Reward/base_height_rough: 1.5784
           Episode_Reward/body_velocity: -1.7021
         Episode_Reward/ground_unloaded: -0.9496
              Episode_Reward/torso_slam: -1.2274
           Episode_Reward/feet_yaw_mean: -0.3188
         Episode_Reward/severely_tilted: -0.0172
              Episode_Reward/torso_roll: -2.0797
              Curriculum/terrain_levels: 0.0000
  Episode_Reward/feet_distance_standing: -0.0003
            Episode_Reward/joint_acc_l2: -0.1277
            Metrics/height/height_error: 0.4572
      Episode_Reward/joint_deviation_l1: -0.0466
     Episode_Reward/completely_airborne: -4.7487
        Curriculum/random_fallen_states: 0.0000
        Episode_Reward/action_rate_rate: -18.8765
              Episode_Reward/feet_slide: -0.9880
          Curriculum/polish_ground_slam: -1.0000
           Curriculum/polish_torso_slam: -5.0000
            Episode_Reward/joint_vel_l2: -0.8416
           Episode_Reward/torso_upright: -0.0005
      Episode_Reward/base_height_medium: 1.6207
           Episode_Reward/forward_pitch: -2.1769
        Episode_Reward/joint_torques_l2: -0.8349
           Episode_Reward/torque_limits: -0.8253
      Episode_Termination/invalid_state: 0.0000
        Episode_Reward/joint_pos_limits: -0.0056
        Episode_Reward/illegal_contacts: -0.3900
              Episode_Reward/relaxation: -6.7327
               Curriculum/adaptive_lift: 0.9933
     Curriculum/polish_action_rate_rate: -0.1500
           Episode_Termination/time_out: 1.0000
         Curriculum/polish_joint_vel_l2: -0.0010
    Episode_Reward/joint_tracking_error: -2.4064
              Episode_Reward/not_moving: -0.6886
           Episode_Reward/feet_distance: -0.2432
        Episode_Reward/joint_vel_limits: -0.0006
             Episode_Reward/action_rate: -42.9105
--------------------------------------------------------------------------------
                         Iteration time: 2.24s
                           Time elapsed: 0:01:33
                                    ETA: 0:36:28

################################################################################
[1m                           Learning iteration 41/1000                           [0m 

                               Run name: height_tracking_g1
                            Total steps: 4128768 
                       Steps per second: 43779 
                        Collection time: 2.013s 
                          Learning time: 0.232s 
                        Mean value loss: 1.0162
                    Mean surrogate loss: -0.0074
                      Mean entropy loss: 35.3937
                     Mean symmetry loss: 0.0013
                   Mean l2c2_actor loss: 0.0073
                  Mean l2c2_critic loss: 0.0004
                            Mean reward: -1326.19
                    Mean episode length: 750.00
                        Mean action std: 0.82
                    Entropy coefficient: 0.002500
             Episode_Reward/ground_slam: -2.2337
        Episode_Reward/base_height_fine: 2.2662
 Episode_Reward/joint_deviation_l1_arms: -0.0197
           Curriculum/polish_not_moving: -1.0000
               Episode_Reward/flat_feet: -3.2412
           Episode_Reward/ankle_torques: -0.2155
       Episode_Reward/base_height_rough: 1.6666
           Episode_Reward/body_velocity: -1.6823
         Episode_Reward/ground_unloaded: -1.0046
              Episode_Reward/torso_slam: -1.2137
           Episode_Reward/feet_yaw_mean: -0.2962
         Episode_Reward/severely_tilted: -0.0113
              Episode_Reward/torso_roll: -2.1433
              Curriculum/terrain_levels: 0.0000
  Episode_Reward/feet_distance_standing: -0.0002
            Episode_Reward/joint_acc_l2: -0.1170
            Metrics/height/height_error: 0.4362
      Episode_Reward/joint_deviation_l1: -0.0455
     Episode_Reward/completely_airborne: -4.1234
        Curriculum/random_fallen_states: 0.0000
        Episode_Reward/action_rate_rate: -18.6881
              Episode_Reward/feet_slide: -1.0160
          Curriculum/polish_ground_slam: -1.0000
           Curriculum/polish_torso_slam: -5.0000
            Episode_Reward/joint_vel_l2: -0.8485
           Episode_Reward/torso_upright: -0.0001
      Episode_Reward/base_height_medium: 1.7696
           Episode_Reward/forward_pitch: -2.5865
        Episode_Reward/joint_torques_l2: -0.8084
           Episode_Reward/torque_limits: -0.7577
      Episode_Termination/invalid_state: 0.0000
        Episode_Reward/joint_pos_limits: -0.0055
        Episode_Reward/illegal_contacts: -0.4711
              Episode_Reward/relaxation: -5.9247
               Curriculum/adaptive_lift: 0.9933
     Curriculum/polish_action_rate_rate: -0.1500
           Episode_Termination/time_out: 1.0000
         Curriculum/polish_joint_vel_l2: -0.0010
    Episode_Reward/joint_tracking_error: -2.3690
              Episode_Reward/not_moving: -0.7513
           Episode_Reward/feet_distance: -0.2485
        Episode_Reward/joint_vel_limits: -0.0005
             Episode_Reward/action_rate: -42.5188
--------------------------------------------------------------------------------
                         Iteration time: 2.25s
                           Time elapsed: 0:01:35
                                    ETA: 0:36:25

################################################################################
[1m                           Learning iteration 42/1000                           [0m 

                               Run name: height_tracking_g1
                            Total steps: 4227072 
                       Steps per second: 43794 
                        Collection time: 2.012s 
                          Learning time: 0.232s 
                        Mean value loss: 0.9785
                    Mean surrogate loss: -0.0070
                      Mean entropy loss: 35.2309
                     Mean symmetry loss: 0.0013
                   Mean l2c2_actor loss: 0.0073
                  Mean l2c2_critic loss: 0.0004
                            Mean reward: -1307.93
                    Mean episode length: 750.00
                        Mean action std: 0.82
                    Entropy coefficient: 0.002500
             Episode_Reward/ground_slam: -2.1705
        Episode_Reward/base_height_fine: 2.4014
 Episode_Reward/joint_deviation_l1_arms: -0.0197
           Curriculum/polish_not_moving: -1.0000
               Episode_Reward/flat_feet: -3.2704
           Episode_Reward/ankle_torques: -0.2140
       Episode_Reward/base_height_rough: 1.7272
           Episode_Reward/body_velocity: -1.7466
         Episode_Reward/ground_unloaded: -0.9851
              Episode_Reward/torso_slam: -1.2242
           Episode_Reward/feet_yaw_mean: -0.2927
         Episode_Reward/severely_tilted: -0.0161
              Episode_Reward/torso_roll: -2.1044
              Curriculum/terrain_levels: 0.0000
  Episode_Reward/feet_distance_standing: -0.0004
            Episode_Reward/joint_acc_l2: -0.1273
            Metrics/height/height_error: 0.4355
      Episode_Reward/joint_deviation_l1: -0.0416
     Episode_Reward/completely_airborne: -4.3006
        Curriculum/random_fallen_states: 0.0000
        Episode_Reward/action_rate_rate: -18.4427
              Episode_Reward/feet_slide: -0.9959
          Curriculum/polish_ground_slam: -1.0000
           Curriculum/polish_torso_slam: -5.0000
            Episode_Reward/joint_vel_l2: -0.8347
           Episode_Reward/torso_upright: -0.0004
      Episode_Reward/base_height_medium: 1.8651
           Episode_Reward/forward_pitch: -2.3039
        Episode_Reward/joint_torques_l2: -0.8279
           Episode_Reward/torque_limits: -0.7544
      Episode_Termination/invalid_state: 0.0000
        Episode_Reward/joint_pos_limits: -0.0056
        Episode_Reward/illegal_contacts: -0.4129
              Episode_Reward/relaxation: -6.4658
               Curriculum/adaptive_lift: 0.9933
     Curriculum/polish_action_rate_rate: -0.1500
           Episode_Termination/time_out: 1.0000
         Curriculum/polish_joint_vel_l2: -0.0010
    Episode_Reward/joint_tracking_error: -2.3571
              Episode_Reward/not_moving: -0.8323
           Episode_Reward/feet_distance: -0.2495
        Episode_Reward/joint_vel_limits: -0.0005
             Episode_Reward/action_rate: -41.9790
--------------------------------------------------------------------------------
                         Iteration time: 2.24s
                           Time elapsed: 0:01:38
                                    ETA: 0:36:22

################################################################################
[1m                           Learning iteration 43/1000                           [0m 

                               Run name: height_tracking_g1
                            Total steps: 4325376 
                       Steps per second: 43765 
                        Collection time: 2.014s 
                          Learning time: 0.232s 
                        Mean value loss: 0.9655
                    Mean surrogate loss: -0.0074
                      Mean entropy loss: 35.0501
                     Mean symmetry loss: 0.0014
                   Mean l2c2_actor loss: 0.0075
                  Mean l2c2_critic loss: 0.0005
                            Mean reward: -1287.60
                    Mean episode length: 750.00
                        Mean action std: 0.81
                    Entropy coefficient: 0.002500
             Episode_Reward/ground_slam: -2.2058
        Episode_Reward/base_height_fine: 1.9428
 Episode_Reward/joint_deviation_l1_arms: -0.0184
           Curriculum/polish_not_moving: -1.0000
               Episode_Reward/flat_feet: -3.2633
           Episode_Reward/ankle_torques: -0.2034
       Episode_Reward/base_height_rough: 1.5385
           Episode_Reward/body_velocity: -1.7037
         Episode_Reward/ground_unloaded: -1.0380
              Episode_Reward/torso_slam: -1.2780
           Episode_Reward/feet_yaw_mean: -0.2988
         Episode_Reward/severely_tilted: -0.0154
              Episode_Reward/torso_roll: -2.0819
              Curriculum/terrain_levels: 0.0000
  Episode_Reward/feet_distance_standing: -0.0003
            Episode_Reward/joint_acc_l2: -0.1232
            Metrics/height/height_error: nan
      Episode_Reward/joint_deviation_l1: -0.0391
     Episode_Reward/completely_airborne: -4.1506
        Curriculum/random_fallen_states: 0.0000
        Episode_Reward/action_rate_rate: -18.2211
              Episode_Reward/feet_slide: -1.0050
          Curriculum/polish_ground_slam: -1.0000
           Curriculum/polish_torso_slam: -5.0000
            Episode_Reward/joint_vel_l2: -0.8321
           Episode_Reward/torso_upright: -0.0002
      Episode_Reward/base_height_medium: 1.5185
           Episode_Reward/forward_pitch: -2.3023
        Episode_Reward/joint_torques_l2: -0.8126
           Episode_Reward/torque_limits: -0.7667
      Episode_Termination/invalid_state: 0.0000
        Episode_Reward/joint_pos_limits: -0.0056
        Episode_Reward/illegal_contacts: -0.4191
              Episode_Reward/relaxation: -5.6988
               Curriculum/adaptive_lift: 0.9933
     Curriculum/polish_action_rate_rate: -0.1500
           Episode_Termination/time_out: 1.0000
         Curriculum/polish_joint_vel_l2: -0.0010
    Episode_Reward/joint_tracking_error: -2.3155
              Episode_Reward/not_moving: -0.6698
           Episode_Reward/feet_distance: -0.2459
        Episode_Reward/joint_vel_limits: -0.0005
             Episode_Reward/action_rate: -41.4964
--------------------------------------------------------------------------------
                         Iteration time: 2.25s
                           Time elapsed: 0:01:40
                                    ETA: 0:36:19

################################################################################
[1m                           Learning iteration 44/1000                           [0m 

                               Run name: height_tracking_g1
                            Total steps: 4423680 
                       Steps per second: 43674 
                        Collection time: 2.018s 
                          Learning time: 0.232s 
                        Mean value loss: 0.8987
                    Mean surrogate loss: -0.0064
                      Mean entropy loss: 34.8765
                     Mean symmetry loss: 0.0013
                   Mean l2c2_actor loss: 0.0076
                  Mean l2c2_critic loss: 0.0004
                            Mean reward: -1266.49
                    Mean episode length: 750.00
                        Mean action std: 0.80
                    Entropy coefficient: 0.002500
             Episode_Reward/ground_slam: -2.2239
        Episode_Reward/base_height_fine: 2.4123
 Episode_Reward/joint_deviation_l1_arms: -0.0214
           Curriculum/polish_not_moving: -1.0000
               Episode_Reward/flat_feet: -3.2218
           Episode_Reward/ankle_torques: -0.2018
       Episode_Reward/base_height_rough: 1.6893
           Episode_Reward/body_velocity: -1.7585
         Episode_Reward/ground_unloaded: -1.0344
              Episode_Reward/torso_slam: -1.2955
           Episode_Reward/feet_yaw_mean: -0.3066
         Episode_Reward/severely_tilted: -0.0213
              Episode_Reward/torso_roll: -2.1825
              Curriculum/terrain_levels: 0.0000
  Episode_Reward/feet_distance_standing: -0.0002
            Episode_Reward/joint_acc_l2: -0.1077
            Metrics/height/height_error: nan
      Episode_Reward/joint_deviation_l1: -0.0456
     Episode_Reward/completely_airborne: -4.3567
        Curriculum/random_fallen_states: 0.0000
        Episode_Reward/action_rate_rate: -18.0076
              Episode_Reward/feet_slide: -0.9955
          Curriculum/polish_ground_slam: -1.0000
           Curriculum/polish_torso_slam: -5.0000
            Episode_Reward/joint_vel_l2: -0.8452
           Episode_Reward/torso_upright: -0.0002
      Episode_Reward/base_height_medium: 1.8424
           Episode_Reward/forward_pitch: -2.2998
        Episode_Reward/joint_torques_l2: -0.7759
           Episode_Reward/torque_limits: -0.7582
      Episode_Termination/invalid_state: 0.0000
        Episode_Reward/joint_pos_limits: -0.0056
        Episode_Reward/illegal_contacts: -0.4278
              Episode_Reward/relaxation: -5.6794
               Curriculum/adaptive_lift: 0.9933
     Curriculum/polish_action_rate_rate: -0.1500
           Episode_Termination/time_out: 1.0000
         Curriculum/polish_joint_vel_l2: -0.0010
    Episode_Reward/joint_tracking_error: -2.2992
              Episode_Reward/not_moving: -0.8487
           Episode_Reward/feet_distance: -0.2689
        Episode_Reward/joint_vel_limits: -0.0005
             Episode_Reward/action_rate: -41.0489
--------------------------------------------------------------------------------
                         Iteration time: 2.25s
                           Time elapsed: 0:01:42
                                    ETA: 0:36:16

################################################################################
[1m                           Learning iteration 45/1000                           [0m 

                               Run name: height_tracking_g1
                            Total steps: 4521984 
                       Steps per second: 43677 
                        Collection time: 2.018s 
                          Learning time: 0.232s 
                        Mean value loss: 0.8359
                    Mean surrogate loss: -0.0075
                      Mean entropy loss: 34.6507
                     Mean symmetry loss: 0.0013
                   Mean l2c2_actor loss: 0.0076
                  Mean l2c2_critic loss: 0.0005
                            Mean reward: -1260.44
                    Mean episode length: 750.00
                        Mean action std: 0.80
                    Entropy coefficient: 0.002500
             Episode_Reward/ground_slam: -2.1481
        Episode_Reward/base_height_fine: 2.5028
 Episode_Reward/joint_deviation_l1_arms: -0.0197
           Curriculum/polish_not_moving: -1.0000
               Episode_Reward/flat_feet: -3.2795
           Episode_Reward/ankle_torques: -0.2195
       Episode_Reward/base_height_rough: 1.7331
           Episode_Reward/body_velocity: -1.6790
         Episode_Reward/ground_unloaded: -1.0276
              Episode_Reward/torso_slam: -1.2317
           Episode_Reward/feet_yaw_mean: -0.2871
         Episode_Reward/severely_tilted: -0.0114
              Episode_Reward/torso_roll: -2.0903
              Curriculum/terrain_levels: 0.0000
  Episode_Reward/feet_distance_standing: -0.0002
            Episode_Reward/joint_acc_l2: -0.1238
            Metrics/height/height_error: 0.4165
      Episode_Reward/joint_deviation_l1: -0.0471
     Episode_Reward/completely_airborne: -4.2454
        Curriculum/random_fallen_states: 0.0000
        Episode_Reward/action_rate_rate: -17.7856
              Episode_Reward/feet_slide: -0.9951
          Curriculum/polish_ground_slam: -1.0000
           Curriculum/polish_torso_slam: -5.0000
            Episode_Reward/joint_vel_l2: -0.8128
           Episode_Reward/torso_upright: -0.0006
      Episode_Reward/base_height_medium: 1.8983
           Episode_Reward/forward_pitch: -2.3419
        Episode_Reward/joint_torques_l2: -0.8038
           Episode_Reward/torque_limits: -0.7498
      Episode_Termination/invalid_state: 0.0000
        Episode_Reward/joint_pos_limits: -0.0053
        Episode_Reward/illegal_contacts: -0.4155
              Episode_Reward/relaxation: -5.9159
               Curriculum/adaptive_lift: 0.9933
     Curriculum/polish_action_rate_rate: -0.1500
           Episode_Termination/time_out: 1.0000
         Curriculum/polish_joint_vel_l2: -0.0010
    Episode_Reward/joint_tracking_error: -2.2678
              Episode_Reward/not_moving: -0.8769
           Episode_Reward/feet_distance: -0.2416
        Episode_Reward/joint_vel_limits: -0.0005
             Episode_Reward/action_rate: -40.5753
--------------------------------------------------------------------------------
                         Iteration time: 2.25s
                           Time elapsed: 0:01:44
                                    ETA: 0:36:13

################################################################################
[1m                           Learning iteration 46/1000                           [0m 

                               Run name: height_tracking_g1
                            Total steps: 4620288 
                       Steps per second: 43768 
                        Collection time: 2.013s 
                          Learning time: 0.233s 
                        Mean value loss: 0.8299
                    Mean surrogate loss: -0.0070
                      Mean entropy loss: 34.4892
                     Mean symmetry loss: 0.0013
                   Mean l2c2_actor loss: 0.0076
                  Mean l2c2_critic loss: 0.0005
                            Mean reward: -1246.73
                    Mean episode length: 750.00
                        Mean action std: 0.80
                    Entropy coefficient: 0.002500
             Episode_Reward/ground_slam: -2.1266
        Episode_Reward/base_height_fine: 2.3520
 Episode_Reward/joint_deviation_l1_arms: -0.0166
           Curriculum/polish_not_moving: -1.0000
               Episode_Reward/flat_feet: -3.3078
           Episode_Reward/ankle_torques: -0.1964
       Episode_Reward/base_height_rough: 1.6761
           Episode_Reward/body_velocity: -1.6280
         Episode_Reward/ground_unloaded: -1.0219
              Episode_Reward/torso_slam: -1.2155
           Episode_Reward/feet_yaw_mean: -0.2871
         Episode_Reward/severely_tilted: -0.0176
              Episode_Reward/torso_roll: -2.0780
              Curriculum/terrain_levels: 0.0000
  Episode_Reward/feet_distance_standing: -0.0005
            Episode_Reward/joint_acc_l2: -0.1223
            Metrics/height/height_error: 0.4286
      Episode_Reward/joint_deviation_l1: -0.0346
     Episode_Reward/completely_airborne: -4.5120
        Curriculum/random_fallen_states: 0.0000
        Episode_Reward/action_rate_rate: -17.6409
              Episode_Reward/feet_slide: -0.9740
          Curriculum/polish_ground_slam: -1.0000
           Curriculum/polish_torso_slam: -5.0000
            Episode_Reward/joint_vel_l2: -0.8254
           Episode_Reward/torso_upright: -0.0003
      Episode_Reward/base_height_medium: 1.8047
           Episode_Reward/forward_pitch: -2.0324
        Episode_Reward/joint_torques_l2: -0.7964
           Episode_Reward/torque_limits: -0.7239
      Episode_Termination/invalid_state: 0.0000
        Episode_Reward/joint_pos_limits: -0.0053
        Episode_Reward/illegal_contacts: -0.3833
              Episode_Reward/relaxation: -6.0420
               Curriculum/adaptive_lift: 0.9933
     Curriculum/polish_action_rate_rate: -0.1500
           Episode_Termination/time_out: 1.0000
         Curriculum/polish_joint_vel_l2: -0.0010
    Episode_Reward/joint_tracking_error: -2.2513
              Episode_Reward/not_moving: -0.7800
           Episode_Reward/feet_distance: -0.2453
        Episode_Reward/joint_vel_limits: -0.0005
             Episode_Reward/action_rate: -40.2493
--------------------------------------------------------------------------------
                         Iteration time: 2.25s
                           Time elapsed: 0:01:47
                                    ETA: 0:36:10

################################################################################
[1m                           Learning iteration 47/1000                           [0m 

                               Run name: height_tracking_g1
                            Total steps: 4718592 
                       Steps per second: 43780 
                        Collection time: 2.013s 
                          Learning time: 0.233s 
                        Mean value loss: 0.7681
                    Mean surrogate loss: -0.0076
                      Mean entropy loss: 34.3093
                     Mean symmetry loss: 0.0012
                   Mean l2c2_actor loss: 0.0077
                  Mean l2c2_critic loss: 0.0005
                            Mean reward: -1251.19
                    Mean episode length: 750.00
                        Mean action std: 0.79
                    Entropy coefficient: 0.002500
             Episode_Reward/ground_slam: -2.0966
        Episode_Reward/base_height_fine: 1.9888
 Episode_Reward/joint_deviation_l1_arms: -0.0187
           Curriculum/polish_not_moving: -1.0000
               Episode_Reward/flat_feet: -3.2408
           Episode_Reward/ankle_torques: -0.1906
       Episode_Reward/base_height_rough: 1.5109
           Episode_Reward/body_velocity: -1.6262
         Episode_Reward/ground_unloaded: -0.9615
              Episode_Reward/torso_slam: -1.1613
           Episode_Reward/feet_yaw_mean: -0.2987
         Episode_Reward/severely_tilted: -0.0116
              Episode_Reward/torso_roll: -2.1188
              Curriculum/terrain_levels: 0.0000
  Episode_Reward/feet_distance_standing: -0.0003
            Episode_Reward/joint_acc_l2: -0.1130
            Metrics/height/height_error: nan
      Episode_Reward/joint_deviation_l1: -0.0467
     Episode_Reward/completely_airborne: -3.9340
        Curriculum/random_fallen_states: 0.0000
        Episode_Reward/action_rate_rate: -17.3762
              Episode_Reward/feet_slide: -0.9805
          Curriculum/polish_ground_slam: -1.0000
           Curriculum/polish_torso_slam: -5.0000
            Episode_Reward/joint_vel_l2: -0.8022
           Episode_Reward/torso_upright: -0.0007
      Episode_Reward/base_height_medium: 1.5106
           Episode_Reward/forward_pitch: -2.2193
        Episode_Reward/joint_torques_l2: -0.7774
           Episode_Reward/torque_limits: -0.7245
      Episode_Termination/invalid_state: 0.0000
        Episode_Reward/joint_pos_limits: -0.0054
        Episode_Reward/illegal_contacts: -0.4110
              Episode_Reward/relaxation: -6.4207
               Curriculum/adaptive_lift: 0.9933
     Curriculum/polish_action_rate_rate: -0.1500
           Episode_Termination/time_out: 1.0000
         Curriculum/polish_joint_vel_l2: -0.0010
    Episode_Reward/joint_tracking_error: -2.2285
              Episode_Reward/not_moving: -0.7097
           Episode_Reward/feet_distance: -0.2625
        Episode_Reward/joint_vel_limits: -0.0004
             Episode_Reward/action_rate: -39.6794
--------------------------------------------------------------------------------
                         Iteration time: 2.25s
                           Time elapsed: 0:01:49
                                    ETA: 0:36:08

################################################################################
[1m                           Learning iteration 48/1000                           [0m 

                               Run name: height_tracking_g1
                            Total steps: 4816896 
                       Steps per second: 43668 
                        Collection time: 2.019s 
                          Learning time: 0.232s 
                        Mean value loss: 0.7171
                    Mean surrogate loss: -0.0072
                      Mean entropy loss: 34.0982
                     Mean symmetry loss: 0.0013
                   Mean l2c2_actor loss: 0.0079
                  Mean l2c2_critic loss: 0.0006
                            Mean reward: -1231.37
                    Mean episode length: 750.00
                        Mean action std: 0.79
                    Entropy coefficient: 0.002500
             Episode_Reward/ground_slam: -2.0814
        Episode_Reward/base_height_fine: 2.0329
 Episode_Reward/joint_deviation_l1_arms: -0.0191
           Curriculum/polish_not_moving: -1.0000
               Episode_Reward/flat_feet: -3.2847
           Episode_Reward/ankle_torques: -0.1842
       Episode_Reward/base_height_rough: 1.5953
           Episode_Reward/body_velocity: -1.5902
         Episode_Reward/ground_unloaded: -0.9566
              Episode_Reward/torso_slam: -1.2454
           Episode_Reward/feet_yaw_mean: -0.2843
         Episode_Reward/severely_tilted: -0.0124
              Episode_Reward/torso_roll: -2.0541
              Curriculum/terrain_levels: 0.0000
  Episode_Reward/feet_distance_standing: -0.0004
            Episode_Reward/joint_acc_l2: -0.1104
            Metrics/height/height_error: 0.4327
      Episode_Reward/joint_deviation_l1: -0.0445
     Episode_Reward/completely_airborne: -4.2452
        Curriculum/random_fallen_states: 0.0000
        Episode_Reward/action_rate_rate: -17.1926
              Episode_Reward/feet_slide: -0.9678
          Curriculum/polish_ground_slam: -1.0000
           Curriculum/polish_torso_slam: -5.0000
            Episode_Reward/joint_vel_l2: -0.7945
           Episode_Reward/torso_upright: -0.0000
      Episode_Reward/base_height_medium: 1.6187
           Episode_Reward/forward_pitch: -1.9871
        Episode_Reward/joint_torques_l2: -0.7645
           Episode_Reward/torque_limits: -0.6957
      Episode_Termination/invalid_state: 0.0000
        Episode_Reward/joint_pos_limits: -0.0054
        Episode_Reward/illegal_contacts: -0.3756
              Episode_Reward/relaxation: -6.3920
               Curriculum/adaptive_lift: 0.9933
     Curriculum/polish_action_rate_rate: -0.1500
           Episode_Termination/time_out: 1.0000
         Curriculum/polish_joint_vel_l2: -0.0010
    Episode_Reward/joint_tracking_error: -2.1780
              Episode_Reward/not_moving: -0.6127
           Episode_Reward/feet_distance: -0.2467
        Episode_Reward/joint_vel_limits: -0.0005
             Episode_Reward/action_rate: -39.2702
--------------------------------------------------------------------------------
                         Iteration time: 2.25s
                           Time elapsed: 0:01:51
                                    ETA: 0:36:05

################################################################################
[1m                           Learning iteration 49/1000                           [0m 

                               Run name: height_tracking_g1
                            Total steps: 4915200 
                       Steps per second: 43964 
                        Collection time: 2.004s 
                          Learning time: 0.232s 
                        Mean value loss: 0.6998
                    Mean surrogate loss: -0.0069
                      Mean entropy loss: 33.9258
                     Mean symmetry loss: 0.0012
                   Mean l2c2_actor loss: 0.0079
                  Mean l2c2_critic loss: 0.0006
                            Mean reward: -1218.90
                    Mean episode length: 750.00
                        Mean action std: 0.78
                    Entropy coefficient: 0.002500
             Episode_Reward/ground_slam: -2.0580
        Episode_Reward/base_height_fine: 2.4073
 Episode_Reward/joint_deviation_l1_arms: -0.0207
           Curriculum/polish_not_moving: -1.0000
               Episode_Reward/flat_feet: -3.2848
           Episode_Reward/ankle_torques: -0.1975
       Episode_Reward/base_height_rough: 1.7327
           Episode_Reward/body_velocity: -1.5817
         Episode_Reward/ground_unloaded: -0.9189
              Episode_Reward/torso_slam: -1.2036
           Episode_Reward/feet_yaw_mean: -0.2772
         Episode_Reward/severely_tilted: -0.0118
              Episode_Reward/torso_roll: -2.0456
              Curriculum/terrain_levels: 0.0000
  Episode_Reward/feet_distance_standing: -0.0003
            Episode_Reward/joint_acc_l2: -0.1183
            Metrics/height/height_error: nan
      Episode_Reward/joint_deviation_l1: -0.0502
     Episode_Reward/completely_airborne: -3.9720
        Curriculum/random_fallen_states: 0.0000
        Episode_Reward/action_rate_rate: -17.0108
              Episode_Reward/feet_slide: -0.9784
          Curriculum/polish_ground_slam: -1.0000
           Curriculum/polish_torso_slam: -5.0000
            Episode_Reward/joint_vel_l2: -0.7931
           Episode_Reward/torso_upright: -0.0014
      Episode_Reward/base_height_medium: 1.8720
           Episode_Reward/forward_pitch: -2.4050
        Episode_Reward/joint_torques_l2: -0.7832
           Episode_Reward/torque_limits: -0.7029
      Episode_Termination/invalid_state: 0.0000
        Episode_Reward/joint_pos_limits: -0.0051
        Episode_Reward/illegal_contacts: -0.4246
              Episode_Reward/relaxation: -6.9841
               Curriculum/adaptive_lift: 0.9933
     Curriculum/polish_action_rate_rate: -0.1500
           Episode_Termination/time_out: 1.0000
         Curriculum/polish_joint_vel_l2: -0.0010
    Episode_Reward/joint_tracking_error: -2.1826
              Episode_Reward/not_moving: -0.7673
           Episode_Reward/feet_distance: -0.2557
        Episode_Reward/joint_vel_limits: -0.0004
             Episode_Reward/action_rate: -38.8910
--------------------------------------------------------------------------------
                         Iteration time: 2.24s
                           Time elapsed: 0:01:53
                                    ETA: 0:36:02

################################################################################
[1m                           Learning iteration 50/1000                           [0m 

                               Run name: height_tracking_g1
                            Total steps: 5013504 
                       Steps per second: 43751 
                        Collection time: 2.014s 
                          Learning time: 0.233s 
                        Mean value loss: 0.6734
                    Mean surrogate loss: -0.0073
                      Mean entropy loss: 33.7166
                     Mean symmetry loss: 0.0013
                   Mean l2c2_actor loss: 0.0080
                  Mean l2c2_critic loss: 0.0006
                            Mean reward: -1195.52
                    Mean episode length: 750.00
                        Mean action std: 0.77
                    Entropy coefficient: 0.002500
             Episode_Reward/ground_slam: -2.0083
        Episode_Reward/base_height_fine: 2.3949
 Episode_Reward/joint_deviation_l1_arms: -0.0175
           Curriculum/polish_not_moving: -1.0000
               Episode_Reward/flat_feet: -3.2811
           Episode_Reward/ankle_torques: -0.1981
       Episode_Reward/base_height_rough: 1.6953
           Episode_Reward/body_velocity: -1.5670
         Episode_Reward/ground_unloaded: -1.0336
              Episode_Reward/torso_slam: -1.2072
           Episode_Reward/feet_yaw_mean: -0.2733
         Episode_Reward/severely_tilted: -0.0126
              Episode_Reward/torso_roll: -2.1013
              Curriculum/terrain_levels: 0.0000
  Episode_Reward/feet_distance_standing: -0.0001
            Episode_Reward/joint_acc_l2: -0.1196
            Metrics/height/height_error: nan
      Episode_Reward/joint_deviation_l1: -0.0401
     Episode_Reward/completely_airborne: -4.1396
        Curriculum/random_fallen_states: 0.0000
        Episode_Reward/action_rate_rate: -16.8284
              Episode_Reward/feet_slide: -0.9584
          Curriculum/polish_ground_slam: -1.0000
           Curriculum/polish_torso_slam: -5.0000
            Episode_Reward/joint_vel_l2: -0.7746
           Episode_Reward/torso_upright: -0.0004
      Episode_Reward/base_height_medium: 1.8365
           Episode_Reward/forward_pitch: -2.0336
        Episode_Reward/joint_torques_l2: -0.7835
           Episode_Reward/torque_limits: -0.6789
      Episode_Termination/invalid_state: 0.0000
        Episode_Reward/joint_pos_limits: -0.0052
        Episode_Reward/illegal_contacts: -0.3729
              Episode_Reward/relaxation: -5.6141
               Curriculum/adaptive_lift: 0.9933
     Curriculum/polish_action_rate_rate: -0.1500
           Episode_Termination/time_out: 1.0000
         Curriculum/polish_joint_vel_l2: -0.0010
    Episode_Reward/joint_tracking_error: -2.1466
              Episode_Reward/not_moving: -0.7923
           Episode_Reward/feet_distance: -0.2391
        Episode_Reward/joint_vel_limits: -0.0004
             Episode_Reward/action_rate: -38.4639
--------------------------------------------------------------------------------
                         Iteration time: 2.25s
                           Time elapsed: 0:01:56
                                    ETA: 0:35:59

################################################################################
[1m                           Learning iteration 51/1000                           [0m 

                               Run name: height_tracking_g1
                            Total steps: 5111808 
                       Steps per second: 43740 
                        Collection time: 2.014s 
                          Learning time: 0.233s 
                        Mean value loss: 0.6425
                    Mean surrogate loss: -0.0058
                      Mean entropy loss: 33.5150
                     Mean symmetry loss: 0.0012
                   Mean l2c2_actor loss: 0.0080
                  Mean l2c2_critic loss: 0.0006
                            Mean reward: -1188.65
                    Mean episode length: 750.00
                        Mean action std: 0.77
                    Entropy coefficient: 0.002500
             Episode_Reward/ground_slam: -2.0275
        Episode_Reward/base_height_fine: 2.2943
 Episode_Reward/joint_deviation_l1_arms: -0.0150
           Curriculum/polish_not_moving: -1.0000
               Episode_Reward/flat_feet: -3.2921
           Episode_Reward/ankle_torques: -0.2022
       Episode_Reward/base_height_rough: 1.6758
           Episode_Reward/body_velocity: -1.5481
         Episode_Reward/ground_unloaded: -0.9481
              Episode_Reward/torso_slam: -1.2240
           Episode_Reward/feet_yaw_mean: -0.2782
         Episode_Reward/severely_tilted: -0.0143
              Episode_Reward/torso_roll: -2.0038
              Curriculum/terrain_levels: 0.0000
  Episode_Reward/feet_distance_standing: -0.0002
            Episode_Reward/joint_acc_l2: -0.1107
            Metrics/height/height_error: 0.4085
      Episode_Reward/joint_deviation_l1: -0.0371
     Episode_Reward/completely_airborne: -4.0747
        Curriculum/random_fallen_states: 0.0000
        Episode_Reward/action_rate_rate: -16.5977
              Episode_Reward/feet_slide: -0.9692
          Curriculum/polish_ground_slam: -1.0000
           Curriculum/polish_torso_slam: -5.0000
            Episode_Reward/joint_vel_l2: -0.7791
           Episode_Reward/torso_upright: -0.0006
      Episode_Reward/base_height_medium: 1.7726
           Episode_Reward/forward_pitch: -2.2914
        Episode_Reward/joint_torques_l2: -0.7603
           Episode_Reward/torque_limits: -0.6514
      Episode_Termination/invalid_state: 0.0000
        Episode_Reward/joint_pos_limits: -0.0051
        Episode_Reward/illegal_contacts: -0.4097
              Episode_Reward/relaxation: -6.2282
               Curriculum/adaptive_lift: 0.9933
     Curriculum/polish_action_rate_rate: -0.1500
           Episode_Termination/time_out: 1.0000
         Curriculum/polish_joint_vel_l2: -0.0010
    Episode_Reward/joint_tracking_error: -2.0977
              Episode_Reward/not_moving: -0.7914
           Episode_Reward/feet_distance: -0.2448
        Episode_Reward/joint_vel_limits: -0.0004
             Episode_Reward/action_rate: -37.9906
--------------------------------------------------------------------------------
                         Iteration time: 2.25s
                           Time elapsed: 0:01:58
                                    ETA: 0:35:56

################################################################################
[1m                           Learning iteration 52/1000                           [0m 

                               Run name: height_tracking_g1
                            Total steps: 5210112 
                       Steps per second: 43717 
                        Collection time: 2.014s 
                          Learning time: 0.235s 
                        Mean value loss: 0.6107
                    Mean surrogate loss: -0.0063
                      Mean entropy loss: 33.2618
                     Mean symmetry loss: 0.0013
                   Mean l2c2_actor loss: 0.0080
                  Mean l2c2_critic loss: 0.0008
                            Mean reward: -1182.75
                    Mean episode length: 750.00
                        Mean action std: 0.76
                    Entropy coefficient: 0.002500
             Episode_Reward/ground_slam: -2.0032
        Episode_Reward/base_height_fine: 2.4935
 Episode_Reward/joint_deviation_l1_arms: -0.0170
           Curriculum/polish_not_moving: -1.0000
               Episode_Reward/flat_feet: -3.2457
           Episode_Reward/ankle_torques: -0.1754
       Episode_Reward/base_height_rough: 1.6868
           Episode_Reward/body_velocity: -1.5162
         Episode_Reward/ground_unloaded: -0.9682
              Episode_Reward/torso_slam: -1.1417
           Episode_Reward/feet_yaw_mean: -0.2785
         Episode_Reward/severely_tilted: -0.0144
              Episode_Reward/torso_roll: -2.0952
              Curriculum/terrain_levels: 0.0000
  Episode_Reward/feet_distance_standing: -0.0001
            Episode_Reward/joint_acc_l2: -0.1119
            Metrics/height/height_error: 0.3973
      Episode_Reward/joint_deviation_l1: -0.0379
     Episode_Reward/completely_airborne: -3.7175
        Curriculum/random_fallen_states: 0.0000
        Episode_Reward/action_rate_rate: -16.3893
              Episode_Reward/feet_slide: -0.9673
          Curriculum/polish_ground_slam: -1.0000
           Curriculum/polish_torso_slam: -5.0000
            Episode_Reward/joint_vel_l2: -0.7583
           Episode_Reward/torso_upright: -0.0001
      Episode_Reward/base_height_medium: 1.8410
           Episode_Reward/forward_pitch: -2.4121
        Episode_Reward/joint_torques_l2: -0.7574
           Episode_Reward/torque_limits: -0.6598
      Episode_Termination/invalid_state: 0.0000
        Episode_Reward/joint_pos_limits: -0.0050
        Episode_Reward/illegal_contacts: -0.4222
              Episode_Reward/relaxation: -6.3003
               Curriculum/adaptive_lift: 0.9933
     Curriculum/polish_action_rate_rate: -0.1500
           Episode_Termination/time_out: 1.0000
         Curriculum/polish_joint_vel_l2: -0.0010
    Episode_Reward/joint_tracking_error: -2.0724
              Episode_Reward/not_moving: -0.9373
           Episode_Reward/feet_distance: -0.2460
        Episode_Reward/joint_vel_limits: -0.0004
             Episode_Reward/action_rate: -37.5161
--------------------------------------------------------------------------------
                         Iteration time: 2.25s
                           Time elapsed: 0:02:00
                                    ETA: 0:35:53

################################################################################
[1m                           Learning iteration 53/1000                           [0m 

                               Run name: height_tracking_g1
                            Total steps: 5308416 
                       Steps per second: 43748 
                        Collection time: 2.013s 
                          Learning time: 0.234s 
                        Mean value loss: 0.6106
                    Mean surrogate loss: -0.0064
                      Mean entropy loss: 33.0525
                     Mean symmetry loss: 0.0012
                   Mean l2c2_actor loss: 0.0080
                  Mean l2c2_critic loss: 0.0009
                            Mean reward: -1170.95
                    Mean episode length: 750.00
                        Mean action std: 0.76
                    Entropy coefficient: 0.002500
             Episode_Reward/ground_slam: -2.0263
        Episode_Reward/base_height_fine: 2.1749
 Episode_Reward/joint_deviation_l1_arms: -0.0187
           Curriculum/polish_not_moving: -1.0000
               Episode_Reward/flat_feet: -3.2267
           Episode_Reward/ankle_torques: -0.1973
       Episode_Reward/base_height_rough: 1.6772
           Episode_Reward/body_velocity: -1.5491
         Episode_Reward/ground_unloaded: -1.0361
              Episode_Reward/torso_slam: -1.1904
           Episode_Reward/feet_yaw_mean: -0.2827
         Episode_Reward/severely_tilted: -0.0187
              Episode_Reward/torso_roll: -2.0856
              Curriculum/terrain_levels: 0.0000
  Episode_Reward/feet_distance_standing: -0.0003
            Episode_Reward/joint_acc_l2: -0.1096
            Metrics/height/height_error: 0.4644
      Episode_Reward/joint_deviation_l1: -0.0397
     Episode_Reward/completely_airborne: -3.7116
        Curriculum/random_fallen_states: 0.0000
        Episode_Reward/action_rate_rate: -16.2523
              Episode_Reward/feet_slide: -0.9782
          Curriculum/polish_ground_slam: -1.0000
           Curriculum/polish_torso_slam: -5.0000
            Episode_Reward/joint_vel_l2: -0.7543
           Episode_Reward/torso_upright: 0.0000
      Episode_Reward/base_height_medium: 1.7377
           Episode_Reward/forward_pitch: -2.5992
        Episode_Reward/joint_torques_l2: -0.7505
           Episode_Reward/torque_limits: -0.6545
      Episode_Termination/invalid_state: 0.0000
        Episode_Reward/joint_pos_limits: -0.0051
        Episode_Reward/illegal_contacts: -0.4572
              Episode_Reward/relaxation: -5.5859
               Curriculum/adaptive_lift: 0.9933
     Curriculum/polish_action_rate_rate: -0.1500
           Episode_Termination/time_out: 1.0000
         Curriculum/polish_joint_vel_l2: -0.0010
    Episode_Reward/joint_tracking_error: -2.0548
              Episode_Reward/not_moving: -0.6880
           Episode_Reward/feet_distance: -0.2526
        Episode_Reward/joint_vel_limits: -0.0004
             Episode_Reward/action_rate: -37.1868
--------------------------------------------------------------------------------
                         Iteration time: 2.25s
                           Time elapsed: 0:02:02
                                    ETA: 0:35:51

################################################################################
[1m                           Learning iteration 54/1000                           [0m 

                               Run name: height_tracking_g1
                            Total steps: 5406720 
                       Steps per second: 43603 
                        Collection time: 2.021s 
                          Learning time: 0.233s 
                        Mean value loss: 0.5080
                    Mean surrogate loss: -0.0063
                      Mean entropy loss: 32.8167
                     Mean symmetry loss: 0.0012
                   Mean l2c2_actor loss: 0.0082
                  Mean l2c2_critic loss: 0.0006
                            Mean reward: -1138.55
                    Mean episode length: 750.00
                        Mean action std: 0.75
                    Entropy coefficient: 0.002500
             Episode_Reward/ground_slam: -2.0002
        Episode_Reward/base_height_fine: 2.4172
 Episode_Reward/joint_deviation_l1_arms: -0.0158
           Curriculum/polish_not_moving: -1.0000
               Episode_Reward/flat_feet: -3.2681
           Episode_Reward/ankle_torques: -0.1861
       Episode_Reward/base_height_rough: 1.6980
           Episode_Reward/body_velocity: -1.5245
         Episode_Reward/ground_unloaded: -1.0776
              Episode_Reward/torso_slam: -1.2012
           Episode_Reward/feet_yaw_mean: -0.2725
         Episode_Reward/severely_tilted: -0.0109
              Episode_Reward/torso_roll: -2.0855
              Curriculum/terrain_levels: 0.0000
  Episode_Reward/feet_distance_standing: -0.0001
            Episode_Reward/joint_acc_l2: -0.0934
            Metrics/height/height_error: 0.4291
      Episode_Reward/joint_deviation_l1: -0.0369
     Episode_Reward/completely_airborne: -3.7206
        Curriculum/random_fallen_states: 0.0000
        Episode_Reward/action_rate_rate: -16.0125
              Episode_Reward/feet_slide: -0.9559
          Curriculum/polish_ground_slam: -1.0000
           Curriculum/polish_torso_slam: -5.0000
            Episode_Reward/joint_vel_l2: -0.7556
           Episode_Reward/torso_upright: -0.0003
      Episode_Reward/base_height_medium: 1.8271
           Episode_Reward/forward_pitch: -2.0894
        Episode_Reward/joint_torques_l2: -0.6996
           Episode_Reward/torque_limits: -0.6270
      Episode_Termination/invalid_state: 0.0000
        Episode_Reward/joint_pos_limits: -0.0051
        Episode_Reward/illegal_contacts: -0.3804
              Episode_Reward/relaxation: -4.8359
               Curriculum/adaptive_lift: 0.9933
     Curriculum/polish_action_rate_rate: -0.1500
           Episode_Termination/time_out: 1.0000
         Curriculum/polish_joint_vel_l2: -0.0010
    Episode_Reward/joint_tracking_error: -2.0268
              Episode_Reward/not_moving: -0.8446
           Episode_Reward/feet_distance: -0.2408
        Episode_Reward/joint_vel_limits: -0.0003
             Episode_Reward/action_rate: -36.6891
--------------------------------------------------------------------------------
                         Iteration time: 2.25s
                           Time elapsed: 0:02:05
                                    ETA: 0:35:48

################################################################################
[1m                           Learning iteration 55/1000                           [0m 

                               Run name: height_tracking_g1
                            Total steps: 5505024 
                       Steps per second: 43688 
                        Collection time: 2.017s 
                          Learning time: 0.233s 
                        Mean value loss: 0.5143
                    Mean surrogate loss: -0.0064
                      Mean entropy loss: 32.6246
                     Mean symmetry loss: 0.0012
                   Mean l2c2_actor loss: 0.0082
                  Mean l2c2_critic loss: 0.0006
                            Mean reward: -1155.37
                    Mean episode length: 750.00
                        Mean action std: 0.75
                    Entropy coefficient: 0.002500
             Episode_Reward/ground_slam: -1.8910
        Episode_Reward/base_height_fine: 1.6807
 Episode_Reward/joint_deviation_l1_arms: -0.0166
           Curriculum/polish_not_moving: -1.0000
               Episode_Reward/flat_feet: -3.2609
           Episode_Reward/ankle_torques: -0.1791
       Episode_Reward/base_height_rough: 1.4262
           Episode_Reward/body_velocity: -1.4611
         Episode_Reward/ground_unloaded: -0.9663
              Episode_Reward/torso_slam: -1.0972
           Episode_Reward/feet_yaw_mean: -0.2640
         Episode_Reward/severely_tilted: -0.0132
              Episode_Reward/torso_roll: -2.0761
              Curriculum/terrain_levels: 0.0000
  Episode_Reward/feet_distance_standing: -0.0001
            Episode_Reward/joint_acc_l2: -0.1101
            Metrics/height/height_error: nan
      Episode_Reward/joint_deviation_l1: -0.0374
     Episode_Reward/completely_airborne: -3.6833
        Curriculum/random_fallen_states: 0.0000
        Episode_Reward/action_rate_rate: -15.8366
              Episode_Reward/feet_slide: -0.9481
          Curriculum/polish_ground_slam: -1.0000
           Curriculum/polish_torso_slam: -5.0000
            Episode_Reward/joint_vel_l2: -0.7329
           Episode_Reward/torso_upright: -0.0002
      Episode_Reward/base_height_medium: 1.3206
           Episode_Reward/forward_pitch: -2.2750
        Episode_Reward/joint_torques_l2: -0.7441
           Episode_Reward/torque_limits: -0.6200
      Episode_Termination/invalid_state: 0.0000
        Episode_Reward/joint_pos_limits: -0.0050
        Episode_Reward/illegal_contacts: -0.4059
              Episode_Reward/relaxation: -6.2098
               Curriculum/adaptive_lift: 0.9933
     Curriculum/polish_action_rate_rate: -0.1500
           Episode_Termination/time_out: 1.0000
         Curriculum/polish_joint_vel_l2: -0.0010
    Episode_Reward/joint_tracking_error: -1.9873
              Episode_Reward/not_moving: -0.5970
           Episode_Reward/feet_distance: -0.2497
        Episode_Reward/joint_vel_limits: -0.0003
             Episode_Reward/action_rate: -36.2922
--------------------------------------------------------------------------------
                         Iteration time: 2.25s
                           Time elapsed: 0:02:07
                                    ETA: 0:35:45

################################################################################
[1m                           Learning iteration 56/1000                           [0m 

                               Run name: height_tracking_g1
                            Total steps: 5603328 
                       Steps per second: 43699 
                        Collection time: 2.017s 
                          Learning time: 0.233s 
                        Mean value loss: 0.4735
                    Mean surrogate loss: -0.0061
                      Mean entropy loss: 32.4010
                     Mean symmetry loss: 0.0012
                   Mean l2c2_actor loss: 0.0083
                  Mean l2c2_critic loss: 0.0010
                            Mean reward: -1121.02
                    Mean episode length: 750.00
                        Mean action std: 0.74
                    Entropy coefficient: 0.002500
             Episode_Reward/ground_slam: -1.9170
        Episode_Reward/base_height_fine: 2.1847
 Episode_Reward/joint_deviation_l1_arms: -0.0175
           Curriculum/polish_not_moving: -1.0000
               Episode_Reward/flat_feet: -3.2746
           Episode_Reward/ankle_torques: -0.1818
       Episode_Reward/base_height_rough: 1.6045
           Episode_Reward/body_velocity: -1.4767
         Episode_Reward/ground_unloaded: -1.0470
              Episode_Reward/torso_slam: -1.1474
           Episode_Reward/feet_yaw_mean: -0.2628
         Episode_Reward/severely_tilted: -0.0108
              Episode_Reward/torso_roll: -2.0407
              Curriculum/terrain_levels: 0.0000
  Episode_Reward/feet_distance_standing: -0.0001
            Episode_Reward/joint_acc_l2: -0.1057
            Metrics/height/height_error: 0.4505
      Episode_Reward/joint_deviation_l1: -0.0413
     Episode_Reward/completely_airborne: -3.8299
        Curriculum/random_fallen_states: 0.0000
        Episode_Reward/action_rate_rate: -15.6646
              Episode_Reward/feet_slide: -0.9420
          Curriculum/polish_ground_slam: -1.0000
           Curriculum/polish_torso_slam: -5.0000
            Episode_Reward/joint_vel_l2: -0.7283
           Episode_Reward/torso_upright: -0.0006
      Episode_Reward/base_height_medium: 1.6651
           Episode_Reward/forward_pitch: -2.1544
        Episode_Reward/joint_torques_l2: -0.7313
           Episode_Reward/torque_limits: -0.6372
      Episode_Termination/invalid_state: 0.0000
        Episode_Reward/joint_pos_limits: -0.0050
        Episode_Reward/illegal_contacts: -0.3844
              Episode_Reward/relaxation: -5.1747
               Curriculum/adaptive_lift: 0.9933
     Curriculum/polish_action_rate_rate: -0.1500
           Episode_Termination/time_out: 1.0000
         Curriculum/polish_joint_vel_l2: -0.0010
    Episode_Reward/joint_tracking_error: -1.9670
              Episode_Reward/not_moving: -0.7475
           Episode_Reward/feet_distance: -0.2379
        Episode_Reward/joint_vel_limits: -0.0003
             Episode_Reward/action_rate: -35.8965
--------------------------------------------------------------------------------
                         Iteration time: 2.25s
                           Time elapsed: 0:02:09
                                    ETA: 0:35:43

################################################################################
[1m                           Learning iteration 57/1000                           [0m 

                               Run name: height_tracking_g1
                            Total steps: 5701632 
                       Steps per second: 43652 
                        Collection time: 2.019s 
                          Learning time: 0.233s 
                        Mean value loss: 0.4333
                    Mean surrogate loss: -0.0041
                      Mean entropy loss: 32.1899
                     Mean symmetry loss: 0.0011
                   Mean l2c2_actor loss: 0.0083
                  Mean l2c2_critic loss: 0.0015
                            Mean reward: -1114.22
                    Mean episode length: 750.00
                        Mean action std: 0.73
                    Entropy coefficient: 0.002500
             Episode_Reward/ground_slam: -1.8518
        Episode_Reward/base_height_fine: 2.5960
 Episode_Reward/joint_deviation_l1_arms: -0.0204
           Curriculum/polish_not_moving: -1.0000
               Episode_Reward/flat_feet: -3.2861
           Episode_Reward/ankle_torques: -0.1824
       Episode_Reward/base_height_rough: 1.7236
           Episode_Reward/body_velocity: -1.5252
         Episode_Reward/ground_unloaded: -0.9921
              Episode_Reward/torso_slam: -1.1489
           Episode_Reward/feet_yaw_mean: -0.2497
         Episode_Reward/severely_tilted: -0.0187
              Episode_Reward/torso_roll: -2.0363
              Curriculum/terrain_levels: 0.0000
  Episode_Reward/feet_distance_standing: -0.0003
            Episode_Reward/joint_acc_l2: -0.1160
            Metrics/height/height_error: 0.4142
      Episode_Reward/joint_deviation_l1: -0.0396
     Episode_Reward/completely_airborne: -3.8476
        Curriculum/random_fallen_states: 0.0000
        Episode_Reward/action_rate_rate: -15.4875
              Episode_Reward/feet_slide: -0.9263
          Curriculum/polish_ground_slam: -1.0000
           Curriculum/polish_torso_slam: -5.0000
            Episode_Reward/joint_vel_l2: -0.7167
           Episode_Reward/torso_upright: -0.0005
      Episode_Reward/base_height_medium: 1.9483
           Episode_Reward/forward_pitch: -2.1154
        Episode_Reward/joint_torques_l2: -0.7485
           Episode_Reward/torque_limits: -0.5972
      Episode_Termination/invalid_state: 0.0000
        Episode_Reward/joint_pos_limits: -0.0049
        Episode_Reward/illegal_contacts: -0.3889
              Episode_Reward/relaxation: -5.7704
               Curriculum/adaptive_lift: 0.9933
     Curriculum/polish_action_rate_rate: -0.1500
           Episode_Termination/time_out: 1.0000
         Curriculum/polish_joint_vel_l2: -0.0010
    Episode_Reward/joint_tracking_error: -1.9685
              Episode_Reward/not_moving: -0.8833
           Episode_Reward/feet_distance: -0.2460
        Episode_Reward/joint_vel_limits: -0.0003
             Episode_Reward/action_rate: -35.5208
--------------------------------------------------------------------------------
                         Iteration time: 2.25s
                           Time elapsed: 0:02:11
                                    ETA: 0:35:40

Traceback (most recent call last):
  File "/workspace/WBC-AGILE-NEWTON/scripts/train.py", line 221, in <module>
    main()
  File "/workspace/WBC-AGILE-NEWTON/.venv/lib/python3.12/site-packages/isaaclab_tasks/utils/hydra.py", line 485, in wrapper
    _run_hydra(task, env_cfg, agent_cfg, hydra_args, lambda e, a: func(e, a, *args, **kwargs))
  File "/workspace/WBC-AGILE-NEWTON/.venv/lib/python3.12/site-packages/isaaclab_tasks/utils/hydra.py", line 426, in _run_hydra
    callback(env_cfg, agent_cfg)
  File "/workspace/WBC-AGILE-NEWTON/.venv/lib/python3.12/site-packages/isaaclab_tasks/utils/hydra.py", line 485, in <lambda>
    _run_hydra(task, env_cfg, agent_cfg, hydra_args, lambda e, a: func(e, a, *args, **kwargs))
                                                                  ^^^^^^^^^^^^^^^^^^^^^^^^^^^
  File "/workspace/WBC-AGILE-NEWTON/scripts/train.py", line 213, in main
    runner.learn(num_learning_iterations=agent_cfg.max_iterations, init_at_random_ep_len=True)
  File "/workspace/WBC-AGILE-NEWTON/.venv/lib/python3.12/site-packages/rsl_rl/runners/on_policy_runner.py", line 100, in learn
    check_nan(obs, rewards, dones)
  File "/workspace/WBC-AGILE-NEWTON/.venv/lib/python3.12/site-packages/rsl_rl/utils/utils.py", line 279, in check_nan
    raise ValueError(
ValueError: The observation group 'policy' returned by the environment contains NaN values. This usually indicates a bug in the environment's step() or reset() function.
