The '--headless' CLI argument is deprecated. Omit '--viz' for default headless. If config visualizers are enabled and you want to force headless, use '--viz none'.
Loading user config located at: '/workspace/WBC-AGILE-NEWTON/.venv/lib/python3.12/site-packages/isaacsim/kit/data/Kit/IsaacLab/3.0/user.config.json'
2026-09-02T16:50:10Z [0ms] [Warning] [omni.ext.plugin] [ext: isaaclab_visualizers] Extensions config 'extension.toml' doesn't exist '/workspace/WBC-AGILE-NEWTON/.venv/lib/python3.12/site-packages/isaaclab/source/isaaclab_visualizers' or '/workspace/WBC-AGILE-NEWTON/.venv/lib/python3.12/site-packages/isaaclab/source/isaaclab_visualizers/config'
WARNING: All log messages before absl::InitializeLog() is called are written to STDERR
E0000 00:00:1788367810.562429   64178 descriptor_database.cc:633] File already exists in database: grpc/health/v1/health.proto
W0000 00:00:1788367810.562457   64178 message.cc:301] Protobuf GeneratedMessageFactory: File is already registered: grpc/health/v1/health.proto
2026-09-02T16:50:10Z [404ms] [Warning] [omni.usd_config.extension] Enable omni.materialx.libs extension to use MaterialX
2026-09-02T16:50:10Z [424ms] [Warning] [omni.platforminfo.plugin] failed to open the default display.  Can't verify X Server version.
2026-09-02T16:50:10Z [454ms] [Error] [omni.ext.plugin] Could not load the dynamic library from /workspace/WBC-AGILE-NEWTON/.venv/lib/python3.12/site-packages/isaacsim/extscache/omni.usd.libs-1.0.3+6312fa25.lx64.r.cp312/bin/libMaterialXRenderHw.so. Error: libXt.so.6: cannot open shared object file: No such file or directory (note that this may be caused by a dependent library)
2026-09-02T16:50:10Z [454ms] [Error] [omni.ext.plugin] Could not load the dynamic library from /workspace/WBC-AGILE-NEWTON/.venv/lib/python3.12/site-packages/isaacsim/extscache/omni.usd.libs-1.0.3+6312fa25.lx64.r.cp312/bin/libMaterialXRenderGlsl.so. Error: libXt.so.6: cannot open shared object file: No such file or directory (note that this may be caused by a dependent library)
2026-09-02T16:50:10Z [455ms] [Error] [omni.ext.plugin] Could not load the dynamic library from /workspace/WBC-AGILE-NEWTON/.venv/lib/python3.12/site-packages/isaacsim/extscache/omni.usd.libs-1.0.3+6312fa25.lx64.r.cp312/bin/libusd_usdBakeMtlx.so. Error: libXt.so.6: cannot open shared object file: No such file or directory (note that this may be caused by a dependent library)
2026-09-02T16:50:11Z [1,124ms] [Warning] [isaacsim.core.simulation_manager.plugin] USD stage is not available; stage-opened subscription is deferred
2026-09-02T16:50:11Z [1,124ms] [Warning] [isaacsim.core.simulation_manager.plugin] USD stage is not available; stage-opened subscription is deferred
[ISAACLAB] AppLauncher initialization complete
[INFO]: Parsing configuration from: agile.rl_env.tasks.stand_up.g1.height_tracking_env_cfg:G1HeightTrackingEnvCfg
[INFO]: Parsing configuration from: agile.rl_env.tasks.stand_up.g1.agents.rsl_rl_ppo_cfg:G1HeightTrackingPpoRunnerCfg
[INFO] Logging experiment in directory: /workspace/WBC-AGILE-NEWTON/logs/rsl_rl/height_tracking_g1
Exact experiment name requested from command line: 2026-09-02_16-50-24
[INFO]: Base environment:
	Environment device    : cuda:0
	Environment seed      : 42
	Physics step-size     : 0.005
	Rendering step-size   : 0.02
	Environment step-size : 0.02
2026-09-02T16:50:24Z [14,433ms] [Warning] [isaaclab.terrains.terrain_importer] Visual material specified for ground plane but no diffuse color found. Using default color: (0.0, 0.0, 0.0)
[INFO]: Registered backend 'newton' for factory Articulation.
[INFO]: Setting variant selection 'PhysX' for variant set 'Physics' on prim '/World/envs/env_0/Robot'.
[INFO]: Setting variant selection 'None' for variant set 'left_hand' on prim '/World/envs/env_0/Robot'.
[INFO]: Setting variant selection 'None' for variant set 'right_hand' on prim '/World/envs/env_0/Robot'.
[INFO]: Registered backend 'newton' for factory FrameView.
[INFO]: Registered backend 'newton' for factory ContactSensor.
[INFO]: Registered backend 'newton' for factory RayCaster.
[INFO]: Time taken for scene creation Last: 11.679574 s, Mean: 11.679574 s, Std: 0.000000 s, N: 1
[INFO]: Scene manager:  <class InteractiveScene>
	Number of environments: 4096
	Environment spacing   : 2.5
	Source prim name      : /World/envs/env_0
	Global prim paths     : ['/World/ground']
	Replicate physics     : True
[INFO]: Dispatching MODEL_INIT callbacks
[INFO]: Finalizing model on device: cuda:0
/workspace/WBC-AGILE-NEWTON/.venv/lib/python3.12/site-packages/isaaclab_newton/physics/newton_manager.py:989: FutureWarning: Newton shape color replacement is enabled; this workaround will be deprecated in a future release.
  replace_newton_shape_colors(cls._model)
Finalize builder took: Last: 8.586775 s, Mean: 8.586775 s, Std: 0.000000 s, N: 1
[INFO]: Dispatching PHYSICS_READY callbacks
[INFO]: Simulation parameters for joints in /World/envs/env_.*/Robot:
+-------------------------------------------------------------------------------------------------------------------------------------------+
|                                     Simulation Joint Information (Prim path: /World/envs/env_.*/Robot)                                    |
+-------+----------------------------+-----------+---------+----------+-----------------+-----------------+-----------------+---------------+
| Index | Name                       | Stiffness | Damping | Armature | Static Friction | Position Limits | Velocity Limits | Effort Limits |
+-------+----------------------------+-----------+---------+----------+-----------------+-----------------+-----------------+---------------+
|   0   | left_hip_pitch_joint       |  100.000  |  2.500  |  0.020   |      0.010      | [-2.531, 2.880] |      32.000     |     88.000    |
|   1   | left_hip_roll_joint        |  100.000  |  2.500  |  0.020   |      0.010      | [-0.524, 2.967] |      32.000     |     88.000    |
|   2   | left_hip_yaw_joint         |  100.000  |  2.500  |  0.020   |      0.010      | [-2.758, 2.758] |      32.000     |     88.000    |
|   3   | left_knee_joint            |  100.000  |  2.500  |  0.020   |      0.010      | [-0.087, 2.880] |      20.000     |    139.000    |
|   4   | left_ankle_pitch_joint     |   20.000  |  1.000  |  0.020   |      0.010      | [-0.873, 0.524] |      37.000     |     50.000    |
|   5   | left_ankle_roll_joint      |   20.000  |  1.000  |  0.020   |      0.010      | [-0.262, 0.262] |      37.000     |     50.000    |
|   6   | right_hip_pitch_joint      |  100.000  |  2.500  |  0.020   |      0.010      | [-2.531, 2.880] |      32.000     |     88.000    |
|   7   | right_hip_roll_joint       |  100.000  |  2.500  |  0.020   |      0.010      | [-2.967, 0.524] |      32.000     |     88.000    |
|   8   | right_hip_yaw_joint        |  100.000  |  2.500  |  0.020   |      0.010      | [-2.758, 2.758] |      32.000     |     88.000    |
|   9   | right_knee_joint           |  100.000  |  2.500  |  0.020   |      0.010      | [-0.087, 2.880] |      20.000     |    139.000    |
|   10  | right_ankle_pitch_joint    |   20.000  |  1.000  |  0.020   |      0.010      | [-0.873, 0.524] |      37.000     |     50.000    |
|   11  | right_ankle_roll_joint     |   20.000  |  1.000  |  0.020   |      0.010      | [-0.262, 0.262] |      37.000     |     50.000    |
|   12  | waist_yaw_joint            |  100.000  |  2.500  |  0.020   |      0.010      | [-2.618, 2.618] |      32.000     |     88.000    |
|   13  | waist_roll_joint           |  100.000  |  2.500  |  0.020   |      0.010      | [-0.520, 0.520] |      37.000     |     50.000    |
|   14  | waist_pitch_joint          |  100.000  |  2.500  |  0.020   |      0.010      | [-0.520, 0.520] |      37.000     |     50.000    |
|   15  | left_shoulder_pitch_joint  |   20.000  |  0.500  |  0.020   |      0.010      | [-3.089, 2.670] |      37.000     |     25.000    |
|   16  | left_shoulder_roll_joint   |   20.000  |  0.500  |  0.020   |      0.010      | [-1.588, 2.251] |      37.000     |     25.000    |
|   17  | left_shoulder_yaw_joint    |   20.000  |  0.500  |  0.020   |      0.010      | [-2.618, 2.618] |      37.000     |     25.000    |
|   18  | left_elbow_joint           |   20.000  |  0.500  |  0.020   |      0.010      | [-1.047, 2.094] |      37.000     |     25.000    |
|   19  | left_wrist_roll_joint      |   20.000  |  0.200  |  0.020   |      0.010      | [-1.972, 1.972] |      37.000     |     25.000    |
|   20  | left_wrist_pitch_joint     |   20.000  |  0.200  |  0.020   |      0.010      | [-1.614, 1.614] |      22.000     |     5.000     |
|   21  | left_wrist_yaw_joint       |   20.000  |  0.200  |  0.020   |      0.010      | [-1.614, 1.614] |      22.000     |     5.000     |
|   22  | right_shoulder_pitch_joint |   20.000  |  0.500  |  0.020   |      0.010      | [-3.089, 2.670] |      37.000     |     25.000    |
|   23  | right_shoulder_roll_joint  |   20.000  |  0.500  |  0.020   |      0.010      | [-2.251, 1.588] |      37.000     |     25.000    |
|   24  | right_shoulder_yaw_joint   |   20.000  |  0.500  |  0.020   |      0.010      | [-2.618, 2.618] |      37.000     |     25.000    |
|   25  | right_elbow_joint          |   20.000  |  0.500  |  0.020   |      0.010      | [-1.047, 2.094] |      37.000     |     25.000    |
|   26  | right_wrist_roll_joint     |   20.000  |  0.200  |  0.020   |      0.010      | [-1.972, 1.972] |      37.000     |     25.000    |
|   27  | right_wrist_pitch_joint    |   20.000  |  0.200  |  0.020   |      0.010      | [-1.614, 1.614] |      22.000     |     5.000     |
|   28  | right_wrist_yaw_joint      |   20.000  |  0.200  |  0.020   |      0.010      | [-1.614, 1.614] |      22.000     |     5.000     |
+-------+----------------------------+-----------+---------+----------+-----------------+-----------------+-----------------+---------------+
[INFO]: Adding contact sensor for /World/envs/env_.*/Robot/.* with filter all bodies/shapes
Contact sensor construction took: Last: 0.126339 s, Mean: 0.126339 s, Std: 0.000000 s, N: 1
[INFO]: Contact sensor initialized with 30 sensors.
[INFO]: Creating buffers for contact sensor data with num_envs: 4096, num_sensors: 30, num_filter_objects: 0, history_length: 3, generate_force_matrix: False, track_air_time: True, track_pose: False, device: cuda:0
[INFO]: Creating buffers for contact sensor data with num_envs: 4096, num_sensors: 30, num_filter_objects: 0, history_length: 3, generate_force_matrix: False, track_air_time: True, track_pose: False, device: cuda:0
[INFO]: Created infinite plane mesh prim: /World/ground/terrain/GroundPlane/CollisionPlane.
Initialize solver took: Last: 1.893951 s, Mean: 1.893951 s, Std: 0.000000 s, N: 1
[INFO]: Newton CUDA graph captured (standard Warp mode)
CUDA graph took: Last: 1.012639 s, Mean: 1.012639 s, Std: 0.000000 s, N: 1
[newton] DC-motor torque-speed envelope active on 118784/143360 DOFs (4096 worlds x 30 joints) via jnt_actfrcrange
[newton] joint-limit solref set to (0.02, 1) on 118784 joints; explicit limit spring disabled
[INFO]: Time taken for simulation start Last: 12.464935 s, Mean: 12.464935 s, Std: 0.000000 s, N: 1
[INFO] Command Manager:  <CommandManager> contains 1 active terms.
+--------------------------------------+
|         Active Command Terms         |
+-------+--------+---------------------+
| Index | Name   |         Type        |
+-------+--------+---------------------+
|   0   | height | SmoothHeightCommand |
+-------+--------+---------------------+

[INFO] Event Manager:  <EventManager> contains 3 active terms.
+----------------------------------------+
| Active Event Terms in Mode: 'startup'  |
+--------+-------------------------------+
| Index  | Name                          |
+--------+-------------------------------+
|   0    | randomize_physics_material    |
|   1    | randomize_actuator_gains      |
|   2    | randomize_bodies_mass         |
|   3    | randomize_base_mass           |
|   4    | randomize_base_com            |
+--------+-------------------------------+
+---------------------------------------------------------------------------+
|                   Active Event Terms in Mode: 'interval'                  |
+-------+-----------------------------------------+-------------------------+
| Index | Name                                    | Interval time range (s) |
+-------+-----------------------------------------+-------------------------+
|   0   | push_robot                              |       (0.0, 10.0)       |
|   1   | apply_external_force_torque             |       (0.0, 10.0)       |
|   2   | apply_external_force_torque_extremities |       (0.0, 10.0)       |
+-------+-----------------------------------------+-------------------------+
+----------------------------------+
| Active Event Terms in Mode: 'reset' |
+------------+---------------------+
|   Index    | Name                |
+------------+---------------------+
|     0      | reset_base          |
+------------+---------------------+

[INFO] Recorder Manager:  <RecorderManager> contains 0 active terms.
+---------------------+
| Active Recorder Terms |
+-----------+---------+
|   Index   | Name    |
+-----------+---------+
+-----------+---------+

[INFO]: Resolved joint names for the action term JointPositionAction: ['left_hip_pitch_joint', 'left_hip_roll_joint', 'left_hip_yaw_joint', 'left_knee_joint', 'left_ankle_pitch_joint', 'left_ankle_roll_joint', 'right_hip_pitch_joint', 'right_hip_roll_joint', 'right_hip_yaw_joint', 'right_knee_joint', 'right_ankle_pitch_joint', 'right_ankle_roll_joint', 'waist_yaw_joint', 'waist_roll_joint', 'waist_pitch_joint', 'left_shoulder_pitch_joint', 'left_shoulder_roll_joint', 'left_shoulder_yaw_joint', 'left_elbow_joint', 'left_wrist_roll_joint', 'left_wrist_pitch_joint', 'left_wrist_yaw_joint', 'right_shoulder_pitch_joint', 'right_shoulder_roll_joint', 'right_shoulder_yaw_joint', 'right_elbow_joint', 'right_wrist_roll_joint', 'right_wrist_pitch_joint', 'right_wrist_yaw_joint'] [[0, 1, 2, 3, 4, 5, 6, 7, 8, 9, 10, 11, 12, 13, 14, 15, 16, 17, 18, 19, 20, 21, 22, 23, 24, 25, 26, 27, 28]]
[INFO] Action Manager:  <ActionManager> contains 2 active terms.
+------------------------------------+
|  Active Action Terms (shape: 29)   |
+--------+-------------+-------------+
| Index  | Name        |   Dimension |
+--------+-------------+-------------+
|   0    | joint_pos   |          29 |
|   1    | lift        |           0 |
+--------+-------------+-------------+

[INFO] Observation Manager: <ObservationManager> contains 2 groups.
+----------------------------------------------+
| Active Observation Terms in Group: 'policy'  |
+---------+------------------------+-----------+
|  Index  | Name                   |   Shape   |
+---------+------------------------+-----------+
|    0    | base_ang_vel           |   (5, 3)  |
|    1    | projected_gravity      |   (5, 3)  |
|    2    | joint_pos              |  (5, 29)  |
|    3    | joint_vel              |  (5, 29)  |
|    4    | actions                |  (5, 29)  |
|    5    | height_command         |   (5, 1)  |
+---------+------------------------+-----------+
+----------------------------------------------+
| Active Observation Terms in Group: 'critic'  |
+---------+------------------------+-----------+
|  Index  | Name                   |   Shape   |
+---------+------------------------+-----------+
|    0    | projected_gravity      |   (5, 3)  |
|    1    | base_lin_vel           |   (5, 3)  |
|    2    | base_ang_vel           |   (5, 3)  |
|    3    | joint_pos              |  (5, 29)  |
|    4    | joint_vel              |  (5, 29)  |
|    5    | actions                |  (5, 29)  |
|    6    | contact_forces         |  (5, 30)  |
|    7    | base_height            |   (5, 1)  |
|    8    | height_command         |   (5, 1)  |
+---------+------------------------+-----------+

[INFO] Termination Manager:  <TerminationManager> contains 2 active terms.
+----------------------------------+
|     Active Termination Terms     |
+-------+---------------+----------+
| Index | Name          | Time Out |
+-------+---------------+----------+
|   0   | time_out      |   True   |
|   1   | invalid_state |  False   |
+-------+---------------+----------+

[INFO] Reward Manager:  <RewardManager> contains 32 active terms.
+--------------------------------------------+
|            Active Reward Terms             |
+-------+-------------------------+----------+
| Index | Name                    |   Weight |
+-------+-------------------------+----------+
|   0   | joint_torques_l2        |   -5e-05 |
|   1   | torque_limits           |    -0.01 |
|   2   | joint_acc_l2            | -2.5e-08 |
|   3   | joint_pos_limits        |     -0.1 |
|   4   | joint_vel_limits        |    -0.01 |
|   5   | action_rate             |     -1.0 |
|   6   | action_rate_rate        |    -0.15 |
|   7   | joint_vel_l2            |   -0.001 |
|   8   | joint_tracking_error    |     -0.5 |
|   9   | base_height_rough       |      4.0 |
|   10  | base_height_medium      |      8.0 |
|   11  | base_height_fine        |     16.0 |
|   12  | relaxation              |     -1.0 |
|   13  | joint_deviation_l1      |     -0.5 |
|   14  | joint_deviation_l1_arms |     -0.5 |
|   15  | ankle_torques           |   -0.001 |
|   16  | not_moving              |     -1.0 |
|   17  | torso_upright           |     -1.0 |
|   18  | severely_tilted         |     -5.0 |
|   19  | torso_roll              |     -5.0 |
|   20  | forward_pitch           |    -10.0 |
|   21  | illegal_contacts        |     -2.0 |
|   22  | feet_distance           |     -5.0 |
|   23  | feet_distance_standing  |    -10.0 |
|   24  | ground_unloaded         |     -2.0 |
|   25  | flat_feet               |     -1.0 |
|   26  | feet_slide              |     -1.0 |
|   27  | feet_yaw_mean           |     -2.0 |
|   28  | completely_airborne     |    -50.0 |
|   29  | body_velocity           |     -0.1 |
|   30  | ground_slam             |     -1.0 |
|   31  | torso_slam              |     -5.0 |
+-------+-------------------------+----------+

[INFO] Curriculum Manager:  <CurriculumManager> contains 8 active terms.
+---------------------------------+
|     Active Curriculum Terms     |
+-------+-------------------------+
| Index | Name                    |
+-------+-------------------------+
|   0   | adaptive_lift           |
|   1   | terrain_levels          |
|   2   | polish_action_rate_rate |
|   3   | polish_ground_slam      |
|   4   | polish_torso_slam       |
|   5   | polish_not_moving       |
|   6   | polish_joint_vel_l2     |
|   7   | random_fallen_states    |
+-------+-------------------------+

/workspace/WBC-AGILE-NEWTON/.venv/lib/python3.12/site-packages/isaaclab/source/isaaclab/isaaclab/envs/mdp/events.py:742: UserWarning: In Newton, body com pose always has unit quaternion. Consider using body_com_pos_b instead.Querying this property requires appending a unit quaternion to the position which is expensive.
  self.default_com = self.asset.data.body_com_pose_b.torch.clone()
[INFO]: Completed setting up the environment...
/workspace/WBC-AGILE-NEWTON/.venv/lib/python3.12/site-packages/rsl_rl/utils/utils.py:220: UserWarning: The observation configuration dictionary 'obs_groups' is empty and thus likely not configured. Consider configuring the 'obs_groups' dictionary explicitly
  warnings.warn(
/workspace/WBC-AGILE-NEWTON/.venv/lib/python3.12/site-packages/rsl_rl/utils/utils.py:251: UserWarning: The observation configuration dictionary 'obs_groups' does not contain the 'actor' key. As an observation group with the name 'policy' was found, this is assumed to be the appropriate observation. Consider adding the 'actor' key to the 'obs_groups' dictionary for clarity. This behavior will be removed in a future version.
  warnings.warn(
/workspace/WBC-AGILE-NEWTON/.venv/lib/python3.12/site-packages/rsl_rl/utils/utils.py:243: UserWarning: The observation configuration dictionary 'obs_groups' does not contain the 'critic' key. As an observation group with the name 'critic' was found, this is assumed to be the appropriate observation. Consider adding the 'critic' key to the 'obs_groups' dictionary for clarity. This behavior will be removed in a future version.
  warnings.warn(
--------------------------------------------------------------------------------
Resolved observation sets: 
	 actor :  ['policy']
	 critic :  ['critic']
--------------------------------------------------------------------------------
Actor Model: MLPModel(
  (obs_normalizer): Identity()
  (distribution): GaussianDistribution()
  (mlp): MLP(
    (0): Linear(in_features=470, out_features=256, bias=True)
    (1): ELU(alpha=1.0)
    (2): Linear(in_features=256, out_features=256, bias=True)
    (3): ELU(alpha=1.0)
    (4): Linear(in_features=256, out_features=128, bias=True)
    (5): ELU(alpha=1.0)
    (6): Linear(in_features=128, out_features=29, bias=True)
  )
)
Critic Model: MLPModel(
  (obs_normalizer): Identity()
  (mlp): MLP(
    (0): Linear(in_features=640, out_features=512, bias=True)
    (1): ELU(alpha=1.0)
    (2): Linear(in_features=512, out_features=256, bias=True)
    (3): ELU(alpha=1.0)
    (4): Linear(in_features=256, out_features=128, bias=True)
    (5): ELU(alpha=1.0)
    (6): Linear(in_features=128, out_features=1, bias=True)
  )
)
Storing git diff for 'WBC-AGILE-NEWTON' in: /workspace/WBC-AGILE-NEWTON/logs/rsl_rl/height_tracking_g1/2026-09-02_16-50-24_height_tracking_g1/git/WBC-AGILE-NEWTON.diff
################################################################################
[1m                            Learning iteration 0/60                             [0m 

                               Run name: height_tracking_g1
                            Total steps: 98304 
                       Steps per second: 37202 
                        Collection time: 2.298s 
                          Learning time: 0.344s 
                        Mean value loss: 7.6743
                    Mean surrogate loss: 0.0336
                      Mean entropy loss: 41.0932
                     Mean symmetry loss: 0.0027
                   Mean l2c2_actor loss: 0.0011
                  Mean l2c2_critic loss: 0.0073
                            Mean reward: -50.59
                    Mean episode length: 17.17
                        Mean action std: 1.00
                    Entropy coefficient: 0.002500
              Episode_Reward/feet_slide: -0.0138
              Curriculum/terrain_levels: 0.0000
    Episode_Reward/joint_tracking_error: -0.0660
         Curriculum/polish_joint_vel_l2: -0.0010
      Episode_Reward/base_height_medium: 0.0479
          Curriculum/polish_ground_slam: -1.0000
        Episode_Reward/base_height_fine: 0.0724
            Episode_Reward/joint_vel_l2: -0.0276
        Episode_Reward/action_rate_rate: -0.3951
         Episode_Reward/ground_unloaded: -0.0143
              Episode_Reward/relaxation: -0.1348
           Episode_Reward/torso_upright: 0.0000
         Episode_Reward/severely_tilted: -0.0010
              Episode_Reward/torso_slam: -0.0769
              Episode_Reward/torso_roll: -0.0296
               Curriculum/adaptive_lift: 1.0000
               Episode_Reward/flat_feet: -0.0306
  Episode_Reward/feet_distance_standing: -0.0050
        Episode_Reward/illegal_contacts: -0.0022
           Episode_Reward/feet_distance: -0.0037
        Episode_Reward/joint_vel_limits: -0.0000
            Episode_Reward/joint_acc_l2: -0.0026
     Curriculum/polish_action_rate_rate: -0.1500
              Episode_Reward/not_moving: -0.0455
        Curriculum/random_fallen_states: 0.0000
     Episode_Reward/completely_airborne: -0.3479
       Episode_Reward/base_height_rough: 0.0334
           Episode_Reward/torque_limits: -0.0232
           Curriculum/polish_torso_slam: -5.0000
             Episode_Reward/action_rate: -0.9145
             Episode_Reward/ground_slam: -0.0591
        Episode_Reward/joint_torques_l2: -0.0194
      Episode_Termination/invalid_state: 0.0004
 Episode_Reward/joint_deviation_l1_arms: -0.0118
           Episode_Reward/body_velocity: -0.2305
           Episode_Reward/ankle_torques: -0.0047
           Episode_Termination/time_out: 0.0165
           Episode_Reward/forward_pitch: -0.0104
           Curriculum/polish_not_moving: -1.0000
           Episode_Reward/feet_yaw_mean: -0.0119
      Episode_Reward/joint_deviation_l1: -0.0279
        Episode_Reward/joint_pos_limits: -0.0002
            Metrics/height/height_error: 0.0000
--------------------------------------------------------------------------------
                         Iteration time: 2.64s
                           Time elapsed: 0:00:02
                                    ETA: 0:02:35

################################################################################
[1m                            Learning iteration 1/60                             [0m 

                               Run name: height_tracking_g1
                            Total steps: 196608 
                       Steps per second: 83401 
                        Collection time: 0.946s 
                          Learning time: 0.233s 
                        Mean value loss: 11.6752
                    Mean surrogate loss: 0.0064
                      Mean entropy loss: 41.0647
                     Mean symmetry loss: 0.0019
                   Mean l2c2_actor loss: 0.0010
                  Mean l2c2_critic loss: 0.0257
                            Mean reward: -145.28
                    Mean episode length: 40.29
                        Mean action std: 1.00
                    Entropy coefficient: 0.002500
              Episode_Reward/feet_slide: -0.0439
              Curriculum/terrain_levels: 0.0000
    Episode_Reward/joint_tracking_error: -0.2469
         Curriculum/polish_joint_vel_l2: -0.0010
      Episode_Reward/base_height_medium: 0.1624
          Curriculum/polish_ground_slam: -1.0000
        Episode_Reward/base_height_fine: 0.2585
            Episode_Reward/joint_vel_l2: -0.0977
        Episode_Reward/action_rate_rate: -1.1893
         Episode_Reward/ground_unloaded: -0.0488
              Episode_Reward/relaxation: -0.3568
           Episode_Reward/torso_upright: 0.0000
         Episode_Reward/severely_tilted: -0.0097
              Episode_Reward/torso_slam: -0.4845
              Episode_Reward/torso_roll: -0.0955
               Curriculum/adaptive_lift: 0.9999
               Episode_Reward/flat_feet: -0.0949
  Episode_Reward/feet_distance_standing: -0.0340
        Episode_Reward/illegal_contacts: -0.0129
           Episode_Reward/feet_distance: -0.0245
        Episode_Reward/joint_vel_limits: -0.0002
            Episode_Reward/joint_acc_l2: -0.0083
     Curriculum/polish_action_rate_rate: -0.1500
              Episode_Reward/not_moving: -0.2260
        Curriculum/random_fallen_states: 0.0000
     Episode_Reward/completely_airborne: -1.0031
       Episode_Reward/base_height_rough: 0.1064
           Episode_Reward/torque_limits: -0.0806
           Curriculum/polish_torso_slam: -5.0000
             Episode_Reward/action_rate: -2.6834
             Episode_Reward/ground_slam: -0.3598
        Episode_Reward/joint_torques_l2: -0.0614
      Episode_Termination/invalid_state: 0.0050
 Episode_Reward/joint_deviation_l1_arms: -0.0541
           Episode_Reward/body_velocity: -1.3195
           Episode_Reward/ankle_torques: -0.0138
           Episode_Termination/time_out: 0.0476
           Episode_Reward/forward_pitch: -0.0510
           Curriculum/polish_not_moving: -1.0000
           Episode_Reward/feet_yaw_mean: -0.0539
      Episode_Reward/joint_deviation_l1: -0.0975
        Episode_Reward/joint_pos_limits: -0.0010
            Metrics/height/height_error: 0.0000
--------------------------------------------------------------------------------
                         Iteration time: 1.18s
                           Time elapsed: 0:00:03
                                    ETA: 0:01:50

################################################################################
[1m                            Learning iteration 2/60                             [0m 

                               Run name: height_tracking_g1
                            Total steps: 294912 
                       Steps per second: 83277 
                        Collection time: 0.948s 
                          Learning time: 0.232s 
                        Mean value loss: 10.9677
                    Mean surrogate loss: -0.0083
                      Mean entropy loss: 40.9485
                     Mean symmetry loss: 0.0008
                   Mean l2c2_actor loss: 0.0012
                  Mean l2c2_critic loss: 0.0217
                            Mean reward: -238.86
                    Mean episode length: 61.12
                        Mean action std: 0.99
                    Entropy coefficient: 0.002500
              Episode_Reward/feet_slide: -0.0754
              Curriculum/terrain_levels: 0.0000
    Episode_Reward/joint_tracking_error: -0.4257
         Curriculum/polish_joint_vel_l2: -0.0010
      Episode_Reward/base_height_medium: 0.2441
          Curriculum/polish_ground_slam: -1.0000
        Episode_Reward/base_height_fine: 0.3832
            Episode_Reward/joint_vel_l2: -0.1605
        Episode_Reward/action_rate_rate: -1.9064
         Episode_Reward/ground_unloaded: -0.0739
              Episode_Reward/relaxation: -0.6305
           Episode_Reward/torso_upright: -0.0020
         Episode_Reward/severely_tilted: -0.0144
              Episode_Reward/torso_slam: -0.9413
              Episode_Reward/torso_roll: -0.1576
               Curriculum/adaptive_lift: 0.9983
               Episode_Reward/flat_feet: -0.1679
  Episode_Reward/feet_distance_standing: -0.0480
        Episode_Reward/illegal_contacts: -0.0278
           Episode_Reward/feet_distance: -0.0447
        Episode_Reward/joint_vel_limits: -0.0003
            Episode_Reward/joint_acc_l2: -0.0134
     Curriculum/polish_action_rate_rate: -0.1500
              Episode_Reward/not_moving: -0.3498
        Curriculum/random_fallen_states: 0.0000
     Episode_Reward/completely_airborne: -1.4680
       Episode_Reward/base_height_rough: 0.1640
           Episode_Reward/torque_limits: -0.1302
           Curriculum/polish_torso_slam: -5.0000
             Episode_Reward/action_rate: -4.2777
             Episode_Reward/ground_slam: -0.7408
        Episode_Reward/joint_torques_l2: -0.0993
      Episode_Termination/invalid_state: 0.0130
 Episode_Reward/joint_deviation_l1_arms: -0.0786
           Episode_Reward/body_velocity: -2.3376
           Episode_Reward/ankle_torques: -0.0208
           Episode_Termination/time_out: 0.0792
           Episode_Reward/forward_pitch: -0.0887
           Curriculum/polish_not_moving: -1.0000
           Episode_Reward/feet_yaw_mean: -0.1069
      Episode_Reward/joint_deviation_l1: -0.1319
        Episode_Reward/joint_pos_limits: -0.0017
            Metrics/height/height_error: 0.0000
--------------------------------------------------------------------------------
                         Iteration time: 1.18s
                           Time elapsed: 0:00:05
                                    ETA: 0:01:35

################################################################################
[1m                            Learning iteration 3/60                             [0m 

                               Run name: height_tracking_g1
                            Total steps: 393216 
                       Steps per second: 83096 
                        Collection time: 0.950s 
                          Learning time: 0.233s 
                        Mean value loss: 10.4778
                    Mean surrogate loss: -0.0117
                      Mean entropy loss: 40.9001
                     Mean symmetry loss: 0.0006
                   Mean l2c2_actor loss: 0.0013
                  Mean l2c2_critic loss: 0.0198
                            Mean reward: -331.80
                    Mean episode length: 81.14
                        Mean action std: 0.99
                    Entropy coefficient: 0.002500
              Episode_Reward/feet_slide: -0.1079
              Curriculum/terrain_levels: 0.0000
    Episode_Reward/joint_tracking_error: -0.6246
         Curriculum/polish_joint_vel_l2: -0.0010
      Episode_Reward/base_height_medium: 0.3591
          Curriculum/polish_ground_slam: -1.0000
        Episode_Reward/base_height_fine: 0.5728
            Episode_Reward/joint_vel_l2: -0.2350
        Episode_Reward/action_rate_rate: -2.6204
         Episode_Reward/ground_unloaded: -0.1078
              Episode_Reward/relaxation: -0.9057
           Episode_Reward/torso_upright: -0.0049
         Episode_Reward/severely_tilted: -0.0246
              Episode_Reward/torso_slam: -1.6835
              Episode_Reward/torso_roll: -0.2141
               Curriculum/adaptive_lift: 0.9959
               Episode_Reward/flat_feet: -0.2379
  Episode_Reward/feet_distance_standing: -0.0785
        Episode_Reward/illegal_contacts: -0.0420
           Episode_Reward/feet_distance: -0.0724
        Episode_Reward/joint_vel_limits: -0.0005
            Episode_Reward/joint_acc_l2: -0.0201
     Curriculum/polish_action_rate_rate: -0.1500
              Episode_Reward/not_moving: -0.5388
        Curriculum/random_fallen_states: 0.0000
     Episode_Reward/completely_airborne: -2.0871
       Episode_Reward/base_height_rough: 0.2352
           Episode_Reward/torque_limits: -0.1929
           Curriculum/polish_torso_slam: -5.0000
             Episode_Reward/action_rate: -5.8614
             Episode_Reward/ground_slam: -1.2885
        Episode_Reward/joint_torques_l2: -0.1417
      Episode_Termination/invalid_state: 0.0218
 Episode_Reward/joint_deviation_l1_arms: -0.1214
           Episode_Reward/body_velocity: -4.0907
           Episode_Reward/ankle_torques: -0.0303
           Episode_Termination/time_out: 0.1126
           Episode_Reward/forward_pitch: -0.1317
           Curriculum/polish_not_moving: -1.0000
           Episode_Reward/feet_yaw_mean: -0.1894
      Episode_Reward/joint_deviation_l1: -0.1940
        Episode_Reward/joint_pos_limits: -0.0026
            Metrics/height/height_error: 0.0000
--------------------------------------------------------------------------------
                         Iteration time: 1.18s
                           Time elapsed: 0:00:06
                                    ETA: 0:01:26

################################################################################
[1m                            Learning iteration 4/60                             [0m 

                               Run name: height_tracking_g1
                            Total steps: 491520 
                       Steps per second: 83281 
                        Collection time: 0.948s 
                          Learning time: 0.232s 
                        Mean value loss: 9.6427
                    Mean surrogate loss: -0.0123
                      Mean entropy loss: 40.8130
                     Mean symmetry loss: 0.0006
                   Mean l2c2_actor loss: 0.0015
                  Mean l2c2_critic loss: 0.0190
                            Mean reward: -402.07
                    Mean episode length: 95.90
                        Mean action std: 0.99
                    Entropy coefficient: 0.002500
              Episode_Reward/feet_slide: -0.1321
              Curriculum/terrain_levels: 0.0000
    Episode_Reward/joint_tracking_error: -0.7892
         Curriculum/polish_joint_vel_l2: -0.0010
      Episode_Reward/base_height_medium: 0.4168
          Curriculum/polish_ground_slam: -1.0000
        Episode_Reward/base_height_fine: 0.6502
            Episode_Reward/joint_vel_l2: -0.2900
        Episode_Reward/action_rate_rate: -3.2598
         Episode_Reward/ground_unloaded: -0.1320
              Episode_Reward/relaxation: -1.2835
           Episode_Reward/torso_upright: -0.0043
         Episode_Reward/severely_tilted: -0.0355
              Episode_Reward/torso_slam: -2.1430
              Episode_Reward/torso_roll: -0.2772
               Curriculum/adaptive_lift: 0.9935
               Episode_Reward/flat_feet: -0.3219
  Episode_Reward/feet_distance_standing: -0.1150
        Episode_Reward/illegal_contacts: -0.0556
           Episode_Reward/feet_distance: -0.1060
        Episode_Reward/joint_vel_limits: -0.0006
            Episode_Reward/joint_acc_l2: -0.0234
     Curriculum/polish_action_rate_rate: -0.1500
              Episode_Reward/not_moving: -0.6009
        Curriculum/random_fallen_states: 0.0000
     Episode_Reward/completely_airborne: -2.6955
       Episode_Reward/base_height_rough: 0.2822
           Episode_Reward/torque_limits: -0.2429
           Curriculum/polish_torso_slam: -5.0000
             Episode_Reward/action_rate: -7.3016
             Episode_Reward/ground_slam: -1.8520
        Episode_Reward/joint_torques_l2: -0.1763
      Episode_Termination/invalid_state: 0.0310
 Episode_Reward/joint_deviation_l1_arms: -0.1485
           Episode_Reward/body_velocity: -5.3705
           Episode_Reward/ankle_torques: -0.0362
           Episode_Termination/time_out: 0.1419
           Episode_Reward/forward_pitch: -0.1798
           Curriculum/polish_not_moving: -1.0000
           Episode_Reward/feet_yaw_mean: -0.2288
      Episode_Reward/joint_deviation_l1: -0.2182
        Episode_Reward/joint_pos_limits: -0.0033
            Metrics/height/height_error: 0.0921
--------------------------------------------------------------------------------
                         Iteration time: 1.18s
                           Time elapsed: 0:00:07
                                    ETA: 0:01:21

################################################################################
[1m                            Learning iteration 5/60                             [0m 

                               Run name: height_tracking_g1
                            Total steps: 589824 
                       Steps per second: 83493 
                        Collection time: 0.945s 
                          Learning time: 0.233s 
                        Mean value loss: 8.7969
                    Mean surrogate loss: -0.0133
                      Mean entropy loss: 40.7715
                     Mean symmetry loss: 0.0005
                   Mean l2c2_actor loss: 0.0017
                  Mean l2c2_critic loss: 0.0158
                            Mean reward: -526.65
                    Mean episode length: 119.34
                        Mean action std: 0.99
                    Entropy coefficient: 0.002500
              Episode_Reward/feet_slide: -0.1600
              Curriculum/terrain_levels: 0.0000
    Episode_Reward/joint_tracking_error: -0.9765
         Curriculum/polish_joint_vel_l2: -0.0010
      Episode_Reward/base_height_medium: 0.4611
          Curriculum/polish_ground_slam: -1.0000
        Episode_Reward/base_height_fine: 0.6972
            Episode_Reward/joint_vel_l2: -0.3567
        Episode_Reward/action_rate_rate: -3.9180
         Episode_Reward/ground_unloaded: -0.1415
              Episode_Reward/relaxation: -1.7633
           Episode_Reward/torso_upright: -0.0074
         Episode_Reward/severely_tilted: -0.0394
              Episode_Reward/torso_slam: -3.0238
              Episode_Reward/torso_roll: -0.3425
               Curriculum/adaptive_lift: 0.9911
               Episode_Reward/flat_feet: -0.3813
  Episode_Reward/feet_distance_standing: -0.1434
        Episode_Reward/illegal_contacts: -0.0710
           Episode_Reward/feet_distance: -0.1312
        Episode_Reward/joint_vel_limits: -0.0007
            Episode_Reward/joint_acc_l2: -0.0296
     Curriculum/polish_action_rate_rate: -0.1500
              Episode_Reward/not_moving: -0.6415
        Curriculum/random_fallen_states: 0.0000
     Episode_Reward/completely_airborne: -3.2199
       Episode_Reward/base_height_rough: 0.3230
           Episode_Reward/torque_limits: -0.2951
           Curriculum/polish_torso_slam: -5.0000
             Episode_Reward/action_rate: -8.7691
             Episode_Reward/ground_slam: -2.4271
        Episode_Reward/joint_torques_l2: -0.2137
      Episode_Termination/invalid_state: 0.0407
 Episode_Reward/joint_deviation_l1_arms: -0.1790
           Episode_Reward/body_velocity: -6.9042
           Episode_Reward/ankle_torques: -0.0476
           Episode_Termination/time_out: 0.1676
           Episode_Reward/forward_pitch: -0.2211
           Curriculum/polish_not_moving: -1.0000
           Episode_Reward/feet_yaw_mean: -0.2754
      Episode_Reward/joint_deviation_l1: -0.2635
        Episode_Reward/joint_pos_limits: -0.0041
            Metrics/height/height_error: 0.1032
--------------------------------------------------------------------------------
                         Iteration time: 1.18s
                           Time elapsed: 0:00:08
                                    ETA: 0:01:16

################################################################################
[1m                            Learning iteration 6/60                             [0m 

                               Run name: height_tracking_g1
                            Total steps: 688128 
                       Steps per second: 83452 
                        Collection time: 0.946s 
                          Learning time: 0.232s 
                        Mean value loss: 8.3895
                    Mean surrogate loss: -0.0135
                      Mean entropy loss: 40.7298
                     Mean symmetry loss: 0.0006
                   Mean l2c2_actor loss: 0.0019
                  Mean l2c2_critic loss: 0.0172
                            Mean reward: -526.73
                    Mean episode length: 139.78
                        Mean action std: 0.99
                    Entropy coefficient: 0.002500
              Episode_Reward/feet_slide: -0.1748
              Curriculum/terrain_levels: 0.0000
    Episode_Reward/joint_tracking_error: -0.9938
         Curriculum/polish_joint_vel_l2: -0.0010
      Episode_Reward/base_height_medium: 0.5927
          Curriculum/polish_ground_slam: -1.0000
        Episode_Reward/base_height_fine: 0.9347
            Episode_Reward/joint_vel_l2: -0.3728
        Episode_Reward/action_rate_rate: -4.4033
         Episode_Reward/ground_unloaded: -0.1649
              Episode_Reward/relaxation: -1.8187
           Episode_Reward/torso_upright: -0.0082
         Episode_Reward/severely_tilted: -0.0295
              Episode_Reward/torso_slam: -2.5284
              Episode_Reward/torso_roll: -0.3713
               Curriculum/adaptive_lift: 0.9887
               Episode_Reward/flat_feet: -0.4370
  Episode_Reward/feet_distance_standing: -0.1081
        Episode_Reward/illegal_contacts: -0.0764
           Episode_Reward/feet_distance: -0.1192
        Episode_Reward/joint_vel_limits: -0.0007
            Episode_Reward/joint_acc_l2: -0.0308
     Curriculum/polish_action_rate_rate: -0.1500
              Episode_Reward/not_moving: -0.8303
        Curriculum/random_fallen_states: 0.0000
     Episode_Reward/completely_airborne: -3.4932
       Episode_Reward/base_height_rough: 0.3932
           Episode_Reward/torque_limits: -0.3058
           Curriculum/polish_torso_slam: -5.0000
             Episode_Reward/action_rate: -9.8405
             Episode_Reward/ground_slam: -1.7779
        Episode_Reward/joint_torques_l2: -0.2329
      Episode_Termination/invalid_state: 0.0490
 Episode_Reward/joint_deviation_l1_arms: -0.1723
           Episode_Reward/body_velocity: -5.4152
           Episode_Reward/ankle_torques: -0.0523
           Episode_Termination/time_out: 0.1957
           Episode_Reward/forward_pitch: -0.2329
           Curriculum/polish_not_moving: -1.0000
           Episode_Reward/feet_yaw_mean: -0.2696
      Episode_Reward/joint_deviation_l1: -0.2676
        Episode_Reward/joint_pos_limits: -0.0040
            Metrics/height/height_error: 0.0758
--------------------------------------------------------------------------------
                         Iteration time: 1.18s
                           Time elapsed: 0:00:09
                                    ETA: 0:01:13

################################################################################
[1m                            Learning iteration 7/60                             [0m 

                               Run name: height_tracking_g1
                            Total steps: 786432 
                       Steps per second: 83589 
                        Collection time: 0.944s 
                          Learning time: 0.232s 
                        Mean value loss: 7.7883
                    Mean surrogate loss: -0.0127
                      Mean entropy loss: 40.6659
                     Mean symmetry loss: 0.0006
                   Mean l2c2_actor loss: 0.0021
                  Mean l2c2_critic loss: 0.0154
                            Mean reward: -585.23
                    Mean episode length: 160.49
                        Mean action std: 0.98
                    Entropy coefficient: 0.002500
              Episode_Reward/feet_slide: -0.2180
              Curriculum/terrain_levels: 0.0000
    Episode_Reward/joint_tracking_error: -1.2052
         Curriculum/polish_joint_vel_l2: -0.0010
      Episode_Reward/base_height_medium: 0.7583
          Curriculum/polish_ground_slam: -1.0000
        Episode_Reward/base_height_fine: 1.2163
            Episode_Reward/joint_vel_l2: -0.4468
        Episode_Reward/action_rate_rate: -5.3247
         Episode_Reward/ground_unloaded: -0.1955
              Episode_Reward/relaxation: -2.2131
           Episode_Reward/torso_upright: -0.0105
         Episode_Reward/severely_tilted: -0.0357
              Episode_Reward/torso_slam: -2.6732
              Episode_Reward/torso_roll: -0.4555
               Curriculum/adaptive_lift: 0.9863
               Episode_Reward/flat_feet: -0.5299
  Episode_Reward/feet_distance_standing: -0.1251
        Episode_Reward/illegal_contacts: -0.0963
           Episode_Reward/feet_distance: -0.1458
        Episode_Reward/joint_vel_limits: -0.0008
            Episode_Reward/joint_acc_l2: -0.0357
     Curriculum/polish_action_rate_rate: -0.1500
              Episode_Reward/not_moving: -1.1286
        Curriculum/random_fallen_states: 0.0000
     Episode_Reward/completely_airborne: -4.1217
       Episode_Reward/base_height_rough: 0.4959
           Episode_Reward/torque_limits: -0.3686
           Curriculum/polish_torso_slam: -5.0000
             Episode_Reward/action_rate: -11.8981
             Episode_Reward/ground_slam: -2.1407
        Episode_Reward/joint_torques_l2: -0.2777
      Episode_Termination/invalid_state: 0.0545
 Episode_Reward/joint_deviation_l1_arms: -0.1963
           Episode_Reward/body_velocity: -6.1149
           Episode_Reward/ankle_torques: -0.0628
           Episode_Termination/time_out: 0.2241
           Episode_Reward/forward_pitch: -0.2748
           Curriculum/polish_not_moving: -1.0000
           Episode_Reward/feet_yaw_mean: -0.3246
      Episode_Reward/joint_deviation_l1: -0.2936
        Episode_Reward/joint_pos_limits: -0.0048
            Metrics/height/height_error: 0.0847
--------------------------------------------------------------------------------
                         Iteration time: 1.18s
                           Time elapsed: 0:00:10
                                    ETA: 0:01:10

################################################################################
[1m                            Learning iteration 8/60                             [0m 

                               Run name: height_tracking_g1
                            Total steps: 884736 
                       Steps per second: 83635 
                        Collection time: 0.943s 
                          Learning time: 0.233s 
                        Mean value loss: 7.5612
                    Mean surrogate loss: -0.0124
                      Mean entropy loss: 40.6241
                     Mean symmetry loss: 0.0007
                   Mean l2c2_actor loss: 0.0023
                  Mean l2c2_critic loss: 0.0166
                            Mean reward: -716.00
                    Mean episode length: 189.03
                        Mean action std: 0.98
                    Entropy coefficient: 0.002500
              Episode_Reward/feet_slide: -0.2596
              Curriculum/terrain_levels: 0.0000
    Episode_Reward/joint_tracking_error: -1.4200
         Curriculum/polish_joint_vel_l2: -0.0010
      Episode_Reward/base_height_medium: 0.8360
          Curriculum/polish_ground_slam: -1.0000
        Episode_Reward/base_height_fine: 1.3242
            Episode_Reward/joint_vel_l2: -0.5279
        Episode_Reward/action_rate_rate: -6.2432
         Episode_Reward/ground_unloaded: -0.2291
              Episode_Reward/relaxation: -2.5901
           Episode_Reward/torso_upright: -0.0144
         Episode_Reward/severely_tilted: -0.0369
              Episode_Reward/torso_slam: -3.2390
              Episode_Reward/torso_roll: -0.5363
               Curriculum/adaptive_lift: 0.9840
               Episode_Reward/flat_feet: -0.6111
  Episode_Reward/feet_distance_standing: -0.1594
        Episode_Reward/illegal_contacts: -0.1101
           Episode_Reward/feet_distance: -0.1728
        Episode_Reward/joint_vel_limits: -0.0010
            Episode_Reward/joint_acc_l2: -0.0425
     Curriculum/polish_action_rate_rate: -0.1500
              Episode_Reward/not_moving: -1.1640
        Curriculum/random_fallen_states: 0.0000
     Episode_Reward/completely_airborne: -4.9878
       Episode_Reward/base_height_rough: 0.5614
           Episode_Reward/torque_limits: -0.4314
           Curriculum/polish_torso_slam: -5.0000
             Episode_Reward/action_rate: -13.9451
             Episode_Reward/ground_slam: -2.7699
        Episode_Reward/joint_torques_l2: -0.3301
      Episode_Termination/invalid_state: 0.0607
 Episode_Reward/joint_deviation_l1_arms: -0.2499
           Episode_Reward/body_velocity: -7.4380
           Episode_Reward/ankle_torques: -0.0700
           Episode_Termination/time_out: 0.2545
           Episode_Reward/forward_pitch: -0.3340
           Curriculum/polish_not_moving: -1.0000
           Episode_Reward/feet_yaw_mean: -0.3858
      Episode_Reward/joint_deviation_l1: -0.3821
        Episode_Reward/joint_pos_limits: -0.0058
            Metrics/height/height_error: 0.1070
--------------------------------------------------------------------------------
                         Iteration time: 1.18s
                           Time elapsed: 0:00:12
                                    ETA: 0:01:08

################################################################################
[1m                            Learning iteration 9/60                             [0m 

                               Run name: height_tracking_g1
                            Total steps: 983040 
                       Steps per second: 83217 
                        Collection time: 0.949s 
                          Learning time: 0.233s 
                        Mean value loss: 6.9251
                    Mean surrogate loss: -0.0119
                      Mean entropy loss: 40.5827
                     Mean symmetry loss: 0.0007
                   Mean l2c2_actor loss: 0.0025
                  Mean l2c2_critic loss: 0.0188
                            Mean reward: -789.80
                    Mean episode length: 213.49
                        Mean action std: 0.98
                    Entropy coefficient: 0.002500
              Episode_Reward/feet_slide: -0.2834
              Curriculum/terrain_levels: 0.0000
    Episode_Reward/joint_tracking_error: -1.5705
         Curriculum/polish_joint_vel_l2: -0.0010
      Episode_Reward/base_height_medium: 0.9773
          Curriculum/polish_ground_slam: -1.0000
        Episode_Reward/base_height_fine: 1.5487
            Episode_Reward/joint_vel_l2: -0.5752
        Episode_Reward/action_rate_rate: -7.1676
         Episode_Reward/ground_unloaded: -0.2686
              Episode_Reward/relaxation: -2.9025
           Episode_Reward/torso_upright: -0.0178
         Episode_Reward/severely_tilted: -0.0384
              Episode_Reward/torso_slam: -3.6080
              Episode_Reward/torso_roll: -0.6031
               Curriculum/adaptive_lift: 0.9825
               Episode_Reward/flat_feet: -0.7233
  Episode_Reward/feet_distance_standing: -0.1614
        Episode_Reward/illegal_contacts: -0.1237
           Episode_Reward/feet_distance: -0.1833
        Episode_Reward/joint_vel_limits: -0.0010
            Episode_Reward/joint_acc_l2: -0.0462
     Curriculum/polish_action_rate_rate: -0.1500
              Episode_Reward/not_moving: -1.3211
        Curriculum/random_fallen_states: 0.0000
     Episode_Reward/completely_airborne: -5.6473
       Episode_Reward/base_height_rough: 0.6470
           Episode_Reward/torque_limits: -0.4814
           Curriculum/polish_torso_slam: -5.0000
             Episode_Reward/action_rate: -16.0115
             Episode_Reward/ground_slam: -2.7444
        Episode_Reward/joint_torques_l2: -0.3699
      Episode_Termination/invalid_state: 0.0665
 Episode_Reward/joint_deviation_l1_arms: -0.2598
           Episode_Reward/body_velocity: -8.0566
           Episode_Reward/ankle_torques: -0.0811
           Episode_Termination/time_out: 0.2868
           Episode_Reward/forward_pitch: -0.3672
           Curriculum/polish_not_moving: -1.0000
           Episode_Reward/feet_yaw_mean: -0.3837
      Episode_Reward/joint_deviation_l1: -0.3989
        Episode_Reward/joint_pos_limits: -0.0063
            Metrics/height/height_error: 0.1091
--------------------------------------------------------------------------------
                         Iteration time: 1.18s
                           Time elapsed: 0:00:13
                                    ETA: 0:01:06

################################################################################
[1m                            Learning iteration 10/60                            [0m 

                               Run name: height_tracking_g1
                            Total steps: 1081344 
                       Steps per second: 83311 
                        Collection time: 0.948s 
                          Learning time: 0.232s 
                        Mean value loss: 6.5427
                    Mean surrogate loss: -0.0113
                      Mean entropy loss: 40.5125
                     Mean symmetry loss: 0.0007
                   Mean l2c2_actor loss: 0.0026
                  Mean l2c2_critic loss: 0.0235
                            Mean reward: -840.28
                    Mean episode length: 231.96
                        Mean action std: 0.98
                    Entropy coefficient: 0.002500
              Episode_Reward/feet_slide: -0.3152
              Curriculum/terrain_levels: 0.0000
    Episode_Reward/joint_tracking_error: -1.7476
         Curriculum/polish_joint_vel_l2: -0.0010
      Episode_Reward/base_height_medium: 1.1373
          Curriculum/polish_ground_slam: -1.0000
        Episode_Reward/base_height_fine: 1.8115
            Episode_Reward/joint_vel_l2: -0.6418
        Episode_Reward/action_rate_rate: -7.7121
         Episode_Reward/ground_unloaded: -0.3053
              Episode_Reward/relaxation: -2.9075
           Episode_Reward/torso_upright: -0.0160
         Episode_Reward/severely_tilted: -0.0452
              Episode_Reward/torso_slam: -3.8784
              Episode_Reward/torso_roll: -0.6708
               Curriculum/adaptive_lift: 0.9824
               Episode_Reward/flat_feet: -0.7825
  Episode_Reward/feet_distance_standing: -0.1771
        Episode_Reward/illegal_contacts: -0.1476
           Episode_Reward/feet_distance: -0.2101
        Episode_Reward/joint_vel_limits: -0.0012
            Episode_Reward/joint_acc_l2: -0.0519
     Curriculum/polish_action_rate_rate: -0.1500
              Episode_Reward/not_moving: -1.6345
        Curriculum/random_fallen_states: 0.0000
     Episode_Reward/completely_airborne: -5.9392
       Episode_Reward/base_height_rough: 0.7384
           Episode_Reward/torque_limits: -0.5292
           Curriculum/polish_torso_slam: -5.0000
             Episode_Reward/action_rate: -17.2263
             Episode_Reward/ground_slam: -2.9705
        Episode_Reward/joint_torques_l2: -0.4087
      Episode_Termination/invalid_state: 0.0715
 Episode_Reward/joint_deviation_l1_arms: -0.2821
           Episode_Reward/body_velocity: -8.4968
           Episode_Reward/ankle_torques: -0.0860
           Episode_Termination/time_out: 0.3181
           Episode_Reward/forward_pitch: -0.4490
           Curriculum/polish_not_moving: -1.0000
           Episode_Reward/feet_yaw_mean: -0.4370
      Episode_Reward/joint_deviation_l1: -0.4199
        Episode_Reward/joint_pos_limits: -0.0071
            Metrics/height/height_error: 0.1133
--------------------------------------------------------------------------------
                         Iteration time: 1.18s
                           Time elapsed: 0:00:14
                                    ETA: 0:01:04

################################################################################
[1m                            Learning iteration 11/60                            [0m 

                               Run name: height_tracking_g1
                            Total steps: 1179648 
                       Steps per second: 83758 
                        Collection time: 0.941s 
                          Learning time: 0.232s 
                        Mean value loss: 6.5416
                    Mean surrogate loss: -0.0114
                      Mean entropy loss: 40.4766
                     Mean symmetry loss: 0.0008
                   Mean l2c2_actor loss: 0.0029
                  Mean l2c2_critic loss: 0.0253
                            Mean reward: -895.43
                    Mean episode length: 250.21
                        Mean action std: 0.98
                    Entropy coefficient: 0.002500
              Episode_Reward/feet_slide: -0.3388
              Curriculum/terrain_levels: 0.0000
    Episode_Reward/joint_tracking_error: -1.8060
         Curriculum/polish_joint_vel_l2: -0.0010
      Episode_Reward/base_height_medium: 1.1471
          Curriculum/polish_ground_slam: -1.0000
        Episode_Reward/base_height_fine: 1.8300
            Episode_Reward/joint_vel_l2: -0.6661
        Episode_Reward/action_rate_rate: -8.2545
         Episode_Reward/ground_unloaded: -0.2955
              Episode_Reward/relaxation: -3.6166
           Episode_Reward/torso_upright: -0.0164
         Episode_Reward/severely_tilted: -0.0402
              Episode_Reward/torso_slam: -3.8638
              Episode_Reward/torso_roll: -0.7231
               Curriculum/adaptive_lift: 0.9824
               Episode_Reward/flat_feet: -0.8584
  Episode_Reward/feet_distance_standing: -0.1789
        Episode_Reward/illegal_contacts: -0.1593
           Episode_Reward/feet_distance: -0.2221
        Episode_Reward/joint_vel_limits: -0.0012
            Episode_Reward/joint_acc_l2: -0.0523
     Curriculum/polish_action_rate_rate: -0.1500
              Episode_Reward/not_moving: -1.6377
        Curriculum/random_fallen_states: 0.0000
     Episode_Reward/completely_airborne: -6.4414
       Episode_Reward/base_height_rough: 0.7587
           Episode_Reward/torque_limits: -0.5490
           Curriculum/polish_torso_slam: -5.0000
             Episode_Reward/action_rate: -18.4402
             Episode_Reward/ground_slam: -2.9898
        Episode_Reward/joint_torques_l2: -0.4246
      Episode_Termination/invalid_state: 0.0775
 Episode_Reward/joint_deviation_l1_arms: -0.2709
           Episode_Reward/body_velocity: -8.3199
           Episode_Reward/ankle_torques: -0.0885
           Episode_Termination/time_out: 0.3473
           Episode_Reward/forward_pitch: -0.4573
           Curriculum/polish_not_moving: -1.0000
           Episode_Reward/feet_yaw_mean: -0.4632
      Episode_Reward/joint_deviation_l1: -0.3972
        Episode_Reward/joint_pos_limits: -0.0074
            Metrics/height/height_error: 0.1058
--------------------------------------------------------------------------------
                         Iteration time: 1.17s
                           Time elapsed: 0:00:15
                                    ETA: 0:01:02

################################################################################
[1m                            Learning iteration 12/60                            [0m 

                               Run name: height_tracking_g1
                            Total steps: 1277952 
                       Steps per second: 83188 
                        Collection time: 0.950s 
                          Learning time: 0.232s 
                        Mean value loss: 6.1633
                    Mean surrogate loss: -0.0098
                      Mean entropy loss: 40.4167
                     Mean symmetry loss: 0.0009
                   Mean l2c2_actor loss: 0.0029
                  Mean l2c2_critic loss: 0.0310
                            Mean reward: -993.69
                    Mean episode length: 281.69
                        Mean action std: 0.98
                    Entropy coefficient: 0.002500
              Episode_Reward/feet_slide: -0.3700
              Curriculum/terrain_levels: 0.0000
    Episode_Reward/joint_tracking_error: -2.0275
         Curriculum/polish_joint_vel_l2: -0.0010
      Episode_Reward/base_height_medium: 1.3280
          Curriculum/polish_ground_slam: -1.0000
        Episode_Reward/base_height_fine: 2.1357
            Episode_Reward/joint_vel_l2: -0.7557
        Episode_Reward/action_rate_rate: -8.9560
         Episode_Reward/ground_unloaded: -0.3469
              Episode_Reward/relaxation: -3.3803
           Episode_Reward/torso_upright: -0.0279
         Episode_Reward/severely_tilted: -0.0556
              Episode_Reward/torso_slam: -5.0241
              Episode_Reward/torso_roll: -0.7708
               Curriculum/adaptive_lift: 0.9824
               Episode_Reward/flat_feet: -0.8967
  Episode_Reward/feet_distance_standing: -0.2325
        Episode_Reward/illegal_contacts: -0.1647
           Episode_Reward/feet_distance: -0.2473
        Episode_Reward/joint_vel_limits: -0.0014
            Episode_Reward/joint_acc_l2: -0.0603
     Curriculum/polish_action_rate_rate: -0.1500
              Episode_Reward/not_moving: -1.9500
        Curriculum/random_fallen_states: 0.0000
     Episode_Reward/completely_airborne: -7.1383
       Episode_Reward/base_height_rough: 0.8645
           Episode_Reward/torque_limits: -0.6052
           Curriculum/polish_torso_slam: -5.0000
             Episode_Reward/action_rate: -20.0291
             Episode_Reward/ground_slam: -3.7900
        Episode_Reward/joint_torques_l2: -0.4711
      Episode_Termination/invalid_state: 0.0860
 Episode_Reward/joint_deviation_l1_arms: -0.3536
           Episode_Reward/body_velocity: -10.8144
           Episode_Reward/ankle_torques: -0.1036
           Episode_Termination/time_out: 0.3720
           Episode_Reward/forward_pitch: -0.4896
           Curriculum/polish_not_moving: -1.0000
           Episode_Reward/feet_yaw_mean: -0.5032
      Episode_Reward/joint_deviation_l1: -0.5329
        Episode_Reward/joint_pos_limits: -0.0083
            Metrics/height/height_error: 0.1250
--------------------------------------------------------------------------------
                         Iteration time: 1.18s
                           Time elapsed: 0:00:16
                                    ETA: 0:01:00

################################################################################
[1m                            Learning iteration 13/60                            [0m 

                               Run name: height_tracking_g1
                            Total steps: 1376256 
                       Steps per second: 83442 
                        Collection time: 0.946s 
                          Learning time: 0.232s 
                        Mean value loss: 5.7193
                    Mean surrogate loss: -0.0112
                      Mean entropy loss: 40.3691
                     Mean symmetry loss: 0.0009
                   Mean l2c2_actor loss: 0.0031
                  Mean l2c2_critic loss: 0.0332
                            Mean reward: -941.15
                    Mean episode length: 276.70
                        Mean action std: 0.97
                    Entropy coefficient: 0.002500
              Episode_Reward/feet_slide: -0.3726
              Curriculum/terrain_levels: 0.0000
    Episode_Reward/joint_tracking_error: -1.9818
         Curriculum/polish_joint_vel_l2: -0.0010
      Episode_Reward/base_height_medium: 1.2822
          Curriculum/polish_ground_slam: -1.0000
        Episode_Reward/base_height_fine: 2.0164
            Episode_Reward/joint_vel_l2: -0.7252
        Episode_Reward/action_rate_rate: -9.2147
         Episode_Reward/ground_unloaded: -0.3523
              Episode_Reward/relaxation: -3.7012
           Episode_Reward/torso_upright: -0.0187
         Episode_Reward/severely_tilted: -0.0445
              Episode_Reward/torso_slam: -4.5174
              Episode_Reward/torso_roll: -0.7925
               Curriculum/adaptive_lift: 0.9824
               Episode_Reward/flat_feet: -0.9672
  Episode_Reward/feet_distance_standing: -0.1905
        Episode_Reward/illegal_contacts: -0.1749
           Episode_Reward/feet_distance: -0.2479
        Episode_Reward/joint_vel_limits: -0.0012
            Episode_Reward/joint_acc_l2: -0.0589
     Curriculum/polish_action_rate_rate: -0.1500
              Episode_Reward/not_moving: -1.7094
        Curriculum/random_fallen_states: 0.0000
     Episode_Reward/completely_airborne: -7.0056
       Episode_Reward/base_height_rough: 0.8531
           Episode_Reward/torque_limits: -0.6067
           Curriculum/polish_torso_slam: -5.0000
             Episode_Reward/action_rate: -20.5879
             Episode_Reward/ground_slam: -3.3732
        Episode_Reward/joint_torques_l2: -0.4760
      Episode_Termination/invalid_state: 0.0931
 Episode_Reward/joint_deviation_l1_arms: -0.2926
           Episode_Reward/body_velocity: -9.2064
           Episode_Reward/ankle_torques: -0.0968
           Episode_Termination/time_out: 0.4008
           Episode_Reward/forward_pitch: -0.5145
           Curriculum/polish_not_moving: -1.0000
           Episode_Reward/feet_yaw_mean: -0.5002
      Episode_Reward/joint_deviation_l1: -0.4427
        Episode_Reward/joint_pos_limits: -0.0080
            Metrics/height/height_error: 0.1242
--------------------------------------------------------------------------------
                         Iteration time: 1.18s
                           Time elapsed: 0:00:17
                                    ETA: 0:00:59

################################################################################
[1m                            Learning iteration 14/60                            [0m 

                               Run name: height_tracking_g1
                            Total steps: 1474560 
                       Steps per second: 83715 
                        Collection time: 0.942s 
                          Learning time: 0.232s 
                        Mean value loss: 5.4566
                    Mean surrogate loss: -0.0099
                      Mean entropy loss: 40.3049
                     Mean symmetry loss: 0.0010
                   Mean l2c2_actor loss: 0.0032
                  Mean l2c2_critic loss: 0.0341
                            Mean reward: -1076.82
                    Mean episode length: 317.76
                        Mean action std: 0.97
                    Entropy coefficient: 0.002500
              Episode_Reward/feet_slide: -0.4253
              Curriculum/terrain_levels: 0.0000
    Episode_Reward/joint_tracking_error: -2.2363
         Curriculum/polish_joint_vel_l2: -0.0010
      Episode_Reward/base_height_medium: 1.4041
          Curriculum/polish_ground_slam: -1.0000
        Episode_Reward/base_height_fine: 2.2216
            Episode_Reward/joint_vel_l2: -0.8217
        Episode_Reward/action_rate_rate: -10.4227
         Episode_Reward/ground_unloaded: -0.3662
              Episode_Reward/relaxation: -4.7918
           Episode_Reward/torso_upright: -0.0281
         Episode_Reward/severely_tilted: -0.0467
              Episode_Reward/torso_slam: -4.6320
              Episode_Reward/torso_roll: -0.8911
               Curriculum/adaptive_lift: 0.9824
               Episode_Reward/flat_feet: -1.0811
  Episode_Reward/feet_distance_standing: -0.2311
        Episode_Reward/illegal_contacts: -0.1935
           Episode_Reward/feet_distance: -0.2720
        Episode_Reward/joint_vel_limits: -0.0014
            Episode_Reward/joint_acc_l2: -0.0658
     Curriculum/polish_action_rate_rate: -0.1500
              Episode_Reward/not_moving: -1.9166
        Curriculum/random_fallen_states: 0.0000
     Episode_Reward/completely_airborne: -8.0912
       Episode_Reward/base_height_rough: 0.9468
           Episode_Reward/torque_limits: -0.6958
           Curriculum/polish_torso_slam: -5.0000
             Episode_Reward/action_rate: -23.3134
             Episode_Reward/ground_slam: -3.5839
        Episode_Reward/joint_torques_l2: -0.5371
      Episode_Termination/invalid_state: 0.0973
 Episode_Reward/joint_deviation_l1_arms: -0.3424
           Episode_Reward/body_velocity: -9.7839
           Episode_Reward/ankle_torques: -0.1219
           Episode_Termination/time_out: 0.4282
           Episode_Reward/forward_pitch: -0.5603
           Curriculum/polish_not_moving: -1.0000
           Episode_Reward/feet_yaw_mean: -0.5355
      Episode_Reward/joint_deviation_l1: -0.5019
        Episode_Reward/joint_pos_limits: -0.0091
            Metrics/height/height_error: 0.1125
--------------------------------------------------------------------------------
                         Iteration time: 1.17s
                           Time elapsed: 0:00:19
                                    ETA: 0:00:57

################################################################################
[1m                            Learning iteration 15/60                            [0m 

                               Run name: height_tracking_g1
                            Total steps: 1572864 
                       Steps per second: 83576 
                        Collection time: 0.944s 
                          Learning time: 0.232s 
                        Mean value loss: 5.3766
                    Mean surrogate loss: -0.0110
                      Mean entropy loss: 40.2679
                     Mean symmetry loss: 0.0010
                   Mean l2c2_actor loss: 0.0033
                  Mean l2c2_critic loss: 0.0413
                            Mean reward: -1105.20
                    Mean episode length: 321.94
                        Mean action std: 0.97
                    Entropy coefficient: 0.002500
              Episode_Reward/feet_slide: -0.4298
              Curriculum/terrain_levels: 0.0000
    Episode_Reward/joint_tracking_error: -2.2575
         Curriculum/polish_joint_vel_l2: -0.0010
      Episode_Reward/base_height_medium: 1.4628
          Curriculum/polish_ground_slam: -1.0000
        Episode_Reward/base_height_fine: 2.3346
            Episode_Reward/joint_vel_l2: -0.8290
        Episode_Reward/action_rate_rate: -10.6597
         Episode_Reward/ground_unloaded: -0.3843
              Episode_Reward/relaxation: -4.5891
           Episode_Reward/torso_upright: -0.0272
         Episode_Reward/severely_tilted: -0.0527
              Episode_Reward/torso_slam: -4.5048
              Episode_Reward/torso_roll: -0.9277
               Curriculum/adaptive_lift: 0.9824
               Episode_Reward/flat_feet: -1.1122
  Episode_Reward/feet_distance_standing: -0.2230
        Episode_Reward/illegal_contacts: -0.2000
           Episode_Reward/feet_distance: -0.2829
        Episode_Reward/joint_vel_limits: -0.0014
            Episode_Reward/joint_acc_l2: -0.0670
     Curriculum/polish_action_rate_rate: -0.1500
              Episode_Reward/not_moving: -2.0303
        Curriculum/random_fallen_states: 0.0000
     Episode_Reward/completely_airborne: -8.2802
       Episode_Reward/base_height_rough: 0.9760
           Episode_Reward/torque_limits: -0.6957
           Curriculum/polish_torso_slam: -5.0000
             Episode_Reward/action_rate: -23.8217
             Episode_Reward/ground_slam: -3.6439
        Episode_Reward/joint_torques_l2: -0.5470
      Episode_Termination/invalid_state: 0.1014
 Episode_Reward/joint_deviation_l1_arms: -0.3385
           Episode_Reward/body_velocity: -10.2864
           Episode_Reward/ankle_torques: -0.1151
           Episode_Termination/time_out: 0.4562
           Episode_Reward/forward_pitch: -0.5640
           Curriculum/polish_not_moving: -1.0000
           Episode_Reward/feet_yaw_mean: -0.5427
      Episode_Reward/joint_deviation_l1: -0.5090
        Episode_Reward/joint_pos_limits: -0.0090
            Metrics/height/height_error: 0.1230
--------------------------------------------------------------------------------
                         Iteration time: 1.18s
                           Time elapsed: 0:00:20
                                    ETA: 0:00:55

################################################################################
[1m                            Learning iteration 16/60                            [0m 

                               Run name: height_tracking_g1
                            Total steps: 1671168 
                       Steps per second: 83724 
                        Collection time: 0.942s 
                          Learning time: 0.232s 
                        Mean value loss: 5.1372
                    Mean surrogate loss: -0.0079
                      Mean entropy loss: 40.2118
                     Mean symmetry loss: 0.0011
                   Mean l2c2_actor loss: 0.0033
                  Mean l2c2_critic loss: 0.0309
                            Mean reward: -1192.36
                    Mean episode length: 352.02
                        Mean action std: 0.97
                    Entropy coefficient: 0.002500
              Episode_Reward/feet_slide: -0.4681
              Curriculum/terrain_levels: 0.0000
    Episode_Reward/joint_tracking_error: -2.4251
         Curriculum/polish_joint_vel_l2: -0.0010
      Episode_Reward/base_height_medium: 1.5672
          Curriculum/polish_ground_slam: -1.0000
        Episode_Reward/base_height_fine: 2.4866
            Episode_Reward/joint_vel_l2: -0.9081
        Episode_Reward/action_rate_rate: -11.3222
         Episode_Reward/ground_unloaded: -0.4124
              Episode_Reward/relaxation: -4.8588
           Episode_Reward/torso_upright: -0.0269
         Episode_Reward/severely_tilted: -0.0498
              Episode_Reward/torso_slam: -5.0207
              Episode_Reward/torso_roll: -0.9839
               Curriculum/adaptive_lift: 0.9824
               Episode_Reward/flat_feet: -1.2006
  Episode_Reward/feet_distance_standing: -0.2308
        Episode_Reward/illegal_contacts: -0.2275
           Episode_Reward/feet_distance: -0.2832
        Episode_Reward/joint_vel_limits: -0.0016
            Episode_Reward/joint_acc_l2: -0.0709
     Curriculum/polish_action_rate_rate: -0.1500
              Episode_Reward/not_moving: -2.1539
        Curriculum/random_fallen_states: 0.0000
     Episode_Reward/completely_airborne: -8.7734
       Episode_Reward/base_height_rough: 1.0437
           Episode_Reward/torque_limits: -0.7342
           Curriculum/polish_torso_slam: -5.0000
             Episode_Reward/action_rate: -25.3258
             Episode_Reward/ground_slam: -3.8983
        Episode_Reward/joint_torques_l2: -0.5759
      Episode_Termination/invalid_state: 0.1064
 Episode_Reward/joint_deviation_l1_arms: -0.3661
           Episode_Reward/body_velocity: -11.1447
           Episode_Reward/ankle_torques: -0.1253
           Episode_Termination/time_out: 0.4800
           Episode_Reward/forward_pitch: -0.6277
           Curriculum/polish_not_moving: -1.0000
           Episode_Reward/feet_yaw_mean: -0.6098
      Episode_Reward/joint_deviation_l1: -0.5582
        Episode_Reward/joint_pos_limits: -0.0099
            Metrics/height/height_error: 0.1088
--------------------------------------------------------------------------------
                         Iteration time: 1.17s
                           Time elapsed: 0:00:21
                                    ETA: 0:00:54

################################################################################
[1m                            Learning iteration 17/60                            [0m 

                               Run name: height_tracking_g1
                            Total steps: 1769472 
                       Steps per second: 83701 
                        Collection time: 0.942s 
                          Learning time: 0.233s 
                        Mean value loss: 4.8474
                    Mean surrogate loss: -0.0108
                      Mean entropy loss: 40.1515
                     Mean symmetry loss: 0.0011
                   Mean l2c2_actor loss: 0.0034
                  Mean l2c2_critic loss: 0.0281
                            Mean reward: -1288.71
                    Mean episode length: 387.51
                        Mean action std: 0.97
                    Entropy coefficient: 0.002500
              Episode_Reward/feet_slide: -0.5189
              Curriculum/terrain_levels: 0.0000
    Episode_Reward/joint_tracking_error: -2.6328
         Curriculum/polish_joint_vel_l2: -0.0010
      Episode_Reward/base_height_medium: 1.9630
          Curriculum/polish_ground_slam: -1.0000
        Episode_Reward/base_height_fine: 3.2134
            Episode_Reward/joint_vel_l2: -0.9783
        Episode_Reward/action_rate_rate: -12.4386
         Episode_Reward/ground_unloaded: -0.4939
              Episode_Reward/relaxation: -4.4649
           Episode_Reward/torso_upright: -0.0399
         Episode_Reward/severely_tilted: -0.0443
              Episode_Reward/torso_slam: -5.4399
              Episode_Reward/torso_roll: -1.0573
               Curriculum/adaptive_lift: 0.9824
               Episode_Reward/flat_feet: -1.2530
  Episode_Reward/feet_distance_standing: -0.2977
        Episode_Reward/illegal_contacts: -0.2379
           Episode_Reward/feet_distance: -0.3432
        Episode_Reward/joint_vel_limits: -0.0016
            Episode_Reward/joint_acc_l2: -0.0779
     Curriculum/polish_action_rate_rate: -0.1500
              Episode_Reward/not_moving: -2.8188
        Curriculum/random_fallen_states: 0.0000
     Episode_Reward/completely_airborne: -9.7498
       Episode_Reward/base_height_rough: 1.2482
           Episode_Reward/torque_limits: -0.8108
           Curriculum/polish_torso_slam: -5.0000
             Episode_Reward/action_rate: -27.8147
             Episode_Reward/ground_slam: -4.1388
        Episode_Reward/joint_torques_l2: -0.6380
      Episode_Termination/invalid_state: 0.1103
 Episode_Reward/joint_deviation_l1_arms: -0.4201
           Episode_Reward/body_velocity: -11.3514
           Episode_Reward/ankle_torques: -0.1261
           Episode_Termination/time_out: 0.5043
           Episode_Reward/forward_pitch: -0.6782
           Curriculum/polish_not_moving: -1.0000
           Episode_Reward/feet_yaw_mean: -0.6687
      Episode_Reward/joint_deviation_l1: -0.6532
        Episode_Reward/joint_pos_limits: -0.0107
            Metrics/height/height_error: 0.1222
--------------------------------------------------------------------------------
                         Iteration time: 1.17s
                           Time elapsed: 0:00:22
                                    ETA: 0:00:52

################################################################################
[1m                            Learning iteration 18/60                            [0m 

                               Run name: height_tracking_g1
                            Total steps: 1867776 
                       Steps per second: 83656 
                        Collection time: 0.943s 
                          Learning time: 0.233s 
                        Mean value loss: 4.8104
                    Mean surrogate loss: -0.0105
                      Mean entropy loss: 40.1144
                     Mean symmetry loss: 0.0012
                   Mean l2c2_actor loss: 0.0035
                  Mean l2c2_critic loss: 0.0317
                            Mean reward: -1366.93
                    Mean episode length: 409.33
                        Mean action std: 0.97
                    Entropy coefficient: 0.002500
              Episode_Reward/feet_slide: -0.5435
              Curriculum/terrain_levels: 0.0000
    Episode_Reward/joint_tracking_error: -2.8137
         Curriculum/polish_joint_vel_l2: -0.0010
      Episode_Reward/base_height_medium: 2.0910
          Curriculum/polish_ground_slam: -1.0000
        Episode_Reward/base_height_fine: 3.4203
            Episode_Reward/joint_vel_l2: -1.0463
        Episode_Reward/action_rate_rate: -13.1528
         Episode_Reward/ground_unloaded: -0.5168
              Episode_Reward/relaxation: -4.7909
           Episode_Reward/torso_upright: -0.0434
         Episode_Reward/severely_tilted: -0.0571
              Episode_Reward/torso_slam: -6.0098
              Episode_Reward/torso_roll: -1.1121
               Curriculum/adaptive_lift: 0.9824
               Episode_Reward/flat_feet: -1.3366
  Episode_Reward/feet_distance_standing: -0.3063
        Episode_Reward/illegal_contacts: -0.2393
           Episode_Reward/feet_distance: -0.3459
        Episode_Reward/joint_vel_limits: -0.0018
            Episode_Reward/joint_acc_l2: -0.0841
     Curriculum/polish_action_rate_rate: -0.1500
              Episode_Reward/not_moving: -3.0384
        Curriculum/random_fallen_states: 0.0000
     Episode_Reward/completely_airborne: -10.3755
       Episode_Reward/base_height_rough: 1.3315
           Episode_Reward/torque_limits: -0.8559
           Curriculum/polish_torso_slam: -5.0000
             Episode_Reward/action_rate: -29.4173
             Episode_Reward/ground_slam: -4.4896
        Episode_Reward/joint_torques_l2: -0.6804
      Episode_Termination/invalid_state: 0.1142
 Episode_Reward/joint_deviation_l1_arms: -0.4805
           Episode_Reward/body_velocity: -12.0649
           Episode_Reward/ankle_torques: -0.1486
           Episode_Termination/time_out: 0.5262
           Episode_Reward/forward_pitch: -0.6604
           Curriculum/polish_not_moving: -1.0000
           Episode_Reward/feet_yaw_mean: -0.7168
      Episode_Reward/joint_deviation_l1: -0.7381
        Episode_Reward/joint_pos_limits: -0.0115
            Metrics/height/height_error: 0.1385
--------------------------------------------------------------------------------
                         Iteration time: 1.18s
                           Time elapsed: 0:00:23
                                    ETA: 0:00:51

################################################################################
[1m                            Learning iteration 19/60                            [0m 

                               Run name: height_tracking_g1
                            Total steps: 1966080 
                       Steps per second: 83666 
                        Collection time: 0.942s 
                          Learning time: 0.233s 
                        Mean value loss: 4.6623
                    Mean surrogate loss: -0.0103
                      Mean entropy loss: 40.0600
                     Mean symmetry loss: 0.0012
                   Mean l2c2_actor loss: 0.0035
                  Mean l2c2_critic loss: 0.0364
                            Mean reward: -1317.12
                    Mean episode length: 384.20
                        Mean action std: 0.96
                    Entropy coefficient: 0.002500
              Episode_Reward/feet_slide: -0.5370
              Curriculum/terrain_levels: 0.0000
    Episode_Reward/joint_tracking_error: -2.7686
         Curriculum/polish_joint_vel_l2: -0.0010
      Episode_Reward/base_height_medium: 1.7764
          Curriculum/polish_ground_slam: -1.0000
        Episode_Reward/base_height_fine: 2.8331
            Episode_Reward/joint_vel_l2: -1.0276
        Episode_Reward/action_rate_rate: -13.0569
         Episode_Reward/ground_unloaded: -0.4530
              Episode_Reward/relaxation: -6.1870
           Episode_Reward/torso_upright: -0.0333
         Episode_Reward/severely_tilted: -0.0539
              Episode_Reward/torso_slam: -5.7738
              Episode_Reward/torso_roll: -1.1532
               Curriculum/adaptive_lift: 0.9824
               Episode_Reward/flat_feet: -1.4025
  Episode_Reward/feet_distance_standing: -0.2736
        Episode_Reward/illegal_contacts: -0.2578
           Episode_Reward/feet_distance: -0.3505
        Episode_Reward/joint_vel_limits: -0.0017
            Episode_Reward/joint_acc_l2: -0.0837
     Curriculum/polish_action_rate_rate: -0.1500
              Episode_Reward/not_moving: -2.4212
        Curriculum/random_fallen_states: 0.0000
     Episode_Reward/completely_airborne: -10.1001
       Episode_Reward/base_height_rough: 1.1902
           Episode_Reward/torque_limits: -0.8541
           Curriculum/polish_torso_slam: -5.0000
             Episode_Reward/action_rate: -29.2233
             Episode_Reward/ground_slam: -4.4113
        Episode_Reward/joint_torques_l2: -0.6776
      Episode_Termination/invalid_state: 0.1181
 Episode_Reward/joint_deviation_l1_arms: -0.4150
           Episode_Reward/body_velocity: -12.3286
           Episode_Reward/ankle_torques: -0.1519
           Episode_Termination/time_out: 0.5501
           Episode_Reward/forward_pitch: -0.7342
           Curriculum/polish_not_moving: -1.0000
           Episode_Reward/feet_yaw_mean: -0.7404
      Episode_Reward/joint_deviation_l1: -0.6306
        Episode_Reward/joint_pos_limits: -0.0114
            Metrics/height/height_error: 0.1449
--------------------------------------------------------------------------------
                         Iteration time: 1.17s
                           Time elapsed: 0:00:25
                                    ETA: 0:00:50

################################################################################
[1m                            Learning iteration 20/60                            [0m 

                               Run name: height_tracking_g1
                            Total steps: 2064384 
                       Steps per second: 83837 
                        Collection time: 0.940s 
                          Learning time: 0.232s 
                        Mean value loss: 4.5769
                    Mean surrogate loss: -0.0097
                      Mean entropy loss: 39.9876
                     Mean symmetry loss: 0.0013
                   Mean l2c2_actor loss: 0.0035
                  Mean l2c2_critic loss: 0.0341
                            Mean reward: -1416.49
                    Mean episode length: 411.74
                        Mean action std: 0.96
                    Entropy coefficient: 0.002500
              Episode_Reward/feet_slide: -0.5336
              Curriculum/terrain_levels: 0.0000
    Episode_Reward/joint_tracking_error: -2.8780
         Curriculum/polish_joint_vel_l2: -0.0010
      Episode_Reward/base_height_medium: 1.7911
          Curriculum/polish_ground_slam: -1.0000
        Episode_Reward/base_height_fine: 2.8344
            Episode_Reward/joint_vel_l2: -1.0595
        Episode_Reward/action_rate_rate: -13.2521
         Episode_Reward/ground_unloaded: -0.4913
              Episode_Reward/relaxation: -5.8551
           Episode_Reward/torso_upright: -0.0267
         Episode_Reward/severely_tilted: -0.0649
              Episode_Reward/torso_slam: -6.2931
              Episode_Reward/torso_roll: -1.2022
               Curriculum/adaptive_lift: 0.9824
               Episode_Reward/flat_feet: -1.4332
  Episode_Reward/feet_distance_standing: -0.2600
        Episode_Reward/illegal_contacts: -0.2776
           Episode_Reward/feet_distance: -0.3566
        Episode_Reward/joint_vel_limits: -0.0018
            Episode_Reward/joint_acc_l2: -0.0859
     Curriculum/polish_action_rate_rate: -0.1500
              Episode_Reward/not_moving: -2.4764
        Curriculum/random_fallen_states: 0.0000
     Episode_Reward/completely_airborne: -10.4383
       Episode_Reward/base_height_rough: 1.2075
           Episode_Reward/torque_limits: -0.8776
           Curriculum/polish_torso_slam: -5.0000
             Episode_Reward/action_rate: -29.6678
             Episode_Reward/ground_slam: -4.7491
        Episode_Reward/joint_torques_l2: -0.6983
      Episode_Termination/invalid_state: 0.1241
 Episode_Reward/joint_deviation_l1_arms: -0.4112
           Episode_Reward/body_velocity: -13.2554
           Episode_Reward/ankle_torques: -0.1488
           Episode_Termination/time_out: 0.5703
           Episode_Reward/forward_pitch: -0.7831
           Curriculum/polish_not_moving: -1.0000
           Episode_Reward/feet_yaw_mean: -0.7340
      Episode_Reward/joint_deviation_l1: -0.6172
        Episode_Reward/joint_pos_limits: -0.0118
            Metrics/height/height_error: 0.1352
--------------------------------------------------------------------------------
                         Iteration time: 1.17s
                           Time elapsed: 0:00:26
                                    ETA: 0:00:48

################################################################################
[1m                            Learning iteration 21/60                            [0m 

                               Run name: height_tracking_g1
                            Total steps: 2162688 
                       Steps per second: 83530 
                        Collection time: 0.945s 
                          Learning time: 0.232s 
                        Mean value loss: 4.2718
                    Mean surrogate loss: -0.0092
                      Mean entropy loss: 39.9697
                     Mean symmetry loss: 0.0013
                   Mean l2c2_actor loss: 0.0036
                  Mean l2c2_critic loss: 0.0290
                            Mean reward: -1495.16
                    Mean episode length: 445.76
                        Mean action std: 0.96
                    Entropy coefficient: 0.002500
              Episode_Reward/feet_slide: -0.6113
              Curriculum/terrain_levels: 0.0000
    Episode_Reward/joint_tracking_error: -3.0852
         Curriculum/polish_joint_vel_l2: -0.0010
      Episode_Reward/base_height_medium: 2.0055
          Curriculum/polish_ground_slam: -1.0000
        Episode_Reward/base_height_fine: 3.2154
            Episode_Reward/joint_vel_l2: -1.1516
        Episode_Reward/action_rate_rate: -14.6048
         Episode_Reward/ground_unloaded: -0.5045
              Episode_Reward/relaxation: -6.9727
           Episode_Reward/torso_upright: -0.0396
         Episode_Reward/severely_tilted: -0.0630
              Episode_Reward/torso_slam: -6.3335
              Episode_Reward/torso_roll: -1.2897
               Curriculum/adaptive_lift: 0.9824
               Episode_Reward/flat_feet: -1.5485
  Episode_Reward/feet_distance_standing: -0.3040
        Episode_Reward/illegal_contacts: -0.2939
           Episode_Reward/feet_distance: -0.3685
        Episode_Reward/joint_vel_limits: -0.0019
            Episode_Reward/joint_acc_l2: -0.0939
     Curriculum/polish_action_rate_rate: -0.1500
              Episode_Reward/not_moving: -2.7614
        Curriculum/random_fallen_states: 0.0000
     Episode_Reward/completely_airborne: -11.4657
       Episode_Reward/base_height_rough: 1.3394
           Episode_Reward/torque_limits: -0.9518
           Curriculum/polish_torso_slam: -5.0000
             Episode_Reward/action_rate: -32.6923
             Episode_Reward/ground_slam: -4.9409
        Episode_Reward/joint_torques_l2: -0.7585
      Episode_Termination/invalid_state: 0.1287
 Episode_Reward/joint_deviation_l1_arms: -0.4663
           Episode_Reward/body_velocity: -13.4424
           Episode_Reward/ankle_torques: -0.1513
           Episode_Termination/time_out: 0.5938
           Episode_Reward/forward_pitch: -0.8407
           Curriculum/polish_not_moving: -1.0000
           Episode_Reward/feet_yaw_mean: -0.7288
      Episode_Reward/joint_deviation_l1: -0.7123
        Episode_Reward/joint_pos_limits: -0.0126
            Metrics/height/height_error: 0.1223
--------------------------------------------------------------------------------
                         Iteration time: 1.18s
                           Time elapsed: 0:00:27
                                    ETA: 0:00:47

################################################################################
[1m                            Learning iteration 22/60                            [0m 

                               Run name: height_tracking_g1
                            Total steps: 2260992 
                       Steps per second: 83874 
                        Collection time: 0.940s 
                          Learning time: 0.232s 
                        Mean value loss: 4.1388
                    Mean surrogate loss: -0.0095
                      Mean entropy loss: 39.9410
                     Mean symmetry loss: 0.0012
                   Mean l2c2_actor loss: 0.0036
                  Mean l2c2_critic loss: 0.0317
                            Mean reward: -1572.85
                    Mean episode length: 474.24
                        Mean action std: 0.96
                    Entropy coefficient: 0.002500
              Episode_Reward/feet_slide: -0.6103
              Curriculum/terrain_levels: 0.0000
    Episode_Reward/joint_tracking_error: -3.2426
         Curriculum/polish_joint_vel_l2: -0.0010
      Episode_Reward/base_height_medium: 2.0601
          Curriculum/polish_ground_slam: -1.0000
        Episode_Reward/base_height_fine: 3.2926
            Episode_Reward/joint_vel_l2: -1.1993
        Episode_Reward/action_rate_rate: -15.2623
         Episode_Reward/ground_unloaded: -0.5390
              Episode_Reward/relaxation: -7.3031
           Episode_Reward/torso_upright: -0.0352
         Episode_Reward/severely_tilted: -0.0670
              Episode_Reward/torso_slam: -6.9141
              Episode_Reward/torso_roll: -1.3581
               Curriculum/adaptive_lift: 0.9824
               Episode_Reward/flat_feet: -1.6485
  Episode_Reward/feet_distance_standing: -0.3164
        Episode_Reward/illegal_contacts: -0.3022
           Episode_Reward/feet_distance: -0.4132
        Episode_Reward/joint_vel_limits: -0.0020
            Episode_Reward/joint_acc_l2: -0.0980
     Curriculum/polish_action_rate_rate: -0.1500
              Episode_Reward/not_moving: -2.8932
        Curriculum/random_fallen_states: 0.0000
     Episode_Reward/completely_airborne: -11.8941
       Episode_Reward/base_height_rough: 1.3776
           Episode_Reward/torque_limits: -0.9906
           Curriculum/polish_torso_slam: -5.0000
             Episode_Reward/action_rate: -34.1518
             Episode_Reward/ground_slam: -5.1068
        Episode_Reward/joint_torques_l2: -0.7971
      Episode_Termination/invalid_state: 0.1326
 Episode_Reward/joint_deviation_l1_arms: -0.4730
           Episode_Reward/body_velocity: -14.2699
           Episode_Reward/ankle_torques: -0.1724
           Episode_Termination/time_out: 0.6228
           Episode_Reward/forward_pitch: -0.8536
           Curriculum/polish_not_moving: -1.0000
           Episode_Reward/feet_yaw_mean: -0.7925
      Episode_Reward/joint_deviation_l1: -0.7110
        Episode_Reward/joint_pos_limits: -0.0133
            Metrics/height/height_error: 0.1324
--------------------------------------------------------------------------------
                         Iteration time: 1.17s
                           Time elapsed: 0:00:28
                                    ETA: 0:00:45

################################################################################
[1m                            Learning iteration 23/60                            [0m 

                               Run name: height_tracking_g1
                            Total steps: 2359296 
                       Steps per second: 83802 
                        Collection time: 0.941s 
                          Learning time: 0.232s 
                        Mean value loss: 3.8670
                    Mean surrogate loss: -0.0091
                      Mean entropy loss: 39.8775
                     Mean symmetry loss: 0.0014
                   Mean l2c2_actor loss: 0.0036
                  Mean l2c2_critic loss: 0.0297
                            Mean reward: -1595.91
                    Mean episode length: 479.90
                        Mean action std: 0.96
                    Entropy coefficient: 0.002500
              Episode_Reward/feet_slide: -0.6419
              Curriculum/terrain_levels: 0.0000
    Episode_Reward/joint_tracking_error: -3.2971
         Curriculum/polish_joint_vel_l2: -0.0010
      Episode_Reward/base_height_medium: 2.2745
          Curriculum/polish_ground_slam: -1.0000
        Episode_Reward/base_height_fine: 3.5898
            Episode_Reward/joint_vel_l2: -1.2147
        Episode_Reward/action_rate_rate: -15.7694
         Episode_Reward/ground_unloaded: -0.5956
              Episode_Reward/relaxation: -6.4372
           Episode_Reward/torso_upright: -0.0382
         Episode_Reward/severely_tilted: -0.0639
              Episode_Reward/torso_slam: -6.8674
              Episode_Reward/torso_roll: -1.3683
               Curriculum/adaptive_lift: 0.9824
               Episode_Reward/flat_feet: -1.7002
  Episode_Reward/feet_distance_standing: -0.3279
        Episode_Reward/illegal_contacts: -0.3039
           Episode_Reward/feet_distance: -0.4108
        Episode_Reward/joint_vel_limits: -0.0020
            Episode_Reward/joint_acc_l2: -0.1009
     Curriculum/polish_action_rate_rate: -0.1500
              Episode_Reward/not_moving: -2.9823
        Curriculum/random_fallen_states: 0.0000
     Episode_Reward/completely_airborne: -12.3427
       Episode_Reward/base_height_rough: 1.5200
           Episode_Reward/torque_limits: -1.0221
           Curriculum/polish_torso_slam: -5.0000
             Episode_Reward/action_rate: -35.2843
             Episode_Reward/ground_slam: -5.0857
        Episode_Reward/joint_torques_l2: -0.8276
      Episode_Termination/invalid_state: 0.1363
 Episode_Reward/joint_deviation_l1_arms: -0.4999
           Episode_Reward/body_velocity: -14.1051
           Episode_Reward/ankle_torques: -0.1564
           Episode_Termination/time_out: 0.6481
           Episode_Reward/forward_pitch: -0.8530
           Curriculum/polish_not_moving: -1.0000
           Episode_Reward/feet_yaw_mean: -0.7860
      Episode_Reward/joint_deviation_l1: -0.7486
        Episode_Reward/joint_pos_limits: -0.0133
            Metrics/height/height_error: 0.1313
--------------------------------------------------------------------------------
                         Iteration time: 1.17s
                           Time elapsed: 0:00:29
                                    ETA: 0:00:44

################################################################################
[1m                            Learning iteration 24/60                            [0m 

                               Run name: height_tracking_g1
                            Total steps: 2457600 
                       Steps per second: 84336 
                        Collection time: 0.933s 
                          Learning time: 0.232s 
                        Mean value loss: 3.6621
                    Mean surrogate loss: -0.0092
                      Mean entropy loss: 39.8175
                     Mean symmetry loss: 0.0014
                   Mean l2c2_actor loss: 0.0036
                  Mean l2c2_critic loss: 0.0282
                            Mean reward: -1698.45
                    Mean episode length: 506.32
                        Mean action std: 0.96
                    Entropy coefficient: 0.002500
              Episode_Reward/feet_slide: -0.7057
              Curriculum/terrain_levels: 0.0000
    Episode_Reward/joint_tracking_error: -3.5085
         Curriculum/polish_joint_vel_l2: -0.0010
      Episode_Reward/base_height_medium: 2.5072
          Curriculum/polish_ground_slam: -1.0000
        Episode_Reward/base_height_fine: 4.0982
            Episode_Reward/joint_vel_l2: -1.3178
        Episode_Reward/action_rate_rate: -16.8847
         Episode_Reward/ground_unloaded: -0.6178
              Episode_Reward/relaxation: -7.1916
           Episode_Reward/torso_upright: -0.0578
         Episode_Reward/severely_tilted: -0.0590
              Episode_Reward/torso_slam: -7.5203
              Episode_Reward/torso_roll: -1.4804
               Curriculum/adaptive_lift: 0.9824
               Episode_Reward/flat_feet: -1.7759
  Episode_Reward/feet_distance_standing: -0.3831
        Episode_Reward/illegal_contacts: -0.3294
           Episode_Reward/feet_distance: -0.4500
        Episode_Reward/joint_vel_limits: -0.0022
            Episode_Reward/joint_acc_l2: -0.1041
     Curriculum/polish_action_rate_rate: -0.1500
              Episode_Reward/not_moving: -3.5971
        Curriculum/random_fallen_states: 0.0000
     Episode_Reward/completely_airborne: -13.3604
       Episode_Reward/base_height_rough: 1.6298
           Episode_Reward/torque_limits: -1.0688
           Curriculum/polish_torso_slam: -5.0000
             Episode_Reward/action_rate: -37.8169
             Episode_Reward/ground_slam: -5.7225
        Episode_Reward/joint_torques_l2: -0.8548
      Episode_Termination/invalid_state: 0.1406
 Episode_Reward/joint_deviation_l1_arms: -0.5615
           Episode_Reward/body_velocity: -14.5350
           Episode_Reward/ankle_torques: -0.1829
           Episode_Termination/time_out: 0.6704
           Episode_Reward/forward_pitch: -0.9695
           Curriculum/polish_not_moving: -1.0000
           Episode_Reward/feet_yaw_mean: -0.8824
      Episode_Reward/joint_deviation_l1: -0.8791
        Episode_Reward/joint_pos_limits: -0.0144
            Metrics/height/height_error: 0.1270
--------------------------------------------------------------------------------
                         Iteration time: 1.17s
                           Time elapsed: 0:00:30
                                    ETA: 0:00:43

################################################################################
[1m                            Learning iteration 25/60                            [0m 

                               Run name: height_tracking_g1
                            Total steps: 2555904 
                       Steps per second: 83878 
                        Collection time: 0.940s 
                          Learning time: 0.232s 
                        Mean value loss: 3.6316
                    Mean surrogate loss: -0.0088
                      Mean entropy loss: 39.7935
                     Mean symmetry loss: 0.0013
                   Mean l2c2_actor loss: 0.0037
                  Mean l2c2_critic loss: 0.0274
                            Mean reward: -1685.44
                    Mean episode length: 511.38
                        Mean action std: 0.96
                    Entropy coefficient: 0.002500
              Episode_Reward/feet_slide: -0.6529
              Curriculum/terrain_levels: 0.0000
    Episode_Reward/joint_tracking_error: -3.3644
         Curriculum/polish_joint_vel_l2: -0.0010
      Episode_Reward/base_height_medium: 2.1996
          Curriculum/polish_ground_slam: -1.0000
        Episode_Reward/base_height_fine: 3.5030
            Episode_Reward/joint_vel_l2: -1.2528
        Episode_Reward/action_rate_rate: -15.8023
         Episode_Reward/ground_unloaded: -0.5778
              Episode_Reward/relaxation: -7.4517
           Episode_Reward/torso_upright: -0.0372
         Episode_Reward/severely_tilted: -0.0690
              Episode_Reward/torso_slam: -7.0658
              Episode_Reward/torso_roll: -1.4249
               Curriculum/adaptive_lift: 0.9824
               Episode_Reward/flat_feet: -1.7183
  Episode_Reward/feet_distance_standing: -0.3274
        Episode_Reward/illegal_contacts: -0.3293
           Episode_Reward/feet_distance: -0.4326
        Episode_Reward/joint_vel_limits: -0.0021
            Episode_Reward/joint_acc_l2: -0.0993
     Curriculum/polish_action_rate_rate: -0.1500
              Episode_Reward/not_moving: -3.0106
        Curriculum/random_fallen_states: 0.0000
     Episode_Reward/completely_airborne: -12.4762
       Episode_Reward/base_height_rough: 1.4688
           Episode_Reward/torque_limits: -1.0136
           Curriculum/polish_torso_slam: -5.0000
             Episode_Reward/action_rate: -35.4026
             Episode_Reward/ground_slam: -5.6045
        Episode_Reward/joint_torques_l2: -0.8131
      Episode_Termination/invalid_state: 0.1445
 Episode_Reward/joint_deviation_l1_arms: -0.4795
           Episode_Reward/body_velocity: -15.2217
           Episode_Reward/ankle_torques: -0.1812
           Episode_Termination/time_out: 0.6916
           Episode_Reward/forward_pitch: -0.9594
           Curriculum/polish_not_moving: -1.0000
           Episode_Reward/feet_yaw_mean: -0.8729
      Episode_Reward/joint_deviation_l1: -0.7151
        Episode_Reward/joint_pos_limits: -0.0139
            Metrics/height/height_error: 0.1197
--------------------------------------------------------------------------------
                         Iteration time: 1.17s
                           Time elapsed: 0:00:32
                                    ETA: 0:00:41

################################################################################
[1m                            Learning iteration 26/60                            [0m 

                               Run name: height_tracking_g1
                            Total steps: 2654208 
                       Steps per second: 84146 
                        Collection time: 0.936s 
                          Learning time: 0.232s 
                        Mean value loss: 3.1719
                    Mean surrogate loss: -0.0087
                      Mean entropy loss: 39.7553
                     Mean symmetry loss: 0.0014
                   Mean l2c2_actor loss: 0.0038
                  Mean l2c2_critic loss: 0.0249
                            Mean reward: -1840.53
                    Mean episode length: 579.46
                        Mean action std: 0.95
                    Entropy coefficient: 0.002500
              Episode_Reward/feet_slide: -0.7864
              Curriculum/terrain_levels: 0.0000
    Episode_Reward/joint_tracking_error: -3.8492
         Curriculum/polish_joint_vel_l2: -0.0010
      Episode_Reward/base_height_medium: 2.9114
          Curriculum/polish_ground_slam: -1.0000
        Episode_Reward/base_height_fine: 4.7598
            Episode_Reward/joint_vel_l2: -1.4420
        Episode_Reward/action_rate_rate: -18.6658
         Episode_Reward/ground_unloaded: -0.7106
              Episode_Reward/relaxation: -7.5828
           Episode_Reward/torso_upright: -0.0592
         Episode_Reward/severely_tilted: -0.0565
              Episode_Reward/torso_slam: -7.2792
              Episode_Reward/torso_roll: -1.6046
               Curriculum/adaptive_lift: 0.9824
               Episode_Reward/flat_feet: -1.9727
  Episode_Reward/feet_distance_standing: -0.3776
        Episode_Reward/illegal_contacts: -0.3595
           Episode_Reward/feet_distance: -0.4668
        Episode_Reward/joint_vel_limits: -0.0024
            Episode_Reward/joint_acc_l2: -0.1195
     Curriculum/polish_action_rate_rate: -0.1500
              Episode_Reward/not_moving: -4.0731
        Curriculum/random_fallen_states: 0.0000
     Episode_Reward/completely_airborne: -14.4994
       Episode_Reward/base_height_rough: 1.8692
           Episode_Reward/torque_limits: -1.1890
           Curriculum/polish_torso_slam: -5.0000
             Episode_Reward/action_rate: -41.8143
             Episode_Reward/ground_slam: -5.9303
        Episode_Reward/joint_torques_l2: -0.9678
      Episode_Termination/invalid_state: 0.1500
 Episode_Reward/joint_deviation_l1_arms: -0.5941
           Episode_Reward/body_velocity: -15.9003
           Episode_Reward/ankle_torques: -0.1915
           Episode_Termination/time_out: 0.7139
           Episode_Reward/forward_pitch: -0.9847
           Curriculum/polish_not_moving: -1.0000
           Episode_Reward/feet_yaw_mean: -0.8644
      Episode_Reward/joint_deviation_l1: -0.9337
        Episode_Reward/joint_pos_limits: -0.0160
            Metrics/height/height_error: 0.1323
--------------------------------------------------------------------------------
                         Iteration time: 1.17s
                           Time elapsed: 0:00:33
                                    ETA: 0:00:40

################################################################################
[1m                            Learning iteration 27/60                            [0m 

                               Run name: height_tracking_g1
                            Total steps: 2752512 
                       Steps per second: 83857 
                        Collection time: 0.940s 
                          Learning time: 0.232s 
                        Mean value loss: 3.3168
                    Mean surrogate loss: -0.0085
                      Mean entropy loss: 39.7170
                     Mean symmetry loss: 0.0014
                   Mean l2c2_actor loss: 0.0038
                  Mean l2c2_critic loss: 0.0207
                            Mean reward: -1810.22
                    Mean episode length: 555.13
                        Mean action std: 0.95
                    Entropy coefficient: 0.002500
              Episode_Reward/feet_slide: -0.7401
              Curriculum/terrain_levels: 0.0000
    Episode_Reward/joint_tracking_error: -3.6517
         Curriculum/polish_joint_vel_l2: -0.0010
      Episode_Reward/base_height_medium: 2.6759
          Curriculum/polish_ground_slam: -1.0000
        Episode_Reward/base_height_fine: 4.3553
            Episode_Reward/joint_vel_l2: -1.3565
        Episode_Reward/action_rate_rate: -17.4648
         Episode_Reward/ground_unloaded: -0.6633
              Episode_Reward/relaxation: -7.1670
           Episode_Reward/torso_upright: -0.0624
         Episode_Reward/severely_tilted: -0.0672
              Episode_Reward/torso_slam: -7.4951
              Episode_Reward/torso_roll: -1.5220
               Curriculum/adaptive_lift: 0.9824
               Episode_Reward/flat_feet: -1.8378
  Episode_Reward/feet_distance_standing: -0.3901
        Episode_Reward/illegal_contacts: -0.3343
           Episode_Reward/feet_distance: -0.4503
        Episode_Reward/joint_vel_limits: -0.0022
            Episode_Reward/joint_acc_l2: -0.1109
     Curriculum/polish_action_rate_rate: -0.1500
              Episode_Reward/not_moving: -3.7923
        Curriculum/random_fallen_states: 0.0000
     Episode_Reward/completely_airborne: -13.8581
       Episode_Reward/base_height_rough: 1.7239
           Episode_Reward/torque_limits: -1.1406
           Curriculum/polish_torso_slam: -5.0000
             Episode_Reward/action_rate: -39.1098
             Episode_Reward/ground_slam: -5.7058
        Episode_Reward/joint_torques_l2: -0.9085
      Episode_Termination/invalid_state: 0.1536
 Episode_Reward/joint_deviation_l1_arms: -0.5908
           Episode_Reward/body_velocity: -15.7174
           Episode_Reward/ankle_torques: -0.1918
           Episode_Termination/time_out: 0.7387
           Episode_Reward/forward_pitch: -0.9865
           Curriculum/polish_not_moving: -1.0000
           Episode_Reward/feet_yaw_mean: -0.8467
      Episode_Reward/joint_deviation_l1: -0.9309
        Episode_Reward/joint_pos_limits: -0.0151
            Metrics/height/height_error: 0.1200
--------------------------------------------------------------------------------
                         Iteration time: 1.17s
                           Time elapsed: 0:00:34
                                    ETA: 0:00:39

################################################################################
[1m                            Learning iteration 28/60                            [0m 

                               Run name: height_tracking_g1
                            Total steps: 2850816 
                       Steps per second: 83643 
                        Collection time: 0.943s 
                          Learning time: 0.232s 
                        Mean value loss: 3.1991
                    Mean surrogate loss: -0.0079
                      Mean entropy loss: 39.6878
                     Mean symmetry loss: 0.0015
                   Mean l2c2_actor loss: 0.0038
                  Mean l2c2_critic loss: 0.0212
                            Mean reward: -1862.31
                    Mean episode length: 583.89
                        Mean action std: 0.95
                    Entropy coefficient: 0.002500
              Episode_Reward/feet_slide: -0.7792
              Curriculum/terrain_levels: 0.0000
    Episode_Reward/joint_tracking_error: -3.8061
         Curriculum/polish_joint_vel_l2: -0.0010
      Episode_Reward/base_height_medium: 2.8480
          Curriculum/polish_ground_slam: -1.0000
        Episode_Reward/base_height_fine: 4.6407
            Episode_Reward/joint_vel_l2: -1.4233
        Episode_Reward/action_rate_rate: -18.4487
         Episode_Reward/ground_unloaded: -0.7210
              Episode_Reward/relaxation: -6.9656
           Episode_Reward/torso_upright: -0.0605
         Episode_Reward/severely_tilted: -0.0662
              Episode_Reward/torso_slam: -7.8404
              Episode_Reward/torso_roll: -1.6049
               Curriculum/adaptive_lift: 0.9824
               Episode_Reward/flat_feet: -1.9417
  Episode_Reward/feet_distance_standing: -0.3933
        Episode_Reward/illegal_contacts: -0.3551
           Episode_Reward/feet_distance: -0.4595
        Episode_Reward/joint_vel_limits: -0.0023
            Episode_Reward/joint_acc_l2: -0.1152
     Curriculum/polish_action_rate_rate: -0.1500
              Episode_Reward/not_moving: -4.0001
        Curriculum/random_fallen_states: 0.0000
     Episode_Reward/completely_airborne: -14.7924
       Episode_Reward/base_height_rough: 1.8555
           Episode_Reward/torque_limits: -1.1774
           Curriculum/polish_torso_slam: -5.0000
             Episode_Reward/action_rate: -41.3291
             Episode_Reward/ground_slam: -5.8556
        Episode_Reward/joint_torques_l2: -0.9514
      Episode_Termination/invalid_state: 0.1574
 Episode_Reward/joint_deviation_l1_arms: -0.6124
           Episode_Reward/body_velocity: -15.9306
           Episode_Reward/ankle_torques: -0.1885
           Episode_Termination/time_out: 0.7614
           Episode_Reward/forward_pitch: -1.0398
           Curriculum/polish_not_moving: -1.0000
           Episode_Reward/feet_yaw_mean: -0.9318
      Episode_Reward/joint_deviation_l1: -0.9771
        Episode_Reward/joint_pos_limits: -0.0156
            Metrics/height/height_error: 0.1314
--------------------------------------------------------------------------------
                         Iteration time: 1.18s
                           Time elapsed: 0:00:35
                                    ETA: 0:00:38

################################################################################
[1m                            Learning iteration 29/60                            [0m 

                               Run name: height_tracking_g1
                            Total steps: 2949120 
                       Steps per second: 83708 
                        Collection time: 0.943s 
                          Learning time: 0.232s 
                        Mean value loss: 3.0955
                    Mean surrogate loss: -0.0080
                      Mean entropy loss: 39.6522
                     Mean symmetry loss: 0.0015
                   Mean l2c2_actor loss: 0.0038
                  Mean l2c2_critic loss: 0.0210
                            Mean reward: -1966.99
                    Mean episode length: 618.85
                        Mean action std: 0.95
                    Entropy coefficient: 0.002500
              Episode_Reward/feet_slide: -0.8302
              Curriculum/terrain_levels: 0.0000
    Episode_Reward/joint_tracking_error: -4.0814
         Curriculum/polish_joint_vel_l2: -0.0010
      Episode_Reward/base_height_medium: 2.9962
          Curriculum/polish_ground_slam: -1.0000
        Episode_Reward/base_height_fine: 4.8687
            Episode_Reward/joint_vel_l2: -1.5254
        Episode_Reward/action_rate_rate: -19.9355
         Episode_Reward/ground_unloaded: -0.7510
              Episode_Reward/relaxation: -8.1020
           Episode_Reward/torso_upright: -0.0573
         Episode_Reward/severely_tilted: -0.0676
              Episode_Reward/torso_slam: -8.3329
              Episode_Reward/torso_roll: -1.7502
               Curriculum/adaptive_lift: 0.9824
               Episode_Reward/flat_feet: -2.1322
  Episode_Reward/feet_distance_standing: -0.3687
        Episode_Reward/illegal_contacts: -0.3958
           Episode_Reward/feet_distance: -0.4712
        Episode_Reward/joint_vel_limits: -0.0024
            Episode_Reward/joint_acc_l2: -0.1244
     Curriculum/polish_action_rate_rate: -0.1500
              Episode_Reward/not_moving: -4.2153
        Curriculum/random_fallen_states: 0.0000
     Episode_Reward/completely_airborne: -15.8299
       Episode_Reward/base_height_rough: 1.9459
           Episode_Reward/torque_limits: -1.2681
           Curriculum/polish_torso_slam: -5.0000
             Episode_Reward/action_rate: -44.6714
             Episode_Reward/ground_slam: -6.1088
        Episode_Reward/joint_torques_l2: -1.0239
      Episode_Termination/invalid_state: 0.1623
 Episode_Reward/joint_deviation_l1_arms: -0.6039
           Episode_Reward/body_velocity: -16.1557
           Episode_Reward/ankle_torques: -0.2148
           Episode_Termination/time_out: 0.7860
           Episode_Reward/forward_pitch: -1.1613
           Curriculum/polish_not_moving: -1.0000
           Episode_Reward/feet_yaw_mean: -0.9534
      Episode_Reward/joint_deviation_l1: -0.9530
        Episode_Reward/joint_pos_limits: -0.0167
            Metrics/height/height_error: 0.1434
--------------------------------------------------------------------------------
                         Iteration time: 1.17s
                           Time elapsed: 0:00:36
                                    ETA: 0:00:36

################################################################################
[1m                            Learning iteration 30/60                            [0m 

                               Run name: height_tracking_g1
                            Total steps: 3047424 
                       Steps per second: 83923 
                        Collection time: 0.939s 
                          Learning time: 0.232s 
                        Mean value loss: 3.0419
                    Mean surrogate loss: -0.0066
                      Mean entropy loss: 39.5933
                     Mean symmetry loss: 0.0015
                   Mean l2c2_actor loss: 0.0038
                  Mean l2c2_critic loss: 0.0193
                            Mean reward: -2096.46
                    Mean episode length: 650.59
                        Mean action std: 0.95
                    Entropy coefficient: 0.002500
              Episode_Reward/feet_slide: -0.8450
              Curriculum/terrain_levels: 0.0000
    Episode_Reward/joint_tracking_error: -4.2577
         Curriculum/polish_joint_vel_l2: -0.0010
      Episode_Reward/base_height_medium: 3.0357
          Curriculum/polish_ground_slam: -1.0000
        Episode_Reward/base_height_fine: 4.8615
            Episode_Reward/joint_vel_l2: -1.5981
        Episode_Reward/action_rate_rate: -20.3323
         Episode_Reward/ground_unloaded: -0.7738
              Episode_Reward/relaxation: -8.8331
           Episode_Reward/torso_upright: -0.0542
         Episode_Reward/severely_tilted: -0.0701
              Episode_Reward/torso_slam: -9.1561
              Episode_Reward/torso_roll: -1.8176
               Curriculum/adaptive_lift: 0.9824
               Episode_Reward/flat_feet: -2.2492
  Episode_Reward/feet_distance_standing: -0.3699
        Episode_Reward/illegal_contacts: -0.4277
           Episode_Reward/feet_distance: -0.4940
        Episode_Reward/joint_vel_limits: -0.0026
            Episode_Reward/joint_acc_l2: -0.1335
     Curriculum/polish_action_rate_rate: -0.1500
              Episode_Reward/not_moving: -4.1222
        Curriculum/random_fallen_states: 0.0000
     Episode_Reward/completely_airborne: -15.9182
       Episode_Reward/base_height_rough: 1.9945
           Episode_Reward/torque_limits: -1.3105
           Curriculum/polish_torso_slam: -5.0000
             Episode_Reward/action_rate: -45.5263
             Episode_Reward/ground_slam: -6.9414
        Episode_Reward/joint_torques_l2: -1.0774
      Episode_Termination/invalid_state: 0.1663
 Episode_Reward/joint_deviation_l1_arms: -0.5885
           Episode_Reward/body_velocity: -18.0370
           Episode_Reward/ankle_torques: -0.2153
           Episode_Termination/time_out: 0.8129
           Episode_Reward/forward_pitch: -1.1805
           Curriculum/polish_not_moving: -1.0000
           Episode_Reward/feet_yaw_mean: -1.0280
      Episode_Reward/joint_deviation_l1: -0.9047
        Episode_Reward/joint_pos_limits: -0.0177
            Metrics/height/height_error: 0.1397
--------------------------------------------------------------------------------
                         Iteration time: 1.17s
                           Time elapsed: 0:00:37
                                    ETA: 0:00:35

################################################################################
[1m                            Learning iteration 31/60                            [0m 

                               Run name: height_tracking_g1
                            Total steps: 3145728 
                       Steps per second: 83491 
                        Collection time: 0.945s 
                          Learning time: 0.232s 
                        Mean value loss: 2.8808
                    Mean surrogate loss: -0.0079
                      Mean entropy loss: 39.5438
                     Mean symmetry loss: 0.0015
                   Mean l2c2_actor loss: 0.0039
                  Mean l2c2_critic loss: 0.0191
                            Mean reward: -2044.48
                    Mean episode length: 618.90
                        Mean action std: 0.95
                    Entropy coefficient: 0.002500
              Episode_Reward/feet_slide: -0.7963
              Curriculum/terrain_levels: 0.0000
    Episode_Reward/joint_tracking_error: -3.9733
         Curriculum/polish_joint_vel_l2: -0.0010
      Episode_Reward/base_height_medium: 2.9207
          Curriculum/polish_ground_slam: -1.0000
        Episode_Reward/base_height_fine: 4.7253
            Episode_Reward/joint_vel_l2: -1.4978
        Episode_Reward/action_rate_rate: -19.3504
         Episode_Reward/ground_unloaded: -0.7307
              Episode_Reward/relaxation: -8.4953
           Episode_Reward/torso_upright: -0.0639
         Episode_Reward/severely_tilted: -0.0841
              Episode_Reward/torso_slam: -8.4257
              Episode_Reward/torso_roll: -1.6899
               Curriculum/adaptive_lift: 0.9824
               Episode_Reward/flat_feet: -2.1060
  Episode_Reward/feet_distance_standing: -0.3599
        Episode_Reward/illegal_contacts: -0.3877
           Episode_Reward/feet_distance: -0.4361
        Episode_Reward/joint_vel_limits: -0.0024
            Episode_Reward/joint_acc_l2: -0.1195
     Curriculum/polish_action_rate_rate: -0.1500
              Episode_Reward/not_moving: -3.9591
        Curriculum/random_fallen_states: 0.0000
     Episode_Reward/completely_airborne: -15.3345
       Episode_Reward/base_height_rough: 1.9043
           Episode_Reward/torque_limits: -1.2030
           Curriculum/polish_torso_slam: -5.0000
             Episode_Reward/action_rate: -43.3618
             Episode_Reward/ground_slam: -6.2520
        Episode_Reward/joint_torques_l2: -0.9838
      Episode_Termination/invalid_state: 0.1712
 Episode_Reward/joint_deviation_l1_arms: -0.6227
           Episode_Reward/body_velocity: -16.7868
           Episode_Reward/ankle_torques: -0.2124
           Episode_Termination/time_out: 0.8281
           Episode_Reward/forward_pitch: -1.0684
           Curriculum/polish_not_moving: -1.0000
           Episode_Reward/feet_yaw_mean: -0.9705
      Episode_Reward/joint_deviation_l1: -0.9967
        Episode_Reward/joint_pos_limits: -0.0166
            Metrics/height/height_error: 0.1263
--------------------------------------------------------------------------------
                         Iteration time: 1.18s
                           Time elapsed: 0:00:39
                                    ETA: 0:00:34

################################################################################
[1m                            Learning iteration 32/60                            [0m 

                               Run name: height_tracking_g1
                            Total steps: 3244032 
                       Steps per second: 83504 
                        Collection time: 0.945s 
                          Learning time: 0.232s 
                        Mean value loss: 2.6052
                    Mean surrogate loss: -0.0062
                      Mean entropy loss: 39.4935
                     Mean symmetry loss: 0.0016
                   Mean l2c2_actor loss: 0.0039
                  Mean l2c2_critic loss: 0.0229
                            Mean reward: -2129.89
                    Mean episode length: 656.97
                        Mean action std: 0.95
                    Entropy coefficient: 0.002500
              Episode_Reward/feet_slide: -0.9100
              Curriculum/terrain_levels: 0.0000
    Episode_Reward/joint_tracking_error: -4.4904
         Curriculum/polish_joint_vel_l2: -0.0010
      Episode_Reward/base_height_medium: 3.4013
          Curriculum/polish_ground_slam: -1.0000
        Episode_Reward/base_height_fine: 5.5718
            Episode_Reward/joint_vel_l2: -1.6557
        Episode_Reward/action_rate_rate: -21.3345
         Episode_Reward/ground_unloaded: -0.8291
              Episode_Reward/relaxation: -9.0710
           Episode_Reward/torso_upright: -0.0661
         Episode_Reward/severely_tilted: -0.0848
              Episode_Reward/torso_slam: -9.4784
              Episode_Reward/torso_roll: -1.8913
               Curriculum/adaptive_lift: 0.9824
               Episode_Reward/flat_feet: -2.3349
  Episode_Reward/feet_distance_standing: -0.3951
        Episode_Reward/illegal_contacts: -0.4422
           Episode_Reward/feet_distance: -0.4920
        Episode_Reward/joint_vel_limits: -0.0026
            Episode_Reward/joint_acc_l2: -0.1355
     Curriculum/polish_action_rate_rate: -0.1500
              Episode_Reward/not_moving: -4.7456
        Curriculum/random_fallen_states: 0.0000
     Episode_Reward/completely_airborne: -16.7100
       Episode_Reward/base_height_rough: 2.1736
           Episode_Reward/torque_limits: -1.3960
           Curriculum/polish_torso_slam: -5.0000
             Episode_Reward/action_rate: -47.8373
             Episode_Reward/ground_slam: -7.2359
        Episode_Reward/joint_torques_l2: -1.1279
      Episode_Termination/invalid_state: 0.1733
 Episode_Reward/joint_deviation_l1_arms: -0.7054
           Episode_Reward/body_velocity: -18.7840
           Episode_Reward/ankle_torques: -0.2135
           Episode_Termination/time_out: 0.8267
           Episode_Reward/forward_pitch: -1.2715
           Curriculum/polish_not_moving: -1.0000
           Episode_Reward/feet_yaw_mean: -1.1636
      Episode_Reward/joint_deviation_l1: -1.0796
        Episode_Reward/joint_pos_limits: -0.0191
            Metrics/height/height_error: 0.1289
--------------------------------------------------------------------------------
                         Iteration time: 1.18s
                           Time elapsed: 0:00:40
                                    ETA: 0:00:32

################################################################################
[1m                            Learning iteration 33/60                            [0m 

                               Run name: height_tracking_g1
                            Total steps: 3342336 
                       Steps per second: 82657 
                        Collection time: 0.957s 
                          Learning time: 0.232s 
                        Mean value loss: 2.6859
                    Mean surrogate loss: -0.0078
                      Mean entropy loss: 39.4409
                     Mean symmetry loss: 0.0016
                   Mean l2c2_actor loss: 0.0040
                  Mean l2c2_critic loss: 0.0196
                            Mean reward: -1999.38
                    Mean episode length: 628.71
                        Mean action std: 0.94
                    Entropy coefficient: 0.002500
              Episode_Reward/feet_slide: -0.8525
              Curriculum/terrain_levels: 0.0000
    Episode_Reward/joint_tracking_error: -4.1652
         Curriculum/polish_joint_vel_l2: -0.0010
      Episode_Reward/base_height_medium: 3.0903
          Curriculum/polish_ground_slam: -1.0000
        Episode_Reward/base_height_fine: 5.0904
            Episode_Reward/joint_vel_l2: -1.5631
        Episode_Reward/action_rate_rate: -20.6550
         Episode_Reward/ground_unloaded: -0.7335
              Episode_Reward/relaxation: -9.8423
           Episode_Reward/torso_upright: -0.0634
         Episode_Reward/severely_tilted: -0.0676
              Episode_Reward/torso_slam: -8.0459
              Episode_Reward/torso_roll: -1.8430
               Curriculum/adaptive_lift: 0.9824
               Episode_Reward/flat_feet: -2.2585
  Episode_Reward/feet_distance_standing: -0.3387
        Episode_Reward/illegal_contacts: -0.4202
           Episode_Reward/feet_distance: -0.4408
        Episode_Reward/joint_vel_limits: -0.0024
            Episode_Reward/joint_acc_l2: -0.1329
     Curriculum/polish_action_rate_rate: -0.1500
              Episode_Reward/not_moving: -4.2532
        Curriculum/random_fallen_states: 0.0000
     Episode_Reward/completely_airborne: -16.4032
       Episode_Reward/base_height_rough: 1.9974
           Episode_Reward/torque_limits: -1.2781
           Curriculum/polish_torso_slam: -5.0000
             Episode_Reward/action_rate: -46.3143
             Episode_Reward/ground_slam: -6.2250
        Episode_Reward/joint_torques_l2: -1.0771
      Episode_Termination/invalid_state: 0.1716
 Episode_Reward/joint_deviation_l1_arms: -0.6105
           Episode_Reward/body_velocity: -16.4126
           Episode_Reward/ankle_torques: -0.2295
           Episode_Termination/time_out: 0.8284
           Episode_Reward/forward_pitch: -1.1860
           Curriculum/polish_not_moving: -1.0000
           Episode_Reward/feet_yaw_mean: -0.9897
      Episode_Reward/joint_deviation_l1: -0.9639
        Episode_Reward/joint_pos_limits: -0.0176
            Metrics/height/height_error: 0.1141
--------------------------------------------------------------------------------
                         Iteration time: 1.19s
                           Time elapsed: 0:00:41
                                    ETA: 0:00:31

################################################################################
[1m                            Learning iteration 34/60                            [0m 

                               Run name: height_tracking_g1
                            Total steps: 3440640 
                       Steps per second: 83617 
                        Collection time: 0.943s 
                          Learning time: 0.232s 
                        Mean value loss: 2.4455
                    Mean surrogate loss: -0.0058
                      Mean entropy loss: 39.3923
                     Mean symmetry loss: 0.0017
                   Mean l2c2_actor loss: 0.0039
                  Mean l2c2_critic loss: 0.0166
                            Mean reward: -2193.56
                    Mean episode length: 684.67
                        Mean action std: 0.94
                    Entropy coefficient: 0.002500
              Episode_Reward/feet_slide: -0.9055
              Curriculum/terrain_levels: 0.0000
    Episode_Reward/joint_tracking_error: -4.5036
         Curriculum/polish_joint_vel_l2: -0.0010
      Episode_Reward/base_height_medium: 3.2539
          Curriculum/polish_ground_slam: -1.0000
        Episode_Reward/base_height_fine: 5.2452
            Episode_Reward/joint_vel_l2: -1.6606
        Episode_Reward/action_rate_rate: -21.6321
         Episode_Reward/ground_unloaded: -0.8067
              Episode_Reward/relaxation: -9.9523
           Episode_Reward/torso_upright: -0.0566
         Episode_Reward/severely_tilted: -0.0860
              Episode_Reward/torso_slam: -10.4786
              Episode_Reward/torso_roll: -1.9597
               Curriculum/adaptive_lift: 0.9824
               Episode_Reward/flat_feet: -2.4279
  Episode_Reward/feet_distance_standing: -0.3749
        Episode_Reward/illegal_contacts: -0.4528
           Episode_Reward/feet_distance: -0.4985
        Episode_Reward/joint_vel_limits: -0.0026
            Episode_Reward/joint_acc_l2: -0.1378
     Curriculum/polish_action_rate_rate: -0.1500
              Episode_Reward/not_moving: -4.3744
        Curriculum/random_fallen_states: 0.0000
     Episode_Reward/completely_airborne: -17.3850
       Episode_Reward/base_height_rough: 2.1422
           Episode_Reward/torque_limits: -1.3703
           Curriculum/polish_torso_slam: -5.0000
             Episode_Reward/action_rate: -48.5135
             Episode_Reward/ground_slam: -7.8240
        Episode_Reward/joint_torques_l2: -1.1384
      Episode_Termination/invalid_state: 0.1687
 Episode_Reward/joint_deviation_l1_arms: -0.6520
           Episode_Reward/body_velocity: -19.6620
           Episode_Reward/ankle_torques: -0.2338
           Episode_Termination/time_out: 0.8313
           Episode_Reward/forward_pitch: -1.3092
           Curriculum/polish_not_moving: -1.0000
           Episode_Reward/feet_yaw_mean: -1.1162
      Episode_Reward/joint_deviation_l1: -1.0171
        Episode_Reward/joint_pos_limits: -0.0191
            Metrics/height/height_error: 0.1354
--------------------------------------------------------------------------------
                         Iteration time: 1.18s
                           Time elapsed: 0:00:42
                                    ETA: 0:00:30

################################################################################
[1m                            Learning iteration 35/60                            [0m 

                               Run name: height_tracking_g1
                            Total steps: 3538944 
                       Steps per second: 83577 
                        Collection time: 0.944s 
                          Learning time: 0.232s 
                        Mean value loss: 2.3000
                    Mean surrogate loss: -0.0076
                      Mean entropy loss: 39.3434
                     Mean symmetry loss: 0.0017
                   Mean l2c2_actor loss: 0.0040
                  Mean l2c2_critic loss: 0.0174
                            Mean reward: -2282.98
                    Mean episode length: 705.39
                        Mean action std: 0.94
                    Entropy coefficient: 0.002500
              Episode_Reward/feet_slide: -0.9242
              Curriculum/terrain_levels: 0.0000
    Episode_Reward/joint_tracking_error: -4.5194
         Curriculum/polish_joint_vel_l2: -0.0010
      Episode_Reward/base_height_medium: 3.2910
          Curriculum/polish_ground_slam: -1.0000
        Episode_Reward/base_height_fine: 5.2866
            Episode_Reward/joint_vel_l2: -1.6906
        Episode_Reward/action_rate_rate: -21.8871
         Episode_Reward/ground_unloaded: -0.8109
              Episode_Reward/relaxation: -10.0745
           Episode_Reward/torso_upright: -0.0698
         Episode_Reward/severely_tilted: -0.0923
              Episode_Reward/torso_slam: -9.6932
              Episode_Reward/torso_roll: -1.9855
               Curriculum/adaptive_lift: 0.9824
               Episode_Reward/flat_feet: -2.4199
  Episode_Reward/feet_distance_standing: -0.4178
        Episode_Reward/illegal_contacts: -0.4700
           Episode_Reward/feet_distance: -0.5103
        Episode_Reward/joint_vel_limits: -0.0027
            Episode_Reward/joint_acc_l2: -0.1385
     Curriculum/polish_action_rate_rate: -0.1500
              Episode_Reward/not_moving: -4.3882
        Curriculum/random_fallen_states: 0.0000
     Episode_Reward/completely_airborne: -17.4918
       Episode_Reward/base_height_rough: 2.1710
           Episode_Reward/torque_limits: -1.3883
           Curriculum/polish_torso_slam: -5.0000
             Episode_Reward/action_rate: -49.1187
             Episode_Reward/ground_slam: -7.5307
        Episode_Reward/joint_torques_l2: -1.1454
      Episode_Termination/invalid_state: 0.1645
 Episode_Reward/joint_deviation_l1_arms: -0.6988
           Episode_Reward/body_velocity: -18.7479
           Episode_Reward/ankle_torques: -0.2264
           Episode_Termination/time_out: 0.8355
           Episode_Reward/forward_pitch: -1.3152
           Curriculum/polish_not_moving: -1.0000
           Episode_Reward/feet_yaw_mean: -1.1596
      Episode_Reward/joint_deviation_l1: -1.0972
        Episode_Reward/joint_pos_limits: -0.0190
            Metrics/height/height_error: 0.1393
--------------------------------------------------------------------------------
                         Iteration time: 1.18s
                           Time elapsed: 0:00:43
                                    ETA: 0:00:29

################################################################################
[1m                            Learning iteration 36/60                            [0m 

                               Run name: height_tracking_g1
                            Total steps: 3637248 
                       Steps per second: 83727 
                        Collection time: 0.942s 
                          Learning time: 0.232s 
                        Mean value loss: 2.3339
                    Mean surrogate loss: -0.0070
                      Mean entropy loss: 39.3039
                     Mean symmetry loss: 0.0017
                   Mean l2c2_actor loss: 0.0039
                  Mean l2c2_critic loss: 0.0143
                            Mean reward: -2063.69
                    Mean episode length: 636.29
                        Mean action std: 0.94
                    Entropy coefficient: 0.002500
              Episode_Reward/feet_slide: -0.8552
              Curriculum/terrain_levels: 0.0000
    Episode_Reward/joint_tracking_error: -4.2504
         Curriculum/polish_joint_vel_l2: -0.0010
      Episode_Reward/base_height_medium: 3.0728
          Curriculum/polish_ground_slam: -1.0000
        Episode_Reward/base_height_fine: 4.9649
            Episode_Reward/joint_vel_l2: -1.5705
        Episode_Reward/action_rate_rate: -20.5588
         Episode_Reward/ground_unloaded: -0.7599
              Episode_Reward/relaxation: -9.9968
           Episode_Reward/torso_upright: -0.0594
         Episode_Reward/severely_tilted: -0.0820
              Episode_Reward/torso_slam: -9.8127
              Episode_Reward/torso_roll: -1.8787
               Curriculum/adaptive_lift: 0.9824
               Episode_Reward/flat_feet: -2.3061
  Episode_Reward/feet_distance_standing: -0.3711
        Episode_Reward/illegal_contacts: -0.4238
           Episode_Reward/feet_distance: -0.4742
        Episode_Reward/joint_vel_limits: -0.0024
            Episode_Reward/joint_acc_l2: -0.1400
     Curriculum/polish_action_rate_rate: -0.1500
              Episode_Reward/not_moving: -4.1551
        Curriculum/random_fallen_states: 0.0000
     Episode_Reward/completely_airborne: -16.6773
       Episode_Reward/base_height_rough: 2.0257
           Episode_Reward/torque_limits: -1.3330
           Curriculum/polish_torso_slam: -5.0000
             Episode_Reward/action_rate: -46.1252
             Episode_Reward/ground_slam: -7.3288
        Episode_Reward/joint_torques_l2: -1.1203
      Episode_Termination/invalid_state: 0.1594
 Episode_Reward/joint_deviation_l1_arms: -0.6423
           Episode_Reward/body_velocity: -18.7399
           Episode_Reward/ankle_torques: -0.2444
           Episode_Termination/time_out: 0.8406
           Episode_Reward/forward_pitch: -1.2015
           Curriculum/polish_not_moving: -1.0000
           Episode_Reward/feet_yaw_mean: -1.1117
      Episode_Reward/joint_deviation_l1: -0.9943
        Episode_Reward/joint_pos_limits: -0.0181
            Metrics/height/height_error: 0.1261
--------------------------------------------------------------------------------
                         Iteration time: 1.17s
                           Time elapsed: 0:00:44
                                    ETA: 0:00:27

################################################################################
[1m                            Learning iteration 37/60                            [0m 

                               Run name: height_tracking_g1
                            Total steps: 3735552 
                       Steps per second: 83702 
                        Collection time: 0.942s 
                          Learning time: 0.232s 
                        Mean value loss: 2.0890
                    Mean surrogate loss: -0.0064
                      Mean entropy loss: 39.2596
                     Mean symmetry loss: 0.0017
                   Mean l2c2_actor loss: 0.0039
                  Mean l2c2_critic loss: 0.0147
                            Mean reward: -2058.72
                    Mean episode length: 676.38
                        Mean action std: 0.94
                    Entropy coefficient: 0.002500
              Episode_Reward/feet_slide: -0.8913
              Curriculum/terrain_levels: 0.0000
    Episode_Reward/joint_tracking_error: -4.2497
         Curriculum/polish_joint_vel_l2: -0.0010
      Episode_Reward/base_height_medium: 3.4708
          Curriculum/polish_ground_slam: -1.0000
        Episode_Reward/base_height_fine: 5.7045
            Episode_Reward/joint_vel_l2: -1.6008
        Episode_Reward/action_rate_rate: -21.2989
         Episode_Reward/ground_unloaded: -0.8321
              Episode_Reward/relaxation: -9.1829
           Episode_Reward/torso_upright: -0.0631
         Episode_Reward/severely_tilted: -0.0589
              Episode_Reward/torso_slam: -8.6089
              Episode_Reward/torso_roll: -1.9270
               Curriculum/adaptive_lift: 0.9824
               Episode_Reward/flat_feet: -2.3923
  Episode_Reward/feet_distance_standing: -0.3383
        Episode_Reward/illegal_contacts: -0.4478
           Episode_Reward/feet_distance: -0.4585
        Episode_Reward/joint_vel_limits: -0.0024
            Episode_Reward/joint_acc_l2: -0.1373
     Curriculum/polish_action_rate_rate: -0.1500
              Episode_Reward/not_moving: -4.7461
        Curriculum/random_fallen_states: 0.0000
     Episode_Reward/completely_airborne: -16.6445
       Episode_Reward/base_height_rough: 2.2132
           Episode_Reward/torque_limits: -1.3089
           Curriculum/polish_torso_slam: -5.0000
             Episode_Reward/action_rate: -47.8061
             Episode_Reward/ground_slam: -6.4579
        Episode_Reward/joint_torques_l2: -1.1223
      Episode_Termination/invalid_state: 0.1542
 Episode_Reward/joint_deviation_l1_arms: -0.6039
           Episode_Reward/body_velocity: -16.2257
           Episode_Reward/ankle_torques: -0.2221
           Episode_Termination/time_out: 0.8458
           Episode_Reward/forward_pitch: -1.2338
           Curriculum/polish_not_moving: -1.0000
           Episode_Reward/feet_yaw_mean: -0.9580
      Episode_Reward/joint_deviation_l1: -0.9511
        Episode_Reward/joint_pos_limits: -0.0180
            Metrics/height/height_error: 0.1298
--------------------------------------------------------------------------------
                         Iteration time: 1.17s
                           Time elapsed: 0:00:46
                                    ETA: 0:00:26

################################################################################
[1m                            Learning iteration 38/60                            [0m 

                               Run name: height_tracking_g1
                            Total steps: 3833856 
                       Steps per second: 83430 
                        Collection time: 0.945s 
                          Learning time: 0.233s 
                        Mean value loss: 2.1051
                    Mean surrogate loss: -0.0073
                      Mean entropy loss: 39.1992
                     Mean symmetry loss: 0.0017
                   Mean l2c2_actor loss: 0.0039
                  Mean l2c2_critic loss: 0.0147
                            Mean reward: -2086.23
                    Mean episode length: 664.96
                        Mean action std: 0.94
                    Entropy coefficient: 0.002500
              Episode_Reward/feet_slide: -0.8599
              Curriculum/terrain_levels: 0.0000
    Episode_Reward/joint_tracking_error: -4.1266
         Curriculum/polish_joint_vel_l2: -0.0010
      Episode_Reward/base_height_medium: 3.0973
          Curriculum/polish_ground_slam: -1.0000
        Episode_Reward/base_height_fine: 5.0213
            Episode_Reward/joint_vel_l2: -1.5505
        Episode_Reward/action_rate_rate: -20.0580
         Episode_Reward/ground_unloaded: -0.7844
              Episode_Reward/relaxation: -8.7244
           Episode_Reward/torso_upright: -0.0618
         Episode_Reward/severely_tilted: -0.0766
              Episode_Reward/torso_slam: -8.9999
              Episode_Reward/torso_roll: -1.8190
               Curriculum/adaptive_lift: 0.9824
               Episode_Reward/flat_feet: -2.2398
  Episode_Reward/feet_distance_standing: -0.3727
        Episode_Reward/illegal_contacts: -0.4230
           Episode_Reward/feet_distance: -0.4619
        Episode_Reward/joint_vel_limits: -0.0024
            Episode_Reward/joint_acc_l2: -0.1266
     Curriculum/polish_action_rate_rate: -0.1500
              Episode_Reward/not_moving: -4.1058
        Curriculum/random_fallen_states: 0.0000
     Episode_Reward/completely_airborne: -16.5233
       Episode_Reward/base_height_rough: 2.0201
           Episode_Reward/torque_limits: -1.2570
           Curriculum/polish_torso_slam: -5.0000
             Episode_Reward/action_rate: -45.0472
             Episode_Reward/ground_slam: -6.8267
        Episode_Reward/joint_torques_l2: -1.0502
      Episode_Termination/invalid_state: 0.1532
 Episode_Reward/joint_deviation_l1_arms: -0.6579
           Episode_Reward/body_velocity: -17.7845
           Episode_Reward/ankle_torques: -0.2129
           Episode_Termination/time_out: 0.8468
           Episode_Reward/forward_pitch: -1.2286
           Curriculum/polish_not_moving: -1.0000
           Episode_Reward/feet_yaw_mean: -1.0309
      Episode_Reward/joint_deviation_l1: -1.0314
        Episode_Reward/joint_pos_limits: -0.0177
            Metrics/height/height_error: 0.1367
--------------------------------------------------------------------------------
                         Iteration time: 1.18s
                           Time elapsed: 0:00:47
                                    ETA: 0:00:25

################################################################################
[1m                            Learning iteration 39/60                            [0m 

                               Run name: height_tracking_g1
                            Total steps: 3932160 
                       Steps per second: 83548 
                        Collection time: 0.945s 
                          Learning time: 0.232s 
                        Mean value loss: 2.0352
                    Mean surrogate loss: -0.0058
                      Mean entropy loss: 39.1269
                     Mean symmetry loss: 0.0018
                   Mean l2c2_actor loss: 0.0039
                  Mean l2c2_critic loss: 0.0170
                            Mean reward: -2015.25
                    Mean episode length: 656.86
                        Mean action std: 0.93
                    Entropy coefficient: 0.002500
              Episode_Reward/feet_slide: -0.9079
              Curriculum/terrain_levels: 0.0000
    Episode_Reward/joint_tracking_error: -4.1803
         Curriculum/polish_joint_vel_l2: -0.0010
      Episode_Reward/base_height_medium: 3.3444
          Curriculum/polish_ground_slam: -1.0000
        Episode_Reward/base_height_fine: 5.4553
            Episode_Reward/joint_vel_l2: -1.5574
        Episode_Reward/action_rate_rate: -21.2647
         Episode_Reward/ground_unloaded: -0.7926
              Episode_Reward/relaxation: -9.4503
           Episode_Reward/torso_upright: -0.0657
         Episode_Reward/severely_tilted: -0.0670
              Episode_Reward/torso_slam: -8.0604
              Episode_Reward/torso_roll: -1.9030
               Curriculum/adaptive_lift: 0.9824
               Episode_Reward/flat_feet: -2.4065
  Episode_Reward/feet_distance_standing: -0.3117
        Episode_Reward/illegal_contacts: -0.4490
           Episode_Reward/feet_distance: -0.4427
        Episode_Reward/joint_vel_limits: -0.0023
            Episode_Reward/joint_acc_l2: -0.1329
     Curriculum/polish_action_rate_rate: -0.1500
              Episode_Reward/not_moving: -4.4887
        Curriculum/random_fallen_states: 0.0000
     Episode_Reward/completely_airborne: -16.8537
       Episode_Reward/base_height_rough: 2.1686
           Episode_Reward/torque_limits: -1.2935
           Curriculum/polish_torso_slam: -5.0000
             Episode_Reward/action_rate: -47.7402
             Episode_Reward/ground_slam: -6.3226
        Episode_Reward/joint_torques_l2: -1.1081
      Episode_Termination/invalid_state: 0.1517
 Episode_Reward/joint_deviation_l1_arms: -0.6189
           Episode_Reward/body_velocity: -16.0968
           Episode_Reward/ankle_torques: -0.2432
           Episode_Termination/time_out: 0.8483
           Episode_Reward/forward_pitch: -1.2863
           Curriculum/polish_not_moving: -1.0000
           Episode_Reward/feet_yaw_mean: -0.9479
      Episode_Reward/joint_deviation_l1: -0.9725
        Episode_Reward/joint_pos_limits: -0.0179
            Metrics/height/height_error: 0.1201
--------------------------------------------------------------------------------
                         Iteration time: 1.18s
                           Time elapsed: 0:00:48
                                    ETA: 0:00:24

################################################################################
[1m                            Learning iteration 40/60                            [0m 

                               Run name: height_tracking_g1
                            Total steps: 4030464 
                       Steps per second: 83246 
                        Collection time: 0.949s 
                          Learning time: 0.232s 
                        Mean value loss: 2.1920
                    Mean surrogate loss: -0.0072
                      Mean entropy loss: 39.0668
                     Mean symmetry loss: 0.0018
                   Mean l2c2_actor loss: 0.0039
                  Mean l2c2_critic loss: 0.0179
                            Mean reward: -2124.81
                    Mean episode length: 677.60
                        Mean action std: 0.93
                    Entropy coefficient: 0.002500
              Episode_Reward/feet_slide: -0.9121
              Curriculum/terrain_levels: 0.0000
    Episode_Reward/joint_tracking_error: -4.3120
         Curriculum/polish_joint_vel_l2: -0.0010
      Episode_Reward/base_height_medium: 3.3635
          Curriculum/polish_ground_slam: -1.0000
        Episode_Reward/base_height_fine: 5.4326
            Episode_Reward/joint_vel_l2: -1.6190
        Episode_Reward/action_rate_rate: -21.5359
         Episode_Reward/ground_unloaded: -0.8259
              Episode_Reward/relaxation: -9.7999
           Episode_Reward/torso_upright: -0.0602
         Episode_Reward/severely_tilted: -0.0711
              Episode_Reward/torso_slam: -8.6051
              Episode_Reward/torso_roll: -2.0101
               Curriculum/adaptive_lift: 0.9824
               Episode_Reward/flat_feet: -2.4443
  Episode_Reward/feet_distance_standing: -0.3552
        Episode_Reward/illegal_contacts: -0.4720
           Episode_Reward/feet_distance: -0.4815
        Episode_Reward/joint_vel_limits: -0.0024
            Episode_Reward/joint_acc_l2: -0.1367
     Curriculum/polish_action_rate_rate: -0.1500
              Episode_Reward/not_moving: -4.4015
        Curriculum/random_fallen_states: 0.0000
     Episode_Reward/completely_airborne: -17.1388
       Episode_Reward/base_height_rough: 2.1954
           Episode_Reward/torque_limits: -1.3402
           Curriculum/polish_torso_slam: -5.0000
             Episode_Reward/action_rate: -48.3540
             Episode_Reward/ground_slam: -6.7563
        Episode_Reward/joint_torques_l2: -1.1340
      Episode_Termination/invalid_state: 0.1489
 Episode_Reward/joint_deviation_l1_arms: -0.6149
           Episode_Reward/body_velocity: -17.1307
           Episode_Reward/ankle_torques: -0.2469
           Episode_Termination/time_out: 0.8511
           Episode_Reward/forward_pitch: -1.2787
           Curriculum/polish_not_moving: -1.0000
           Episode_Reward/feet_yaw_mean: -1.0577
      Episode_Reward/joint_deviation_l1: -0.9608
        Episode_Reward/joint_pos_limits: -0.0186
            Metrics/height/height_error: 0.1354
--------------------------------------------------------------------------------
                         Iteration time: 1.18s
                           Time elapsed: 0:00:49
                                    ETA: 0:00:23

################################################################################
[1m                            Learning iteration 41/60                            [0m 

                               Run name: height_tracking_g1
                            Total steps: 4128768 
                       Steps per second: 83746 
                        Collection time: 0.942s 
                          Learning time: 0.232s 
                        Mean value loss: 2.1055
                    Mean surrogate loss: -0.0038
                      Mean entropy loss: 39.0104
                     Mean symmetry loss: 0.0019
                   Mean l2c2_actor loss: 0.0039
                  Mean l2c2_critic loss: 0.0143
                            Mean reward: -2063.84
                    Mean episode length: 666.17
                        Mean action std: 0.93
                    Entropy coefficient: 0.002500
              Episode_Reward/feet_slide: -0.8733
              Curriculum/terrain_levels: 0.0000
    Episode_Reward/joint_tracking_error: -4.1302
         Curriculum/polish_joint_vel_l2: -0.0010
      Episode_Reward/base_height_medium: 3.1896
          Curriculum/polish_ground_slam: -1.0000
        Episode_Reward/base_height_fine: 5.2046
            Episode_Reward/joint_vel_l2: -1.5476
        Episode_Reward/action_rate_rate: -20.8305
         Episode_Reward/ground_unloaded: -0.7533
              Episode_Reward/relaxation: -10.0558
           Episode_Reward/torso_upright: -0.0636
         Episode_Reward/severely_tilted: -0.0757
              Episode_Reward/torso_slam: -8.5625
              Episode_Reward/torso_roll: -1.8894
               Curriculum/adaptive_lift: 0.9824
               Episode_Reward/flat_feet: -2.3942
  Episode_Reward/feet_distance_standing: -0.3479
        Episode_Reward/illegal_contacts: -0.4595
           Episode_Reward/feet_distance: -0.4470
        Episode_Reward/joint_vel_limits: -0.0023
            Episode_Reward/joint_acc_l2: -0.1278
     Curriculum/polish_action_rate_rate: -0.1500
              Episode_Reward/not_moving: -4.2533
        Curriculum/random_fallen_states: 0.0000
     Episode_Reward/completely_airborne: -16.7670
       Episode_Reward/base_height_rough: 2.0869
           Episode_Reward/torque_limits: -1.2526
           Curriculum/polish_torso_slam: -5.0000
             Episode_Reward/action_rate: -46.7859
             Episode_Reward/ground_slam: -6.7074
        Episode_Reward/joint_torques_l2: -1.0702
      Episode_Termination/invalid_state: 0.1473
 Episode_Reward/joint_deviation_l1_arms: -0.6080
           Episode_Reward/body_velocity: -17.1477
           Episode_Reward/ankle_torques: -0.2399
           Episode_Termination/time_out: 0.8527
           Episode_Reward/forward_pitch: -1.3157
           Curriculum/polish_not_moving: -1.0000
           Episode_Reward/feet_yaw_mean: -0.9276
      Episode_Reward/joint_deviation_l1: -0.9782
        Episode_Reward/joint_pos_limits: -0.0176
            Metrics/height/height_error: 0.1153
--------------------------------------------------------------------------------
                         Iteration time: 1.17s
                           Time elapsed: 0:00:50
                                    ETA: 0:00:21

################################################################################
[1m                            Learning iteration 42/60                            [0m 

                               Run name: height_tracking_g1
                            Total steps: 4227072 
                       Steps per second: 83595 
                        Collection time: 0.943s 
                          Learning time: 0.232s 
                        Mean value loss: 1.8494
                    Mean surrogate loss: -0.0059
                      Mean entropy loss: 38.9008
                     Mean symmetry loss: 0.0017
                   Mean l2c2_actor loss: 0.0039
                  Mean l2c2_critic loss: 0.0160
                            Mean reward: -2078.60
                    Mean episode length: 676.06
                        Mean action std: 0.93
                    Entropy coefficient: 0.002500
              Episode_Reward/feet_slide: -0.9034
              Curriculum/terrain_levels: 0.0000
    Episode_Reward/joint_tracking_error: -4.1432
         Curriculum/polish_joint_vel_l2: -0.0010
      Episode_Reward/base_height_medium: 3.4586
          Curriculum/polish_ground_slam: -1.0000
        Episode_Reward/base_height_fine: 5.6975
            Episode_Reward/joint_vel_l2: -1.5695
        Episode_Reward/action_rate_rate: -20.6296
         Episode_Reward/ground_unloaded: -0.8338
              Episode_Reward/relaxation: -8.4362
           Episode_Reward/torso_upright: -0.0684
         Episode_Reward/severely_tilted: -0.0776
              Episode_Reward/torso_slam: -8.5827
              Episode_Reward/torso_roll: -1.8583
               Curriculum/adaptive_lift: 0.9824
               Episode_Reward/flat_feet: -2.3125
  Episode_Reward/feet_distance_standing: -0.3484
        Episode_Reward/illegal_contacts: -0.4298
           Episode_Reward/feet_distance: -0.4573
        Episode_Reward/joint_vel_limits: -0.0023
            Episode_Reward/joint_acc_l2: -0.1320
     Curriculum/polish_action_rate_rate: -0.1500
              Episode_Reward/not_moving: -4.7427
        Curriculum/random_fallen_states: 0.0000
     Episode_Reward/completely_airborne: -16.9581
       Episode_Reward/base_height_rough: 2.2095
           Episode_Reward/torque_limits: -1.2567
           Curriculum/polish_torso_slam: -5.0000
             Episode_Reward/action_rate: -46.3313
             Episode_Reward/ground_slam: -6.7094
        Episode_Reward/joint_torques_l2: -1.0822
      Episode_Termination/invalid_state: 0.1449
 Episode_Reward/joint_deviation_l1_arms: -0.6375
           Episode_Reward/body_velocity: -16.9196
           Episode_Reward/ankle_torques: -0.2384
           Episode_Termination/time_out: 0.8551
           Episode_Reward/forward_pitch: -1.2204
           Curriculum/polish_not_moving: -1.0000
           Episode_Reward/feet_yaw_mean: -1.0341
      Episode_Reward/joint_deviation_l1: -1.0359
        Episode_Reward/joint_pos_limits: -0.0179
            Metrics/height/height_error: 0.1232
--------------------------------------------------------------------------------
                         Iteration time: 1.18s
                           Time elapsed: 0:00:52
                                    ETA: 0:00:20

################################################################################
[1m                            Learning iteration 43/60                            [0m 

                               Run name: height_tracking_g1
                            Total steps: 4325376 
                       Steps per second: 83315 
                        Collection time: 0.947s 
                          Learning time: 0.232s 
                        Mean value loss: 1.8143
                    Mean surrogate loss: -0.0059
                      Mean entropy loss: 38.8239
                     Mean symmetry loss: 0.0018
                   Mean l2c2_actor loss: 0.0038
                  Mean l2c2_critic loss: 0.0168
                            Mean reward: -2093.10
                    Mean episode length: 697.60
                        Mean action std: 0.92
                    Entropy coefficient: 0.002500
              Episode_Reward/feet_slide: -0.9186
              Curriculum/terrain_levels: 0.0000
    Episode_Reward/joint_tracking_error: -4.2053
         Curriculum/polish_joint_vel_l2: -0.0010
      Episode_Reward/base_height_medium: 3.5444
          Curriculum/polish_ground_slam: -1.0000
        Episode_Reward/base_height_fine: 5.7450
            Episode_Reward/joint_vel_l2: -1.5641
        Episode_Reward/action_rate_rate: -21.3765
         Episode_Reward/ground_unloaded: -0.8521
              Episode_Reward/relaxation: -9.2030
           Episode_Reward/torso_upright: -0.0633
         Episode_Reward/severely_tilted: -0.0718
              Episode_Reward/torso_slam: -8.5427
              Episode_Reward/torso_roll: -1.9662
               Curriculum/adaptive_lift: 0.9824
               Episode_Reward/flat_feet: -2.4993
  Episode_Reward/feet_distance_standing: -0.3238
        Episode_Reward/illegal_contacts: -0.4832
           Episode_Reward/feet_distance: -0.4697
        Episode_Reward/joint_vel_limits: -0.0023
            Episode_Reward/joint_acc_l2: -0.1364
     Curriculum/polish_action_rate_rate: -0.1500
              Episode_Reward/not_moving: -4.5653
        Curriculum/random_fallen_states: 0.0000
     Episode_Reward/completely_airborne: -16.7204
       Episode_Reward/base_height_rough: 2.2863
           Episode_Reward/torque_limits: -1.2856
           Curriculum/polish_torso_slam: -5.0000
             Episode_Reward/action_rate: -48.0113
             Episode_Reward/ground_slam: -6.7607
        Episode_Reward/joint_torques_l2: -1.1251
      Episode_Termination/invalid_state: 0.1393
 Episode_Reward/joint_deviation_l1_arms: -0.5814
           Episode_Reward/body_velocity: -16.6470
           Episode_Reward/ankle_torques: -0.2651
           Episode_Termination/time_out: 0.8607
           Episode_Reward/forward_pitch: -1.3377
           Curriculum/polish_not_moving: -1.0000
           Episode_Reward/feet_yaw_mean: -0.9584
      Episode_Reward/joint_deviation_l1: -0.9309
        Episode_Reward/joint_pos_limits: -0.0182
            Metrics/height/height_error: 0.1292
--------------------------------------------------------------------------------
                         Iteration time: 1.18s
                           Time elapsed: 0:00:53
                                    ETA: 0:00:19

################################################################################
[1m                            Learning iteration 44/60                            [0m 

                               Run name: height_tracking_g1
                            Total steps: 4423680 
                       Steps per second: 83033 
                        Collection time: 0.951s 
                          Learning time: 0.233s 
                        Mean value loss: 1.7560
                    Mean surrogate loss: -0.0051
                      Mean entropy loss: 38.7630
                     Mean symmetry loss: 0.0018
                   Mean l2c2_actor loss: 0.0038
                  Mean l2c2_critic loss: 0.0183
                            Mean reward: -1983.51
                    Mean episode length: 679.87
                        Mean action std: 0.92
                    Entropy coefficient: 0.002500
              Episode_Reward/feet_slide: -0.9110
              Curriculum/terrain_levels: 0.0000
    Episode_Reward/joint_tracking_error: -4.0904
         Curriculum/polish_joint_vel_l2: -0.0010
      Episode_Reward/base_height_medium: 3.6112
          Curriculum/polish_ground_slam: -1.0000
        Episode_Reward/base_height_fine: 5.9141
            Episode_Reward/joint_vel_l2: -1.5534
        Episode_Reward/action_rate_rate: -21.3095
         Episode_Reward/ground_unloaded: -0.8701
              Episode_Reward/relaxation: -8.7326
           Episode_Reward/torso_upright: -0.0636
         Episode_Reward/severely_tilted: -0.0648
              Episode_Reward/torso_slam: -8.1960
              Episode_Reward/torso_roll: -1.9502
               Curriculum/adaptive_lift: 0.9824
               Episode_Reward/flat_feet: -2.4759
  Episode_Reward/feet_distance_standing: -0.3189
        Episode_Reward/illegal_contacts: -0.4686
           Episode_Reward/feet_distance: -0.4416
        Episode_Reward/joint_vel_limits: -0.0022
            Episode_Reward/joint_acc_l2: -0.1325
     Curriculum/polish_action_rate_rate: -0.1500
              Episode_Reward/not_moving: -4.6908
        Curriculum/random_fallen_states: 0.0000
     Episode_Reward/completely_airborne: -16.9188
       Episode_Reward/base_height_rough: 2.3082
           Episode_Reward/torque_limits: -1.2549
           Curriculum/polish_torso_slam: -5.0000
             Episode_Reward/action_rate: -47.8583
             Episode_Reward/ground_slam: -6.3429
        Episode_Reward/joint_torques_l2: -1.1064
      Episode_Termination/invalid_state: 0.1339
 Episode_Reward/joint_deviation_l1_arms: -0.5893
           Episode_Reward/body_velocity: -15.5167
           Episode_Reward/ankle_torques: -0.2282
           Episode_Termination/time_out: 0.8661
           Episode_Reward/forward_pitch: -1.3066
           Curriculum/polish_not_moving: -1.0000
           Episode_Reward/feet_yaw_mean: -0.9547
      Episode_Reward/joint_deviation_l1: -0.9667
        Episode_Reward/joint_pos_limits: -0.0180
            Metrics/height/height_error: 0.1325
--------------------------------------------------------------------------------
                         Iteration time: 1.18s
                           Time elapsed: 0:00:54
                                    ETA: 0:00:18

################################################################################
[1m                            Learning iteration 45/60                            [0m 

                               Run name: height_tracking_g1
                            Total steps: 4521984 
                       Steps per second: 83601 
                        Collection time: 0.943s 
                          Learning time: 0.232s 
                        Mean value loss: 1.8390
                    Mean surrogate loss: -0.0053
                      Mean entropy loss: 38.6948
                     Mean symmetry loss: 0.0016
                   Mean l2c2_actor loss: 0.0037
                  Mean l2c2_critic loss: 0.0188
                            Mean reward: -1979.80
                    Mean episode length: 669.64
                        Mean action std: 0.92
                    Entropy coefficient: 0.002500
              Episode_Reward/feet_slide: -0.8812
              Curriculum/terrain_levels: 0.0000
    Episode_Reward/joint_tracking_error: -4.0526
         Curriculum/polish_joint_vel_l2: -0.0010
      Episode_Reward/base_height_medium: 3.4833
          Curriculum/polish_ground_slam: -1.0000
        Episode_Reward/base_height_fine: 5.6559
            Episode_Reward/joint_vel_l2: -1.5159
        Episode_Reward/action_rate_rate: -20.7641
         Episode_Reward/ground_unloaded: -0.8564
              Episode_Reward/relaxation: -8.7436
           Episode_Reward/torso_upright: -0.0652
         Episode_Reward/severely_tilted: -0.0732
              Episode_Reward/torso_slam: -8.7743
              Episode_Reward/torso_roll: -1.8890
               Curriculum/adaptive_lift: 0.9824
               Episode_Reward/flat_feet: -2.4192
  Episode_Reward/feet_distance_standing: -0.3774
        Episode_Reward/illegal_contacts: -0.4413
           Episode_Reward/feet_distance: -0.4804
        Episode_Reward/joint_vel_limits: -0.0022
            Episode_Reward/joint_acc_l2: -0.1311
     Curriculum/polish_action_rate_rate: -0.1500
              Episode_Reward/not_moving: -4.5067
        Curriculum/random_fallen_states: 0.0000
     Episode_Reward/completely_airborne: -16.7273
       Episode_Reward/base_height_rough: 2.2431
           Episode_Reward/torque_limits: -1.2613
           Curriculum/polish_torso_slam: -5.0000
             Episode_Reward/action_rate: -46.6515
             Episode_Reward/ground_slam: -6.6742
        Episode_Reward/joint_torques_l2: -1.0963
      Episode_Termination/invalid_state: 0.1316
 Episode_Reward/joint_deviation_l1_arms: -0.6132
           Episode_Reward/body_velocity: -16.5726
           Episode_Reward/ankle_torques: -0.2154
           Episode_Termination/time_out: 0.8684
           Episode_Reward/forward_pitch: -1.2285
           Curriculum/polish_not_moving: -1.0000
           Episode_Reward/feet_yaw_mean: -1.0117
      Episode_Reward/joint_deviation_l1: -0.9866
        Episode_Reward/joint_pos_limits: -0.0177
            Metrics/height/height_error: 0.1296
--------------------------------------------------------------------------------
                         Iteration time: 1.18s
                           Time elapsed: 0:00:55
                                    ETA: 0:00:16

################################################################################
[1m                            Learning iteration 46/60                            [0m 

                               Run name: height_tracking_g1
                            Total steps: 4620288 
                       Steps per second: 83945 
                        Collection time: 0.939s 
                          Learning time: 0.232s 
                        Mean value loss: 1.5757
                    Mean surrogate loss: -0.0057
                      Mean entropy loss: 38.5908
                     Mean symmetry loss: 0.0018
                   Mean l2c2_actor loss: 0.0038
                  Mean l2c2_critic loss: 0.0164
                            Mean reward: -2127.06
                    Mean episode length: 719.85
                        Mean action std: 0.92
                    Entropy coefficient: 0.002500
              Episode_Reward/feet_slide: -0.9427
              Curriculum/terrain_levels: 0.0000
    Episode_Reward/joint_tracking_error: -4.1505
         Curriculum/polish_joint_vel_l2: -0.0010
      Episode_Reward/base_height_medium: 3.7183
          Curriculum/polish_ground_slam: -1.0000
        Episode_Reward/base_height_fine: 6.2120
            Episode_Reward/joint_vel_l2: -1.5801
        Episode_Reward/action_rate_rate: -21.6781
         Episode_Reward/ground_unloaded: -0.8594
              Episode_Reward/relaxation: -9.5879
           Episode_Reward/torso_upright: -0.0759
         Episode_Reward/severely_tilted: -0.0667
              Episode_Reward/torso_slam: -7.8705
              Episode_Reward/torso_roll: -1.9779
               Curriculum/adaptive_lift: 0.9824
               Episode_Reward/flat_feet: -2.4666
  Episode_Reward/feet_distance_standing: -0.3909
        Episode_Reward/illegal_contacts: -0.4561
           Episode_Reward/feet_distance: -0.4930
        Episode_Reward/joint_vel_limits: -0.0022
            Episode_Reward/joint_acc_l2: -0.1341
     Curriculum/polish_action_rate_rate: -0.1500
              Episode_Reward/not_moving: -5.0251
        Curriculum/random_fallen_states: 0.0000
     Episode_Reward/completely_airborne: -17.5183
       Episode_Reward/base_height_rough: 2.3417
           Episode_Reward/torque_limits: -1.2601
           Curriculum/polish_torso_slam: -5.0000
             Episode_Reward/action_rate: -48.7004
             Episode_Reward/ground_slam: -6.4265
        Episode_Reward/joint_torques_l2: -1.1177
      Episode_Termination/invalid_state: 0.1311
 Episode_Reward/joint_deviation_l1_arms: -0.6364
           Episode_Reward/body_velocity: -16.0984
           Episode_Reward/ankle_torques: -0.2526
           Episode_Termination/time_out: 0.8689
           Episode_Reward/forward_pitch: -1.2368
           Curriculum/polish_not_moving: -1.0000
           Episode_Reward/feet_yaw_mean: -0.9708
      Episode_Reward/joint_deviation_l1: -1.0487
        Episode_Reward/joint_pos_limits: -0.0183
            Metrics/height/height_error: 0.1150
--------------------------------------------------------------------------------
                         Iteration time: 1.17s
                           Time elapsed: 0:00:56
                                    ETA: 0:00:15

################################################################################
[1m                            Learning iteration 47/60                            [0m 

                               Run name: height_tracking_g1
                            Total steps: 4718592 
                       Steps per second: 83713 
                        Collection time: 0.942s 
                          Learning time: 0.232s 
                        Mean value loss: 1.5734
                    Mean surrogate loss: -0.0046
                      Mean entropy loss: 38.5185
                     Mean symmetry loss: 0.0017
                   Mean l2c2_actor loss: 0.0037
                  Mean l2c2_critic loss: 0.0123
                            Mean reward: -2032.27
                    Mean episode length: 675.35
                        Mean action std: 0.91
                    Entropy coefficient: 0.002500
              Episode_Reward/feet_slide: -0.8605
              Curriculum/terrain_levels: 0.0000
    Episode_Reward/joint_tracking_error: -3.9050
         Curriculum/polish_joint_vel_l2: -0.0010
      Episode_Reward/base_height_medium: 3.4304
          Curriculum/polish_ground_slam: -1.0000
        Episode_Reward/base_height_fine: 5.7306
            Episode_Reward/joint_vel_l2: -1.4826
        Episode_Reward/action_rate_rate: -19.8099
         Episode_Reward/ground_unloaded: -0.8167
              Episode_Reward/relaxation: -8.3632
           Episode_Reward/torso_upright: -0.0743
         Episode_Reward/severely_tilted: -0.0725
              Episode_Reward/torso_slam: -8.5151
              Episode_Reward/torso_roll: -1.8174
               Curriculum/adaptive_lift: 0.9824
               Episode_Reward/flat_feet: -2.2479
  Episode_Reward/feet_distance_standing: -0.3777
        Episode_Reward/illegal_contacts: -0.4169
           Episode_Reward/feet_distance: -0.4633
        Episode_Reward/joint_vel_limits: -0.0022
            Episode_Reward/joint_acc_l2: -0.1284
     Curriculum/polish_action_rate_rate: -0.1500
              Episode_Reward/not_moving: -4.6312
        Curriculum/random_fallen_states: 0.0000
     Episode_Reward/completely_airborne: -16.4689
       Episode_Reward/base_height_rough: 2.1533
           Episode_Reward/torque_limits: -1.2014
           Curriculum/polish_torso_slam: -5.0000
             Episode_Reward/action_rate: -44.5217
             Episode_Reward/ground_slam: -6.4361
        Episode_Reward/joint_torques_l2: -1.0548
      Episode_Termination/invalid_state: 0.1289
 Episode_Reward/joint_deviation_l1_arms: -0.6445
           Episode_Reward/body_velocity: -16.7896
           Episode_Reward/ankle_torques: -0.2257
           Episode_Termination/time_out: 0.8711
           Episode_Reward/forward_pitch: -1.1830
           Curriculum/polish_not_moving: -1.0000
           Episode_Reward/feet_yaw_mean: -1.0072
      Episode_Reward/joint_deviation_l1: -1.0505
        Episode_Reward/joint_pos_limits: -0.0176
            Metrics/height/height_error: 0.1152
--------------------------------------------------------------------------------
                         Iteration time: 1.17s
                           Time elapsed: 0:00:57
                                    ETA: 0:00:14

################################################################################
[1m                            Learning iteration 48/60                            [0m 

                               Run name: height_tracking_g1
                            Total steps: 4816896 
                       Steps per second: 83922 
                        Collection time: 0.938s 
                          Learning time: 0.234s 
                        Mean value loss: 1.3729
                    Mean surrogate loss: -0.0055
                      Mean entropy loss: 38.4349
                     Mean symmetry loss: 0.0018
                   Mean l2c2_actor loss: 0.0037
                  Mean l2c2_critic loss: 0.0083
                            Mean reward: -2010.66
                    Mean episode length: 692.65
                        Mean action std: 0.91
                    Entropy coefficient: 0.002500
              Episode_Reward/feet_slide: -0.8581
              Curriculum/terrain_levels: 0.0000
    Episode_Reward/joint_tracking_error: -3.8802
         Curriculum/polish_joint_vel_l2: -0.0010
      Episode_Reward/base_height_medium: 3.2676
          Curriculum/polish_ground_slam: -1.0000
        Episode_Reward/base_height_fine: 5.2860
            Episode_Reward/joint_vel_l2: -1.4607
        Episode_Reward/action_rate_rate: -20.6070
         Episode_Reward/ground_unloaded: -0.7802
              Episode_Reward/relaxation: -10.0164
           Episode_Reward/torso_upright: -0.0532
         Episode_Reward/severely_tilted: -0.0643
              Episode_Reward/torso_slam: -7.4360
              Episode_Reward/torso_roll: -1.9583
               Curriculum/adaptive_lift: 0.9824
               Episode_Reward/flat_feet: -2.4848
  Episode_Reward/feet_distance_standing: -0.3040
        Episode_Reward/illegal_contacts: -0.4570
           Episode_Reward/feet_distance: -0.4384
        Episode_Reward/joint_vel_limits: -0.0020
            Episode_Reward/joint_acc_l2: -0.1287
     Curriculum/polish_action_rate_rate: -0.1500
              Episode_Reward/not_moving: -4.0824
        Curriculum/random_fallen_states: 0.0000
     Episode_Reward/completely_airborne: -16.4942
       Episode_Reward/base_height_rough: 2.1358
           Episode_Reward/torque_limits: -1.1973
           Curriculum/polish_torso_slam: -5.0000
             Episode_Reward/action_rate: -46.2960
             Episode_Reward/ground_slam: -5.9453
        Episode_Reward/joint_torques_l2: -1.0771
      Episode_Termination/invalid_state: 0.1269
 Episode_Reward/joint_deviation_l1_arms: -0.5369
           Episode_Reward/body_velocity: -14.7186
           Episode_Reward/ankle_torques: -0.2353
           Episode_Termination/time_out: 0.8731
           Episode_Reward/forward_pitch: -1.2155
           Curriculum/polish_not_moving: -1.0000
           Episode_Reward/feet_yaw_mean: -0.9050
      Episode_Reward/joint_deviation_l1: -0.8516
        Episode_Reward/joint_pos_limits: -0.0174
            Metrics/height/height_error: 0.1157
--------------------------------------------------------------------------------
                         Iteration time: 1.17s
                           Time elapsed: 0:00:59
                                    ETA: 0:00:13

################################################################################
[1m                            Learning iteration 49/60                            [0m 

                               Run name: height_tracking_g1
                            Total steps: 4915200 
                       Steps per second: 83589 
                        Collection time: 0.943s 
                          Learning time: 0.233s 
                        Mean value loss: 1.3518
                    Mean surrogate loss: -0.0050
                      Mean entropy loss: 38.3307
                     Mean symmetry loss: 0.0017
                   Mean l2c2_actor loss: 0.0036
                  Mean l2c2_critic loss: 0.0096
                            Mean reward: -2083.96
                    Mean episode length: 707.76
                        Mean action std: 0.91
                    Entropy coefficient: 0.002500
              Episode_Reward/feet_slide: -0.9132
              Curriculum/terrain_levels: 0.0000
    Episode_Reward/joint_tracking_error: -4.0654
         Curriculum/polish_joint_vel_l2: -0.0010
      Episode_Reward/base_height_medium: 3.2411
          Curriculum/polish_ground_slam: -1.0000
        Episode_Reward/base_height_fine: 5.3297
            Episode_Reward/joint_vel_l2: -1.5577
        Episode_Reward/action_rate_rate: -21.2503
         Episode_Reward/ground_unloaded: -0.7733
              Episode_Reward/relaxation: -10.5392
           Episode_Reward/torso_upright: -0.0607
         Episode_Reward/severely_tilted: -0.0604
              Episode_Reward/torso_slam: -8.3904
              Episode_Reward/torso_roll: -1.9969
               Curriculum/adaptive_lift: 0.9824
               Episode_Reward/flat_feet: -2.5099
  Episode_Reward/feet_distance_standing: -0.3132
        Episode_Reward/illegal_contacts: -0.4750
           Episode_Reward/feet_distance: -0.4455
        Episode_Reward/joint_vel_limits: -0.0022
            Episode_Reward/joint_acc_l2: -0.1302
     Curriculum/polish_action_rate_rate: -0.1500
              Episode_Reward/not_moving: -4.2626
        Curriculum/random_fallen_states: 0.0000
     Episode_Reward/completely_airborne: -17.4238
       Episode_Reward/base_height_rough: 2.1241
           Episode_Reward/torque_limits: -1.2225
           Curriculum/polish_torso_slam: -5.0000
             Episode_Reward/action_rate: -47.7196
             Episode_Reward/ground_slam: -6.7894
        Episode_Reward/joint_torques_l2: -1.0953
      Episode_Termination/invalid_state: 0.1238
 Episode_Reward/joint_deviation_l1_arms: -0.5727
           Episode_Reward/body_velocity: -16.0814
           Episode_Reward/ankle_torques: -0.2374
           Episode_Termination/time_out: 0.8762
           Episode_Reward/forward_pitch: -1.3697
           Curriculum/polish_not_moving: -1.0000
           Episode_Reward/feet_yaw_mean: -0.9197
      Episode_Reward/joint_deviation_l1: -0.9327
        Episode_Reward/joint_pos_limits: -0.0181
            Metrics/height/height_error: 0.1270
--------------------------------------------------------------------------------
                         Iteration time: 1.18s
                           Time elapsed: 0:01:00
                                    ETA: 0:00:12

################################################################################
[1m                            Learning iteration 50/60                            [0m 

                               Run name: height_tracking_g1
                            Total steps: 5013504 
                       Steps per second: 81746 
                        Collection time: 0.968s 
                          Learning time: 0.234s 
                        Mean value loss: 1.1876
                    Mean surrogate loss: -0.0050
                      Mean entropy loss: 38.2333
                     Mean symmetry loss: 0.0016
                   Mean l2c2_actor loss: 0.0037
                  Mean l2c2_critic loss: 0.0098
                            Mean reward: -1958.44
                    Mean episode length: 674.47
                        Mean action std: 0.91
                    Entropy coefficient: 0.002500
              Episode_Reward/feet_slide: -0.8531
              Curriculum/terrain_levels: 0.0000
    Episode_Reward/joint_tracking_error: -3.7865
         Curriculum/polish_joint_vel_l2: -0.0010
      Episode_Reward/base_height_medium: 3.5497
          Curriculum/polish_ground_slam: -1.0000
        Episode_Reward/base_height_fine: 5.9380
            Episode_Reward/joint_vel_l2: -1.4425
        Episode_Reward/action_rate_rate: -19.8168
         Episode_Reward/ground_unloaded: -0.8129
              Episode_Reward/relaxation: -8.4155
           Episode_Reward/torso_upright: -0.0748
         Episode_Reward/severely_tilted: -0.0565
              Episode_Reward/torso_slam: -7.8399
              Episode_Reward/torso_roll: -1.7715
               Curriculum/adaptive_lift: 0.9824
               Episode_Reward/flat_feet: -2.2958
  Episode_Reward/feet_distance_standing: -0.3763
        Episode_Reward/illegal_contacts: -0.4034
           Episode_Reward/feet_distance: -0.4459
        Episode_Reward/joint_vel_limits: -0.0020
            Episode_Reward/joint_acc_l2: -0.1344
     Curriculum/polish_action_rate_rate: -0.1500
              Episode_Reward/not_moving: -4.7717
        Curriculum/random_fallen_states: 0.0000
     Episode_Reward/completely_airborne: -16.5633
       Episode_Reward/base_height_rough: 2.2350
           Episode_Reward/torque_limits: -1.1701
           Curriculum/polish_torso_slam: -5.0000
             Episode_Reward/action_rate: -44.5261
             Episode_Reward/ground_slam: -5.9640
        Episode_Reward/joint_torques_l2: -1.0550
      Episode_Termination/invalid_state: 0.1217
 Episode_Reward/joint_deviation_l1_arms: -0.6222
           Episode_Reward/body_velocity: -14.9994
           Episode_Reward/ankle_torques: -0.2093
           Episode_Termination/time_out: 0.8783
           Episode_Reward/forward_pitch: -1.1299
           Curriculum/polish_not_moving: -1.0000
           Episode_Reward/feet_yaw_mean: -0.8927
      Episode_Reward/joint_deviation_l1: -1.0387
        Episode_Reward/joint_pos_limits: -0.0171
            Metrics/height/height_error: 0.1092
--------------------------------------------------------------------------------
                         Iteration time: 1.20s
                           Time elapsed: 0:01:01
                                    ETA: 0:00:10

################################################################################
[1m                            Learning iteration 51/60                            [0m 

                               Run name: height_tracking_g1
                            Total steps: 5111808 
                       Steps per second: 83531 
                        Collection time: 0.944s 
                          Learning time: 0.233s 
                        Mean value loss: 1.2016
                    Mean surrogate loss: -0.0057
                      Mean entropy loss: 38.1282
                     Mean symmetry loss: 0.0017
                   Mean l2c2_actor loss: 0.0038
                  Mean l2c2_critic loss: 0.0099
                            Mean reward: -2076.99
                    Mean episode length: 707.88
                        Mean action std: 0.90
                    Entropy coefficient: 0.002500
              Episode_Reward/feet_slide: -0.8747
              Curriculum/terrain_levels: 0.0000
    Episode_Reward/joint_tracking_error: -3.9373
         Curriculum/polish_joint_vel_l2: -0.0010
      Episode_Reward/base_height_medium: 3.4855
          Curriculum/polish_ground_slam: -1.0000
        Episode_Reward/base_height_fine: 5.6464
            Episode_Reward/joint_vel_l2: -1.5108
        Episode_Reward/action_rate_rate: -20.7837
         Episode_Reward/ground_unloaded: -0.8165
              Episode_Reward/relaxation: -9.4057
           Episode_Reward/torso_upright: -0.0624
         Episode_Reward/severely_tilted: -0.0577
              Episode_Reward/torso_slam: -8.5784
              Episode_Reward/torso_roll: -1.9639
               Curriculum/adaptive_lift: 0.9824
               Episode_Reward/flat_feet: -2.4687
  Episode_Reward/feet_distance_standing: -0.2950
        Episode_Reward/illegal_contacts: -0.4622
           Episode_Reward/feet_distance: -0.4205
        Episode_Reward/joint_vel_limits: -0.0021
            Episode_Reward/joint_acc_l2: -0.1325
     Curriculum/polish_action_rate_rate: -0.1500
              Episode_Reward/not_moving: -4.3974
        Curriculum/random_fallen_states: 0.0000
     Episode_Reward/completely_airborne: -16.9836
       Episode_Reward/base_height_rough: 2.2635
           Episode_Reward/torque_limits: -1.2067
           Curriculum/polish_torso_slam: -5.0000
             Episode_Reward/action_rate: -46.6840
             Episode_Reward/ground_slam: -6.4552
        Episode_Reward/joint_torques_l2: -1.0916
      Episode_Termination/invalid_state: 0.1176
 Episode_Reward/joint_deviation_l1_arms: -0.5758
           Episode_Reward/body_velocity: -15.4445
           Episode_Reward/ankle_torques: -0.2112
           Episode_Termination/time_out: 0.8824
           Episode_Reward/forward_pitch: -1.2528
           Curriculum/polish_not_moving: -1.0000
           Episode_Reward/feet_yaw_mean: -0.8571
      Episode_Reward/joint_deviation_l1: -0.9557
        Episode_Reward/joint_pos_limits: -0.0179
            Metrics/height/height_error: 0.1186
--------------------------------------------------------------------------------
                         Iteration time: 1.18s
                           Time elapsed: 0:01:02
                                    ETA: 0:00:09

################################################################################
[1m                            Learning iteration 52/60                            [0m 

                               Run name: height_tracking_g1
                            Total steps: 5210112 
                       Steps per second: 83291 
                        Collection time: 0.948s 
                          Learning time: 0.233s 
                        Mean value loss: 1.1471
                    Mean surrogate loss: -0.0038
                      Mean entropy loss: 38.0835
                     Mean symmetry loss: 0.0017
                   Mean l2c2_actor loss: 0.0037
                  Mean l2c2_critic loss: 0.0097
                            Mean reward: -1990.89
                    Mean episode length: 687.28
                        Mean action std: 0.90
                    Entropy coefficient: 0.002500
              Episode_Reward/feet_slide: -0.8470
              Curriculum/terrain_levels: 0.0000
    Episode_Reward/joint_tracking_error: -3.7087
         Curriculum/polish_joint_vel_l2: -0.0010
      Episode_Reward/base_height_medium: 3.3073
          Curriculum/polish_ground_slam: -1.0000
        Episode_Reward/base_height_fine: 5.4207
            Episode_Reward/joint_vel_l2: -1.4006
        Episode_Reward/action_rate_rate: -19.7131
         Episode_Reward/ground_unloaded: -0.7752
              Episode_Reward/relaxation: -8.7602
           Episode_Reward/torso_upright: -0.0607
         Episode_Reward/severely_tilted: -0.0641
              Episode_Reward/torso_slam: -7.6723
              Episode_Reward/torso_roll: -1.8656
               Curriculum/adaptive_lift: 0.9824
               Episode_Reward/flat_feet: -2.3474
  Episode_Reward/feet_distance_standing: -0.3227
        Episode_Reward/illegal_contacts: -0.4334
           Episode_Reward/feet_distance: -0.4371
        Episode_Reward/joint_vel_limits: -0.0019
            Episode_Reward/joint_acc_l2: -0.1225
     Curriculum/polish_action_rate_rate: -0.1500
              Episode_Reward/not_moving: -4.2436
        Curriculum/random_fallen_states: 0.0000
     Episode_Reward/completely_airborne: -16.1032
       Episode_Reward/base_height_rough: 2.1368
           Episode_Reward/torque_limits: -1.1419
           Curriculum/polish_torso_slam: -5.0000
             Episode_Reward/action_rate: -44.2767
             Episode_Reward/ground_slam: -6.1230
        Episode_Reward/joint_torques_l2: -1.0237
      Episode_Termination/invalid_state: 0.1141
 Episode_Reward/joint_deviation_l1_arms: -0.5363
           Episode_Reward/body_velocity: -14.9539
           Episode_Reward/ankle_torques: -0.2405
           Episode_Termination/time_out: 0.8859
           Episode_Reward/forward_pitch: -1.2163
           Curriculum/polish_not_moving: -1.0000
           Episode_Reward/feet_yaw_mean: -0.8962
      Episode_Reward/joint_deviation_l1: -0.9053
        Episode_Reward/joint_pos_limits: -0.0168
            Metrics/height/height_error: 0.1150
--------------------------------------------------------------------------------
                         Iteration time: 1.18s
                           Time elapsed: 0:01:03
                                    ETA: 0:00:08

################################################################################
[1m                            Learning iteration 53/60                            [0m 

                               Run name: height_tracking_g1
                            Total steps: 5308416 
                       Steps per second: 83881 
                        Collection time: 0.939s 
                          Learning time: 0.233s 
                        Mean value loss: 1.0141
                    Mean surrogate loss: -0.0054
                      Mean entropy loss: 37.9593
                     Mean symmetry loss: 0.0016
                   Mean l2c2_actor loss: 0.0037
                  Mean l2c2_critic loss: 0.0100
                            Mean reward: -2065.28
                    Mean episode length: 733.61
                        Mean action std: 0.90
                    Entropy coefficient: 0.002500
              Episode_Reward/feet_slide: -0.9221
              Curriculum/terrain_levels: 0.0000
    Episode_Reward/joint_tracking_error: -3.9570
         Curriculum/polish_joint_vel_l2: -0.0010
      Episode_Reward/base_height_medium: 3.8337
          Curriculum/polish_ground_slam: -1.0000
        Episode_Reward/base_height_fine: 6.4013
            Episode_Reward/joint_vel_l2: -1.5164
        Episode_Reward/action_rate_rate: -21.2704
         Episode_Reward/ground_unloaded: -0.8704
              Episode_Reward/relaxation: -9.0798
           Episode_Reward/torso_upright: -0.0708
         Episode_Reward/severely_tilted: -0.0624
              Episode_Reward/torso_slam: -7.9340
              Episode_Reward/torso_roll: -1.9878
               Curriculum/adaptive_lift: 0.9824
               Episode_Reward/flat_feet: -2.4885
  Episode_Reward/feet_distance_standing: -0.3506
        Episode_Reward/illegal_contacts: -0.4708
           Episode_Reward/feet_distance: -0.4583
        Episode_Reward/joint_vel_limits: -0.0020
            Episode_Reward/joint_acc_l2: -0.1288
     Curriculum/polish_action_rate_rate: -0.1500
              Episode_Reward/not_moving: -5.0857
        Curriculum/random_fallen_states: 0.0000
     Episode_Reward/completely_airborne: -17.4545
       Episode_Reward/base_height_rough: 2.4086
           Episode_Reward/torque_limits: -1.1807
           Curriculum/polish_torso_slam: -5.0000
             Episode_Reward/action_rate: -47.7974
             Episode_Reward/ground_slam: -6.1317
        Episode_Reward/joint_torques_l2: -1.0839
      Episode_Termination/invalid_state: 0.1114
 Episode_Reward/joint_deviation_l1_arms: -0.5954
           Episode_Reward/body_velocity: -15.0112
           Episode_Reward/ankle_torques: -0.2186
           Episode_Termination/time_out: 0.8886
           Episode_Reward/forward_pitch: -1.2721
           Curriculum/polish_not_moving: -1.0000
           Episode_Reward/feet_yaw_mean: -0.8752
      Episode_Reward/joint_deviation_l1: -0.9993
        Episode_Reward/joint_pos_limits: -0.0179
            Metrics/height/height_error: 0.1116
--------------------------------------------------------------------------------
                         Iteration time: 1.17s
                           Time elapsed: 0:01:05
                                    ETA: 0:00:07

################################################################################
[1m                            Learning iteration 54/60                            [0m 

                               Run name: height_tracking_g1
                            Total steps: 5406720 
                       Steps per second: 84236 
                        Collection time: 0.934s 
                          Learning time: 0.233s 
                        Mean value loss: 1.2006
                    Mean surrogate loss: -0.0052
                      Mean entropy loss: 37.8720
                     Mean symmetry loss: 0.0017
                   Mean l2c2_actor loss: 0.0038
                  Mean l2c2_critic loss: 0.0102
                            Mean reward: -1962.86
                    Mean episode length: 706.02
                        Mean action std: 0.89
                    Entropy coefficient: 0.002500
              Episode_Reward/feet_slide: -0.8722
              Curriculum/terrain_levels: 0.0000
    Episode_Reward/joint_tracking_error: -3.7670
         Curriculum/polish_joint_vel_l2: -0.0010
      Episode_Reward/base_height_medium: 3.7468
          Curriculum/polish_ground_slam: -1.0000
        Episode_Reward/base_height_fine: 6.2600
            Episode_Reward/joint_vel_l2: -1.4328
        Episode_Reward/action_rate_rate: -20.6197
         Episode_Reward/ground_unloaded: -0.8537
              Episode_Reward/relaxation: -8.5087
           Episode_Reward/torso_upright: -0.0648
         Episode_Reward/severely_tilted: -0.0516
              Episode_Reward/torso_slam: -7.1516
              Episode_Reward/torso_roll: -1.8999
               Curriculum/adaptive_lift: 0.9824
               Episode_Reward/flat_feet: -2.4511
  Episode_Reward/feet_distance_standing: -0.3218
        Episode_Reward/illegal_contacts: -0.4689
           Episode_Reward/feet_distance: -0.4408
        Episode_Reward/joint_vel_limits: -0.0018
            Episode_Reward/joint_acc_l2: -0.1276
     Curriculum/polish_action_rate_rate: -0.1500
              Episode_Reward/not_moving: -4.8555
        Curriculum/random_fallen_states: 0.0000
     Episode_Reward/completely_airborne: -16.7411
       Episode_Reward/base_height_rough: 2.3438
           Episode_Reward/torque_limits: -1.1511
           Curriculum/polish_torso_slam: -5.0000
             Episode_Reward/action_rate: -46.3206
             Episode_Reward/ground_slam: -5.6734
        Episode_Reward/joint_torques_l2: -1.0635
      Episode_Termination/invalid_state: 0.1094
 Episode_Reward/joint_deviation_l1_arms: -0.5386
           Episode_Reward/body_velocity: -13.7868
           Episode_Reward/ankle_torques: -0.2333
           Episode_Termination/time_out: 0.8906
           Episode_Reward/forward_pitch: -1.2309
           Curriculum/polish_not_moving: -1.0000
           Episode_Reward/feet_yaw_mean: -0.8282
      Episode_Reward/joint_deviation_l1: -0.9260
        Episode_Reward/joint_pos_limits: -0.0171
            Metrics/height/height_error: 0.1086
--------------------------------------------------------------------------------
                         Iteration time: 1.17s
                           Time elapsed: 0:01:06
                                    ETA: 0:00:06

################################################################################
[1m                            Learning iteration 55/60                            [0m 

                               Run name: height_tracking_g1
                            Total steps: 5505024 
                       Steps per second: 84080 
                        Collection time: 0.936s 
                          Learning time: 0.233s 
                        Mean value loss: 0.9803
                    Mean surrogate loss: -0.0045
                      Mean entropy loss: 37.7568
                     Mean symmetry loss: 0.0017
                   Mean l2c2_actor loss: 0.0038
                  Mean l2c2_critic loss: 0.0098
                            Mean reward: -2061.72
                    Mean episode length: 726.96
                        Mean action std: 0.89
                    Entropy coefficient: 0.002500
              Episode_Reward/feet_slide: -0.9061
              Curriculum/terrain_levels: 0.0000
    Episode_Reward/joint_tracking_error: -3.9082
         Curriculum/polish_joint_vel_l2: -0.0010
      Episode_Reward/base_height_medium: 3.5131
          Curriculum/polish_ground_slam: -1.0000
        Episode_Reward/base_height_fine: 5.8107
            Episode_Reward/joint_vel_l2: -1.4953
        Episode_Reward/action_rate_rate: -21.0098
         Episode_Reward/ground_unloaded: -0.7905
              Episode_Reward/relaxation: -10.1332
           Episode_Reward/torso_upright: -0.0725
         Episode_Reward/severely_tilted: -0.0654
              Episode_Reward/torso_slam: -7.8922
              Episode_Reward/torso_roll: -1.9936
               Curriculum/adaptive_lift: 0.9824
               Episode_Reward/flat_feet: -2.5026
  Episode_Reward/feet_distance_standing: -0.3588
        Episode_Reward/illegal_contacts: -0.4562
           Episode_Reward/feet_distance: -0.4503
        Episode_Reward/joint_vel_limits: -0.0020
            Episode_Reward/joint_acc_l2: -0.1327
     Curriculum/polish_action_rate_rate: -0.1500
              Episode_Reward/not_moving: -4.5749
        Curriculum/random_fallen_states: 0.0000
     Episode_Reward/completely_airborne: -17.4716
       Episode_Reward/base_height_rough: 2.2614
           Episode_Reward/torque_limits: -1.1953
           Curriculum/polish_torso_slam: -5.0000
             Episode_Reward/action_rate: -47.1776
             Episode_Reward/ground_slam: -6.3595
        Episode_Reward/joint_torques_l2: -1.0924
      Episode_Termination/invalid_state: 0.1070
 Episode_Reward/joint_deviation_l1_arms: -0.6022
           Episode_Reward/body_velocity: -14.7360
           Episode_Reward/ankle_torques: -0.2254
           Episode_Termination/time_out: 0.8930
           Episode_Reward/forward_pitch: -1.2592
           Curriculum/polish_not_moving: -1.0000
           Episode_Reward/feet_yaw_mean: -0.9251
      Episode_Reward/joint_deviation_l1: -1.0281
        Episode_Reward/joint_pos_limits: -0.0177
            Metrics/height/height_error: 0.1105
--------------------------------------------------------------------------------
                         Iteration time: 1.17s
                           Time elapsed: 0:01:07
                                    ETA: 0:00:04

################################################################################
[1m                            Learning iteration 56/60                            [0m 

                               Run name: height_tracking_g1
                            Total steps: 5603328 
                       Steps per second: 82978 
                        Collection time: 0.950s 
                          Learning time: 0.234s 
                        Mean value loss: 1.0664
                    Mean surrogate loss: -0.0047
                      Mean entropy loss: 37.6874
                     Mean symmetry loss: 0.0017
                   Mean l2c2_actor loss: 0.0038
                  Mean l2c2_critic loss: 0.0092
                            Mean reward: -1926.15
                    Mean episode length: 684.45
                        Mean action std: 0.89
                    Entropy coefficient: 0.002500
              Episode_Reward/feet_slide: -0.8224
              Curriculum/terrain_levels: 0.0000
    Episode_Reward/joint_tracking_error: -3.5989
         Curriculum/polish_joint_vel_l2: -0.0010
      Episode_Reward/base_height_medium: 3.3750
          Curriculum/polish_ground_slam: -1.0000
        Episode_Reward/base_height_fine: 5.5530
            Episode_Reward/joint_vel_l2: -1.3934
        Episode_Reward/action_rate_rate: -19.2864
         Episode_Reward/ground_unloaded: -0.7954
              Episode_Reward/relaxation: -8.1787
           Episode_Reward/torso_upright: -0.0566
         Episode_Reward/severely_tilted: -0.0581
              Episode_Reward/torso_slam: -7.8522
              Episode_Reward/torso_roll: -1.8266
               Curriculum/adaptive_lift: 0.9824
               Episode_Reward/flat_feet: -2.3528
  Episode_Reward/feet_distance_standing: -0.3087
        Episode_Reward/illegal_contacts: -0.4492
           Episode_Reward/feet_distance: -0.4183
        Episode_Reward/joint_vel_limits: -0.0020
            Episode_Reward/joint_acc_l2: -0.1195
     Curriculum/polish_action_rate_rate: -0.1500
              Episode_Reward/not_moving: -4.2963
        Curriculum/random_fallen_states: 0.0000
     Episode_Reward/completely_airborne: -16.0725
       Episode_Reward/base_height_rough: 2.1698
           Episode_Reward/torque_limits: -1.0910
           Curriculum/polish_torso_slam: -5.0000
             Episode_Reward/action_rate: -43.3258
             Episode_Reward/ground_slam: -5.8279
        Episode_Reward/joint_torques_l2: -1.0000
      Episode_Termination/invalid_state: 0.1039
 Episode_Reward/joint_deviation_l1_arms: -0.5345
           Episode_Reward/body_velocity: -14.3076
           Episode_Reward/ankle_torques: -0.2178
           Episode_Termination/time_out: 0.8961
           Episode_Reward/forward_pitch: -1.2541
           Curriculum/polish_not_moving: -1.0000
           Episode_Reward/feet_yaw_mean: -0.8456
      Episode_Reward/joint_deviation_l1: -0.9012
        Episode_Reward/joint_pos_limits: -0.0167
            Metrics/height/height_error: 0.1130
--------------------------------------------------------------------------------
                         Iteration time: 1.18s
                           Time elapsed: 0:01:08
                                    ETA: 0:00:03

################################################################################
[1m                            Learning iteration 57/60                            [0m 

                               Run name: height_tracking_g1
                            Total steps: 5701632 
                       Steps per second: 83777 
                        Collection time: 0.941s 
                          Learning time: 0.232s 
                        Mean value loss: 1.1239
                    Mean surrogate loss: -0.0037
                      Mean entropy loss: 37.5804
                     Mean symmetry loss: 0.0018
                   Mean l2c2_actor loss: 0.0039
                  Mean l2c2_critic loss: 0.0110
                            Mean reward: -1948.20
                    Mean episode length: 696.66
                        Mean action std: 0.89
                    Entropy coefficient: 0.002500
              Episode_Reward/feet_slide: -0.8715
              Curriculum/terrain_levels: 0.0000
    Episode_Reward/joint_tracking_error: -3.7243
         Curriculum/polish_joint_vel_l2: -0.0010
      Episode_Reward/base_height_medium: 3.6318
          Curriculum/polish_ground_slam: -1.0000
        Episode_Reward/base_height_fine: 6.0011
            Episode_Reward/joint_vel_l2: -1.4377
        Episode_Reward/action_rate_rate: -20.1161
         Episode_Reward/ground_unloaded: -0.8376
              Episode_Reward/relaxation: -8.5171
           Episode_Reward/torso_upright: -0.0610
         Episode_Reward/severely_tilted: -0.0654
              Episode_Reward/torso_slam: -8.1293
              Episode_Reward/torso_roll: -1.9094
               Curriculum/adaptive_lift: 0.9824
               Episode_Reward/flat_feet: -2.4742
  Episode_Reward/feet_distance_standing: -0.3309
        Episode_Reward/illegal_contacts: -0.4468
           Episode_Reward/feet_distance: -0.4404
        Episode_Reward/joint_vel_limits: -0.0019
            Episode_Reward/joint_acc_l2: -0.1259
     Curriculum/polish_action_rate_rate: -0.1500
              Episode_Reward/not_moving: -4.6789
        Curriculum/random_fallen_states: 0.0000
     Episode_Reward/completely_airborne: -16.8618
       Episode_Reward/base_height_rough: 2.3103
           Episode_Reward/torque_limits: -1.1209
           Curriculum/polish_torso_slam: -5.0000
             Episode_Reward/action_rate: -45.1584
             Episode_Reward/ground_slam: -6.2717
        Episode_Reward/joint_torques_l2: -1.0434
      Episode_Termination/invalid_state: 0.0997
 Episode_Reward/joint_deviation_l1_arms: -0.5462
           Episode_Reward/body_velocity: -15.4567
           Episode_Reward/ankle_torques: -0.2329
           Episode_Termination/time_out: 0.9003
           Episode_Reward/forward_pitch: -1.2398
           Curriculum/polish_not_moving: -1.0000
           Episode_Reward/feet_yaw_mean: -0.8878
      Episode_Reward/joint_deviation_l1: -0.9201
        Episode_Reward/joint_pos_limits: -0.0175
            Metrics/height/height_error: 0.1098
--------------------------------------------------------------------------------
                         Iteration time: 1.17s
                           Time elapsed: 0:01:09
                                    ETA: 0:00:02

################################################################################
[1m                            Learning iteration 58/60                            [0m 

                               Run name: height_tracking_g1
                            Total steps: 5799936 
                       Steps per second: 83625 
                        Collection time: 0.943s 
                          Learning time: 0.233s 
                        Mean value loss: 1.2889
                    Mean surrogate loss: -0.0046
                      Mean entropy loss: 37.4506
                     Mean symmetry loss: 0.0017
                   Mean l2c2_actor loss: 0.0039
                  Mean l2c2_critic loss: 0.0114
                            Mean reward: -1971.64
                    Mean episode length: 697.99
                        Mean action std: 0.88
                    Entropy coefficient: 0.002500
              Episode_Reward/feet_slide: -0.8676
              Curriculum/terrain_levels: 0.0000
    Episode_Reward/joint_tracking_error: -3.6474
         Curriculum/polish_joint_vel_l2: -0.0010
      Episode_Reward/base_height_medium: 3.3557
          Curriculum/polish_ground_slam: -1.0000
        Episode_Reward/base_height_fine: 5.5097
            Episode_Reward/joint_vel_l2: -1.4082
        Episode_Reward/action_rate_rate: -20.0582
         Episode_Reward/ground_unloaded: -0.7816
              Episode_Reward/relaxation: -9.1663
           Episode_Reward/torso_upright: -0.0593
         Episode_Reward/severely_tilted: -0.0592
              Episode_Reward/torso_slam: -7.4561
              Episode_Reward/torso_roll: -1.9059
               Curriculum/adaptive_lift: 0.9824
               Episode_Reward/flat_feet: -2.4504
  Episode_Reward/feet_distance_standing: -0.3256
        Episode_Reward/illegal_contacts: -0.4498
           Episode_Reward/feet_distance: -0.4375
        Episode_Reward/joint_vel_limits: -0.0018
            Episode_Reward/joint_acc_l2: -0.1225
     Curriculum/polish_action_rate_rate: -0.1500
              Episode_Reward/not_moving: -4.1769
        Curriculum/random_fallen_states: 0.0000
     Episode_Reward/completely_airborne: -16.8117
       Episode_Reward/base_height_rough: 2.1776
           Episode_Reward/torque_limits: -1.1120
           Curriculum/polish_torso_slam: -5.0000
             Episode_Reward/action_rate: -45.0475
             Episode_Reward/ground_slam: -5.8411
        Episode_Reward/joint_torques_l2: -1.0251
      Episode_Termination/invalid_state: 0.0987
 Episode_Reward/joint_deviation_l1_arms: -0.5379
           Episode_Reward/body_velocity: -14.2331
           Episode_Reward/ankle_torques: -0.2499
           Episode_Termination/time_out: 0.9013
           Episode_Reward/forward_pitch: -1.2015
           Curriculum/polish_not_moving: -1.0000
           Episode_Reward/feet_yaw_mean: -0.8381
      Episode_Reward/joint_deviation_l1: -0.9010
        Episode_Reward/joint_pos_limits: -0.0172
            Metrics/height/height_error: 0.1185
--------------------------------------------------------------------------------
                         Iteration time: 1.18s
                           Time elapsed: 0:01:10
                                    ETA: 0:00:01

################################################################################
[1m                            Learning iteration 59/60                            [0m 

                               Run name: height_tracking_g1
                            Total steps: 5898240 
                       Steps per second: 83753 
                        Collection time: 0.941s 
                          Learning time: 0.233s 
                        Mean value loss: 1.3252
                    Mean surrogate loss: -0.0029
                      Mean entropy loss: 37.3841
                     Mean symmetry loss: 0.0018
                   Mean l2c2_actor loss: 0.0038
                  Mean l2c2_critic loss: 0.0114
                            Mean reward: -1859.41
                    Mean episode length: 662.58
                        Mean action std: 0.88
                    Entropy coefficient: 0.002500
              Episode_Reward/feet_slide: -0.7962
              Curriculum/terrain_levels: 0.0000
    Episode_Reward/joint_tracking_error: -3.3901
         Curriculum/polish_joint_vel_l2: -0.0010
      Episode_Reward/base_height_medium: 3.3329
          Curriculum/polish_ground_slam: -1.0000
        Episode_Reward/base_height_fine: 5.4663
            Episode_Reward/joint_vel_l2: -1.3072
        Episode_Reward/action_rate_rate: -18.5049
         Episode_Reward/ground_unloaded: -0.7875
              Episode_Reward/relaxation: -7.9061
           Episode_Reward/torso_upright: -0.0554
         Episode_Reward/severely_tilted: -0.0701
              Episode_Reward/torso_slam: -7.6077
              Episode_Reward/torso_roll: -1.7794
               Curriculum/adaptive_lift: 0.9824
               Episode_Reward/flat_feet: -2.2969
  Episode_Reward/feet_distance_standing: -0.2969
        Episode_Reward/illegal_contacts: -0.4459
           Episode_Reward/feet_distance: -0.4116
        Episode_Reward/joint_vel_limits: -0.0017
            Episode_Reward/joint_acc_l2: -0.1149
     Curriculum/polish_action_rate_rate: -0.1500
              Episode_Reward/not_moving: -4.2084
        Curriculum/random_fallen_states: 0.0000
     Episode_Reward/completely_airborne: -15.2267
       Episode_Reward/base_height_rough: 2.1332
           Episode_Reward/torque_limits: -1.0268
           Curriculum/polish_torso_slam: -5.0000
             Episode_Reward/action_rate: -41.5984
             Episode_Reward/ground_slam: -5.8237
        Episode_Reward/joint_torques_l2: -0.9594
      Episode_Termination/invalid_state: 0.0978
 Episode_Reward/joint_deviation_l1_arms: -0.4957
           Episode_Reward/body_velocity: -13.9698
           Episode_Reward/ankle_torques: -0.2224
           Episode_Termination/time_out: 0.9022
           Episode_Reward/forward_pitch: -1.1801
           Curriculum/polish_not_moving: -1.0000
           Episode_Reward/feet_yaw_mean: -0.8376
      Episode_Reward/joint_deviation_l1: -0.8393
        Episode_Reward/joint_pos_limits: -0.0159
            Metrics/height/height_error: 0.1099
--------------------------------------------------------------------------------
                         Iteration time: 1.17s
                           Time elapsed: 0:01:12
                                    ETA: 0:00:00

[INFO]: SimulationContext cleared
EXIT=0
