The '--headless' CLI argument is deprecated. Omit '--viz' for default headless. If config visualizers are enabled and you want to force headless, use '--viz none'.
Loading user config located at: '/workspace/WBC-AGILE-NEWTON/.venv/lib/python3.12/site-packages/isaacsim/kit/data/Kit/IsaacLab/3.0/user.config.json'
2026-09-02T06:48:53Z [0ms] [Warning] [omni.ext.plugin] [ext: isaaclab_visualizers] Extensions config 'extension.toml' doesn't exist '/workspace/WBC-AGILE-NEWTON/.venv/lib/python3.12/site-packages/isaaclab/source/isaaclab_visualizers' or '/workspace/WBC-AGILE-NEWTON/.venv/lib/python3.12/site-packages/isaaclab/source/isaaclab_visualizers/config'
WARNING: All log messages before absl::InitializeLog() is called are written to STDERR
E0000 00:00:1788331733.213757  515435 descriptor_database.cc:633] File already exists in database: grpc/health/v1/health.proto
W0000 00:00:1788331733.213782  515435 message.cc:301] Protobuf GeneratedMessageFactory: File is already registered: grpc/health/v1/health.proto
2026-09-02T06:48:53Z [365ms] [Warning] [omni.usd_config.extension] Enable omni.materialx.libs extension to use MaterialX
2026-09-02T06:48:53Z [383ms] [Warning] [omni.platforminfo.plugin] failed to open the default display.  Can't verify X Server version.
2026-09-02T06:48:53Z [415ms] [Error] [omni.ext.plugin] Could not load the dynamic library from /workspace/WBC-AGILE-NEWTON/.venv/lib/python3.12/site-packages/isaacsim/extscache/omni.usd.libs-1.0.3+6312fa25.lx64.r.cp312/bin/libMaterialXRenderHw.so. Error: libXt.so.6: cannot open shared object file: No such file or directory (note that this may be caused by a dependent library)
2026-09-02T06:48:53Z [416ms] [Error] [omni.ext.plugin] Could not load the dynamic library from /workspace/WBC-AGILE-NEWTON/.venv/lib/python3.12/site-packages/isaacsim/extscache/omni.usd.libs-1.0.3+6312fa25.lx64.r.cp312/bin/libMaterialXRenderGlsl.so. Error: libXt.so.6: cannot open shared object file: No such file or directory (note that this may be caused by a dependent library)
2026-09-02T06:48:53Z [417ms] [Error] [omni.ext.plugin] Could not load the dynamic library from /workspace/WBC-AGILE-NEWTON/.venv/lib/python3.12/site-packages/isaacsim/extscache/omni.usd.libs-1.0.3+6312fa25.lx64.r.cp312/bin/libusd_usdBakeMtlx.so. Error: libXt.so.6: cannot open shared object file: No such file or directory (note that this may be caused by a dependent library)
2026-09-02T06:48:54Z [987ms] [Warning] [isaacsim.core.simulation_manager.plugin] USD stage is not available; stage-opened subscription is deferred
2026-09-02T06:48:54Z [987ms] [Warning] [isaacsim.core.simulation_manager.plugin] USD stage is not available; stage-opened subscription is deferred
[ISAACLAB] AppLauncher initialization complete
[INFO]: Parsing configuration from: agile.rl_env.tasks.stand_up.g1.height_tracking_env_cfg:G1HeightTrackingEnvCfg
[INFO]: Parsing configuration from: agile.rl_env.tasks.stand_up.g1.agents.rsl_rl_ppo_cfg:G1HeightTrackingPpoRunnerCfg
[INFO] Logging experiment in directory: /workspace/WBC-AGILE-NEWTON/logs/rsl_rl/height_tracking_g1
Exact experiment name requested from command line: 2026-09-02_06-49-03
[INFO]: Base environment:
	Environment device    : cuda:0
	Environment seed      : 42
	Physics step-size     : 0.005
	Rendering step-size   : 0.02
	Environment step-size : 0.02
[INFO] Generating terrains based on curriculum took Last: 0.220830 s
[INFO]: Registered backend 'newton' for factory Articulation.
[INFO]: Setting variant selection 'PhysX' for variant set 'Physics' on prim '/World/envs/env_0/Robot'.
[INFO]: Setting variant selection 'None' for variant set 'left_hand' on prim '/World/envs/env_0/Robot'.
[INFO]: Setting variant selection 'None' for variant set 'right_hand' on prim '/World/envs/env_0/Robot'.
[INFO]: Registered backend 'newton' for factory FrameView.
[INFO]: Registered backend 'newton' for factory ContactSensor.
[INFO]: Registered backend 'newton' for factory RayCaster.
[INFO]: Time taken for scene creation Last: 7.355019 s, Mean: 7.355019 s, Std: 0.000000 s, N: 1
[INFO]: Scene manager:  <class InteractiveScene>
	Number of environments: 2048
	Environment spacing   : 2.5
	Source prim name      : /World/envs/env_0
	Global prim paths     : ['/World/ground']
	Replicate physics     : True
[INFO]: Dispatching MODEL_INIT callbacks
[INFO]: Finalizing model on device: cuda:0
/workspace/WBC-AGILE-NEWTON/.venv/lib/python3.12/site-packages/isaaclab_newton/physics/newton_manager.py:989: FutureWarning: Newton shape color replacement is enabled; this workaround will be deprecated in a future release.
  replace_newton_shape_colors(cls._model)
Finalize builder took: Last: 5.384307 s, Mean: 5.384307 s, Std: 0.000000 s, N: 1
[INFO]: Dispatching PHYSICS_READY callbacks
[INFO]: Simulation parameters for joints in /World/envs/env_.*/Robot:
+-------------------------------------------------------------------------------------------------------------------------------------------+
|                                     Simulation Joint Information (Prim path: /World/envs/env_.*/Robot)                                    |
+-------+----------------------------+-----------+---------+----------+-----------------+-----------------+-----------------+---------------+
| Index | Name                       | Stiffness | Damping | Armature | Static Friction | Position Limits | Velocity Limits | Effort Limits |
+-------+----------------------------+-----------+---------+----------+-----------------+-----------------+-----------------+---------------+
|   0   | left_hip_pitch_joint       |   0.000   |  0.000  |  0.020   |      0.010      | [-2.531, 2.880] |      32.000     |     88.000    |
|   1   | left_hip_roll_joint        |   0.000   |  0.000  |  0.020   |      0.010      | [-0.524, 2.967] |      32.000     |     88.000    |
|   2   | left_hip_yaw_joint         |   0.000   |  0.000  |  0.020   |      0.010      | [-2.758, 2.758] |      32.000     |     88.000    |
|   3   | left_knee_joint            |   0.000   |  0.000  |  0.020   |      0.010      | [-0.087, 2.880] |      20.000     |    139.000    |
|   4   | left_ankle_pitch_joint     |   0.000   |  0.000  |  0.020   |      0.010      | [-0.873, 0.524] |      37.000     |     50.000    |
|   5   | left_ankle_roll_joint      |   0.000   |  0.000  |  0.020   |      0.010      | [-0.262, 0.262] |      37.000     |     50.000    |
|   6   | right_hip_pitch_joint      |   0.000   |  0.000  |  0.020   |      0.010      | [-2.531, 2.880] |      32.000     |     88.000    |
|   7   | right_hip_roll_joint       |   0.000   |  0.000  |  0.020   |      0.010      | [-2.967, 0.524] |      32.000     |     88.000    |
|   8   | right_hip_yaw_joint        |   0.000   |  0.000  |  0.020   |      0.010      | [-2.758, 2.758] |      32.000     |     88.000    |
|   9   | right_knee_joint           |   0.000   |  0.000  |  0.020   |      0.010      | [-0.087, 2.880] |      20.000     |    139.000    |
|   10  | right_ankle_pitch_joint    |   0.000   |  0.000  |  0.020   |      0.010      | [-0.873, 0.524] |      37.000     |     50.000    |
|   11  | right_ankle_roll_joint     |   0.000   |  0.000  |  0.020   |      0.010      | [-0.262, 0.262] |      37.000     |     50.000    |
|   12  | waist_yaw_joint            |   0.000   |  0.000  |  0.020   |      0.010      | [-2.618, 2.618] |      32.000     |     88.000    |
|   13  | waist_roll_joint           |   0.000   |  0.000  |  0.020   |      0.010      | [-0.520, 0.520] |      37.000     |     50.000    |
|   14  | waist_pitch_joint          |   0.000   |  0.000  |  0.020   |      0.010      | [-0.520, 0.520] |      37.000     |     50.000    |
|   15  | left_shoulder_pitch_joint  |   0.000   |  0.000  |  0.020   |      0.010      | [-3.089, 2.670] |      37.000     |     25.000    |
|   16  | left_shoulder_roll_joint   |   0.000   |  0.000  |  0.020   |      0.010      | [-1.588, 2.251] |      37.000     |     25.000    |
|   17  | left_shoulder_yaw_joint    |   0.000   |  0.000  |  0.020   |      0.010      | [-2.618, 2.618] |      37.000     |     25.000    |
|   18  | left_elbow_joint           |   0.000   |  0.000  |  0.020   |      0.010      | [-1.047, 2.094] |      37.000     |     25.000    |
|   19  | left_wrist_roll_joint      |   0.000   |  0.000  |  0.020   |      0.010      | [-1.972, 1.972] |      37.000     |     25.000    |
|   20  | left_wrist_pitch_joint     |   0.000   |  0.000  |  0.020   |      0.010      | [-1.614, 1.614] |      22.000     |     5.000     |
|   21  | left_wrist_yaw_joint       |   0.000   |  0.000  |  0.020   |      0.010      | [-1.614, 1.614] |      22.000     |     5.000     |
|   22  | right_shoulder_pitch_joint |   0.000   |  0.000  |  0.020   |      0.010      | [-3.089, 2.670] |      37.000     |     25.000    |
|   23  | right_shoulder_roll_joint  |   0.000   |  0.000  |  0.020   |      0.010      | [-2.251, 1.588] |      37.000     |     25.000    |
|   24  | right_shoulder_yaw_joint   |   0.000   |  0.000  |  0.020   |      0.010      | [-2.618, 2.618] |      37.000     |     25.000    |
|   25  | right_elbow_joint          |   0.000   |  0.000  |  0.020   |      0.010      | [-1.047, 2.094] |      37.000     |     25.000    |
|   26  | right_wrist_roll_joint     |   0.000   |  0.000  |  0.020   |      0.010      | [-1.972, 1.972] |      37.000     |     25.000    |
|   27  | right_wrist_pitch_joint    |   0.000   |  0.000  |  0.020   |      0.010      | [-1.614, 1.614] |      22.000     |     5.000     |
|   28  | right_wrist_yaw_joint      |   0.000   |  0.000  |  0.020   |      0.010      | [-1.614, 1.614] |      22.000     |     5.000     |
+-------+----------------------------+-----------+---------+----------+-----------------+-----------------+-----------------+---------------+
[INFO]: Adding contact sensor for /World/envs/env_.*/Robot/.* with filter all bodies/shapes
Contact sensor construction took: Last: 0.061722 s, Mean: 0.061722 s, Std: 0.000000 s, N: 1
[INFO]: Contact sensor initialized with 30 sensors.
[INFO]: Creating buffers for contact sensor data with num_envs: 2048, num_sensors: 30, num_filter_objects: 0, history_length: 3, generate_force_matrix: False, track_air_time: True, track_pose: False, device: cuda:0
[INFO]: Creating buffers for contact sensor data with num_envs: 2048, num_sensors: 30, num_filter_objects: 0, history_length: 3, generate_force_matrix: False, track_air_time: True, track_pose: False, device: cuda:0
[INFO]: Read mesh prim: /World/ground/terrain/mesh with 369728 vertices and 2097240 faces.
Initialize solver took: Last: 2.297396 s, Mean: 2.297396 s, Std: 0.000000 s, N: 1
[INFO]: Newton CUDA graph captured (standard Warp mode)
CUDA graph took: Last: 0.876076 s, Mean: 0.876076 s, Std: 0.000000 s, N: 1
[INFO]: Time taken for simulation start Last: 8.818189 s, Mean: 8.818189 s, Std: 0.000000 s, N: 1
[INFO] Command Manager:  <CommandManager> contains 1 active terms.
+--------------------------------------+
|         Active Command Terms         |
+-------+--------+---------------------+
| Index | Name   |         Type        |
+-------+--------+---------------------+
|   0   | height | SmoothHeightCommand |
+-------+--------+---------------------+

[INFO] Event Manager:  <EventManager> contains 3 active terms.
+----------------------------------------+
| Active Event Terms in Mode: 'startup'  |
+--------+-------------------------------+
| Index  | Name                          |
+--------+-------------------------------+
|   0    | randomize_physics_material    |
|   1    | randomize_actuator_gains      |
|   2    | randomize_bodies_mass         |
|   3    | randomize_base_mass           |
|   4    | randomize_base_com            |
+--------+-------------------------------+
+---------------------------------------------------------------------------+
|                   Active Event Terms in Mode: 'interval'                  |
+-------+-----------------------------------------+-------------------------+
| Index | Name                                    | Interval time range (s) |
+-------+-----------------------------------------+-------------------------+
|   0   | push_robot                              |       (0.0, 10.0)       |
|   1   | apply_external_force_torque             |       (0.0, 10.0)       |
|   2   | apply_external_force_torque_extremities |       (0.0, 10.0)       |
+-------+-----------------------------------------+-------------------------+
+----------------------------------+
| Active Event Terms in Mode: 'reset' |
+------------+---------------------+
|   Index    | Name                |
+------------+---------------------+
|     0      | reset_base          |
+------------+---------------------+

[INFO] Recorder Manager:  <RecorderManager> contains 0 active terms.
+---------------------+
| Active Recorder Terms |
+-----------+---------+
|   Index   | Name    |
+-----------+---------+
+-----------+---------+

[INFO]: Resolved joint names for the action term JointPositionAction: ['left_hip_pitch_joint', 'left_hip_roll_joint', 'left_hip_yaw_joint', 'left_knee_joint', 'left_ankle_pitch_joint', 'left_ankle_roll_joint', 'right_hip_pitch_joint', 'right_hip_roll_joint', 'right_hip_yaw_joint', 'right_knee_joint', 'right_ankle_pitch_joint', 'right_ankle_roll_joint', 'waist_yaw_joint', 'waist_roll_joint', 'waist_pitch_joint', 'left_shoulder_pitch_joint', 'left_shoulder_roll_joint', 'left_shoulder_yaw_joint', 'left_elbow_joint', 'left_wrist_roll_joint', 'left_wrist_pitch_joint', 'left_wrist_yaw_joint', 'right_shoulder_pitch_joint', 'right_shoulder_roll_joint', 'right_shoulder_yaw_joint', 'right_elbow_joint', 'right_wrist_roll_joint', 'right_wrist_pitch_joint', 'right_wrist_yaw_joint'] [[0, 1, 2, 3, 4, 5, 6, 7, 8, 9, 10, 11, 12, 13, 14, 15, 16, 17, 18, 19, 20, 21, 22, 23, 24, 25, 26, 27, 28]]
[INFO] Action Manager:  <ActionManager> contains 2 active terms.
+------------------------------------+
|  Active Action Terms (shape: 29)   |
+--------+-------------+-------------+
| Index  | Name        |   Dimension |
+--------+-------------+-------------+
|   0    | joint_pos   |          29 |
|   1    | lift        |           0 |
+--------+-------------+-------------+

[INFO] Observation Manager: <ObservationManager> contains 2 groups.
+----------------------------------------------+
| Active Observation Terms in Group: 'policy'  |
+---------+------------------------+-----------+
|  Index  | Name                   |   Shape   |
+---------+------------------------+-----------+
|    0    | base_ang_vel           |   (5, 3)  |
|    1    | projected_gravity      |   (5, 3)  |
|    2    | joint_pos              |  (5, 29)  |
|    3    | joint_vel              |  (5, 29)  |
|    4    | actions                |  (5, 29)  |
|    5    | height_command         |   (5, 1)  |
+---------+------------------------+-----------+
+----------------------------------------------+
| Active Observation Terms in Group: 'critic'  |
+---------+------------------------+-----------+
|  Index  | Name                   |   Shape   |
+---------+------------------------+-----------+
|    0    | projected_gravity      |   (5, 3)  |
|    1    | base_lin_vel           |   (5, 3)  |
|    2    | base_ang_vel           |   (5, 3)  |
|    3    | joint_pos              |  (5, 29)  |
|    4    | joint_vel              |  (5, 29)  |
|    5    | actions                |  (5, 29)  |
|    6    | contact_forces         |  (5, 30)  |
|    7    | base_height            |   (5, 1)  |
|    8    | height_command         |   (5, 1)  |
+---------+------------------------+-----------+

[INFO] Termination Manager:  <TerminationManager> contains 2 active terms.
+----------------------------------+
|     Active Termination Terms     |
+-------+---------------+----------+
| Index | Name          | Time Out |
+-------+---------------+----------+
|   0   | time_out      |   True   |
|   1   | invalid_state |  False   |
+-------+---------------+----------+

[INFO] Reward Manager:  <RewardManager> contains 32 active terms.
+--------------------------------------------+
|            Active Reward Terms             |
+-------+-------------------------+----------+
| Index | Name                    |   Weight |
+-------+-------------------------+----------+
|   0   | joint_torques_l2        |   -5e-05 |
|   1   | torque_limits           |    -0.01 |
|   2   | joint_acc_l2            | -2.5e-08 |
|   3   | joint_pos_limits        |     -0.1 |
|   4   | joint_vel_limits        |    -0.01 |
|   5   | action_rate             |     -1.0 |
|   6   | action_rate_rate        |    -0.15 |
|   7   | joint_vel_l2            |   -0.001 |
|   8   | joint_tracking_error    |     -0.5 |
|   9   | base_height_rough       |      4.0 |
|   10  | base_height_medium      |      8.0 |
|   11  | base_height_fine        |     16.0 |
|   12  | relaxation              |     -1.0 |
|   13  | joint_deviation_l1      |     -0.5 |
|   14  | joint_deviation_l1_arms |     -0.5 |
|   15  | ankle_torques           |   -0.001 |
|   16  | not_moving              |     -1.0 |
|   17  | torso_upright           |     -1.0 |
|   18  | severely_tilted         |     -5.0 |
|   19  | torso_roll              |     -5.0 |
|   20  | forward_pitch           |    -10.0 |
|   21  | illegal_contacts        |     -2.0 |
|   22  | feet_distance           |     -5.0 |
|   23  | feet_distance_standing  |    -10.0 |
|   24  | ground_unloaded         |     -2.0 |
|   25  | flat_feet               |     -1.0 |
|   26  | feet_slide              |     -1.0 |
|   27  | feet_yaw_mean           |     -2.0 |
|   28  | completely_airborne     |    -50.0 |
|   29  | body_velocity           |     -0.1 |
|   30  | ground_slam             |     -1.0 |
|   31  | torso_slam              |     -5.0 |
+-------+-------------------------+----------+

[INFO] Curriculum Manager:  <CurriculumManager> contains 8 active terms.
+---------------------------------+
|     Active Curriculum Terms     |
+-------+-------------------------+
| Index | Name                    |
+-------+-------------------------+
|   0   | adaptive_lift           |
|   1   | terrain_levels          |
|   2   | polish_action_rate_rate |
|   3   | polish_ground_slam      |
|   4   | polish_torso_slam       |
|   5   | polish_not_moving       |
|   6   | polish_joint_vel_l2     |
|   7   | random_fallen_states    |
+-------+-------------------------+

/workspace/WBC-AGILE-NEWTON/.venv/lib/python3.12/site-packages/isaaclab/source/isaaclab/isaaclab/envs/mdp/events.py:742: UserWarning: In Newton, body com pose always has unit quaternion. Consider using body_com_pos_b instead.Querying this property requires appending a unit quaternion to the position which is expensive.
  self.default_com = self.asset.data.body_com_pose_b.torch.clone()
[INFO]: Completed setting up the environment...
/workspace/WBC-AGILE-NEWTON/.venv/lib/python3.12/site-packages/rsl_rl/utils/utils.py:220: UserWarning: The observation configuration dictionary 'obs_groups' is empty and thus likely not configured. Consider configuring the 'obs_groups' dictionary explicitly
  warnings.warn(
/workspace/WBC-AGILE-NEWTON/.venv/lib/python3.12/site-packages/rsl_rl/utils/utils.py:251: UserWarning: The observation configuration dictionary 'obs_groups' does not contain the 'actor' key. As an observation group with the name 'policy' was found, this is assumed to be the appropriate observation. Consider adding the 'actor' key to the 'obs_groups' dictionary for clarity. This behavior will be removed in a future version.
  warnings.warn(
/workspace/WBC-AGILE-NEWTON/.venv/lib/python3.12/site-packages/rsl_rl/utils/utils.py:243: UserWarning: The observation configuration dictionary 'obs_groups' does not contain the 'critic' key. As an observation group with the name 'critic' was found, this is assumed to be the appropriate observation. Consider adding the 'critic' key to the 'obs_groups' dictionary for clarity. This behavior will be removed in a future version.
  warnings.warn(
--------------------------------------------------------------------------------
Resolved observation sets: 
	 actor :  ['policy']
	 critic :  ['critic']
--------------------------------------------------------------------------------
Actor Model: MLPModel(
  (obs_normalizer): Identity()
  (distribution): GaussianDistribution()
  (mlp): MLP(
    (0): Linear(in_features=470, out_features=256, bias=True)
    (1): ELU(alpha=1.0)
    (2): Linear(in_features=256, out_features=256, bias=True)
    (3): ELU(alpha=1.0)
    (4): Linear(in_features=256, out_features=128, bias=True)
    (5): ELU(alpha=1.0)
    (6): Linear(in_features=128, out_features=29, bias=True)
  )
)
Critic Model: MLPModel(
  (obs_normalizer): Identity()
  (mlp): MLP(
    (0): Linear(in_features=640, out_features=512, bias=True)
    (1): ELU(alpha=1.0)
    (2): Linear(in_features=512, out_features=256, bias=True)
    (3): ELU(alpha=1.0)
    (4): Linear(in_features=256, out_features=128, bias=True)
    (5): ELU(alpha=1.0)
    (6): Linear(in_features=128, out_features=1, bias=True)
  )
)
Storing git diff for 'WBC-AGILE-NEWTON' in: /workspace/WBC-AGILE-NEWTON/logs/rsl_rl/height_tracking_g1/2026-09-02_06-49-03_height_tracking_g1/git/WBC-AGILE-NEWTON.diff
################################################################################
[1m                            Learning iteration 0/30                             [0m 

                               Run name: height_tracking_g1
                            Total steps: 49152 
                       Steps per second: 17571 
                        Collection time: 2.543s 
                          Learning time: 0.254s 
                        Mean value loss: 3.9576
                    Mean surrogate loss: 0.0247
                      Mean entropy loss: 41.0876
                     Mean symmetry loss: 0.0029
                   Mean l2c2_actor loss: 0.0013
                  Mean l2c2_critic loss: 0.0114
                            Mean reward: -25.81
                    Mean episode length: 12.13
                        Mean action std: 1.00
                    Entropy coefficient: 0.002500
              Episode_Reward/relaxation: -0.0942
             Episode_Reward/action_rate: -0.9241
            Episode_Reward/joint_acc_l2: -0.0030
         Episode_Reward/severely_tilted: 0.0000
 Episode_Reward/joint_deviation_l1_arms: -0.0082
               Episode_Reward/flat_feet: -0.0236
     Episode_Reward/completely_airborne: -0.1164
           Curriculum/polish_torso_slam: -5.0000
         Episode_Reward/ground_unloaded: -0.0142
          Curriculum/polish_ground_slam: -1.0000
              Episode_Reward/not_moving: -0.0297
            Episode_Reward/joint_vel_l2: -0.0223
           Episode_Reward/forward_pitch: -0.0067
           Episode_Reward/feet_yaw_mean: -0.0053
        Episode_Reward/joint_pos_limits: -0.0001
      Episode_Reward/joint_deviation_l1: -0.0228
        Episode_Reward/joint_vel_limits: -0.0000
           Episode_Reward/ankle_torques: -0.0061
       Episode_Reward/base_height_rough: 0.0362
           Episode_Reward/torque_limits: -0.0198
        Episode_Reward/illegal_contacts: -0.0004
              Curriculum/terrain_levels: 0.0000
           Curriculum/polish_not_moving: -1.0000
  Episode_Reward/feet_distance_standing: -0.0006
           Episode_Termination/time_out: 0.0165
        Episode_Reward/action_rate_rate: -0.3951
             Episode_Reward/ground_slam: -0.0365
              Episode_Reward/torso_slam: -0.0327
            Metrics/height/height_error: 0.0000
     Curriculum/polish_action_rate_rate: -0.1500
         Curriculum/polish_joint_vel_l2: -0.0010
        Curriculum/random_fallen_states: 0.0000
              Episode_Reward/torso_roll: -0.0272
        Episode_Reward/base_height_fine: 0.0747
    Episode_Reward/joint_tracking_error: -0.0564
               Curriculum/adaptive_lift: 1.0000
           Episode_Reward/feet_distance: -0.0009
        Episode_Reward/joint_torques_l2: -0.0173
              Episode_Reward/feet_slide: -0.0163
      Episode_Termination/invalid_state: 0.0000
           Episode_Reward/body_velocity: -0.0586
           Episode_Reward/torso_upright: 0.0000
      Episode_Reward/base_height_medium: 0.0520
--------------------------------------------------------------------------------
                         Iteration time: 2.80s
                           Time elapsed: 0:00:02
                                    ETA: 0:01:21

################################################################################
[1m                            Learning iteration 1/30                             [0m 

                               Run name: height_tracking_g1
                            Total steps: 98304 
                       Steps per second: 38491 
                        Collection time: 1.121s 
                          Learning time: 0.155s 
                        Mean value loss: 4.8182
                    Mean surrogate loss: 0.0050
                      Mean entropy loss: 41.0413
                     Mean symmetry loss: 0.0019
                   Mean l2c2_actor loss: 0.0012
                  Mean l2c2_critic loss: 0.0185
                            Mean reward: -73.21
                    Mean episode length: 31.96
                        Mean action std: 0.99
                    Entropy coefficient: 0.002500
              Episode_Reward/relaxation: -0.5298
             Episode_Reward/action_rate: -2.7688
            Episode_Reward/joint_acc_l2: -0.0085
         Episode_Reward/severely_tilted: -0.0004
 Episode_Reward/joint_deviation_l1_arms: -0.0236
               Episode_Reward/flat_feet: -0.0759
     Episode_Reward/completely_airborne: -0.2500
           Curriculum/polish_torso_slam: -5.0000
         Episode_Reward/ground_unloaded: -0.0307
          Curriculum/polish_ground_slam: -1.0000
              Episode_Reward/not_moving: -0.0799
            Episode_Reward/joint_vel_l2: -0.0583
           Episode_Reward/forward_pitch: -0.0416
           Episode_Reward/feet_yaw_mean: -0.0195
        Episode_Reward/joint_pos_limits: -0.0004
      Episode_Reward/joint_deviation_l1: -0.0641
        Episode_Reward/joint_vel_limits: -0.0001
           Episode_Reward/ankle_torques: -0.0170
       Episode_Reward/base_height_rough: 0.0788
           Episode_Reward/torque_limits: -0.0592
        Episode_Reward/illegal_contacts: -0.0055
              Curriculum/terrain_levels: 0.0000
           Curriculum/polish_not_moving: -1.0000
  Episode_Reward/feet_distance_standing: -0.0101
           Episode_Termination/time_out: 0.0495
        Episode_Reward/action_rate_rate: -1.2286
             Episode_Reward/ground_slam: -0.1289
              Episode_Reward/torso_slam: -0.1175
            Metrics/height/height_error: nan
     Curriculum/polish_action_rate_rate: -0.1500
         Curriculum/polish_joint_vel_l2: -0.0010
        Curriculum/random_fallen_states: 0.0000
              Episode_Reward/torso_roll: -0.0876
        Episode_Reward/base_height_fine: 0.1529
    Episode_Reward/joint_tracking_error: -0.1673
               Curriculum/adaptive_lift: 1.0000
           Episode_Reward/feet_distance: -0.0068
        Episode_Reward/joint_torques_l2: -0.0528
              Episode_Reward/feet_slide: -0.0495
      Episode_Termination/invalid_state: 0.0000
           Episode_Reward/body_velocity: -0.2263
           Episode_Reward/torso_upright: 0.0000
      Episode_Reward/base_height_medium: 0.1048
--------------------------------------------------------------------------------
                         Iteration time: 1.28s
                           Time elapsed: 0:00:04
                                    ETA: 0:00:57

################################################################################
[1m                            Learning iteration 2/30                             [0m 

                               Run name: height_tracking_g1
                            Total steps: 147456 
                       Steps per second: 37342 
                        Collection time: 1.168s 
                          Learning time: 0.149s 
                        Mean value loss: 4.5678
                    Mean surrogate loss: -0.0093
                      Mean entropy loss: 40.8968
                     Mean symmetry loss: 0.0010
                   Mean l2c2_actor loss: 0.0015
                  Mean l2c2_critic loss: 0.0328
                            Mean reward: -127.94
                    Mean episode length: 54.00
                        Mean action std: 0.99
                    Entropy coefficient: 0.002500
              Episode_Reward/relaxation: -0.5942
             Episode_Reward/action_rate: -4.6445
            Episode_Reward/joint_acc_l2: -0.0138
         Episode_Reward/severely_tilted: -0.0044
 Episode_Reward/joint_deviation_l1_arms: -0.0407
               Episode_Reward/flat_feet: -0.1577
     Episode_Reward/completely_airborne: -0.3961
           Curriculum/polish_torso_slam: -5.0000
         Episode_Reward/ground_unloaded: -0.0657
          Curriculum/polish_ground_slam: -1.0000
              Episode_Reward/not_moving: -0.1974
            Episode_Reward/joint_vel_l2: -0.1110
           Episode_Reward/forward_pitch: -0.0769
           Episode_Reward/feet_yaw_mean: -0.0371
        Episode_Reward/joint_pos_limits: -0.0008
      Episode_Reward/joint_deviation_l1: -0.1022
        Episode_Reward/joint_vel_limits: -0.0001
           Episode_Reward/ankle_torques: -0.0274
       Episode_Reward/base_height_rough: 0.1751
           Episode_Reward/torque_limits: -0.0999
        Episode_Reward/illegal_contacts: -0.0138
              Curriculum/terrain_levels: 0.0000
           Curriculum/polish_not_moving: -1.0000
  Episode_Reward/feet_distance_standing: -0.0119
           Episode_Termination/time_out: 0.0857
        Episode_Reward/action_rate_rate: -2.0711
             Episode_Reward/ground_slam: -0.2943
              Episode_Reward/torso_slam: -0.3664
            Metrics/height/height_error: 0.0000
     Curriculum/polish_action_rate_rate: -0.1500
         Curriculum/polish_joint_vel_l2: -0.0010
        Curriculum/random_fallen_states: 0.0000
              Episode_Reward/torso_roll: -0.1619
        Episode_Reward/base_height_fine: 0.3755
    Episode_Reward/joint_tracking_error: -0.2924
               Curriculum/adaptive_lift: 1.0000
           Episode_Reward/feet_distance: -0.0185
        Episode_Reward/joint_torques_l2: -0.0840
              Episode_Reward/feet_slide: -0.0867
      Episode_Termination/invalid_state: 0.0000
           Episode_Reward/body_velocity: -0.5218
           Episode_Reward/torso_upright: -0.0016
      Episode_Reward/base_height_medium: 0.2526
--------------------------------------------------------------------------------
                         Iteration time: 1.32s
                           Time elapsed: 0:00:05
                                    ETA: 0:00:48

################################################################################
[1m                            Learning iteration 3/30                             [0m 

                               Run name: height_tracking_g1
                            Total steps: 196608 
                       Steps per second: 37330 
                        Collection time: 1.165s 
                          Learning time: 0.151s 
                        Mean value loss: 4.2456
                    Mean surrogate loss: -0.0054
                      Mean entropy loss: 40.8009
                     Mean symmetry loss: 0.0008
                   Mean l2c2_actor loss: 0.0016
                  Mean l2c2_critic loss: 0.0418
                            Mean reward: -182.35
                    Mean episode length: 77.69
                        Mean action std: 0.99
                    Entropy coefficient: 0.002500
              Episode_Reward/relaxation: -0.7849
             Episode_Reward/action_rate: -6.4346
            Episode_Reward/joint_acc_l2: -0.0195
         Episode_Reward/severely_tilted: -0.0003
 Episode_Reward/joint_deviation_l1_arms: -0.0451
               Episode_Reward/flat_feet: -0.2412
     Episode_Reward/completely_airborne: -0.4158
           Curriculum/polish_torso_slam: -5.0000
         Episode_Reward/ground_unloaded: -0.1018
          Curriculum/polish_ground_slam: -1.0000
              Episode_Reward/not_moving: -0.2755
            Episode_Reward/joint_vel_l2: -0.1434
           Episode_Reward/forward_pitch: -0.1258
           Episode_Reward/feet_yaw_mean: -0.0424
        Episode_Reward/joint_pos_limits: -0.0011
      Episode_Reward/joint_deviation_l1: -0.1051
        Episode_Reward/joint_vel_limits: -0.0001
           Episode_Reward/ankle_torques: -0.0375
       Episode_Reward/base_height_rough: 0.2351
           Episode_Reward/torque_limits: -0.1428
        Episode_Reward/illegal_contacts: -0.0214
              Curriculum/terrain_levels: 0.0000
           Curriculum/polish_not_moving: -1.0000
  Episode_Reward/feet_distance_standing: -0.0202
           Episode_Termination/time_out: 0.1183
        Episode_Reward/action_rate_rate: -2.8748
             Episode_Reward/ground_slam: -0.3525
              Episode_Reward/torso_slam: -0.3739
            Metrics/height/height_error: 0.0000
     Curriculum/polish_action_rate_rate: -0.1500
         Curriculum/polish_joint_vel_l2: -0.0010
        Curriculum/random_fallen_states: 0.0000
              Episode_Reward/torso_roll: -0.2256
        Episode_Reward/base_height_fine: 0.4980
    Episode_Reward/joint_tracking_error: -0.3961
               Curriculum/adaptive_lift: 1.0000
           Episode_Reward/feet_distance: -0.0253
        Episode_Reward/joint_torques_l2: -0.1197
              Episode_Reward/feet_slide: -0.1233
      Episode_Termination/invalid_state: 0.0000
           Episode_Reward/body_velocity: -0.5949
           Episode_Reward/torso_upright: -0.0045
      Episode_Reward/base_height_medium: 0.3293
--------------------------------------------------------------------------------
                         Iteration time: 1.32s
                           Time elapsed: 0:00:06
                                    ETA: 0:00:43

################################################################################
[1m                            Learning iteration 4/30                             [0m 

                               Run name: height_tracking_g1
                            Total steps: 245760 
                       Steps per second: 37902 
                        Collection time: 1.148s 
                          Learning time: 0.149s 
                        Mean value loss: 3.9985
                    Mean surrogate loss: -0.0112
                      Mean entropy loss: 40.6440
                     Mean symmetry loss: 0.0007
                   Mean l2c2_actor loss: 0.0020
                  Mean l2c2_critic loss: 0.0625
                            Mean reward: -239.92
                    Mean episode length: 103.57
                        Mean action std: 0.98
                    Entropy coefficient: 0.002500
              Episode_Reward/relaxation: -1.0529
             Episode_Reward/action_rate: -8.1835
            Episode_Reward/joint_acc_l2: -0.0271
         Episode_Reward/severely_tilted: -0.0020
 Episode_Reward/joint_deviation_l1_arms: -0.0582
               Episode_Reward/flat_feet: -0.3238
     Episode_Reward/completely_airborne: -0.5412
           Curriculum/polish_torso_slam: -5.0000
         Episode_Reward/ground_unloaded: -0.1239
          Curriculum/polish_ground_slam: -1.0000
              Episode_Reward/not_moving: -0.3581
            Episode_Reward/joint_vel_l2: -0.1815
           Episode_Reward/forward_pitch: -0.1806
           Episode_Reward/feet_yaw_mean: -0.0566
        Episode_Reward/joint_pos_limits: -0.0013
      Episode_Reward/joint_deviation_l1: -0.1319
        Episode_Reward/joint_vel_limits: -0.0002
           Episode_Reward/ankle_torques: -0.0456
       Episode_Reward/base_height_rough: 0.3191
           Episode_Reward/torque_limits: -0.1747
        Episode_Reward/illegal_contacts: -0.0361
              Curriculum/terrain_levels: 0.0000
           Curriculum/polish_not_moving: -1.0000
  Episode_Reward/feet_distance_standing: -0.0350
           Episode_Termination/time_out: 0.1482
        Episode_Reward/action_rate_rate: -3.6556
             Episode_Reward/ground_slam: -0.4685
              Episode_Reward/torso_slam: -0.4536
            Metrics/height/height_error: 0.0937
     Curriculum/polish_action_rate_rate: -0.1500
         Curriculum/polish_joint_vel_l2: -0.0010
        Curriculum/random_fallen_states: 0.0000
              Episode_Reward/torso_roll: -0.3049
        Episode_Reward/base_height_fine: 0.6663
    Episode_Reward/joint_tracking_error: -0.5035
               Curriculum/adaptive_lift: 1.0000
           Episode_Reward/feet_distance: -0.0426
        Episode_Reward/joint_torques_l2: -0.1600
              Episode_Reward/feet_slide: -0.1602
      Episode_Termination/invalid_state: 0.0000
           Episode_Reward/body_velocity: -0.7752
           Episode_Reward/torso_upright: -0.0053
      Episode_Reward/base_height_medium: 0.4500
--------------------------------------------------------------------------------
                         Iteration time: 1.30s
                           Time elapsed: 0:00:08
                                    ETA: 0:00:40

################################################################################
[1m                            Learning iteration 5/30                             [0m 

                               Run name: height_tracking_g1
                            Total steps: 294912 
                       Steps per second: 38020 
                        Collection time: 1.141s 
                          Learning time: 0.152s 
                        Mean value loss: 3.8801
                    Mean surrogate loss: -0.0084
                      Mean entropy loss: 40.5257
                     Mean symmetry loss: 0.0006
                   Mean l2c2_actor loss: 0.0023
                  Mean l2c2_critic loss: 0.0581
                            Mean reward: -298.53
                    Mean episode length: 130.05
                        Mean action std: 0.98
                    Entropy coefficient: 0.002500
              Episode_Reward/relaxation: -1.1897
             Episode_Reward/action_rate: -9.9908
            Episode_Reward/joint_acc_l2: -0.0309
         Episode_Reward/severely_tilted: -0.0017
 Episode_Reward/joint_deviation_l1_arms: -0.0555
               Episode_Reward/flat_feet: -0.4122
     Episode_Reward/completely_airborne: -0.6090
           Curriculum/polish_torso_slam: -5.0000
         Episode_Reward/ground_unloaded: -0.1684
          Curriculum/polish_ground_slam: -1.0000
              Episode_Reward/not_moving: -0.4290
            Episode_Reward/joint_vel_l2: -0.2247
           Episode_Reward/forward_pitch: -0.2698
           Episode_Reward/feet_yaw_mean: -0.0732
        Episode_Reward/joint_pos_limits: -0.0017
      Episode_Reward/joint_deviation_l1: -0.1217
        Episode_Reward/joint_vel_limits: -0.0002
           Episode_Reward/ankle_torques: -0.0549
       Episode_Reward/base_height_rough: 0.3859
           Episode_Reward/torque_limits: -0.2155
        Episode_Reward/illegal_contacts: -0.0520
              Curriculum/terrain_levels: 0.0000
           Curriculum/polish_not_moving: -1.0000
  Episode_Reward/feet_distance_standing: -0.0382
           Episode_Termination/time_out: 0.1861
        Episode_Reward/action_rate_rate: -4.4628
             Episode_Reward/ground_slam: -0.5897
              Episode_Reward/torso_slam: -0.5586
            Metrics/height/height_error: 0.1511
     Curriculum/polish_action_rate_rate: -0.1500
         Curriculum/polish_joint_vel_l2: -0.0010
        Curriculum/random_fallen_states: 0.0000
              Episode_Reward/torso_roll: -0.4008
        Episode_Reward/base_height_fine: 0.8008
    Episode_Reward/joint_tracking_error: -0.6097
               Curriculum/adaptive_lift: 1.0000
           Episode_Reward/feet_distance: -0.0592
        Episode_Reward/joint_torques_l2: -0.1897
              Episode_Reward/feet_slide: -0.2022
      Episode_Termination/invalid_state: 0.0000
           Episode_Reward/body_velocity: -0.9385
           Episode_Reward/torso_upright: -0.0041
      Episode_Reward/base_height_medium: 0.5381
--------------------------------------------------------------------------------
                         Iteration time: 1.29s
                           Time elapsed: 0:00:09
                                    ETA: 0:00:37

################################################################################
[1m                            Learning iteration 6/30                             [0m 

                               Run name: height_tracking_g1
                            Total steps: 344064 
                       Steps per second: 38408 
                        Collection time: 1.129s 
                          Learning time: 0.151s 
                        Mean value loss: 3.7333
                    Mean surrogate loss: -0.0111
                      Mean entropy loss: 40.3457
                     Mean symmetry loss: 0.0006
                   Mean l2c2_actor loss: 0.0026
                  Mean l2c2_critic loss: 0.0602
                            Mean reward: -339.90
                    Mean episode length: 149.11
                        Mean action std: 0.97
                    Entropy coefficient: 0.002500
              Episode_Reward/relaxation: -1.3591
             Episode_Reward/action_rate: -11.8406
            Episode_Reward/joint_acc_l2: -0.0366
         Episode_Reward/severely_tilted: -0.0017
 Episode_Reward/joint_deviation_l1_arms: -0.0613
               Episode_Reward/flat_feet: -0.5146
     Episode_Reward/completely_airborne: -0.7689
           Curriculum/polish_torso_slam: -5.0000
         Episode_Reward/ground_unloaded: -0.1961
          Curriculum/polish_ground_slam: -1.0000
              Episode_Reward/not_moving: -0.4522
            Episode_Reward/joint_vel_l2: -0.2640
           Episode_Reward/forward_pitch: -0.2501
           Episode_Reward/feet_yaw_mean: -0.0882
        Episode_Reward/joint_pos_limits: -0.0020
      Episode_Reward/joint_deviation_l1: -0.1285
        Episode_Reward/joint_vel_limits: -0.0002
           Episode_Reward/ankle_torques: -0.0565
       Episode_Reward/base_height_rough: 0.4780
           Episode_Reward/torque_limits: -0.2472
        Episode_Reward/illegal_contacts: -0.0547
              Curriculum/terrain_levels: 0.0000
           Curriculum/polish_not_moving: -1.0000
  Episode_Reward/feet_distance_standing: -0.0509
           Episode_Termination/time_out: 0.2189
        Episode_Reward/action_rate_rate: -5.2920
             Episode_Reward/ground_slam: -0.6390
              Episode_Reward/torso_slam: -0.5808
            Metrics/height/height_error: 0.1658
     Curriculum/polish_action_rate_rate: -0.1500
         Curriculum/polish_joint_vel_l2: -0.0010
        Curriculum/random_fallen_states: 0.0000
              Episode_Reward/torso_roll: -0.4435
        Episode_Reward/base_height_fine: 0.9203
    Episode_Reward/joint_tracking_error: -0.7080
               Curriculum/adaptive_lift: 1.0000
           Episode_Reward/feet_distance: -0.0738
        Episode_Reward/joint_torques_l2: -0.2224
              Episode_Reward/feet_slide: -0.2291
      Episode_Termination/invalid_state: 0.0000
           Episode_Reward/body_velocity: -0.9934
           Episode_Reward/torso_upright: -0.0041
      Episode_Reward/base_height_medium: 0.6467
--------------------------------------------------------------------------------
                         Iteration time: 1.28s
                           Time elapsed: 0:00:10
                                    ETA: 0:00:34

################################################################################
[1m                            Learning iteration 7/30                             [0m 

                               Run name: height_tracking_g1
                            Total steps: 393216 
                       Steps per second: 38385 
                        Collection time: 1.129s 
                          Learning time: 0.151s 
                        Mean value loss: 3.5592
                    Mean surrogate loss: -0.0081
                      Mean entropy loss: 40.2344
                     Mean symmetry loss: 0.0006
                   Mean l2c2_actor loss: 0.0028
                  Mean l2c2_critic loss: 0.0565
                            Mean reward: -390.92
                    Mean episode length: 173.81
                        Mean action std: 0.97
                    Entropy coefficient: 0.002500
              Episode_Reward/relaxation: -1.5930
             Episode_Reward/action_rate: -13.4433
            Episode_Reward/joint_acc_l2: -0.0398
         Episode_Reward/severely_tilted: -0.0016
 Episode_Reward/joint_deviation_l1_arms: -0.0635
               Episode_Reward/flat_feet: -0.6010
     Episode_Reward/completely_airborne: -0.7952
           Curriculum/polish_torso_slam: -5.0000
         Episode_Reward/ground_unloaded: -0.2320
          Curriculum/polish_ground_slam: -1.0000
              Episode_Reward/not_moving: -0.7217
            Episode_Reward/joint_vel_l2: -0.3075
           Episode_Reward/forward_pitch: -0.3683
           Episode_Reward/feet_yaw_mean: -0.0965
        Episode_Reward/joint_pos_limits: -0.0022
      Episode_Reward/joint_deviation_l1: -0.1309
        Episode_Reward/joint_vel_limits: -0.0003
           Episode_Reward/ankle_torques: -0.0749
       Episode_Reward/base_height_rough: 0.5479
           Episode_Reward/torque_limits: -0.2832
        Episode_Reward/illegal_contacts: -0.0686
              Curriculum/terrain_levels: 0.0000
           Curriculum/polish_not_moving: -1.0000
  Episode_Reward/feet_distance_standing: -0.0426
           Episode_Termination/time_out: 0.2505
        Episode_Reward/action_rate_rate: -6.0122
             Episode_Reward/ground_slam: -0.8094
              Episode_Reward/torso_slam: -0.6816
            Metrics/height/height_error: 0.1612
     Curriculum/polish_action_rate_rate: -0.1500
         Curriculum/polish_joint_vel_l2: -0.0010
        Curriculum/random_fallen_states: 0.0000
              Episode_Reward/torso_roll: -0.5192
        Episode_Reward/base_height_fine: 1.2321
    Episode_Reward/joint_tracking_error: -0.8190
               Curriculum/adaptive_lift: 1.0000
           Episode_Reward/feet_distance: -0.0650
        Episode_Reward/joint_torques_l2: -0.2527
              Episode_Reward/feet_slide: -0.2881
      Episode_Termination/invalid_state: 0.0000
           Episode_Reward/body_velocity: -1.1870
           Episode_Reward/torso_upright: -0.0041
      Episode_Reward/base_height_medium: 0.7954
--------------------------------------------------------------------------------
                         Iteration time: 1.28s
                           Time elapsed: 0:00:11
                                    ETA: 0:00:32

################################################################################
[1m                            Learning iteration 8/30                             [0m 

                               Run name: height_tracking_g1
                            Total steps: 442368 
                       Steps per second: 38081 
                        Collection time: 1.140s 
                          Learning time: 0.150s 
                        Mean value loss: 3.3577
                    Mean surrogate loss: -0.0121
                      Mean entropy loss: 40.0537
                     Mean symmetry loss: 0.0006
                   Mean l2c2_actor loss: 0.0030
                  Mean l2c2_critic loss: 0.0649
                            Mean reward: -449.83
                    Mean episode length: 197.29
                        Mean action std: 0.96
                    Entropy coefficient: 0.002500
              Episode_Reward/relaxation: -2.4549
             Episode_Reward/action_rate: -15.2104
            Episode_Reward/joint_acc_l2: -0.0449
         Episode_Reward/severely_tilted: -0.0024
 Episode_Reward/joint_deviation_l1_arms: -0.0726
               Episode_Reward/flat_feet: -0.6765
     Episode_Reward/completely_airborne: -1.1978
           Curriculum/polish_torso_slam: -5.0000
         Episode_Reward/ground_unloaded: -0.2121
          Curriculum/polish_ground_slam: -1.0000
              Episode_Reward/not_moving: -0.5553
            Episode_Reward/joint_vel_l2: -0.3326
           Episode_Reward/forward_pitch: -0.3494
           Episode_Reward/feet_yaw_mean: -0.1051
        Episode_Reward/joint_pos_limits: -0.0024
      Episode_Reward/joint_deviation_l1: -0.1482
        Episode_Reward/joint_vel_limits: -0.0003
           Episode_Reward/ankle_torques: -0.0971
       Episode_Reward/base_height_rough: 0.5467
           Episode_Reward/torque_limits: -0.3128
        Episode_Reward/illegal_contacts: -0.0674
              Curriculum/terrain_levels: 0.0000
           Curriculum/polish_not_moving: -1.0000
  Episode_Reward/feet_distance_standing: -0.0485
           Episode_Termination/time_out: 0.2834
        Episode_Reward/action_rate_rate: -6.8030
             Episode_Reward/ground_slam: -0.8300
              Episode_Reward/torso_slam: -0.7214
            Metrics/height/height_error: nan
     Curriculum/polish_action_rate_rate: -0.1500
         Curriculum/polish_joint_vel_l2: -0.0010
        Curriculum/random_fallen_states: 0.0000
              Episode_Reward/torso_roll: -0.5960
        Episode_Reward/base_height_fine: 1.0649
    Episode_Reward/joint_tracking_error: -0.9146
               Curriculum/adaptive_lift: 1.0000
           Episode_Reward/feet_distance: -0.0925
        Episode_Reward/joint_torques_l2: -0.2818
              Episode_Reward/feet_slide: -0.2954
      Episode_Termination/invalid_state: 0.0000
           Episode_Reward/body_velocity: -1.2728
           Episode_Reward/torso_upright: -0.0056
      Episode_Reward/base_height_medium: 0.7279
--------------------------------------------------------------------------------
                         Iteration time: 1.29s
                           Time elapsed: 0:00:13
                                    ETA: 0:00:30

################################################################################
[1m                            Learning iteration 9/30                             [0m 

                               Run name: height_tracking_g1
                            Total steps: 491520 
                       Steps per second: 37873 
                        Collection time: 1.146s 
                          Learning time: 0.152s 
                        Mean value loss: 3.4767
                    Mean surrogate loss: -0.0085
                      Mean entropy loss: 39.9251
                     Mean symmetry loss: 0.0005
                   Mean l2c2_actor loss: 0.0031
                  Mean l2c2_critic loss: 0.0611
                            Mean reward: -506.03
                    Mean episode length: 222.19
                        Mean action std: 0.96
                    Entropy coefficient: 0.002500
              Episode_Reward/relaxation: -3.0391
             Episode_Reward/action_rate: -17.0430
            Episode_Reward/joint_acc_l2: -0.0556
         Episode_Reward/severely_tilted: -0.0013
 Episode_Reward/joint_deviation_l1_arms: -0.0790
               Episode_Reward/flat_feet: -0.8115
     Episode_Reward/completely_airborne: -1.0656
           Curriculum/polish_torso_slam: -5.0000
         Episode_Reward/ground_unloaded: -0.2260
          Curriculum/polish_ground_slam: -1.0000
              Episode_Reward/not_moving: -0.5515
            Episode_Reward/joint_vel_l2: -0.3665
           Episode_Reward/forward_pitch: -0.4113
           Episode_Reward/feet_yaw_mean: -0.1172
        Episode_Reward/joint_pos_limits: -0.0025
      Episode_Reward/joint_deviation_l1: -0.1536
        Episode_Reward/joint_vel_limits: -0.0003
           Episode_Reward/ankle_torques: -0.0883
       Episode_Reward/base_height_rough: 0.6101
           Episode_Reward/torque_limits: -0.3556
        Episode_Reward/illegal_contacts: -0.0860
              Curriculum/terrain_levels: 0.0000
           Curriculum/polish_not_moving: -1.0000
  Episode_Reward/feet_distance_standing: -0.0486
           Episode_Termination/time_out: 0.3136
        Episode_Reward/action_rate_rate: -7.6242
             Episode_Reward/ground_slam: -0.9192
              Episode_Reward/torso_slam: -0.7477
            Metrics/height/height_error: nan
     Curriculum/polish_action_rate_rate: -0.1500
         Curriculum/polish_joint_vel_l2: -0.0010
        Curriculum/random_fallen_states: 0.0000
              Episode_Reward/torso_roll: -0.6524
        Episode_Reward/base_height_fine: 1.1189
    Episode_Reward/joint_tracking_error: -1.0030
               Curriculum/adaptive_lift: 1.0000
           Episode_Reward/feet_distance: -0.0908
        Episode_Reward/joint_torques_l2: -0.3251
              Episode_Reward/feet_slide: -0.3408
      Episode_Termination/invalid_state: 0.0000
           Episode_Reward/body_velocity: -1.2842
           Episode_Reward/torso_upright: -0.0087
      Episode_Reward/base_height_medium: 0.7950
--------------------------------------------------------------------------------
                         Iteration time: 1.30s
                           Time elapsed: 0:00:14
                                    ETA: 0:00:28

################################################################################
[1m                            Learning iteration 10/30                            [0m 

                               Run name: height_tracking_g1
                            Total steps: 540672 
                       Steps per second: 37822 
                        Collection time: 1.151s 
                          Learning time: 0.149s 
                        Mean value loss: 3.0861
                    Mean surrogate loss: -0.0113
                      Mean entropy loss: 39.7508
                     Mean symmetry loss: 0.0005
                   Mean l2c2_actor loss: 0.0033
                  Mean l2c2_critic loss: 0.0642
                            Mean reward: -549.92
                    Mean episode length: 246.87
                        Mean action std: 0.95
                    Entropy coefficient: 0.002500
              Episode_Reward/relaxation: -2.5491
             Episode_Reward/action_rate: -18.5013
            Episode_Reward/joint_acc_l2: -0.0571
         Episode_Reward/severely_tilted: -0.0018
 Episode_Reward/joint_deviation_l1_arms: -0.0664
               Episode_Reward/flat_feet: -0.9028
     Episode_Reward/completely_airborne: -1.1504
           Curriculum/polish_torso_slam: -5.0000
         Episode_Reward/ground_unloaded: -0.2935
          Curriculum/polish_ground_slam: -1.0000
              Episode_Reward/not_moving: -0.6894
            Episode_Reward/joint_vel_l2: -0.4042
           Episode_Reward/forward_pitch: -0.4845
           Episode_Reward/feet_yaw_mean: -0.1291
        Episode_Reward/joint_pos_limits: -0.0031
      Episode_Reward/joint_deviation_l1: -0.1380
        Episode_Reward/joint_vel_limits: -0.0004
           Episode_Reward/ankle_torques: -0.1014
       Episode_Reward/base_height_rough: 0.7354
           Episode_Reward/torque_limits: -0.3938
        Episode_Reward/illegal_contacts: -0.1172
              Curriculum/terrain_levels: 0.0000
           Curriculum/polish_not_moving: -1.0000
  Episode_Reward/feet_distance_standing: -0.0327
           Episode_Termination/time_out: 0.3460
        Episode_Reward/action_rate_rate: -8.2686
             Episode_Reward/ground_slam: -1.0675
              Episode_Reward/torso_slam: -0.9073
            Metrics/height/height_error: 0.1750
     Curriculum/polish_action_rate_rate: -0.1500
         Curriculum/polish_joint_vel_l2: -0.0010
        Curriculum/random_fallen_states: 0.0000
              Episode_Reward/torso_roll: -0.7349
        Episode_Reward/base_height_fine: 1.3775
    Episode_Reward/joint_tracking_error: -1.1167
               Curriculum/adaptive_lift: 1.0000
           Episode_Reward/feet_distance: -0.0931
        Episode_Reward/joint_torques_l2: -0.3473
              Episode_Reward/feet_slide: -0.3787
      Episode_Termination/invalid_state: 0.0000
           Episode_Reward/body_velocity: -1.4480
           Episode_Reward/torso_upright: -0.0047
      Episode_Reward/base_height_medium: 0.9762
--------------------------------------------------------------------------------
                         Iteration time: 1.30s
                           Time elapsed: 0:00:15
                                    ETA: 0:00:27

################################################################################
[1m                            Learning iteration 11/30                            [0m 

                               Run name: height_tracking_g1
                            Total steps: 589824 
                       Steps per second: 37931 
                        Collection time: 1.145s 
                          Learning time: 0.151s 
                        Mean value loss: 2.9857
                    Mean surrogate loss: -0.0095
                      Mean entropy loss: 39.6134
                     Mean symmetry loss: 0.0005
                   Mean l2c2_actor loss: 0.0034
                  Mean l2c2_critic loss: 0.0661
                            Mean reward: -599.76
                    Mean episode length: 270.53
                        Mean action std: 0.95
                    Entropy coefficient: 0.002500
              Episode_Reward/relaxation: -2.7419
             Episode_Reward/action_rate: -20.1864
            Episode_Reward/joint_acc_l2: -0.0590
         Episode_Reward/severely_tilted: -0.0023
 Episode_Reward/joint_deviation_l1_arms: -0.0949
               Episode_Reward/flat_feet: -0.9509
     Episode_Reward/completely_airborne: -0.9927
           Curriculum/polish_torso_slam: -5.0000
         Episode_Reward/ground_unloaded: -0.3262
          Curriculum/polish_ground_slam: -1.0000
              Episode_Reward/not_moving: -0.6645
            Episode_Reward/joint_vel_l2: -0.4498
           Episode_Reward/forward_pitch: -0.6032
           Episode_Reward/feet_yaw_mean: -0.1460
        Episode_Reward/joint_pos_limits: -0.0034
      Episode_Reward/joint_deviation_l1: -0.1742
        Episode_Reward/joint_vel_limits: -0.0004
           Episode_Reward/ankle_torques: -0.1054
       Episode_Reward/base_height_rough: 0.8011
           Episode_Reward/torque_limits: -0.4316
        Episode_Reward/illegal_contacts: -0.1124
              Curriculum/terrain_levels: 0.0000
           Curriculum/polish_not_moving: -1.0000
  Episode_Reward/feet_distance_standing: -0.0544
           Episode_Termination/time_out: 0.3792
        Episode_Reward/action_rate_rate: -9.0201
             Episode_Reward/ground_slam: -1.0926
              Episode_Reward/torso_slam: -0.8409
            Metrics/height/height_error: 0.1967
     Curriculum/polish_action_rate_rate: -0.1500
         Curriculum/polish_joint_vel_l2: -0.0010
        Curriculum/random_fallen_states: 0.0000
              Episode_Reward/torso_roll: -0.7892
        Episode_Reward/base_height_fine: 1.4211
    Episode_Reward/joint_tracking_error: -1.2204
               Curriculum/adaptive_lift: 1.0000
           Episode_Reward/feet_distance: -0.1214
        Episode_Reward/joint_torques_l2: -0.3791
              Episode_Reward/feet_slide: -0.4219
      Episode_Termination/invalid_state: 0.0000
           Episode_Reward/body_velocity: -1.5821
           Episode_Reward/torso_upright: -0.0055
      Episode_Reward/base_height_medium: 1.0442
--------------------------------------------------------------------------------
                         Iteration time: 1.30s
                           Time elapsed: 0:00:17
                                    ETA: 0:00:25

################################################################################
[1m                            Learning iteration 12/30                            [0m 

                               Run name: height_tracking_g1
                            Total steps: 638976 
                       Steps per second: 38184 
                        Collection time: 1.136s 
                          Learning time: 0.151s 
                        Mean value loss: 2.8212
                    Mean surrogate loss: -0.0120
                      Mean entropy loss: 39.4483
                     Mean symmetry loss: 0.0005
                   Mean l2c2_actor loss: 0.0036
                  Mean l2c2_critic loss: 0.0668
                            Mean reward: -645.34
                    Mean episode length: 294.14
                        Mean action std: 0.94
                    Entropy coefficient: 0.002500
              Episode_Reward/relaxation: -3.0569
             Episode_Reward/action_rate: -21.9545
            Episode_Reward/joint_acc_l2: -0.0765
         Episode_Reward/severely_tilted: -0.0033
 Episode_Reward/joint_deviation_l1_arms: -0.0876
               Episode_Reward/flat_feet: -1.0700
     Episode_Reward/completely_airborne: -1.1711
           Curriculum/polish_torso_slam: -5.0000
         Episode_Reward/ground_unloaded: -0.3452
          Curriculum/polish_ground_slam: -1.0000
              Episode_Reward/not_moving: -0.6896
            Episode_Reward/joint_vel_l2: -0.4688
           Episode_Reward/forward_pitch: -0.7840
           Episode_Reward/feet_yaw_mean: -0.1547
        Episode_Reward/joint_pos_limits: -0.0035
      Episode_Reward/joint_deviation_l1: -0.1593
        Episode_Reward/joint_vel_limits: -0.0004
           Episode_Reward/ankle_torques: -0.1170
       Episode_Reward/base_height_rough: 0.8684
           Episode_Reward/torque_limits: -0.4668
        Episode_Reward/illegal_contacts: -0.1386
              Curriculum/terrain_levels: 0.0000
           Curriculum/polish_not_moving: -1.0000
  Episode_Reward/feet_distance_standing: -0.0497
           Episode_Termination/time_out: 0.4120
        Episode_Reward/action_rate_rate: -9.8231
             Episode_Reward/ground_slam: -1.2250
              Episode_Reward/torso_slam: -0.9672
            Metrics/height/height_error: 0.1757
     Curriculum/polish_action_rate_rate: -0.1500
         Curriculum/polish_joint_vel_l2: -0.0010
        Curriculum/random_fallen_states: 0.0000
              Episode_Reward/torso_roll: -0.8244
        Episode_Reward/base_height_fine: 1.4836
    Episode_Reward/joint_tracking_error: -1.3058
               Curriculum/adaptive_lift: 1.0000
           Episode_Reward/feet_distance: -0.1370
        Episode_Reward/joint_torques_l2: -0.4364
              Episode_Reward/feet_slide: -0.4777
      Episode_Termination/invalid_state: 0.0000
           Episode_Reward/body_velocity: -1.6173
           Episode_Reward/torso_upright: -0.0051
      Episode_Reward/base_height_medium: 1.0998
--------------------------------------------------------------------------------
                         Iteration time: 1.29s
                           Time elapsed: 0:00:18
                                    ETA: 0:00:23

################################################################################
[1m                            Learning iteration 13/30                            [0m 

                               Run name: height_tracking_g1
                            Total steps: 688128 
                       Steps per second: 38412 
                        Collection time: 1.129s 
                          Learning time: 0.151s 
                        Mean value loss: 2.6275
                    Mean surrogate loss: -0.0108
                      Mean entropy loss: 39.2943
                     Mean symmetry loss: 0.0005
                   Mean l2c2_actor loss: 0.0037
                  Mean l2c2_critic loss: 0.0629
                            Mean reward: -704.71
                    Mean episode length: 318.35
                        Mean action std: 0.94
                    Entropy coefficient: 0.002500
              Episode_Reward/relaxation: -3.5644
             Episode_Reward/action_rate: -23.3592
            Episode_Reward/joint_acc_l2: -0.0723
         Episode_Reward/severely_tilted: -0.0042
 Episode_Reward/joint_deviation_l1_arms: -0.0914
               Episode_Reward/flat_feet: -1.1578
     Episode_Reward/completely_airborne: -1.4577
           Curriculum/polish_torso_slam: -5.0000
         Episode_Reward/ground_unloaded: -0.3614
          Curriculum/polish_ground_slam: -1.0000
              Episode_Reward/not_moving: -0.8022
            Episode_Reward/joint_vel_l2: -0.5122
           Episode_Reward/forward_pitch: -0.7976
           Episode_Reward/feet_yaw_mean: -0.1608
        Episode_Reward/joint_pos_limits: -0.0039
      Episode_Reward/joint_deviation_l1: -0.1622
        Episode_Reward/joint_vel_limits: -0.0004
           Episode_Reward/ankle_torques: -0.1355
       Episode_Reward/base_height_rough: 0.9685
           Episode_Reward/torque_limits: -0.4818
        Episode_Reward/illegal_contacts: -0.1496
              Curriculum/terrain_levels: 0.0000
           Curriculum/polish_not_moving: -1.0000
  Episode_Reward/feet_distance_standing: -0.0508
           Episode_Termination/time_out: 0.4459
        Episode_Reward/action_rate_rate: -10.4260
             Episode_Reward/ground_slam: -1.3019
              Episode_Reward/torso_slam: -1.0949
            Metrics/height/height_error: nan
     Curriculum/polish_action_rate_rate: -0.1500
         Curriculum/polish_joint_vel_l2: -0.0010
        Curriculum/random_fallen_states: 0.0000
              Episode_Reward/torso_roll: -0.9292
        Episode_Reward/base_height_fine: 1.7501
    Episode_Reward/joint_tracking_error: -1.3850
               Curriculum/adaptive_lift: 1.0000
           Episode_Reward/feet_distance: -0.1201
        Episode_Reward/joint_torques_l2: -0.4436
              Episode_Reward/feet_slide: -0.4893
      Episode_Termination/invalid_state: 0.0000
           Episode_Reward/body_velocity: -1.7925
           Episode_Reward/torso_upright: -0.0068
      Episode_Reward/base_height_medium: 1.2808
--------------------------------------------------------------------------------
                         Iteration time: 1.28s
                           Time elapsed: 0:00:19
                                    ETA: 0:00:22

################################################################################
[1m                            Learning iteration 14/30                            [0m 

                               Run name: height_tracking_g1
                            Total steps: 737280 
                       Steps per second: 38099 
                        Collection time: 1.138s 
                          Learning time: 0.152s 
                        Mean value loss: 2.6744
                    Mean surrogate loss: -0.0090
                      Mean entropy loss: 39.1822
                     Mean symmetry loss: 0.0005
                   Mean l2c2_actor loss: 0.0037
                  Mean l2c2_critic loss: 0.0566
                            Mean reward: -752.91
                    Mean episode length: 341.62
                        Mean action std: 0.93
                    Entropy coefficient: 0.002500
              Episode_Reward/relaxation: -4.0805
             Episode_Reward/action_rate: -25.0773
            Episode_Reward/joint_acc_l2: -0.0795
         Episode_Reward/severely_tilted: -0.0039
 Episode_Reward/joint_deviation_l1_arms: -0.0925
               Episode_Reward/flat_feet: -1.2417
     Episode_Reward/completely_airborne: -1.5093
           Curriculum/polish_torso_slam: -5.0000
         Episode_Reward/ground_unloaded: -0.3752
          Curriculum/polish_ground_slam: -1.0000
              Episode_Reward/not_moving: -0.8874
            Episode_Reward/joint_vel_l2: -0.5476
           Episode_Reward/forward_pitch: -0.7482
           Episode_Reward/feet_yaw_mean: -0.1912
        Episode_Reward/joint_pos_limits: -0.0041
      Episode_Reward/joint_deviation_l1: -0.1738
        Episode_Reward/joint_vel_limits: -0.0005
           Episode_Reward/ankle_torques: -0.1242
       Episode_Reward/base_height_rough: 0.9773
           Episode_Reward/torque_limits: -0.5119
        Episode_Reward/illegal_contacts: -0.1565
              Curriculum/terrain_levels: 0.0000
           Curriculum/polish_not_moving: -1.0000
  Episode_Reward/feet_distance_standing: -0.0521
           Episode_Termination/time_out: 0.4768
        Episode_Reward/action_rate_rate: -11.2165
             Episode_Reward/ground_slam: -1.4065
              Episode_Reward/torso_slam: -1.1400
            Metrics/height/height_error: nan
     Curriculum/polish_action_rate_rate: -0.1500
         Curriculum/polish_joint_vel_l2: -0.0010
        Curriculum/random_fallen_states: 0.0000
              Episode_Reward/torso_roll: -1.0407
        Episode_Reward/base_height_fine: 1.7577
    Episode_Reward/joint_tracking_error: -1.4975
               Curriculum/adaptive_lift: 1.0000
           Episode_Reward/feet_distance: -0.1468
        Episode_Reward/joint_torques_l2: -0.4833
              Episode_Reward/feet_slide: -0.5202
      Episode_Termination/invalid_state: 0.0000
           Episode_Reward/body_velocity: -1.9544
           Episode_Reward/torso_upright: -0.0071
      Episode_Reward/base_height_medium: 1.2560
--------------------------------------------------------------------------------
                         Iteration time: 1.29s
                           Time elapsed: 0:00:20
                                    ETA: 0:00:20

################################################################################
[1m                            Learning iteration 15/30                            [0m 

                               Run name: height_tracking_g1
                            Total steps: 786432 
                       Steps per second: 38176 
                        Collection time: 1.138s 
                          Learning time: 0.149s 
                        Mean value loss: 2.5561
                    Mean surrogate loss: -0.0114
                      Mean entropy loss: 39.0245
                     Mean symmetry loss: 0.0005
                   Mean l2c2_actor loss: 0.0039
                  Mean l2c2_critic loss: 0.0460
                            Mean reward: -787.07
                    Mean episode length: 365.98
                        Mean action std: 0.93
                    Entropy coefficient: 0.002500
              Episode_Reward/relaxation: -2.8257
             Episode_Reward/action_rate: -26.7024
            Episode_Reward/joint_acc_l2: -0.0938
         Episode_Reward/severely_tilted: -0.0042
 Episode_Reward/joint_deviation_l1_arms: -0.1151
               Episode_Reward/flat_feet: -1.3101
     Episode_Reward/completely_airborne: -1.4011
           Curriculum/polish_torso_slam: -5.0000
         Episode_Reward/ground_unloaded: -0.5172
          Curriculum/polish_ground_slam: -1.0000
              Episode_Reward/not_moving: -1.1010
            Episode_Reward/joint_vel_l2: -0.5674
           Episode_Reward/forward_pitch: -0.7746
           Episode_Reward/feet_yaw_mean: -0.1851
        Episode_Reward/joint_pos_limits: -0.0045
      Episode_Reward/joint_deviation_l1: -0.2059
        Episode_Reward/joint_vel_limits: -0.0004
           Episode_Reward/ankle_torques: -0.1508
       Episode_Reward/base_height_rough: 1.1711
           Episode_Reward/torque_limits: -0.5717
        Episode_Reward/illegal_contacts: -0.1630
              Curriculum/terrain_levels: 0.0000
           Curriculum/polish_not_moving: -1.0000
  Episode_Reward/feet_distance_standing: -0.0778
           Episode_Termination/time_out: 0.5120
        Episode_Reward/action_rate_rate: -11.9443
             Episode_Reward/ground_slam: -1.5159
              Episode_Reward/torso_slam: -1.2919
            Metrics/height/height_error: 0.2414
     Curriculum/polish_action_rate_rate: -0.1500
         Curriculum/polish_joint_vel_l2: -0.0010
        Curriculum/random_fallen_states: 0.0000
              Episode_Reward/torso_roll: -1.0602
        Episode_Reward/base_height_fine: 2.2113
    Episode_Reward/joint_tracking_error: -1.6062
               Curriculum/adaptive_lift: 1.0000
           Episode_Reward/feet_distance: -0.1600
        Episode_Reward/joint_torques_l2: -0.5432
              Episode_Reward/feet_slide: -0.5676
      Episode_Termination/invalid_state: 0.0000
           Episode_Reward/body_velocity: -2.1014
           Episode_Reward/torso_upright: -0.0074
      Episode_Reward/base_height_medium: 1.5673
--------------------------------------------------------------------------------
                         Iteration time: 1.29s
                           Time elapsed: 0:00:22
                                    ETA: 0:00:19

################################################################################
[1m                            Learning iteration 16/30                            [0m 

                               Run name: height_tracking_g1
                            Total steps: 835584 
                       Steps per second: 38678 
                        Collection time: 1.122s 
                          Learning time: 0.148s 
                        Mean value loss: 2.1617
                    Mean surrogate loss: -0.0109
                      Mean entropy loss: 38.8328
                     Mean symmetry loss: 0.0005
                   Mean l2c2_actor loss: 0.0042
                  Mean l2c2_critic loss: 0.0307
                            Mean reward: -817.99
                    Mean episode length: 385.71
                        Mean action std: 0.92
                    Entropy coefficient: 0.002500
              Episode_Reward/relaxation: -3.7633
             Episode_Reward/action_rate: -28.2834
            Episode_Reward/joint_acc_l2: -0.0965
         Episode_Reward/severely_tilted: -0.0006
 Episode_Reward/joint_deviation_l1_arms: -0.1019
               Episode_Reward/flat_feet: -1.4353
     Episode_Reward/completely_airborne: -1.4831
           Curriculum/polish_torso_slam: -5.0000
         Episode_Reward/ground_unloaded: -0.4919
          Curriculum/polish_ground_slam: -1.0000
              Episode_Reward/not_moving: -1.0162
            Episode_Reward/joint_vel_l2: -0.6103
           Episode_Reward/forward_pitch: -0.9671
           Episode_Reward/feet_yaw_mean: -0.1849
        Episode_Reward/joint_pos_limits: -0.0046
      Episode_Reward/joint_deviation_l1: -0.1898
        Episode_Reward/joint_vel_limits: -0.0005
           Episode_Reward/ankle_torques: -0.1276
       Episode_Reward/base_height_rough: 1.1525
           Episode_Reward/torque_limits: -0.5998
        Episode_Reward/illegal_contacts: -0.1951
              Curriculum/terrain_levels: 0.0000
           Curriculum/polish_not_moving: -1.0000
  Episode_Reward/feet_distance_standing: -0.0592
           Episode_Termination/time_out: 0.5385
        Episode_Reward/action_rate_rate: -12.6425
             Episode_Reward/ground_slam: -1.5316
              Episode_Reward/torso_slam: -1.1690
            Metrics/height/height_error: 0.2201
     Curriculum/polish_action_rate_rate: -0.1500
         Curriculum/polish_joint_vel_l2: -0.0010
        Curriculum/random_fallen_states: 0.0000
              Episode_Reward/torso_roll: -1.1441
        Episode_Reward/base_height_fine: 2.1320
    Episode_Reward/joint_tracking_error: -1.6923
               Curriculum/adaptive_lift: 1.0000
           Episode_Reward/feet_distance: -0.1708
        Episode_Reward/joint_torques_l2: -0.5567
              Episode_Reward/feet_slide: -0.6122
      Episode_Termination/invalid_state: 0.0000
           Episode_Reward/body_velocity: -2.0904
           Episode_Reward/torso_upright: -0.0075
      Episode_Reward/base_height_medium: 1.5186
--------------------------------------------------------------------------------
                         Iteration time: 1.27s
                           Time elapsed: 0:00:23
                                    ETA: 0:00:17

################################################################################
[1m                            Learning iteration 17/30                            [0m 

                               Run name: height_tracking_g1
                            Total steps: 884736 
                       Steps per second: 38187 
                        Collection time: 1.138s 
                          Learning time: 0.149s 
                        Mean value loss: 2.1032
                    Mean surrogate loss: -0.0089
                      Mean entropy loss: 38.6870
                     Mean symmetry loss: 0.0005
                   Mean l2c2_actor loss: 0.0042
                  Mean l2c2_critic loss: 0.0356
                            Mean reward: -889.65
                    Mean episode length: 413.44
                        Mean action std: 0.92
                    Entropy coefficient: 0.002500
              Episode_Reward/relaxation: -4.7809
             Episode_Reward/action_rate: -29.7822
            Episode_Reward/joint_acc_l2: -0.0946
         Episode_Reward/severely_tilted: -0.0037
 Episode_Reward/joint_deviation_l1_arms: -0.1083
               Episode_Reward/flat_feet: -1.5274
     Episode_Reward/completely_airborne: -1.8655
           Curriculum/polish_torso_slam: -5.0000
         Episode_Reward/ground_unloaded: -0.4672
          Curriculum/polish_ground_slam: -1.0000
              Episode_Reward/not_moving: -0.9607
            Episode_Reward/joint_vel_l2: -0.6541
           Episode_Reward/forward_pitch: -0.9067
           Episode_Reward/feet_yaw_mean: -0.2081
        Episode_Reward/joint_pos_limits: -0.0051
      Episode_Reward/joint_deviation_l1: -0.1904
        Episode_Reward/joint_vel_limits: -0.0006
           Episode_Reward/ankle_torques: -0.1557
       Episode_Reward/base_height_rough: 1.1519
           Episode_Reward/torque_limits: -0.6128
        Episode_Reward/illegal_contacts: -0.2017
              Curriculum/terrain_levels: 0.0000
           Curriculum/polish_not_moving: -1.0000
  Episode_Reward/feet_distance_standing: -0.0815
           Episode_Termination/time_out: 0.5648
        Episode_Reward/action_rate_rate: -13.3075
             Episode_Reward/ground_slam: -1.6814
              Episode_Reward/torso_slam: -1.4059
            Metrics/height/height_error: 0.2124
     Curriculum/polish_action_rate_rate: -0.1500
         Curriculum/polish_joint_vel_l2: -0.0010
        Curriculum/random_fallen_states: 0.0000
              Episode_Reward/torso_roll: -1.2178
        Episode_Reward/base_height_fine: 1.9478
    Episode_Reward/joint_tracking_error: -1.7544
               Curriculum/adaptive_lift: 1.0000
           Episode_Reward/feet_distance: -0.1733
        Episode_Reward/joint_torques_l2: -0.5700
              Episode_Reward/feet_slide: -0.6284
      Episode_Termination/invalid_state: 0.0000
           Episode_Reward/body_velocity: -2.2086
           Episode_Reward/torso_upright: -0.0095
      Episode_Reward/base_height_medium: 1.4341
--------------------------------------------------------------------------------
                         Iteration time: 1.29s
                           Time elapsed: 0:00:24
                                    ETA: 0:00:16

################################################################################
[1m                            Learning iteration 18/30                            [0m 

                               Run name: height_tracking_g1
                            Total steps: 933888 
                       Steps per second: 38341 
                        Collection time: 1.132s 
                          Learning time: 0.150s 
                        Mean value loss: 2.1255
                    Mean surrogate loss: -0.0103
                      Mean entropy loss: 38.5177
                     Mean symmetry loss: 0.0004
                   Mean l2c2_actor loss: 0.0043
                  Mean l2c2_critic loss: 0.0402
                            Mean reward: -932.77
                    Mean episode length: 433.47
                        Mean action std: 0.91
                    Entropy coefficient: 0.002500
              Episode_Reward/relaxation: -4.5574
             Episode_Reward/action_rate: -31.2747
            Episode_Reward/joint_acc_l2: -0.1034
         Episode_Reward/severely_tilted: -0.0051
 Episode_Reward/joint_deviation_l1_arms: -0.1308
               Episode_Reward/flat_feet: -1.5635
     Episode_Reward/completely_airborne: -1.4516
           Curriculum/polish_torso_slam: -5.0000
         Episode_Reward/ground_unloaded: -0.5175
          Curriculum/polish_ground_slam: -1.0000
              Episode_Reward/not_moving: -1.4969
            Episode_Reward/joint_vel_l2: -0.6714
           Episode_Reward/forward_pitch: -1.1069
           Episode_Reward/feet_yaw_mean: -0.2171
        Episode_Reward/joint_pos_limits: -0.0051
      Episode_Reward/joint_deviation_l1: -0.2437
        Episode_Reward/joint_vel_limits: -0.0005
           Episode_Reward/ankle_torques: -0.1819
       Episode_Reward/base_height_rough: 1.3051
           Episode_Reward/torque_limits: -0.6788
        Episode_Reward/illegal_contacts: -0.2249
              Curriculum/terrain_levels: 0.0000
           Curriculum/polish_not_moving: -1.0000
  Episode_Reward/feet_distance_standing: -0.0768
           Episode_Termination/time_out: 0.5957
        Episode_Reward/action_rate_rate: -13.9705
             Episode_Reward/ground_slam: -1.7851
              Episode_Reward/torso_slam: -1.4632
            Metrics/height/height_error: 0.2162
     Curriculum/polish_action_rate_rate: -0.1500
         Curriculum/polish_joint_vel_l2: -0.0010
        Curriculum/random_fallen_states: 0.0000
              Episode_Reward/torso_roll: -1.3282
        Episode_Reward/base_height_fine: 2.6992
    Episode_Reward/joint_tracking_error: -1.8847
               Curriculum/adaptive_lift: 1.0000
           Episode_Reward/feet_distance: -0.1706
        Episode_Reward/joint_torques_l2: -0.6168
              Episode_Reward/feet_slide: -0.6779
      Episode_Termination/invalid_state: 0.0000
           Episode_Reward/body_velocity: -2.4787
           Episode_Reward/torso_upright: -0.0091
      Episode_Reward/base_height_medium: 1.7950
--------------------------------------------------------------------------------
                         Iteration time: 1.28s
                           Time elapsed: 0:00:26
                                    ETA: 0:00:15

################################################################################
[1m                            Learning iteration 19/30                            [0m 

                               Run name: height_tracking_g1
                            Total steps: 983040 
                       Steps per second: 38792 
                        Collection time: 1.116s 
                          Learning time: 0.151s 
                        Mean value loss: 1.9219
                    Mean surrogate loss: -0.0118
                      Mean entropy loss: 38.3574
                     Mean symmetry loss: 0.0004
                   Mean l2c2_actor loss: 0.0045
                  Mean l2c2_critic loss: 0.0404
                            Mean reward: -974.69
                    Mean episode length: 458.86
                        Mean action std: 0.91
                    Entropy coefficient: 0.002500
              Episode_Reward/relaxation: -4.9220
             Episode_Reward/action_rate: -32.7815
            Episode_Reward/joint_acc_l2: -0.1083
         Episode_Reward/severely_tilted: -0.0062
 Episode_Reward/joint_deviation_l1_arms: -0.1242
               Episode_Reward/flat_feet: -1.6639
     Episode_Reward/completely_airborne: -1.9176
           Curriculum/polish_torso_slam: -5.0000
         Episode_Reward/ground_unloaded: -0.5592
          Curriculum/polish_ground_slam: -1.0000
              Episode_Reward/not_moving: -1.6255
            Episode_Reward/joint_vel_l2: -0.7264
           Episode_Reward/forward_pitch: -1.0103
           Episode_Reward/feet_yaw_mean: -0.2209
        Episode_Reward/joint_pos_limits: -0.0052
      Episode_Reward/joint_deviation_l1: -0.2188
        Episode_Reward/joint_vel_limits: -0.0006
           Episode_Reward/ankle_torques: -0.1624
       Episode_Reward/base_height_rough: 1.4144
           Episode_Reward/torque_limits: -0.6864
        Episode_Reward/illegal_contacts: -0.2099
              Curriculum/terrain_levels: 0.0000
           Curriculum/polish_not_moving: -1.0000
  Episode_Reward/feet_distance_standing: -0.0756
           Episode_Termination/time_out: 0.6248
        Episode_Reward/action_rate_rate: -14.6277
             Episode_Reward/ground_slam: -1.8028
              Episode_Reward/torso_slam: -1.4685
            Metrics/height/height_error: 0.1886
     Curriculum/polish_action_rate_rate: -0.1500
         Curriculum/polish_joint_vel_l2: -0.0010
        Curriculum/random_fallen_states: 0.0000
              Episode_Reward/torso_roll: -1.4248
        Episode_Reward/base_height_fine: 3.0351
    Episode_Reward/joint_tracking_error: -1.9709
               Curriculum/adaptive_lift: 1.0000
           Episode_Reward/feet_distance: -0.1939
        Episode_Reward/joint_torques_l2: -0.6466
              Episode_Reward/feet_slide: -0.6966
      Episode_Termination/invalid_state: 0.0000
           Episode_Reward/body_velocity: -2.5834
           Episode_Reward/torso_upright: -0.0089
      Episode_Reward/base_height_medium: 1.9983
--------------------------------------------------------------------------------
                         Iteration time: 1.27s
                           Time elapsed: 0:00:27
                                    ETA: 0:00:13

################################################################################
[1m                            Learning iteration 20/30                            [0m 

                               Run name: height_tracking_g1
                            Total steps: 1032192 
                       Steps per second: 38090 
                        Collection time: 1.140s 
                          Learning time: 0.151s 
                        Mean value loss: 1.8909
                    Mean surrogate loss: -0.0126
                      Mean entropy loss: 38.1592
                     Mean symmetry loss: 0.0004
                   Mean l2c2_actor loss: 0.0047
                  Mean l2c2_critic loss: 0.0318
                            Mean reward: -1016.38
                    Mean episode length: 485.31
                        Mean action std: 0.90
                    Entropy coefficient: 0.002500
              Episode_Reward/relaxation: -4.4858
             Episode_Reward/action_rate: -34.1984
            Episode_Reward/joint_acc_l2: -0.0993
         Episode_Reward/severely_tilted: -0.0037
 Episode_Reward/joint_deviation_l1_arms: -0.1166
               Episode_Reward/flat_feet: -1.8006
     Episode_Reward/completely_airborne: -1.8537
           Curriculum/polish_torso_slam: -5.0000
         Episode_Reward/ground_unloaded: -0.5934
          Curriculum/polish_ground_slam: -1.0000
              Episode_Reward/not_moving: -1.0124
            Episode_Reward/joint_vel_l2: -0.7483
           Episode_Reward/forward_pitch: -1.1821
           Episode_Reward/feet_yaw_mean: -0.2268
        Episode_Reward/joint_pos_limits: -0.0057
      Episode_Reward/joint_deviation_l1: -0.1991
        Episode_Reward/joint_vel_limits: -0.0006
           Episode_Reward/ankle_torques: -0.2103
       Episode_Reward/base_height_rough: 1.3873
           Episode_Reward/torque_limits: -0.6678
        Episode_Reward/illegal_contacts: -0.2392
              Curriculum/terrain_levels: 0.0000
           Curriculum/polish_not_moving: -1.0000
  Episode_Reward/feet_distance_standing: -0.0834
           Episode_Termination/time_out: 0.6549
        Episode_Reward/action_rate_rate: -15.2664
             Episode_Reward/ground_slam: -1.8987
              Episode_Reward/torso_slam: -1.4124
            Metrics/height/height_error: 0.2773
     Curriculum/polish_action_rate_rate: -0.1500
         Curriculum/polish_joint_vel_l2: -0.0010
        Curriculum/random_fallen_states: 0.0000
              Episode_Reward/torso_roll: -1.4283
        Episode_Reward/base_height_fine: 2.3128
    Episode_Reward/joint_tracking_error: -1.9819
               Curriculum/adaptive_lift: 1.0000
           Episode_Reward/feet_distance: -0.2145
        Episode_Reward/joint_torques_l2: -0.6416
              Episode_Reward/feet_slide: -0.7536
      Episode_Termination/invalid_state: 0.0000
           Episode_Reward/body_velocity: -2.4709
           Episode_Reward/torso_upright: -0.0063
      Episode_Reward/base_height_medium: 1.7286
--------------------------------------------------------------------------------
                         Iteration time: 1.29s
                           Time elapsed: 0:00:28
                                    ETA: 0:00:12

################################################################################
[1m                            Learning iteration 21/30                            [0m 

                               Run name: height_tracking_g1
                            Total steps: 1081344 
                       Steps per second: 38398 
                        Collection time: 1.129s 
                          Learning time: 0.151s 
                        Mean value loss: 1.7595
                    Mean surrogate loss: -0.0123
                      Mean entropy loss: 37.9561
                     Mean symmetry loss: 0.0004
                   Mean l2c2_actor loss: 0.0047
                  Mean l2c2_critic loss: 0.0246
                            Mean reward: -1056.40
                    Mean episode length: 508.69
                        Mean action std: 0.89
                    Entropy coefficient: 0.002500
              Episode_Reward/relaxation: -4.0040
             Episode_Reward/action_rate: -35.8610
            Episode_Reward/joint_acc_l2: -0.1062
         Episode_Reward/severely_tilted: -0.0018
 Episode_Reward/joint_deviation_l1_arms: -0.1432
               Episode_Reward/flat_feet: -1.8731
     Episode_Reward/completely_airborne: -2.1188
           Curriculum/polish_torso_slam: -5.0000
         Episode_Reward/ground_unloaded: -0.6708
          Curriculum/polish_ground_slam: -1.0000
              Episode_Reward/not_moving: -1.4698
            Episode_Reward/joint_vel_l2: -0.7801
           Episode_Reward/forward_pitch: -0.9578
           Episode_Reward/feet_yaw_mean: -0.2359
        Episode_Reward/joint_pos_limits: -0.0062
      Episode_Reward/joint_deviation_l1: -0.2668
        Episode_Reward/joint_vel_limits: -0.0006
           Episode_Reward/ankle_torques: -0.1634
       Episode_Reward/base_height_rough: 1.6086
           Episode_Reward/torque_limits: -0.7243
        Episode_Reward/illegal_contacts: -0.2132
              Curriculum/terrain_levels: 0.0000
           Curriculum/polish_not_moving: -1.0000
  Episode_Reward/feet_distance_standing: -0.0905
           Episode_Termination/time_out: 0.6871
        Episode_Reward/action_rate_rate: -16.0216
             Episode_Reward/ground_slam: -1.9751
              Episode_Reward/torso_slam: -1.5852
            Metrics/height/height_error: 0.2574
     Curriculum/polish_action_rate_rate: -0.1500
         Curriculum/polish_joint_vel_l2: -0.0010
        Curriculum/random_fallen_states: 0.0000
              Episode_Reward/torso_roll: -1.4523
        Episode_Reward/base_height_fine: 3.0291
    Episode_Reward/joint_tracking_error: -2.0883
               Curriculum/adaptive_lift: 1.0000
           Episode_Reward/feet_distance: -0.1994
        Episode_Reward/joint_torques_l2: -0.6779
              Episode_Reward/feet_slide: -0.7641
      Episode_Termination/invalid_state: 0.0000
           Episode_Reward/body_velocity: -2.6439
           Episode_Reward/torso_upright: -0.0133
      Episode_Reward/base_height_medium: 2.1480
--------------------------------------------------------------------------------
                         Iteration time: 1.28s
                           Time elapsed: 0:00:29
                                    ETA: 0:00:10

################################################################################
[1m                            Learning iteration 22/30                            [0m 

                               Run name: height_tracking_g1
                            Total steps: 1130496 
                       Steps per second: 38280 
                        Collection time: 1.133s 
                          Learning time: 0.151s 
                        Mean value loss: 1.6378
                    Mean surrogate loss: -0.0141
                      Mean entropy loss: 37.7369
                     Mean symmetry loss: 0.0004
                   Mean l2c2_actor loss: 0.0048
                  Mean l2c2_critic loss: 0.0178
                            Mean reward: -1116.94
                    Mean episode length: 535.48
                        Mean action std: 0.89
                    Entropy coefficient: 0.002500
              Episode_Reward/relaxation: -5.4210
             Episode_Reward/action_rate: -37.2554
            Episode_Reward/joint_acc_l2: -0.1263
         Episode_Reward/severely_tilted: -0.0048
 Episode_Reward/joint_deviation_l1_arms: -0.1111
               Episode_Reward/flat_feet: -2.0084
     Episode_Reward/completely_airborne: -2.2358
           Curriculum/polish_torso_slam: -5.0000
         Episode_Reward/ground_unloaded: -0.6338
          Curriculum/polish_ground_slam: -1.0000
              Episode_Reward/not_moving: -1.5092
            Episode_Reward/joint_vel_l2: -0.7912
           Episode_Reward/forward_pitch: -1.4038
           Episode_Reward/feet_yaw_mean: -0.2591
        Episode_Reward/joint_pos_limits: -0.0063
      Episode_Reward/joint_deviation_l1: -0.1961
        Episode_Reward/joint_vel_limits: -0.0006
           Episode_Reward/ankle_torques: -0.2182
       Episode_Reward/base_height_rough: 1.5483
           Episode_Reward/torque_limits: -0.7707
        Episode_Reward/illegal_contacts: -0.2909
              Curriculum/terrain_levels: 0.0000
           Curriculum/polish_not_moving: -1.0000
  Episode_Reward/feet_distance_standing: -0.0650
           Episode_Termination/time_out: 0.7172
        Episode_Reward/action_rate_rate: -16.6312
             Episode_Reward/ground_slam: -2.0701
              Episode_Reward/torso_slam: -1.5072
            Metrics/height/height_error: 0.2220
     Curriculum/polish_action_rate_rate: -0.1500
         Curriculum/polish_joint_vel_l2: -0.0010
        Curriculum/random_fallen_states: 0.0000
              Episode_Reward/torso_roll: -1.5722
        Episode_Reward/base_height_fine: 2.9151
    Episode_Reward/joint_tracking_error: -2.1821
               Curriculum/adaptive_lift: 1.0000
           Episode_Reward/feet_distance: -0.2131
        Episode_Reward/joint_torques_l2: -0.7360
              Episode_Reward/feet_slide: -0.8150
      Episode_Termination/invalid_state: 0.0000
           Episode_Reward/body_velocity: -2.6468
           Episode_Reward/torso_upright: -0.0080
      Episode_Reward/base_height_medium: 2.0346
--------------------------------------------------------------------------------
                         Iteration time: 1.28s
                           Time elapsed: 0:00:31
                                    ETA: 0:00:09

################################################################################
[1m                            Learning iteration 23/30                            [0m 

                               Run name: height_tracking_g1
                            Total steps: 1179648 
                       Steps per second: 38009 
                        Collection time: 1.143s 
                          Learning time: 0.150s 
                        Mean value loss: 1.5204
                    Mean surrogate loss: -0.0110
                      Mean entropy loss: 37.5916
                     Mean symmetry loss: 0.0004
                   Mean l2c2_actor loss: 0.0049
                  Mean l2c2_critic loss: 0.0148
                            Mean reward: -1160.77
                    Mean episode length: 560.04
                        Mean action std: 0.88
                    Entropy coefficient: 0.002500
              Episode_Reward/relaxation: -5.6071
             Episode_Reward/action_rate: -38.5579
            Episode_Reward/joint_acc_l2: -0.1162
         Episode_Reward/severely_tilted: -0.0035
 Episode_Reward/joint_deviation_l1_arms: -0.1322
               Episode_Reward/flat_feet: -2.0654
     Episode_Reward/completely_airborne: -2.3483
           Curriculum/polish_torso_slam: -5.0000
         Episode_Reward/ground_unloaded: -0.6573
          Curriculum/polish_ground_slam: -1.0000
              Episode_Reward/not_moving: -1.4248
            Episode_Reward/joint_vel_l2: -0.8427
           Episode_Reward/forward_pitch: -1.2344
           Episode_Reward/feet_yaw_mean: -0.2555
        Episode_Reward/joint_pos_limits: -0.0065
      Episode_Reward/joint_deviation_l1: -0.2250
        Episode_Reward/joint_vel_limits: -0.0007
           Episode_Reward/ankle_torques: -0.1777
       Episode_Reward/base_height_rough: 1.6071
           Episode_Reward/torque_limits: -0.7988
        Episode_Reward/illegal_contacts: -0.2500
              Curriculum/terrain_levels: 0.0000
           Curriculum/polish_not_moving: -1.0000
  Episode_Reward/feet_distance_standing: -0.0878
           Episode_Termination/time_out: 0.7544
        Episode_Reward/action_rate_rate: -17.1942
             Episode_Reward/ground_slam: -2.1455
              Episode_Reward/torso_slam: -1.7131
            Metrics/height/height_error: nan
     Curriculum/polish_action_rate_rate: -0.1500
         Curriculum/polish_joint_vel_l2: -0.0010
        Curriculum/random_fallen_states: 0.0000
              Episode_Reward/torso_roll: -1.6470
        Episode_Reward/base_height_fine: 2.9838
    Episode_Reward/joint_tracking_error: -2.2705
               Curriculum/adaptive_lift: 1.0000
           Episode_Reward/feet_distance: -0.2235
        Episode_Reward/joint_torques_l2: -0.7251
              Episode_Reward/feet_slide: -0.8417
      Episode_Termination/invalid_state: 0.0000
           Episode_Reward/body_velocity: -2.8265
           Episode_Reward/torso_upright: -0.0087
      Episode_Reward/base_height_medium: 2.1075
--------------------------------------------------------------------------------
                         Iteration time: 1.29s
                           Time elapsed: 0:00:32
                                    ETA: 0:00:08

################################################################################
[1m                            Learning iteration 24/30                            [0m 

                               Run name: height_tracking_g1
                            Total steps: 1228800 
                       Steps per second: 38215 
                        Collection time: 1.136s 
                          Learning time: 0.151s 
                        Mean value loss: 1.4925
                    Mean surrogate loss: -0.0105
                      Mean entropy loss: 37.4388
                     Mean symmetry loss: 0.0004
                   Mean l2c2_actor loss: 0.0050
                  Mean l2c2_critic loss: 0.0163
                            Mean reward: -1189.06
                    Mean episode length: 580.21
                        Mean action std: 0.88
                    Entropy coefficient: 0.002500
              Episode_Reward/relaxation: -5.7420
             Episode_Reward/action_rate: -39.9163
            Episode_Reward/joint_acc_l2: -0.1259
         Episode_Reward/severely_tilted: -0.0035
 Episode_Reward/joint_deviation_l1_arms: -0.1462
               Episode_Reward/flat_feet: -2.1865
     Episode_Reward/completely_airborne: -2.5001
           Curriculum/polish_torso_slam: -5.0000
         Episode_Reward/ground_unloaded: -0.6952
          Curriculum/polish_ground_slam: -1.0000
              Episode_Reward/not_moving: -1.5289
            Episode_Reward/joint_vel_l2: -0.8750
           Episode_Reward/forward_pitch: -1.3033
           Episode_Reward/feet_yaw_mean: -0.2716
        Episode_Reward/joint_pos_limits: -0.0066
      Episode_Reward/joint_deviation_l1: -0.2425
        Episode_Reward/joint_vel_limits: -0.0007
           Episode_Reward/ankle_torques: -0.1954
       Episode_Reward/base_height_rough: 1.7422
           Episode_Reward/torque_limits: -0.8219
        Episode_Reward/illegal_contacts: -0.2606
              Curriculum/terrain_levels: 0.0000
           Curriculum/polish_not_moving: -1.0000
  Episode_Reward/feet_distance_standing: -0.1104
           Episode_Termination/time_out: 0.7860
        Episode_Reward/action_rate_rate: -17.7934
             Episode_Reward/ground_slam: -2.2429
              Episode_Reward/torso_slam: -1.7806
            Metrics/height/height_error: 0.2463
     Curriculum/polish_action_rate_rate: -0.1500
         Curriculum/polish_joint_vel_l2: -0.0010
        Curriculum/random_fallen_states: 0.0000
              Episode_Reward/torso_roll: -1.6657
        Episode_Reward/base_height_fine: 3.2062
    Episode_Reward/joint_tracking_error: -2.3292
               Curriculum/adaptive_lift: 1.0000
           Episode_Reward/feet_distance: -0.2631
        Episode_Reward/joint_torques_l2: -0.7745
              Episode_Reward/feet_slide: -0.8886
      Episode_Termination/invalid_state: 0.0000
           Episode_Reward/body_velocity: -2.9329
           Episode_Reward/torso_upright: -0.0113
      Episode_Reward/base_height_medium: 2.2918
--------------------------------------------------------------------------------
                         Iteration time: 1.29s
                           Time elapsed: 0:00:33
                                    ETA: 0:00:06

################################################################################
[1m                            Learning iteration 25/30                            [0m 

                               Run name: height_tracking_g1
                            Total steps: 1277952 
                       Steps per second: 38337 
                        Collection time: 1.131s 
                          Learning time: 0.151s 
                        Mean value loss: 1.4840
                    Mean surrogate loss: -0.0110
                      Mean entropy loss: 37.2764
                     Mean symmetry loss: 0.0004
                   Mean l2c2_actor loss: 0.0051
                  Mean l2c2_critic loss: 0.0163
                            Mean reward: -1260.91
                    Mean episode length: 607.00
                        Mean action std: 0.87
                    Entropy coefficient: 0.002500
              Episode_Reward/relaxation: -6.8404
             Episode_Reward/action_rate: -41.2691
            Episode_Reward/joint_acc_l2: -0.1308
         Episode_Reward/severely_tilted: -0.0086
 Episode_Reward/joint_deviation_l1_arms: -0.1690
               Episode_Reward/flat_feet: -2.2170
     Episode_Reward/completely_airborne: -2.5424
           Curriculum/polish_torso_slam: -5.0000
         Episode_Reward/ground_unloaded: -0.6608
          Curriculum/polish_ground_slam: -1.0000
              Episode_Reward/not_moving: -1.3048
            Episode_Reward/joint_vel_l2: -0.9134
           Episode_Reward/forward_pitch: -1.4326
           Episode_Reward/feet_yaw_mean: -0.3052
        Episode_Reward/joint_pos_limits: -0.0068
      Episode_Reward/joint_deviation_l1: -0.2955
        Episode_Reward/joint_vel_limits: -0.0008
           Episode_Reward/ankle_torques: -0.2317
       Episode_Reward/base_height_rough: 1.6388
           Episode_Reward/torque_limits: -0.8757
        Episode_Reward/illegal_contacts: -0.2848
              Curriculum/terrain_levels: 0.0000
           Curriculum/polish_not_moving: -1.0000
  Episode_Reward/feet_distance_standing: -0.1200
           Episode_Termination/time_out: 0.8161
        Episode_Reward/action_rate_rate: -18.4078
             Episode_Reward/ground_slam: -2.3198
              Episode_Reward/torso_slam: -1.8616
            Metrics/height/height_error: nan
     Curriculum/polish_action_rate_rate: -0.1500
         Curriculum/polish_joint_vel_l2: -0.0010
        Curriculum/random_fallen_states: 0.0000
              Episode_Reward/torso_roll: -1.7386
        Episode_Reward/base_height_fine: 2.7765
    Episode_Reward/joint_tracking_error: -2.4202
               Curriculum/adaptive_lift: 1.0000
           Episode_Reward/feet_distance: -0.2622
        Episode_Reward/joint_torques_l2: -0.8040
              Episode_Reward/feet_slide: -0.9267
      Episode_Termination/invalid_state: 0.0000
           Episode_Reward/body_velocity: -3.0672
           Episode_Reward/torso_upright: -0.0123
      Episode_Reward/base_height_medium: 2.0492
--------------------------------------------------------------------------------
                         Iteration time: 1.28s
                           Time elapsed: 0:00:35
                                    ETA: 0:00:05

################################################################################
[1m                            Learning iteration 26/30                            [0m 

                               Run name: height_tracking_g1
                            Total steps: 1327104 
                       Steps per second: 38818 
                        Collection time: 1.115s 
                          Learning time: 0.152s 
                        Mean value loss: 1.4214
                    Mean surrogate loss: -0.0122
                      Mean entropy loss: 37.0935
                     Mean symmetry loss: 0.0004
                   Mean l2c2_actor loss: 0.0051
                  Mean l2c2_critic loss: 0.0099
                            Mean reward: -1301.99
                    Mean episode length: 628.17
                        Mean action std: 0.87
                    Entropy coefficient: 0.002500
              Episode_Reward/relaxation: -6.6374
             Episode_Reward/action_rate: -42.6301
            Episode_Reward/joint_acc_l2: -0.1244
         Episode_Reward/severely_tilted: -0.0023
 Episode_Reward/joint_deviation_l1_arms: -0.1373
               Episode_Reward/flat_feet: -2.3241
     Episode_Reward/completely_airborne: -2.1660
           Curriculum/polish_torso_slam: -5.0000
         Episode_Reward/ground_unloaded: -0.7029
          Curriculum/polish_ground_slam: -1.0000
              Episode_Reward/not_moving: -1.2059
            Episode_Reward/joint_vel_l2: -0.9029
           Episode_Reward/forward_pitch: -1.8387
           Episode_Reward/feet_yaw_mean: -0.2758
        Episode_Reward/joint_pos_limits: -0.0072
      Episode_Reward/joint_deviation_l1: -0.2191
        Episode_Reward/joint_vel_limits: -0.0006
           Episode_Reward/ankle_torques: -0.2131
       Episode_Reward/base_height_rough: 1.6359
           Episode_Reward/torque_limits: -0.8269
        Episode_Reward/illegal_contacts: -0.3253
              Curriculum/terrain_levels: 0.0000
           Curriculum/polish_not_moving: -1.0000
  Episode_Reward/feet_distance_standing: -0.0826
           Episode_Termination/time_out: 0.8458
        Episode_Reward/action_rate_rate: -19.0081
             Episode_Reward/ground_slam: -2.3627
              Episode_Reward/torso_slam: -1.7856
            Metrics/height/height_error: 0.2638
     Curriculum/polish_action_rate_rate: -0.1500
         Curriculum/polish_joint_vel_l2: -0.0010
        Curriculum/random_fallen_states: 0.0000
              Episode_Reward/torso_roll: -1.7977
        Episode_Reward/base_height_fine: 2.7418
    Episode_Reward/joint_tracking_error: -2.4466
               Curriculum/adaptive_lift: 1.0000
           Episode_Reward/feet_distance: -0.2290
        Episode_Reward/joint_torques_l2: -0.8075
              Episode_Reward/feet_slide: -0.9733
      Episode_Termination/invalid_state: 0.0000
           Episode_Reward/body_velocity: -2.8701
           Episode_Reward/torso_upright: -0.0068
      Episode_Reward/base_height_medium: 2.0251
--------------------------------------------------------------------------------
                         Iteration time: 1.27s
                           Time elapsed: 0:00:36
                                    ETA: 0:00:04

################################################################################
[1m                            Learning iteration 27/30                            [0m 

                               Run name: height_tracking_g1
                            Total steps: 1376256 
                       Steps per second: 38089 
                        Collection time: 1.139s 
                          Learning time: 0.151s 
                        Mean value loss: 1.2115
                    Mean surrogate loss: -0.0148
                      Mean entropy loss: 36.8700
                     Mean symmetry loss: 0.0005
                   Mean l2c2_actor loss: 0.0054
                  Mean l2c2_critic loss: 0.0111
                            Mean reward: -1337.60
                    Mean episode length: 658.27
                        Mean action std: 0.86
                    Entropy coefficient: 0.002500
              Episode_Reward/relaxation: -6.8782
             Episode_Reward/action_rate: -44.0992
            Episode_Reward/joint_acc_l2: -0.1485
         Episode_Reward/severely_tilted: -0.0053
 Episode_Reward/joint_deviation_l1_arms: -0.1552
               Episode_Reward/flat_feet: -2.4519
     Episode_Reward/completely_airborne: -2.4537
           Curriculum/polish_torso_slam: -5.0000
         Episode_Reward/ground_unloaded: -0.7541
          Curriculum/polish_ground_slam: -1.0000
              Episode_Reward/not_moving: -1.5105
            Episode_Reward/joint_vel_l2: -0.9563
           Episode_Reward/forward_pitch: -1.6640
           Episode_Reward/feet_yaw_mean: -0.2899
        Episode_Reward/joint_pos_limits: -0.0077
      Episode_Reward/joint_deviation_l1: -0.2401
        Episode_Reward/joint_vel_limits: -0.0007
           Episode_Reward/ankle_torques: -0.2224
       Episode_Reward/base_height_rough: 1.8662
           Episode_Reward/torque_limits: -0.9441
        Episode_Reward/illegal_contacts: -0.3160
              Curriculum/terrain_levels: 0.0000
           Curriculum/polish_not_moving: -1.0000
  Episode_Reward/feet_distance_standing: -0.0988
           Episode_Termination/time_out: 0.8824
        Episode_Reward/action_rate_rate: -19.6591
             Episode_Reward/ground_slam: -2.4959
              Episode_Reward/torso_slam: -1.9545
            Metrics/height/height_error: 0.2565
     Curriculum/polish_action_rate_rate: -0.1500
         Curriculum/polish_joint_vel_l2: -0.0010
        Curriculum/random_fallen_states: 0.0000
              Episode_Reward/torso_roll: -1.8972
        Episode_Reward/base_height_fine: 3.2789
    Episode_Reward/joint_tracking_error: -2.6246
               Curriculum/adaptive_lift: 1.0000
           Episode_Reward/feet_distance: -0.2640
        Episode_Reward/joint_torques_l2: -0.8850
              Episode_Reward/feet_slide: -0.9957
      Episode_Termination/invalid_state: 0.0000
           Episode_Reward/body_velocity: -3.2367
           Episode_Reward/torso_upright: -0.0089
      Episode_Reward/base_height_medium: 2.3892
--------------------------------------------------------------------------------
                         Iteration time: 1.29s
                           Time elapsed: 0:00:37
                                    ETA: 0:00:02

################################################################################
[1m                            Learning iteration 28/30                            [0m 

                               Run name: height_tracking_g1
                            Total steps: 1425408 
                       Steps per second: 38937 
                        Collection time: 1.112s 
                          Learning time: 0.150s 
                        Mean value loss: 1.3045
                    Mean surrogate loss: -0.0107
                      Mean entropy loss: 36.7365
                     Mean symmetry loss: 0.0004
                   Mean l2c2_actor loss: 0.0055
                  Mean l2c2_critic loss: 0.0098
                            Mean reward: -1355.13
                    Mean episode length: 674.39
                        Mean action std: 0.86
                    Entropy coefficient: 0.002500
              Episode_Reward/relaxation: -5.4348
             Episode_Reward/action_rate: -45.5486
            Episode_Reward/joint_acc_l2: -0.1534
         Episode_Reward/severely_tilted: -0.0059
 Episode_Reward/joint_deviation_l1_arms: -0.1633
               Episode_Reward/flat_feet: -2.5513
     Episode_Reward/completely_airborne: -2.5000
           Curriculum/polish_torso_slam: -5.0000
         Episode_Reward/ground_unloaded: -0.8997
          Curriculum/polish_ground_slam: -1.0000
              Episode_Reward/not_moving: -2.2065
            Episode_Reward/joint_vel_l2: -0.9768
           Episode_Reward/forward_pitch: -1.6106
           Episode_Reward/feet_yaw_mean: -0.3157
        Episode_Reward/joint_pos_limits: -0.0079
      Episode_Reward/joint_deviation_l1: -0.2616
        Episode_Reward/joint_vel_limits: -0.0007
           Episode_Reward/ankle_torques: -0.2521
       Episode_Reward/base_height_rough: 2.1024
           Episode_Reward/torque_limits: -0.9518
        Episode_Reward/illegal_contacts: -0.2813
              Curriculum/terrain_levels: 0.0000
           Curriculum/polish_not_moving: -1.0000
  Episode_Reward/feet_distance_standing: -0.0973
           Episode_Termination/time_out: 0.9139
        Episode_Reward/action_rate_rate: -20.2733
             Episode_Reward/ground_slam: -2.4868
              Episode_Reward/torso_slam: -1.8803
            Metrics/height/height_error: 0.2243
     Curriculum/polish_action_rate_rate: -0.1500
         Curriculum/polish_joint_vel_l2: -0.0010
        Curriculum/random_fallen_states: 0.0000
              Episode_Reward/torso_roll: -1.8591
        Episode_Reward/base_height_fine: 4.3822
    Episode_Reward/joint_tracking_error: -2.7054
               Curriculum/adaptive_lift: 1.0000
           Episode_Reward/feet_distance: -0.2921
        Episode_Reward/joint_torques_l2: -0.9181
              Episode_Reward/feet_slide: -1.0535
      Episode_Termination/invalid_state: 0.0000
           Episode_Reward/body_velocity: -3.3741
           Episode_Reward/torso_upright: -0.0087
      Episode_Reward/base_height_medium: 2.9408
--------------------------------------------------------------------------------
                         Iteration time: 1.26s
                           Time elapsed: 0:00:38
                                    ETA: 0:00:01

################################################################################
[1m                            Learning iteration 29/30                            [0m 

                               Run name: height_tracking_g1
                            Total steps: 1474560 
                       Steps per second: 37880 
                        Collection time: 1.147s 
                          Learning time: 0.151s 
                        Mean value loss: 1.2238
                    Mean surrogate loss: -0.0091
                      Mean entropy loss: 36.5755
                     Mean symmetry loss: 0.0004
                   Mean l2c2_actor loss: 0.0056
                  Mean l2c2_critic loss: 0.0112
                            Mean reward: -1409.48
                    Mean episode length: 705.18
                        Mean action std: 0.85
                    Entropy coefficient: 0.002500
              Episode_Reward/relaxation: -7.2337
             Episode_Reward/action_rate: -46.6665
            Episode_Reward/joint_acc_l2: -0.1490
         Episode_Reward/severely_tilted: -0.0068
 Episode_Reward/joint_deviation_l1_arms: -0.1519
               Episode_Reward/flat_feet: -2.6366
     Episode_Reward/completely_airborne: -2.7320
           Curriculum/polish_torso_slam: -5.0000
         Episode_Reward/ground_unloaded: -0.8087
          Curriculum/polish_ground_slam: -1.0000
              Episode_Reward/not_moving: -1.8371
            Episode_Reward/joint_vel_l2: -1.0175
           Episode_Reward/forward_pitch: -1.6242
           Episode_Reward/feet_yaw_mean: -0.3199
        Episode_Reward/joint_pos_limits: -0.0080
      Episode_Reward/joint_deviation_l1: -0.2746
        Episode_Reward/joint_vel_limits: -0.0007
           Episode_Reward/ankle_torques: -0.2499
       Episode_Reward/base_height_rough: 1.9956
           Episode_Reward/torque_limits: -0.9707
        Episode_Reward/illegal_contacts: -0.3484
              Curriculum/terrain_levels: 0.0000
           Curriculum/polish_not_moving: -1.0000
  Episode_Reward/feet_distance_standing: -0.1003
           Episode_Termination/time_out: 0.9435
        Episode_Reward/action_rate_rate: -20.7977
             Episode_Reward/ground_slam: -2.6483
              Episode_Reward/torso_slam: -2.1308
            Metrics/height/height_error: 0.2514
     Curriculum/polish_action_rate_rate: -0.1500
         Curriculum/polish_joint_vel_l2: -0.0010
        Curriculum/random_fallen_states: 0.0000
              Episode_Reward/torso_roll: -2.0712
        Episode_Reward/base_height_fine: 3.7715
    Episode_Reward/joint_tracking_error: -2.7368
               Curriculum/adaptive_lift: 1.0000
           Episode_Reward/feet_distance: -0.2775
        Episode_Reward/joint_torques_l2: -0.9067
              Episode_Reward/feet_slide: -1.0518
      Episode_Termination/invalid_state: 0.0000
           Episode_Reward/body_velocity: -3.4261
           Episode_Reward/torso_upright: -0.0108
      Episode_Reward/base_height_medium: 2.6210
--------------------------------------------------------------------------------
                         Iteration time: 1.30s
                           Time elapsed: 0:00:40
                                    ETA: 0:00:00

[INFO]: SimulationContext cleared
