The '--headless' CLI argument is deprecated. Omit '--viz' for default headless. If config visualizers are enabled and you want to force headless, use '--viz none'.
Loading user config located at: '/workspace/WBC-AGILE-NEWTON/.venv/lib/python3.12/site-packages/isaacsim/kit/data/Kit/IsaacLab/3.0/user.config.json'
2026-09-02T07:10:48Z [0ms] [Warning] [omni.ext.plugin] [ext: isaaclab_visualizers] Extensions config 'extension.toml' doesn't exist '/workspace/WBC-AGILE-NEWTON/.venv/lib/python3.12/site-packages/isaaclab/source/isaaclab_visualizers' or '/workspace/WBC-AGILE-NEWTON/.venv/lib/python3.12/site-packages/isaaclab/source/isaaclab_visualizers/config'
WARNING: All log messages before absl::InitializeLog() is called are written to STDERR
E0000 00:00:1788333048.128919  568616 descriptor_database.cc:633] File already exists in database: grpc/health/v1/health.proto
W0000 00:00:1788333048.128953  568616 message.cc:301] Protobuf GeneratedMessageFactory: File is already registered: grpc/health/v1/health.proto
2026-09-02T07:10:48Z [373ms] [Warning] [omni.usd_config.extension] Enable omni.materialx.libs extension to use MaterialX
2026-09-02T07:10:48Z [384ms] [Warning] [omni.platforminfo.plugin] failed to open the default display.  Can't verify X Server version.
2026-09-02T07:10:48Z [423ms] [Error] [omni.ext.plugin] Could not load the dynamic library from /workspace/WBC-AGILE-NEWTON/.venv/lib/python3.12/site-packages/isaacsim/extscache/omni.usd.libs-1.0.3+6312fa25.lx64.r.cp312/bin/libMaterialXRenderHw.so. Error: libXt.so.6: cannot open shared object file: No such file or directory (note that this may be caused by a dependent library)
2026-09-02T07:10:48Z [423ms] [Error] [omni.ext.plugin] Could not load the dynamic library from /workspace/WBC-AGILE-NEWTON/.venv/lib/python3.12/site-packages/isaacsim/extscache/omni.usd.libs-1.0.3+6312fa25.lx64.r.cp312/bin/libMaterialXRenderGlsl.so. Error: libXt.so.6: cannot open shared object file: No such file or directory (note that this may be caused by a dependent library)
2026-09-02T07:10:48Z [424ms] [Error] [omni.ext.plugin] Could not load the dynamic library from /workspace/WBC-AGILE-NEWTON/.venv/lib/python3.12/site-packages/isaacsim/extscache/omni.usd.libs-1.0.3+6312fa25.lx64.r.cp312/bin/libusd_usdBakeMtlx.so. Error: libXt.so.6: cannot open shared object file: No such file or directory (note that this may be caused by a dependent library)
2026-09-02T07:10:49Z [1,075ms] [Warning] [isaacsim.core.simulation_manager.plugin] USD stage is not available; stage-opened subscription is deferred
2026-09-02T07:10:49Z [1,075ms] [Warning] [isaacsim.core.simulation_manager.plugin] USD stage is not available; stage-opened subscription is deferred
[ISAACLAB] AppLauncher initialization complete
[INFO]: Parsing configuration from: agile.rl_env.tasks.stand_up.g1.height_tracking_env_cfg:G1HeightTrackingEnvCfg
[INFO]: Parsing configuration from: agile.rl_env.tasks.stand_up.g1.agents.rsl_rl_ppo_cfg:G1HeightTrackingPpoRunnerCfg
[INFO] Logging experiment in directory: /workspace/WBC-AGILE-NEWTON/logs/rsl_rl/height_tracking_g1
Exact experiment name requested from command line: 2026-09-02_07-10-58
[INFO]: Base environment:
	Environment device    : cuda:0
	Environment seed      : 42
	Physics step-size     : 0.005
	Rendering step-size   : 0.02
	Environment step-size : 0.02
[INFO] Generating terrains based on curriculum took Last: 0.218568 s
[INFO]: Registered backend 'newton' for factory Articulation.
[INFO]: Setting variant selection 'PhysX' for variant set 'Physics' on prim '/World/envs/env_0/Robot'.
[INFO]: Setting variant selection 'None' for variant set 'left_hand' on prim '/World/envs/env_0/Robot'.
[INFO]: Setting variant selection 'None' for variant set 'right_hand' on prim '/World/envs/env_0/Robot'.
[INFO]: Registered backend 'newton' for factory FrameView.
[INFO]: Registered backend 'newton' for factory ContactSensor.
[INFO]: Registered backend 'newton' for factory RayCaster.
[INFO]: Time taken for scene creation Last: 12.265684 s, Mean: 12.265684 s, Std: 0.000000 s, N: 1
[INFO]: Scene manager:  <class InteractiveScene>
	Number of environments: 4096
	Environment spacing   : 2.5
	Source prim name      : /World/envs/env_0
	Global prim paths     : ['/World/ground']
	Replicate physics     : True
[INFO]: Dispatching MODEL_INIT callbacks
[INFO]: Finalizing model on device: cuda:0
/workspace/WBC-AGILE-NEWTON/.venv/lib/python3.12/site-packages/isaaclab_newton/physics/newton_manager.py:989: FutureWarning: Newton shape color replacement is enabled; this workaround will be deprecated in a future release.
  replace_newton_shape_colors(cls._model)
Finalize builder took: Last: 9.786497 s, Mean: 9.786497 s, Std: 0.000000 s, N: 1
[INFO]: Dispatching PHYSICS_READY callbacks
[INFO]: Simulation parameters for joints in /World/envs/env_.*/Robot:
+-------------------------------------------------------------------------------------------------------------------------------------------+
|                                     Simulation Joint Information (Prim path: /World/envs/env_.*/Robot)                                    |
+-------+----------------------------+-----------+---------+----------+-----------------+-----------------+-----------------+---------------+
| Index | Name                       | Stiffness | Damping | Armature | Static Friction | Position Limits | Velocity Limits | Effort Limits |
+-------+----------------------------+-----------+---------+----------+-----------------+-----------------+-----------------+---------------+
|   0   | left_hip_pitch_joint       |   0.000   |  0.000  |  0.020   |      0.010      | [-2.531, 2.880] |      32.000     |     88.000    |
|   1   | left_hip_roll_joint        |   0.000   |  0.000  |  0.020   |      0.010      | [-0.524, 2.967] |      32.000     |     88.000    |
|   2   | left_hip_yaw_joint         |   0.000   |  0.000  |  0.020   |      0.010      | [-2.758, 2.758] |      32.000     |     88.000    |
|   3   | left_knee_joint            |   0.000   |  0.000  |  0.020   |      0.010      | [-0.087, 2.880] |      20.000     |    139.000    |
|   4   | left_ankle_pitch_joint     |   0.000   |  0.000  |  0.020   |      0.010      | [-0.873, 0.524] |      37.000     |     50.000    |
|   5   | left_ankle_roll_joint      |   0.000   |  0.000  |  0.020   |      0.010      | [-0.262, 0.262] |      37.000     |     50.000    |
|   6   | right_hip_pitch_joint      |   0.000   |  0.000  |  0.020   |      0.010      | [-2.531, 2.880] |      32.000     |     88.000    |
|   7   | right_hip_roll_joint       |   0.000   |  0.000  |  0.020   |      0.010      | [-2.967, 0.524] |      32.000     |     88.000    |
|   8   | right_hip_yaw_joint        |   0.000   |  0.000  |  0.020   |      0.010      | [-2.758, 2.758] |      32.000     |     88.000    |
|   9   | right_knee_joint           |   0.000   |  0.000  |  0.020   |      0.010      | [-0.087, 2.880] |      20.000     |    139.000    |
|   10  | right_ankle_pitch_joint    |   0.000   |  0.000  |  0.020   |      0.010      | [-0.873, 0.524] |      37.000     |     50.000    |
|   11  | right_ankle_roll_joint     |   0.000   |  0.000  |  0.020   |      0.010      | [-0.262, 0.262] |      37.000     |     50.000    |
|   12  | waist_yaw_joint            |   0.000   |  0.000  |  0.020   |      0.010      | [-2.618, 2.618] |      32.000     |     88.000    |
|   13  | waist_roll_joint           |   0.000   |  0.000  |  0.020   |      0.010      | [-0.520, 0.520] |      37.000     |     50.000    |
|   14  | waist_pitch_joint          |   0.000   |  0.000  |  0.020   |      0.010      | [-0.520, 0.520] |      37.000     |     50.000    |
|   15  | left_shoulder_pitch_joint  |   0.000   |  0.000  |  0.020   |      0.010      | [-3.089, 2.670] |      37.000     |     25.000    |
|   16  | left_shoulder_roll_joint   |   0.000   |  0.000  |  0.020   |      0.010      | [-1.588, 2.251] |      37.000     |     25.000    |
|   17  | left_shoulder_yaw_joint    |   0.000   |  0.000  |  0.020   |      0.010      | [-2.618, 2.618] |      37.000     |     25.000    |
|   18  | left_elbow_joint           |   0.000   |  0.000  |  0.020   |      0.010      | [-1.047, 2.094] |      37.000     |     25.000    |
|   19  | left_wrist_roll_joint      |   0.000   |  0.000  |  0.020   |      0.010      | [-1.972, 1.972] |      37.000     |     25.000    |
|   20  | left_wrist_pitch_joint     |   0.000   |  0.000  |  0.020   |      0.010      | [-1.614, 1.614] |      22.000     |     5.000     |
|   21  | left_wrist_yaw_joint       |   0.000   |  0.000  |  0.020   |      0.010      | [-1.614, 1.614] |      22.000     |     5.000     |
|   22  | right_shoulder_pitch_joint |   0.000   |  0.000  |  0.020   |      0.010      | [-3.089, 2.670] |      37.000     |     25.000    |
|   23  | right_shoulder_roll_joint  |   0.000   |  0.000  |  0.020   |      0.010      | [-2.251, 1.588] |      37.000     |     25.000    |
|   24  | right_shoulder_yaw_joint   |   0.000   |  0.000  |  0.020   |      0.010      | [-2.618, 2.618] |      37.000     |     25.000    |
|   25  | right_elbow_joint          |   0.000   |  0.000  |  0.020   |      0.010      | [-1.047, 2.094] |      37.000     |     25.000    |
|   26  | right_wrist_roll_joint     |   0.000   |  0.000  |  0.020   |      0.010      | [-1.972, 1.972] |      37.000     |     25.000    |
|   27  | right_wrist_pitch_joint    |   0.000   |  0.000  |  0.020   |      0.010      | [-1.614, 1.614] |      22.000     |     5.000     |
|   28  | right_wrist_yaw_joint      |   0.000   |  0.000  |  0.020   |      0.010      | [-1.614, 1.614] |      22.000     |     5.000     |
+-------+----------------------------+-----------+---------+----------+-----------------+-----------------+-----------------+---------------+
[INFO]: Adding contact sensor for /World/envs/env_.*/Robot/.* with filter all bodies/shapes
Contact sensor construction took: Last: 0.118907 s, Mean: 0.118907 s, Std: 0.000000 s, N: 1
[INFO]: Contact sensor initialized with 30 sensors.
[INFO]: Creating buffers for contact sensor data with num_envs: 4096, num_sensors: 30, num_filter_objects: 0, history_length: 3, generate_force_matrix: False, track_air_time: True, track_pose: False, device: cuda:0
[INFO]: Creating buffers for contact sensor data with num_envs: 4096, num_sensors: 30, num_filter_objects: 0, history_length: 3, generate_force_matrix: False, track_air_time: True, track_pose: False, device: cuda:0
[INFO]: Read mesh prim: /World/ground/terrain/mesh with 369728 vertices and 2097240 faces.
Initialize solver took: Last: 2.648235 s, Mean: 2.648235 s, Std: 0.000000 s, N: 1
[INFO]: Newton CUDA graph captured (standard Warp mode)
CUDA graph took: Last: 0.830908 s, Mean: 0.830908 s, Std: 0.000000 s, N: 1
[INFO]: Time taken for simulation start Last: 13.681365 s, Mean: 13.681365 s, Std: 0.000000 s, N: 1
[INFO] Command Manager:  <CommandManager> contains 1 active terms.
+--------------------------------------+
|         Active Command Terms         |
+-------+--------+---------------------+
| Index | Name   |         Type        |
+-------+--------+---------------------+
|   0   | height | SmoothHeightCommand |
+-------+--------+---------------------+

[INFO] Event Manager:  <EventManager> contains 3 active terms.
+----------------------------------------+
| Active Event Terms in Mode: 'startup'  |
+--------+-------------------------------+
| Index  | Name                          |
+--------+-------------------------------+
|   0    | randomize_physics_material    |
|   1    | randomize_actuator_gains      |
|   2    | randomize_bodies_mass         |
|   3    | randomize_base_mass           |
|   4    | randomize_base_com            |
+--------+-------------------------------+
+---------------------------------------------------------------------------+
|                   Active Event Terms in Mode: 'interval'                  |
+-------+-----------------------------------------+-------------------------+
| Index | Name                                    | Interval time range (s) |
+-------+-----------------------------------------+-------------------------+
|   0   | push_robot                              |       (0.0, 10.0)       |
|   1   | apply_external_force_torque             |       (0.0, 10.0)       |
|   2   | apply_external_force_torque_extremities |       (0.0, 10.0)       |
+-------+-----------------------------------------+-------------------------+
+----------------------------------+
| Active Event Terms in Mode: 'reset' |
+------------+---------------------+
|   Index    | Name                |
+------------+---------------------+
|     0      | reset_base          |
+------------+---------------------+

[INFO] Recorder Manager:  <RecorderManager> contains 0 active terms.
+---------------------+
| Active Recorder Terms |
+-----------+---------+
|   Index   | Name    |
+-----------+---------+
+-----------+---------+

[INFO]: Resolved joint names for the action term JointPositionAction: ['left_hip_pitch_joint', 'left_hip_roll_joint', 'left_hip_yaw_joint', 'left_knee_joint', 'left_ankle_pitch_joint', 'left_ankle_roll_joint', 'right_hip_pitch_joint', 'right_hip_roll_joint', 'right_hip_yaw_joint', 'right_knee_joint', 'right_ankle_pitch_joint', 'right_ankle_roll_joint', 'waist_yaw_joint', 'waist_roll_joint', 'waist_pitch_joint', 'left_shoulder_pitch_joint', 'left_shoulder_roll_joint', 'left_shoulder_yaw_joint', 'left_elbow_joint', 'left_wrist_roll_joint', 'left_wrist_pitch_joint', 'left_wrist_yaw_joint', 'right_shoulder_pitch_joint', 'right_shoulder_roll_joint', 'right_shoulder_yaw_joint', 'right_elbow_joint', 'right_wrist_roll_joint', 'right_wrist_pitch_joint', 'right_wrist_yaw_joint'] [[0, 1, 2, 3, 4, 5, 6, 7, 8, 9, 10, 11, 12, 13, 14, 15, 16, 17, 18, 19, 20, 21, 22, 23, 24, 25, 26, 27, 28]]
[INFO] Action Manager:  <ActionManager> contains 2 active terms.
+------------------------------------+
|  Active Action Terms (shape: 29)   |
+--------+-------------+-------------+
| Index  | Name        |   Dimension |
+--------+-------------+-------------+
|   0    | joint_pos   |          29 |
|   1    | lift        |           0 |
+--------+-------------+-------------+

[INFO] Observation Manager: <ObservationManager> contains 2 groups.
+----------------------------------------------+
| Active Observation Terms in Group: 'policy'  |
+---------+------------------------+-----------+
|  Index  | Name                   |   Shape   |
+---------+------------------------+-----------+
|    0    | base_ang_vel           |   (5, 3)  |
|    1    | projected_gravity      |   (5, 3)  |
|    2    | joint_pos              |  (5, 29)  |
|    3    | joint_vel              |  (5, 29)  |
|    4    | actions                |  (5, 29)  |
|    5    | height_command         |   (5, 1)  |
+---------+------------------------+-----------+
+----------------------------------------------+
| Active Observation Terms in Group: 'critic'  |
+---------+------------------------+-----------+
|  Index  | Name                   |   Shape   |
+---------+------------------------+-----------+
|    0    | projected_gravity      |   (5, 3)  |
|    1    | base_lin_vel           |   (5, 3)  |
|    2    | base_ang_vel           |   (5, 3)  |
|    3    | joint_pos              |  (5, 29)  |
|    4    | joint_vel              |  (5, 29)  |
|    5    | actions                |  (5, 29)  |
|    6    | contact_forces         |  (5, 30)  |
|    7    | base_height            |   (5, 1)  |
|    8    | height_command         |   (5, 1)  |
+---------+------------------------+-----------+

[INFO] Termination Manager:  <TerminationManager> contains 2 active terms.
+----------------------------------+
|     Active Termination Terms     |
+-------+---------------+----------+
| Index | Name          | Time Out |
+-------+---------------+----------+
|   0   | time_out      |   True   |
|   1   | invalid_state |  False   |
+-------+---------------+----------+

[INFO] Reward Manager:  <RewardManager> contains 32 active terms.
+--------------------------------------------+
|            Active Reward Terms             |
+-------+-------------------------+----------+
| Index | Name                    |   Weight |
+-------+-------------------------+----------+
|   0   | joint_torques_l2        |   -5e-05 |
|   1   | torque_limits           |    -0.01 |
|   2   | joint_acc_l2            | -2.5e-08 |
|   3   | joint_pos_limits        |     -0.1 |
|   4   | joint_vel_limits        |    -0.01 |
|   5   | action_rate             |     -1.0 |
|   6   | action_rate_rate        |    -0.15 |
|   7   | joint_vel_l2            |   -0.001 |
|   8   | joint_tracking_error    |     -0.5 |
|   9   | base_height_rough       |      4.0 |
|   10  | base_height_medium      |      8.0 |
|   11  | base_height_fine        |     16.0 |
|   12  | relaxation              |     -1.0 |
|   13  | joint_deviation_l1      |     -0.5 |
|   14  | joint_deviation_l1_arms |     -0.5 |
|   15  | ankle_torques           |   -0.001 |
|   16  | not_moving              |     -1.0 |
|   17  | torso_upright           |     -1.0 |
|   18  | severely_tilted         |     -5.0 |
|   19  | torso_roll              |     -5.0 |
|   20  | forward_pitch           |    -10.0 |
|   21  | illegal_contacts        |     -2.0 |
|   22  | feet_distance           |     -5.0 |
|   23  | feet_distance_standing  |    -10.0 |
|   24  | ground_unloaded         |     -2.0 |
|   25  | flat_feet               |     -1.0 |
|   26  | feet_slide              |     -1.0 |
|   27  | feet_yaw_mean           |     -2.0 |
|   28  | completely_airborne     |    -50.0 |
|   29  | body_velocity           |     -0.1 |
|   30  | ground_slam             |     -1.0 |
|   31  | torso_slam              |     -5.0 |
+-------+-------------------------+----------+

[INFO] Curriculum Manager:  <CurriculumManager> contains 8 active terms.
+---------------------------------+
|     Active Curriculum Terms     |
+-------+-------------------------+
| Index | Name                    |
+-------+-------------------------+
|   0   | adaptive_lift           |
|   1   | terrain_levels          |
|   2   | polish_action_rate_rate |
|   3   | polish_ground_slam      |
|   4   | polish_torso_slam       |
|   5   | polish_not_moving       |
|   6   | polish_joint_vel_l2     |
|   7   | random_fallen_states    |
+-------+-------------------------+

/workspace/WBC-AGILE-NEWTON/.venv/lib/python3.12/site-packages/isaaclab/source/isaaclab/isaaclab/envs/mdp/events.py:742: UserWarning: In Newton, body com pose always has unit quaternion. Consider using body_com_pos_b instead.Querying this property requires appending a unit quaternion to the position which is expensive.
  self.default_com = self.asset.data.body_com_pose_b.torch.clone()
[INFO]: Completed setting up the environment...
/workspace/WBC-AGILE-NEWTON/.venv/lib/python3.12/site-packages/rsl_rl/utils/utils.py:220: UserWarning: The observation configuration dictionary 'obs_groups' is empty and thus likely not configured. Consider configuring the 'obs_groups' dictionary explicitly
  warnings.warn(
/workspace/WBC-AGILE-NEWTON/.venv/lib/python3.12/site-packages/rsl_rl/utils/utils.py:251: UserWarning: The observation configuration dictionary 'obs_groups' does not contain the 'actor' key. As an observation group with the name 'policy' was found, this is assumed to be the appropriate observation. Consider adding the 'actor' key to the 'obs_groups' dictionary for clarity. This behavior will be removed in a future version.
  warnings.warn(
/workspace/WBC-AGILE-NEWTON/.venv/lib/python3.12/site-packages/rsl_rl/utils/utils.py:243: UserWarning: The observation configuration dictionary 'obs_groups' does not contain the 'critic' key. As an observation group with the name 'critic' was found, this is assumed to be the appropriate observation. Consider adding the 'critic' key to the 'obs_groups' dictionary for clarity. This behavior will be removed in a future version.
  warnings.warn(
--------------------------------------------------------------------------------
Resolved observation sets: 
	 actor :  ['policy']
	 critic :  ['critic']
--------------------------------------------------------------------------------
Actor Model: MLPModel(
  (obs_normalizer): Identity()
  (distribution): GaussianDistribution()
  (mlp): MLP(
    (0): Linear(in_features=470, out_features=256, bias=True)
    (1): ELU(alpha=1.0)
    (2): Linear(in_features=256, out_features=256, bias=True)
    (3): ELU(alpha=1.0)
    (4): Linear(in_features=256, out_features=128, bias=True)
    (5): ELU(alpha=1.0)
    (6): Linear(in_features=128, out_features=29, bias=True)
  )
)
Critic Model: MLPModel(
  (obs_normalizer): Identity()
  (mlp): MLP(
    (0): Linear(in_features=640, out_features=512, bias=True)
    (1): ELU(alpha=1.0)
    (2): Linear(in_features=512, out_features=256, bias=True)
    (3): ELU(alpha=1.0)
    (4): Linear(in_features=256, out_features=128, bias=True)
    (5): ELU(alpha=1.0)
    (6): Linear(in_features=128, out_features=1, bias=True)
  )
)
Storing git diff for 'WBC-AGILE-NEWTON' in: /workspace/WBC-AGILE-NEWTON/logs/rsl_rl/height_tracking_g1/2026-09-02_07-10-58_height_tracking_g1/git/WBC-AGILE-NEWTON.diff
################################################################################
[1m                           Learning iteration 0/1000                            [0m 

                               Run name: height_tracking_g1
                            Total steps: 98304 
                       Steps per second: 33785 
                        Collection time: 2.565s 
                          Learning time: 0.345s 
                        Mean value loss: 6.2409
                    Mean surrogate loss: 0.0382
                      Mean entropy loss: 41.0824
                     Mean symmetry loss: 0.0032
                   Mean l2c2_actor loss: 0.0012
                  Mean l2c2_critic loss: 0.0126
                            Mean reward: -39.92
                    Mean episode length: 15.54
                        Mean action std: 1.00
                    Entropy coefficient: 0.002500
        Episode_Reward/base_height_fine: 0.0712
           Episode_Reward/ankle_torques: -0.0066
            Episode_Reward/joint_acc_l2: 0.0000
             Episode_Reward/action_rate: -0.9233
           Episode_Reward/feet_yaw_mean: -0.0113
           Episode_Reward/feet_distance: -0.0016
             Episode_Reward/ground_slam: -0.0762
         Curriculum/polish_joint_vel_l2: -0.0010
              Episode_Reward/feet_slide: -0.0197
       Episode_Reward/base_height_rough: 0.0343
           Episode_Reward/forward_pitch: -0.0125
        Episode_Reward/joint_pos_limits: -0.0002
     Episode_Reward/completely_airborne: -0.0841
              Curriculum/terrain_levels: 0.0000
              Episode_Reward/torso_roll: -0.0313
      Episode_Reward/joint_deviation_l1: -0.0236
           Episode_Termination/time_out: 0.0167
      Episode_Reward/base_height_medium: 0.0482
    Episode_Reward/joint_tracking_error: -0.0670
        Curriculum/random_fallen_states: 0.0000
            Metrics/height/height_error: 0.0000
           Curriculum/polish_torso_slam: -5.0000
               Curriculum/adaptive_lift: 1.0000
        Episode_Reward/joint_vel_limits: -0.0001
              Episode_Reward/torso_slam: -0.1266
  Episode_Reward/feet_distance_standing: -0.0013
     Curriculum/polish_action_rate_rate: -0.1500
            Episode_Reward/joint_vel_l2: -0.0305
         Episode_Reward/ground_unloaded: -0.0138
           Episode_Reward/body_velocity: -0.1597
          Curriculum/polish_ground_slam: -1.0000
         Episode_Reward/severely_tilted: -0.0003
 Episode_Reward/joint_deviation_l1_arms: -0.0104
               Episode_Reward/flat_feet: -0.0270
           Curriculum/polish_not_moving: -1.0000
              Episode_Reward/relaxation: -0.1241
        Episode_Reward/joint_torques_l2: -0.0198
           Episode_Reward/torso_upright: 0.0000
      Episode_Termination/invalid_state: 0.0000
        Episode_Reward/illegal_contacts: -0.0019
        Episode_Reward/action_rate_rate: -0.3975
              Episode_Reward/not_moving: -0.0455
           Episode_Reward/torque_limits: -0.0244
--------------------------------------------------------------------------------
                         Iteration time: 2.91s
                           Time elapsed: 0:00:02
                                    ETA: 0:48:26

################################################################################
[1m                           Learning iteration 1/1000                            [0m 

                               Run name: height_tracking_g1
                            Total steps: 196608 
                       Steps per second: 79570 
                        Collection time: 1.003s 
                          Learning time: 0.232s 
                        Mean value loss: 9.1573
                    Mean surrogate loss: 0.0085
                      Mean entropy loss: 41.0431
                     Mean symmetry loss: 0.0020
                   Mean l2c2_actor loss: 0.0011
                  Mean l2c2_critic loss: 0.0200
                            Mean reward: -118.35
                    Mean episode length: 39.74
                        Mean action std: 0.99
                    Entropy coefficient: 0.002500
        Episode_Reward/base_height_fine: 0.1921
           Episode_Reward/ankle_torques: -0.0179
            Episode_Reward/joint_acc_l2: 0.0000
             Episode_Reward/action_rate: -2.7210
           Episode_Reward/feet_yaw_mean: -0.0411
           Episode_Reward/feet_distance: -0.0117
             Episode_Reward/ground_slam: -0.2666
         Curriculum/polish_joint_vel_l2: -0.0010
              Episode_Reward/feet_slide: -0.0552
       Episode_Reward/base_height_rough: 0.0892
           Episode_Reward/forward_pitch: -0.0481
        Episode_Reward/joint_pos_limits: -0.0007
     Episode_Reward/completely_airborne: -0.3331
              Curriculum/terrain_levels: 0.0000
              Episode_Reward/torso_roll: -0.0911
      Episode_Reward/joint_deviation_l1: -0.0901
           Episode_Termination/time_out: 0.0493
      Episode_Reward/base_height_medium: 0.1266
    Episode_Reward/joint_tracking_error: -0.2225
        Curriculum/random_fallen_states: 0.0000
            Metrics/height/height_error: 0.0000
           Curriculum/polish_torso_slam: -5.0000
               Curriculum/adaptive_lift: 1.0000
        Episode_Reward/joint_vel_limits: -0.0002
              Episode_Reward/torso_slam: -0.4319
  Episode_Reward/feet_distance_standing: -0.0156
     Curriculum/polish_action_rate_rate: -0.1500
            Episode_Reward/joint_vel_l2: -0.0991
         Episode_Reward/ground_unloaded: -0.0387
           Episode_Reward/body_velocity: -0.8259
          Curriculum/polish_ground_slam: -1.0000
         Episode_Reward/severely_tilted: -0.0054
 Episode_Reward/joint_deviation_l1_arms: -0.0479
               Episode_Reward/flat_feet: -0.0801
           Curriculum/polish_not_moving: -1.0000
              Episode_Reward/relaxation: -0.4273
        Episode_Reward/joint_torques_l2: -0.0580
           Episode_Reward/torso_upright: 0.0000
      Episode_Termination/invalid_state: 0.0005
        Episode_Reward/illegal_contacts: -0.0084
        Episode_Reward/action_rate_rate: -1.2083
              Episode_Reward/not_moving: -0.1525
           Episode_Reward/torque_limits: -0.0728
--------------------------------------------------------------------------------
                         Iteration time: 1.24s
                           Time elapsed: 0:00:04
                                    ETA: 0:34:28

################################################################################
[1m                           Learning iteration 2/1000                            [0m 

                               Run name: height_tracking_g1
                            Total steps: 294912 
                       Steps per second: 78768 
                        Collection time: 1.015s 
                          Learning time: 0.233s 
                        Mean value loss: 8.0898
                    Mean surrogate loss: -0.0085
                      Mean entropy loss: 40.8985
                     Mean symmetry loss: 0.0008
                   Mean l2c2_actor loss: 0.0012
                  Mean l2c2_critic loss: 0.0177
                            Mean reward: -196.63
                    Mean episode length: 62.01
                        Mean action std: 0.99
                    Entropy coefficient: 0.002500
        Episode_Reward/base_height_fine: 0.3372
           Episode_Reward/ankle_torques: -0.0296
            Episode_Reward/joint_acc_l2: 0.0000
             Episode_Reward/action_rate: -4.5193
           Episode_Reward/feet_yaw_mean: -0.0825
           Episode_Reward/feet_distance: -0.0317
             Episode_Reward/ground_slam: -0.5970
         Curriculum/polish_joint_vel_l2: -0.0010
              Episode_Reward/feet_slide: -0.0974
       Episode_Reward/base_height_rough: 0.1580
           Episode_Reward/forward_pitch: -0.0890
        Episode_Reward/joint_pos_limits: -0.0013
     Episode_Reward/completely_airborne: -0.5504
              Curriculum/terrain_levels: 0.0000
              Episode_Reward/torso_roll: -0.1633
      Episode_Reward/joint_deviation_l1: -0.1307
           Episode_Termination/time_out: 0.0835
      Episode_Reward/base_height_medium: 0.2250
    Episode_Reward/joint_tracking_error: -0.3985
        Curriculum/random_fallen_states: 0.0000
            Metrics/height/height_error: nan
           Curriculum/polish_torso_slam: -5.0000
               Curriculum/adaptive_lift: 0.9995
        Episode_Reward/joint_vel_limits: -0.0004
              Episode_Reward/torso_slam: -0.9550
  Episode_Reward/feet_distance_standing: -0.0334
     Curriculum/polish_action_rate_rate: -0.1500
            Episode_Reward/joint_vel_l2: -0.1765
         Episode_Reward/ground_unloaded: -0.0683
           Episode_Reward/body_velocity: -1.8394
          Curriculum/polish_ground_slam: -1.0000
         Episode_Reward/severely_tilted: -0.0143
 Episode_Reward/joint_deviation_l1_arms: -0.0757
               Episode_Reward/flat_feet: -0.1606
           Curriculum/polish_not_moving: -1.0000
              Episode_Reward/relaxation: -0.7682
        Episode_Reward/joint_torques_l2: -0.1007
           Episode_Reward/torso_upright: -0.0009
      Episode_Termination/invalid_state: 0.0028
        Episode_Reward/illegal_contacts: -0.0173
        Episode_Reward/action_rate_rate: -2.0145
              Episode_Reward/not_moving: -0.2462
           Episode_Reward/torque_limits: -0.1320
--------------------------------------------------------------------------------
                         Iteration time: 1.25s
                           Time elapsed: 0:00:05
                                    ETA: 0:29:52

################################################################################
[1m                           Learning iteration 3/1000                            [0m 

                               Run name: height_tracking_g1
                            Total steps: 393216 
                       Steps per second: 79075 
                        Collection time: 1.011s 
                          Learning time: 0.233s 
                        Mean value loss: 7.7802
                    Mean surrogate loss: -0.0123
                      Mean entropy loss: 40.8208
                     Mean symmetry loss: 0.0006
                   Mean l2c2_actor loss: 0.0014
                  Mean l2c2_critic loss: 0.0174
                            Mean reward: -261.26
                    Mean episode length: 86.30
                        Mean action std: 0.99
                    Entropy coefficient: 0.002500
        Episode_Reward/base_height_fine: 0.5591
           Episode_Reward/ankle_torques: -0.0429
            Episode_Reward/joint_acc_l2: 0.0000
             Episode_Reward/action_rate: -6.2975
           Episode_Reward/feet_yaw_mean: -0.1195
           Episode_Reward/feet_distance: -0.0447
             Episode_Reward/ground_slam: -0.8108
         Curriculum/polish_joint_vel_l2: -0.0010
              Episode_Reward/feet_slide: -0.1449
       Episode_Reward/base_height_rough: 0.2363
           Episode_Reward/forward_pitch: -0.1282
        Episode_Reward/joint_pos_limits: -0.0018
     Episode_Reward/completely_airborne: -0.5792
              Curriculum/terrain_levels: 0.0000
              Episode_Reward/torso_roll: -0.2281
      Episode_Reward/joint_deviation_l1: -0.1803
           Episode_Termination/time_out: 0.1159
      Episode_Reward/base_height_medium: 0.3553
    Episode_Reward/joint_tracking_error: -0.5529
        Curriculum/random_fallen_states: 0.0000
            Metrics/height/height_error: 0.0000
           Curriculum/polish_torso_slam: -5.0000
               Curriculum/adaptive_lift: 0.9995
        Episode_Reward/joint_vel_limits: -0.0005
              Episode_Reward/torso_slam: -1.2807
  Episode_Reward/feet_distance_standing: -0.0479
     Curriculum/polish_action_rate_rate: -0.1500
            Episode_Reward/joint_vel_l2: -0.2470
         Episode_Reward/ground_unloaded: -0.0964
           Episode_Reward/body_velocity: -2.3353
          Curriculum/polish_ground_slam: -1.0000
         Episode_Reward/severely_tilted: -0.0125
 Episode_Reward/joint_deviation_l1_arms: -0.1084
               Episode_Reward/flat_feet: -0.2303
           Curriculum/polish_not_moving: -1.0000
              Episode_Reward/relaxation: -0.9695
        Episode_Reward/joint_torques_l2: -0.1387
           Episode_Reward/torso_upright: -0.0025
      Episode_Termination/invalid_state: 0.0045
        Episode_Reward/illegal_contacts: -0.0293
        Episode_Reward/action_rate_rate: -2.8183
              Episode_Reward/not_moving: -0.4660
           Episode_Reward/torque_limits: -0.1801
--------------------------------------------------------------------------------
                         Iteration time: 1.24s
                           Time elapsed: 0:00:06
                                    ETA: 0:27:32

################################################################################
[1m                           Learning iteration 4/1000                            [0m 

                               Run name: height_tracking_g1
                            Total steps: 491520 
                       Steps per second: 78994 
                        Collection time: 1.012s 
                          Learning time: 0.233s 
                        Mean value loss: 7.0875
                    Mean surrogate loss: -0.0122
                      Mean entropy loss: 40.7470
                     Mean symmetry loss: 0.0006
                   Mean l2c2_actor loss: 0.0016
                  Mean l2c2_critic loss: 0.0139
                            Mean reward: -343.62
                    Mean episode length: 109.12
                        Mean action std: 0.99
                    Entropy coefficient: 0.002500
        Episode_Reward/base_height_fine: 0.7284
           Episode_Reward/ankle_torques: -0.0516
            Episode_Reward/joint_acc_l2: 0.0000
             Episode_Reward/action_rate: -8.0394
           Episode_Reward/feet_yaw_mean: -0.1703
           Episode_Reward/feet_distance: -0.0738
             Episode_Reward/ground_slam: -0.9901
         Curriculum/polish_joint_vel_l2: -0.0010
              Episode_Reward/feet_slide: -0.1762
       Episode_Reward/base_height_rough: 0.3001
           Episode_Reward/forward_pitch: -0.1808
        Episode_Reward/joint_pos_limits: -0.0024
     Episode_Reward/completely_airborne: -0.8043
              Curriculum/terrain_levels: 0.0000
              Episode_Reward/torso_roll: -0.2922
      Episode_Reward/joint_deviation_l1: -0.2372
           Episode_Termination/time_out: 0.1451
      Episode_Reward/base_height_medium: 0.4560
    Episode_Reward/joint_tracking_error: -0.7010
        Curriculum/random_fallen_states: 0.0000
            Metrics/height/height_error: nan
           Curriculum/polish_torso_slam: -5.0000
               Curriculum/adaptive_lift: 0.9995
        Episode_Reward/joint_vel_limits: -0.0006
              Episode_Reward/torso_slam: -1.4803
  Episode_Reward/feet_distance_standing: -0.0782
     Curriculum/polish_action_rate_rate: -0.1500
            Episode_Reward/joint_vel_l2: -0.3116
         Episode_Reward/ground_unloaded: -0.1157
           Episode_Reward/body_velocity: -3.0488
          Curriculum/polish_ground_slam: -1.0000
         Episode_Reward/severely_tilted: -0.0149
 Episode_Reward/joint_deviation_l1_arms: -0.1401
               Episode_Reward/flat_feet: -0.3029
           Curriculum/polish_not_moving: -1.0000
              Episode_Reward/relaxation: -1.4778
        Episode_Reward/joint_torques_l2: -0.1781
           Episode_Reward/torso_upright: -0.0054
      Episode_Termination/invalid_state: 0.0063
        Episode_Reward/illegal_contacts: -0.0369
        Episode_Reward/action_rate_rate: -3.5976
              Episode_Reward/not_moving: -0.6123
           Episode_Reward/torque_limits: -0.2237
--------------------------------------------------------------------------------
                         Iteration time: 1.24s
                           Time elapsed: 0:00:07
                                    ETA: 0:26:08

################################################################################
[1m                           Learning iteration 5/1000                            [0m 

                               Run name: height_tracking_g1
                            Total steps: 589824 
                       Steps per second: 78887 
                        Collection time: 1.014s 
                          Learning time: 0.233s 
                        Mean value loss: 6.8477
                    Mean surrogate loss: -0.0119
                      Mean entropy loss: 40.6761
                     Mean symmetry loss: 0.0007
                   Mean l2c2_actor loss: 0.0019
                  Mean l2c2_critic loss: 0.0115
                            Mean reward: -423.58
                    Mean episode length: 133.22
                        Mean action std: 0.98
                    Entropy coefficient: 0.002500
        Episode_Reward/base_height_fine: 0.8645
           Episode_Reward/ankle_torques: -0.0672
            Episode_Reward/joint_acc_l2: 0.0000
             Episode_Reward/action_rate: -9.7752
           Episode_Reward/feet_yaw_mean: -0.2349
           Episode_Reward/feet_distance: -0.1058
             Episode_Reward/ground_slam: -1.5000
         Curriculum/polish_joint_vel_l2: -0.0010
              Episode_Reward/feet_slide: -0.2301
       Episode_Reward/base_height_rough: 0.3758
           Episode_Reward/forward_pitch: -0.2302
        Episode_Reward/joint_pos_limits: -0.0030
     Episode_Reward/completely_airborne: -1.0188
              Curriculum/terrain_levels: 0.0000
              Episode_Reward/torso_roll: -0.3650
      Episode_Reward/joint_deviation_l1: -0.2775
           Episode_Termination/time_out: 0.1760
      Episode_Reward/base_height_medium: 0.5585
    Episode_Reward/joint_tracking_error: -0.8790
        Curriculum/random_fallen_states: 0.0000
            Metrics/height/height_error: nan
           Curriculum/polish_torso_slam: -5.0000
               Curriculum/adaptive_lift: 0.9995
        Episode_Reward/joint_vel_limits: -0.0008
              Episode_Reward/torso_slam: -2.1568
  Episode_Reward/feet_distance_standing: -0.1114
     Curriculum/polish_action_rate_rate: -0.1500
            Episode_Reward/joint_vel_l2: -0.3853
         Episode_Reward/ground_unloaded: -0.1529
           Episode_Reward/body_velocity: -4.2304
          Curriculum/polish_ground_slam: -1.0000
         Episode_Reward/severely_tilted: -0.0231
 Episode_Reward/joint_deviation_l1_arms: -0.1714
               Episode_Reward/flat_feet: -0.3924
           Curriculum/polish_not_moving: -1.0000
              Episode_Reward/relaxation: -1.6154
        Episode_Reward/joint_torques_l2: -0.2239
           Episode_Reward/torso_upright: -0.0067
      Episode_Termination/invalid_state: 0.0085
        Episode_Reward/illegal_contacts: -0.0478
        Episode_Reward/action_rate_rate: -4.3772
              Episode_Reward/not_moving: -0.7297
           Episode_Reward/torque_limits: -0.2817
--------------------------------------------------------------------------------
                         Iteration time: 1.25s
                           Time elapsed: 0:00:09
                                    ETA: 0:25:12

################################################################################
[1m                           Learning iteration 6/1000                            [0m 

                               Run name: height_tracking_g1
                            Total steps: 688128 
                       Steps per second: 78683 
                        Collection time: 1.016s 
                          Learning time: 0.233s 
                        Mean value loss: 6.5245
                    Mean surrogate loss: -0.0127
                      Mean entropy loss: 40.6034
                     Mean symmetry loss: 0.0007
                   Mean l2c2_actor loss: 0.0022
                  Mean l2c2_critic loss: 0.0131
                            Mean reward: -477.48
                    Mean episode length: 158.09
                        Mean action std: 0.98
                    Entropy coefficient: 0.002500
        Episode_Reward/base_height_fine: 1.2029
           Episode_Reward/ankle_torques: -0.0738
            Episode_Reward/joint_acc_l2: 0.0000
             Episode_Reward/action_rate: -11.7339
           Episode_Reward/feet_yaw_mean: -0.2593
           Episode_Reward/feet_distance: -0.1124
             Episode_Reward/ground_slam: -1.5819
         Curriculum/polish_joint_vel_l2: -0.0010
              Episode_Reward/feet_slide: -0.2872
       Episode_Reward/base_height_rough: 0.4826
           Episode_Reward/forward_pitch: -0.2727
        Episode_Reward/joint_pos_limits: -0.0036
     Episode_Reward/completely_airborne: -0.9920
              Curriculum/terrain_levels: 0.0000
              Episode_Reward/torso_roll: -0.4346
      Episode_Reward/joint_deviation_l1: -0.3303
           Episode_Termination/time_out: 0.2073
      Episode_Reward/base_height_medium: 0.7477
    Episode_Reward/joint_tracking_error: -1.0724
        Curriculum/random_fallen_states: 0.0000
            Metrics/height/height_error: nan
           Curriculum/polish_torso_slam: -5.0000
               Curriculum/adaptive_lift: 0.9995
        Episode_Reward/joint_vel_limits: -0.0009
              Episode_Reward/torso_slam: -2.1672
  Episode_Reward/feet_distance_standing: -0.1129
     Curriculum/polish_action_rate_rate: -0.1500
            Episode_Reward/joint_vel_l2: -0.4714
         Episode_Reward/ground_unloaded: -0.1819
           Episode_Reward/body_velocity: -4.4738
          Curriculum/polish_ground_slam: -1.0000
         Episode_Reward/severely_tilted: -0.0230
 Episode_Reward/joint_deviation_l1_arms: -0.2147
               Episode_Reward/flat_feet: -0.4577
           Curriculum/polish_not_moving: -1.0000
              Episode_Reward/relaxation: -1.9047
        Episode_Reward/joint_torques_l2: -0.2685
           Episode_Reward/torso_upright: -0.0117
      Episode_Termination/invalid_state: 0.0100
        Episode_Reward/illegal_contacts: -0.0589
        Episode_Reward/action_rate_rate: -5.2588
              Episode_Reward/not_moving: -1.0325
           Episode_Reward/torque_limits: -0.3393
--------------------------------------------------------------------------------
                         Iteration time: 1.25s
                           Time elapsed: 0:00:10
                                    ETA: 0:24:31

################################################################################
[1m                           Learning iteration 7/1000                            [0m 

                               Run name: height_tracking_g1
                            Total steps: 786432 
                       Steps per second: 78209 
                        Collection time: 1.023s 
                          Learning time: 0.234s 
                        Mean value loss: 6.1851
                    Mean surrogate loss: -0.0116
                      Mean entropy loss: 40.5080
                     Mean symmetry loss: 0.0007
                   Mean l2c2_actor loss: 0.0024
                  Mean l2c2_critic loss: 0.0126
                            Mean reward: -552.12
                    Mean episode length: 181.50
                        Mean action std: 0.98
                    Entropy coefficient: 0.002500
        Episode_Reward/base_height_fine: 1.3838
           Episode_Reward/ankle_torques: -0.0933
            Episode_Reward/joint_acc_l2: 0.0000
             Episode_Reward/action_rate: -13.4364
           Episode_Reward/feet_yaw_mean: -0.2976
           Episode_Reward/feet_distance: -0.1289
             Episode_Reward/ground_slam: -1.7091
         Curriculum/polish_joint_vel_l2: -0.0010
              Episode_Reward/feet_slide: -0.3210
       Episode_Reward/base_height_rough: 0.5539
           Episode_Reward/forward_pitch: -0.3313
        Episode_Reward/joint_pos_limits: -0.0042
     Episode_Reward/completely_airborne: -1.1127
              Curriculum/terrain_levels: 0.0000
              Episode_Reward/torso_roll: -0.5179
      Episode_Reward/joint_deviation_l1: -0.3708
           Episode_Termination/time_out: 0.2375
      Episode_Reward/base_height_medium: 0.8639
    Episode_Reward/joint_tracking_error: -1.2296
        Curriculum/random_fallen_states: 0.0000
            Metrics/height/height_error: nan
           Curriculum/polish_torso_slam: -5.0000
               Curriculum/adaptive_lift: 0.9995
        Episode_Reward/joint_vel_limits: -0.0011
              Episode_Reward/torso_slam: -2.4562
  Episode_Reward/feet_distance_standing: -0.1259
     Curriculum/polish_action_rate_rate: -0.1500
            Episode_Reward/joint_vel_l2: -0.5430
         Episode_Reward/ground_unloaded: -0.2150
           Episode_Reward/body_velocity: -5.1667
          Curriculum/polish_ground_slam: -1.0000
         Episode_Reward/severely_tilted: -0.0227
 Episode_Reward/joint_deviation_l1_arms: -0.2409
               Episode_Reward/flat_feet: -0.5270
           Curriculum/polish_not_moving: -1.0000
              Episode_Reward/relaxation: -2.2335
        Episode_Reward/joint_torques_l2: -0.3105
           Episode_Reward/torso_upright: -0.0140
      Episode_Termination/invalid_state: 0.0111
        Episode_Reward/illegal_contacts: -0.0713
        Episode_Reward/action_rate_rate: -6.0135
              Episode_Reward/not_moving: -1.1905
           Episode_Reward/torque_limits: -0.3876
--------------------------------------------------------------------------------
                         Iteration time: 1.26s
                           Time elapsed: 0:00:11
                                    ETA: 0:24:02

################################################################################
[1m                           Learning iteration 8/1000                            [0m 

                               Run name: height_tracking_g1
                            Total steps: 884736 
                       Steps per second: 78450 
                        Collection time: 1.020s 
                          Learning time: 0.233s 
                        Mean value loss: 5.7347
                    Mean surrogate loss: -0.0119
                      Mean entropy loss: 40.4068
                     Mean symmetry loss: 0.0008
                   Mean l2c2_actor loss: 0.0025
                  Mean l2c2_critic loss: 0.0152
                            Mean reward: -605.29
                    Mean episode length: 200.29
                        Mean action std: 0.97
                    Entropy coefficient: 0.002500
        Episode_Reward/base_height_fine: 1.2179
           Episode_Reward/ankle_torques: -0.1035
            Episode_Reward/joint_acc_l2: 0.0000
             Episode_Reward/action_rate: -14.8685
           Episode_Reward/feet_yaw_mean: -0.3071
           Episode_Reward/feet_distance: -0.1429
             Episode_Reward/ground_slam: -1.8915
         Curriculum/polish_joint_vel_l2: -0.0010
              Episode_Reward/feet_slide: -0.3554
       Episode_Reward/base_height_rough: 0.5226
           Episode_Reward/forward_pitch: -0.4049
        Episode_Reward/joint_pos_limits: -0.0042
     Episode_Reward/completely_airborne: -1.3692
              Curriculum/terrain_levels: 0.0000
              Episode_Reward/torso_roll: -0.5768
      Episode_Reward/joint_deviation_l1: -0.3150
           Episode_Termination/time_out: 0.2705
      Episode_Reward/base_height_medium: 0.7719
    Episode_Reward/joint_tracking_error: -1.2778
        Curriculum/random_fallen_states: 0.0000
            Metrics/height/height_error: nan
           Curriculum/polish_torso_slam: -5.0000
               Curriculum/adaptive_lift: 0.9995
        Episode_Reward/joint_vel_limits: -0.0010
              Episode_Reward/torso_slam: -2.5860
  Episode_Reward/feet_distance_standing: -0.1207
     Curriculum/polish_action_rate_rate: -0.1500
            Episode_Reward/joint_vel_l2: -0.5640
         Episode_Reward/ground_unloaded: -0.1898
           Episode_Reward/body_velocity: -5.0647
          Curriculum/polish_ground_slam: -1.0000
         Episode_Reward/severely_tilted: -0.0286
 Episode_Reward/joint_deviation_l1_arms: -0.2091
               Episode_Reward/flat_feet: -0.6273
           Curriculum/polish_not_moving: -1.0000
              Episode_Reward/relaxation: -3.2489
        Episode_Reward/joint_torques_l2: -0.3272
           Episode_Reward/torso_upright: -0.0099
      Episode_Termination/invalid_state: 0.0129
        Episode_Reward/illegal_contacts: -0.0853
        Episode_Reward/action_rate_rate: -6.6550
              Episode_Reward/not_moving: -1.0606
           Episode_Reward/torque_limits: -0.4082
--------------------------------------------------------------------------------
                         Iteration time: 1.25s
                           Time elapsed: 0:00:12
                                    ETA: 0:23:38

################################################################################
[1m                           Learning iteration 9/1000                            [0m 

                               Run name: height_tracking_g1
                            Total steps: 983040 
                       Steps per second: 79025 
                        Collection time: 1.011s 
                          Learning time: 0.233s 
                        Mean value loss: 5.5654
                    Mean surrogate loss: -0.0121
                      Mean entropy loss: 40.2765
                     Mean symmetry loss: 0.0008
                   Mean l2c2_actor loss: 0.0027
                  Mean l2c2_critic loss: 0.0191
                            Mean reward: -674.97
                    Mean episode length: 225.06
                        Mean action std: 0.97
                    Entropy coefficient: 0.002500
        Episode_Reward/base_height_fine: 1.5754
           Episode_Reward/ankle_torques: -0.1035
            Episode_Reward/joint_acc_l2: 0.0000
             Episode_Reward/action_rate: -16.3649
           Episode_Reward/feet_yaw_mean: -0.3243
           Episode_Reward/feet_distance: -0.1395
             Episode_Reward/ground_slam: -2.1135
         Curriculum/polish_joint_vel_l2: -0.0010
              Episode_Reward/feet_slide: -0.3969
       Episode_Reward/base_height_rough: 0.6528
           Episode_Reward/forward_pitch: -0.3904
        Episode_Reward/joint_pos_limits: -0.0049
     Episode_Reward/completely_airborne: -1.4630
              Curriculum/terrain_levels: 0.0000
              Episode_Reward/torso_roll: -0.6273
      Episode_Reward/joint_deviation_l1: -0.4216
           Episode_Termination/time_out: 0.2992
      Episode_Reward/base_height_medium: 0.9924
    Episode_Reward/joint_tracking_error: -1.4274
        Curriculum/random_fallen_states: 0.0000
            Metrics/height/height_error: nan
           Curriculum/polish_torso_slam: -5.0000
               Curriculum/adaptive_lift: 0.9995
        Episode_Reward/joint_vel_limits: -0.0012
              Episode_Reward/torso_slam: -2.8195
  Episode_Reward/feet_distance_standing: -0.1336
     Curriculum/polish_action_rate_rate: -0.1500
            Episode_Reward/joint_vel_l2: -0.6315
         Episode_Reward/ground_unloaded: -0.2325
           Episode_Reward/body_velocity: -5.9678
          Curriculum/polish_ground_slam: -1.0000
         Episode_Reward/severely_tilted: -0.0250
 Episode_Reward/joint_deviation_l1_arms: -0.2653
               Episode_Reward/flat_feet: -0.6792
           Curriculum/polish_not_moving: -1.0000
              Episode_Reward/relaxation: -3.2001
        Episode_Reward/joint_torques_l2: -0.3726
           Episode_Reward/torso_upright: -0.0174
      Episode_Termination/invalid_state: 0.0150
        Episode_Reward/illegal_contacts: -0.0911
        Episode_Reward/action_rate_rate: -7.3225
              Episode_Reward/not_moving: -1.3192
           Episode_Reward/torque_limits: -0.4669
--------------------------------------------------------------------------------
                         Iteration time: 1.24s
                           Time elapsed: 0:00:14
                                    ETA: 0:23:18

################################################################################
[1m                           Learning iteration 10/1000                           [0m 

                               Run name: height_tracking_g1
                            Total steps: 1081344 
                       Steps per second: 78800 
                        Collection time: 1.015s 
                          Learning time: 0.233s 
                        Mean value loss: 5.2740
                    Mean surrogate loss: -0.0127
                      Mean entropy loss: 40.1960
                     Mean symmetry loss: 0.0008
                   Mean l2c2_actor loss: 0.0029
                  Mean l2c2_critic loss: 0.0197
                            Mean reward: -764.47
                    Mean episode length: 250.68
                        Mean action std: 0.97
                    Entropy coefficient: 0.002500
        Episode_Reward/base_height_fine: 1.6877
           Episode_Reward/ankle_torques: -0.1174
            Episode_Reward/joint_acc_l2: 0.0000
             Episode_Reward/action_rate: -18.5344
           Episode_Reward/feet_yaw_mean: -0.4072
           Episode_Reward/feet_distance: -0.1924
             Episode_Reward/ground_slam: -2.5143
         Curriculum/polish_joint_vel_l2: -0.0010
              Episode_Reward/feet_slide: -0.4541
       Episode_Reward/base_height_rough: 0.7069
           Episode_Reward/forward_pitch: -0.5013
        Episode_Reward/joint_pos_limits: -0.0055
     Episode_Reward/completely_airborne: -1.6955
              Curriculum/terrain_levels: 0.0000
              Episode_Reward/torso_roll: -0.7109
      Episode_Reward/joint_deviation_l1: -0.4589
           Episode_Termination/time_out: 0.3278
      Episode_Reward/base_height_medium: 1.0636
    Episode_Reward/joint_tracking_error: -1.6257
        Curriculum/random_fallen_states: 0.0000
            Metrics/height/height_error: nan
           Curriculum/polish_torso_slam: -5.0000
               Curriculum/adaptive_lift: 0.9995
        Episode_Reward/joint_vel_limits: -0.0013
              Episode_Reward/torso_slam: -3.6830
  Episode_Reward/feet_distance_standing: -0.1755
     Curriculum/polish_action_rate_rate: -0.1500
            Episode_Reward/joint_vel_l2: -0.7192
         Episode_Reward/ground_unloaded: -0.2633
           Episode_Reward/body_velocity: -6.5527
          Curriculum/polish_ground_slam: -1.0000
         Episode_Reward/severely_tilted: -0.0428
 Episode_Reward/joint_deviation_l1_arms: -0.2925
               Episode_Reward/flat_feet: -0.7807
           Curriculum/polish_not_moving: -1.0000
              Episode_Reward/relaxation: -3.7085
        Episode_Reward/joint_torques_l2: -0.4210
           Episode_Reward/torso_upright: -0.0169
      Episode_Termination/invalid_state: 0.0161
        Episode_Reward/illegal_contacts: -0.1069
        Episode_Reward/action_rate_rate: -8.2962
              Episode_Reward/not_moving: -1.4101
           Episode_Reward/torque_limits: -0.5227
--------------------------------------------------------------------------------
                         Iteration time: 1.25s
                           Time elapsed: 0:00:15
                                    ETA: 0:23:02

################################################################################
[1m                           Learning iteration 11/1000                           [0m 

                               Run name: height_tracking_g1
                            Total steps: 1179648 
                       Steps per second: 79025 
                        Collection time: 1.011s 
                          Learning time: 0.233s 
                        Mean value loss: 5.0893
                    Mean surrogate loss: -0.0106
                      Mean entropy loss: 40.1064
                     Mean symmetry loss: 0.0009
                   Mean l2c2_actor loss: 0.0029
                  Mean l2c2_critic loss: 0.0200
                            Mean reward: -836.30
                    Mean episode length: 278.70
                        Mean action std: 0.96
                    Entropy coefficient: 0.002500
        Episode_Reward/base_height_fine: 2.3775
           Episode_Reward/ankle_torques: -0.1338
            Episode_Reward/joint_acc_l2: 0.0000
             Episode_Reward/action_rate: -20.2041
           Episode_Reward/feet_yaw_mean: -0.4977
           Episode_Reward/feet_distance: -0.2080
             Episode_Reward/ground_slam: -2.7055
         Curriculum/polish_joint_vel_l2: -0.0010
              Episode_Reward/feet_slide: -0.5076
       Episode_Reward/base_height_rough: 0.8972
           Episode_Reward/forward_pitch: -0.5008
        Episode_Reward/joint_pos_limits: -0.0062
     Episode_Reward/completely_airborne: -1.7620
              Curriculum/terrain_levels: 0.0000
              Episode_Reward/torso_roll: -0.7486
      Episode_Reward/joint_deviation_l1: -0.6352
           Episode_Termination/time_out: 0.3604
      Episode_Reward/base_height_medium: 1.4346
    Episode_Reward/joint_tracking_error: -1.8155
        Curriculum/random_fallen_states: 0.0000
            Metrics/height/height_error: nan
           Curriculum/polish_torso_slam: -5.0000
               Curriculum/adaptive_lift: 0.9995
        Episode_Reward/joint_vel_limits: -0.0015
              Episode_Reward/torso_slam: -3.7859
  Episode_Reward/feet_distance_standing: -0.2248
     Curriculum/polish_action_rate_rate: -0.1500
            Episode_Reward/joint_vel_l2: -0.8092
         Episode_Reward/ground_unloaded: -0.3272
           Episode_Reward/body_velocity: -7.6205
          Curriculum/polish_ground_slam: -1.0000
         Episode_Reward/severely_tilted: -0.0353
 Episode_Reward/joint_deviation_l1_arms: -0.3856
               Episode_Reward/flat_feet: -0.8136
           Curriculum/polish_not_moving: -1.0000
              Episode_Reward/relaxation: -3.2349
        Episode_Reward/joint_torques_l2: -0.4679
           Episode_Reward/torso_upright: -0.0355
      Episode_Termination/invalid_state: 0.0174
        Episode_Reward/illegal_contacts: -0.1024
        Episode_Reward/action_rate_rate: -9.0406
              Episode_Reward/not_moving: -2.1022
           Episode_Reward/torque_limits: -0.5859
--------------------------------------------------------------------------------
                         Iteration time: 1.24s
                           Time elapsed: 0:00:16
                                    ETA: 0:22:48

################################################################################
[1m                           Learning iteration 12/1000                           [0m 

                               Run name: height_tracking_g1
                            Total steps: 1277952 
                       Steps per second: 78618 
                        Collection time: 1.018s 
                          Learning time: 0.233s 
                        Mean value loss: 5.0596
                    Mean surrogate loss: -0.0106
                      Mean entropy loss: 40.0199
                     Mean symmetry loss: 0.0010
                   Mean l2c2_actor loss: 0.0031
                  Mean l2c2_critic loss: 0.0212
                            Mean reward: -902.11
                    Mean episode length: 294.28
                        Mean action std: 0.96
                    Entropy coefficient: 0.002500
        Episode_Reward/base_height_fine: 2.2144
           Episode_Reward/ankle_torques: -0.1362
            Episode_Reward/joint_acc_l2: 0.0000
             Episode_Reward/action_rate: -21.8466
           Episode_Reward/feet_yaw_mean: -0.4838
           Episode_Reward/feet_distance: -0.2274
             Episode_Reward/ground_slam: -2.9368
         Curriculum/polish_joint_vel_l2: -0.0010
              Episode_Reward/feet_slide: -0.5414
       Episode_Reward/base_height_rough: 0.8857
           Episode_Reward/forward_pitch: -0.5476
        Episode_Reward/joint_pos_limits: -0.0067
     Episode_Reward/completely_airborne: -2.0566
              Curriculum/terrain_levels: 0.0000
              Episode_Reward/torso_roll: -0.8326
      Episode_Reward/joint_deviation_l1: -0.5754
           Episode_Termination/time_out: 0.3946
      Episode_Reward/base_height_medium: 1.3718
    Episode_Reward/joint_tracking_error: -1.9439
        Curriculum/random_fallen_states: 0.0000
            Metrics/height/height_error: nan
           Curriculum/polish_torso_slam: -5.0000
               Curriculum/adaptive_lift: 0.9995
        Episode_Reward/joint_vel_limits: -0.0016
              Episode_Reward/torso_slam: -4.2600
  Episode_Reward/feet_distance_standing: -0.2269
     Curriculum/polish_action_rate_rate: -0.1500
            Episode_Reward/joint_vel_l2: -0.8651
         Episode_Reward/ground_unloaded: -0.3373
           Episode_Reward/body_velocity: -8.0334
          Curriculum/polish_ground_slam: -1.0000
         Episode_Reward/severely_tilted: -0.0412
 Episode_Reward/joint_deviation_l1_arms: -0.3613
               Episode_Reward/flat_feet: -0.9277
           Curriculum/polish_not_moving: -1.0000
              Episode_Reward/relaxation: -3.9920
        Episode_Reward/joint_torques_l2: -0.5106
           Episode_Reward/torso_upright: -0.0266
      Episode_Termination/invalid_state: 0.0193
        Episode_Reward/illegal_contacts: -0.1307
        Episode_Reward/action_rate_rate: -9.7827
              Episode_Reward/not_moving: -1.9057
           Episode_Reward/torque_limits: -0.6254
--------------------------------------------------------------------------------
                         Iteration time: 1.25s
                           Time elapsed: 0:00:17
                                    ETA: 0:22:36

################################################################################
[1m                           Learning iteration 13/1000                           [0m 

                               Run name: height_tracking_g1
                            Total steps: 1376256 
                       Steps per second: 78821 
                        Collection time: 1.015s 
                          Learning time: 0.232s 
                        Mean value loss: 4.7972
                    Mean surrogate loss: -0.0098
                      Mean entropy loss: 39.9313
                     Mean symmetry loss: 0.0011
                   Mean l2c2_actor loss: 0.0032
                  Mean l2c2_critic loss: 0.0241
                            Mean reward: -997.11
                    Mean episode length: 325.21
                        Mean action std: 0.96
                    Entropy coefficient: 0.002500
        Episode_Reward/base_height_fine: 2.3283
           Episode_Reward/ankle_torques: -0.1631
            Episode_Reward/joint_acc_l2: 0.0000
             Episode_Reward/action_rate: -23.9659
           Episode_Reward/feet_yaw_mean: -0.5210
           Episode_Reward/feet_distance: -0.2399
             Episode_Reward/ground_slam: -3.1782
         Curriculum/polish_joint_vel_l2: -0.0010
              Episode_Reward/feet_slide: -0.5946
       Episode_Reward/base_height_rough: 0.9383
           Episode_Reward/forward_pitch: -0.6591
        Episode_Reward/joint_pos_limits: -0.0071
     Episode_Reward/completely_airborne: -2.1024
              Curriculum/terrain_levels: 0.0000
              Episode_Reward/torso_roll: -0.9142
      Episode_Reward/joint_deviation_l1: -0.6272
           Episode_Termination/time_out: 0.4277
      Episode_Reward/base_height_medium: 1.4385
    Episode_Reward/joint_tracking_error: -2.0859
        Curriculum/random_fallen_states: 0.0000
            Metrics/height/height_error: inf
           Curriculum/polish_torso_slam: -5.0000
               Curriculum/adaptive_lift: 0.9995
        Episode_Reward/joint_vel_limits: -0.0017
              Episode_Reward/torso_slam: -4.5869
  Episode_Reward/feet_distance_standing: -0.2315
     Curriculum/polish_action_rate_rate: -0.1500
            Episode_Reward/joint_vel_l2: -0.9288
         Episode_Reward/ground_unloaded: -0.3407
           Episode_Reward/body_velocity: -8.3537
          Curriculum/polish_ground_slam: -1.0000
         Episode_Reward/severely_tilted: -0.0378
 Episode_Reward/joint_deviation_l1_arms: -0.3909
               Episode_Reward/flat_feet: -1.0109
           Curriculum/polish_not_moving: -1.0000
              Episode_Reward/relaxation: -4.6960
        Episode_Reward/joint_torques_l2: -0.5469
           Episode_Reward/torso_upright: -0.0315
      Episode_Termination/invalid_state: 0.0209
        Episode_Reward/illegal_contacts: -0.1397
        Episode_Reward/action_rate_rate: -10.7187
              Episode_Reward/not_moving: -2.0019
           Episode_Reward/torque_limits: -0.6642
--------------------------------------------------------------------------------
                         Iteration time: 1.25s
                           Time elapsed: 0:00:19
                                    ETA: 0:22:26

################################################################################
[1m                           Learning iteration 14/1000                           [0m 

                               Run name: height_tracking_g1
                            Total steps: 1474560 
                       Steps per second: 78839 
                        Collection time: 1.015s 
                          Learning time: 0.232s 
                        Mean value loss: 4.7337
                    Mean surrogate loss: -0.0100
                      Mean entropy loss: 39.8456
                     Mean symmetry loss: 0.0011
                   Mean l2c2_actor loss: 0.0032
                  Mean l2c2_critic loss: 0.0269
                            Mean reward: -1038.26
                    Mean episode length: 346.02
                        Mean action std: 0.96
                    Entropy coefficient: 0.002500
        Episode_Reward/base_height_fine: 2.6987
           Episode_Reward/ankle_torques: -0.1628
            Episode_Reward/joint_acc_l2: 0.0000
             Episode_Reward/action_rate: -25.2496
           Episode_Reward/feet_yaw_mean: -0.5726
           Episode_Reward/feet_distance: -0.2583
             Episode_Reward/ground_slam: -3.2004
         Curriculum/polish_joint_vel_l2: -0.0010
              Episode_Reward/feet_slide: -0.6220
       Episode_Reward/base_height_rough: 1.0489
           Episode_Reward/forward_pitch: -0.6253
        Episode_Reward/joint_pos_limits: -0.0076
     Episode_Reward/completely_airborne: -2.1897
              Curriculum/terrain_levels: 0.0000
              Episode_Reward/torso_roll: -0.9520
      Episode_Reward/joint_deviation_l1: -0.6891
           Episode_Termination/time_out: 0.4600
      Episode_Reward/base_height_medium: 1.6525
    Episode_Reward/joint_tracking_error: -2.2273
        Curriculum/random_fallen_states: 0.0000
            Metrics/height/height_error: nan
           Curriculum/polish_torso_slam: -5.0000
               Curriculum/adaptive_lift: 0.9995
        Episode_Reward/joint_vel_limits: -0.0018
              Episode_Reward/torso_slam: -4.4459
  Episode_Reward/feet_distance_standing: -0.2594
     Curriculum/polish_action_rate_rate: -0.1500
            Episode_Reward/joint_vel_l2: -0.9944
         Episode_Reward/ground_unloaded: -0.3942
           Episode_Reward/body_velocity: -8.9677
          Curriculum/polish_ground_slam: -1.0000
         Episode_Reward/severely_tilted: -0.0409
 Episode_Reward/joint_deviation_l1_arms: -0.4296
               Episode_Reward/flat_feet: -1.0651
           Curriculum/polish_not_moving: -1.0000
              Episode_Reward/relaxation: -4.6619
        Episode_Reward/joint_torques_l2: -0.5957
           Episode_Reward/torso_upright: -0.0350
      Episode_Termination/invalid_state: 0.0220
        Episode_Reward/illegal_contacts: -0.1371
        Episode_Reward/action_rate_rate: -11.2893
              Episode_Reward/not_moving: -2.3210
           Episode_Reward/torque_limits: -0.7158
--------------------------------------------------------------------------------
                         Iteration time: 1.25s
                           Time elapsed: 0:00:20
                                    ETA: 0:22:17

################################################################################
[1m                           Learning iteration 15/1000                           [0m 

                               Run name: height_tracking_g1
                            Total steps: 1572864 
                       Steps per second: 78987 
                        Collection time: 1.012s 
                          Learning time: 0.232s 
                        Mean value loss: 4.7452
                    Mean surrogate loss: -0.0109
                      Mean entropy loss: 39.8048
                     Mean symmetry loss: 0.0011
                   Mean l2c2_actor loss: 0.0033
                  Mean l2c2_critic loss: 0.0257
                            Mean reward: -1052.15
                    Mean episode length: 363.17
                        Mean action std: 0.95
                    Entropy coefficient: 0.002500
        Episode_Reward/base_height_fine: 2.6430
           Episode_Reward/ankle_torques: -0.1705
            Episode_Reward/joint_acc_l2: 0.0000
             Episode_Reward/action_rate: -26.3319
           Episode_Reward/feet_yaw_mean: -0.5254
           Episode_Reward/feet_distance: -0.2527
             Episode_Reward/ground_slam: -3.3763
         Curriculum/polish_joint_vel_l2: -0.0010
              Episode_Reward/feet_slide: -0.6550
       Episode_Reward/base_height_rough: 1.0964
           Episode_Reward/forward_pitch: -0.6645
        Episode_Reward/joint_pos_limits: -0.0079
     Episode_Reward/completely_airborne: -2.3005
              Curriculum/terrain_levels: 0.0000
              Episode_Reward/torso_roll: -1.0040
      Episode_Reward/joint_deviation_l1: -0.6434
           Episode_Termination/time_out: 0.4950
      Episode_Reward/base_height_medium: 1.6665
    Episode_Reward/joint_tracking_error: -2.2925
        Curriculum/random_fallen_states: 0.0000
            Metrics/height/height_error: nan
           Curriculum/polish_torso_slam: -5.0000
               Curriculum/adaptive_lift: 0.9995
        Episode_Reward/joint_vel_limits: -0.0019
              Episode_Reward/torso_slam: -4.5783
  Episode_Reward/feet_distance_standing: -0.2327
     Curriculum/polish_action_rate_rate: -0.1500
            Episode_Reward/joint_vel_l2: -1.0437
         Episode_Reward/ground_unloaded: -0.4183
           Episode_Reward/body_velocity: -9.0433
          Curriculum/polish_ground_slam: -1.0000
         Episode_Reward/severely_tilted: -0.0381
 Episode_Reward/joint_deviation_l1_arms: -0.4097
               Episode_Reward/flat_feet: -1.1461
           Curriculum/polish_not_moving: -1.0000
              Episode_Reward/relaxation: -4.4415
        Episode_Reward/joint_torques_l2: -0.6029
           Episode_Reward/torso_upright: -0.0349
      Episode_Termination/invalid_state: 0.0233
        Episode_Reward/illegal_contacts: -0.1536
        Episode_Reward/action_rate_rate: -11.7852
              Episode_Reward/not_moving: -2.2339
           Episode_Reward/torque_limits: -0.7324
--------------------------------------------------------------------------------
                         Iteration time: 1.24s
                           Time elapsed: 0:00:21
                                    ETA: 0:22:09

################################################################################
[1m                           Learning iteration 16/1000                           [0m 

                               Run name: height_tracking_g1
                            Total steps: 1671168 
                       Steps per second: 78772 
                        Collection time: 1.016s 
                          Learning time: 0.232s 
                        Mean value loss: 4.3473
                    Mean surrogate loss: -0.0098
                      Mean entropy loss: 39.7291
                     Mean symmetry loss: 0.0013
                   Mean l2c2_actor loss: 0.0034
                  Mean l2c2_critic loss: 0.0244
                            Mean reward: -1136.47
                    Mean episode length: 386.68
                        Mean action std: 0.95
                    Entropy coefficient: 0.002500
        Episode_Reward/base_height_fine: 2.7013
           Episode_Reward/ankle_torques: -0.1829
            Episode_Reward/joint_acc_l2: 0.0000
             Episode_Reward/action_rate: -28.2212
           Episode_Reward/feet_yaw_mean: -0.6427
           Episode_Reward/feet_distance: -0.2881
             Episode_Reward/ground_slam: -3.6025
         Curriculum/polish_joint_vel_l2: -0.0010
              Episode_Reward/feet_slide: -0.7022
       Episode_Reward/base_height_rough: 1.1322
           Episode_Reward/forward_pitch: -0.7318
        Episode_Reward/joint_pos_limits: -0.0086
     Episode_Reward/completely_airborne: -2.4418
              Curriculum/terrain_levels: 0.0000
              Episode_Reward/torso_roll: -1.1050
      Episode_Reward/joint_deviation_l1: -0.7391
           Episode_Termination/time_out: 0.5242
      Episode_Reward/base_height_medium: 1.6981
    Episode_Reward/joint_tracking_error: -2.4791
        Curriculum/random_fallen_states: 0.0000
            Metrics/height/height_error: nan
           Curriculum/polish_torso_slam: -5.0000
               Curriculum/adaptive_lift: 0.9995
        Episode_Reward/joint_vel_limits: -0.0020
              Episode_Reward/torso_slam: -5.0377
  Episode_Reward/feet_distance_standing: -0.2851
     Curriculum/polish_action_rate_rate: -0.1500
            Episode_Reward/joint_vel_l2: -1.1063
         Episode_Reward/ground_unloaded: -0.4034
           Episode_Reward/body_velocity: -9.9346
          Curriculum/polish_ground_slam: -1.0000
         Episode_Reward/severely_tilted: -0.0477
 Episode_Reward/joint_deviation_l1_arms: -0.4685
               Episode_Reward/flat_feet: -1.2411
           Curriculum/polish_not_moving: -1.0000
              Episode_Reward/relaxation: -5.8135
        Episode_Reward/joint_torques_l2: -0.6569
           Episode_Reward/torso_upright: -0.0390
      Episode_Termination/invalid_state: 0.0246
        Episode_Reward/illegal_contacts: -0.1587
        Episode_Reward/action_rate_rate: -12.6221
              Episode_Reward/not_moving: -2.3301
           Episode_Reward/torque_limits: -0.7988
--------------------------------------------------------------------------------
                         Iteration time: 1.25s
                           Time elapsed: 0:00:22
                                    ETA: 0:22:01

################################################################################
[1m                           Learning iteration 17/1000                           [0m 

                               Run name: height_tracking_g1
                            Total steps: 1769472 
                       Steps per second: 77915 
                        Collection time: 1.028s 
                          Learning time: 0.233s 
                        Mean value loss: 4.0997
                    Mean surrogate loss: -0.0087
                      Mean entropy loss: 39.6196
                     Mean symmetry loss: 0.0013
                   Mean l2c2_actor loss: 0.0037
                  Mean l2c2_critic loss: 0.0263
                            Mean reward: -1209.03
                    Mean episode length: 403.02
                        Mean action std: 0.95
                    Entropy coefficient: 0.002500
        Episode_Reward/base_height_fine: 2.8871
           Episode_Reward/ankle_torques: -0.1819
            Episode_Reward/joint_acc_l2: 0.0000
             Episode_Reward/action_rate: -29.7290
           Episode_Reward/feet_yaw_mean: -0.6775
           Episode_Reward/feet_distance: -0.3103
             Episode_Reward/ground_slam: -3.9605
         Curriculum/polish_joint_vel_l2: -0.0010
              Episode_Reward/feet_slide: -0.7348
       Episode_Reward/base_height_rough: 1.1846
           Episode_Reward/forward_pitch: -0.7697
        Episode_Reward/joint_pos_limits: -0.0092
     Episode_Reward/completely_airborne: -2.6835
              Curriculum/terrain_levels: 0.0000
              Episode_Reward/torso_roll: -1.1799
      Episode_Reward/joint_deviation_l1: -0.7346
           Episode_Termination/time_out: 0.5509
      Episode_Reward/base_height_medium: 1.8056
    Episode_Reward/joint_tracking_error: -2.6468
        Curriculum/random_fallen_states: 0.0000
            Metrics/height/height_error: nan
           Curriculum/polish_torso_slam: -5.0000
               Curriculum/adaptive_lift: 0.9995
        Episode_Reward/joint_vel_limits: -0.0022
              Episode_Reward/torso_slam: -5.9406
  Episode_Reward/feet_distance_standing: -0.2915
     Curriculum/polish_action_rate_rate: -0.1500
            Episode_Reward/joint_vel_l2: -1.1798
         Episode_Reward/ground_unloaded: -0.4304
           Episode_Reward/body_velocity: -10.7038
          Curriculum/polish_ground_slam: -1.0000
         Episode_Reward/severely_tilted: -0.0533
 Episode_Reward/joint_deviation_l1_arms: -0.4863
               Episode_Reward/flat_feet: -1.2865
           Curriculum/polish_not_moving: -1.0000
              Episode_Reward/relaxation: -5.9977
        Episode_Reward/joint_torques_l2: -0.6875
           Episode_Reward/torso_upright: -0.0389
      Episode_Termination/invalid_state: 0.0267
        Episode_Reward/illegal_contacts: -0.1723
        Episode_Reward/action_rate_rate: -13.2971
              Episode_Reward/not_moving: -2.4436
           Episode_Reward/torque_limits: -0.8394
--------------------------------------------------------------------------------
                         Iteration time: 1.26s
                           Time elapsed: 0:00:24
                                    ETA: 0:21:55

################################################################################
[1m                           Learning iteration 18/1000                           [0m 

                               Run name: height_tracking_g1
                            Total steps: 1867776 
                       Steps per second: 78733 
                        Collection time: 1.015s 
                          Learning time: 0.233s 
                        Mean value loss: 4.0353
                    Mean surrogate loss: -0.0104
                      Mean entropy loss: 39.5662
                     Mean symmetry loss: 0.0013
                   Mean l2c2_actor loss: 0.0038
                  Mean l2c2_critic loss: 0.0287
                            Mean reward: -1270.90
                    Mean episode length: 434.93
                        Mean action std: 0.95
                    Entropy coefficient: 0.002500
        Episode_Reward/base_height_fine: 3.4417
           Episode_Reward/ankle_torques: -0.2148
            Episode_Reward/joint_acc_l2: 0.0000
             Episode_Reward/action_rate: -31.2432
           Episode_Reward/feet_yaw_mean: -0.6485
           Episode_Reward/feet_distance: -0.2992
             Episode_Reward/ground_slam: -4.1629
         Curriculum/polish_joint_vel_l2: -0.0010
              Episode_Reward/feet_slide: -0.8010
       Episode_Reward/base_height_rough: 1.3764
           Episode_Reward/forward_pitch: -0.8337
        Episode_Reward/joint_pos_limits: -0.0095
     Episode_Reward/completely_airborne: -2.6617
              Curriculum/terrain_levels: 0.0000
              Episode_Reward/torso_roll: -1.2101
      Episode_Reward/joint_deviation_l1: -0.8135
           Episode_Termination/time_out: 0.5806
      Episode_Reward/base_height_medium: 2.1383
    Episode_Reward/joint_tracking_error: -2.7699
        Curriculum/random_fallen_states: 0.0000
            Metrics/height/height_error: nan
           Curriculum/polish_torso_slam: -5.0000
               Curriculum/adaptive_lift: 0.9995
        Episode_Reward/joint_vel_limits: -0.0022
              Episode_Reward/torso_slam: -6.0069
  Episode_Reward/feet_distance_standing: -0.2800
     Curriculum/polish_action_rate_rate: -0.1500
            Episode_Reward/joint_vel_l2: -1.2403
         Episode_Reward/ground_unloaded: -0.5026
           Episode_Reward/body_velocity: -11.2008
          Curriculum/polish_ground_slam: -1.0000
         Episode_Reward/severely_tilted: -0.0465
 Episode_Reward/joint_deviation_l1_arms: -0.5204
               Episode_Reward/flat_feet: -1.3636
           Curriculum/polish_not_moving: -1.0000
              Episode_Reward/relaxation: -5.5582
        Episode_Reward/joint_torques_l2: -0.7435
           Episode_Reward/torso_upright: -0.0466
      Episode_Termination/invalid_state: 0.0282
        Episode_Reward/illegal_contacts: -0.1807
        Episode_Reward/action_rate_rate: -13.9706
              Episode_Reward/not_moving: -2.9235
           Episode_Reward/torque_limits: -0.8915
--------------------------------------------------------------------------------
                         Iteration time: 1.25s
                           Time elapsed: 0:00:25
                                    ETA: 0:21:49

################################################################################
[1m                           Learning iteration 19/1000                           [0m 

                               Run name: height_tracking_g1
                            Total steps: 1966080 
                       Steps per second: 78516 
                        Collection time: 1.019s 
                          Learning time: 0.233s 
                        Mean value loss: 3.9726
                    Mean surrogate loss: -0.0080
                      Mean entropy loss: 39.5156
                     Mean symmetry loss: 0.0014
                   Mean l2c2_actor loss: 0.0037
                  Mean l2c2_critic loss: 0.0304
                            Mean reward: -1335.24
                    Mean episode length: 458.90
                        Mean action std: 0.95
                    Entropy coefficient: 0.002500
        Episode_Reward/base_height_fine: 3.5717
           Episode_Reward/ankle_torques: -0.2024
            Episode_Reward/joint_acc_l2: 0.0000
             Episode_Reward/action_rate: -33.2368
           Episode_Reward/feet_yaw_mean: -0.7714
           Episode_Reward/feet_distance: -0.3378
             Episode_Reward/ground_slam: -4.3733
         Curriculum/polish_joint_vel_l2: -0.0010
              Episode_Reward/feet_slide: -0.8278
       Episode_Reward/base_height_rough: 1.4462
           Episode_Reward/forward_pitch: -0.8463
        Episode_Reward/joint_pos_limits: -0.0103
     Episode_Reward/completely_airborne: -2.9326
              Curriculum/terrain_levels: 0.0000
              Episode_Reward/torso_roll: -1.3191
      Episode_Reward/joint_deviation_l1: -0.8465
           Episode_Termination/time_out: 0.6067
      Episode_Reward/base_height_medium: 2.2244
    Episode_Reward/joint_tracking_error: -2.9403
        Curriculum/random_fallen_states: 0.0000
            Metrics/height/height_error: nan
           Curriculum/polish_torso_slam: -5.0000
               Curriculum/adaptive_lift: 0.9995
        Episode_Reward/joint_vel_limits: -0.0024
              Episode_Reward/torso_slam: -5.9842
  Episode_Reward/feet_distance_standing: -0.3207
     Curriculum/polish_action_rate_rate: -0.1500
            Episode_Reward/joint_vel_l2: -1.3277
         Episode_Reward/ground_unloaded: -0.5121
           Episode_Reward/body_velocity: -11.8300
          Curriculum/polish_ground_slam: -1.0000
         Episode_Reward/severely_tilted: -0.0551
 Episode_Reward/joint_deviation_l1_arms: -0.5342
               Episode_Reward/flat_feet: -1.4655
           Curriculum/polish_not_moving: -1.0000
              Episode_Reward/relaxation: -6.1776
        Episode_Reward/joint_torques_l2: -0.7615
           Episode_Reward/torso_upright: -0.0464
      Episode_Termination/invalid_state: 0.0290
        Episode_Reward/illegal_contacts: -0.1979
        Episode_Reward/action_rate_rate: -14.8628
              Episode_Reward/not_moving: -3.0651
           Episode_Reward/torque_limits: -0.9434
--------------------------------------------------------------------------------
                         Iteration time: 1.25s
                           Time elapsed: 0:00:26
                                    ETA: 0:21:44

################################################################################
[1m                           Learning iteration 20/1000                           [0m 

                               Run name: height_tracking_g1
                            Total steps: 2064384 
                       Steps per second: 78791 
                        Collection time: 1.015s 
                          Learning time: 0.233s 
                        Mean value loss: 3.9035
                    Mean surrogate loss: -0.0096
                      Mean entropy loss: 39.4658
                     Mean symmetry loss: 0.0014
                   Mean l2c2_actor loss: 0.0039
                  Mean l2c2_critic loss: 0.0291
                            Mean reward: -1396.18
                    Mean episode length: 488.54
                        Mean action std: 0.94
                    Entropy coefficient: 0.002500
        Episode_Reward/base_height_fine: 3.9650
           Episode_Reward/ankle_torques: -0.2393
            Episode_Reward/joint_acc_l2: 0.0000
             Episode_Reward/action_rate: -35.0036
           Episode_Reward/feet_yaw_mean: -0.7223
           Episode_Reward/feet_distance: -0.3423
             Episode_Reward/ground_slam: -4.3373
         Curriculum/polish_joint_vel_l2: -0.0010
              Episode_Reward/feet_slide: -0.8755
       Episode_Reward/base_height_rough: 1.5466
           Episode_Reward/forward_pitch: -0.8690
        Episode_Reward/joint_pos_limits: -0.0106
     Episode_Reward/completely_airborne: -2.8630
              Curriculum/terrain_levels: 0.0000
              Episode_Reward/torso_roll: -1.3628
      Episode_Reward/joint_deviation_l1: -0.9621
           Episode_Termination/time_out: 0.6348
      Episode_Reward/base_height_medium: 2.4236
    Episode_Reward/joint_tracking_error: -3.0444
        Curriculum/random_fallen_states: 0.0000
            Metrics/height/height_error: nan
           Curriculum/polish_torso_slam: -5.0000
               Curriculum/adaptive_lift: 0.9995
        Episode_Reward/joint_vel_limits: -0.0024
              Episode_Reward/torso_slam: -6.1705
  Episode_Reward/feet_distance_standing: -0.3409
     Curriculum/polish_action_rate_rate: -0.1500
            Episode_Reward/joint_vel_l2: -1.3832
         Episode_Reward/ground_unloaded: -0.5599
           Episode_Reward/body_velocity: -12.0445
          Curriculum/polish_ground_slam: -1.0000
         Episode_Reward/severely_tilted: -0.0523
 Episode_Reward/joint_deviation_l1_arms: -0.5932
               Episode_Reward/flat_feet: -1.5235
           Curriculum/polish_not_moving: -1.0000
              Episode_Reward/relaxation: -6.1761
        Episode_Reward/joint_torques_l2: -0.8077
           Episode_Reward/torso_upright: -0.0652
      Episode_Termination/invalid_state: 0.0299
        Episode_Reward/illegal_contacts: -0.2022
        Episode_Reward/action_rate_rate: -15.6426
              Episode_Reward/not_moving: -3.4251
           Episode_Reward/torque_limits: -0.9659
--------------------------------------------------------------------------------
                         Iteration time: 1.25s
                           Time elapsed: 0:00:27
                                    ETA: 0:21:39

################################################################################
[1m                           Learning iteration 21/1000                           [0m 

                               Run name: height_tracking_g1
                            Total steps: 2162688 
                       Steps per second: 78936 
                        Collection time: 1.013s 
                          Learning time: 0.232s 
                        Mean value loss: 3.7471
                    Mean surrogate loss: -0.0088
                      Mean entropy loss: 39.4004
                     Mean symmetry loss: 0.0016
                   Mean l2c2_actor loss: 0.0039
                  Mean l2c2_critic loss: 0.0270
                            Mean reward: -1492.87
                    Mean episode length: 510.11
                        Mean action std: 0.94
                    Entropy coefficient: 0.002500
        Episode_Reward/base_height_fine: 3.6737
           Episode_Reward/ankle_torques: -0.2326
            Episode_Reward/joint_acc_l2: 0.0000
             Episode_Reward/action_rate: -36.6236
           Episode_Reward/feet_yaw_mean: -0.7909
           Episode_Reward/feet_distance: -0.3747
             Episode_Reward/ground_slam: -4.8296
         Curriculum/polish_joint_vel_l2: -0.0010
              Episode_Reward/feet_slide: -0.9369
       Episode_Reward/base_height_rough: 1.4738
           Episode_Reward/forward_pitch: -1.0210
        Episode_Reward/joint_pos_limits: -0.0112
     Episode_Reward/completely_airborne: -3.2534
              Curriculum/terrain_levels: 0.0000
              Episode_Reward/torso_roll: -1.4533
      Episode_Reward/joint_deviation_l1: -0.9644
           Episode_Termination/time_out: 0.6653
      Episode_Reward/base_height_medium: 2.2654
    Episode_Reward/joint_tracking_error: -3.1878
        Curriculum/random_fallen_states: 0.0000
            Metrics/height/height_error: nan
           Curriculum/polish_torso_slam: -5.0000
               Curriculum/adaptive_lift: 0.9995
        Episode_Reward/joint_vel_limits: -0.0026
              Episode_Reward/torso_slam: -6.5662
  Episode_Reward/feet_distance_standing: -0.3691
     Curriculum/polish_action_rate_rate: -0.1500
            Episode_Reward/joint_vel_l2: -1.4488
         Episode_Reward/ground_unloaded: -0.5296
           Episode_Reward/body_velocity: -12.8144
          Curriculum/polish_ground_slam: -1.0000
         Episode_Reward/severely_tilted: -0.0623
 Episode_Reward/joint_deviation_l1_arms: -0.6017
               Episode_Reward/flat_feet: -1.6274
           Curriculum/polish_not_moving: -1.0000
              Episode_Reward/relaxation: -7.6696
        Episode_Reward/joint_torques_l2: -0.8332
           Episode_Reward/torso_upright: -0.0540
      Episode_Termination/invalid_state: 0.0312
        Episode_Reward/illegal_contacts: -0.2233
        Episode_Reward/action_rate_rate: -16.3673
              Episode_Reward/not_moving: -3.1676
           Episode_Reward/torque_limits: -1.0147
--------------------------------------------------------------------------------
                         Iteration time: 1.25s
                           Time elapsed: 0:00:29
                                    ETA: 0:21:34

################################################################################
[1m                           Learning iteration 22/1000                           [0m 

                               Run name: height_tracking_g1
                            Total steps: 2260992 
                       Steps per second: 78972 
                        Collection time: 1.012s 
                          Learning time: 0.233s 
                        Mean value loss: 3.6949
                    Mean surrogate loss: -0.0095
                      Mean entropy loss: 39.3528
                     Mean symmetry loss: 0.0015
                   Mean l2c2_actor loss: 0.0041
                  Mean l2c2_critic loss: 0.0315
                            Mean reward: -1523.84
                    Mean episode length: 525.69
                        Mean action std: 0.94
                    Entropy coefficient: 0.002500
        Episode_Reward/base_height_fine: 4.3366
           Episode_Reward/ankle_torques: -0.2573
            Episode_Reward/joint_acc_l2: 0.0000
             Episode_Reward/action_rate: -38.0672
           Episode_Reward/feet_yaw_mean: -0.8475
           Episode_Reward/feet_distance: -0.4023
             Episode_Reward/ground_slam: -4.9170
         Curriculum/polish_joint_vel_l2: -0.0010
              Episode_Reward/feet_slide: -0.9551
       Episode_Reward/base_height_rough: 1.6913
           Episode_Reward/forward_pitch: -0.9621
        Episode_Reward/joint_pos_limits: -0.0117
     Episode_Reward/completely_airborne: -3.3012
              Curriculum/terrain_levels: 0.0000
              Episode_Reward/torso_roll: -1.4717
      Episode_Reward/joint_deviation_l1: -1.0712
           Episode_Termination/time_out: 0.6929
      Episode_Reward/base_height_medium: 2.6528
    Episode_Reward/joint_tracking_error: -3.3199
        Curriculum/random_fallen_states: 0.0000
            Metrics/height/height_error: nan
           Curriculum/polish_torso_slam: -5.0000
               Curriculum/adaptive_lift: 0.9995
        Episode_Reward/joint_vel_limits: -0.0027
              Episode_Reward/torso_slam: -6.9044
  Episode_Reward/feet_distance_standing: -0.3826
     Curriculum/polish_action_rate_rate: -0.1500
            Episode_Reward/joint_vel_l2: -1.4991
         Episode_Reward/ground_unloaded: -0.6153
           Episode_Reward/body_velocity: -13.0713
          Curriculum/polish_ground_slam: -1.0000
         Episode_Reward/severely_tilted: -0.0595
 Episode_Reward/joint_deviation_l1_arms: -0.6525
               Episode_Reward/flat_feet: -1.6640
           Curriculum/polish_not_moving: -1.0000
              Episode_Reward/relaxation: -6.7702
        Episode_Reward/joint_torques_l2: -0.9000
           Episode_Reward/torso_upright: -0.0691
      Episode_Termination/invalid_state: 0.0324
        Episode_Reward/illegal_contacts: -0.2186
        Episode_Reward/action_rate_rate: -17.0086
              Episode_Reward/not_moving: -3.7201
           Episode_Reward/torque_limits: -1.0753
--------------------------------------------------------------------------------
                         Iteration time: 1.24s
                           Time elapsed: 0:00:30
                                    ETA: 0:21:29

################################################################################
[1m                           Learning iteration 23/1000                           [0m 

                               Run name: height_tracking_g1
                            Total steps: 2359296 
                       Steps per second: 78517 
                        Collection time: 1.019s 
                          Learning time: 0.233s 
                        Mean value loss: 3.3967
                    Mean surrogate loss: -0.0091
                      Mean entropy loss: 39.2962
                     Mean symmetry loss: 0.0016
                   Mean l2c2_actor loss: 0.0043
                  Mean l2c2_critic loss: 0.0284
                            Mean reward: -1624.65
                    Mean episode length: 556.61
                        Mean action std: 0.94
                    Entropy coefficient: 0.002500
        Episode_Reward/base_height_fine: 4.2672
           Episode_Reward/ankle_torques: -0.2396
            Episode_Reward/joint_acc_l2: 0.0000
             Episode_Reward/action_rate: -39.8165
           Episode_Reward/feet_yaw_mean: -0.8821
           Episode_Reward/feet_distance: -0.4127
             Episode_Reward/ground_slam: -5.3836
         Curriculum/polish_joint_vel_l2: -0.0010
              Episode_Reward/feet_slide: -1.0065
       Episode_Reward/base_height_rough: 1.7002
           Episode_Reward/forward_pitch: -1.0591
        Episode_Reward/joint_pos_limits: -0.0124
     Episode_Reward/completely_airborne: -3.8099
              Curriculum/terrain_levels: 0.0000
              Episode_Reward/torso_roll: -1.5867
      Episode_Reward/joint_deviation_l1: -1.0141
           Episode_Termination/time_out: 0.7257
      Episode_Reward/base_height_medium: 2.6400
    Episode_Reward/joint_tracking_error: -3.5214
        Curriculum/random_fallen_states: 0.0000
            Metrics/height/height_error: nan
           Curriculum/polish_torso_slam: -5.0000
               Curriculum/adaptive_lift: 0.9995
        Episode_Reward/joint_vel_limits: -0.0029
              Episode_Reward/torso_slam: -7.7580
  Episode_Reward/feet_distance_standing: -0.3881
     Curriculum/polish_action_rate_rate: -0.1500
            Episode_Reward/joint_vel_l2: -1.5970
         Episode_Reward/ground_unloaded: -0.6318
           Episode_Reward/body_velocity: -14.4081
          Curriculum/polish_ground_slam: -1.0000
         Episode_Reward/severely_tilted: -0.0737
 Episode_Reward/joint_deviation_l1_arms: -0.6488
               Episode_Reward/flat_feet: -1.7848
           Curriculum/polish_not_moving: -1.0000
              Episode_Reward/relaxation: -7.3983
        Episode_Reward/joint_torques_l2: -0.9192
           Episode_Reward/torso_upright: -0.0583
      Episode_Termination/invalid_state: 0.0334
        Episode_Reward/illegal_contacts: -0.2383
        Episode_Reward/action_rate_rate: -17.7830
              Episode_Reward/not_moving: -3.6270
           Episode_Reward/torque_limits: -1.1348
--------------------------------------------------------------------------------
                         Iteration time: 1.25s
                           Time elapsed: 0:00:31
                                    ETA: 0:21:25

################################################################################
[1m                           Learning iteration 24/1000                           [0m 

                               Run name: height_tracking_g1
                            Total steps: 2457600 
                       Steps per second: 78788 
                        Collection time: 1.013s 
                          Learning time: 0.235s 
                        Mean value loss: 3.2668
                    Mean surrogate loss: -0.0082
                      Mean entropy loss: 39.2233
                     Mean symmetry loss: 0.0016
                   Mean l2c2_actor loss: 0.0043
                  Mean l2c2_critic loss: 0.0242
                            Mean reward: -1636.20
                    Mean episode length: 581.97
                        Mean action std: 0.94
                    Entropy coefficient: 0.002500
        Episode_Reward/base_height_fine: 4.6163
           Episode_Reward/ankle_torques: -0.2433
            Episode_Reward/joint_acc_l2: 0.0000
             Episode_Reward/action_rate: -41.4330
           Episode_Reward/feet_yaw_mean: -0.9083
           Episode_Reward/feet_distance: -0.4486
             Episode_Reward/ground_slam: -5.2809
         Curriculum/polish_joint_vel_l2: -0.0010
              Episode_Reward/feet_slide: -1.0379
       Episode_Reward/base_height_rough: 1.7844
           Episode_Reward/forward_pitch: -1.1032
        Episode_Reward/joint_pos_limits: -0.0128
     Episode_Reward/completely_airborne: -3.6750
              Curriculum/terrain_levels: 0.0000
              Episode_Reward/torso_roll: -1.6333
      Episode_Reward/joint_deviation_l1: -1.0690
           Episode_Termination/time_out: 0.7552
      Episode_Reward/base_height_medium: 2.8140
    Episode_Reward/joint_tracking_error: -3.6096
        Curriculum/random_fallen_states: 0.0000
            Metrics/height/height_error: nan
           Curriculum/polish_torso_slam: -5.0000
               Curriculum/adaptive_lift: 0.9995
        Episode_Reward/joint_vel_limits: -0.0029
              Episode_Reward/torso_slam: -7.2312
  Episode_Reward/feet_distance_standing: -0.4266
     Curriculum/polish_action_rate_rate: -0.1500
            Episode_Reward/joint_vel_l2: -1.6357
         Episode_Reward/ground_unloaded: -0.6459
           Episode_Reward/body_velocity: -14.2710
          Curriculum/polish_ground_slam: -1.0000
         Episode_Reward/severely_tilted: -0.0673
 Episode_Reward/joint_deviation_l1_arms: -0.6723
               Episode_Reward/flat_feet: -1.8454
           Curriculum/polish_not_moving: -1.0000
              Episode_Reward/relaxation: -8.0798
        Episode_Reward/joint_torques_l2: -0.9497
           Episode_Reward/torso_upright: -0.0650
      Episode_Termination/invalid_state: 0.0347
        Episode_Reward/illegal_contacts: -0.2447
        Episode_Reward/action_rate_rate: -18.5112
              Episode_Reward/not_moving: -3.9472
           Episode_Reward/torque_limits: -1.1511
--------------------------------------------------------------------------------
                         Iteration time: 1.25s
                           Time elapsed: 0:00:32
                                    ETA: 0:21:21

################################################################################
[1m                           Learning iteration 25/1000                           [0m 

                               Run name: height_tracking_g1
                            Total steps: 2555904 
                       Steps per second: 78826 
                        Collection time: 1.015s 
                          Learning time: 0.233s 
                        Mean value loss: 3.0354
                    Mean surrogate loss: -0.0079
                      Mean entropy loss: 39.1840
                     Mean symmetry loss: 0.0017
                   Mean l2c2_actor loss: 0.0043
                  Mean l2c2_critic loss: 0.0222
                            Mean reward: -1691.17
                    Mean episode length: 597.99
                        Mean action std: 0.94
                    Entropy coefficient: 0.002500
        Episode_Reward/base_height_fine: 5.0172
           Episode_Reward/ankle_torques: -0.2667
            Episode_Reward/joint_acc_l2: 0.0000
             Episode_Reward/action_rate: -42.4990
           Episode_Reward/feet_yaw_mean: -0.8449
           Episode_Reward/feet_distance: -0.4261
             Episode_Reward/ground_slam: -5.3160
         Curriculum/polish_joint_vel_l2: -0.0010
              Episode_Reward/feet_slide: -1.0768
       Episode_Reward/base_height_rough: 1.8857
           Episode_Reward/forward_pitch: -1.0936
        Episode_Reward/joint_pos_limits: -0.0128
     Episode_Reward/completely_airborne: -3.6533
              Curriculum/terrain_levels: 0.0000
              Episode_Reward/torso_roll: -1.6598
      Episode_Reward/joint_deviation_l1: -1.1645
           Episode_Termination/time_out: 0.7854
      Episode_Reward/base_height_medium: 3.0146
    Episode_Reward/joint_tracking_error: -3.6522
        Curriculum/random_fallen_states: 0.0000
            Metrics/height/height_error: nan
           Curriculum/polish_torso_slam: -5.0000
               Curriculum/adaptive_lift: 0.9995
        Episode_Reward/joint_vel_limits: -0.0029
              Episode_Reward/torso_slam: -7.4718
  Episode_Reward/feet_distance_standing: -0.4060
     Curriculum/polish_action_rate_rate: -0.1500
            Episode_Reward/joint_vel_l2: -1.6717
         Episode_Reward/ground_unloaded: -0.6763
           Episode_Reward/body_velocity: -14.2824
          Curriculum/polish_ground_slam: -1.0000
         Episode_Reward/severely_tilted: -0.0609
 Episode_Reward/joint_deviation_l1_arms: -0.7085
               Episode_Reward/flat_feet: -1.8656
           Curriculum/polish_not_moving: -1.0000
              Episode_Reward/relaxation: -7.8230
        Episode_Reward/joint_torques_l2: -0.9610
           Episode_Reward/torso_upright: -0.0754
      Episode_Termination/invalid_state: 0.0354
        Episode_Reward/illegal_contacts: -0.2464
        Episode_Reward/action_rate_rate: -18.9889
              Episode_Reward/not_moving: -4.3036
           Episode_Reward/torque_limits: -1.1854
--------------------------------------------------------------------------------
                         Iteration time: 1.25s
                           Time elapsed: 0:00:34
                                    ETA: 0:21:17

################################################################################
[1m                           Learning iteration 26/1000                           [0m 

                               Run name: height_tracking_g1
                            Total steps: 2654208 
                       Steps per second: 78833 
                        Collection time: 1.014s 
                          Learning time: 0.233s 
                        Mean value loss: 3.1115
                    Mean surrogate loss: -0.0080
                      Mean entropy loss: 39.1352
                     Mean symmetry loss: 0.0016
                   Mean l2c2_actor loss: 0.0043
                  Mean l2c2_critic loss: 0.0223
                            Mean reward: -1793.62
                    Mean episode length: 634.70
                        Mean action std: 0.93
                    Entropy coefficient: 0.002500
        Episode_Reward/base_height_fine: 5.0803
           Episode_Reward/ankle_torques: -0.3004
            Episode_Reward/joint_acc_l2: 0.0000
             Episode_Reward/action_rate: -44.7063
           Episode_Reward/feet_yaw_mean: -0.8583
           Episode_Reward/feet_distance: -0.4434
             Episode_Reward/ground_slam: -5.4274
         Curriculum/polish_joint_vel_l2: -0.0010
              Episode_Reward/feet_slide: -1.1543
       Episode_Reward/base_height_rough: 1.9264
           Episode_Reward/forward_pitch: -1.2131
        Episode_Reward/joint_pos_limits: -0.0132
     Episode_Reward/completely_airborne: -3.2681
              Curriculum/terrain_levels: 0.0000
              Episode_Reward/torso_roll: -1.7652
      Episode_Reward/joint_deviation_l1: -1.1282
           Episode_Termination/time_out: 0.8146
      Episode_Reward/base_height_medium: 3.0555
    Episode_Reward/joint_tracking_error: -3.7621
        Curriculum/random_fallen_states: 0.0000
            Metrics/height/height_error: nan
           Curriculum/polish_torso_slam: -5.0000
               Curriculum/adaptive_lift: 0.9995
        Episode_Reward/joint_vel_limits: -0.0028
              Episode_Reward/torso_slam: -7.3871
  Episode_Reward/feet_distance_standing: -0.4091
     Curriculum/polish_action_rate_rate: -0.1500
            Episode_Reward/joint_vel_l2: -1.7116
         Episode_Reward/ground_unloaded: -0.6480
           Episode_Reward/body_velocity: -14.0356
          Curriculum/polish_ground_slam: -1.0000
         Episode_Reward/severely_tilted: -0.0644
 Episode_Reward/joint_deviation_l1_arms: -0.6980
               Episode_Reward/flat_feet: -2.0026
           Curriculum/polish_not_moving: -1.0000
              Episode_Reward/relaxation: -9.0233
        Episode_Reward/joint_torques_l2: -0.9917
           Episode_Reward/torso_upright: -0.0836
      Episode_Termination/invalid_state: 0.0363
        Episode_Reward/illegal_contacts: -0.2652
        Episode_Reward/action_rate_rate: -19.9679
              Episode_Reward/not_moving: -4.3234
           Episode_Reward/torque_limits: -1.1829
--------------------------------------------------------------------------------
                         Iteration time: 1.25s
                           Time elapsed: 0:00:35
                                    ETA: 0:21:13

################################################################################
[1m                           Learning iteration 27/1000                           [0m 

                               Run name: height_tracking_g1
                            Total steps: 2752512 
                       Steps per second: 78897 
                        Collection time: 1.013s 
                          Learning time: 0.233s 
                        Mean value loss: 3.0690
                    Mean surrogate loss: -0.0082
                      Mean entropy loss: 39.1120
                     Mean symmetry loss: 0.0018
                   Mean l2c2_actor loss: 0.0044
                  Mean l2c2_critic loss: 0.0244
                            Mean reward: -1839.52
                    Mean episode length: 652.78
                        Mean action std: 0.93
                    Entropy coefficient: 0.002500
        Episode_Reward/base_height_fine: 5.0392
           Episode_Reward/ankle_torques: -0.2926
            Episode_Reward/joint_acc_l2: 0.0000
             Episode_Reward/action_rate: -45.2786
           Episode_Reward/feet_yaw_mean: -1.0406
           Episode_Reward/feet_distance: -0.4768
             Episode_Reward/ground_slam: -5.8554
         Curriculum/polish_joint_vel_l2: -0.0010
              Episode_Reward/feet_slide: -1.1572
       Episode_Reward/base_height_rough: 1.9861
           Episode_Reward/forward_pitch: -1.2614
        Episode_Reward/joint_pos_limits: -0.0140
     Episode_Reward/completely_airborne: -3.8603
              Curriculum/terrain_levels: 0.0000
              Episode_Reward/torso_roll: -1.7877
      Episode_Reward/joint_deviation_l1: -1.2075
           Episode_Termination/time_out: 0.8488
      Episode_Reward/base_height_medium: 3.0999
    Episode_Reward/joint_tracking_error: -3.9558
        Curriculum/random_fallen_states: 0.0000
            Metrics/height/height_error: nan
           Curriculum/polish_torso_slam: -5.0000
               Curriculum/adaptive_lift: 0.9995
        Episode_Reward/joint_vel_limits: -0.0031
              Episode_Reward/torso_slam: -8.3147
  Episode_Reward/feet_distance_standing: -0.4336
     Curriculum/polish_action_rate_rate: -0.1500
            Episode_Reward/joint_vel_l2: -1.7920
         Episode_Reward/ground_unloaded: -0.7167
           Episode_Reward/body_velocity: -15.8647
          Curriculum/polish_ground_slam: -1.0000
         Episode_Reward/severely_tilted: -0.0800
 Episode_Reward/joint_deviation_l1_arms: -0.7502
               Episode_Reward/flat_feet: -2.0265
           Curriculum/polish_not_moving: -1.0000
              Episode_Reward/relaxation: -8.6048
        Episode_Reward/joint_torques_l2: -1.0604
           Episode_Reward/torso_upright: -0.0737
      Episode_Termination/invalid_state: 0.0371
        Episode_Reward/illegal_contacts: -0.2723
        Episode_Reward/action_rate_rate: -20.2160
              Episode_Reward/not_moving: -4.2427
           Episode_Reward/torque_limits: -1.2765
--------------------------------------------------------------------------------
                         Iteration time: 1.25s
                           Time elapsed: 0:00:36
                                    ETA: 0:21:10

################################################################################
[1m                           Learning iteration 28/1000                           [0m 

                               Run name: height_tracking_g1
                            Total steps: 2850816 
                       Steps per second: 78419 
                        Collection time: 1.021s 
                          Learning time: 0.233s 
                        Mean value loss: 3.0051
                    Mean surrogate loss: -0.0083
                      Mean entropy loss: 39.0637
                     Mean symmetry loss: 0.0016
                   Mean l2c2_actor loss: 0.0045
                  Mean l2c2_critic loss: 0.0281
                            Mean reward: -1912.40
                    Mean episode length: 681.75
                        Mean action std: 0.93
                    Entropy coefficient: 0.002500
        Episode_Reward/base_height_fine: 5.2662
           Episode_Reward/ankle_torques: -0.3330
            Episode_Reward/joint_acc_l2: 0.0000
             Episode_Reward/action_rate: -48.0157
           Episode_Reward/feet_yaw_mean: -0.9282
           Episode_Reward/feet_distance: -0.4657
             Episode_Reward/ground_slam: -5.9865
         Curriculum/polish_joint_vel_l2: -0.0010
              Episode_Reward/feet_slide: -1.2404
       Episode_Reward/base_height_rough: 2.0493
           Episode_Reward/forward_pitch: -1.3411
        Episode_Reward/joint_pos_limits: -0.0149
     Episode_Reward/completely_airborne: -3.7181
              Curriculum/terrain_levels: 0.0000
              Episode_Reward/torso_roll: -1.9191
      Episode_Reward/joint_deviation_l1: -1.2500
           Episode_Termination/time_out: 0.8807
      Episode_Reward/base_height_medium: 3.2033
    Episode_Reward/joint_tracking_error: -4.2257
        Curriculum/random_fallen_states: 0.0000
            Metrics/height/height_error: nan
           Curriculum/polish_torso_slam: -5.0000
               Curriculum/adaptive_lift: 0.9995
        Episode_Reward/joint_vel_limits: -0.0033
              Episode_Reward/torso_slam: -8.1523
  Episode_Reward/feet_distance_standing: -0.4243
     Curriculum/polish_action_rate_rate: -0.1500
            Episode_Reward/joint_vel_l2: -1.9088
         Episode_Reward/ground_unloaded: -0.7341
           Episode_Reward/body_velocity: -16.4188
          Curriculum/polish_ground_slam: -1.0000
         Episode_Reward/severely_tilted: -0.0715
 Episode_Reward/joint_deviation_l1_arms: -0.7954
               Episode_Reward/flat_feet: -2.1499
           Curriculum/polish_not_moving: -1.0000
              Episode_Reward/relaxation: -9.6408
        Episode_Reward/joint_torques_l2: -1.1480
           Episode_Reward/torso_upright: -0.0743
      Episode_Termination/invalid_state: 0.0380
        Episode_Reward/illegal_contacts: -0.2967
        Episode_Reward/action_rate_rate: -21.4244
              Episode_Reward/not_moving: -4.5436
           Episode_Reward/torque_limits: -1.3458
--------------------------------------------------------------------------------
                         Iteration time: 1.25s
                           Time elapsed: 0:00:37
                                    ETA: 0:21:07

################################################################################
[1m                           Learning iteration 29/1000                           [0m 

                               Run name: height_tracking_g1
                            Total steps: 2949120 
                       Steps per second: 78680 
                        Collection time: 1.017s 
                          Learning time: 0.233s 
                        Mean value loss: 2.8132
                    Mean surrogate loss: -0.0079
                      Mean entropy loss: 39.0097
                     Mean symmetry loss: 0.0018
                   Mean l2c2_actor loss: 0.0045
                  Mean l2c2_critic loss: 0.0297
                            Mean reward: -2005.49
                    Mean episode length: 698.90
                        Mean action std: 0.93
                    Entropy coefficient: 0.002500
        Episode_Reward/base_height_fine: 5.2646
           Episode_Reward/ankle_torques: -0.3325
            Episode_Reward/joint_acc_l2: 0.0000
             Episode_Reward/action_rate: -48.4993
           Episode_Reward/feet_yaw_mean: -1.0685
           Episode_Reward/feet_distance: -0.4968
             Episode_Reward/ground_slam: -6.5451
         Curriculum/polish_joint_vel_l2: -0.0010
              Episode_Reward/feet_slide: -1.2394
       Episode_Reward/base_height_rough: 2.0930
           Episode_Reward/forward_pitch: -1.3043
        Episode_Reward/joint_pos_limits: -0.0152
     Episode_Reward/completely_airborne: -4.3829
              Curriculum/terrain_levels: 0.0000
              Episode_Reward/torso_roll: -1.9162
      Episode_Reward/joint_deviation_l1: -1.3251
           Episode_Termination/time_out: 0.9071
      Episode_Reward/base_height_medium: 3.2354
    Episode_Reward/joint_tracking_error: -4.2031
        Curriculum/random_fallen_states: 0.0000
            Metrics/height/height_error: nan
           Curriculum/polish_torso_slam: -5.0000
               Curriculum/adaptive_lift: 0.9995
        Episode_Reward/joint_vel_limits: -0.0034
              Episode_Reward/torso_slam: -9.6519
  Episode_Reward/feet_distance_standing: -0.4908
     Curriculum/polish_action_rate_rate: -0.1500
            Episode_Reward/joint_vel_l2: -1.9252
         Episode_Reward/ground_unloaded: -0.7542
           Episode_Reward/body_velocity: -16.9589
          Curriculum/polish_ground_slam: -1.0000
         Episode_Reward/severely_tilted: -0.0737
 Episode_Reward/joint_deviation_l1_arms: -0.8267
               Episode_Reward/flat_feet: -2.1543
           Curriculum/polish_not_moving: -1.0000
              Episode_Reward/relaxation: -9.5529
        Episode_Reward/joint_torques_l2: -1.1225
           Episode_Reward/torso_upright: -0.0826
      Episode_Termination/invalid_state: 0.0387
        Episode_Reward/illegal_contacts: -0.2835
        Episode_Reward/action_rate_rate: -21.6468
              Episode_Reward/not_moving: -4.3908
           Episode_Reward/torque_limits: -1.3463
--------------------------------------------------------------------------------
                         Iteration time: 1.25s
                           Time elapsed: 0:00:39
                                    ETA: 0:21:04

################################################################################
[1m                           Learning iteration 30/1000                           [0m 

                               Run name: height_tracking_g1
                            Total steps: 3047424 
                       Steps per second: 78744 
                        Collection time: 1.016s 
                          Learning time: 0.232s 
                        Mean value loss: 2.8594
                    Mean surrogate loss: -0.0070
                      Mean entropy loss: 38.9605
                     Mean symmetry loss: 0.0019
                   Mean l2c2_actor loss: 0.0046
                  Mean l2c2_critic loss: 0.0321
                            Mean reward: -1986.58
                    Mean episode length: 704.54
                        Mean action std: 0.93
                    Entropy coefficient: 0.002500
        Episode_Reward/base_height_fine: 5.4034
           Episode_Reward/ankle_torques: -0.3199
            Episode_Reward/joint_acc_l2: 0.0000
             Episode_Reward/action_rate: -49.1901
           Episode_Reward/feet_yaw_mean: -1.0441
           Episode_Reward/feet_distance: -0.4704
             Episode_Reward/ground_slam: -6.5131
         Curriculum/polish_joint_vel_l2: -0.0010
              Episode_Reward/feet_slide: -1.2804
       Episode_Reward/base_height_rough: 2.1285
           Episode_Reward/forward_pitch: -1.3311
        Episode_Reward/joint_pos_limits: -0.0153
     Episode_Reward/completely_airborne: -4.1106
              Curriculum/terrain_levels: 0.0000
              Episode_Reward/torso_roll: -1.9942
      Episode_Reward/joint_deviation_l1: -1.2822
           Episode_Termination/time_out: 0.9410
      Episode_Reward/base_height_medium: 3.3085
    Episode_Reward/joint_tracking_error: -4.2781
        Curriculum/random_fallen_states: 0.0000
            Metrics/height/height_error: nan
           Curriculum/polish_torso_slam: -5.0000
               Curriculum/adaptive_lift: 0.9995
        Episode_Reward/joint_vel_limits: -0.0035
              Episode_Reward/torso_slam: -9.1580
  Episode_Reward/feet_distance_standing: -0.4591
     Curriculum/polish_action_rate_rate: -0.1500
            Episode_Reward/joint_vel_l2: -1.9695
         Episode_Reward/ground_unloaded: -0.7590
           Episode_Reward/body_velocity: -17.1764
          Curriculum/polish_ground_slam: -1.0000
         Episode_Reward/severely_tilted: -0.0723
 Episode_Reward/joint_deviation_l1_arms: -0.8199
               Episode_Reward/flat_feet: -2.2456
           Curriculum/polish_not_moving: -1.0000
              Episode_Reward/relaxation: -9.4437
        Episode_Reward/joint_torques_l2: -1.1056
           Episode_Reward/torso_upright: -0.0813
      Episode_Termination/invalid_state: 0.0400
        Episode_Reward/illegal_contacts: -0.3020
        Episode_Reward/action_rate_rate: -21.9418
              Episode_Reward/not_moving: -4.5864
           Episode_Reward/torque_limits: -1.3328
--------------------------------------------------------------------------------
                         Iteration time: 1.25s
                           Time elapsed: 0:00:40
                                    ETA: 0:21:01

################################################################################
[1m                           Learning iteration 31/1000                           [0m 

                               Run name: height_tracking_g1
                            Total steps: 3145728 
                       Steps per second: 78582 
                        Collection time: 1.018s 
                          Learning time: 0.233s 
                        Mean value loss: 2.6900
                    Mean surrogate loss: -0.0064
                      Mean entropy loss: 38.9036
                     Mean symmetry loss: 0.0019
                   Mean l2c2_actor loss: 0.0045
                  Mean l2c2_critic loss: 0.0282
                            Mean reward: -2000.49
                    Mean episode length: 712.02
                        Mean action std: 0.93
                    Entropy coefficient: 0.002500
        Episode_Reward/base_height_fine: 5.5129
           Episode_Reward/ankle_torques: -0.3325
            Episode_Reward/joint_acc_l2: 0.0000
             Episode_Reward/action_rate: -49.9936
           Episode_Reward/feet_yaw_mean: -1.0665
           Episode_Reward/feet_distance: -0.4557
             Episode_Reward/ground_slam: -6.4652
         Curriculum/polish_joint_vel_l2: -0.0010
              Episode_Reward/feet_slide: -1.2762
       Episode_Reward/base_height_rough: 2.1789
           Episode_Reward/forward_pitch: -1.3614
        Episode_Reward/joint_pos_limits: -0.0158
     Episode_Reward/completely_airborne: -4.4154
              Curriculum/terrain_levels: 0.0000
              Episode_Reward/torso_roll: -2.0567
      Episode_Reward/joint_deviation_l1: -1.2288
           Episode_Termination/time_out: 0.9572
      Episode_Reward/base_height_medium: 3.3842
    Episode_Reward/joint_tracking_error: -4.3589
        Curriculum/random_fallen_states: 0.0000
            Metrics/height/height_error: nan
           Curriculum/polish_torso_slam: -5.0000
               Curriculum/adaptive_lift: 0.9995
        Episode_Reward/joint_vel_limits: -0.0034
              Episode_Reward/torso_slam: -9.2017
  Episode_Reward/feet_distance_standing: -0.4094
     Curriculum/polish_action_rate_rate: -0.1500
            Episode_Reward/joint_vel_l2: -1.9675
         Episode_Reward/ground_unloaded: -0.7887
           Episode_Reward/body_velocity: -17.1153
          Curriculum/polish_ground_slam: -1.0000
         Episode_Reward/severely_tilted: -0.0765
 Episode_Reward/joint_deviation_l1_arms: -0.7810
               Episode_Reward/flat_feet: -2.3196
           Curriculum/polish_not_moving: -1.0000
              Episode_Reward/relaxation: -9.8202
        Episode_Reward/joint_torques_l2: -1.1645
           Episode_Reward/torso_upright: -0.0767
      Episode_Termination/invalid_state: 0.0421
        Episode_Reward/illegal_contacts: -0.3138
        Episode_Reward/action_rate_rate: -22.2979
              Episode_Reward/not_moving: -4.6541
           Episode_Reward/torque_limits: -1.3721
--------------------------------------------------------------------------------
                         Iteration time: 1.25s
                           Time elapsed: 0:00:41
                                    ETA: 0:20:58

################################################################################
[1m                           Learning iteration 32/1000                           [0m 

                               Run name: height_tracking_g1
                            Total steps: 3244032 
                       Steps per second: 79398 
                        Collection time: 1.005s 
                          Learning time: 0.233s 
                        Mean value loss: 2.6051
                    Mean surrogate loss: -0.0070
                      Mean entropy loss: 38.8736
                     Mean symmetry loss: 0.0018
                   Mean l2c2_actor loss: 0.0044
                  Mean l2c2_critic loss: 0.0272
                            Mean reward: -2027.63
                    Mean episode length: 728.26
                        Mean action std: 0.93
                    Entropy coefficient: 0.002500
        Episode_Reward/base_height_fine: 6.4491
           Episode_Reward/ankle_torques: -0.3323
            Episode_Reward/joint_acc_l2: 0.0000
             Episode_Reward/action_rate: -50.3154
           Episode_Reward/feet_yaw_mean: -1.0971
           Episode_Reward/feet_distance: -0.4561
             Episode_Reward/ground_slam: -6.4361
         Curriculum/polish_joint_vel_l2: -0.0010
              Episode_Reward/feet_slide: -1.2954
       Episode_Reward/base_height_rough: 2.3919
           Episode_Reward/forward_pitch: -1.3413
        Episode_Reward/joint_pos_limits: -0.0160
     Episode_Reward/completely_airborne: -4.3668
              Curriculum/terrain_levels: 0.0000
              Episode_Reward/torso_roll: -2.0075
      Episode_Reward/joint_deviation_l1: -1.4389
           Episode_Termination/time_out: 0.9565
      Episode_Reward/base_height_medium: 3.8585
    Episode_Reward/joint_tracking_error: -4.4130
        Curriculum/random_fallen_states: 0.0000
            Metrics/height/height_error: nan
           Curriculum/polish_torso_slam: -5.0000
               Curriculum/adaptive_lift: 0.9995
        Episode_Reward/joint_vel_limits: -0.0035
              Episode_Reward/torso_slam: -9.1982
  Episode_Reward/feet_distance_standing: -0.4521
     Curriculum/polish_action_rate_rate: -0.1500
            Episode_Reward/joint_vel_l2: -2.0108
         Episode_Reward/ground_unloaded: -0.8540
           Episode_Reward/body_velocity: -18.2056
          Curriculum/polish_ground_slam: -1.0000
         Episode_Reward/severely_tilted: -0.0791
 Episode_Reward/joint_deviation_l1_arms: -0.8788
               Episode_Reward/flat_feet: -2.2741
           Curriculum/polish_not_moving: -1.0000
              Episode_Reward/relaxation: -9.0629
        Episode_Reward/joint_torques_l2: -1.2106
           Episode_Reward/torso_upright: -0.0989
      Episode_Termination/invalid_state: 0.0435
        Episode_Reward/illegal_contacts: -0.2961
        Episode_Reward/action_rate_rate: -22.4482
              Episode_Reward/not_moving: -5.4703
           Episode_Reward/torque_limits: -1.4215
--------------------------------------------------------------------------------
                         Iteration time: 1.24s
                           Time elapsed: 0:00:42
                                    ETA: 0:20:55

################################################################################
[1m                           Learning iteration 33/1000                           [0m 

                               Run name: height_tracking_g1
                            Total steps: 3342336 
                       Steps per second: 78776 
                        Collection time: 1.015s 
                          Learning time: 0.233s 
                        Mean value loss: 2.4604
                    Mean surrogate loss: -0.0067
                      Mean entropy loss: 38.8284
                     Mean symmetry loss: 0.0020
                   Mean l2c2_actor loss: 0.0046
                  Mean l2c2_critic loss: 0.0254
                            Mean reward: -2076.27
                    Mean episode length: 731.71
                        Mean action std: 0.92
                    Entropy coefficient: 0.002500
        Episode_Reward/base_height_fine: 5.6059
           Episode_Reward/ankle_torques: -0.3386
            Episode_Reward/joint_acc_l2: 0.0000
             Episode_Reward/action_rate: -50.7655
           Episode_Reward/feet_yaw_mean: -1.1166
           Episode_Reward/feet_distance: -0.4844
             Episode_Reward/ground_slam: -6.8730
         Curriculum/polish_joint_vel_l2: -0.0010
              Episode_Reward/feet_slide: -1.3225
       Episode_Reward/base_height_rough: 2.2103
           Episode_Reward/forward_pitch: -1.4869
        Episode_Reward/joint_pos_limits: -0.0163
     Episode_Reward/completely_airborne: -4.5537
              Curriculum/terrain_levels: 0.0000
              Episode_Reward/torso_roll: -2.0635
      Episode_Reward/joint_deviation_l1: -1.3283
           Episode_Termination/time_out: 0.9575
      Episode_Reward/base_height_medium: 3.4419
    Episode_Reward/joint_tracking_error: -4.4199
        Curriculum/random_fallen_states: 0.0000
            Metrics/height/height_error: nan
           Curriculum/polish_torso_slam: -5.0000
               Curriculum/adaptive_lift: 0.9995
        Episode_Reward/joint_vel_limits: -0.0035
              Episode_Reward/torso_slam: -9.8936
  Episode_Reward/feet_distance_standing: -0.4462
     Curriculum/polish_action_rate_rate: -0.1500
            Episode_Reward/joint_vel_l2: -2.0207
         Episode_Reward/ground_unloaded: -0.8043
           Episode_Reward/body_velocity: -18.2297
          Curriculum/polish_ground_slam: -1.0000
         Episode_Reward/severely_tilted: -0.0991
 Episode_Reward/joint_deviation_l1_arms: -0.8324
               Episode_Reward/flat_feet: -2.3494
           Curriculum/polish_not_moving: -1.0000
              Episode_Reward/relaxation: -10.3216
        Episode_Reward/joint_torques_l2: -1.1930
           Episode_Reward/torso_upright: -0.0838
      Episode_Termination/invalid_state: 0.0425
        Episode_Reward/illegal_contacts: -0.3242
        Episode_Reward/action_rate_rate: -22.6385
              Episode_Reward/not_moving: -4.6915
           Episode_Reward/torque_limits: -1.4037
--------------------------------------------------------------------------------
                         Iteration time: 1.25s
                           Time elapsed: 0:00:44
                                    ETA: 0:20:52

################################################################################
[1m                           Learning iteration 34/1000                           [0m 

                               Run name: height_tracking_g1
                            Total steps: 3440640 
                       Steps per second: 78676 
                        Collection time: 1.017s 
                          Learning time: 0.233s 
                        Mean value loss: 2.4238
                    Mean surrogate loss: -0.0060
                      Mean entropy loss: 38.7836
                     Mean symmetry loss: 0.0020
                   Mean l2c2_actor loss: 0.0047
                  Mean l2c2_critic loss: 0.0262
                            Mean reward: -2062.85
                    Mean episode length: 736.93
                        Mean action std: 0.92
                    Entropy coefficient: 0.002500
        Episode_Reward/base_height_fine: 5.7986
           Episode_Reward/ankle_torques: -0.3311
            Episode_Reward/joint_acc_l2: 0.0000
             Episode_Reward/action_rate: -50.4125
           Episode_Reward/feet_yaw_mean: -1.1115
           Episode_Reward/feet_distance: -0.4648
             Episode_Reward/ground_slam: -6.8330
         Curriculum/polish_joint_vel_l2: -0.0010
              Episode_Reward/feet_slide: -1.2971
       Episode_Reward/base_height_rough: 2.2282
           Episode_Reward/forward_pitch: -1.4310
        Episode_Reward/joint_pos_limits: -0.0159
     Episode_Reward/completely_airborne: -4.5914
              Curriculum/terrain_levels: 0.0000
              Episode_Reward/torso_roll: -2.0843
      Episode_Reward/joint_deviation_l1: -1.3522
           Episode_Termination/time_out: 0.9584
      Episode_Reward/base_height_medium: 3.5063
    Episode_Reward/joint_tracking_error: -4.3808
        Curriculum/random_fallen_states: 0.0000
            Metrics/height/height_error: nan
           Curriculum/polish_torso_slam: -5.0000
               Curriculum/adaptive_lift: 0.9995
        Episode_Reward/joint_vel_limits: -0.0034
              Episode_Reward/torso_slam: -9.6319
  Episode_Reward/feet_distance_standing: -0.4369
     Curriculum/polish_action_rate_rate: -0.1500
            Episode_Reward/joint_vel_l2: -2.0166
         Episode_Reward/ground_unloaded: -0.7969
           Episode_Reward/body_velocity: -17.8944
          Curriculum/polish_ground_slam: -1.0000
         Episode_Reward/severely_tilted: -0.0895
 Episode_Reward/joint_deviation_l1_arms: -0.8320
               Episode_Reward/flat_feet: -2.3156
           Curriculum/polish_not_moving: -1.0000
              Episode_Reward/relaxation: -10.3160
        Episode_Reward/joint_torques_l2: -1.1998
           Episode_Reward/torso_upright: -0.0833
      Episode_Termination/invalid_state: 0.0416
        Episode_Reward/illegal_contacts: -0.3191
        Episode_Reward/action_rate_rate: -22.4687
              Episode_Reward/not_moving: -4.9289
           Episode_Reward/torque_limits: -1.3990
--------------------------------------------------------------------------------
                         Iteration time: 1.25s
                           Time elapsed: 0:00:45
                                    ETA: 0:20:49

################################################################################
[1m                           Learning iteration 35/1000                           [0m 

                               Run name: height_tracking_g1
                            Total steps: 3538944 
                       Steps per second: 78924 
                        Collection time: 1.013s 
                          Learning time: 0.233s 
                        Mean value loss: 2.3030
                    Mean surrogate loss: -0.0074
                      Mean entropy loss: 38.7373
                     Mean symmetry loss: 0.0019
                   Mean l2c2_actor loss: 0.0048
                  Mean l2c2_critic loss: 0.0246
                            Mean reward: -2003.61
                    Mean episode length: 730.61
                        Mean action std: 0.92
                    Entropy coefficient: 0.002500
        Episode_Reward/base_height_fine: 6.1403
           Episode_Reward/ankle_torques: -0.3464
            Episode_Reward/joint_acc_l2: 0.0000
             Episode_Reward/action_rate: -49.5368
           Episode_Reward/feet_yaw_mean: -1.1399
           Episode_Reward/feet_distance: -0.4741
             Episode_Reward/ground_slam: -6.7344
         Curriculum/polish_joint_vel_l2: -0.0010
              Episode_Reward/feet_slide: -1.3087
       Episode_Reward/base_height_rough: 2.3713
           Episode_Reward/forward_pitch: -1.3712
        Episode_Reward/joint_pos_limits: -0.0161
     Episode_Reward/completely_airborne: -4.2338
              Curriculum/terrain_levels: 0.0000
              Episode_Reward/torso_roll: -2.0318
      Episode_Reward/joint_deviation_l1: -1.2958
           Episode_Termination/time_out: 0.9588
      Episode_Reward/base_height_medium: 3.7532
    Episode_Reward/joint_tracking_error: -4.3550
        Curriculum/random_fallen_states: 0.0000
            Metrics/height/height_error: nan
           Curriculum/polish_torso_slam: -5.0000
               Curriculum/adaptive_lift: 0.9995
        Episode_Reward/joint_vel_limits: -0.0034
              Episode_Reward/torso_slam: -9.5228
  Episode_Reward/feet_distance_standing: -0.4279
     Curriculum/polish_action_rate_rate: -0.1500
            Episode_Reward/joint_vel_l2: -1.9870
         Episode_Reward/ground_unloaded: -0.8784
           Episode_Reward/body_velocity: -17.8313
          Curriculum/polish_ground_slam: -1.0000
         Episode_Reward/severely_tilted: -0.0823
 Episode_Reward/joint_deviation_l1_arms: -0.8107
               Episode_Reward/flat_feet: -2.3185
           Curriculum/polish_not_moving: -1.0000
              Episode_Reward/relaxation: -8.3371
        Episode_Reward/joint_torques_l2: -1.1661
           Episode_Reward/torso_upright: -0.0788
      Episode_Termination/invalid_state: 0.0412
        Episode_Reward/illegal_contacts: -0.3145
        Episode_Reward/action_rate_rate: -22.0678
              Episode_Reward/not_moving: -5.0912
           Episode_Reward/torque_limits: -1.3588
--------------------------------------------------------------------------------
                         Iteration time: 1.25s
                           Time elapsed: 0:00:46
                                    ETA: 0:20:47

################################################################################
[1m                           Learning iteration 36/1000                           [0m 

                               Run name: height_tracking_g1
                            Total steps: 3637248 
                       Steps per second: 78802 
                        Collection time: 1.015s 
                          Learning time: 0.233s 
                        Mean value loss: 2.2706
                    Mean surrogate loss: -0.0049
                      Mean entropy loss: 38.6857
                     Mean symmetry loss: 0.0021
                   Mean l2c2_actor loss: 0.0049
                  Mean l2c2_critic loss: 0.0227
                            Mean reward: -2039.79
                    Mean episode length: 733.14
                        Mean action std: 0.92
                    Entropy coefficient: 0.002500
        Episode_Reward/base_height_fine: 5.9942
           Episode_Reward/ankle_torques: -0.3253
            Episode_Reward/joint_acc_l2: 0.0000
             Episode_Reward/action_rate: -49.8396
           Episode_Reward/feet_yaw_mean: -1.1387
           Episode_Reward/feet_distance: -0.4799
             Episode_Reward/ground_slam: -6.9458
         Curriculum/polish_joint_vel_l2: -0.0010
              Episode_Reward/feet_slide: -1.3003
       Episode_Reward/base_height_rough: 2.3015
           Episode_Reward/forward_pitch: -1.3808
        Episode_Reward/joint_pos_limits: -0.0160
     Episode_Reward/completely_airborne: -4.7542
              Curriculum/terrain_levels: 0.0000
              Episode_Reward/torso_roll: -2.0423
      Episode_Reward/joint_deviation_l1: -1.3396
           Episode_Termination/time_out: 0.9596
      Episode_Reward/base_height_medium: 3.6411
    Episode_Reward/joint_tracking_error: -4.3289
        Curriculum/random_fallen_states: 0.0000
            Metrics/height/height_error: nan
           Curriculum/polish_torso_slam: -5.0000
               Curriculum/adaptive_lift: 0.9995
        Episode_Reward/joint_vel_limits: -0.0033
              Episode_Reward/torso_slam: -10.3589
  Episode_Reward/feet_distance_standing: -0.4662
     Curriculum/polish_action_rate_rate: -0.1500
            Episode_Reward/joint_vel_l2: -1.9881
         Episode_Reward/ground_unloaded: -0.8479
           Episode_Reward/body_velocity: -18.0857
          Curriculum/polish_ground_slam: -1.0000
         Episode_Reward/severely_tilted: -0.0966
 Episode_Reward/joint_deviation_l1_arms: -0.8273
               Episode_Reward/flat_feet: -2.3315
           Curriculum/polish_not_moving: -1.0000
              Episode_Reward/relaxation: -9.2272
        Episode_Reward/joint_torques_l2: -1.1669
           Episode_Reward/torso_upright: -0.0777
      Episode_Termination/invalid_state: 0.0404
        Episode_Reward/illegal_contacts: -0.3164
        Episode_Reward/action_rate_rate: -22.1947
              Episode_Reward/not_moving: -4.9384
           Episode_Reward/torque_limits: -1.3523
--------------------------------------------------------------------------------
                         Iteration time: 1.25s
                           Time elapsed: 0:00:47
                                    ETA: 0:20:44

################################################################################
[1m                           Learning iteration 37/1000                           [0m 

                               Run name: height_tracking_g1
                            Total steps: 3735552 
                       Steps per second: 79002 
                        Collection time: 1.012s 
                          Learning time: 0.232s 
                        Mean value loss: 2.3511
                    Mean surrogate loss: -0.0061
                      Mean entropy loss: 38.6285
                     Mean symmetry loss: 0.0021
                   Mean l2c2_actor loss: 0.0049
                  Mean l2c2_critic loss: 0.0270
                            Mean reward: -1927.17
                    Mean episode length: 711.88
                        Mean action std: 0.92
                    Entropy coefficient: 0.002500
        Episode_Reward/base_height_fine: 5.9249
           Episode_Reward/ankle_torques: -0.3196
            Episode_Reward/joint_acc_l2: 0.0000
             Episode_Reward/action_rate: -48.5021
           Episode_Reward/feet_yaw_mean: -1.0801
           Episode_Reward/feet_distance: -0.4292
             Episode_Reward/ground_slam: -6.3899
         Curriculum/polish_joint_vel_l2: -0.0010
              Episode_Reward/feet_slide: -1.2863
       Episode_Reward/base_height_rough: 2.2967
           Episode_Reward/forward_pitch: -1.3462
        Episode_Reward/joint_pos_limits: -0.0158
     Episode_Reward/completely_airborne: -4.3015
              Curriculum/terrain_levels: 0.0000
              Episode_Reward/torso_roll: -1.9853
      Episode_Reward/joint_deviation_l1: -1.3559
           Episode_Termination/time_out: 0.9600
      Episode_Reward/base_height_medium: 3.6157
    Episode_Reward/joint_tracking_error: -4.2592
        Curriculum/random_fallen_states: 0.0000
            Metrics/height/height_error: nan
           Curriculum/polish_torso_slam: -5.0000
               Curriculum/adaptive_lift: 0.9995
        Episode_Reward/joint_vel_limits: -0.0034
              Episode_Reward/torso_slam: -8.5801
  Episode_Reward/feet_distance_standing: -0.4162
     Curriculum/polish_action_rate_rate: -0.1500
            Episode_Reward/joint_vel_l2: -1.9746
         Episode_Reward/ground_unloaded: -0.8326
           Episode_Reward/body_velocity: -17.2882
          Curriculum/polish_ground_slam: -1.0000
         Episode_Reward/severely_tilted: -0.0866
 Episode_Reward/joint_deviation_l1_arms: -0.8263
               Episode_Reward/flat_feet: -2.2790
           Curriculum/polish_not_moving: -1.0000
              Episode_Reward/relaxation: -8.7502
        Episode_Reward/joint_torques_l2: -1.1394
           Episode_Reward/torso_upright: -0.0885
      Episode_Termination/invalid_state: 0.0400
        Episode_Reward/illegal_contacts: -0.2945
        Episode_Reward/action_rate_rate: -21.5976
              Episode_Reward/not_moving: -4.9377
           Episode_Reward/torque_limits: -1.3351
--------------------------------------------------------------------------------
                         Iteration time: 1.24s
                           Time elapsed: 0:00:49
                                    ETA: 0:20:42

################################################################################
[1m                           Learning iteration 38/1000                           [0m 

                               Run name: height_tracking_g1
                            Total steps: 3833856 
                       Steps per second: 78882 
                        Collection time: 1.014s 
                          Learning time: 0.233s 
                        Mean value loss: 2.2578
                    Mean surrogate loss: -0.0053
                      Mean entropy loss: 38.5861
                     Mean symmetry loss: 0.0021
                   Mean l2c2_actor loss: 0.0049
                  Mean l2c2_critic loss: 0.0279
                            Mean reward: -1958.65
                    Mean episode length: 721.24
                        Mean action std: 0.92
                    Entropy coefficient: 0.002500
        Episode_Reward/base_height_fine: 5.8278
           Episode_Reward/ankle_torques: -0.3071
            Episode_Reward/joint_acc_l2: 0.0000
             Episode_Reward/action_rate: -48.3959
           Episode_Reward/feet_yaw_mean: -1.0432
           Episode_Reward/feet_distance: -0.4404
             Episode_Reward/ground_slam: -6.3064
         Curriculum/polish_joint_vel_l2: -0.0010
              Episode_Reward/feet_slide: -1.2810
       Episode_Reward/base_height_rough: 2.2382
           Episode_Reward/forward_pitch: -1.3424
        Episode_Reward/joint_pos_limits: -0.0155
     Episode_Reward/completely_airborne: -4.4278
              Curriculum/terrain_levels: 0.0000
              Episode_Reward/torso_roll: -2.0111
      Episode_Reward/joint_deviation_l1: -1.2549
           Episode_Termination/time_out: 0.9596
      Episode_Reward/base_height_medium: 3.5288
    Episode_Reward/joint_tracking_error: -4.1257
        Curriculum/random_fallen_states: 0.0000
            Metrics/height/height_error: nan
           Curriculum/polish_torso_slam: -5.0000
               Curriculum/adaptive_lift: 0.9995
        Episode_Reward/joint_vel_limits: -0.0033
              Episode_Reward/torso_slam: -8.9174
  Episode_Reward/feet_distance_standing: -0.4157
     Curriculum/polish_action_rate_rate: -0.1500
            Episode_Reward/joint_vel_l2: -1.9401
         Episode_Reward/ground_unloaded: -0.8113
           Episode_Reward/body_velocity: -16.5407
          Curriculum/polish_ground_slam: -1.0000
         Episode_Reward/severely_tilted: -0.0792
 Episode_Reward/joint_deviation_l1_arms: -0.7803
               Episode_Reward/flat_feet: -2.3228
           Curriculum/polish_not_moving: -1.0000
              Episode_Reward/relaxation: -8.7249
        Episode_Reward/joint_torques_l2: -1.0947
           Episode_Reward/torso_upright: -0.0796
      Episode_Termination/invalid_state: 0.0404
        Episode_Reward/illegal_contacts: -0.3113
        Episode_Reward/action_rate_rate: -21.5449
              Episode_Reward/not_moving: -4.9145
           Episode_Reward/torque_limits: -1.2672
--------------------------------------------------------------------------------
                         Iteration time: 1.25s
                           Time elapsed: 0:00:50
                                    ETA: 0:20:39

################################################################################
[1m                           Learning iteration 39/1000                           [0m 

                               Run name: height_tracking_g1
                            Total steps: 3932160 
                       Steps per second: 78826 
                        Collection time: 1.014s 
                          Learning time: 0.233s 
                        Mean value loss: 2.2030
                    Mean surrogate loss: -0.0047
                      Mean entropy loss: 38.5472
                     Mean symmetry loss: 0.0020
                   Mean l2c2_actor loss: 0.0048
                  Mean l2c2_critic loss: 0.0298
                            Mean reward: -1969.67
                    Mean episode length: 743.78
                        Mean action std: 0.92
                    Entropy coefficient: 0.002500
        Episode_Reward/base_height_fine: 6.1349
           Episode_Reward/ankle_torques: -0.3339
            Episode_Reward/joint_acc_l2: 0.0000
             Episode_Reward/action_rate: -49.8306
           Episode_Reward/feet_yaw_mean: -1.0872
           Episode_Reward/feet_distance: -0.4474
             Episode_Reward/ground_slam: -6.3684
         Curriculum/polish_joint_vel_l2: -0.0010
              Episode_Reward/feet_slide: -1.3018
       Episode_Reward/base_height_rough: 2.3603
           Episode_Reward/forward_pitch: -1.3921
        Episode_Reward/joint_pos_limits: -0.0159
     Episode_Reward/completely_airborne: -4.5700
              Curriculum/terrain_levels: 0.0000
              Episode_Reward/torso_roll: -2.0426
      Episode_Reward/joint_deviation_l1: -1.3535
           Episode_Termination/time_out: 0.9605
      Episode_Reward/base_height_medium: 3.7309
    Episode_Reward/joint_tracking_error: -4.3048
        Curriculum/random_fallen_states: 0.0000
            Metrics/height/height_error: nan
           Curriculum/polish_torso_slam: -5.0000
               Curriculum/adaptive_lift: 0.9995
        Episode_Reward/joint_vel_limits: -0.0033
              Episode_Reward/torso_slam: -9.0079
  Episode_Reward/feet_distance_standing: -0.4161
     Curriculum/polish_action_rate_rate: -0.1500
            Episode_Reward/joint_vel_l2: -1.9841
         Episode_Reward/ground_unloaded: -0.8526
           Episode_Reward/body_velocity: -17.1170
          Curriculum/polish_ground_slam: -1.0000
         Episode_Reward/severely_tilted: -0.0858
 Episode_Reward/joint_deviation_l1_arms: -0.8372
               Episode_Reward/flat_feet: -2.3777
           Curriculum/polish_not_moving: -1.0000
              Episode_Reward/relaxation: -9.2886
        Episode_Reward/joint_torques_l2: -1.2047
           Episode_Reward/torso_upright: -0.0895
      Episode_Termination/invalid_state: 0.0395
        Episode_Reward/illegal_contacts: -0.3104
        Episode_Reward/action_rate_rate: -22.1709
              Episode_Reward/not_moving: -5.0727
           Episode_Reward/torque_limits: -1.3759
--------------------------------------------------------------------------------
                         Iteration time: 1.25s
                           Time elapsed: 0:00:51
                                    ETA: 0:20:37

################################################################################
[1m                           Learning iteration 40/1000                           [0m 

                               Run name: height_tracking_g1
                            Total steps: 4030464 
                       Steps per second: 79434 
                        Collection time: 1.005s 
                          Learning time: 0.232s 
                        Mean value loss: 1.9544
                    Mean surrogate loss: -0.0068
                      Mean entropy loss: 38.4800
                     Mean symmetry loss: 0.0020
                   Mean l2c2_actor loss: 0.0049
                  Mean l2c2_critic loss: 0.0244
                            Mean reward: -1938.54
                    Mean episode length: 731.86
                        Mean action std: 0.91
                    Entropy coefficient: 0.002500
        Episode_Reward/base_height_fine: 5.9426
           Episode_Reward/ankle_torques: -0.3323
            Episode_Reward/joint_acc_l2: 0.0000
             Episode_Reward/action_rate: -48.7364
           Episode_Reward/feet_yaw_mean: -0.9675
           Episode_Reward/feet_distance: -0.4203
             Episode_Reward/ground_slam: -6.0523
         Curriculum/polish_joint_vel_l2: -0.0010
              Episode_Reward/feet_slide: -1.2880
       Episode_Reward/base_height_rough: 2.2780
           Episode_Reward/forward_pitch: -1.4390
        Episode_Reward/joint_pos_limits: -0.0151
     Episode_Reward/completely_airborne: -4.0707
              Curriculum/terrain_levels: 0.0000
              Episode_Reward/torso_roll: -2.0212
      Episode_Reward/joint_deviation_l1: -1.2182
           Episode_Termination/time_out: 0.9622
      Episode_Reward/base_height_medium: 3.5834
    Episode_Reward/joint_tracking_error: -4.0729
        Curriculum/random_fallen_states: 0.0000
            Metrics/height/height_error: nan
           Curriculum/polish_torso_slam: -5.0000
               Curriculum/adaptive_lift: 0.9995
        Episode_Reward/joint_vel_limits: -0.0030
              Episode_Reward/torso_slam: -8.2513
  Episode_Reward/feet_distance_standing: -0.3852
     Curriculum/polish_action_rate_rate: -0.1500
            Episode_Reward/joint_vel_l2: -1.8802
         Episode_Reward/ground_unloaded: -0.7861
           Episode_Reward/body_velocity: -15.8164
          Curriculum/polish_ground_slam: -1.0000
         Episode_Reward/severely_tilted: -0.0761
 Episode_Reward/joint_deviation_l1_arms: -0.7520
               Episode_Reward/flat_feet: -2.3544
           Curriculum/polish_not_moving: -1.0000
              Episode_Reward/relaxation: -9.9736
        Episode_Reward/joint_torques_l2: -1.1565
           Episode_Reward/torso_upright: -0.0823
      Episode_Termination/invalid_state: 0.0378
        Episode_Reward/illegal_contacts: -0.3295
        Episode_Reward/action_rate_rate: -21.6725
              Episode_Reward/not_moving: -4.8418
           Episode_Reward/torque_limits: -1.2935
--------------------------------------------------------------------------------
                         Iteration time: 1.24s
                           Time elapsed: 0:00:52
                                    ETA: 0:20:35

################################################################################
[1m                           Learning iteration 41/1000                           [0m 

                               Run name: height_tracking_g1
                            Total steps: 4128768 
                       Steps per second: 78788 
                        Collection time: 1.015s 
                          Learning time: 0.233s 
                        Mean value loss: 1.8000
                    Mean surrogate loss: -0.0053
                      Mean entropy loss: 38.4390
                     Mean symmetry loss: 0.0021
                   Mean l2c2_actor loss: 0.0050
                  Mean l2c2_critic loss: 0.0239
                            Mean reward: -1990.46
                    Mean episode length: 740.76
                        Mean action std: 0.91
                    Entropy coefficient: 0.002500
        Episode_Reward/base_height_fine: 5.6599
           Episode_Reward/ankle_torques: -0.2978
            Episode_Reward/joint_acc_l2: 0.0000
             Episode_Reward/action_rate: -48.7038
           Episode_Reward/feet_yaw_mean: -0.9798
           Episode_Reward/feet_distance: -0.4273
             Episode_Reward/ground_slam: -6.5043
         Curriculum/polish_joint_vel_l2: -0.0010
              Episode_Reward/feet_slide: -1.2931
       Episode_Reward/base_height_rough: 2.2434
           Episode_Reward/forward_pitch: -1.4473
        Episode_Reward/joint_pos_limits: -0.0157
     Episode_Reward/completely_airborne: -4.3445
              Curriculum/terrain_levels: 0.0000
              Episode_Reward/torso_roll: -2.0258
      Episode_Reward/joint_deviation_l1: -1.1794
           Episode_Termination/time_out: 0.9627
      Episode_Reward/base_height_medium: 3.4847
    Episode_Reward/joint_tracking_error: -4.1301
        Curriculum/random_fallen_states: 0.0000
            Metrics/height/height_error: nan
           Curriculum/polish_torso_slam: -5.0000
               Curriculum/adaptive_lift: 0.9995
        Episode_Reward/joint_vel_limits: -0.0031
              Episode_Reward/torso_slam: -9.0885
  Episode_Reward/feet_distance_standing: -0.3773
     Curriculum/polish_action_rate_rate: -0.1500
            Episode_Reward/joint_vel_l2: -1.9141
         Episode_Reward/ground_unloaded: -0.8247
           Episode_Reward/body_velocity: -16.5089
          Curriculum/polish_ground_slam: -1.0000
         Episode_Reward/severely_tilted: -0.0811
 Episode_Reward/joint_deviation_l1_arms: -0.7352
               Episode_Reward/flat_feet: -2.3874
           Curriculum/polish_not_moving: -1.0000
              Episode_Reward/relaxation: -9.5833
        Episode_Reward/joint_torques_l2: -1.1504
           Episode_Reward/torso_upright: -0.0709
      Episode_Termination/invalid_state: 0.0373
        Episode_Reward/illegal_contacts: -0.3288
        Episode_Reward/action_rate_rate: -21.6716
              Episode_Reward/not_moving: -4.5381
           Episode_Reward/torque_limits: -1.3156
--------------------------------------------------------------------------------
                         Iteration time: 1.25s
                           Time elapsed: 0:00:54
                                    ETA: 0:20:32

################################################################################
[1m                           Learning iteration 42/1000                           [0m 

                               Run name: height_tracking_g1
                            Total steps: 4227072 
                       Steps per second: 78076 
                        Collection time: 1.026s 
                          Learning time: 0.233s 
                        Mean value loss: 1.7164
                    Mean surrogate loss: -0.0050
                      Mean entropy loss: 38.4032
                     Mean symmetry loss: 0.0021
                   Mean l2c2_actor loss: 0.0050
                  Mean l2c2_critic loss: 0.0222
                            Mean reward: -1945.26
                    Mean episode length: 735.37
                        Mean action std: 0.91
                    Entropy coefficient: 0.002500
        Episode_Reward/base_height_fine: 5.3840
           Episode_Reward/ankle_torques: -0.3338
            Episode_Reward/joint_acc_l2: 0.0000
             Episode_Reward/action_rate: -48.4268
           Episode_Reward/feet_yaw_mean: -0.9415
           Episode_Reward/feet_distance: -0.4259
             Episode_Reward/ground_slam: -6.2543
         Curriculum/polish_joint_vel_l2: -0.0010
              Episode_Reward/feet_slide: -1.2924
       Episode_Reward/base_height_rough: 2.1338
           Episode_Reward/forward_pitch: -1.4631
        Episode_Reward/joint_pos_limits: -0.0156
     Episode_Reward/completely_airborne: -4.0199
              Curriculum/terrain_levels: 0.0000
              Episode_Reward/torso_roll: -2.0662
      Episode_Reward/joint_deviation_l1: -1.1737
           Episode_Termination/time_out: 0.9635
      Episode_Reward/base_height_medium: 3.3012
    Episode_Reward/joint_tracking_error: -4.0759
        Curriculum/random_fallen_states: 0.0000
            Metrics/height/height_error: nan
           Curriculum/polish_torso_slam: -5.0000
               Curriculum/adaptive_lift: 0.9995
        Episode_Reward/joint_vel_limits: -0.0031
              Episode_Reward/torso_slam: -8.9105
  Episode_Reward/feet_distance_standing: -0.3652
     Curriculum/polish_action_rate_rate: -0.1500
            Episode_Reward/joint_vel_l2: -1.9143
         Episode_Reward/ground_unloaded: -0.7543
           Episode_Reward/body_velocity: -15.8657
          Curriculum/polish_ground_slam: -1.0000
         Episode_Reward/severely_tilted: -0.0747
 Episode_Reward/joint_deviation_l1_arms: -0.7457
               Episode_Reward/flat_feet: -2.3538
           Curriculum/polish_not_moving: -1.0000
              Episode_Reward/relaxation: -10.6780
        Episode_Reward/joint_torques_l2: -1.1517
           Episode_Reward/torso_upright: -0.0705
      Episode_Termination/invalid_state: 0.0365
        Episode_Reward/illegal_contacts: -0.3219
        Episode_Reward/action_rate_rate: -21.5302
              Episode_Reward/not_moving: -4.3673
           Episode_Reward/torque_limits: -1.2868
--------------------------------------------------------------------------------
                         Iteration time: 1.26s
                           Time elapsed: 0:00:55
                                    ETA: 0:20:30

################################################################################
[1m                           Learning iteration 43/1000                           [0m 

                               Run name: height_tracking_g1
                            Total steps: 4325376 
                       Steps per second: 78515 
                        Collection time: 1.018s 
                          Learning time: 0.234s 
                        Mean value loss: 1.6108
                    Mean surrogate loss: -0.0043
                      Mean entropy loss: 38.3172
                     Mean symmetry loss: 0.0020
                   Mean l2c2_actor loss: 0.0050
                  Mean l2c2_critic loss: 0.0223
                            Mean reward: -1941.80
                    Mean episode length: 750.00
                        Mean action std: 0.91
                    Entropy coefficient: 0.002500
        Episode_Reward/base_height_fine: 5.9100
           Episode_Reward/ankle_torques: -0.3315
            Episode_Reward/joint_acc_l2: 0.0000
             Episode_Reward/action_rate: -49.2662
           Episode_Reward/feet_yaw_mean: -1.0477
           Episode_Reward/feet_distance: -0.4467
             Episode_Reward/ground_slam: -6.4740
         Curriculum/polish_joint_vel_l2: -0.0010
              Episode_Reward/feet_slide: -1.3119
       Episode_Reward/base_height_rough: 2.3609
           Episode_Reward/forward_pitch: -1.4769
        Episode_Reward/joint_pos_limits: -0.0161
     Episode_Reward/completely_airborne: -4.1192
              Curriculum/terrain_levels: 0.0000
              Episode_Reward/torso_roll: -2.1038
      Episode_Reward/joint_deviation_l1: -1.2554
           Episode_Termination/time_out: 0.9649
      Episode_Reward/base_height_medium: 3.6490
    Episode_Reward/joint_tracking_error: -4.1717
        Curriculum/random_fallen_states: 0.0000
            Metrics/height/height_error: nan
           Curriculum/polish_torso_slam: -5.0000
               Curriculum/adaptive_lift: 0.9995
        Episode_Reward/joint_vel_limits: -0.0031
              Episode_Reward/torso_slam: -9.1763
  Episode_Reward/feet_distance_standing: -0.4029
     Curriculum/polish_action_rate_rate: -0.1500
            Episode_Reward/joint_vel_l2: -1.9389
         Episode_Reward/ground_unloaded: -0.8423
           Episode_Reward/body_velocity: -16.4815
          Curriculum/polish_ground_slam: -1.0000
         Episode_Reward/severely_tilted: -0.0768
 Episode_Reward/joint_deviation_l1_arms: -0.7739
               Episode_Reward/flat_feet: -2.3943
           Curriculum/polish_not_moving: -1.0000
              Episode_Reward/relaxation: -9.4541
        Episode_Reward/joint_torques_l2: -1.1664
           Episode_Reward/torso_upright: -0.0812
      Episode_Termination/invalid_state: 0.0351
        Episode_Reward/illegal_contacts: -0.3357
        Episode_Reward/action_rate_rate: -21.9081
              Episode_Reward/not_moving: -4.7938
           Episode_Reward/torque_limits: -1.3019
--------------------------------------------------------------------------------
                         Iteration time: 1.25s
                           Time elapsed: 0:00:56
                                    ETA: 0:20:28

################################################################################
[1m                           Learning iteration 44/1000                           [0m 

                               Run name: height_tracking_g1
                            Total steps: 4423680 
                       Steps per second: 77139 
                        Collection time: 1.040s 
                          Learning time: 0.234s 
                        Mean value loss: 1.7106
                    Mean surrogate loss: -0.0057
                      Mean entropy loss: 38.2673
                     Mean symmetry loss: 0.0021
                   Mean l2c2_actor loss: 0.0051
                  Mean l2c2_critic loss: 0.0227
                            Mean reward: -1942.59
                    Mean episode length: 750.00
                        Mean action std: 0.91
                    Entropy coefficient: 0.002500
        Episode_Reward/base_height_fine: 5.7569
           Episode_Reward/ankle_torques: -0.2987
            Episode_Reward/joint_acc_l2: 0.0000
             Episode_Reward/action_rate: -48.5968
           Episode_Reward/feet_yaw_mean: -0.9326
           Episode_Reward/feet_distance: -0.4340
             Episode_Reward/ground_slam: -6.0439
         Curriculum/polish_joint_vel_l2: -0.0010
              Episode_Reward/feet_slide: -1.2948
       Episode_Reward/base_height_rough: 2.2391
           Episode_Reward/forward_pitch: -1.4592
        Episode_Reward/joint_pos_limits: -0.0153
     Episode_Reward/completely_airborne: -4.3700
              Curriculum/terrain_levels: 0.0000
              Episode_Reward/torso_roll: -2.0492
      Episode_Reward/joint_deviation_l1: -1.2798
           Episode_Termination/time_out: 0.9663
      Episode_Reward/base_height_medium: 3.4883
    Episode_Reward/joint_tracking_error: -4.0402
        Curriculum/random_fallen_states: 0.0000
            Metrics/height/height_error: nan
           Curriculum/polish_torso_slam: -5.0000
               Curriculum/adaptive_lift: 0.9995
        Episode_Reward/joint_vel_limits: -0.0030
              Episode_Reward/torso_slam: -8.5272
  Episode_Reward/feet_distance_standing: -0.3731
     Curriculum/polish_action_rate_rate: -0.1500
            Episode_Reward/joint_vel_l2: -1.8933
         Episode_Reward/ground_unloaded: -0.7816
           Episode_Reward/body_velocity: -15.6669
          Curriculum/polish_ground_slam: -1.0000
         Episode_Reward/severely_tilted: -0.0701
 Episode_Reward/joint_deviation_l1_arms: -0.7662
               Episode_Reward/flat_feet: -2.3574
           Curriculum/polish_not_moving: -1.0000
              Episode_Reward/relaxation: -10.0870
        Episode_Reward/joint_torques_l2: -1.1501
           Episode_Reward/torso_upright: -0.0849
      Episode_Termination/invalid_state: 0.0337
        Episode_Reward/illegal_contacts: -0.3214
        Episode_Reward/action_rate_rate: -21.6114
              Episode_Reward/not_moving: -4.6435
           Episode_Reward/torque_limits: -1.2824
--------------------------------------------------------------------------------
                         Iteration time: 1.27s
                           Time elapsed: 0:00:57
                                    ETA: 0:20:27

################################################################################
[1m                           Learning iteration 45/1000                           [0m 

                               Run name: height_tracking_g1
                            Total steps: 4521984 
                       Steps per second: 78801 
                        Collection time: 1.014s 
                          Learning time: 0.233s 
                        Mean value loss: 1.6517
                    Mean surrogate loss: -0.0043
                      Mean entropy loss: 38.1887
                     Mean symmetry loss: 0.0020
                   Mean l2c2_actor loss: 0.0050
                  Mean l2c2_critic loss: 0.0209
                            Mean reward: -1898.64
                    Mean episode length: 722.90
                        Mean action std: 0.90
                    Entropy coefficient: 0.002500
        Episode_Reward/base_height_fine: 5.7238
           Episode_Reward/ankle_torques: -0.3187
            Episode_Reward/joint_acc_l2: 0.0000
             Episode_Reward/action_rate: -47.0995
           Episode_Reward/feet_yaw_mean: -0.9667
           Episode_Reward/feet_distance: -0.4395
             Episode_Reward/ground_slam: -6.0479
         Curriculum/polish_joint_vel_l2: -0.0010
              Episode_Reward/feet_slide: -1.2398
       Episode_Reward/base_height_rough: 2.2186
           Episode_Reward/forward_pitch: -1.3976
        Episode_Reward/joint_pos_limits: -0.0150
     Episode_Reward/completely_airborne: -4.3878
              Curriculum/terrain_levels: 0.0000
              Episode_Reward/torso_roll: -1.9986
      Episode_Reward/joint_deviation_l1: -1.1887
           Episode_Termination/time_out: 0.9669
      Episode_Reward/base_height_medium: 3.4759
    Episode_Reward/joint_tracking_error: -3.9165
        Curriculum/random_fallen_states: 0.0000
            Metrics/height/height_error: nan
           Curriculum/polish_torso_slam: -5.0000
               Curriculum/adaptive_lift: 0.9995
        Episode_Reward/joint_vel_limits: -0.0028
              Episode_Reward/torso_slam: -8.3170
  Episode_Reward/feet_distance_standing: -0.3947
     Curriculum/polish_action_rate_rate: -0.1500
            Episode_Reward/joint_vel_l2: -1.8295
         Episode_Reward/ground_unloaded: -0.7827
           Episode_Reward/body_velocity: -15.6931
          Curriculum/polish_ground_slam: -1.0000
         Episode_Reward/severely_tilted: -0.0879
 Episode_Reward/joint_deviation_l1_arms: -0.7271
               Episode_Reward/flat_feet: -2.3367
           Curriculum/polish_not_moving: -1.0000
              Episode_Reward/relaxation: -9.5873
        Episode_Reward/joint_torques_l2: -1.1211
           Episode_Reward/torso_upright: -0.0709
      Episode_Termination/invalid_state: 0.0331
        Episode_Reward/illegal_contacts: -0.3088
        Episode_Reward/action_rate_rate: -20.9397
              Episode_Reward/not_moving: -4.6221
           Episode_Reward/torque_limits: -1.2453
--------------------------------------------------------------------------------
                         Iteration time: 1.25s
                           Time elapsed: 0:00:59
                                    ETA: 0:20:25

################################################################################
[1m                           Learning iteration 46/1000                           [0m 

                               Run name: height_tracking_g1
                            Total steps: 4620288 
                       Steps per second: 79078 
                        Collection time: 1.010s 
                          Learning time: 0.233s 
                        Mean value loss: 1.6083
                    Mean surrogate loss: -0.0054
                      Mean entropy loss: 38.1218
                     Mean symmetry loss: 0.0020
                   Mean l2c2_actor loss: 0.0049
                  Mean l2c2_critic loss: 0.0222
                            Mean reward: -1876.46
                    Mean episode length: 727.48
                        Mean action std: 0.90
                    Entropy coefficient: 0.002500
        Episode_Reward/base_height_fine: 6.2150
           Episode_Reward/ankle_torques: -0.3122
            Episode_Reward/joint_acc_l2: 0.0000
             Episode_Reward/action_rate: -47.5706
           Episode_Reward/feet_yaw_mean: -0.9732
           Episode_Reward/feet_distance: -0.4459
             Episode_Reward/ground_slam: -6.0381
         Curriculum/polish_joint_vel_l2: -0.0010
              Episode_Reward/feet_slide: -1.2714
       Episode_Reward/base_height_rough: 2.3530
           Episode_Reward/forward_pitch: -1.3114
        Episode_Reward/joint_pos_limits: -0.0154
     Episode_Reward/completely_airborne: -3.9392
              Curriculum/terrain_levels: 0.0000
              Episode_Reward/torso_roll: -2.0330
      Episode_Reward/joint_deviation_l1: -1.1948
           Episode_Termination/time_out: 0.9666
      Episode_Reward/base_height_medium: 3.7397
    Episode_Reward/joint_tracking_error: -3.9700
        Curriculum/random_fallen_states: 0.0000
            Metrics/height/height_error: nan
           Curriculum/polish_torso_slam: -5.0000
               Curriculum/adaptive_lift: 0.9995
        Episode_Reward/joint_vel_limits: -0.0029
              Episode_Reward/torso_slam: -8.1640
  Episode_Reward/feet_distance_standing: -0.3852
     Curriculum/polish_action_rate_rate: -0.1500
            Episode_Reward/joint_vel_l2: -1.8710
         Episode_Reward/ground_unloaded: -0.8245
           Episode_Reward/body_velocity: -15.8735
          Curriculum/polish_ground_slam: -1.0000
         Episode_Reward/severely_tilted: -0.0755
 Episode_Reward/joint_deviation_l1_arms: -0.7272
               Episode_Reward/flat_feet: -2.3359
           Curriculum/polish_not_moving: -1.0000
              Episode_Reward/relaxation: -9.2916
        Episode_Reward/joint_torques_l2: -1.1460
           Episode_Reward/torso_upright: -0.0798
      Episode_Termination/invalid_state: 0.0334
        Episode_Reward/illegal_contacts: -0.3042
        Episode_Reward/action_rate_rate: -21.1511
              Episode_Reward/not_moving: -5.0707
           Episode_Reward/torque_limits: -1.2462
--------------------------------------------------------------------------------
                         Iteration time: 1.24s
                           Time elapsed: 0:01:00
                                    ETA: 0:20:23

################################################################################
[1m                           Learning iteration 47/1000                           [0m 

                               Run name: height_tracking_g1
                            Total steps: 4718592 
                       Steps per second: 79197 
                        Collection time: 1.008s 
                          Learning time: 0.233s 
                        Mean value loss: 1.6118
                    Mean surrogate loss: -0.0059
                      Mean entropy loss: 38.0339
                     Mean symmetry loss: 0.0020
                   Mean l2c2_actor loss: 0.0049
                  Mean l2c2_critic loss: 0.0220
                            Mean reward: -1944.17
                    Mean episode length: 743.01
                        Mean action std: 0.90
                    Entropy coefficient: 0.002500
        Episode_Reward/base_height_fine: 5.8549
           Episode_Reward/ankle_torques: -0.2823
            Episode_Reward/joint_acc_l2: 0.0000
             Episode_Reward/action_rate: -46.6701
           Episode_Reward/feet_yaw_mean: -0.9685
           Episode_Reward/feet_distance: -0.4629
             Episode_Reward/ground_slam: -5.9711
         Curriculum/polish_joint_vel_l2: -0.0010
              Episode_Reward/feet_slide: -1.2478
       Episode_Reward/base_height_rough: 2.2307
           Episode_Reward/forward_pitch: -1.3683
        Episode_Reward/joint_pos_limits: -0.0154
     Episode_Reward/completely_airborne: -4.2656
              Curriculum/terrain_levels: 0.0000
              Episode_Reward/torso_roll: -2.0214
      Episode_Reward/joint_deviation_l1: -1.2250
           Episode_Termination/time_out: 0.9673
      Episode_Reward/base_height_medium: 3.5370
    Episode_Reward/joint_tracking_error: -3.9301
        Curriculum/random_fallen_states: 0.0000
            Metrics/height/height_error: nan
           Curriculum/polish_torso_slam: -5.0000
               Curriculum/adaptive_lift: 0.9995
        Episode_Reward/joint_vel_limits: -0.0029
              Episode_Reward/torso_slam: -7.9500
  Episode_Reward/feet_distance_standing: -0.4193
     Curriculum/polish_action_rate_rate: -0.1500
            Episode_Reward/joint_vel_l2: -1.8537
         Episode_Reward/ground_unloaded: -0.7797
           Episode_Reward/body_velocity: -15.6290
          Curriculum/polish_ground_slam: -1.0000
         Episode_Reward/severely_tilted: -0.0771
 Episode_Reward/joint_deviation_l1_arms: -0.7581
               Episode_Reward/flat_feet: -2.3044
           Curriculum/polish_not_moving: -1.0000
              Episode_Reward/relaxation: -9.7435
        Episode_Reward/joint_torques_l2: -1.1157
           Episode_Reward/torso_upright: -0.0812
      Episode_Termination/invalid_state: 0.0327
        Episode_Reward/illegal_contacts: -0.3130
        Episode_Reward/action_rate_rate: -20.7437
              Episode_Reward/not_moving: -4.7852
           Episode_Reward/torque_limits: -1.2514
--------------------------------------------------------------------------------
                         Iteration time: 1.24s
                           Time elapsed: 0:01:01
                                    ETA: 0:20:21

################################################################################
[1m                           Learning iteration 48/1000                           [0m 

                               Run name: height_tracking_g1
                            Total steps: 4816896 
                       Steps per second: 78893 
                        Collection time: 1.013s 
                          Learning time: 0.233s 
                        Mean value loss: 1.5717
                    Mean surrogate loss: -0.0038
                      Mean entropy loss: 37.9634
                     Mean symmetry loss: 0.0020
                   Mean l2c2_actor loss: 0.0049
                  Mean l2c2_critic loss: 0.0220
                            Mean reward: -1831.80
                    Mean episode length: 737.33
                        Mean action std: 0.90
                    Entropy coefficient: 0.002500
        Episode_Reward/base_height_fine: 6.0530
           Episode_Reward/ankle_torques: -0.3004
            Episode_Reward/joint_acc_l2: 0.0000
             Episode_Reward/action_rate: -47.3478
           Episode_Reward/feet_yaw_mean: -0.9405
           Episode_Reward/feet_distance: -0.4135
             Episode_Reward/ground_slam: -5.6941
         Curriculum/polish_joint_vel_l2: -0.0010
              Episode_Reward/feet_slide: -1.2677
       Episode_Reward/base_height_rough: 2.3693
           Episode_Reward/forward_pitch: -1.3666
        Episode_Reward/joint_pos_limits: -0.0150
     Episode_Reward/completely_airborne: -3.9112
              Curriculum/terrain_levels: 0.0000
              Episode_Reward/torso_roll: -1.9934
      Episode_Reward/joint_deviation_l1: -1.1997
           Episode_Termination/time_out: 0.9688
      Episode_Reward/base_height_medium: 3.7115
    Episode_Reward/joint_tracking_error: -3.8386
        Curriculum/random_fallen_states: 0.0000
            Metrics/height/height_error: nan
           Curriculum/polish_torso_slam: -5.0000
               Curriculum/adaptive_lift: 0.9995
        Episode_Reward/joint_vel_limits: -0.0028
              Episode_Reward/torso_slam: -7.9131
  Episode_Reward/feet_distance_standing: -0.3792
     Curriculum/polish_action_rate_rate: -0.1500
            Episode_Reward/joint_vel_l2: -1.8301
         Episode_Reward/ground_unloaded: -0.8395
           Episode_Reward/body_velocity: -14.6526
          Curriculum/polish_ground_slam: -1.0000
         Episode_Reward/severely_tilted: -0.0663
 Episode_Reward/joint_deviation_l1_arms: -0.7074
               Episode_Reward/flat_feet: -2.3571
           Curriculum/polish_not_moving: -1.0000
              Episode_Reward/relaxation: -8.5429
        Episode_Reward/joint_torques_l2: -1.0999
           Episode_Reward/torso_upright: -0.0825
      Episode_Termination/invalid_state: 0.0312
        Episode_Reward/illegal_contacts: -0.3013
        Episode_Reward/action_rate_rate: -21.0448
              Episode_Reward/not_moving: -4.7756
           Episode_Reward/torque_limits: -1.1828
--------------------------------------------------------------------------------
                         Iteration time: 1.25s
                           Time elapsed: 0:01:02
                                    ETA: 0:20:19

################################################################################
[1m                           Learning iteration 49/1000                           [0m 

                               Run name: height_tracking_g1
                            Total steps: 4915200 
                       Steps per second: 79378 
                        Collection time: 1.005s 
                          Learning time: 0.233s 
                        Mean value loss: 1.6377
                    Mean surrogate loss: -0.0052
                      Mean entropy loss: 37.9076
                     Mean symmetry loss: 0.0021
                   Mean l2c2_actor loss: 0.0050
                  Mean l2c2_critic loss: 0.0199
                            Mean reward: -1829.39
                    Mean episode length: 721.72
                        Mean action std: 0.90
                    Entropy coefficient: 0.002500
        Episode_Reward/base_height_fine: 5.9803
           Episode_Reward/ankle_torques: -0.3134
            Episode_Reward/joint_acc_l2: 0.0000
             Episode_Reward/action_rate: -45.9144
           Episode_Reward/feet_yaw_mean: -0.8961
           Episode_Reward/feet_distance: -0.4247
             Episode_Reward/ground_slam: -5.8493
         Curriculum/polish_joint_vel_l2: -0.0010
              Episode_Reward/feet_slide: -1.2300
       Episode_Reward/base_height_rough: 2.3074
           Episode_Reward/forward_pitch: -1.2669
        Episode_Reward/joint_pos_limits: -0.0151
     Episode_Reward/completely_airborne: -4.2246
              Curriculum/terrain_levels: 0.0000
              Episode_Reward/torso_roll: -1.9665
      Episode_Reward/joint_deviation_l1: -1.1952
           Episode_Termination/time_out: 0.9689
      Episode_Reward/base_height_medium: 3.6387
    Episode_Reward/joint_tracking_error: -3.8065
        Curriculum/random_fallen_states: 0.0000
            Metrics/height/height_error: nan
           Curriculum/polish_torso_slam: -5.0000
               Curriculum/adaptive_lift: 0.9995
        Episode_Reward/joint_vel_limits: -0.0029
              Episode_Reward/torso_slam: -8.1487
  Episode_Reward/feet_distance_standing: -0.3688
     Curriculum/polish_action_rate_rate: -0.1500
            Episode_Reward/joint_vel_l2: -1.8276
         Episode_Reward/ground_unloaded: -0.8352
           Episode_Reward/body_velocity: -15.2037
          Curriculum/polish_ground_slam: -1.0000
         Episode_Reward/severely_tilted: -0.0720
 Episode_Reward/joint_deviation_l1_arms: -0.7239
               Episode_Reward/flat_feet: -2.2850
           Curriculum/polish_not_moving: -1.0000
              Episode_Reward/relaxation: -8.0666
        Episode_Reward/joint_torques_l2: -1.0802
           Episode_Reward/torso_upright: -0.0816
      Episode_Termination/invalid_state: 0.0311
        Episode_Reward/illegal_contacts: -0.3076
        Episode_Reward/action_rate_rate: -20.4039
              Episode_Reward/not_moving: -4.8166
           Episode_Reward/torque_limits: -1.1949
--------------------------------------------------------------------------------
                         Iteration time: 1.24s
                           Time elapsed: 0:01:04
                                    ETA: 0:20:17

################################################################################
[1m                           Learning iteration 50/1000                           [0m 

                               Run name: height_tracking_g1
                            Total steps: 5013504 
                       Steps per second: 78849 
                        Collection time: 1.013s 
                          Learning time: 0.234s 
                        Mean value loss: 1.3590
                    Mean surrogate loss: -0.0055
                      Mean entropy loss: 37.8420
                     Mean symmetry loss: 0.0021
                   Mean l2c2_actor loss: 0.0050
                  Mean l2c2_critic loss: 0.0207
                            Mean reward: -1877.64
                    Mean episode length: 744.09
                        Mean action std: 0.89
                    Entropy coefficient: 0.002500
        Episode_Reward/base_height_fine: 6.2091
           Episode_Reward/ankle_torques: -0.3196
            Episode_Reward/joint_acc_l2: 0.0000
             Episode_Reward/action_rate: -46.9504
           Episode_Reward/feet_yaw_mean: -0.9831
           Episode_Reward/feet_distance: -0.4282
             Episode_Reward/ground_slam: -5.9077
         Curriculum/polish_joint_vel_l2: -0.0010
              Episode_Reward/feet_slide: -1.2675
       Episode_Reward/base_height_rough: 2.3552
           Episode_Reward/forward_pitch: -1.3943
        Episode_Reward/joint_pos_limits: -0.0151
     Episode_Reward/completely_airborne: -3.8891
              Curriculum/terrain_levels: 0.0000
              Episode_Reward/torso_roll: -2.0134
      Episode_Reward/joint_deviation_l1: -1.2243
           Episode_Termination/time_out: 0.9689
      Episode_Reward/base_height_medium: 3.7364
    Episode_Reward/joint_tracking_error: -3.8698
        Curriculum/random_fallen_states: 0.0000
            Metrics/height/height_error: nan
           Curriculum/polish_torso_slam: -5.0000
               Curriculum/adaptive_lift: 0.9995
        Episode_Reward/joint_vel_limits: -0.0028
              Episode_Reward/torso_slam: -8.2583
  Episode_Reward/feet_distance_standing: -0.3661
     Curriculum/polish_action_rate_rate: -0.1500
            Episode_Reward/joint_vel_l2: -1.8204
         Episode_Reward/ground_unloaded: -0.8113
           Episode_Reward/body_velocity: -15.0987
          Curriculum/polish_ground_slam: -1.0000
         Episode_Reward/severely_tilted: -0.0757
 Episode_Reward/joint_deviation_l1_arms: -0.7273
               Episode_Reward/flat_feet: -2.3184
           Curriculum/polish_not_moving: -1.0000
              Episode_Reward/relaxation: -8.9355
        Episode_Reward/joint_torques_l2: -1.1129
           Episode_Reward/torso_upright: -0.0833
      Episode_Termination/invalid_state: 0.0311
        Episode_Reward/illegal_contacts: -0.3026
        Episode_Reward/action_rate_rate: -20.8515
              Episode_Reward/not_moving: -4.9757
           Episode_Reward/torque_limits: -1.2040
--------------------------------------------------------------------------------
                         Iteration time: 1.25s
                           Time elapsed: 0:01:05
                                    ETA: 0:20:15

################################################################################
[1m                           Learning iteration 51/1000                           [0m 

                               Run name: height_tracking_g1
                            Total steps: 5111808 
                       Steps per second: 79001 
                        Collection time: 1.011s 
                          Learning time: 0.233s 
                        Mean value loss: 1.3560
                    Mean surrogate loss: -0.0047
                      Mean entropy loss: 37.7631
                     Mean symmetry loss: 0.0020
                   Mean l2c2_actor loss: 0.0049
                  Mean l2c2_critic loss: 0.0224
                            Mean reward: -1879.18
                    Mean episode length: 742.95
                        Mean action std: 0.89
                    Entropy coefficient: 0.002500
        Episode_Reward/base_height_fine: 5.5917
           Episode_Reward/ankle_torques: -0.3008
            Episode_Reward/joint_acc_l2: 0.0000
             Episode_Reward/action_rate: -45.9025
           Episode_Reward/feet_yaw_mean: -0.9670
           Episode_Reward/feet_distance: -0.4394
             Episode_Reward/ground_slam: -5.8789
         Curriculum/polish_joint_vel_l2: -0.0010
              Episode_Reward/feet_slide: -1.2434
       Episode_Reward/base_height_rough: 2.1978
           Episode_Reward/forward_pitch: -1.3364
        Episode_Reward/joint_pos_limits: -0.0152
     Episode_Reward/completely_airborne: -4.1290
              Curriculum/terrain_levels: 0.0000
              Episode_Reward/torso_roll: -1.9733
      Episode_Reward/joint_deviation_l1: -1.2198
           Episode_Termination/time_out: 0.9689
      Episode_Reward/base_height_medium: 3.4152
    Episode_Reward/joint_tracking_error: -3.8341
        Curriculum/random_fallen_states: 0.0000
            Metrics/height/height_error: nan
           Curriculum/polish_torso_slam: -5.0000
               Curriculum/adaptive_lift: 0.9995
        Episode_Reward/joint_vel_limits: -0.0028
              Episode_Reward/torso_slam: -8.3409
  Episode_Reward/feet_distance_standing: -0.4011
     Curriculum/polish_action_rate_rate: -0.1500
            Episode_Reward/joint_vel_l2: -1.8174
         Episode_Reward/ground_unloaded: -0.7767
           Episode_Reward/body_velocity: -15.1949
          Curriculum/polish_ground_slam: -1.0000
         Episode_Reward/severely_tilted: -0.0722
 Episode_Reward/joint_deviation_l1_arms: -0.7370
               Episode_Reward/flat_feet: -2.3228
           Curriculum/polish_not_moving: -1.0000
              Episode_Reward/relaxation: -9.5352
        Episode_Reward/joint_torques_l2: -1.1136
           Episode_Reward/torso_upright: -0.0812
      Episode_Termination/invalid_state: 0.0311
        Episode_Reward/illegal_contacts: -0.3092
        Episode_Reward/action_rate_rate: -20.3828
              Episode_Reward/not_moving: -4.4965
           Episode_Reward/torque_limits: -1.1978
--------------------------------------------------------------------------------
                         Iteration time: 1.24s
                           Time elapsed: 0:01:06
                                    ETA: 0:20:13

################################################################################
[1m                           Learning iteration 52/1000                           [0m 

                               Run name: height_tracking_g1
                            Total steps: 5210112 
                       Steps per second: 79003 
                        Collection time: 1.011s 
                          Learning time: 0.234s 
                        Mean value loss: 1.4021
                    Mean surrogate loss: -0.0048
                      Mean entropy loss: 37.6982
                     Mean symmetry loss: 0.0021
                   Mean l2c2_actor loss: 0.0049
                  Mean l2c2_critic loss: 0.0217
                            Mean reward: -1851.92
                    Mean episode length: 739.33
                        Mean action std: 0.89
                    Entropy coefficient: 0.002500
        Episode_Reward/base_height_fine: 6.3187
           Episode_Reward/ankle_torques: -0.3121
            Episode_Reward/joint_acc_l2: 0.0000
             Episode_Reward/action_rate: -46.9850
           Episode_Reward/feet_yaw_mean: -1.0971
           Episode_Reward/feet_distance: -0.4574
             Episode_Reward/ground_slam: -6.0554
         Curriculum/polish_joint_vel_l2: -0.0010
              Episode_Reward/feet_slide: -1.2800
       Episode_Reward/base_height_rough: 2.4030
           Episode_Reward/forward_pitch: -1.4023
        Episode_Reward/joint_pos_limits: -0.0157
     Episode_Reward/completely_airborne: -4.0217
              Curriculum/terrain_levels: 0.0000
              Episode_Reward/torso_roll: -2.0220
      Episode_Reward/joint_deviation_l1: -1.2538
           Episode_Termination/time_out: 0.9690
      Episode_Reward/base_height_medium: 3.8183
    Episode_Reward/joint_tracking_error: -3.9364
        Curriculum/random_fallen_states: 0.0000
            Metrics/height/height_error: nan
           Curriculum/polish_torso_slam: -5.0000
               Curriculum/adaptive_lift: 0.9995
        Episode_Reward/joint_vel_limits: -0.0029
              Episode_Reward/torso_slam: -8.1261
  Episode_Reward/feet_distance_standing: -0.4210
     Curriculum/polish_action_rate_rate: -0.1500
            Episode_Reward/joint_vel_l2: -1.8560
         Episode_Reward/ground_unloaded: -0.8433
           Episode_Reward/body_velocity: -15.8725
          Curriculum/polish_ground_slam: -1.0000
         Episode_Reward/severely_tilted: -0.0823
 Episode_Reward/joint_deviation_l1_arms: -0.7456
               Episode_Reward/flat_feet: -2.3605
           Curriculum/polish_not_moving: -1.0000
              Episode_Reward/relaxation: -9.0243
        Episode_Reward/joint_torques_l2: -1.1384
           Episode_Reward/torso_upright: -0.0881
      Episode_Termination/invalid_state: 0.0310
        Episode_Reward/illegal_contacts: -0.3131
        Episode_Reward/action_rate_rate: -20.8781
              Episode_Reward/not_moving: -5.0498
           Episode_Reward/torque_limits: -1.2372
--------------------------------------------------------------------------------
                         Iteration time: 1.24s
                           Time elapsed: 0:01:07
                                    ETA: 0:20:11

################################################################################
[1m                           Learning iteration 53/1000                           [0m 

                               Run name: height_tracking_g1
                            Total steps: 5308416 
                       Steps per second: 79060 
                        Collection time: 1.010s 
                          Learning time: 0.233s 
                        Mean value loss: 1.3528
                    Mean surrogate loss: -0.0046
                      Mean entropy loss: 37.6329
                     Mean symmetry loss: 0.0021
                   Mean l2c2_actor loss: 0.0049
                  Mean l2c2_critic loss: 0.0210
                            Mean reward: -1838.22
                    Mean episode length: 730.74
                        Mean action std: 0.89
                    Entropy coefficient: 0.002500
        Episode_Reward/base_height_fine: 5.6704
           Episode_Reward/ankle_torques: -0.2994
            Episode_Reward/joint_acc_l2: 0.0000
             Episode_Reward/action_rate: -46.3368
           Episode_Reward/feet_yaw_mean: -0.9194
           Episode_Reward/feet_distance: -0.4195
             Episode_Reward/ground_slam: -5.7821
         Curriculum/polish_joint_vel_l2: -0.0010
              Episode_Reward/feet_slide: -1.2393
       Episode_Reward/base_height_rough: 2.2111
           Episode_Reward/forward_pitch: -1.3453
        Episode_Reward/joint_pos_limits: -0.0151
     Episode_Reward/completely_airborne: -4.2929
              Curriculum/terrain_levels: 0.0000
              Episode_Reward/torso_roll: -2.0180
      Episode_Reward/joint_deviation_l1: -1.2101
           Episode_Termination/time_out: 0.9691
      Episode_Reward/base_height_medium: 3.4430
    Episode_Reward/joint_tracking_error: -3.7561
        Curriculum/random_fallen_states: 0.0000
            Metrics/height/height_error: nan
           Curriculum/polish_torso_slam: -5.0000
               Curriculum/adaptive_lift: 0.9995
        Episode_Reward/joint_vel_limits: -0.0026
              Episode_Reward/torso_slam: -7.9961
  Episode_Reward/feet_distance_standing: -0.3884
     Curriculum/polish_action_rate_rate: -0.1500
            Episode_Reward/joint_vel_l2: -1.7761
         Episode_Reward/ground_unloaded: -0.7561
           Episode_Reward/body_velocity: -14.7978
          Curriculum/polish_ground_slam: -1.0000
         Episode_Reward/severely_tilted: -0.0802
 Episode_Reward/joint_deviation_l1_arms: -0.7045
               Episode_Reward/flat_feet: -2.3415
           Curriculum/polish_not_moving: -1.0000
              Episode_Reward/relaxation: -10.6168
        Episode_Reward/joint_torques_l2: -1.1570
           Episode_Reward/torso_upright: -0.0811
      Episode_Termination/invalid_state: 0.0309
        Episode_Reward/illegal_contacts: -0.3033
        Episode_Reward/action_rate_rate: -20.5811
              Episode_Reward/not_moving: -4.4347
           Episode_Reward/torque_limits: -1.1765
--------------------------------------------------------------------------------
                         Iteration time: 1.24s
                           Time elapsed: 0:01:09
                                    ETA: 0:20:09

################################################################################
[1m                           Learning iteration 54/1000                           [0m 

                               Run name: height_tracking_g1
                            Total steps: 5406720 
                       Steps per second: 78986 
                        Collection time: 1.012s 
                          Learning time: 0.233s 
                        Mean value loss: 1.3269
                    Mean surrogate loss: -0.0046
                      Mean entropy loss: 37.5580
                     Mean symmetry loss: 0.0021
                   Mean l2c2_actor loss: 0.0048
                  Mean l2c2_critic loss: 0.0206
                            Mean reward: -1830.43
                    Mean episode length: 740.72
                        Mean action std: 0.89
                    Entropy coefficient: 0.002500
        Episode_Reward/base_height_fine: 6.2467
           Episode_Reward/ankle_torques: -0.3160
            Episode_Reward/joint_acc_l2: 0.0000
             Episode_Reward/action_rate: -46.0019
           Episode_Reward/feet_yaw_mean: -0.9760
           Episode_Reward/feet_distance: -0.4378
             Episode_Reward/ground_slam: -5.8754
         Curriculum/polish_joint_vel_l2: -0.0010
              Episode_Reward/feet_slide: -1.2429
       Episode_Reward/base_height_rough: 2.3470
           Episode_Reward/forward_pitch: -1.3869
        Episode_Reward/joint_pos_limits: -0.0153
     Episode_Reward/completely_airborne: -3.9861
              Curriculum/terrain_levels: 0.0000
              Episode_Reward/torso_roll: -2.0170
      Episode_Reward/joint_deviation_l1: -1.1854
           Episode_Termination/time_out: 0.9694
      Episode_Reward/base_height_medium: 3.7488
    Episode_Reward/joint_tracking_error: -3.7859
        Curriculum/random_fallen_states: 0.0000
            Metrics/height/height_error: nan
           Curriculum/polish_torso_slam: -5.0000
               Curriculum/adaptive_lift: 0.9995
        Episode_Reward/joint_vel_limits: -0.0027
              Episode_Reward/torso_slam: -8.0103
  Episode_Reward/feet_distance_standing: -0.3844
     Curriculum/polish_action_rate_rate: -0.1500
            Episode_Reward/joint_vel_l2: -1.7923
         Episode_Reward/ground_unloaded: -0.8402
           Episode_Reward/body_velocity: -15.4351
          Curriculum/polish_ground_slam: -1.0000
         Episode_Reward/severely_tilted: -0.0795
 Episode_Reward/joint_deviation_l1_arms: -0.7003
               Episode_Reward/flat_feet: -2.3412
           Curriculum/polish_not_moving: -1.0000
              Episode_Reward/relaxation: -8.7751
        Episode_Reward/joint_torques_l2: -1.1141
           Episode_Reward/torso_upright: -0.0797
      Episode_Termination/invalid_state: 0.0306
        Episode_Reward/illegal_contacts: -0.3147
        Episode_Reward/action_rate_rate: -20.4265
              Episode_Reward/not_moving: -5.0063
           Episode_Reward/torque_limits: -1.1968
--------------------------------------------------------------------------------
                         Iteration time: 1.24s
                           Time elapsed: 0:01:10
                                    ETA: 0:20:07

################################################################################
[1m                           Learning iteration 55/1000                           [0m 

                               Run name: height_tracking_g1
                            Total steps: 5505024 
                       Steps per second: 77347 
                        Collection time: 1.037s 
                          Learning time: 0.234s 
                        Mean value loss: 1.1701
                    Mean surrogate loss: -0.0049
                      Mean entropy loss: 37.4524
                     Mean symmetry loss: 0.0020
                   Mean l2c2_actor loss: 0.0048
                  Mean l2c2_critic loss: 0.0207
                            Mean reward: -1836.26
                    Mean episode length: 736.01
                        Mean action std: 0.88
                    Entropy coefficient: 0.002500
        Episode_Reward/base_height_fine: 6.1469
           Episode_Reward/ankle_torques: -0.3373
            Episode_Reward/joint_acc_l2: 0.0000
             Episode_Reward/action_rate: -46.2034
           Episode_Reward/feet_yaw_mean: -0.9700
           Episode_Reward/feet_distance: -0.4328
             Episode_Reward/ground_slam: -5.7876
         Curriculum/polish_joint_vel_l2: -0.0010
              Episode_Reward/feet_slide: -1.2467
       Episode_Reward/base_height_rough: 2.3127
           Episode_Reward/forward_pitch: -1.3732
        Episode_Reward/joint_pos_limits: -0.0151
     Episode_Reward/completely_airborne: -4.0024
              Curriculum/terrain_levels: 0.0000
              Episode_Reward/torso_roll: -2.0018
      Episode_Reward/joint_deviation_l1: -1.2620
           Episode_Termination/time_out: 0.9700
      Episode_Reward/base_height_medium: 3.6820
    Episode_Reward/joint_tracking_error: -3.7644
        Curriculum/random_fallen_states: 0.0000
            Metrics/height/height_error: nan
           Curriculum/polish_torso_slam: -5.0000
               Curriculum/adaptive_lift: 0.9995
        Episode_Reward/joint_vel_limits: -0.0027
              Episode_Reward/torso_slam: -8.2017
  Episode_Reward/feet_distance_standing: -0.4159
     Curriculum/polish_action_rate_rate: -0.1500
            Episode_Reward/joint_vel_l2: -1.7932
         Episode_Reward/ground_unloaded: -0.8193
           Episode_Reward/body_velocity: -15.3188
          Curriculum/polish_ground_slam: -1.0000
         Episode_Reward/severely_tilted: -0.0746
 Episode_Reward/joint_deviation_l1_arms: -0.7465
               Episode_Reward/flat_feet: -2.3284
           Curriculum/polish_not_moving: -1.0000
              Episode_Reward/relaxation: -9.3518
        Episode_Reward/joint_torques_l2: -1.1557
           Episode_Reward/torso_upright: -0.0847
      Episode_Termination/invalid_state: 0.0300
        Episode_Reward/illegal_contacts: -0.3058
        Episode_Reward/action_rate_rate: -20.5212
              Episode_Reward/not_moving: -4.8809
           Episode_Reward/torque_limits: -1.1955
--------------------------------------------------------------------------------
                         Iteration time: 1.27s
                           Time elapsed: 0:01:11
                                    ETA: 0:20:06

################################################################################
[1m                           Learning iteration 56/1000                           [0m 

                               Run name: height_tracking_g1
                            Total steps: 5603328 
                       Steps per second: 77990 
                        Collection time: 1.026s 
                          Learning time: 0.234s 
                        Mean value loss: 1.1489
                    Mean surrogate loss: -0.0047
                      Mean entropy loss: 37.4041
                     Mean symmetry loss: 0.0021
                   Mean l2c2_actor loss: 0.0048
                  Mean l2c2_critic loss: 0.0191
                            Mean reward: -1734.54
                    Mean episode length: 732.44
                        Mean action std: 0.88
                    Entropy coefficient: 0.002500
        Episode_Reward/base_height_fine: 6.4097
           Episode_Reward/ankle_torques: -0.2999
            Episode_Reward/joint_acc_l2: 0.0000
             Episode_Reward/action_rate: -45.5302
           Episode_Reward/feet_yaw_mean: -0.8526
           Episode_Reward/feet_distance: -0.3868
             Episode_Reward/ground_slam: -5.3652
         Curriculum/polish_joint_vel_l2: -0.0010
              Episode_Reward/feet_slide: -1.2550
       Episode_Reward/base_height_rough: 2.3494
           Episode_Reward/forward_pitch: -1.4350
        Episode_Reward/joint_pos_limits: -0.0144
     Episode_Reward/completely_airborne: -3.5697
              Curriculum/terrain_levels: 0.0000
              Episode_Reward/torso_roll: -1.9437
      Episode_Reward/joint_deviation_l1: -1.2041
           Episode_Termination/time_out: 0.9701
      Episode_Reward/base_height_medium: 3.7990
    Episode_Reward/joint_tracking_error: -3.6010
        Curriculum/random_fallen_states: 0.0000
            Metrics/height/height_error: nan
           Curriculum/polish_torso_slam: -5.0000
               Curriculum/adaptive_lift: 0.9995
        Episode_Reward/joint_vel_limits: -0.0025
              Episode_Reward/torso_slam: -7.1814
  Episode_Reward/feet_distance_standing: -0.3610
     Curriculum/polish_action_rate_rate: -0.1500
            Episode_Reward/joint_vel_l2: -1.7333
         Episode_Reward/ground_unloaded: -0.8149
           Episode_Reward/body_velocity: -13.2498
          Curriculum/polish_ground_slam: -1.0000
         Episode_Reward/severely_tilted: -0.0592
 Episode_Reward/joint_deviation_l1_arms: -0.6940
               Episode_Reward/flat_feet: -2.3089
           Curriculum/polish_not_moving: -1.0000
              Episode_Reward/relaxation: -8.6557
        Episode_Reward/joint_torques_l2: -1.0833
           Episode_Reward/torso_upright: -0.0870
      Episode_Termination/invalid_state: 0.0299
        Episode_Reward/illegal_contacts: -0.3099
        Episode_Reward/action_rate_rate: -20.2045
              Episode_Reward/not_moving: -5.1090
           Episode_Reward/torque_limits: -1.1251
--------------------------------------------------------------------------------
                         Iteration time: 1.26s
                           Time elapsed: 0:01:12
                                    ETA: 0:20:04

################################################################################
[1m                           Learning iteration 57/1000                           [0m 

                               Run name: height_tracking_g1
                            Total steps: 5701632 
                       Steps per second: 78460 
                        Collection time: 1.020s 
                          Learning time: 0.233s 
                        Mean value loss: 1.1055
                    Mean surrogate loss: -0.0035
                      Mean entropy loss: 37.3339
                     Mean symmetry loss: 0.0019
                   Mean l2c2_actor loss: 0.0048
                  Mean l2c2_critic loss: 0.0196
                            Mean reward: -1802.09
                    Mean episode length: 749.05
                        Mean action std: 0.88
                    Entropy coefficient: 0.002500
        Episode_Reward/base_height_fine: 6.1376
           Episode_Reward/ankle_torques: -0.3076
            Episode_Reward/joint_acc_l2: 0.0000
             Episode_Reward/action_rate: -46.1845
           Episode_Reward/feet_yaw_mean: -0.9204
           Episode_Reward/feet_distance: -0.4244
             Episode_Reward/ground_slam: -5.7369
         Curriculum/polish_joint_vel_l2: -0.0010
              Episode_Reward/feet_slide: -1.2651
       Episode_Reward/base_height_rough: 2.3456
           Episode_Reward/forward_pitch: -1.4636
        Episode_Reward/joint_pos_limits: -0.0152
     Episode_Reward/completely_airborne: -3.7319
              Curriculum/terrain_levels: 0.0000
              Episode_Reward/torso_roll: -2.0164
      Episode_Reward/joint_deviation_l1: -1.1841
           Episode_Termination/time_out: 0.9705
      Episode_Reward/base_height_medium: 3.7142
    Episode_Reward/joint_tracking_error: -3.6672
        Curriculum/random_fallen_states: 0.0000
            Metrics/height/height_error: nan
           Curriculum/polish_torso_slam: -5.0000
               Curriculum/adaptive_lift: 0.9995
        Episode_Reward/joint_vel_limits: -0.0026
              Episode_Reward/torso_slam: -7.7349
  Episode_Reward/feet_distance_standing: -0.3649
     Curriculum/polish_action_rate_rate: -0.1500
            Episode_Reward/joint_vel_l2: -1.7655
         Episode_Reward/ground_unloaded: -0.8337
           Episode_Reward/body_velocity: -14.1972
          Curriculum/polish_ground_slam: -1.0000
         Episode_Reward/severely_tilted: -0.0590
 Episode_Reward/joint_deviation_l1_arms: -0.6922
               Episode_Reward/flat_feet: -2.3720
           Curriculum/polish_not_moving: -1.0000
              Episode_Reward/relaxation: -8.9339
        Episode_Reward/joint_torques_l2: -1.1220
           Episode_Reward/torso_upright: -0.0807
      Episode_Termination/invalid_state: 0.0295
        Episode_Reward/illegal_contacts: -0.3296
        Episode_Reward/action_rate_rate: -20.5000
              Episode_Reward/not_moving: -4.7612
           Episode_Reward/torque_limits: -1.1649
--------------------------------------------------------------------------------
                         Iteration time: 1.25s
                           Time elapsed: 0:01:14
                                    ETA: 0:20:02

################################################################################
[1m                           Learning iteration 58/1000                           [0m 

                               Run name: height_tracking_g1
                            Total steps: 5799936 
                       Steps per second: 76599 
                        Collection time: 1.026s 
                          Learning time: 0.258s 
                        Mean value loss: 1.2458
                    Mean surrogate loss: -0.0043
                      Mean entropy loss: 37.2659
                     Mean symmetry loss: 0.0021
                   Mean l2c2_actor loss: 0.0048
                  Mean l2c2_critic loss: 0.0233
                            Mean reward: -1717.97
                    Mean episode length: 728.71
                        Mean action std: 0.88
                    Entropy coefficient: 0.002500
        Episode_Reward/base_height_fine: 6.4118
           Episode_Reward/ankle_torques: -0.3113
            Episode_Reward/joint_acc_l2: 0.0000
             Episode_Reward/action_rate: -45.0972
           Episode_Reward/feet_yaw_mean: -0.8034
           Episode_Reward/feet_distance: -0.3906
             Episode_Reward/ground_slam: -5.3224
         Curriculum/polish_joint_vel_l2: -0.0010
              Episode_Reward/feet_slide: -1.2293
       Episode_Reward/base_height_rough: 2.3506
           Episode_Reward/forward_pitch: -1.4173
        Episode_Reward/joint_pos_limits: -0.0145
     Episode_Reward/completely_airborne: -3.6582
              Curriculum/terrain_levels: 0.0000
              Episode_Reward/torso_roll: -1.9386
      Episode_Reward/joint_deviation_l1: -1.1924
           Episode_Termination/time_out: 0.9711
      Episode_Reward/base_height_medium: 3.7959
    Episode_Reward/joint_tracking_error: -3.5456
        Curriculum/random_fallen_states: 0.0000
            Metrics/height/height_error: nan
           Curriculum/polish_torso_slam: -5.0000
               Curriculum/adaptive_lift: 0.9995
        Episode_Reward/joint_vel_limits: -0.0025
              Episode_Reward/torso_slam: -7.1385
  Episode_Reward/feet_distance_standing: -0.3409
     Curriculum/polish_action_rate_rate: -0.1500
            Episode_Reward/joint_vel_l2: -1.7195
         Episode_Reward/ground_unloaded: -0.7972
           Episode_Reward/body_velocity: -13.4268
          Curriculum/polish_ground_slam: -1.0000
         Episode_Reward/severely_tilted: -0.0682
 Episode_Reward/joint_deviation_l1_arms: -0.6898
               Episode_Reward/flat_feet: -2.3299
           Curriculum/polish_not_moving: -1.0000
              Episode_Reward/relaxation: -8.9735
        Episode_Reward/joint_torques_l2: -1.0827
           Episode_Reward/torso_upright: -0.0944
      Episode_Termination/invalid_state: 0.0289
        Episode_Reward/illegal_contacts: -0.3131
        Episode_Reward/action_rate_rate: -20.0202
              Episode_Reward/not_moving: -5.0797
           Episode_Reward/torque_limits: -1.1081
--------------------------------------------------------------------------------
                         Iteration time: 1.28s
                           Time elapsed: 0:01:15
                                    ETA: 0:20:01

################################################################################
[1m                           Learning iteration 59/1000                           [0m 

                               Run name: height_tracking_g1
                            Total steps: 5898240 
                       Steps per second: 63067 
                        Collection time: 1.325s 
                          Learning time: 0.234s 
                        Mean value loss: 1.0764
                    Mean surrogate loss: -0.0035
                      Mean entropy loss: 37.1875
                     Mean symmetry loss: 0.0020
                   Mean l2c2_actor loss: 0.0047
                  Mean l2c2_critic loss: 0.0234
                            Mean reward: -1765.31
                    Mean episode length: 746.77
                        Mean action std: 0.87
                    Entropy coefficient: 0.002500
        Episode_Reward/base_height_fine: 6.6508
           Episode_Reward/ankle_torques: -0.2979
            Episode_Reward/joint_acc_l2: 0.0000
             Episode_Reward/action_rate: -45.7549
           Episode_Reward/feet_yaw_mean: -0.7838
           Episode_Reward/feet_distance: -0.3903
             Episode_Reward/ground_slam: -5.3782
         Curriculum/polish_joint_vel_l2: -0.0010
              Episode_Reward/feet_slide: -1.2238
       Episode_Reward/base_height_rough: 2.4248
           Episode_Reward/forward_pitch: -1.3132
        Episode_Reward/joint_pos_limits: -0.0148
     Episode_Reward/completely_airborne: -3.8668
              Curriculum/terrain_levels: 0.0000
              Episode_Reward/torso_roll: -1.9362
      Episode_Reward/joint_deviation_l1: -1.2604
           Episode_Termination/time_out: 0.9715
      Episode_Reward/base_height_medium: 3.9233
    Episode_Reward/joint_tracking_error: -3.5437
        Curriculum/random_fallen_states: 0.0000
            Metrics/height/height_error: nan
           Curriculum/polish_torso_slam: -5.0000
               Curriculum/adaptive_lift: 0.9995
        Episode_Reward/joint_vel_limits: -0.0025
              Episode_Reward/torso_slam: -7.4906
  Episode_Reward/feet_distance_standing: -0.3494
     Curriculum/polish_action_rate_rate: -0.1500
            Episode_Reward/joint_vel_l2: -1.7231
         Episode_Reward/ground_unloaded: -0.8390
           Episode_Reward/body_velocity: -13.2827
          Curriculum/polish_ground_slam: -1.0000
         Episode_Reward/severely_tilted: -0.0616
 Episode_Reward/joint_deviation_l1_arms: -0.7097
               Episode_Reward/flat_feet: -2.3115
           Curriculum/polish_not_moving: -1.0000
              Episode_Reward/relaxation: -8.7455
        Episode_Reward/joint_torques_l2: -1.1123
           Episode_Reward/torso_upright: -0.0997
      Episode_Termination/invalid_state: 0.0285
        Episode_Reward/illegal_contacts: -0.3022
        Episode_Reward/action_rate_rate: -20.2969
              Episode_Reward/not_moving: -5.1975
           Episode_Reward/torque_limits: -1.1101
--------------------------------------------------------------------------------
                         Iteration time: 1.56s
                           Time elapsed: 0:01:16
                                    ETA: 0:20:04

################################################################################
[1m                           Learning iteration 60/1000                           [0m 

                               Run name: height_tracking_g1
                            Total steps: 5996544 
                       Steps per second: 78883 
                        Collection time: 1.013s 
                          Learning time: 0.233s 
                        Mean value loss: 1.1618
                    Mean surrogate loss: -0.0044
                      Mean entropy loss: 37.1282
                     Mean symmetry loss: 0.0021
                   Mean l2c2_actor loss: 0.0047
                  Mean l2c2_critic loss: 0.0229
                            Mean reward: -1756.12
                    Mean episode length: 742.59
                        Mean action std: 0.87
                    Entropy coefficient: 0.002500
        Episode_Reward/base_height_fine: 6.2350
           Episode_Reward/ankle_torques: -0.3028
            Episode_Reward/joint_acc_l2: 0.0000
             Episode_Reward/action_rate: -45.3702
           Episode_Reward/feet_yaw_mean: -0.7949
           Episode_Reward/feet_distance: -0.3917
             Episode_Reward/ground_slam: -5.2707
         Curriculum/polish_joint_vel_l2: -0.0010
              Episode_Reward/feet_slide: -1.2282
       Episode_Reward/base_height_rough: 2.3005
           Episode_Reward/forward_pitch: -1.4013
        Episode_Reward/joint_pos_limits: -0.0146
     Episode_Reward/completely_airborne: -3.8397
              Curriculum/terrain_levels: 0.0000
              Episode_Reward/torso_roll: -1.9727
      Episode_Reward/joint_deviation_l1: -1.2062
           Episode_Termination/time_out: 0.9720
      Episode_Reward/base_height_medium: 3.6995
    Episode_Reward/joint_tracking_error: -3.5127
        Curriculum/random_fallen_states: 0.0000
            Metrics/height/height_error: nan
           Curriculum/polish_torso_slam: -5.0000
               Curriculum/adaptive_lift: 0.9995
        Episode_Reward/joint_vel_limits: -0.0024
              Episode_Reward/torso_slam: -7.1360
  Episode_Reward/feet_distance_standing: -0.3477
     Curriculum/polish_action_rate_rate: -0.1500
            Episode_Reward/joint_vel_l2: -1.7130
         Episode_Reward/ground_unloaded: -0.7811
           Episode_Reward/body_velocity: -13.1255
          Curriculum/polish_ground_slam: -1.0000
         Episode_Reward/severely_tilted: -0.0627
 Episode_Reward/joint_deviation_l1_arms: -0.6932
               Episode_Reward/flat_feet: -2.3326
           Curriculum/polish_not_moving: -1.0000
              Episode_Reward/relaxation: -9.8335
        Episode_Reward/joint_torques_l2: -1.1000
           Episode_Reward/torso_upright: -0.0894
      Episode_Termination/invalid_state: 0.0280
        Episode_Reward/illegal_contacts: -0.3113
        Episode_Reward/action_rate_rate: -20.1639
              Episode_Reward/not_moving: -4.8087
           Episode_Reward/torque_limits: -1.0953
--------------------------------------------------------------------------------
                         Iteration time: 1.25s
                           Time elapsed: 0:01:18
                                    ETA: 0:20:02

################################################################################
[1m                           Learning iteration 61/1000                           [0m 

                               Run name: height_tracking_g1
                            Total steps: 6094848 
                       Steps per second: 78915 
                        Collection time: 1.013s 
                          Learning time: 0.233s 
                        Mean value loss: 1.1572
                    Mean surrogate loss: -0.0033
                      Mean entropy loss: 37.0474
                     Mean symmetry loss: 0.0020
                   Mean l2c2_actor loss: 0.0047
                  Mean l2c2_critic loss: 0.0219
                            Mean reward: -1716.73
                    Mean episode length: 741.12
                        Mean action std: 0.87
                    Entropy coefficient: 0.002500
        Episode_Reward/base_height_fine: 6.5543
           Episode_Reward/ankle_torques: -0.3196
            Episode_Reward/joint_acc_l2: 0.0000
             Episode_Reward/action_rate: -44.8119
           Episode_Reward/feet_yaw_mean: -0.8746
           Episode_Reward/feet_distance: -0.4054
             Episode_Reward/ground_slam: -5.3695
         Curriculum/polish_joint_vel_l2: -0.0010
              Episode_Reward/feet_slide: -1.2298
       Episode_Reward/base_height_rough: 2.4292
           Episode_Reward/forward_pitch: -1.3393
        Episode_Reward/joint_pos_limits: -0.0147
     Episode_Reward/completely_airborne: -3.5993
              Curriculum/terrain_levels: 0.0000
              Episode_Reward/torso_roll: -1.9126
      Episode_Reward/joint_deviation_l1: -1.2857
           Episode_Termination/time_out: 0.9726
      Episode_Reward/base_height_medium: 3.9134
    Episode_Reward/joint_tracking_error: -3.5236
        Curriculum/random_fallen_states: 0.0000
            Metrics/height/height_error: nan
           Curriculum/polish_torso_slam: -5.0000
               Curriculum/adaptive_lift: 0.9995
        Episode_Reward/joint_vel_limits: -0.0025
              Episode_Reward/torso_slam: -7.3320
  Episode_Reward/feet_distance_standing: -0.3813
     Curriculum/polish_action_rate_rate: -0.1500
            Episode_Reward/joint_vel_l2: -1.7158
         Episode_Reward/ground_unloaded: -0.8408
           Episode_Reward/body_velocity: -13.4621
          Curriculum/polish_ground_slam: -1.0000
         Episode_Reward/severely_tilted: -0.0581
 Episode_Reward/joint_deviation_l1_arms: -0.7284
               Episode_Reward/flat_feet: -2.2790
           Curriculum/polish_not_moving: -1.0000
              Episode_Reward/relaxation: -8.3381
        Episode_Reward/joint_torques_l2: -1.0948
           Episode_Reward/torso_upright: -0.0924
      Episode_Termination/invalid_state: 0.0274
        Episode_Reward/illegal_contacts: -0.3024
        Episode_Reward/action_rate_rate: -19.8955
              Episode_Reward/not_moving: -5.0946
           Episode_Reward/torque_limits: -1.0917
--------------------------------------------------------------------------------
                         Iteration time: 1.25s
                           Time elapsed: 0:01:19
                                    ETA: 0:20:01

################################################################################
[1m                           Learning iteration 62/1000                           [0m 

                               Run name: height_tracking_g1
                            Total steps: 6193152 
                       Steps per second: 78907 
                        Collection time: 1.013s 
                          Learning time: 0.233s 
                        Mean value loss: 1.0004
                    Mean surrogate loss: -0.0046
                      Mean entropy loss: 36.9462
                     Mean symmetry loss: 0.0021
                   Mean l2c2_actor loss: 0.0047
                  Mean l2c2_critic loss: 0.0208
                            Mean reward: -1748.40
                    Mean episode length: 742.61
                        Mean action std: 0.87
                    Entropy coefficient: 0.002500
        Episode_Reward/base_height_fine: 6.3979
           Episode_Reward/ankle_torques: -0.2983
            Episode_Reward/joint_acc_l2: 0.0000
             Episode_Reward/action_rate: -45.0675
           Episode_Reward/feet_yaw_mean: -0.8617
           Episode_Reward/feet_distance: -0.4111
             Episode_Reward/ground_slam: -5.3405
         Curriculum/polish_joint_vel_l2: -0.0010
              Episode_Reward/feet_slide: -1.2451
       Episode_Reward/base_height_rough: 2.3481
           Episode_Reward/forward_pitch: -1.3414
        Episode_Reward/joint_pos_limits: -0.0144
     Episode_Reward/completely_airborne: -3.7950
              Curriculum/terrain_levels: 0.0000
              Episode_Reward/torso_roll: -1.8860
      Episode_Reward/joint_deviation_l1: -1.2811
           Episode_Termination/time_out: 0.9741
      Episode_Reward/base_height_medium: 3.7872
    Episode_Reward/joint_tracking_error: -3.4515
        Curriculum/random_fallen_states: 0.0000
            Metrics/height/height_error: nan
           Curriculum/polish_torso_slam: -5.0000
               Curriculum/adaptive_lift: 0.9995
        Episode_Reward/joint_vel_limits: -0.0023
              Episode_Reward/torso_slam: -7.3014
  Episode_Reward/feet_distance_standing: -0.3962
     Curriculum/polish_action_rate_rate: -0.1500
            Episode_Reward/joint_vel_l2: -1.6867
         Episode_Reward/ground_unloaded: -0.7861
           Episode_Reward/body_velocity: -13.1498
          Curriculum/polish_ground_slam: -1.0000
         Episode_Reward/severely_tilted: -0.0684
 Episode_Reward/joint_deviation_l1_arms: -0.7087
               Episode_Reward/flat_feet: -2.3310
           Curriculum/polish_not_moving: -1.0000
              Episode_Reward/relaxation: -9.1593
        Episode_Reward/joint_torques_l2: -1.0658
           Episode_Reward/torso_upright: -0.0964
      Episode_Termination/invalid_state: 0.0259
        Episode_Reward/illegal_contacts: -0.2856
        Episode_Reward/action_rate_rate: -19.9935
              Episode_Reward/not_moving: -4.8741
           Episode_Reward/torque_limits: -1.0708
--------------------------------------------------------------------------------
                         Iteration time: 1.25s
                           Time elapsed: 0:01:20
                                    ETA: 0:19:59

################################################################################
[1m                           Learning iteration 63/1000                           [0m 

                               Run name: height_tracking_g1
                            Total steps: 6291456 
                       Steps per second: 79014 
                        Collection time: 1.011s 
                          Learning time: 0.233s 
                        Mean value loss: 1.0961
                    Mean surrogate loss: -0.0036
                      Mean entropy loss: 36.8838
                     Mean symmetry loss: 0.0020
                   Mean l2c2_actor loss: 0.0048
                  Mean l2c2_critic loss: 0.0214
                            Mean reward: -1679.60
                    Mean episode length: 722.48
                        Mean action std: 0.87
                    Entropy coefficient: 0.002500
        Episode_Reward/base_height_fine: 5.9099
           Episode_Reward/ankle_torques: -0.2852
            Episode_Reward/joint_acc_l2: 0.0000
             Episode_Reward/action_rate: -42.4196
           Episode_Reward/feet_yaw_mean: -0.7761
           Episode_Reward/feet_distance: -0.3703
             Episode_Reward/ground_slam: -5.0350
         Curriculum/polish_joint_vel_l2: -0.0010
              Episode_Reward/feet_slide: -1.1570
       Episode_Reward/base_height_rough: 2.2221
           Episode_Reward/forward_pitch: -1.3090
        Episode_Reward/joint_pos_limits: -0.0138
     Episode_Reward/completely_airborne: -3.6046
              Curriculum/terrain_levels: 0.0000
              Episode_Reward/torso_roll: -1.8710
      Episode_Reward/joint_deviation_l1: -1.0572
           Episode_Termination/time_out: 0.9749
      Episode_Reward/base_height_medium: 3.5388
    Episode_Reward/joint_tracking_error: -3.2860
        Curriculum/random_fallen_states: 0.0000
            Metrics/height/height_error: nan
           Curriculum/polish_torso_slam: -5.0000
               Curriculum/adaptive_lift: 0.9995
        Episode_Reward/joint_vel_limits: -0.0022
              Episode_Reward/torso_slam: -6.8825
  Episode_Reward/feet_distance_standing: -0.3264
     Curriculum/polish_action_rate_rate: -0.1500
            Episode_Reward/joint_vel_l2: -1.5838
         Episode_Reward/ground_unloaded: -0.7689
           Episode_Reward/body_velocity: -12.7280
          Curriculum/polish_ground_slam: -1.0000
         Episode_Reward/severely_tilted: -0.0602
 Episode_Reward/joint_deviation_l1_arms: -0.6079
               Episode_Reward/flat_feet: -2.2397
           Curriculum/polish_not_moving: -1.0000
              Episode_Reward/relaxation: -8.5511
        Episode_Reward/joint_torques_l2: -1.0469
           Episode_Reward/torso_upright: -0.0708
      Episode_Termination/invalid_state: 0.0251
        Episode_Reward/illegal_contacts: -0.3037
        Episode_Reward/action_rate_rate: -18.8315
              Episode_Reward/not_moving: -4.5279
           Episode_Reward/torque_limits: -1.0259
--------------------------------------------------------------------------------
                         Iteration time: 1.24s
                           Time elapsed: 0:01:21
                                    ETA: 0:19:57

################################################################################
[1m                           Learning iteration 64/1000                           [0m 

                               Run name: height_tracking_g1
                            Total steps: 6389760 
                       Steps per second: 79017 
                        Collection time: 1.011s 
                          Learning time: 0.233s 
                        Mean value loss: 0.9951
                    Mean surrogate loss: -0.0039
                      Mean entropy loss: 36.7706
                     Mean symmetry loss: 0.0021
                   Mean l2c2_actor loss: 0.0049
                  Mean l2c2_critic loss: 0.0206
                            Mean reward: -1698.56
                    Mean episode length: 742.45
                        Mean action std: 0.86
                    Entropy coefficient: 0.002500
        Episode_Reward/base_height_fine: 6.9936
           Episode_Reward/ankle_torques: -0.2992
            Episode_Reward/joint_acc_l2: 0.0000
             Episode_Reward/action_rate: -44.8994
           Episode_Reward/feet_yaw_mean: -0.8976
           Episode_Reward/feet_distance: -0.4218
             Episode_Reward/ground_slam: -5.5925
         Curriculum/polish_joint_vel_l2: -0.0010
              Episode_Reward/feet_slide: -1.2452
       Episode_Reward/base_height_rough: 2.5519
           Episode_Reward/forward_pitch: -1.3895
        Episode_Reward/joint_pos_limits: -0.0151
     Episode_Reward/completely_airborne: -3.7386
              Curriculum/terrain_levels: 0.0000
              Episode_Reward/torso_roll: -1.9385
      Episode_Reward/joint_deviation_l1: -1.2333
           Episode_Termination/time_out: 0.9749
      Episode_Reward/base_height_medium: 4.1642
    Episode_Reward/joint_tracking_error: -3.5089
        Curriculum/random_fallen_states: 0.0000
            Metrics/height/height_error: nan
           Curriculum/polish_torso_slam: -5.0000
               Curriculum/adaptive_lift: 0.9995
        Episode_Reward/joint_vel_limits: -0.0024
              Episode_Reward/torso_slam: -7.8065
  Episode_Reward/feet_distance_standing: -0.3763
     Curriculum/polish_action_rate_rate: -0.1500
            Episode_Reward/joint_vel_l2: -1.7130
         Episode_Reward/ground_unloaded: -0.9076
           Episode_Reward/body_velocity: -13.6484
          Curriculum/polish_ground_slam: -1.0000
         Episode_Reward/severely_tilted: -0.0597
 Episode_Reward/joint_deviation_l1_arms: -0.7035
               Episode_Reward/flat_feet: -2.3346
           Curriculum/polish_not_moving: -1.0000
              Episode_Reward/relaxation: -7.5032
        Episode_Reward/joint_torques_l2: -1.1069
           Episode_Reward/torso_upright: -0.0869
      Episode_Termination/invalid_state: 0.0251
        Episode_Reward/illegal_contacts: -0.3111
        Episode_Reward/action_rate_rate: -19.9383
              Episode_Reward/not_moving: -5.4034
           Episode_Reward/torque_limits: -1.1086
--------------------------------------------------------------------------------
                         Iteration time: 1.24s
                           Time elapsed: 0:01:23
                                    ETA: 0:19:55

################################################################################
[1m                           Learning iteration 65/1000                           [0m 

                               Run name: height_tracking_g1
                            Total steps: 6488064 
                       Steps per second: 77539 
                        Collection time: 1.031s 
                          Learning time: 0.236s 
                        Mean value loss: 1.0182
                    Mean surrogate loss: -0.0032
                      Mean entropy loss: 36.7300
                     Mean symmetry loss: 0.0020
                   Mean l2c2_actor loss: 0.0048
                  Mean l2c2_critic loss: 0.0215
                            Mean reward: -1668.44
                    Mean episode length: 742.77
                        Mean action std: 0.86
                    Entropy coefficient: 0.002500
        Episode_Reward/base_height_fine: 6.7416
           Episode_Reward/ankle_torques: -0.2802
            Episode_Reward/joint_acc_l2: 0.0000
             Episode_Reward/action_rate: -44.5231
           Episode_Reward/feet_yaw_mean: -0.8626
           Episode_Reward/feet_distance: -0.3991
             Episode_Reward/ground_slam: -5.2258
         Curriculum/polish_joint_vel_l2: -0.0010
              Episode_Reward/feet_slide: -1.2208
       Episode_Reward/base_height_rough: 2.4598
           Episode_Reward/forward_pitch: -1.3011
        Episode_Reward/joint_pos_limits: -0.0147
     Episode_Reward/completely_airborne: -3.6387
              Curriculum/terrain_levels: 0.0000
              Episode_Reward/torso_roll: -1.9259
      Episode_Reward/joint_deviation_l1: -1.2176
           Episode_Termination/time_out: 0.9751
      Episode_Reward/base_height_medium: 3.9880
    Episode_Reward/joint_tracking_error: -3.3956
        Curriculum/random_fallen_states: 0.0000
            Metrics/height/height_error: nan
           Curriculum/polish_torso_slam: -5.0000
               Curriculum/adaptive_lift: 0.9995
        Episode_Reward/joint_vel_limits: -0.0023
              Episode_Reward/torso_slam: -7.2926
  Episode_Reward/feet_distance_standing: -0.3672
     Curriculum/polish_action_rate_rate: -0.1500
            Episode_Reward/joint_vel_l2: -1.6703
         Episode_Reward/ground_unloaded: -0.8508
           Episode_Reward/body_velocity: -12.9786
          Curriculum/polish_ground_slam: -1.0000
         Episode_Reward/severely_tilted: -0.0546
 Episode_Reward/joint_deviation_l1_arms: -0.6822
               Episode_Reward/flat_feet: -2.3286
           Curriculum/polish_not_moving: -1.0000
              Episode_Reward/relaxation: -8.1302
        Episode_Reward/joint_torques_l2: -1.0637
           Episode_Reward/torso_upright: -0.0866
      Episode_Termination/invalid_state: 0.0251
        Episode_Reward/illegal_contacts: -0.3017
        Episode_Reward/action_rate_rate: -19.7644
              Episode_Reward/not_moving: -5.1627
           Episode_Reward/torque_limits: -1.0636
--------------------------------------------------------------------------------
                         Iteration time: 1.27s
                           Time elapsed: 0:01:24
                                    ETA: 0:19:54

################################################################################
[1m                           Learning iteration 66/1000                           [0m 

                               Run name: height_tracking_g1
                            Total steps: 6586368 
                       Steps per second: 78789 
                        Collection time: 1.015s 
                          Learning time: 0.233s 
                        Mean value loss: 0.9846
                    Mean surrogate loss: -0.0038
                      Mean entropy loss: 36.6148
                     Mean symmetry loss: 0.0021
                   Mean l2c2_actor loss: 0.0048
                  Mean l2c2_critic loss: 0.0217
                            Mean reward: -1682.19
                    Mean episode length: 742.82
                        Mean action std: 0.86
                    Entropy coefficient: 0.002500
        Episode_Reward/base_height_fine: 6.6028
           Episode_Reward/ankle_torques: -0.2962
            Episode_Reward/joint_acc_l2: 0.0000
             Episode_Reward/action_rate: -44.3987
           Episode_Reward/feet_yaw_mean: -0.8046
           Episode_Reward/feet_distance: -0.4048
             Episode_Reward/ground_slam: -5.1069
         Curriculum/polish_joint_vel_l2: -0.0010
              Episode_Reward/feet_slide: -1.2246
       Episode_Reward/base_height_rough: 2.4223
           Episode_Reward/forward_pitch: -1.2649
        Episode_Reward/joint_pos_limits: -0.0143
     Episode_Reward/completely_airborne: -3.6174
              Curriculum/terrain_levels: 0.0000
              Episode_Reward/torso_roll: -1.9203
      Episode_Reward/joint_deviation_l1: -1.2244
           Episode_Termination/time_out: 0.9758
      Episode_Reward/base_height_medium: 3.9025
    Episode_Reward/joint_tracking_error: -3.3506
        Curriculum/random_fallen_states: 0.0000
            Metrics/height/height_error: nan
           Curriculum/polish_torso_slam: -5.0000
               Curriculum/adaptive_lift: 0.9995
        Episode_Reward/joint_vel_limits: -0.0022
              Episode_Reward/torso_slam: -6.7919
  Episode_Reward/feet_distance_standing: -0.3865
     Curriculum/polish_action_rate_rate: -0.1500
            Episode_Reward/joint_vel_l2: -1.6575
         Episode_Reward/ground_unloaded: -0.8102
           Episode_Reward/body_velocity: -12.6805
          Curriculum/polish_ground_slam: -1.0000
         Episode_Reward/severely_tilted: -0.0603
 Episode_Reward/joint_deviation_l1_arms: -0.6810
               Episode_Reward/flat_feet: -2.3173
           Curriculum/polish_not_moving: -1.0000
              Episode_Reward/relaxation: -8.7435
        Episode_Reward/joint_torques_l2: -1.0593
           Episode_Reward/torso_upright: -0.0908
      Episode_Termination/invalid_state: 0.0245
        Episode_Reward/illegal_contacts: -0.2871
        Episode_Reward/action_rate_rate: -19.7081
              Episode_Reward/not_moving: -5.0289
           Episode_Reward/torque_limits: -1.0440
--------------------------------------------------------------------------------
                         Iteration time: 1.25s
                           Time elapsed: 0:01:25
                                    ETA: 0:19:52

################################################################################
[1m                           Learning iteration 67/1000                           [0m 

                               Run name: height_tracking_g1
                            Total steps: 6684672 
                       Steps per second: 78918 
                        Collection time: 1.013s 
                          Learning time: 0.233s 
                        Mean value loss: 1.0009
                    Mean surrogate loss: -0.0027
                      Mean entropy loss: 36.5646
                     Mean symmetry loss: 0.0021
                   Mean l2c2_actor loss: 0.0049
                  Mean l2c2_critic loss: 0.0234
                            Mean reward: -1708.75
                    Mean episode length: 749.10
                        Mean action std: 0.86
                    Entropy coefficient: 0.002500
        Episode_Reward/base_height_fine: 5.9227
           Episode_Reward/ankle_torques: -0.2957
            Episode_Reward/joint_acc_l2: 0.0000
             Episode_Reward/action_rate: -44.0982
           Episode_Reward/feet_yaw_mean: -0.8325
           Episode_Reward/feet_distance: -0.3895
             Episode_Reward/ground_slam: -5.4644
         Curriculum/polish_joint_vel_l2: -0.0010
              Episode_Reward/feet_slide: -1.2267
       Episode_Reward/base_height_rough: 2.2385
           Episode_Reward/forward_pitch: -1.4482
        Episode_Reward/joint_pos_limits: -0.0143
     Episode_Reward/completely_airborne: -3.9396
              Curriculum/terrain_levels: 0.0000
              Episode_Reward/torso_roll: -1.9579
      Episode_Reward/joint_deviation_l1: -1.1749
           Episode_Termination/time_out: 0.9765
      Episode_Reward/base_height_medium: 3.5285
    Episode_Reward/joint_tracking_error: -3.3205
        Curriculum/random_fallen_states: 0.0000
            Metrics/height/height_error: nan
           Curriculum/polish_torso_slam: -5.0000
               Curriculum/adaptive_lift: 0.9995
        Episode_Reward/joint_vel_limits: -0.0021
              Episode_Reward/torso_slam: -7.4252
  Episode_Reward/feet_distance_standing: -0.3540
     Curriculum/polish_action_rate_rate: -0.1500
            Episode_Reward/joint_vel_l2: -1.6207
         Episode_Reward/ground_unloaded: -0.7378
           Episode_Reward/body_velocity: -12.9223
          Curriculum/polish_ground_slam: -1.0000
         Episode_Reward/severely_tilted: -0.0625
 Episode_Reward/joint_deviation_l1_arms: -0.6562
               Episode_Reward/flat_feet: -2.3520
           Curriculum/polish_not_moving: -1.0000
              Episode_Reward/relaxation: -10.1845
        Episode_Reward/joint_torques_l2: -1.0623
           Episode_Reward/torso_upright: -0.0810
      Episode_Termination/invalid_state: 0.0237
        Episode_Reward/illegal_contacts: -0.3200
        Episode_Reward/action_rate_rate: -19.5754
              Episode_Reward/not_moving: -4.4796
           Episode_Reward/torque_limits: -1.0265
--------------------------------------------------------------------------------
                         Iteration time: 1.25s
                           Time elapsed: 0:01:26
                                    ETA: 0:19:50

################################################################################
[1m                           Learning iteration 68/1000                           [0m 

                               Run name: height_tracking_g1
                            Total steps: 6782976 
                       Steps per second: 78796 
                        Collection time: 1.015s 
                          Learning time: 0.233s 
                        Mean value loss: 0.8924
                    Mean surrogate loss: -0.0031
                      Mean entropy loss: 36.4892
                     Mean symmetry loss: 0.0020
                   Mean l2c2_actor loss: 0.0049
                  Mean l2c2_critic loss: 0.0243
                            Mean reward: -1685.99
                    Mean episode length: 743.38
                        Mean action std: 0.85
                    Entropy coefficient: 0.002500
        Episode_Reward/base_height_fine: 6.3348
           Episode_Reward/ankle_torques: -0.2866
            Episode_Reward/joint_acc_l2: 0.0000
             Episode_Reward/action_rate: -44.0237
           Episode_Reward/feet_yaw_mean: -0.8972
           Episode_Reward/feet_distance: -0.3855
             Episode_Reward/ground_slam: -5.3465
         Curriculum/polish_joint_vel_l2: -0.0010
              Episode_Reward/feet_slide: -1.2113
       Episode_Reward/base_height_rough: 2.3908
           Episode_Reward/forward_pitch: -1.3867
        Episode_Reward/joint_pos_limits: -0.0150
     Episode_Reward/completely_airborne: -4.1328
              Curriculum/terrain_levels: 0.0000
              Episode_Reward/torso_roll: -1.9832
      Episode_Reward/joint_deviation_l1: -1.0841
           Episode_Termination/time_out: 0.9771
      Episode_Reward/base_height_medium: 3.8198
    Episode_Reward/joint_tracking_error: -3.3529
        Curriculum/random_fallen_states: 0.0000
            Metrics/height/height_error: nan
           Curriculum/polish_torso_slam: -5.0000
               Curriculum/adaptive_lift: 0.9995
        Episode_Reward/joint_vel_limits: -0.0021
              Episode_Reward/torso_slam: -7.3476
  Episode_Reward/feet_distance_standing: -0.3439
     Curriculum/polish_action_rate_rate: -0.1500
            Episode_Reward/joint_vel_l2: -1.6372
         Episode_Reward/ground_unloaded: -0.8513
           Episode_Reward/body_velocity: -12.9422
          Curriculum/polish_ground_slam: -1.0000
         Episode_Reward/severely_tilted: -0.0712
 Episode_Reward/joint_deviation_l1_arms: -0.6196
               Episode_Reward/flat_feet: -2.4005
           Curriculum/polish_not_moving: -1.0000
              Episode_Reward/relaxation: -8.3718
        Episode_Reward/joint_torques_l2: -1.0569
           Episode_Reward/torso_upright: -0.0695
      Episode_Termination/invalid_state: 0.0231
        Episode_Reward/illegal_contacts: -0.3258
        Episode_Reward/action_rate_rate: -19.5448
              Episode_Reward/not_moving: -4.6701
           Episode_Reward/torque_limits: -1.0475
--------------------------------------------------------------------------------
                         Iteration time: 1.25s
                           Time elapsed: 0:01:28
                                    ETA: 0:19:49

################################################################################
[1m                           Learning iteration 69/1000                           [0m 

                               Run name: height_tracking_g1
                            Total steps: 6881280 
                       Steps per second: 78874 
                        Collection time: 1.013s 
                          Learning time: 0.233s 
                        Mean value loss: 0.9518
                    Mean surrogate loss: -0.0035
                      Mean entropy loss: 36.4182
                     Mean symmetry loss: 0.0021
                   Mean l2c2_actor loss: 0.0050
                  Mean l2c2_critic loss: 0.0239
                            Mean reward: -1655.78
                    Mean episode length: 742.94
                        Mean action std: 0.85
                    Entropy coefficient: 0.002500
        Episode_Reward/base_height_fine: 7.0813
           Episode_Reward/ankle_torques: -0.3048
            Episode_Reward/joint_acc_l2: 0.0000
             Episode_Reward/action_rate: -43.6793
           Episode_Reward/feet_yaw_mean: -0.7920
           Episode_Reward/feet_distance: -0.3756
             Episode_Reward/ground_slam: -5.0478
         Curriculum/polish_joint_vel_l2: -0.0010
              Episode_Reward/feet_slide: -1.2206
       Episode_Reward/base_height_rough: 2.5332
           Episode_Reward/forward_pitch: -1.3000
        Episode_Reward/joint_pos_limits: -0.0144
     Episode_Reward/completely_airborne: -3.4426
              Curriculum/terrain_levels: 0.0000
              Episode_Reward/torso_roll: -1.8420
      Episode_Reward/joint_deviation_l1: -1.2420
           Episode_Termination/time_out: 0.9785
      Episode_Reward/base_height_medium: 4.1663
    Episode_Reward/joint_tracking_error: -3.2876
        Curriculum/random_fallen_states: 0.0000
            Metrics/height/height_error: nan
           Curriculum/polish_torso_slam: -5.0000
               Curriculum/adaptive_lift: 0.9995
        Episode_Reward/joint_vel_limits: -0.0023
              Episode_Reward/torso_slam: -6.7537
  Episode_Reward/feet_distance_standing: -0.3392
     Curriculum/polish_action_rate_rate: -0.1500
            Episode_Reward/joint_vel_l2: -1.6567
         Episode_Reward/ground_unloaded: -0.8826
           Episode_Reward/body_velocity: -12.2300
          Curriculum/polish_ground_slam: -1.0000
         Episode_Reward/severely_tilted: -0.0557
 Episode_Reward/joint_deviation_l1_arms: -0.6857
               Episode_Reward/flat_feet: -2.2989
           Curriculum/polish_not_moving: -1.0000
              Episode_Reward/relaxation: -7.6158
        Episode_Reward/joint_torques_l2: -1.0622
           Episode_Reward/torso_upright: -0.0940
      Episode_Termination/invalid_state: 0.0218
        Episode_Reward/illegal_contacts: -0.3014
        Episode_Reward/action_rate_rate: -19.3868
              Episode_Reward/not_moving: -5.3956
           Episode_Reward/torque_limits: -1.0274
--------------------------------------------------------------------------------
                         Iteration time: 1.25s
                           Time elapsed: 0:01:29
                                    ETA: 0:19:47

################################################################################
[1m                           Learning iteration 70/1000                           [0m 

                               Run name: height_tracking_g1
                            Total steps: 6979584 
                       Steps per second: 79011 
                        Collection time: 1.011s 
                          Learning time: 0.234s 
                        Mean value loss: 1.0263
                    Mean surrogate loss: -0.0036
                      Mean entropy loss: 36.3340
                     Mean symmetry loss: 0.0020
                   Mean l2c2_actor loss: 0.0050
                  Mean l2c2_critic loss: 0.0238
                            Mean reward: -1607.70
                    Mean episode length: 735.98
                        Mean action std: 0.85
                    Entropy coefficient: 0.002500
        Episode_Reward/base_height_fine: 6.5564
           Episode_Reward/ankle_torques: -0.2901
            Episode_Reward/joint_acc_l2: 0.0000
             Episode_Reward/action_rate: -43.4513
           Episode_Reward/feet_yaw_mean: -0.7303
           Episode_Reward/feet_distance: -0.3755
             Episode_Reward/ground_slam: -4.9571
         Curriculum/polish_joint_vel_l2: -0.0010
              Episode_Reward/feet_slide: -1.2195
       Episode_Reward/base_height_rough: 2.4595
           Episode_Reward/forward_pitch: -1.3720
        Episode_Reward/joint_pos_limits: -0.0141
     Episode_Reward/completely_airborne: -3.4240
              Curriculum/terrain_levels: 0.0000
              Episode_Reward/torso_roll: -1.9365
      Episode_Reward/joint_deviation_l1: -1.0557
           Episode_Termination/time_out: 0.9792
      Episode_Reward/base_height_medium: 3.9382
    Episode_Reward/joint_tracking_error: -3.2193
        Curriculum/random_fallen_states: 0.0000
            Metrics/height/height_error: nan
           Curriculum/polish_torso_slam: -5.0000
               Curriculum/adaptive_lift: 0.9995
        Episode_Reward/joint_vel_limits: -0.0021
              Episode_Reward/torso_slam: -6.5551
  Episode_Reward/feet_distance_standing: -0.3138
     Curriculum/polish_action_rate_rate: -0.1500
            Episode_Reward/joint_vel_l2: -1.6021
         Episode_Reward/ground_unloaded: -0.8263
           Episode_Reward/body_velocity: -11.7729
          Curriculum/polish_ground_slam: -1.0000
         Episode_Reward/severely_tilted: -0.0542
 Episode_Reward/joint_deviation_l1_arms: -0.6104
               Episode_Reward/flat_feet: -2.3691
           Curriculum/polish_not_moving: -1.0000
              Episode_Reward/relaxation: -8.1912
        Episode_Reward/joint_torques_l2: -1.0239
           Episode_Reward/torso_upright: -0.0762
      Episode_Termination/invalid_state: 0.0210
        Episode_Reward/illegal_contacts: -0.3060
        Episode_Reward/action_rate_rate: -19.2898
              Episode_Reward/not_moving: -4.8050
           Episode_Reward/torque_limits: -0.9845
--------------------------------------------------------------------------------
                         Iteration time: 1.24s
                           Time elapsed: 0:01:30
                                    ETA: 0:19:45

################################################################################
[1m                           Learning iteration 71/1000                           [0m 

                               Run name: height_tracking_g1
                            Total steps: 7077888 
                       Steps per second: 78726 
                        Collection time: 1.016s 
                          Learning time: 0.233s 
                        Mean value loss: 0.9166
                    Mean surrogate loss: -0.0029
                      Mean entropy loss: 36.2534
                     Mean symmetry loss: 0.0021
                   Mean l2c2_actor loss: 0.0050
                  Mean l2c2_critic loss: 0.0230
                            Mean reward: -1628.12
                    Mean episode length: 742.18
                        Mean action std: 0.85
                    Entropy coefficient: 0.002500
        Episode_Reward/base_height_fine: 6.3432
           Episode_Reward/ankle_torques: -0.3032
            Episode_Reward/joint_acc_l2: 0.0000
             Episode_Reward/action_rate: -43.4102
           Episode_Reward/feet_yaw_mean: -0.7817
           Episode_Reward/feet_distance: -0.3884
             Episode_Reward/ground_slam: -5.0824
         Curriculum/polish_joint_vel_l2: -0.0010
              Episode_Reward/feet_slide: -1.2013
       Episode_Reward/base_height_rough: 2.3461
           Episode_Reward/forward_pitch: -1.3603
        Episode_Reward/joint_pos_limits: -0.0140
     Episode_Reward/completely_airborne: -3.7066
              Curriculum/terrain_levels: 0.0000
              Episode_Reward/torso_roll: -1.9254
      Episode_Reward/joint_deviation_l1: -1.1106
           Episode_Termination/time_out: 0.9791
      Episode_Reward/base_height_medium: 3.7644
    Episode_Reward/joint_tracking_error: -3.1988
        Curriculum/random_fallen_states: 0.0000
            Metrics/height/height_error: nan
           Curriculum/polish_torso_slam: -5.0000
               Curriculum/adaptive_lift: 0.9995
        Episode_Reward/joint_vel_limits: -0.0020
              Episode_Reward/torso_slam: -6.8383
  Episode_Reward/feet_distance_standing: -0.3546
     Curriculum/polish_action_rate_rate: -0.1500
            Episode_Reward/joint_vel_l2: -1.5746
         Episode_Reward/ground_unloaded: -0.8062
           Episode_Reward/body_velocity: -12.0381
          Curriculum/polish_ground_slam: -1.0000
         Episode_Reward/severely_tilted: -0.0608
 Episode_Reward/joint_deviation_l1_arms: -0.6186
               Episode_Reward/flat_feet: -2.3431
           Curriculum/polish_not_moving: -1.0000
              Episode_Reward/relaxation: -8.6829
        Episode_Reward/joint_torques_l2: -1.0419
           Episode_Reward/torso_upright: -0.0768
      Episode_Termination/invalid_state: 0.0211
        Episode_Reward/illegal_contacts: -0.3192
        Episode_Reward/action_rate_rate: -19.2721
              Episode_Reward/not_moving: -4.7206
           Episode_Reward/torque_limits: -0.9707
--------------------------------------------------------------------------------
                         Iteration time: 1.25s
                           Time elapsed: 0:01:31
                                    ETA: 0:19:44

################################################################################
[1m                           Learning iteration 72/1000                           [0m 

                               Run name: height_tracking_g1
                            Total steps: 7176192 
                       Steps per second: 79439 
                        Collection time: 1.004s 
                          Learning time: 0.233s 
                        Mean value loss: 0.8767
                    Mean surrogate loss: -0.0030
                      Mean entropy loss: 36.1632
                     Mean symmetry loss: 0.0020
                   Mean l2c2_actor loss: 0.0050
                  Mean l2c2_critic loss: 0.0225
                            Mean reward: -1644.82
                    Mean episode length: 742.92
                        Mean action std: 0.85
                    Entropy coefficient: 0.002500
        Episode_Reward/base_height_fine: 6.7467
           Episode_Reward/ankle_torques: -0.2865
            Episode_Reward/joint_acc_l2: 0.0000
             Episode_Reward/action_rate: -43.0634
           Episode_Reward/feet_yaw_mean: -0.8271
           Episode_Reward/feet_distance: -0.3980
             Episode_Reward/ground_slam: -5.1421
         Curriculum/polish_joint_vel_l2: -0.0010
              Episode_Reward/feet_slide: -1.2027
       Episode_Reward/base_height_rough: 2.4831
           Episode_Reward/forward_pitch: -1.2818
        Episode_Reward/joint_pos_limits: -0.0144
     Episode_Reward/completely_airborne: -3.6040
              Curriculum/terrain_levels: 0.0000
              Episode_Reward/torso_roll: -1.8957
      Episode_Reward/joint_deviation_l1: -1.2347
           Episode_Termination/time_out: 0.9796
      Episode_Reward/base_height_medium: 4.0217
    Episode_Reward/joint_tracking_error: -3.2499
        Curriculum/random_fallen_states: 0.0000
            Metrics/height/height_error: nan
           Curriculum/polish_torso_slam: -5.0000
               Curriculum/adaptive_lift: 0.9995
        Episode_Reward/joint_vel_limits: -0.0021
              Episode_Reward/torso_slam: -7.1864
  Episode_Reward/feet_distance_standing: -0.3690
     Curriculum/polish_action_rate_rate: -0.1500
            Episode_Reward/joint_vel_l2: -1.6073
         Episode_Reward/ground_unloaded: -0.8538
           Episode_Reward/body_velocity: -12.8880
          Curriculum/polish_ground_slam: -1.0000
         Episode_Reward/severely_tilted: -0.0567
 Episode_Reward/joint_deviation_l1_arms: -0.6765
               Episode_Reward/flat_feet: -2.3081
           Curriculum/polish_not_moving: -1.0000
              Episode_Reward/relaxation: -7.7240
        Episode_Reward/joint_torques_l2: -1.0425
           Episode_Reward/torso_upright: -0.0867
      Episode_Termination/invalid_state: 0.0206
        Episode_Reward/illegal_contacts: -0.2967
        Episode_Reward/action_rate_rate: -19.1220
              Episode_Reward/not_moving: -4.9505
           Episode_Reward/torque_limits: -0.9825
--------------------------------------------------------------------------------
                         Iteration time: 1.24s
                           Time elapsed: 0:01:33
                                    ETA: 0:19:42

################################################################################
[1m                           Learning iteration 73/1000                           [0m 

                               Run name: height_tracking_g1
                            Total steps: 7274496 
                       Steps per second: 79045 
                        Collection time: 1.011s 
                          Learning time: 0.233s 
                        Mean value loss: 0.8591
                    Mean surrogate loss: -0.0027
                      Mean entropy loss: 36.1021
                     Mean symmetry loss: 0.0021
                   Mean l2c2_actor loss: 0.0051
                  Mean l2c2_critic loss: 0.0233
                            Mean reward: -1632.01
                    Mean episode length: 750.00
                        Mean action std: 0.84
                    Entropy coefficient: 0.002500
        Episode_Reward/base_height_fine: 6.5676
           Episode_Reward/ankle_torques: -0.2840
            Episode_Reward/joint_acc_l2: 0.0000
             Episode_Reward/action_rate: -43.1593
           Episode_Reward/feet_yaw_mean: -0.7934
           Episode_Reward/feet_distance: -0.3851
             Episode_Reward/ground_slam: -4.9636
         Curriculum/polish_joint_vel_l2: -0.0010
              Episode_Reward/feet_slide: -1.2066
       Episode_Reward/base_height_rough: 2.4083
           Episode_Reward/forward_pitch: -1.2881
        Episode_Reward/joint_pos_limits: -0.0142
     Episode_Reward/completely_airborne: -3.7104
              Curriculum/terrain_levels: 0.0000
              Episode_Reward/torso_roll: -1.9125
      Episode_Reward/joint_deviation_l1: -1.1395
           Episode_Termination/time_out: 0.9802
      Episode_Reward/base_height_medium: 3.8847
    Episode_Reward/joint_tracking_error: -3.1586
        Curriculum/random_fallen_states: 0.0000
            Metrics/height/height_error: nan
           Curriculum/polish_torso_slam: -5.0000
               Curriculum/adaptive_lift: 0.9995
        Episode_Reward/joint_vel_limits: -0.0020
              Episode_Reward/torso_slam: -6.5848
  Episode_Reward/feet_distance_standing: -0.3379
     Curriculum/polish_action_rate_rate: -0.1500
            Episode_Reward/joint_vel_l2: -1.5839
         Episode_Reward/ground_unloaded: -0.8009
           Episode_Reward/body_velocity: -11.6116
          Curriculum/polish_ground_slam: -1.0000
         Episode_Reward/severely_tilted: -0.0485
 Episode_Reward/joint_deviation_l1_arms: -0.6205
               Episode_Reward/flat_feet: -2.3672
           Curriculum/polish_not_moving: -1.0000
              Episode_Reward/relaxation: -8.9089
        Episode_Reward/joint_torques_l2: -1.0466
           Episode_Reward/torso_upright: -0.0829
      Episode_Termination/invalid_state: 0.0201
        Episode_Reward/illegal_contacts: -0.2991
        Episode_Reward/action_rate_rate: -19.1610
              Episode_Reward/not_moving: -4.8649
           Episode_Reward/torque_limits: -0.9806
--------------------------------------------------------------------------------
                         Iteration time: 1.24s
                           Time elapsed: 0:01:34
                                    ETA: 0:19:40

################################################################################
[1m                           Learning iteration 74/1000                           [0m 

                               Run name: height_tracking_g1
                            Total steps: 7372800 
                       Steps per second: 79071 
                        Collection time: 1.010s 
                          Learning time: 0.233s 
                        Mean value loss: 0.8054
                    Mean surrogate loss: -0.0040
                      Mean entropy loss: 36.0259
                     Mean symmetry loss: 0.0020
                   Mean l2c2_actor loss: 0.0051
                  Mean l2c2_critic loss: 0.0249
                            Mean reward: -1632.90
                    Mean episode length: 750.00
                        Mean action std: 0.84
                    Entropy coefficient: 0.002500
        Episode_Reward/base_height_fine: 6.1285
           Episode_Reward/ankle_torques: -0.2892
            Episode_Reward/joint_acc_l2: 0.0000
             Episode_Reward/action_rate: -42.9663
           Episode_Reward/feet_yaw_mean: -0.8304
           Episode_Reward/feet_distance: -0.3937
             Episode_Reward/ground_slam: -5.1812
         Curriculum/polish_joint_vel_l2: -0.0010
              Episode_Reward/feet_slide: -1.2241
       Episode_Reward/base_height_rough: 2.3124
           Episode_Reward/forward_pitch: -1.4041
        Episode_Reward/joint_pos_limits: -0.0144
     Episode_Reward/completely_airborne: -3.6464
              Curriculum/terrain_levels: 0.0000
              Episode_Reward/torso_roll: -1.9819
      Episode_Reward/joint_deviation_l1: -1.1068
           Episode_Termination/time_out: 0.9805
      Episode_Reward/base_height_medium: 3.6614
    Episode_Reward/joint_tracking_error: -3.1738
        Curriculum/random_fallen_states: 0.0000
            Metrics/height/height_error: nan
           Curriculum/polish_torso_slam: -5.0000
               Curriculum/adaptive_lift: 0.9995
        Episode_Reward/joint_vel_limits: -0.0021
              Episode_Reward/torso_slam: -7.1217
  Episode_Reward/feet_distance_standing: -0.3633
     Curriculum/polish_action_rate_rate: -0.1500
            Episode_Reward/joint_vel_l2: -1.6008
         Episode_Reward/ground_unloaded: -0.8080
           Episode_Reward/body_velocity: -12.2252
          Curriculum/polish_ground_slam: -1.0000
         Episode_Reward/severely_tilted: -0.0639
 Episode_Reward/joint_deviation_l1_arms: -0.6110
               Episode_Reward/flat_feet: -2.4053
           Curriculum/polish_not_moving: -1.0000
              Episode_Reward/relaxation: -8.6402
        Episode_Reward/joint_torques_l2: -1.0260
           Episode_Reward/torso_upright: -0.0698
      Episode_Termination/invalid_state: 0.0198
        Episode_Reward/illegal_contacts: -0.3198
        Episode_Reward/action_rate_rate: -19.0645
              Episode_Reward/not_moving: -4.5235
           Episode_Reward/torque_limits: -0.9872
--------------------------------------------------------------------------------
                         Iteration time: 1.24s
                           Time elapsed: 0:01:35
                                    ETA: 0:19:39

################################################################################
[1m                           Learning iteration 75/1000                           [0m 

                               Run name: height_tracking_g1
                            Total steps: 7471104 
                       Steps per second: 79047 
                        Collection time: 1.011s 
                          Learning time: 0.233s 
                        Mean value loss: 1.1136
                    Mean surrogate loss: -0.0023
                      Mean entropy loss: 35.9487
                     Mean symmetry loss: 0.0021
                   Mean l2c2_actor loss: 0.0050
                  Mean l2c2_critic loss: 0.0247
                            Mean reward: -1544.47
                    Mean episode length: 720.78
                        Mean action std: 0.84
                    Entropy coefficient: 0.002500
        Episode_Reward/base_height_fine: 6.4449
           Episode_Reward/ankle_torques: -0.2701
            Episode_Reward/joint_acc_l2: 0.0000
             Episode_Reward/action_rate: -41.4840
           Episode_Reward/feet_yaw_mean: -0.7494
           Episode_Reward/feet_distance: -0.3415
             Episode_Reward/ground_slam: -4.7579
         Curriculum/polish_joint_vel_l2: -0.0010
              Episode_Reward/feet_slide: -1.1635
       Episode_Reward/base_height_rough: 2.3736
           Episode_Reward/forward_pitch: -1.3033
        Episode_Reward/joint_pos_limits: -0.0137
     Episode_Reward/completely_airborne: -3.4836
              Curriculum/terrain_levels: 0.0000
              Episode_Reward/torso_roll: -1.8449
      Episode_Reward/joint_deviation_l1: -1.1074
           Episode_Termination/time_out: 0.9801
      Episode_Reward/base_height_medium: 3.8199
    Episode_Reward/joint_tracking_error: -3.0046
        Curriculum/random_fallen_states: 0.0000
            Metrics/height/height_error: nan
           Curriculum/polish_torso_slam: -5.0000
               Curriculum/adaptive_lift: 0.9995
        Episode_Reward/joint_vel_limits: -0.0019
              Episode_Reward/torso_slam: -6.4233
  Episode_Reward/feet_distance_standing: -0.2994
     Curriculum/polish_action_rate_rate: -0.1500
            Episode_Reward/joint_vel_l2: -1.5136
         Episode_Reward/ground_unloaded: -0.8275
           Episode_Reward/body_velocity: -11.3030
          Curriculum/polish_ground_slam: -1.0000
         Episode_Reward/severely_tilted: -0.0553
 Episode_Reward/joint_deviation_l1_arms: -0.5884
               Episode_Reward/flat_feet: -2.2763
           Curriculum/polish_not_moving: -1.0000
              Episode_Reward/relaxation: -7.6406
        Episode_Reward/joint_torques_l2: -1.0078
           Episode_Reward/torso_upright: -0.0778
      Episode_Termination/invalid_state: 0.0202
        Episode_Reward/illegal_contacts: -0.3024
        Episode_Reward/action_rate_rate: -18.4022
              Episode_Reward/not_moving: -4.7193
           Episode_Reward/torque_limits: -0.9212
--------------------------------------------------------------------------------
                         Iteration time: 1.24s
                           Time elapsed: 0:01:36
                                    ETA: 0:19:37

################################################################################
[1m                           Learning iteration 76/1000                           [0m 

                               Run name: height_tracking_g1
                            Total steps: 7569408 
                       Steps per second: 79054 
                        Collection time: 1.011s 
                          Learning time: 0.233s 
                        Mean value loss: 0.8985
                    Mean surrogate loss: -0.0035
                      Mean entropy loss: 35.8476
                     Mean symmetry loss: 0.0020
                   Mean l2c2_actor loss: 0.0051
                  Mean l2c2_critic loss: 0.0248
                            Mean reward: -1560.56
                    Mean episode length: 738.92
                        Mean action std: 0.84
                    Entropy coefficient: 0.002500
        Episode_Reward/base_height_fine: 6.3018
           Episode_Reward/ankle_torques: -0.2854
            Episode_Reward/joint_acc_l2: 0.0000
             Episode_Reward/action_rate: -42.1845
           Episode_Reward/feet_yaw_mean: -0.7448
           Episode_Reward/feet_distance: -0.3781
             Episode_Reward/ground_slam: -4.7322
         Curriculum/polish_joint_vel_l2: -0.0010
              Episode_Reward/feet_slide: -1.1859
       Episode_Reward/base_height_rough: 2.3241
           Episode_Reward/forward_pitch: -1.3287
        Episode_Reward/joint_pos_limits: -0.0136
     Episode_Reward/completely_airborne: -3.6266
              Curriculum/terrain_levels: 0.0000
              Episode_Reward/torso_roll: -1.9008
      Episode_Reward/joint_deviation_l1: -1.0741
           Episode_Termination/time_out: 0.9797
      Episode_Reward/base_height_medium: 3.7237
    Episode_Reward/joint_tracking_error: -3.0236
        Curriculum/random_fallen_states: 0.0000
            Metrics/height/height_error: nan
           Curriculum/polish_torso_slam: -5.0000
               Curriculum/adaptive_lift: 0.9995
        Episode_Reward/joint_vel_limits: -0.0019
              Episode_Reward/torso_slam: -6.0849
  Episode_Reward/feet_distance_standing: -0.3475
     Curriculum/polish_action_rate_rate: -0.1500
            Episode_Reward/joint_vel_l2: -1.5262
         Episode_Reward/ground_unloaded: -0.7805
           Episode_Reward/body_velocity: -10.9624
          Curriculum/polish_ground_slam: -1.0000
         Episode_Reward/severely_tilted: -0.0533
 Episode_Reward/joint_deviation_l1_arms: -0.5787
               Episode_Reward/flat_feet: -2.3636
           Curriculum/polish_not_moving: -1.0000
              Episode_Reward/relaxation: -8.8480
        Episode_Reward/joint_torques_l2: -1.0052
           Episode_Reward/torso_upright: -0.0805
      Episode_Termination/invalid_state: 0.0205
        Episode_Reward/illegal_contacts: -0.3039
        Episode_Reward/action_rate_rate: -18.7217
              Episode_Reward/not_moving: -4.5726
           Episode_Reward/torque_limits: -0.9402
--------------------------------------------------------------------------------
                         Iteration time: 1.24s
                           Time elapsed: 0:01:38
                                    ETA: 0:19:35

################################################################################
[1m                           Learning iteration 77/1000                           [0m 

                               Run name: height_tracking_g1
                            Total steps: 7667712 
                       Steps per second: 78783 
                        Collection time: 1.014s 
                          Learning time: 0.233s 
                        Mean value loss: 0.9998
                    Mean surrogate loss: -0.0030
                      Mean entropy loss: 35.7554
                     Mean symmetry loss: 0.0020
                   Mean l2c2_actor loss: 0.0050
                  Mean l2c2_critic loss: 0.0256
                            Mean reward: -1525.41
                    Mean episode length: 737.60
                        Mean action std: 0.83
                    Entropy coefficient: 0.002500
        Episode_Reward/base_height_fine: 6.6386
           Episode_Reward/ankle_torques: -0.2849
            Episode_Reward/joint_acc_l2: 0.0000
             Episode_Reward/action_rate: -41.8666
           Episode_Reward/feet_yaw_mean: -0.7039
           Episode_Reward/feet_distance: -0.3585
             Episode_Reward/ground_slam: -4.7155
         Curriculum/polish_joint_vel_l2: -0.0010
              Episode_Reward/feet_slide: -1.1732
       Episode_Reward/base_height_rough: 2.4110
           Episode_Reward/forward_pitch: -1.3122
        Episode_Reward/joint_pos_limits: -0.0140
     Episode_Reward/completely_airborne: -3.5108
              Curriculum/terrain_levels: 0.0000
              Episode_Reward/torso_roll: -1.9124
      Episode_Reward/joint_deviation_l1: -1.0990
           Episode_Termination/time_out: 0.9805
      Episode_Reward/base_height_medium: 3.9152
    Episode_Reward/joint_tracking_error: -2.9645
        Curriculum/random_fallen_states: 0.0000
            Metrics/height/height_error: nan
           Curriculum/polish_torso_slam: -5.0000
               Curriculum/adaptive_lift: 0.9995
        Episode_Reward/joint_vel_limits: -0.0018
              Episode_Reward/torso_slam: -6.2931
  Episode_Reward/feet_distance_standing: -0.3294
     Curriculum/polish_action_rate_rate: -0.1500
            Episode_Reward/joint_vel_l2: -1.5047
         Episode_Reward/ground_unloaded: -0.8313
           Episode_Reward/body_velocity: -11.0196
          Curriculum/polish_ground_slam: -1.0000
         Episode_Reward/severely_tilted: -0.0510
 Episode_Reward/joint_deviation_l1_arms: -0.5847
               Episode_Reward/flat_feet: -2.3252
           Curriculum/polish_not_moving: -1.0000
              Episode_Reward/relaxation: -7.8257
        Episode_Reward/joint_torques_l2: -0.9876
           Episode_Reward/torso_upright: -0.0800
      Episode_Termination/invalid_state: 0.0197
        Episode_Reward/illegal_contacts: -0.3015
        Episode_Reward/action_rate_rate: -18.5810
              Episode_Reward/not_moving: -4.7923
           Episode_Reward/torque_limits: -0.9023
--------------------------------------------------------------------------------
                         Iteration time: 1.25s
                           Time elapsed: 0:01:39
                                    ETA: 0:19:34

################################################################################
[1m                           Learning iteration 78/1000                           [0m 

                               Run name: height_tracking_g1
                            Total steps: 7766016 
                       Steps per second: 78670 
                        Collection time: 1.017s 
                          Learning time: 0.233s 
                        Mean value loss: 0.9473
                    Mean surrogate loss: -0.0040
                      Mean entropy loss: 35.6568
                     Mean symmetry loss: 0.0021
                   Mean l2c2_actor loss: 0.0051
                  Mean l2c2_critic loss: 0.0265
                            Mean reward: -1607.19
                    Mean episode length: 748.72
                        Mean action std: 0.83
                    Entropy coefficient: 0.002500
        Episode_Reward/base_height_fine: 6.1047
           Episode_Reward/ankle_torques: -0.2933
            Episode_Reward/joint_acc_l2: 0.0000
             Episode_Reward/action_rate: -42.0576
           Episode_Reward/feet_yaw_mean: -0.7214
           Episode_Reward/feet_distance: -0.3490
             Episode_Reward/ground_slam: -5.0430
         Curriculum/polish_joint_vel_l2: -0.0010
              Episode_Reward/feet_slide: -1.2143
       Episode_Reward/base_height_rough: 2.3052
           Episode_Reward/forward_pitch: -1.4638
        Episode_Reward/joint_pos_limits: -0.0144
     Episode_Reward/completely_airborne: -3.5378
              Curriculum/terrain_levels: 0.0000
              Episode_Reward/torso_roll: -1.9599
      Episode_Reward/joint_deviation_l1: -0.9691
           Episode_Termination/time_out: 0.9811
      Episode_Reward/base_height_medium: 3.6553
    Episode_Reward/joint_tracking_error: -3.0951
        Curriculum/random_fallen_states: 0.0000
            Metrics/height/height_error: nan
           Curriculum/polish_torso_slam: -5.0000
               Curriculum/adaptive_lift: 0.9995
        Episode_Reward/joint_vel_limits: -0.0019
              Episode_Reward/torso_slam: -6.6700
  Episode_Reward/feet_distance_standing: -0.2787
     Curriculum/polish_action_rate_rate: -0.1500
            Episode_Reward/joint_vel_l2: -1.5577
         Episode_Reward/ground_unloaded: -0.7796
           Episode_Reward/body_velocity: -11.8560
          Curriculum/polish_ground_slam: -1.0000
         Episode_Reward/severely_tilted: -0.0512
 Episode_Reward/joint_deviation_l1_arms: -0.5622
               Episode_Reward/flat_feet: -2.4356
           Curriculum/polish_not_moving: -1.0000
              Episode_Reward/relaxation: -9.1144
        Episode_Reward/joint_torques_l2: -1.0231
           Episode_Reward/torso_upright: -0.0605
      Episode_Termination/invalid_state: 0.0191
        Episode_Reward/illegal_contacts: -0.3183
        Episode_Reward/action_rate_rate: -18.6617
              Episode_Reward/not_moving: -4.4084
           Episode_Reward/torque_limits: -0.9577
--------------------------------------------------------------------------------
                         Iteration time: 1.25s
                           Time elapsed: 0:01:40
                                    ETA: 0:19:32

################################################################################
[1m                           Learning iteration 79/1000                           [0m 

                               Run name: height_tracking_g1
                            Total steps: 7864320 
                       Steps per second: 78770 
                        Collection time: 1.015s 
                          Learning time: 0.233s 
                        Mean value loss: 0.9864
                    Mean surrogate loss: -0.0027
                      Mean entropy loss: 35.6030
                     Mean symmetry loss: 0.0021
                   Mean l2c2_actor loss: 0.0051
                  Mean l2c2_critic loss: 0.0280
                            Mean reward: -1551.64
                    Mean episode length: 750.00
                        Mean action std: 0.83
                    Entropy coefficient: 0.002500
        Episode_Reward/base_height_fine: 6.8304
           Episode_Reward/ankle_torques: -0.2813
            Episode_Reward/joint_acc_l2: 0.0000
             Episode_Reward/action_rate: -41.8977
           Episode_Reward/feet_yaw_mean: -0.6908
           Episode_Reward/feet_distance: -0.3483
             Episode_Reward/ground_slam: -4.7157
         Curriculum/polish_joint_vel_l2: -0.0010
              Episode_Reward/feet_slide: -1.1876
       Episode_Reward/base_height_rough: 2.4719
           Episode_Reward/forward_pitch: -1.3338
        Episode_Reward/joint_pos_limits: -0.0138
     Episode_Reward/completely_airborne: -3.3892
              Curriculum/terrain_levels: 0.0000
              Episode_Reward/torso_roll: -1.8605
      Episode_Reward/joint_deviation_l1: -1.0983
           Episode_Termination/time_out: 0.9815
      Episode_Reward/base_height_medium: 4.0160
    Episode_Reward/joint_tracking_error: -2.9736
        Curriculum/random_fallen_states: 0.0000
            Metrics/height/height_error: nan
           Curriculum/polish_torso_slam: -5.0000
               Curriculum/adaptive_lift: 0.9995
        Episode_Reward/joint_vel_limits: -0.0019
              Episode_Reward/torso_slam: -6.7193
  Episode_Reward/feet_distance_standing: -0.3136
     Curriculum/polish_action_rate_rate: -0.1500
            Episode_Reward/joint_vel_l2: -1.5358
         Episode_Reward/ground_unloaded: -0.8488
           Episode_Reward/body_velocity: -11.0106
          Curriculum/polish_ground_slam: -1.0000
         Episode_Reward/severely_tilted: -0.0576
 Episode_Reward/joint_deviation_l1_arms: -0.6002
               Episode_Reward/flat_feet: -2.3485
           Curriculum/polish_not_moving: -1.0000
              Episode_Reward/relaxation: -7.9116
        Episode_Reward/joint_torques_l2: -0.9877
           Episode_Reward/torso_upright: -0.0756
      Episode_Termination/invalid_state: 0.0187
        Episode_Reward/illegal_contacts: -0.3048
        Episode_Reward/action_rate_rate: -18.5881
              Episode_Reward/not_moving: -4.9698
           Episode_Reward/torque_limits: -0.9018
--------------------------------------------------------------------------------
                         Iteration time: 1.25s
                           Time elapsed: 0:01:41
                                    ETA: 0:19:31

################################################################################
[1m                           Learning iteration 80/1000                           [0m 

                               Run name: height_tracking_g1
                            Total steps: 7962624 
                       Steps per second: 79645 
                        Collection time: 1.001s 
                          Learning time: 0.233s 
                        Mean value loss: 0.8317
                    Mean surrogate loss: -0.0009
                      Mean entropy loss: 35.5102
                     Mean symmetry loss: 0.0020
                   Mean l2c2_actor loss: 0.0051
                  Mean l2c2_critic loss: 0.0289
                            Mean reward: -1576.77
                    Mean episode length: 750.00
                        Mean action std: 0.83
                    Entropy coefficient: 0.002500
        Episode_Reward/base_height_fine: 6.7937
           Episode_Reward/ankle_torques: -0.2925
            Episode_Reward/joint_acc_l2: 0.0000
             Episode_Reward/action_rate: -41.7007
           Episode_Reward/feet_yaw_mean: -0.7868
           Episode_Reward/feet_distance: -0.3876
             Episode_Reward/ground_slam: -4.6859
         Curriculum/polish_joint_vel_l2: -0.0010
              Episode_Reward/feet_slide: -1.1858
       Episode_Reward/base_height_rough: 2.4279
           Episode_Reward/forward_pitch: -1.3342
        Episode_Reward/joint_pos_limits: -0.0143
     Episode_Reward/completely_airborne: -3.3975
              Curriculum/terrain_levels: 0.0000
              Episode_Reward/torso_roll: -1.8960
      Episode_Reward/joint_deviation_l1: -1.1417
           Episode_Termination/time_out: 0.9828
      Episode_Reward/base_height_medium: 3.9720
    Episode_Reward/joint_tracking_error: -3.0317
        Curriculum/random_fallen_states: 0.0000
            Metrics/height/height_error: nan
           Curriculum/polish_torso_slam: -5.0000
               Curriculum/adaptive_lift: 0.9995
        Episode_Reward/joint_vel_limits: -0.0018
              Episode_Reward/torso_slam: -6.4096
  Episode_Reward/feet_distance_standing: -0.3656
     Curriculum/polish_action_rate_rate: -0.1500
            Episode_Reward/joint_vel_l2: -1.5302
         Episode_Reward/ground_unloaded: -0.8240
           Episode_Reward/body_velocity: -11.2988
          Curriculum/polish_ground_slam: -1.0000
         Episode_Reward/severely_tilted: -0.0535
 Episode_Reward/joint_deviation_l1_arms: -0.6135
               Episode_Reward/flat_feet: -2.3400
           Curriculum/polish_not_moving: -1.0000
              Episode_Reward/relaxation: -8.3145
        Episode_Reward/joint_torques_l2: -1.0356
           Episode_Reward/torso_upright: -0.0794
      Episode_Termination/invalid_state: 0.0175
        Episode_Reward/illegal_contacts: -0.2970
        Episode_Reward/action_rate_rate: -18.5010
              Episode_Reward/not_moving: -5.0569
           Episode_Reward/torque_limits: -0.9091
--------------------------------------------------------------------------------
                         Iteration time: 1.23s
                           Time elapsed: 0:01:43
                                    ETA: 0:19:29

################################################################################
[1m                           Learning iteration 81/1000                           [0m 

                               Run name: height_tracking_g1
                            Total steps: 8060928 
                       Steps per second: 79242 
                        Collection time: 1.008s 
                          Learning time: 0.233s 
                        Mean value loss: 0.9008
                    Mean surrogate loss: -0.0014
                      Mean entropy loss: 35.4207
                     Mean symmetry loss: 0.0020
                   Mean l2c2_actor loss: 0.0052
                  Mean l2c2_critic loss: 0.0296
                            Mean reward: -1558.28
                    Mean episode length: 750.00
                        Mean action std: 0.82
                    Entropy coefficient: 0.002500
        Episode_Reward/base_height_fine: 6.2259
           Episode_Reward/ankle_torques: -0.2852
            Episode_Reward/joint_acc_l2: 0.0000
             Episode_Reward/action_rate: -41.4596
           Episode_Reward/feet_yaw_mean: -0.7444
           Episode_Reward/feet_distance: -0.3622
             Episode_Reward/ground_slam: -4.7081
         Curriculum/polish_joint_vel_l2: -0.0010
              Episode_Reward/feet_slide: -1.1681
       Episode_Reward/base_height_rough: 2.3241
           Episode_Reward/forward_pitch: -1.3808
        Episode_Reward/joint_pos_limits: -0.0137
     Episode_Reward/completely_airborne: -3.8006
              Curriculum/terrain_levels: 0.0000
              Episode_Reward/torso_roll: -1.9146
      Episode_Reward/joint_deviation_l1: -1.0547
           Episode_Termination/time_out: 0.9841
      Episode_Reward/base_height_medium: 3.6857
    Episode_Reward/joint_tracking_error: -2.9652
        Curriculum/random_fallen_states: 0.0000
            Metrics/height/height_error: nan
           Curriculum/polish_torso_slam: -5.0000
               Curriculum/adaptive_lift: 0.9995
        Episode_Reward/joint_vel_limits: -0.0017
              Episode_Reward/torso_slam: -6.4027
  Episode_Reward/feet_distance_standing: -0.2945
     Curriculum/polish_action_rate_rate: -0.1500
            Episode_Reward/joint_vel_l2: -1.4810
         Episode_Reward/ground_unloaded: -0.7739
           Episode_Reward/body_velocity: -11.0244
          Curriculum/polish_ground_slam: -1.0000
         Episode_Reward/severely_tilted: -0.0549
 Episode_Reward/joint_deviation_l1_arms: -0.5586
               Episode_Reward/flat_feet: -2.4035
           Curriculum/polish_not_moving: -1.0000
              Episode_Reward/relaxation: -9.3615
        Episode_Reward/joint_torques_l2: -1.0446
           Episode_Reward/torso_upright: -0.0753
      Episode_Termination/invalid_state: 0.0162
        Episode_Reward/illegal_contacts: -0.3202
        Episode_Reward/action_rate_rate: -18.4100
              Episode_Reward/not_moving: -4.4929
           Episode_Reward/torque_limits: -0.9218
--------------------------------------------------------------------------------
                         Iteration time: 1.24s
                           Time elapsed: 0:01:44
                                    ETA: 0:19:27

################################################################################
[1m                           Learning iteration 82/1000                           [0m 

                               Run name: height_tracking_g1
                            Total steps: 8159232 
                       Steps per second: 79159 
                        Collection time: 1.009s 
                          Learning time: 0.233s 
                        Mean value loss: 0.8316
                    Mean surrogate loss: -0.0020
                      Mean entropy loss: 35.3197
                     Mean symmetry loss: 0.0020
                   Mean l2c2_actor loss: 0.0051
                  Mean l2c2_critic loss: 0.0295
                            Mean reward: -1525.61
                    Mean episode length: 750.00
                        Mean action std: 0.82
                    Entropy coefficient: 0.002500
        Episode_Reward/base_height_fine: 6.8669
           Episode_Reward/ankle_torques: -0.2835
            Episode_Reward/joint_acc_l2: 0.0000
             Episode_Reward/action_rate: -41.2183
           Episode_Reward/feet_yaw_mean: -0.7364
           Episode_Reward/feet_distance: -0.3723
             Episode_Reward/ground_slam: -4.7717
         Curriculum/polish_joint_vel_l2: -0.0010
              Episode_Reward/feet_slide: -1.1960
       Episode_Reward/base_height_rough: 2.5112
           Episode_Reward/forward_pitch: -1.3073
        Episode_Reward/joint_pos_limits: -0.0141
     Episode_Reward/completely_airborne: -3.4064
              Curriculum/terrain_levels: 0.0000
              Episode_Reward/torso_roll: -1.8560
      Episode_Reward/joint_deviation_l1: -1.0684
           Episode_Termination/time_out: 0.9851
      Episode_Reward/base_height_medium: 4.0746
    Episode_Reward/joint_tracking_error: -2.9525
        Curriculum/random_fallen_states: 0.0000
            Metrics/height/height_error: nan
           Curriculum/polish_torso_slam: -5.0000
               Curriculum/adaptive_lift: 0.9995
        Episode_Reward/joint_vel_limits: -0.0018
              Episode_Reward/torso_slam: -6.6570
  Episode_Reward/feet_distance_standing: -0.3333
     Curriculum/polish_action_rate_rate: -0.1500
            Episode_Reward/joint_vel_l2: -1.5205
         Episode_Reward/ground_unloaded: -0.8683
           Episode_Reward/body_velocity: -11.0841
          Curriculum/polish_ground_slam: -1.0000
         Episode_Reward/severely_tilted: -0.0456
 Episode_Reward/joint_deviation_l1_arms: -0.5872
               Episode_Reward/flat_feet: -2.3810
           Curriculum/polish_not_moving: -1.0000
              Episode_Reward/relaxation: -7.4095
        Episode_Reward/joint_torques_l2: -0.9859
           Episode_Reward/torso_upright: -0.0750
      Episode_Termination/invalid_state: 0.0152
        Episode_Reward/illegal_contacts: -0.3052
        Episode_Reward/action_rate_rate: -18.2961
              Episode_Reward/not_moving: -4.9613
           Episode_Reward/torque_limits: -0.8818
--------------------------------------------------------------------------------
                         Iteration time: 1.24s
                           Time elapsed: 0:01:45
                                    ETA: 0:19:26

################################################################################
[1m                           Learning iteration 83/1000                           [0m 

                               Run name: height_tracking_g1
                            Total steps: 8257536 
                       Steps per second: 78899 
                        Collection time: 1.013s 
                          Learning time: 0.233s 
                        Mean value loss: 0.9772
                    Mean surrogate loss: -0.0030
                      Mean entropy loss: 35.2485
                     Mean symmetry loss: 0.0020
                   Mean l2c2_actor loss: 0.0051
                  Mean l2c2_critic loss: 0.0308
                            Mean reward: -1498.20
                    Mean episode length: 746.19
                        Mean action std: 0.82
                    Entropy coefficient: 0.002500
        Episode_Reward/base_height_fine: 6.5821
           Episode_Reward/ankle_torques: -0.2749
            Episode_Reward/joint_acc_l2: 0.0000
             Episode_Reward/action_rate: -40.9877
           Episode_Reward/feet_yaw_mean: -0.7175
           Episode_Reward/feet_distance: -0.3547
             Episode_Reward/ground_slam: -4.7555
         Curriculum/polish_joint_vel_l2: -0.0010
              Episode_Reward/feet_slide: -1.1836
       Episode_Reward/base_height_rough: 2.4328
           Episode_Reward/forward_pitch: -1.2390
        Episode_Reward/joint_pos_limits: -0.0141
     Episode_Reward/completely_airborne: -3.4928
              Curriculum/terrain_levels: 0.0000
              Episode_Reward/torso_roll: -1.8727
      Episode_Reward/joint_deviation_l1: -1.0712
           Episode_Termination/time_out: 0.9858
      Episode_Reward/base_height_medium: 3.9148
    Episode_Reward/joint_tracking_error: -2.9453
        Curriculum/random_fallen_states: 0.0000
            Metrics/height/height_error: nan
           Curriculum/polish_torso_slam: -5.0000
               Curriculum/adaptive_lift: 0.9995
        Episode_Reward/joint_vel_limits: -0.0018
              Episode_Reward/torso_slam: -6.4974
  Episode_Reward/feet_distance_standing: -0.3083
     Curriculum/polish_action_rate_rate: -0.1500
            Episode_Reward/joint_vel_l2: -1.5086
         Episode_Reward/ground_unloaded: -0.8575
           Episode_Reward/body_velocity: -11.1836
          Curriculum/polish_ground_slam: -1.0000
         Episode_Reward/severely_tilted: -0.0559
 Episode_Reward/joint_deviation_l1_arms: -0.5875
               Episode_Reward/flat_feet: -2.3885
           Curriculum/polish_not_moving: -1.0000
              Episode_Reward/relaxation: -7.5397
        Episode_Reward/joint_torques_l2: -0.9710
           Episode_Reward/torso_upright: -0.0754
      Episode_Termination/invalid_state: 0.0144
        Episode_Reward/illegal_contacts: -0.3043
        Episode_Reward/action_rate_rate: -18.1929
              Episode_Reward/not_moving: -4.6575
           Episode_Reward/torque_limits: -0.8788
--------------------------------------------------------------------------------
                         Iteration time: 1.25s
                           Time elapsed: 0:01:46
                                    ETA: 0:19:24

################################################################################
[1m                           Learning iteration 84/1000                           [0m 

                               Run name: height_tracking_g1
                            Total steps: 8355840 
                       Steps per second: 79270 
                        Collection time: 1.007s 
                          Learning time: 0.233s 
                        Mean value loss: 0.9834
                    Mean surrogate loss: -0.0015
                      Mean entropy loss: 35.1548
                     Mean symmetry loss: 0.0020
                   Mean l2c2_actor loss: 0.0052
                  Mean l2c2_critic loss: 0.0325
                            Mean reward: -1434.26
                    Mean episode length: 742.94
                        Mean action std: 0.82
                    Entropy coefficient: 0.002500
        Episode_Reward/base_height_fine: 6.8048
           Episode_Reward/ankle_torques: -0.2761
            Episode_Reward/joint_acc_l2: 0.0000
             Episode_Reward/action_rate: -40.2214
           Episode_Reward/feet_yaw_mean: -0.6467
           Episode_Reward/feet_distance: -0.3782
             Episode_Reward/ground_slam: -4.2257
         Curriculum/polish_joint_vel_l2: -0.0010
              Episode_Reward/feet_slide: -1.1634
       Episode_Reward/base_height_rough: 2.4144
           Episode_Reward/forward_pitch: -1.2956
        Episode_Reward/joint_pos_limits: -0.0134
     Episode_Reward/completely_airborne: -3.0862
              Curriculum/terrain_levels: 0.0000
              Episode_Reward/torso_roll: -1.7595
      Episode_Reward/joint_deviation_l1: -1.1236
           Episode_Termination/time_out: 0.9862
      Episode_Reward/base_height_medium: 3.9607
    Episode_Reward/joint_tracking_error: -2.7553
        Curriculum/random_fallen_states: 0.0000
            Metrics/height/height_error: nan
           Curriculum/polish_torso_slam: -5.0000
               Curriculum/adaptive_lift: 0.9995
        Episode_Reward/joint_vel_limits: -0.0017
              Episode_Reward/torso_slam: -5.0722
  Episode_Reward/feet_distance_standing: -0.3639
     Curriculum/polish_action_rate_rate: -0.1500
            Episode_Reward/joint_vel_l2: -1.4376
         Episode_Reward/ground_unloaded: -0.8177
           Episode_Reward/body_velocity: -9.5215
          Curriculum/polish_ground_slam: -1.0000
         Episode_Reward/severely_tilted: -0.0453
 Episode_Reward/joint_deviation_l1_arms: -0.5576
               Episode_Reward/flat_feet: -2.2934
           Curriculum/polish_not_moving: -1.0000
              Episode_Reward/relaxation: -7.3896
        Episode_Reward/joint_torques_l2: -0.9226
           Episode_Reward/torso_upright: -0.0828
      Episode_Termination/invalid_state: 0.0140
        Episode_Reward/illegal_contacts: -0.2954
        Episode_Reward/action_rate_rate: -17.8479
              Episode_Reward/not_moving: -4.7894
           Episode_Reward/torque_limits: -0.8176
--------------------------------------------------------------------------------
                         Iteration time: 1.24s
                           Time elapsed: 0:01:48
                                    ETA: 0:19:22

################################################################################
[1m                           Learning iteration 85/1000                           [0m 

                               Run name: height_tracking_g1
                            Total steps: 8454144 
                       Steps per second: 78558 
                        Collection time: 1.018s 
                          Learning time: 0.234s 
                        Mean value loss: 1.0919
                    Mean surrogate loss: -0.0031
                      Mean entropy loss: 35.0375
                     Mean symmetry loss: 0.0020
                   Mean l2c2_actor loss: 0.0051
                  Mean l2c2_critic loss: 0.0439
                            Mean reward: -1487.56
                    Mean episode length: 738.22
                        Mean action std: 0.81
                    Entropy coefficient: 0.002500
        Episode_Reward/base_height_fine: 6.7842
           Episode_Reward/ankle_torques: -0.2736
            Episode_Reward/joint_acc_l2: 0.0000
             Episode_Reward/action_rate: -40.2051
           Episode_Reward/feet_yaw_mean: -0.7021
           Episode_Reward/feet_distance: -0.3667
             Episode_Reward/ground_slam: -4.7043
         Curriculum/polish_joint_vel_l2: -0.0010
              Episode_Reward/feet_slide: -1.1766
       Episode_Reward/base_height_rough: 2.4783
           Episode_Reward/forward_pitch: -1.3656
        Episode_Reward/joint_pos_limits: -0.0140
     Episode_Reward/completely_airborne: -3.4348
              Curriculum/terrain_levels: 0.0000
              Episode_Reward/torso_roll: -1.8465
      Episode_Reward/joint_deviation_l1: -1.0277
           Episode_Termination/time_out: 0.9870
      Episode_Reward/base_height_medium: 4.0158
    Episode_Reward/joint_tracking_error: -2.8594
        Curriculum/random_fallen_states: 0.0000
            Metrics/height/height_error: nan
           Curriculum/polish_torso_slam: -5.0000
               Curriculum/adaptive_lift: 0.9995
        Episode_Reward/joint_vel_limits: -0.0017
              Episode_Reward/torso_slam: -6.3776
  Episode_Reward/feet_distance_standing: -0.3164
     Curriculum/polish_action_rate_rate: -0.1500
            Episode_Reward/joint_vel_l2: -1.4699
         Episode_Reward/ground_unloaded: -0.8492
           Episode_Reward/body_velocity: -10.7407
          Curriculum/polish_ground_slam: -1.0000
         Episode_Reward/severely_tilted: -0.0495
 Episode_Reward/joint_deviation_l1_arms: -0.5510
               Episode_Reward/flat_feet: -2.3687
           Curriculum/polish_not_moving: -1.0000
              Episode_Reward/relaxation: -7.5727
        Episode_Reward/joint_torques_l2: -0.9690
           Episode_Reward/torso_upright: -0.0702
      Episode_Termination/invalid_state: 0.0133
        Episode_Reward/illegal_contacts: -0.3179
        Episode_Reward/action_rate_rate: -17.8384
              Episode_Reward/not_moving: -4.8389
           Episode_Reward/torque_limits: -0.8573
--------------------------------------------------------------------------------
                         Iteration time: 1.25s
                           Time elapsed: 0:01:49
                                    ETA: 0:19:21

################################################################################
[1m                           Learning iteration 86/1000                           [0m 

                               Run name: height_tracking_g1
                            Total steps: 8552448 
                       Steps per second: 79188 
                        Collection time: 1.008s 
                          Learning time: 0.233s 
                        Mean value loss: 1.1447
                    Mean surrogate loss: -0.0029
                      Mean entropy loss: 34.9669
                     Mean symmetry loss: 0.0020
                   Mean l2c2_actor loss: 0.0050
                  Mean l2c2_critic loss: 0.0351
                            Mean reward: -1430.72
                    Mean episode length: 741.75
                        Mean action std: 0.81
                    Entropy coefficient: 0.002500
        Episode_Reward/base_height_fine: 7.3056
           Episode_Reward/ankle_torques: -0.2633
            Episode_Reward/joint_acc_l2: 0.0000
             Episode_Reward/action_rate: -39.9880
           Episode_Reward/feet_yaw_mean: -0.7086
           Episode_Reward/feet_distance: -0.3373
             Episode_Reward/ground_slam: -4.4625
         Curriculum/polish_joint_vel_l2: -0.0010
              Episode_Reward/feet_slide: -1.1524
       Episode_Reward/base_height_rough: 2.5786
           Episode_Reward/forward_pitch: -1.2609
        Episode_Reward/joint_pos_limits: -0.0138
     Episode_Reward/completely_airborne: -3.4597
              Curriculum/terrain_levels: 0.0000
              Episode_Reward/torso_roll: -1.8263
      Episode_Reward/joint_deviation_l1: -1.0799
           Episode_Termination/time_out: 0.9875
      Episode_Reward/base_height_medium: 4.2709
    Episode_Reward/joint_tracking_error: -2.7734
        Curriculum/random_fallen_states: 0.0000
            Metrics/height/height_error: nan
           Curriculum/polish_torso_slam: -5.0000
               Curriculum/adaptive_lift: 0.9995
        Episode_Reward/joint_vel_limits: -0.0016
              Episode_Reward/torso_slam: -6.0952
  Episode_Reward/feet_distance_standing: -0.2958
     Curriculum/polish_action_rate_rate: -0.1500
            Episode_Reward/joint_vel_l2: -1.4358
         Episode_Reward/ground_unloaded: -0.9112
           Episode_Reward/body_velocity: -10.2204
          Curriculum/polish_ground_slam: -1.0000
         Episode_Reward/severely_tilted: -0.0441
 Episode_Reward/joint_deviation_l1_arms: -0.5683
               Episode_Reward/flat_feet: -2.3419
           Curriculum/polish_not_moving: -1.0000
              Episode_Reward/relaxation: -6.6615
        Episode_Reward/joint_torques_l2: -0.9781
           Episode_Reward/torso_upright: -0.0777
      Episode_Termination/invalid_state: 0.0128
        Episode_Reward/illegal_contacts: -0.2940
        Episode_Reward/action_rate_rate: -17.7288
              Episode_Reward/not_moving: -5.1559
           Episode_Reward/torque_limits: -0.8363
--------------------------------------------------------------------------------
                         Iteration time: 1.24s
                           Time elapsed: 0:01:50
                                    ETA: 0:19:19

################################################################################
[1m                           Learning iteration 87/1000                           [0m 

                               Run name: height_tracking_g1
                            Total steps: 8650752 
                       Steps per second: 78653 
                        Collection time: 1.017s 
                          Learning time: 0.233s 
                        Mean value loss: 1.1285
                    Mean surrogate loss: -0.0017
                      Mean entropy loss: 34.8834
                     Mean symmetry loss: 0.0019
                   Mean l2c2_actor loss: 0.0050
                  Mean l2c2_critic loss: 0.0366
                            Mean reward: -1475.78
                    Mean episode length: 742.60
                        Mean action std: 0.81
                    Entropy coefficient: 0.002500
        Episode_Reward/base_height_fine: 6.9221
           Episode_Reward/ankle_torques: -0.2642
            Episode_Reward/joint_acc_l2: 0.0000
             Episode_Reward/action_rate: -39.7937
           Episode_Reward/feet_yaw_mean: -0.6513
           Episode_Reward/feet_distance: -0.3528
             Episode_Reward/ground_slam: -4.3014
         Curriculum/polish_joint_vel_l2: -0.0010
              Episode_Reward/feet_slide: -1.1432
       Episode_Reward/base_height_rough: 2.4678
           Episode_Reward/forward_pitch: -1.2849
        Episode_Reward/joint_pos_limits: -0.0135
     Episode_Reward/completely_airborne: -3.3844
              Curriculum/terrain_levels: 0.0000
              Episode_Reward/torso_roll: -1.8210
      Episode_Reward/joint_deviation_l1: -1.0886
           Episode_Termination/time_out: 0.9874
      Episode_Reward/base_height_medium: 4.0423
    Episode_Reward/joint_tracking_error: -2.7627
        Curriculum/random_fallen_states: 0.0000
            Metrics/height/height_error: nan
           Curriculum/polish_torso_slam: -5.0000
               Curriculum/adaptive_lift: 0.9995
        Episode_Reward/joint_vel_limits: -0.0015
              Episode_Reward/torso_slam: -5.8244
  Episode_Reward/feet_distance_standing: -0.3276
     Curriculum/polish_action_rate_rate: -0.1500
            Episode_Reward/joint_vel_l2: -1.4161
         Episode_Reward/ground_unloaded: -0.8334
           Episode_Reward/body_velocity: -10.3504
          Curriculum/polish_ground_slam: -1.0000
         Episode_Reward/severely_tilted: -0.0412
 Episode_Reward/joint_deviation_l1_arms: -0.5639
               Episode_Reward/flat_feet: -2.3162
           Curriculum/polish_not_moving: -1.0000
              Episode_Reward/relaxation: -7.7549
        Episode_Reward/joint_torques_l2: -0.9612
           Episode_Reward/torso_upright: -0.0751
      Episode_Termination/invalid_state: 0.0128
        Episode_Reward/illegal_contacts: -0.3021
        Episode_Reward/action_rate_rate: -17.6468
              Episode_Reward/not_moving: -4.8854
           Episode_Reward/torque_limits: -0.8280
--------------------------------------------------------------------------------
                         Iteration time: 1.25s
                           Time elapsed: 0:01:51
                                    ETA: 0:19:18

################################################################################
[1m                           Learning iteration 88/1000                           [0m 

                               Run name: height_tracking_g1
                            Total steps: 8749056 
                       Steps per second: 79096 
                        Collection time: 1.010s 
                          Learning time: 0.233s 
                        Mean value loss: 1.0728
                    Mean surrogate loss: -0.0024
                      Mean entropy loss: 34.7744
                     Mean symmetry loss: 0.0020
                   Mean l2c2_actor loss: 0.0049
                  Mean l2c2_critic loss: 0.0341
                            Mean reward: -1479.20
                    Mean episode length: 742.93
                        Mean action std: 0.81
                    Entropy coefficient: 0.002500
        Episode_Reward/base_height_fine: 6.3490
           Episode_Reward/ankle_torques: -0.2804
            Episode_Reward/joint_acc_l2: 0.0000
             Episode_Reward/action_rate: -39.7726
           Episode_Reward/feet_yaw_mean: -0.7575
           Episode_Reward/feet_distance: -0.3507
             Episode_Reward/ground_slam: -4.6253
         Curriculum/polish_joint_vel_l2: -0.0010
              Episode_Reward/feet_slide: -1.1446
       Episode_Reward/base_height_rough: 2.4072
           Episode_Reward/forward_pitch: -1.3561
        Episode_Reward/joint_pos_limits: -0.0143
     Episode_Reward/completely_airborne: -3.3619
              Curriculum/terrain_levels: 0.0000
              Episode_Reward/torso_roll: -1.9126
      Episode_Reward/joint_deviation_l1: -0.9907
           Episode_Termination/time_out: 0.9880
      Episode_Reward/base_height_medium: 3.8259
    Episode_Reward/joint_tracking_error: -2.8048
        Curriculum/random_fallen_states: 0.0000
            Metrics/height/height_error: nan
           Curriculum/polish_torso_slam: -5.0000
               Curriculum/adaptive_lift: 0.9995
        Episode_Reward/joint_vel_limits: -0.0016
              Episode_Reward/torso_slam: -6.4018
  Episode_Reward/feet_distance_standing: -0.2758
     Curriculum/polish_action_rate_rate: -0.1500
            Episode_Reward/joint_vel_l2: -1.4287
         Episode_Reward/ground_unloaded: -0.8663
           Episode_Reward/body_velocity: -10.7459
          Curriculum/polish_ground_slam: -1.0000
         Episode_Reward/severely_tilted: -0.0458
 Episode_Reward/joint_deviation_l1_arms: -0.5202
               Episode_Reward/flat_feet: -2.4038
           Curriculum/polish_not_moving: -1.0000
              Episode_Reward/relaxation: -7.4145
        Episode_Reward/joint_torques_l2: -0.9803
           Episode_Reward/torso_upright: -0.0614
      Episode_Termination/invalid_state: 0.0122
        Episode_Reward/illegal_contacts: -0.3256
        Episode_Reward/action_rate_rate: -17.6530
              Episode_Reward/not_moving: -4.3595
           Episode_Reward/torque_limits: -0.8434
--------------------------------------------------------------------------------
                         Iteration time: 1.24s
                           Time elapsed: 0:01:53
                                    ETA: 0:19:16

################################################################################
[1m                           Learning iteration 89/1000                           [0m 

                               Run name: height_tracking_g1
                            Total steps: 8847360 
                       Steps per second: 78977 
                        Collection time: 1.012s 
                          Learning time: 0.233s 
                        Mean value loss: 1.0649
                    Mean surrogate loss: -0.0016
                      Mean entropy loss: 34.6665
                     Mean symmetry loss: 0.0018
                   Mean l2c2_actor loss: 0.0049
                  Mean l2c2_critic loss: 0.0340
                            Mean reward: -1434.42
                    Mean episode length: 748.45
                        Mean action std: 0.80
                    Entropy coefficient: 0.002500
        Episode_Reward/base_height_fine: 6.9166
           Episode_Reward/ankle_torques: -0.2774
            Episode_Reward/joint_acc_l2: 0.0000
             Episode_Reward/action_rate: -39.6109
           Episode_Reward/feet_yaw_mean: -0.6132
           Episode_Reward/feet_distance: -0.3607
             Episode_Reward/ground_slam: -4.2694
         Curriculum/polish_joint_vel_l2: -0.0010
              Episode_Reward/feet_slide: -1.1496
       Episode_Reward/base_height_rough: 2.5074
           Episode_Reward/forward_pitch: -1.3508
        Episode_Reward/joint_pos_limits: -0.0135
     Episode_Reward/completely_airborne: -3.2810
              Curriculum/terrain_levels: 0.0000
              Episode_Reward/torso_roll: -1.8330
      Episode_Reward/joint_deviation_l1: -1.0517
           Episode_Termination/time_out: 0.9880
      Episode_Reward/base_height_medium: 4.0803
    Episode_Reward/joint_tracking_error: -2.7300
        Curriculum/random_fallen_states: 0.0000
            Metrics/height/height_error: nan
           Curriculum/polish_torso_slam: -5.0000
               Curriculum/adaptive_lift: 0.9995
        Episode_Reward/joint_vel_limits: -0.0015
              Episode_Reward/torso_slam: -5.5426
  Episode_Reward/feet_distance_standing: -0.3148
     Curriculum/polish_action_rate_rate: -0.1500
            Episode_Reward/joint_vel_l2: -1.4102
         Episode_Reward/ground_unloaded: -0.8510
           Episode_Reward/body_velocity: -9.9752
          Curriculum/polish_ground_slam: -1.0000
         Episode_Reward/severely_tilted: -0.0418
 Episode_Reward/joint_deviation_l1_arms: -0.5378
               Episode_Reward/flat_feet: -2.3700
           Curriculum/polish_not_moving: -1.0000
              Episode_Reward/relaxation: -7.4074
        Episode_Reward/joint_torques_l2: -0.9583
           Episode_Reward/torso_upright: -0.0749
      Episode_Termination/invalid_state: 0.0122
        Episode_Reward/illegal_contacts: -0.3135
        Episode_Reward/action_rate_rate: -17.5633
              Episode_Reward/not_moving: -4.7958
           Episode_Reward/torque_limits: -0.8346
--------------------------------------------------------------------------------
                         Iteration time: 1.24s
                           Time elapsed: 0:01:54
                                    ETA: 0:19:15

################################################################################
[1m                           Learning iteration 90/1000                           [0m 

                               Run name: height_tracking_g1
                            Total steps: 8945664 
                       Steps per second: 79115 
                        Collection time: 1.010s 
                          Learning time: 0.233s 
                        Mean value loss: 1.1689
                    Mean surrogate loss: -0.0029
                      Mean entropy loss: 34.5482
                     Mean symmetry loss: 0.0019
                   Mean l2c2_actor loss: 0.0049
                  Mean l2c2_critic loss: 0.0376
                            Mean reward: -1448.05
                    Mean episode length: 744.48
                        Mean action std: 0.80
                    Entropy coefficient: 0.002500
        Episode_Reward/base_height_fine: 6.6491
           Episode_Reward/ankle_torques: -0.2698
            Episode_Reward/joint_acc_l2: 0.0000
             Episode_Reward/action_rate: -39.2491
           Episode_Reward/feet_yaw_mean: -0.6491
           Episode_Reward/feet_distance: -0.3431
             Episode_Reward/ground_slam: -4.1909
         Curriculum/polish_joint_vel_l2: -0.0010
              Episode_Reward/feet_slide: -1.1249
       Episode_Reward/base_height_rough: 2.4246
           Episode_Reward/forward_pitch: -1.2411
        Episode_Reward/joint_pos_limits: -0.0135
     Episode_Reward/completely_airborne: -3.2134
              Curriculum/terrain_levels: 0.0000
              Episode_Reward/torso_roll: -1.8109
      Episode_Reward/joint_deviation_l1: -1.0109
           Episode_Termination/time_out: 0.9885
      Episode_Reward/base_height_medium: 3.9212
    Episode_Reward/joint_tracking_error: -2.6805
        Curriculum/random_fallen_states: 0.0000
            Metrics/height/height_error: nan
           Curriculum/polish_torso_slam: -5.0000
               Curriculum/adaptive_lift: 0.9995
        Episode_Reward/joint_vel_limits: -0.0015
              Episode_Reward/torso_slam: -5.7226
  Episode_Reward/feet_distance_standing: -0.2859
     Curriculum/polish_action_rate_rate: -0.1500
            Episode_Reward/joint_vel_l2: -1.3975
         Episode_Reward/ground_unloaded: -0.8103
           Episode_Reward/body_velocity: -9.6862
          Curriculum/polish_ground_slam: -1.0000
         Episode_Reward/severely_tilted: -0.0407
 Episode_Reward/joint_deviation_l1_arms: -0.5187
               Episode_Reward/flat_feet: -2.3521
           Curriculum/polish_not_moving: -1.0000
              Episode_Reward/relaxation: -7.7929
        Episode_Reward/joint_torques_l2: -0.9159
           Episode_Reward/torso_upright: -0.0692
      Episode_Termination/invalid_state: 0.0118
        Episode_Reward/illegal_contacts: -0.3063
        Episode_Reward/action_rate_rate: -17.4130
              Episode_Reward/not_moving: -4.5212
           Episode_Reward/torque_limits: -0.7939
--------------------------------------------------------------------------------
                         Iteration time: 1.24s
                           Time elapsed: 0:01:55
                                    ETA: 0:19:13

################################################################################
[1m                           Learning iteration 91/1000                           [0m 

                               Run name: height_tracking_g1
                            Total steps: 9043968 
                       Steps per second: 79207 
                        Collection time: 1.008s 
                          Learning time: 0.233s 
                        Mean value loss: 1.1127
                    Mean surrogate loss: -0.0009
                      Mean entropy loss: 34.4852
                     Mean symmetry loss: 0.0019
                   Mean l2c2_actor loss: 0.0048
                  Mean l2c2_critic loss: 0.0368
                            Mean reward: -1397.92
                    Mean episode length: 742.31
                        Mean action std: 0.80
                    Entropy coefficient: 0.002500
        Episode_Reward/base_height_fine: 7.3239
           Episode_Reward/ankle_torques: -0.2682
            Episode_Reward/joint_acc_l2: 0.0000
             Episode_Reward/action_rate: -38.9499
           Episode_Reward/feet_yaw_mean: -0.6807
           Episode_Reward/feet_distance: -0.3518
             Episode_Reward/ground_slam: -4.2239
         Curriculum/polish_joint_vel_l2: -0.0010
              Episode_Reward/feet_slide: -1.1418
       Episode_Reward/base_height_rough: 2.5514
           Episode_Reward/forward_pitch: -1.2334
        Episode_Reward/joint_pos_limits: -0.0137
     Episode_Reward/completely_airborne: -3.0759
              Curriculum/terrain_levels: 0.0000
              Episode_Reward/torso_roll: -1.7721
      Episode_Reward/joint_deviation_l1: -1.0694
           Episode_Termination/time_out: 0.9880
      Episode_Reward/base_height_medium: 4.2577
    Episode_Reward/joint_tracking_error: -2.7222
        Curriculum/random_fallen_states: 0.0000
            Metrics/height/height_error: nan
           Curriculum/polish_torso_slam: -5.0000
               Curriculum/adaptive_lift: 0.9995
        Episode_Reward/joint_vel_limits: -0.0016
              Episode_Reward/torso_slam: -5.8023
  Episode_Reward/feet_distance_standing: -0.2993
     Curriculum/polish_action_rate_rate: -0.1500
            Episode_Reward/joint_vel_l2: -1.4375
         Episode_Reward/ground_unloaded: -0.8807
           Episode_Reward/body_velocity: -10.1584
          Curriculum/polish_ground_slam: -1.0000
         Episode_Reward/severely_tilted: -0.0522
 Episode_Reward/joint_deviation_l1_arms: -0.5594
               Episode_Reward/flat_feet: -2.3391
           Curriculum/polish_not_moving: -1.0000
              Episode_Reward/relaxation: -6.9213
        Episode_Reward/joint_torques_l2: -0.9318
           Episode_Reward/torso_upright: -0.0755
      Episode_Termination/invalid_state: 0.0123
        Episode_Reward/illegal_contacts: -0.2948
        Episode_Reward/action_rate_rate: -17.2760
              Episode_Reward/not_moving: -5.1489
           Episode_Reward/torque_limits: -0.7981
--------------------------------------------------------------------------------
                         Iteration time: 1.24s
                           Time elapsed: 0:01:56
                                    ETA: 0:19:12

################################################################################
[1m                           Learning iteration 92/1000                           [0m 

                               Run name: height_tracking_g1
                            Total steps: 9142272 
                       Steps per second: 79127 
                        Collection time: 1.009s 
                          Learning time: 0.233s 
                        Mean value loss: 1.1120
                    Mean surrogate loss: -0.0033
                      Mean entropy loss: 34.3868
                     Mean symmetry loss: 0.0019
                   Mean l2c2_actor loss: 0.0048
                  Mean l2c2_critic loss: 0.0360
                            Mean reward: -1432.80
                    Mean episode length: 742.84
                        Mean action std: 0.80
                    Entropy coefficient: 0.002500
        Episode_Reward/base_height_fine: 6.4458
           Episode_Reward/ankle_torques: -0.2832
            Episode_Reward/joint_acc_l2: 0.0000
             Episode_Reward/action_rate: -38.6329
           Episode_Reward/feet_yaw_mean: -0.6770
           Episode_Reward/feet_distance: -0.3546
             Episode_Reward/ground_slam: -4.3439
         Curriculum/polish_joint_vel_l2: -0.0010
              Episode_Reward/feet_slide: -1.1409
       Episode_Reward/base_height_rough: 2.3718
           Episode_Reward/forward_pitch: -1.3110
        Episode_Reward/joint_pos_limits: -0.0138
     Episode_Reward/completely_airborne: -3.2738
              Curriculum/terrain_levels: 0.0000
              Episode_Reward/torso_roll: -1.8322
      Episode_Reward/joint_deviation_l1: -1.0504
           Episode_Termination/time_out: 0.9880
      Episode_Reward/base_height_medium: 3.8176
    Episode_Reward/joint_tracking_error: -2.6878
        Curriculum/random_fallen_states: 0.0000
            Metrics/height/height_error: nan
           Curriculum/polish_torso_slam: -5.0000
               Curriculum/adaptive_lift: 0.9995
        Episode_Reward/joint_vel_limits: -0.0015
              Episode_Reward/torso_slam: -5.7891
  Episode_Reward/feet_distance_standing: -0.3221
     Curriculum/polish_action_rate_rate: -0.1500
            Episode_Reward/joint_vel_l2: -1.3921
         Episode_Reward/ground_unloaded: -0.8196
           Episode_Reward/body_velocity: -10.0864
          Curriculum/polish_ground_slam: -1.0000
         Episode_Reward/severely_tilted: -0.0420
 Episode_Reward/joint_deviation_l1_arms: -0.5384
               Episode_Reward/flat_feet: -2.3297
           Curriculum/polish_not_moving: -1.0000
              Episode_Reward/relaxation: -7.5988
        Episode_Reward/joint_torques_l2: -0.9229
           Episode_Reward/torso_upright: -0.0677
      Episode_Termination/invalid_state: 0.0122
        Episode_Reward/illegal_contacts: -0.3109
        Episode_Reward/action_rate_rate: -17.1352
              Episode_Reward/not_moving: -4.4129
           Episode_Reward/torque_limits: -0.7950
--------------------------------------------------------------------------------
                         Iteration time: 1.24s
                           Time elapsed: 0:01:57
                                    ETA: 0:19:10

################################################################################
[1m                           Learning iteration 93/1000                           [0m 

                               Run name: height_tracking_g1
                            Total steps: 9240576 
                       Steps per second: 78935 
                        Collection time: 1.012s 
                          Learning time: 0.233s 
                        Mean value loss: 1.0066
                    Mean surrogate loss: -0.0024
                      Mean entropy loss: 34.3247
                     Mean symmetry loss: 0.0019
                   Mean l2c2_actor loss: 0.0049
                  Mean l2c2_critic loss: 0.0343
                            Mean reward: -1405.60
                    Mean episode length: 750.00
                        Mean action std: 0.80
                    Entropy coefficient: 0.002500
        Episode_Reward/base_height_fine: 6.4694
           Episode_Reward/ankle_torques: -0.2552
            Episode_Reward/joint_acc_l2: 0.0000
             Episode_Reward/action_rate: -38.8666
           Episode_Reward/feet_yaw_mean: -0.6019
           Episode_Reward/feet_distance: -0.3460
             Episode_Reward/ground_slam: -4.2362
         Curriculum/polish_joint_vel_l2: -0.0010
              Episode_Reward/feet_slide: -1.1213
       Episode_Reward/base_height_rough: 2.3823
           Episode_Reward/forward_pitch: -1.2528
        Episode_Reward/joint_pos_limits: -0.0137
     Episode_Reward/completely_airborne: -3.1863
              Curriculum/terrain_levels: 0.0000
              Episode_Reward/torso_roll: -1.8153
      Episode_Reward/joint_deviation_l1: -1.0187
           Episode_Termination/time_out: 0.9885
      Episode_Reward/base_height_medium: 3.8382
    Episode_Reward/joint_tracking_error: -2.6095
        Curriculum/random_fallen_states: 0.0000
            Metrics/height/height_error: nan
           Curriculum/polish_torso_slam: -5.0000
               Curriculum/adaptive_lift: 0.9995
        Episode_Reward/joint_vel_limits: -0.0014
              Episode_Reward/torso_slam: -5.6629
  Episode_Reward/feet_distance_standing: -0.3057
     Curriculum/polish_action_rate_rate: -0.1500
            Episode_Reward/joint_vel_l2: -1.3468
         Episode_Reward/ground_unloaded: -0.8327
           Episode_Reward/body_velocity: -9.3657
          Curriculum/polish_ground_slam: -1.0000
         Episode_Reward/severely_tilted: -0.0421
 Episode_Reward/joint_deviation_l1_arms: -0.5189
               Episode_Reward/flat_feet: -2.3796
           Curriculum/polish_not_moving: -1.0000
              Episode_Reward/relaxation: -7.9109
        Episode_Reward/joint_torques_l2: -0.9522
           Episode_Reward/torso_upright: -0.0707
      Episode_Termination/invalid_state: 0.0117
        Episode_Reward/illegal_contacts: -0.3114
        Episode_Reward/action_rate_rate: -17.2450
              Episode_Reward/not_moving: -4.3563
           Episode_Reward/torque_limits: -0.7836
--------------------------------------------------------------------------------
                         Iteration time: 1.25s
                           Time elapsed: 0:01:59
                                    ETA: 0:19:09

################################################################################
[1m                           Learning iteration 94/1000                           [0m 

                               Run name: height_tracking_g1
                            Total steps: 9338880 
                       Steps per second: 78998 
                        Collection time: 1.011s 
                          Learning time: 0.233s 
                        Mean value loss: 1.0222
                    Mean surrogate loss: -0.0012
                      Mean entropy loss: 34.2650
                     Mean symmetry loss: 0.0018
                   Mean l2c2_actor loss: 0.0048
                  Mean l2c2_critic loss: 0.0337
                            Mean reward: -1388.22
                    Mean episode length: 744.60
                        Mean action std: 0.79
                    Entropy coefficient: 0.002500
        Episode_Reward/base_height_fine: 6.5456
           Episode_Reward/ankle_torques: -0.2677
            Episode_Reward/joint_acc_l2: 0.0000
             Episode_Reward/action_rate: -38.1256
           Episode_Reward/feet_yaw_mean: -0.6068
           Episode_Reward/feet_distance: -0.3222
             Episode_Reward/ground_slam: -4.2798
         Curriculum/polish_joint_vel_l2: -0.0010
              Episode_Reward/feet_slide: -1.1275
       Episode_Reward/base_height_rough: 2.4341
           Episode_Reward/forward_pitch: -1.3055
        Episode_Reward/joint_pos_limits: -0.0136
     Episode_Reward/completely_airborne: -3.3318
              Curriculum/terrain_levels: 0.0000
              Episode_Reward/torso_roll: -1.8223
      Episode_Reward/joint_deviation_l1: -1.0174
           Episode_Termination/time_out: 0.9888
      Episode_Reward/base_height_medium: 3.9048
    Episode_Reward/joint_tracking_error: -2.5675
        Curriculum/random_fallen_states: 0.0000
            Metrics/height/height_error: nan
           Curriculum/polish_torso_slam: -5.0000
               Curriculum/adaptive_lift: 0.9995
        Episode_Reward/joint_vel_limits: -0.0015
              Episode_Reward/torso_slam: -5.8329
  Episode_Reward/feet_distance_standing: -0.2721
     Curriculum/polish_action_rate_rate: -0.1500
            Episode_Reward/joint_vel_l2: -1.3624
         Episode_Reward/ground_unloaded: -0.8309
           Episode_Reward/body_velocity: -9.6959
          Curriculum/polish_ground_slam: -1.0000
         Episode_Reward/severely_tilted: -0.0376
 Episode_Reward/joint_deviation_l1_arms: -0.5133
               Episode_Reward/flat_feet: -2.3557
           Curriculum/polish_not_moving: -1.0000
              Episode_Reward/relaxation: -6.9955
        Episode_Reward/joint_torques_l2: -0.8818
           Episode_Reward/torso_upright: -0.0683
      Episode_Termination/invalid_state: 0.0114
        Episode_Reward/illegal_contacts: -0.3106
        Episode_Reward/action_rate_rate: -16.9184
              Episode_Reward/not_moving: -4.3461
           Episode_Reward/torque_limits: -0.7375
--------------------------------------------------------------------------------
                         Iteration time: 1.24s
                           Time elapsed: 0:02:00
                                    ETA: 0:19:07

################################################################################
[1m                           Learning iteration 95/1000                           [0m 

                               Run name: height_tracking_g1
                            Total steps: 9437184 
                       Steps per second: 78984 
                        Collection time: 1.012s 
                          Learning time: 0.233s 
                        Mean value loss: 1.0325
                    Mean surrogate loss: -0.0034
                      Mean entropy loss: 34.1752
                     Mean symmetry loss: 0.0019
                   Mean l2c2_actor loss: 0.0049
                  Mean l2c2_critic loss: 0.0356
                            Mean reward: -1386.46
                    Mean episode length: 745.23
                        Mean action std: 0.79
                    Entropy coefficient: 0.002500
        Episode_Reward/base_height_fine: 6.6231
           Episode_Reward/ankle_torques: -0.2616
            Episode_Reward/joint_acc_l2: 0.0000
             Episode_Reward/action_rate: -38.1213
           Episode_Reward/feet_yaw_mean: -0.6204
           Episode_Reward/feet_distance: -0.3359
             Episode_Reward/ground_slam: -4.1906
         Curriculum/polish_joint_vel_l2: -0.0010
              Episode_Reward/feet_slide: -1.1255
       Episode_Reward/base_height_rough: 2.4203
           Episode_Reward/forward_pitch: -1.2758
        Episode_Reward/joint_pos_limits: -0.0134
     Episode_Reward/completely_airborne: -3.3252
              Curriculum/terrain_levels: 0.0000
              Episode_Reward/torso_roll: -1.7899
      Episode_Reward/joint_deviation_l1: -1.0354
           Episode_Termination/time_out: 0.9897
      Episode_Reward/base_height_medium: 3.9086
    Episode_Reward/joint_tracking_error: -2.5829
        Curriculum/random_fallen_states: 0.0000
            Metrics/height/height_error: nan
           Curriculum/polish_torso_slam: -5.0000
               Curriculum/adaptive_lift: 0.9995
        Episode_Reward/joint_vel_limits: -0.0014
              Episode_Reward/torso_slam: -5.4653
  Episode_Reward/feet_distance_standing: -0.2934
     Curriculum/polish_action_rate_rate: -0.1500
            Episode_Reward/joint_vel_l2: -1.3604
         Episode_Reward/ground_unloaded: -0.8265
           Episode_Reward/body_velocity: -9.5529
          Curriculum/polish_ground_slam: -1.0000
         Episode_Reward/severely_tilted: -0.0468
 Episode_Reward/joint_deviation_l1_arms: -0.5209
               Episode_Reward/flat_feet: -2.3682
           Curriculum/polish_not_moving: -1.0000
              Episode_Reward/relaxation: -7.5958
        Episode_Reward/joint_torques_l2: -0.9356
           Episode_Reward/torso_upright: -0.0698
      Episode_Termination/invalid_state: 0.0105
        Episode_Reward/illegal_contacts: -0.3025
        Episode_Reward/action_rate_rate: -16.9110
              Episode_Reward/not_moving: -4.5203
           Episode_Reward/torque_limits: -0.7688
--------------------------------------------------------------------------------
                         Iteration time: 1.24s
                           Time elapsed: 0:02:01
                                    ETA: 0:19:06

################################################################################
[1m                           Learning iteration 96/1000                           [0m 

                               Run name: height_tracking_g1
                            Total steps: 9535488 
                       Steps per second: 79260 
                        Collection time: 1.007s 
                          Learning time: 0.233s 
                        Mean value loss: 1.0802
                    Mean surrogate loss: -0.0007
                      Mean entropy loss: 34.1005
                     Mean symmetry loss: 0.0018
                   Mean l2c2_actor loss: 0.0048
                  Mean l2c2_critic loss: 0.0362
                            Mean reward: -1371.18
                    Mean episode length: 736.66
                        Mean action std: 0.79
                    Entropy coefficient: 0.002500
        Episode_Reward/base_height_fine: 7.2457
           Episode_Reward/ankle_torques: -0.2662
            Episode_Reward/joint_acc_l2: 0.0000
             Episode_Reward/action_rate: -37.5851
           Episode_Reward/feet_yaw_mean: -0.6607
           Episode_Reward/feet_distance: -0.3402
             Episode_Reward/ground_slam: -4.2867
         Curriculum/polish_joint_vel_l2: -0.0010
              Episode_Reward/feet_slide: -1.1174
       Episode_Reward/base_height_rough: 2.5492
           Episode_Reward/forward_pitch: -1.1678
        Episode_Reward/joint_pos_limits: -0.0137
     Episode_Reward/completely_airborne: -3.1492
              Curriculum/terrain_levels: 0.0000
              Episode_Reward/torso_roll: -1.7419
      Episode_Reward/joint_deviation_l1: -1.0281
           Episode_Termination/time_out: 0.9903
      Episode_Reward/base_height_medium: 4.2177
    Episode_Reward/joint_tracking_error: -2.5856
        Curriculum/random_fallen_states: 0.0000
            Metrics/height/height_error: nan
           Curriculum/polish_torso_slam: -5.0000
               Curriculum/adaptive_lift: 0.9995
        Episode_Reward/joint_vel_limits: -0.0014
              Episode_Reward/torso_slam: -5.8758
  Episode_Reward/feet_distance_standing: -0.2967
     Curriculum/polish_action_rate_rate: -0.1500
            Episode_Reward/joint_vel_l2: -1.3543
         Episode_Reward/ground_unloaded: -0.8993
           Episode_Reward/body_velocity: -9.6724
          Curriculum/polish_ground_slam: -1.0000
         Episode_Reward/severely_tilted: -0.0484
 Episode_Reward/joint_deviation_l1_arms: -0.5289
               Episode_Reward/flat_feet: -2.3066
           Curriculum/polish_not_moving: -1.0000
              Episode_Reward/relaxation: -6.2573
        Episode_Reward/joint_torques_l2: -0.9237
           Episode_Reward/torso_upright: -0.0689
      Episode_Termination/invalid_state: 0.0098
        Episode_Reward/illegal_contacts: -0.3037
        Episode_Reward/action_rate_rate: -16.6807
              Episode_Reward/not_moving: -4.9677
           Episode_Reward/torque_limits: -0.7668
--------------------------------------------------------------------------------
                         Iteration time: 1.24s
                           Time elapsed: 0:02:02
                                    ETA: 0:19:04

################################################################################
[1m                           Learning iteration 97/1000                           [0m 

                               Run name: height_tracking_g1
                            Total steps: 9633792 
                       Steps per second: 79130 
                        Collection time: 1.009s 
                          Learning time: 0.233s 
                        Mean value loss: 1.0976
                    Mean surrogate loss: -0.0018
                      Mean entropy loss: 34.0094
                     Mean symmetry loss: 0.0019
                   Mean l2c2_actor loss: 0.0049
                  Mean l2c2_critic loss: 0.0415
                            Mean reward: -1362.38
                    Mean episode length: 750.00
                        Mean action std: 0.79
                    Entropy coefficient: 0.002500
        Episode_Reward/base_height_fine: 7.3243
           Episode_Reward/ankle_torques: -0.2604
            Episode_Reward/joint_acc_l2: 0.0000
             Episode_Reward/action_rate: -37.9278
           Episode_Reward/feet_yaw_mean: -0.6450
           Episode_Reward/feet_distance: -0.3374
             Episode_Reward/ground_slam: -4.0587
         Curriculum/polish_joint_vel_l2: -0.0010
              Episode_Reward/feet_slide: -1.1335
       Episode_Reward/base_height_rough: 2.5739
           Episode_Reward/forward_pitch: -1.1848
        Episode_Reward/joint_pos_limits: -0.0136
     Episode_Reward/completely_airborne: -2.8209
              Curriculum/terrain_levels: 0.0000
              Episode_Reward/torso_roll: -1.8127
      Episode_Reward/joint_deviation_l1: -0.9803
           Episode_Termination/time_out: 0.9905
      Episode_Reward/base_height_medium: 4.2634
    Episode_Reward/joint_tracking_error: -2.5654
        Curriculum/random_fallen_states: 0.0000
            Metrics/height/height_error: nan
           Curriculum/polish_torso_slam: -5.0000
               Curriculum/adaptive_lift: 0.9995
        Episode_Reward/joint_vel_limits: -0.0013
              Episode_Reward/torso_slam: -5.2336
  Episode_Reward/feet_distance_standing: -0.2879
     Curriculum/polish_action_rate_rate: -0.1500
            Episode_Reward/joint_vel_l2: -1.3332
         Episode_Reward/ground_unloaded: -0.8860
           Episode_Reward/body_velocity: -9.4012
          Curriculum/polish_ground_slam: -1.0000
         Episode_Reward/severely_tilted: -0.0322
 Episode_Reward/joint_deviation_l1_arms: -0.5064
               Episode_Reward/flat_feet: -2.3679
           Curriculum/polish_not_moving: -1.0000
              Episode_Reward/relaxation: -6.8091
        Episode_Reward/joint_torques_l2: -0.9325
           Episode_Reward/torso_upright: -0.0651
      Episode_Termination/invalid_state: 0.0095
        Episode_Reward/illegal_contacts: -0.3051
        Episode_Reward/action_rate_rate: -16.8276
              Episode_Reward/not_moving: -4.9324
           Episode_Reward/torque_limits: -0.7713
--------------------------------------------------------------------------------
                         Iteration time: 1.24s
                           Time elapsed: 0:02:04
                                    ETA: 0:19:03

################################################################################
[1m                           Learning iteration 98/1000                           [0m 

                               Run name: height_tracking_g1
                            Total steps: 9732096 
                       Steps per second: 79372 
                        Collection time: 1.006s 
                          Learning time: 0.233s 
                        Mean value loss: 1.1157
                    Mean surrogate loss: -0.0020
                      Mean entropy loss: 33.9408
                     Mean symmetry loss: 0.0019
                   Mean l2c2_actor loss: 0.0048
                  Mean l2c2_critic loss: 0.0416
                            Mean reward: -1395.51
                    Mean episode length: 750.00
                        Mean action std: 0.79
                    Entropy coefficient: 0.002500
        Episode_Reward/base_height_fine: 6.1555
           Episode_Reward/ankle_torques: -0.2506
            Episode_Reward/joint_acc_l2: 0.0000
             Episode_Reward/action_rate: -37.7431
           Episode_Reward/feet_yaw_mean: -0.6003
           Episode_Reward/feet_distance: -0.3457
             Episode_Reward/ground_slam: -4.1743
         Curriculum/polish_joint_vel_l2: -0.0010
              Episode_Reward/feet_slide: -1.1222
       Episode_Reward/base_height_rough: 2.3044
           Episode_Reward/forward_pitch: -1.3459
        Episode_Reward/joint_pos_limits: -0.0136
     Episode_Reward/completely_airborne: -3.2767
              Curriculum/terrain_levels: 0.0000
              Episode_Reward/torso_roll: -1.8407
      Episode_Reward/joint_deviation_l1: -0.8715
           Episode_Termination/time_out: 0.9908
      Episode_Reward/base_height_medium: 3.6658
    Episode_Reward/joint_tracking_error: -2.5101
        Curriculum/random_fallen_states: 0.0000
            Metrics/height/height_error: nan
           Curriculum/polish_torso_slam: -5.0000
               Curriculum/adaptive_lift: 0.9995
        Episode_Reward/joint_vel_limits: -0.0013
              Episode_Reward/torso_slam: -5.5107
  Episode_Reward/feet_distance_standing: -0.2693
     Curriculum/polish_action_rate_rate: -0.1500
            Episode_Reward/joint_vel_l2: -1.3248
         Episode_Reward/ground_unloaded: -0.7965
           Episode_Reward/body_velocity: -9.1566
          Curriculum/polish_ground_slam: -1.0000
         Episode_Reward/severely_tilted: -0.0410
 Episode_Reward/joint_deviation_l1_arms: -0.4528
               Episode_Reward/flat_feet: -2.4463
           Curriculum/polish_not_moving: -1.0000
              Episode_Reward/relaxation: -7.9206
        Episode_Reward/joint_torques_l2: -0.8873
           Episode_Reward/torso_upright: -0.0534
      Episode_Termination/invalid_state: 0.0092
        Episode_Reward/illegal_contacts: -0.3277
        Episode_Reward/action_rate_rate: -16.7453
              Episode_Reward/not_moving: -4.0323
           Episode_Reward/torque_limits: -0.7224
--------------------------------------------------------------------------------
                         Iteration time: 1.24s
                           Time elapsed: 0:02:05
                                    ETA: 0:19:01

################################################################################
[1m                           Learning iteration 99/1000                           [0m 

                               Run name: height_tracking_g1
                            Total steps: 9830400 
                       Steps per second: 78814 
                        Collection time: 1.014s 
                          Learning time: 0.233s 
                        Mean value loss: 1.0601
                    Mean surrogate loss: -0.0011
                      Mean entropy loss: 33.8768
                     Mean symmetry loss: 0.0018
                   Mean l2c2_actor loss: 0.0048
                  Mean l2c2_critic loss: 0.0377
                            Mean reward: -1388.29
                    Mean episode length: 750.00
                        Mean action std: 0.78
                    Entropy coefficient: 0.002500
        Episode_Reward/base_height_fine: 6.3016
           Episode_Reward/ankle_torques: -0.2445
            Episode_Reward/joint_acc_l2: 0.0000
             Episode_Reward/action_rate: -37.2980
           Episode_Reward/feet_yaw_mean: -0.5449
           Episode_Reward/feet_distance: -0.3319
             Episode_Reward/ground_slam: -4.0945
         Curriculum/polish_joint_vel_l2: -0.0010
              Episode_Reward/feet_slide: -1.1016
       Episode_Reward/base_height_rough: 2.3013
           Episode_Reward/forward_pitch: -1.2669
        Episode_Reward/joint_pos_limits: -0.0132
     Episode_Reward/completely_airborne: -3.3718
              Curriculum/terrain_levels: 0.0000
              Episode_Reward/torso_roll: -1.7895
      Episode_Reward/joint_deviation_l1: -0.9599
           Episode_Termination/time_out: 0.9911
      Episode_Reward/base_height_medium: 3.7008
    Episode_Reward/joint_tracking_error: -2.4393
        Curriculum/random_fallen_states: 0.0000
            Metrics/height/height_error: nan
           Curriculum/polish_torso_slam: -5.0000
               Curriculum/adaptive_lift: 0.9995
        Episode_Reward/joint_vel_limits: -0.0013
              Episode_Reward/torso_slam: -5.5654
  Episode_Reward/feet_distance_standing: -0.2652
     Curriculum/polish_action_rate_rate: -0.1500
            Episode_Reward/joint_vel_l2: -1.2967
         Episode_Reward/ground_unloaded: -0.7788
           Episode_Reward/body_velocity: -8.9144
          Curriculum/polish_ground_slam: -1.0000
         Episode_Reward/severely_tilted: -0.0389
 Episode_Reward/joint_deviation_l1_arms: -0.4744
               Episode_Reward/flat_feet: -2.3708
           Curriculum/polish_not_moving: -1.0000
              Episode_Reward/relaxation: -7.9868
        Episode_Reward/joint_torques_l2: -0.8908
           Episode_Reward/torso_upright: -0.0620
      Episode_Termination/invalid_state: 0.0089
        Episode_Reward/illegal_contacts: -0.3123
        Episode_Reward/action_rate_rate: -16.5447
              Episode_Reward/not_moving: -4.2531
           Episode_Reward/torque_limits: -0.7166
--------------------------------------------------------------------------------
                         Iteration time: 1.25s
                           Time elapsed: 0:02:06
                                    ETA: 0:19:00

################################################################################
[1m                          Learning iteration 100/1000                           [0m 

                               Run name: height_tracking_g1
                            Total steps: 9928704 
                       Steps per second: 79151 
                        Collection time: 1.009s 
                          Learning time: 0.233s 
                        Mean value loss: 0.9581
                    Mean surrogate loss: -0.0027
                      Mean entropy loss: 33.7670
                     Mean symmetry loss: 0.0018
                   Mean l2c2_actor loss: 0.0048
                  Mean l2c2_critic loss: 0.0379
                            Mean reward: -1353.83
                    Mean episode length: 750.00
                        Mean action std: 0.78
                    Entropy coefficient: 0.002500
        Episode_Reward/base_height_fine: 6.5546
           Episode_Reward/ankle_torques: -0.2436
            Episode_Reward/joint_acc_l2: 0.0000
             Episode_Reward/action_rate: -37.4013
           Episode_Reward/feet_yaw_mean: -0.5734
           Episode_Reward/feet_distance: -0.3172
             Episode_Reward/ground_slam: -4.0264
         Curriculum/polish_joint_vel_l2: -0.0010
              Episode_Reward/feet_slide: -1.1107
       Episode_Reward/base_height_rough: 2.4580
           Episode_Reward/forward_pitch: -1.3016
        Episode_Reward/joint_pos_limits: -0.0135
     Episode_Reward/completely_airborne: -3.3646
              Curriculum/terrain_levels: 0.0000
              Episode_Reward/torso_roll: -1.8419
      Episode_Reward/joint_deviation_l1: -0.9244
           Episode_Termination/time_out: 0.9912
      Episode_Reward/base_height_medium: 3.9085
    Episode_Reward/joint_tracking_error: -2.4740
        Curriculum/random_fallen_states: 0.0000
            Metrics/height/height_error: nan
           Curriculum/polish_torso_slam: -5.0000
               Curriculum/adaptive_lift: 0.9995
        Episode_Reward/joint_vel_limits: -0.0013
              Episode_Reward/torso_slam: -5.1853
  Episode_Reward/feet_distance_standing: -0.2338
     Curriculum/polish_action_rate_rate: -0.1500
            Episode_Reward/joint_vel_l2: -1.3160
         Episode_Reward/ground_unloaded: -0.8147
           Episode_Reward/body_velocity: -8.9528
          Curriculum/polish_ground_slam: -1.0000
         Episode_Reward/severely_tilted: -0.0383
 Episode_Reward/joint_deviation_l1_arms: -0.4655
               Episode_Reward/flat_feet: -2.4080
           Curriculum/polish_not_moving: -1.0000
              Episode_Reward/relaxation: -7.6698
        Episode_Reward/joint_torques_l2: -0.9088
           Episode_Reward/torso_upright: -0.0599
      Episode_Termination/invalid_state: 0.0088
        Episode_Reward/illegal_contacts: -0.3178
        Episode_Reward/action_rate_rate: -16.5861
              Episode_Reward/not_moving: -4.3495
           Episode_Reward/torque_limits: -0.7248
--------------------------------------------------------------------------------
                         Iteration time: 1.24s
                           Time elapsed: 0:02:07
                                    ETA: 0:18:58

################################################################################
[1m                          Learning iteration 101/1000                           [0m 

                               Run name: height_tracking_g1
                            Total steps: 10027008 
                       Steps per second: 78753 
                        Collection time: 1.015s 
                          Learning time: 0.233s 
                        Mean value loss: 1.2252
                    Mean surrogate loss: -0.0008
                      Mean entropy loss: 33.7308
                     Mean symmetry loss: 0.0018
                   Mean l2c2_actor loss: 0.0047
                  Mean l2c2_critic loss: 0.0396
                            Mean reward: -1289.63
                    Mean episode length: 729.89
                        Mean action std: 0.78
                    Entropy coefficient: 0.002500
        Episode_Reward/base_height_fine: 7.1993
           Episode_Reward/ankle_torques: -0.2524
            Episode_Reward/joint_acc_l2: 0.0000
             Episode_Reward/action_rate: -36.5267
           Episode_Reward/feet_yaw_mean: -0.5712
           Episode_Reward/feet_distance: -0.2972
             Episode_Reward/ground_slam: -4.0811
         Curriculum/polish_joint_vel_l2: -0.0010
              Episode_Reward/feet_slide: -1.1096
       Episode_Reward/base_height_rough: 2.5440
           Episode_Reward/forward_pitch: -1.1326
        Episode_Reward/joint_pos_limits: -0.0134
     Episode_Reward/completely_airborne: -2.9463
              Curriculum/terrain_levels: 0.0000
              Episode_Reward/torso_roll: -1.7174
      Episode_Reward/joint_deviation_l1: -1.0310
           Episode_Termination/time_out: 0.9915
      Episode_Reward/base_height_medium: 4.2083
    Episode_Reward/joint_tracking_error: -2.4280
        Curriculum/random_fallen_states: 0.0000
            Metrics/height/height_error: nan
           Curriculum/polish_torso_slam: -5.0000
               Curriculum/adaptive_lift: 0.9995
        Episode_Reward/joint_vel_limits: -0.0013
              Episode_Reward/torso_slam: -5.2949
  Episode_Reward/feet_distance_standing: -0.2641
     Curriculum/polish_action_rate_rate: -0.1500
            Episode_Reward/joint_vel_l2: -1.3067
         Episode_Reward/ground_unloaded: -0.8854
           Episode_Reward/body_velocity: -9.0230
          Curriculum/polish_ground_slam: -1.0000
         Episode_Reward/severely_tilted: -0.0369
 Episode_Reward/joint_deviation_l1_arms: -0.5191
               Episode_Reward/flat_feet: -2.2937
           Curriculum/polish_not_moving: -1.0000
              Episode_Reward/relaxation: -6.2285
        Episode_Reward/joint_torques_l2: -0.8708
           Episode_Reward/torso_upright: -0.0700
      Episode_Termination/invalid_state: 0.0085
        Episode_Reward/illegal_contacts: -0.2831
        Episode_Reward/action_rate_rate: -16.2038
              Episode_Reward/not_moving: -4.7930
           Episode_Reward/torque_limits: -0.7076
--------------------------------------------------------------------------------
                         Iteration time: 1.25s
                           Time elapsed: 0:02:09
                                    ETA: 0:18:57

################################################################################
[1m                          Learning iteration 102/1000                           [0m 

                               Run name: height_tracking_g1
                            Total steps: 10125312 
                       Steps per second: 78754 
                        Collection time: 1.015s 
                          Learning time: 0.234s 
                        Mean value loss: 1.3025
                    Mean surrogate loss: -0.0011
                      Mean entropy loss: 33.6546
                     Mean symmetry loss: 0.0019
                   Mean l2c2_actor loss: 0.0047
                  Mean l2c2_critic loss: 0.0416
                            Mean reward: -1318.07
                    Mean episode length: 745.64
                        Mean action std: 0.78
                    Entropy coefficient: 0.002500
        Episode_Reward/base_height_fine: 6.4948
           Episode_Reward/ankle_torques: -0.2547
            Episode_Reward/joint_acc_l2: 0.0000
             Episode_Reward/action_rate: -36.2274
           Episode_Reward/feet_yaw_mean: -0.5700
           Episode_Reward/feet_distance: -0.3370
             Episode_Reward/ground_slam: -4.0638
         Curriculum/polish_joint_vel_l2: -0.0010
              Episode_Reward/feet_slide: -1.0829
       Episode_Reward/base_height_rough: 2.3727
           Episode_Reward/forward_pitch: -1.3011
        Episode_Reward/joint_pos_limits: -0.0132
     Episode_Reward/completely_airborne: -3.2646
              Curriculum/terrain_levels: 0.0000
              Episode_Reward/torso_roll: -1.7460
      Episode_Reward/joint_deviation_l1: -0.9202
           Episode_Termination/time_out: 0.9914
      Episode_Reward/base_height_medium: 3.8440
    Episode_Reward/joint_tracking_error: -2.3759
        Curriculum/random_fallen_states: 0.0000
            Metrics/height/height_error: nan
           Curriculum/polish_torso_slam: -5.0000
               Curriculum/adaptive_lift: 0.9995
        Episode_Reward/joint_vel_limits: -0.0012
              Episode_Reward/torso_slam: -5.5607
  Episode_Reward/feet_distance_standing: -0.2781
     Curriculum/polish_action_rate_rate: -0.1500
            Episode_Reward/joint_vel_l2: -1.2430
         Episode_Reward/ground_unloaded: -0.8213
           Episode_Reward/body_velocity: -9.1509
          Curriculum/polish_ground_slam: -1.0000
         Episode_Reward/severely_tilted: -0.0395
 Episode_Reward/joint_deviation_l1_arms: -0.4621
               Episode_Reward/flat_feet: -2.3520
           Curriculum/polish_not_moving: -1.0000
              Episode_Reward/relaxation: -7.0241
        Episode_Reward/joint_torques_l2: -0.8677
           Episode_Reward/torso_upright: -0.0583
      Episode_Termination/invalid_state: 0.0086
        Episode_Reward/illegal_contacts: -0.3067
        Episode_Reward/action_rate_rate: -16.0702
              Episode_Reward/not_moving: -4.2043
           Episode_Reward/torque_limits: -0.6940
--------------------------------------------------------------------------------
                         Iteration time: 1.25s
                           Time elapsed: 0:02:10
                                    ETA: 0:18:55

################################################################################
[1m                          Learning iteration 103/1000                           [0m 

                               Run name: height_tracking_g1
                            Total steps: 10223616 
                       Steps per second: 79031 
                        Collection time: 1.010s 
                          Learning time: 0.234s 
                        Mean value loss: 1.0432
                    Mean surrogate loss: -0.0011
                      Mean entropy loss: 33.5822
                     Mean symmetry loss: 0.0017
                   Mean l2c2_actor loss: 0.0047
                  Mean l2c2_critic loss: 0.0402
                            Mean reward: -1313.19
                    Mean episode length: 746.36
                        Mean action std: 0.78
                    Entropy coefficient: 0.002500
        Episode_Reward/base_height_fine: 6.9933
           Episode_Reward/ankle_torques: -0.2449
            Episode_Reward/joint_acc_l2: 0.0000
             Episode_Reward/action_rate: -36.3772
           Episode_Reward/feet_yaw_mean: -0.5292
           Episode_Reward/feet_distance: -0.3034
             Episode_Reward/ground_slam: -3.9424
         Curriculum/polish_joint_vel_l2: -0.0010
              Episode_Reward/feet_slide: -1.1085
       Episode_Reward/base_height_rough: 2.4893
           Episode_Reward/forward_pitch: -1.3028
        Episode_Reward/joint_pos_limits: -0.0131
     Episode_Reward/completely_airborne: -2.8880
              Curriculum/terrain_levels: 0.0000
              Episode_Reward/torso_roll: -1.7329
      Episode_Reward/joint_deviation_l1: -0.9073
           Episode_Termination/time_out: 0.9913
      Episode_Reward/base_height_medium: 4.0915
    Episode_Reward/joint_tracking_error: -2.3980
        Curriculum/random_fallen_states: 0.0000
            Metrics/height/height_error: nan
           Curriculum/polish_torso_slam: -5.0000
               Curriculum/adaptive_lift: 0.9995
        Episode_Reward/joint_vel_limits: -0.0012
              Episode_Reward/torso_slam: -5.0905
  Episode_Reward/feet_distance_standing: -0.2404
     Curriculum/polish_action_rate_rate: -0.1500
            Episode_Reward/joint_vel_l2: -1.2729
         Episode_Reward/ground_unloaded: -0.8570
           Episode_Reward/body_velocity: -8.9052
          Curriculum/polish_ground_slam: -1.0000
         Episode_Reward/severely_tilted: -0.0358
 Episode_Reward/joint_deviation_l1_arms: -0.4645
               Episode_Reward/flat_feet: -2.3700
           Curriculum/polish_not_moving: -1.0000
              Episode_Reward/relaxation: -6.6740
        Episode_Reward/joint_torques_l2: -0.8776
           Episode_Reward/torso_upright: -0.0562
      Episode_Termination/invalid_state: 0.0087
        Episode_Reward/illegal_contacts: -0.3110
        Episode_Reward/action_rate_rate: -16.1437
              Episode_Reward/not_moving: -4.5169
           Episode_Reward/torque_limits: -0.7010
--------------------------------------------------------------------------------
                         Iteration time: 1.24s
                           Time elapsed: 0:02:11
                                    ETA: 0:18:54

################################################################################
[1m                          Learning iteration 104/1000                           [0m 

                               Run name: height_tracking_g1
                            Total steps: 10321920 
                       Steps per second: 78739 
                        Collection time: 1.015s 
                          Learning time: 0.234s 
                        Mean value loss: 1.1953
                    Mean surrogate loss: -0.0026
                      Mean entropy loss: 33.5004
                     Mean symmetry loss: 0.0018
                   Mean l2c2_actor loss: 0.0047
                  Mean l2c2_critic loss: 0.0409
                            Mean reward: -1326.14
                    Mean episode length: 742.71
                        Mean action std: 0.77
                    Entropy coefficient: 0.002500
        Episode_Reward/base_height_fine: 6.6349
           Episode_Reward/ankle_torques: -0.2598
            Episode_Reward/joint_acc_l2: 0.0000
             Episode_Reward/action_rate: -36.2320
           Episode_Reward/feet_yaw_mean: -0.5596
           Episode_Reward/feet_distance: -0.3080
             Episode_Reward/ground_slam: -4.0233
         Curriculum/polish_joint_vel_l2: -0.0010
              Episode_Reward/feet_slide: -1.0948
       Episode_Reward/base_height_rough: 2.3848
           Episode_Reward/forward_pitch: -1.2500
        Episode_Reward/joint_pos_limits: -0.0136
     Episode_Reward/completely_airborne: -3.2677
              Curriculum/terrain_levels: 0.0000
              Episode_Reward/torso_roll: -1.8199
      Episode_Reward/joint_deviation_l1: -0.9040
           Episode_Termination/time_out: 0.9914
      Episode_Reward/base_height_medium: 3.8809
    Episode_Reward/joint_tracking_error: -2.4045
        Curriculum/random_fallen_states: 0.0000
            Metrics/height/height_error: nan
           Curriculum/polish_torso_slam: -5.0000
               Curriculum/adaptive_lift: 0.9995
        Episode_Reward/joint_vel_limits: -0.0012
              Episode_Reward/torso_slam: -5.5304
  Episode_Reward/feet_distance_standing: -0.2389
     Curriculum/polish_action_rate_rate: -0.1500
            Episode_Reward/joint_vel_l2: -1.2776
         Episode_Reward/ground_unloaded: -0.8206
           Episode_Reward/body_velocity: -8.8507
          Curriculum/polish_ground_slam: -1.0000
         Episode_Reward/severely_tilted: -0.0389
 Episode_Reward/joint_deviation_l1_arms: -0.4602
               Episode_Reward/flat_feet: -2.4023
           Curriculum/polish_not_moving: -1.0000
              Episode_Reward/relaxation: -7.5545
        Episode_Reward/joint_torques_l2: -0.8857
           Episode_Reward/torso_upright: -0.0567
      Episode_Termination/invalid_state: 0.0086
        Episode_Reward/illegal_contacts: -0.3065
        Episode_Reward/action_rate_rate: -16.0754
              Episode_Reward/not_moving: -4.3958
           Episode_Reward/torque_limits: -0.7119
--------------------------------------------------------------------------------
                         Iteration time: 1.25s
                           Time elapsed: 0:02:12
                                    ETA: 0:18:53

################################################################################
[1m                          Learning iteration 105/1000                           [0m 

                               Run name: height_tracking_g1
                            Total steps: 10420224 
                       Steps per second: 78844 
                        Collection time: 1.013s 
                          Learning time: 0.234s 
                        Mean value loss: 1.2065
                    Mean surrogate loss: -0.0007
                      Mean entropy loss: 33.4451
                     Mean symmetry loss: 0.0018
                   Mean l2c2_actor loss: 0.0046
                  Mean l2c2_critic loss: 0.0442
                            Mean reward: -1317.50
                    Mean episode length: 742.62
                        Mean action std: 0.77
                    Entropy coefficient: 0.002500
        Episode_Reward/base_height_fine: 6.4847
           Episode_Reward/ankle_torques: -0.2717
            Episode_Reward/joint_acc_l2: 0.0000
             Episode_Reward/action_rate: -36.2356
           Episode_Reward/feet_yaw_mean: -0.5784
           Episode_Reward/feet_distance: -0.3213
             Episode_Reward/ground_slam: -3.9837
         Curriculum/polish_joint_vel_l2: -0.0010
              Episode_Reward/feet_slide: -1.0961
       Episode_Reward/base_height_rough: 2.3755
           Episode_Reward/forward_pitch: -1.3156
        Episode_Reward/joint_pos_limits: -0.0134
     Episode_Reward/completely_airborne: -3.1256
              Curriculum/terrain_levels: 0.0000
              Episode_Reward/torso_roll: -1.7810
      Episode_Reward/joint_deviation_l1: -0.9501
           Episode_Termination/time_out: 0.9911
      Episode_Reward/base_height_medium: 3.8155
    Episode_Reward/joint_tracking_error: -2.4239
        Curriculum/random_fallen_states: 0.0000
            Metrics/height/height_error: nan
           Curriculum/polish_torso_slam: -5.0000
               Curriculum/adaptive_lift: 0.9995
        Episode_Reward/joint_vel_limits: -0.0013
              Episode_Reward/torso_slam: -5.5107
  Episode_Reward/feet_distance_standing: -0.2440
     Curriculum/polish_action_rate_rate: -0.1500
            Episode_Reward/joint_vel_l2: -1.2940
         Episode_Reward/ground_unloaded: -0.7958
           Episode_Reward/body_velocity: -9.0459
          Curriculum/polish_ground_slam: -1.0000
         Episode_Reward/severely_tilted: -0.0416
 Episode_Reward/joint_deviation_l1_arms: -0.4778
               Episode_Reward/flat_feet: -2.3880
           Curriculum/polish_not_moving: -1.0000
              Episode_Reward/relaxation: -7.3061
        Episode_Reward/joint_torques_l2: -0.8664
           Episode_Reward/torso_upright: -0.0577
      Episode_Termination/invalid_state: 0.0089
        Episode_Reward/illegal_contacts: -0.3197
        Episode_Reward/action_rate_rate: -16.0851
              Episode_Reward/not_moving: -4.2414
           Episode_Reward/torque_limits: -0.7057
--------------------------------------------------------------------------------
                         Iteration time: 1.25s
                           Time elapsed: 0:02:14
                                    ETA: 0:18:51

################################################################################
[1m                          Learning iteration 106/1000                           [0m 

                               Run name: height_tracking_g1
                            Total steps: 10518528 
                       Steps per second: 78993 
                        Collection time: 1.011s 
                          Learning time: 0.233s 
                        Mean value loss: 1.1218
                    Mean surrogate loss: -0.0013
                      Mean entropy loss: 33.3402
                     Mean symmetry loss: 0.0017
                   Mean l2c2_actor loss: 0.0046
                  Mean l2c2_critic loss: 0.0412
                            Mean reward: -1297.63
                    Mean episode length: 742.68
                        Mean action std: 0.77
                    Entropy coefficient: 0.002500
        Episode_Reward/base_height_fine: 6.7625
           Episode_Reward/ankle_torques: -0.2413
            Episode_Reward/joint_acc_l2: 0.0000
             Episode_Reward/action_rate: -35.7635
           Episode_Reward/feet_yaw_mean: -0.5296
           Episode_Reward/feet_distance: -0.2990
             Episode_Reward/ground_slam: -3.7727
         Curriculum/polish_joint_vel_l2: -0.0010
              Episode_Reward/feet_slide: -1.0830
       Episode_Reward/base_height_rough: 2.4137
           Episode_Reward/forward_pitch: -1.2159
        Episode_Reward/joint_pos_limits: -0.0131
     Episode_Reward/completely_airborne: -3.2680
              Curriculum/terrain_levels: 0.0000
              Episode_Reward/torso_roll: -1.7624
      Episode_Reward/joint_deviation_l1: -0.9498
           Episode_Termination/time_out: 0.9911
      Episode_Reward/base_height_medium: 3.9497
    Episode_Reward/joint_tracking_error: -2.3399
        Curriculum/random_fallen_states: 0.0000
            Metrics/height/height_error: nan
           Curriculum/polish_torso_slam: -5.0000
               Curriculum/adaptive_lift: 0.9995
        Episode_Reward/joint_vel_limits: -0.0011
              Episode_Reward/torso_slam: -5.0066
  Episode_Reward/feet_distance_standing: -0.2343
     Curriculum/polish_action_rate_rate: -0.1500
            Episode_Reward/joint_vel_l2: -1.2434
         Episode_Reward/ground_unloaded: -0.8080
           Episode_Reward/body_velocity: -8.2260
          Curriculum/polish_ground_slam: -1.0000
         Episode_Reward/severely_tilted: -0.0396
 Episode_Reward/joint_deviation_l1_arms: -0.4613
               Episode_Reward/flat_feet: -2.3546
           Curriculum/polish_not_moving: -1.0000
              Episode_Reward/relaxation: -7.5992
        Episode_Reward/joint_torques_l2: -0.8545
           Episode_Reward/torso_upright: -0.0606
      Episode_Termination/invalid_state: 0.0089
        Episode_Reward/illegal_contacts: -0.3050
        Episode_Reward/action_rate_rate: -15.8502
              Episode_Reward/not_moving: -4.3852
           Episode_Reward/torque_limits: -0.6831
--------------------------------------------------------------------------------
                         Iteration time: 1.24s
                           Time elapsed: 0:02:15
                                    ETA: 0:18:50

################################################################################
[1m                          Learning iteration 107/1000                           [0m 

                               Run name: height_tracking_g1
                            Total steps: 10616832 
                       Steps per second: 79101 
                        Collection time: 1.010s 
                          Learning time: 0.233s 
                        Mean value loss: 1.2108
                    Mean surrogate loss: -0.0016
                      Mean entropy loss: 33.2715
                     Mean symmetry loss: 0.0018
                   Mean l2c2_actor loss: 0.0047
                  Mean l2c2_critic loss: 0.0423
                            Mean reward: -1255.96
                    Mean episode length: 735.39
                        Mean action std: 0.77
                    Entropy coefficient: 0.002500
        Episode_Reward/base_height_fine: 6.8008
           Episode_Reward/ankle_torques: -0.2511
            Episode_Reward/joint_acc_l2: 0.0000
             Episode_Reward/action_rate: -35.4950
           Episode_Reward/feet_yaw_mean: -0.5377
           Episode_Reward/feet_distance: -0.3114
             Episode_Reward/ground_slam: -3.9390
         Curriculum/polish_joint_vel_l2: -0.0010
              Episode_Reward/feet_slide: -1.0750
       Episode_Reward/base_height_rough: 2.4483
           Episode_Reward/forward_pitch: -1.2352
        Episode_Reward/joint_pos_limits: -0.0133
     Episode_Reward/completely_airborne: -3.2762
              Curriculum/terrain_levels: 0.0000
              Episode_Reward/torso_roll: -1.7522
      Episode_Reward/joint_deviation_l1: -0.9293
           Episode_Termination/time_out: 0.9914
      Episode_Reward/base_height_medium: 3.9990
    Episode_Reward/joint_tracking_error: -2.3301
        Curriculum/random_fallen_states: 0.0000
            Metrics/height/height_error: nan
           Curriculum/polish_torso_slam: -5.0000
               Curriculum/adaptive_lift: 0.9995
        Episode_Reward/joint_vel_limits: -0.0012
              Episode_Reward/torso_slam: -5.0488
  Episode_Reward/feet_distance_standing: -0.2714
     Curriculum/polish_action_rate_rate: -0.1500
            Episode_Reward/joint_vel_l2: -1.2358
         Episode_Reward/ground_unloaded: -0.8374
           Episode_Reward/body_velocity: -8.7140
          Curriculum/polish_ground_slam: -1.0000
         Episode_Reward/severely_tilted: -0.0389
 Episode_Reward/joint_deviation_l1_arms: -0.4573
               Episode_Reward/flat_feet: -2.3375
           Curriculum/polish_not_moving: -1.0000
              Episode_Reward/relaxation: -6.7577
        Episode_Reward/joint_torques_l2: -0.8584
           Episode_Reward/torso_upright: -0.0567
      Episode_Termination/invalid_state: 0.0086
        Episode_Reward/illegal_contacts: -0.2994
        Episode_Reward/action_rate_rate: -15.7567
              Episode_Reward/not_moving: -4.3336
           Episode_Reward/torque_limits: -0.6811
--------------------------------------------------------------------------------
                         Iteration time: 1.24s
                           Time elapsed: 0:02:16
                                    ETA: 0:18:48

################################################################################
[1m                          Learning iteration 108/1000                           [0m 

                               Run name: height_tracking_g1
                            Total steps: 10715136 
                       Steps per second: 79046 
                        Collection time: 1.010s 
                          Learning time: 0.233s 
                        Mean value loss: 1.0992
                    Mean surrogate loss: -0.0022
                      Mean entropy loss: 33.1815
                     Mean symmetry loss: 0.0016
                   Mean l2c2_actor loss: 0.0047
                  Mean l2c2_critic loss: 0.0449
                            Mean reward: -1265.06
                    Mean episode length: 750.00
                        Mean action std: 0.77
                    Entropy coefficient: 0.002500
        Episode_Reward/base_height_fine: 7.1406
           Episode_Reward/ankle_torques: -0.2546
            Episode_Reward/joint_acc_l2: 0.0000
             Episode_Reward/action_rate: -35.7861
           Episode_Reward/feet_yaw_mean: -0.5512
           Episode_Reward/feet_distance: -0.3232
             Episode_Reward/ground_slam: -3.8448
         Curriculum/polish_joint_vel_l2: -0.0010
              Episode_Reward/feet_slide: -1.0990
       Episode_Reward/base_height_rough: 2.5808
           Episode_Reward/forward_pitch: -1.2653
        Episode_Reward/joint_pos_limits: -0.0133
     Episode_Reward/completely_airborne: -3.0335
              Curriculum/terrain_levels: 0.0000
              Episode_Reward/torso_roll: -1.7485
      Episode_Reward/joint_deviation_l1: -0.9279
           Episode_Termination/time_out: 0.9919
      Episode_Reward/base_height_medium: 4.2112
    Episode_Reward/joint_tracking_error: -2.3204
        Curriculum/random_fallen_states: 0.0000
            Metrics/height/height_error: nan
           Curriculum/polish_torso_slam: -5.0000
               Curriculum/adaptive_lift: 0.9995
        Episode_Reward/joint_vel_limits: -0.0011
              Episode_Reward/torso_slam: -5.1901
  Episode_Reward/feet_distance_standing: -0.2640
     Curriculum/polish_action_rate_rate: -0.1500
            Episode_Reward/joint_vel_l2: -1.2388
         Episode_Reward/ground_unloaded: -0.8760
           Episode_Reward/body_velocity: -8.4435
          Curriculum/polish_ground_slam: -1.0000
         Episode_Reward/severely_tilted: -0.0350
 Episode_Reward/joint_deviation_l1_arms: -0.4574
               Episode_Reward/flat_feet: -2.3861
           Curriculum/polish_not_moving: -1.0000
              Episode_Reward/relaxation: -6.4273
        Episode_Reward/joint_torques_l2: -0.8461
           Episode_Reward/torso_upright: -0.0597
      Episode_Termination/invalid_state: 0.0081
        Episode_Reward/illegal_contacts: -0.2994
        Episode_Reward/action_rate_rate: -15.8836
              Episode_Reward/not_moving: -4.5751
           Episode_Reward/torque_limits: -0.6813
--------------------------------------------------------------------------------
                         Iteration time: 1.24s
                           Time elapsed: 0:02:17
                                    ETA: 0:18:47

################################################################################
[1m                          Learning iteration 109/1000                           [0m 

                               Run name: height_tracking_g1
                            Total steps: 10813440 
                       Steps per second: 79033 
                        Collection time: 1.011s 
                          Learning time: 0.233s 
                        Mean value loss: 1.1576
                    Mean surrogate loss: -0.0023
                      Mean entropy loss: 33.0827
                     Mean symmetry loss: 0.0017
                   Mean l2c2_actor loss: 0.0046
                  Mean l2c2_critic loss: 0.0440
                            Mean reward: -1249.76
                    Mean episode length: 750.00
                        Mean action std: 0.76
                    Entropy coefficient: 0.002500
        Episode_Reward/base_height_fine: 7.2196
           Episode_Reward/ankle_torques: -0.2317
            Episode_Reward/joint_acc_l2: 0.0000
             Episode_Reward/action_rate: -35.5112
           Episode_Reward/feet_yaw_mean: -0.5389
           Episode_Reward/feet_distance: -0.3103
             Episode_Reward/ground_slam: -3.7331
         Curriculum/polish_joint_vel_l2: -0.0010
              Episode_Reward/feet_slide: -1.0781
       Episode_Reward/base_height_rough: 2.5631
           Episode_Reward/forward_pitch: -1.2844
        Episode_Reward/joint_pos_limits: -0.0133
     Episode_Reward/completely_airborne: -3.1156
              Curriculum/terrain_levels: 0.0000
              Episode_Reward/torso_roll: -1.7141
      Episode_Reward/joint_deviation_l1: -0.9552
           Episode_Termination/time_out: 0.9925
      Episode_Reward/base_height_medium: 4.2105
    Episode_Reward/joint_tracking_error: -2.2850
        Curriculum/random_fallen_states: 0.0000
            Metrics/height/height_error: nan
           Curriculum/polish_torso_slam: -5.0000
               Curriculum/adaptive_lift: 0.9995
        Episode_Reward/joint_vel_limits: -0.0011
              Episode_Reward/torso_slam: -4.6381
  Episode_Reward/feet_distance_standing: -0.2568
     Curriculum/polish_action_rate_rate: -0.1500
            Episode_Reward/joint_vel_l2: -1.2290
         Episode_Reward/ground_unloaded: -0.8587
           Episode_Reward/body_velocity: -8.1630
          Curriculum/polish_ground_slam: -1.0000
         Episode_Reward/severely_tilted: -0.0394
 Episode_Reward/joint_deviation_l1_arms: -0.4575
               Episode_Reward/flat_feet: -2.3718
           Curriculum/polish_not_moving: -1.0000
              Episode_Reward/relaxation: -7.0459
        Episode_Reward/joint_torques_l2: -0.8753
           Episode_Reward/torso_upright: -0.0656
      Episode_Termination/invalid_state: 0.0075
        Episode_Reward/illegal_contacts: -0.3046
        Episode_Reward/action_rate_rate: -15.7538
              Episode_Reward/not_moving: -4.6569
           Episode_Reward/torque_limits: -0.6858
--------------------------------------------------------------------------------
                         Iteration time: 1.24s
                           Time elapsed: 0:02:19
                                    ETA: 0:18:45

################################################################################
[1m                          Learning iteration 110/1000                           [0m 

                               Run name: height_tracking_g1
                            Total steps: 10911744 
                       Steps per second: 78914 
                        Collection time: 1.013s 
                          Learning time: 0.233s 
                        Mean value loss: 1.1764
                    Mean surrogate loss: -0.0018
                      Mean entropy loss: 33.0571
                     Mean symmetry loss: 0.0017
                   Mean l2c2_actor loss: 0.0046
                  Mean l2c2_critic loss: 0.0441
                            Mean reward: -1215.25
                    Mean episode length: 742.82
                        Mean action std: 0.76
                    Entropy coefficient: 0.002500
        Episode_Reward/base_height_fine: 7.2911
           Episode_Reward/ankle_torques: -0.2560
            Episode_Reward/joint_acc_l2: 0.0000
             Episode_Reward/action_rate: -34.8885
           Episode_Reward/feet_yaw_mean: -0.5125
           Episode_Reward/feet_distance: -0.2770
             Episode_Reward/ground_slam: -3.5272
         Curriculum/polish_joint_vel_l2: -0.0010
              Episode_Reward/feet_slide: -1.0665
       Episode_Reward/base_height_rough: 2.5528
           Episode_Reward/forward_pitch: -1.2478
        Episode_Reward/joint_pos_limits: -0.0131
     Episode_Reward/completely_airborne: -2.6760
              Curriculum/terrain_levels: 0.0000
              Episode_Reward/torso_roll: -1.6302
      Episode_Reward/joint_deviation_l1: -0.9701
           Episode_Termination/time_out: 0.9926
      Episode_Reward/base_height_medium: 4.2461
    Episode_Reward/joint_tracking_error: -2.2137
        Curriculum/random_fallen_states: 0.0000
            Metrics/height/height_error: nan
           Curriculum/polish_torso_slam: -5.0000
               Curriculum/adaptive_lift: 0.9995
        Episode_Reward/joint_vel_limits: -0.0010
              Episode_Reward/torso_slam: -4.5832
  Episode_Reward/feet_distance_standing: -0.2454
     Curriculum/polish_action_rate_rate: -0.1500
            Episode_Reward/joint_vel_l2: -1.1731
         Episode_Reward/ground_unloaded: -0.8780
           Episode_Reward/body_velocity: -7.5950
          Curriculum/polish_ground_slam: -1.0000
         Episode_Reward/severely_tilted: -0.0330
 Episode_Reward/joint_deviation_l1_arms: -0.4454
               Episode_Reward/flat_feet: -2.3014
           Curriculum/polish_not_moving: -1.0000
              Episode_Reward/relaxation: -6.3079
        Episode_Reward/joint_torques_l2: -0.8465
           Episode_Reward/torso_upright: -0.0628
      Episode_Termination/invalid_state: 0.0074
        Episode_Reward/illegal_contacts: -0.3062
        Episode_Reward/action_rate_rate: -15.4876
              Episode_Reward/not_moving: -4.4962
           Episode_Reward/torque_limits: -0.6515
--------------------------------------------------------------------------------
                         Iteration time: 1.25s
                           Time elapsed: 0:02:20
                                    ETA: 0:18:44

################################################################################
[1m                          Learning iteration 111/1000                           [0m 

                               Run name: height_tracking_g1
                            Total steps: 11010048 
                       Steps per second: 79034 
                        Collection time: 1.011s 
                          Learning time: 0.233s 
                        Mean value loss: 1.1665
                    Mean surrogate loss: -0.0016
                      Mean entropy loss: 32.9998
                     Mean symmetry loss: 0.0017
                   Mean l2c2_actor loss: 0.0045
                  Mean l2c2_critic loss: 0.0414
                            Mean reward: -1246.39
                    Mean episode length: 745.71
                        Mean action std: 0.76
                    Entropy coefficient: 0.002500
        Episode_Reward/base_height_fine: 6.9012
           Episode_Reward/ankle_torques: -0.2461
            Episode_Reward/joint_acc_l2: 0.0000
             Episode_Reward/action_rate: -35.0743
           Episode_Reward/feet_yaw_mean: -0.5586
           Episode_Reward/feet_distance: -0.3110
             Episode_Reward/ground_slam: -3.7312
         Curriculum/polish_joint_vel_l2: -0.0010
              Episode_Reward/feet_slide: -1.0614
       Episode_Reward/base_height_rough: 2.4813
           Episode_Reward/forward_pitch: -1.1500
        Episode_Reward/joint_pos_limits: -0.0131
     Episode_Reward/completely_airborne: -3.2843
              Curriculum/terrain_levels: 0.0000
              Episode_Reward/torso_roll: -1.7387
      Episode_Reward/joint_deviation_l1: -0.9276
           Episode_Termination/time_out: 0.9924
      Episode_Reward/base_height_medium: 4.0590
    Episode_Reward/joint_tracking_error: -2.2623
        Curriculum/random_fallen_states: 0.0000
            Metrics/height/height_error: nan
           Curriculum/polish_torso_slam: -5.0000
               Curriculum/adaptive_lift: 0.9995
        Episode_Reward/joint_vel_limits: -0.0011
              Episode_Reward/torso_slam: -5.0526
  Episode_Reward/feet_distance_standing: -0.2506
     Curriculum/polish_action_rate_rate: -0.1500
            Episode_Reward/joint_vel_l2: -1.2257
         Episode_Reward/ground_unloaded: -0.8463
           Episode_Reward/body_velocity: -8.2838
          Curriculum/polish_ground_slam: -1.0000
         Episode_Reward/severely_tilted: -0.0341
 Episode_Reward/joint_deviation_l1_arms: -0.4442
               Episode_Reward/flat_feet: -2.3730
           Curriculum/polish_not_moving: -1.0000
              Episode_Reward/relaxation: -6.7196
        Episode_Reward/joint_torques_l2: -0.8247
           Episode_Reward/torso_upright: -0.0551
      Episode_Termination/invalid_state: 0.0076
        Episode_Reward/illegal_contacts: -0.3066
        Episode_Reward/action_rate_rate: -15.5550
              Episode_Reward/not_moving: -4.3723
           Episode_Reward/torque_limits: -0.6515
--------------------------------------------------------------------------------
                         Iteration time: 1.24s
                           Time elapsed: 0:02:21
                                    ETA: 0:18:42

################################################################################
[1m                          Learning iteration 112/1000                           [0m 

                               Run name: height_tracking_g1
                            Total steps: 11108352 
                       Steps per second: 79357 
                        Collection time: 1.006s 
                          Learning time: 0.233s 
                        Mean value loss: 1.1391
                    Mean surrogate loss: -0.0032
                      Mean entropy loss: 32.9472
                     Mean symmetry loss: 0.0017
                   Mean l2c2_actor loss: 0.0045
                  Mean l2c2_critic loss: 0.0442
                            Mean reward: -1242.14
                    Mean episode length: 750.00
                        Mean action std: 0.76
                    Entropy coefficient: 0.002500
        Episode_Reward/base_height_fine: 6.6139
           Episode_Reward/ankle_torques: -0.2563
            Episode_Reward/joint_acc_l2: 0.0000
             Episode_Reward/action_rate: -35.0818
           Episode_Reward/feet_yaw_mean: -0.4491
           Episode_Reward/feet_distance: -0.2884
             Episode_Reward/ground_slam: -3.6040
         Curriculum/polish_joint_vel_l2: -0.0010
              Episode_Reward/feet_slide: -1.0799
       Episode_Reward/base_height_rough: 2.4213
           Episode_Reward/forward_pitch: -1.3879
        Episode_Reward/joint_pos_limits: -0.0131
     Episode_Reward/completely_airborne: -2.9466
              Curriculum/terrain_levels: 0.0000
              Episode_Reward/torso_roll: -1.7985
      Episode_Reward/joint_deviation_l1: -0.7914
           Episode_Termination/time_out: 0.9922
      Episode_Reward/base_height_medium: 3.9034
    Episode_Reward/joint_tracking_error: -2.2249
        Curriculum/random_fallen_states: 0.0000
            Metrics/height/height_error: nan
           Curriculum/polish_torso_slam: -5.0000
               Curriculum/adaptive_lift: 0.9995
        Episode_Reward/joint_vel_limits: -0.0010
              Episode_Reward/torso_slam: -4.6625
  Episode_Reward/feet_distance_standing: -0.2109
     Curriculum/polish_action_rate_rate: -0.1500
            Episode_Reward/joint_vel_l2: -1.1894
         Episode_Reward/ground_unloaded: -0.8045
           Episode_Reward/body_velocity: -7.5756
          Curriculum/polish_ground_slam: -1.0000
         Episode_Reward/severely_tilted: -0.0248
 Episode_Reward/joint_deviation_l1_arms: -0.3950
               Episode_Reward/flat_feet: -2.4404
           Curriculum/polish_not_moving: -1.0000
              Episode_Reward/relaxation: -7.7713
        Episode_Reward/joint_torques_l2: -0.8981
           Episode_Reward/torso_upright: -0.0480
      Episode_Termination/invalid_state: 0.0078
        Episode_Reward/illegal_contacts: -0.3377
        Episode_Reward/action_rate_rate: -15.5711
              Episode_Reward/not_moving: -4.2373
           Episode_Reward/torque_limits: -0.6616
--------------------------------------------------------------------------------
                         Iteration time: 1.24s
                           Time elapsed: 0:02:22
                                    ETA: 0:18:41

################################################################################
[1m                          Learning iteration 113/1000                           [0m 

                               Run name: height_tracking_g1
                            Total steps: 11206656 
                       Steps per second: 79174 
                        Collection time: 1.009s 
                          Learning time: 0.233s 
                        Mean value loss: 1.0809
                    Mean surrogate loss: -0.0015
                      Mean entropy loss: 32.8720
                     Mean symmetry loss: 0.0017
                   Mean l2c2_actor loss: 0.0045
                  Mean l2c2_critic loss: 0.0403
                            Mean reward: -1241.53
                    Mean episode length: 745.85
                        Mean action std: 0.76
                    Entropy coefficient: 0.002500
        Episode_Reward/base_height_fine: 7.2066
           Episode_Reward/ankle_torques: -0.2431
            Episode_Reward/joint_acc_l2: 0.0000
             Episode_Reward/action_rate: -34.6852
           Episode_Reward/feet_yaw_mean: -0.5380
           Episode_Reward/feet_distance: -0.3055
             Episode_Reward/ground_slam: -3.9052
         Curriculum/polish_joint_vel_l2: -0.0010
              Episode_Reward/feet_slide: -1.0801
       Episode_Reward/base_height_rough: 2.5861
           Episode_Reward/forward_pitch: -1.1347
        Episode_Reward/joint_pos_limits: -0.0135
     Episode_Reward/completely_airborne: -3.1882
              Curriculum/terrain_levels: 0.0000
              Episode_Reward/torso_roll: -1.7152
      Episode_Reward/joint_deviation_l1: -0.9660
           Episode_Termination/time_out: 0.9921
      Episode_Reward/base_height_medium: 4.2405
    Episode_Reward/joint_tracking_error: -2.3068
        Curriculum/random_fallen_states: 0.0000
            Metrics/height/height_error: nan
           Curriculum/polish_torso_slam: -5.0000
               Curriculum/adaptive_lift: 0.9995
        Episode_Reward/joint_vel_limits: -0.0011
              Episode_Reward/torso_slam: -5.3433
  Episode_Reward/feet_distance_standing: -0.2554
     Curriculum/polish_action_rate_rate: -0.1500
            Episode_Reward/joint_vel_l2: -1.2397
         Episode_Reward/ground_unloaded: -0.8917
           Episode_Reward/body_velocity: -8.8804
          Curriculum/polish_ground_slam: -1.0000
         Episode_Reward/severely_tilted: -0.0344
 Episode_Reward/joint_deviation_l1_arms: -0.4717
               Episode_Reward/flat_feet: -2.4015
           Curriculum/polish_not_moving: -1.0000
              Episode_Reward/relaxation: -6.2100
        Episode_Reward/joint_torques_l2: -0.8523
           Episode_Reward/torso_upright: -0.0571
      Episode_Termination/invalid_state: 0.0079
        Episode_Reward/illegal_contacts: -0.2851
        Episode_Reward/action_rate_rate: -15.3889
              Episode_Reward/not_moving: -4.6483
           Episode_Reward/torque_limits: -0.6602
--------------------------------------------------------------------------------
                         Iteration time: 1.24s
                           Time elapsed: 0:02:24
                                    ETA: 0:18:40

################################################################################
[1m                          Learning iteration 114/1000                           [0m 

                               Run name: height_tracking_g1
                            Total steps: 11304960 
                       Steps per second: 77830 
                        Collection time: 1.030s 
                          Learning time: 0.233s 
                        Mean value loss: 0.8773
                    Mean surrogate loss: -0.0010
                      Mean entropy loss: 32.7759
                     Mean symmetry loss: 0.0017
                   Mean l2c2_actor loss: 0.0044
                  Mean l2c2_critic loss: 0.0366
                            Mean reward: -1248.92
                    Mean episode length: 750.00
                        Mean action std: 0.76
                    Entropy coefficient: 0.002500
        Episode_Reward/base_height_fine: 6.9904
           Episode_Reward/ankle_torques: -0.2453
            Episode_Reward/joint_acc_l2: 0.0000
             Episode_Reward/action_rate: -34.6316
           Episode_Reward/feet_yaw_mean: -0.4843
           Episode_Reward/feet_distance: -0.3151
             Episode_Reward/ground_slam: -3.6857
         Curriculum/polish_joint_vel_l2: -0.0010
              Episode_Reward/feet_slide: -1.0648
       Episode_Reward/base_height_rough: 2.5090
           Episode_Reward/forward_pitch: -1.2154
        Episode_Reward/joint_pos_limits: -0.0131
     Episode_Reward/completely_airborne: -3.0499
              Curriculum/terrain_levels: 0.0000
              Episode_Reward/torso_roll: -1.7199
      Episode_Reward/joint_deviation_l1: -0.9224
           Episode_Termination/time_out: 0.9919
      Episode_Reward/base_height_medium: 4.0927
    Episode_Reward/joint_tracking_error: -2.2291
        Curriculum/random_fallen_states: 0.0000
            Metrics/height/height_error: nan
           Curriculum/polish_torso_slam: -5.0000
               Curriculum/adaptive_lift: 0.9995
        Episode_Reward/joint_vel_limits: -0.0011
              Episode_Reward/torso_slam: -4.9135
  Episode_Reward/feet_distance_standing: -0.2548
     Curriculum/polish_action_rate_rate: -0.1500
            Episode_Reward/joint_vel_l2: -1.2002
         Episode_Reward/ground_unloaded: -0.8572
           Episode_Reward/body_velocity: -8.0537
          Curriculum/polish_ground_slam: -1.0000
         Episode_Reward/severely_tilted: -0.0338
 Episode_Reward/joint_deviation_l1_arms: -0.4412
               Episode_Reward/flat_feet: -2.3810
           Curriculum/polish_not_moving: -1.0000
              Episode_Reward/relaxation: -6.9463
        Episode_Reward/joint_torques_l2: -0.8390
           Episode_Reward/torso_upright: -0.0588
      Episode_Termination/invalid_state: 0.0081
        Episode_Reward/illegal_contacts: -0.3109
        Episode_Reward/action_rate_rate: -15.3666
              Episode_Reward/not_moving: -4.3976
           Episode_Reward/torque_limits: -0.6325
--------------------------------------------------------------------------------
                         Iteration time: 1.26s
                           Time elapsed: 0:02:25
                                    ETA: 0:18:38

################################################################################
[1m                          Learning iteration 115/1000                           [0m 

                               Run name: height_tracking_g1
                            Total steps: 11403264 
                       Steps per second: 78980 
                        Collection time: 1.012s 
                          Learning time: 0.233s 
                        Mean value loss: 0.9770
                    Mean surrogate loss: -0.0018
                      Mean entropy loss: 32.6925
                     Mean symmetry loss: 0.0016
                   Mean l2c2_actor loss: 0.0044
                  Mean l2c2_critic loss: 0.0392
                            Mean reward: -1237.76
                    Mean episode length: 750.00
                        Mean action std: 0.75
                    Entropy coefficient: 0.002500
        Episode_Reward/base_height_fine: 6.6701
           Episode_Reward/ankle_torques: -0.2451
            Episode_Reward/joint_acc_l2: 0.0000
             Episode_Reward/action_rate: -34.4446
           Episode_Reward/feet_yaw_mean: -0.5226
           Episode_Reward/feet_distance: -0.3206
             Episode_Reward/ground_slam: -3.7261
         Curriculum/polish_joint_vel_l2: -0.0010
              Episode_Reward/feet_slide: -1.0706
       Episode_Reward/base_height_rough: 2.4522
           Episode_Reward/forward_pitch: -1.2935
        Episode_Reward/joint_pos_limits: -0.0132
     Episode_Reward/completely_airborne: -3.0482
              Curriculum/terrain_levels: 0.0000
              Episode_Reward/torso_roll: -1.7681
      Episode_Reward/joint_deviation_l1: -0.8456
           Episode_Termination/time_out: 0.9922
      Episode_Reward/base_height_medium: 3.9509
    Episode_Reward/joint_tracking_error: -2.1790
        Curriculum/random_fallen_states: 0.0000
            Metrics/height/height_error: nan
           Curriculum/polish_torso_slam: -5.0000
               Curriculum/adaptive_lift: 0.9995
        Episode_Reward/joint_vel_limits: -0.0010
              Episode_Reward/torso_slam: -4.9885
  Episode_Reward/feet_distance_standing: -0.2501
     Curriculum/polish_action_rate_rate: -0.1500
            Episode_Reward/joint_vel_l2: -1.1762
         Episode_Reward/ground_unloaded: -0.8329
           Episode_Reward/body_velocity: -7.9202
          Curriculum/polish_ground_slam: -1.0000
         Episode_Reward/severely_tilted: -0.0370
 Episode_Reward/joint_deviation_l1_arms: -0.4023
               Episode_Reward/flat_feet: -2.4131
           Curriculum/polish_not_moving: -1.0000
              Episode_Reward/relaxation: -6.7768
        Episode_Reward/joint_torques_l2: -0.8137
           Episode_Reward/torso_upright: -0.0493
      Episode_Termination/invalid_state: 0.0078
        Episode_Reward/illegal_contacts: -0.3214
        Episode_Reward/action_rate_rate: -15.2880
              Episode_Reward/not_moving: -4.0733
           Episode_Reward/torque_limits: -0.6325
--------------------------------------------------------------------------------
                         Iteration time: 1.24s
                           Time elapsed: 0:02:26
                                    ETA: 0:18:37

################################################################################
[1m                          Learning iteration 116/1000                           [0m 

                               Run name: height_tracking_g1
                            Total steps: 11501568 
                       Steps per second: 78916 
                        Collection time: 1.012s 
                          Learning time: 0.233s 
                        Mean value loss: 0.9558
                    Mean surrogate loss: -0.0021
                      Mean entropy loss: 32.6340
                     Mean symmetry loss: 0.0016
                   Mean l2c2_actor loss: 0.0044
                  Mean l2c2_critic loss: 0.0388
                            Mean reward: -1253.56
                    Mean episode length: 750.00
                        Mean action std: 0.75
                    Entropy coefficient: 0.002500
        Episode_Reward/base_height_fine: 6.6626
           Episode_Reward/ankle_torques: -0.2300
            Episode_Reward/joint_acc_l2: 0.0000
             Episode_Reward/action_rate: -34.2248
           Episode_Reward/feet_yaw_mean: -0.5171
           Episode_Reward/feet_distance: -0.2863
             Episode_Reward/ground_slam: -3.7232
         Curriculum/polish_joint_vel_l2: -0.0010
              Episode_Reward/feet_slide: -1.0666
       Episode_Reward/base_height_rough: 2.4404
           Episode_Reward/forward_pitch: -1.2843
        Episode_Reward/joint_pos_limits: -0.0132
     Episode_Reward/completely_airborne: -3.0927
              Curriculum/terrain_levels: 0.0000
              Episode_Reward/torso_roll: -1.7173
      Episode_Reward/joint_deviation_l1: -0.9400
           Episode_Termination/time_out: 0.9925
      Episode_Reward/base_height_medium: 3.9372
    Episode_Reward/joint_tracking_error: -2.1881
        Curriculum/random_fallen_states: 0.0000
            Metrics/height/height_error: nan
           Curriculum/polish_torso_slam: -5.0000
               Curriculum/adaptive_lift: 0.9995
        Episode_Reward/joint_vel_limits: -0.0011
              Episode_Reward/torso_slam: -5.0257
  Episode_Reward/feet_distance_standing: -0.2366
     Curriculum/polish_action_rate_rate: -0.1500
            Episode_Reward/joint_vel_l2: -1.1910
         Episode_Reward/ground_unloaded: -0.8345
           Episode_Reward/body_velocity: -8.1013
          Curriculum/polish_ground_slam: -1.0000
         Episode_Reward/severely_tilted: -0.0336
 Episode_Reward/joint_deviation_l1_arms: -0.4479
               Episode_Reward/flat_feet: -2.4179
           Curriculum/polish_not_moving: -1.0000
              Episode_Reward/relaxation: -6.7244
        Episode_Reward/joint_torques_l2: -0.8240
           Episode_Reward/torso_upright: -0.0604
      Episode_Termination/invalid_state: 0.0075
        Episode_Reward/illegal_contacts: -0.3110
        Episode_Reward/action_rate_rate: -15.1867
              Episode_Reward/not_moving: -4.1689
           Episode_Reward/torque_limits: -0.6213
--------------------------------------------------------------------------------
                         Iteration time: 1.25s
                           Time elapsed: 0:02:27
                                    ETA: 0:18:35

################################################################################
[1m                          Learning iteration 117/1000                           [0m 

                               Run name: height_tracking_g1
                            Total steps: 11599872 
                       Steps per second: 79180 
                        Collection time: 1.008s 
                          Learning time: 0.233s 
                        Mean value loss: 1.0460
                    Mean surrogate loss: -0.0020
                      Mean entropy loss: 32.5751
                     Mean symmetry loss: 0.0016
                   Mean l2c2_actor loss: 0.0043
                  Mean l2c2_critic loss: 0.0399
                            Mean reward: -1189.98
                    Mean episode length: 742.67
                        Mean action std: 0.75
                    Entropy coefficient: 0.002500
        Episode_Reward/base_height_fine: 7.1663
           Episode_Reward/ankle_torques: -0.2261
            Episode_Reward/joint_acc_l2: 0.0000
             Episode_Reward/action_rate: -34.0148
           Episode_Reward/feet_yaw_mean: -0.5272
           Episode_Reward/feet_distance: -0.3210
             Episode_Reward/ground_slam: -3.5688
         Curriculum/polish_joint_vel_l2: -0.0010
              Episode_Reward/feet_slide: -1.0561
       Episode_Reward/base_height_rough: 2.5304
           Episode_Reward/forward_pitch: -1.1993
        Episode_Reward/joint_pos_limits: -0.0135
     Episode_Reward/completely_airborne: -3.0433
              Curriculum/terrain_levels: 0.0000
              Episode_Reward/torso_roll: -1.7065
      Episode_Reward/joint_deviation_l1: -0.8937
           Episode_Termination/time_out: 0.9926
      Episode_Reward/base_height_medium: 4.1869
    Episode_Reward/joint_tracking_error: -2.1951
        Curriculum/random_fallen_states: 0.0000
            Metrics/height/height_error: nan
           Curriculum/polish_torso_slam: -5.0000
               Curriculum/adaptive_lift: 0.9995
        Episode_Reward/joint_vel_limits: -0.0010
              Episode_Reward/torso_slam: -4.5391
  Episode_Reward/feet_distance_standing: -0.2479
     Curriculum/polish_action_rate_rate: -0.1500
            Episode_Reward/joint_vel_l2: -1.1927
         Episode_Reward/ground_unloaded: -0.8777
           Episode_Reward/body_velocity: -8.0024
          Curriculum/polish_ground_slam: -1.0000
         Episode_Reward/severely_tilted: -0.0367
 Episode_Reward/joint_deviation_l1_arms: -0.4260
               Episode_Reward/flat_feet: -2.3453
           Curriculum/polish_not_moving: -1.0000
              Episode_Reward/relaxation: -6.0911
        Episode_Reward/joint_torques_l2: -0.7984
           Episode_Reward/torso_upright: -0.0542
      Episode_Termination/invalid_state: 0.0074
        Episode_Reward/illegal_contacts: -0.3105
        Episode_Reward/action_rate_rate: -15.1002
              Episode_Reward/not_moving: -4.5319
           Episode_Reward/torque_limits: -0.6299
--------------------------------------------------------------------------------
                         Iteration time: 1.24s
                           Time elapsed: 0:02:29
                                    ETA: 0:18:34

################################################################################
[1m                          Learning iteration 118/1000                           [0m 

                               Run name: height_tracking_g1
                            Total steps: 11698176 
                       Steps per second: 79002 
                        Collection time: 1.011s 
                          Learning time: 0.233s 
                        Mean value loss: 1.0834
                    Mean surrogate loss: -0.0024
                      Mean entropy loss: 32.5044
                     Mean symmetry loss: 0.0016
                   Mean l2c2_actor loss: 0.0044
                  Mean l2c2_critic loss: 0.0413
                            Mean reward: -1211.64
                    Mean episode length: 735.77
                        Mean action std: 0.75
                    Entropy coefficient: 0.002500
        Episode_Reward/base_height_fine: 6.7839
           Episode_Reward/ankle_torques: -0.2455
            Episode_Reward/joint_acc_l2: 0.0000
             Episode_Reward/action_rate: -33.5831
           Episode_Reward/feet_yaw_mean: -0.4899
           Episode_Reward/feet_distance: -0.3135
             Episode_Reward/ground_slam: -3.5000
         Curriculum/polish_joint_vel_l2: -0.0010
              Episode_Reward/feet_slide: -1.0269
       Episode_Reward/base_height_rough: 2.4433
           Episode_Reward/forward_pitch: -1.1701
        Episode_Reward/joint_pos_limits: -0.0130
     Episode_Reward/completely_airborne: -3.2532
              Curriculum/terrain_levels: 0.0000
              Episode_Reward/torso_roll: -1.6937
      Episode_Reward/joint_deviation_l1: -0.8974
           Episode_Termination/time_out: 0.9928
      Episode_Reward/base_height_medium: 3.9792
    Episode_Reward/joint_tracking_error: -2.1485
        Curriculum/random_fallen_states: 0.0000
            Metrics/height/height_error: nan
           Curriculum/polish_torso_slam: -5.0000
               Curriculum/adaptive_lift: 0.9995
        Episode_Reward/joint_vel_limits: -0.0010
              Episode_Reward/torso_slam: -4.7719
  Episode_Reward/feet_distance_standing: -0.2722
     Curriculum/polish_action_rate_rate: -0.1500
            Episode_Reward/joint_vel_l2: -1.1549
         Episode_Reward/ground_unloaded: -0.8381
           Episode_Reward/body_velocity: -7.9062
          Curriculum/polish_ground_slam: -1.0000
         Episode_Reward/severely_tilted: -0.0346
 Episode_Reward/joint_deviation_l1_arms: -0.4184
               Episode_Reward/flat_feet: -2.3692
           Curriculum/polish_not_moving: -1.0000
              Episode_Reward/relaxation: -6.5266
        Episode_Reward/joint_torques_l2: -0.8024
           Episode_Reward/torso_upright: -0.0532
      Episode_Termination/invalid_state: 0.0072
        Episode_Reward/illegal_contacts: -0.2912
        Episode_Reward/action_rate_rate: -14.9029
              Episode_Reward/not_moving: -4.1426
           Episode_Reward/torque_limits: -0.6052
--------------------------------------------------------------------------------
                         Iteration time: 1.24s
                           Time elapsed: 0:02:30
                                    ETA: 0:18:33

################################################################################
[1m                          Learning iteration 119/1000                           [0m 

                               Run name: height_tracking_g1
                            Total steps: 11796480 
                       Steps per second: 78972 
                        Collection time: 1.012s 
                          Learning time: 0.233s 
                        Mean value loss: 1.1098
                    Mean surrogate loss: -0.0013
                      Mean entropy loss: 32.4528
                     Mean symmetry loss: 0.0016
                   Mean l2c2_actor loss: 0.0044
                  Mean l2c2_critic loss: 0.0424
                            Mean reward: -1197.22
                    Mean episode length: 745.91
                        Mean action std: 0.75
                    Entropy coefficient: 0.002500
        Episode_Reward/base_height_fine: 6.9749
           Episode_Reward/ankle_torques: -0.2295
            Episode_Reward/joint_acc_l2: 0.0000
             Episode_Reward/action_rate: -33.5998
           Episode_Reward/feet_yaw_mean: -0.4766
           Episode_Reward/feet_distance: -0.2932
             Episode_Reward/ground_slam: -3.5212
         Curriculum/polish_joint_vel_l2: -0.0010
              Episode_Reward/feet_slide: -1.0507
       Episode_Reward/base_height_rough: 2.4537
           Episode_Reward/forward_pitch: -1.2034
        Episode_Reward/joint_pos_limits: -0.0132
     Episode_Reward/completely_airborne: -2.8030
              Curriculum/terrain_levels: 0.0000
              Episode_Reward/torso_roll: -1.6797
      Episode_Reward/joint_deviation_l1: -0.9500
           Episode_Termination/time_out: 0.9927
      Episode_Reward/base_height_medium: 4.0450
    Episode_Reward/joint_tracking_error: -2.1337
        Curriculum/random_fallen_states: 0.0000
            Metrics/height/height_error: nan
           Curriculum/polish_torso_slam: -5.0000
               Curriculum/adaptive_lift: 0.9995
        Episode_Reward/joint_vel_limits: -0.0010
              Episode_Reward/torso_slam: -4.8242
  Episode_Reward/feet_distance_standing: -0.2439
     Curriculum/polish_action_rate_rate: -0.1500
            Episode_Reward/joint_vel_l2: -1.1718
         Episode_Reward/ground_unloaded: -0.8532
           Episode_Reward/body_velocity: -7.7024
          Curriculum/polish_ground_slam: -1.0000
         Episode_Reward/severely_tilted: -0.0319
 Episode_Reward/joint_deviation_l1_arms: -0.4482
               Episode_Reward/flat_feet: -2.3165
           Curriculum/polish_not_moving: -1.0000
              Episode_Reward/relaxation: -6.4884
        Episode_Reward/joint_torques_l2: -0.8091
           Episode_Reward/torso_upright: -0.0605
      Episode_Termination/invalid_state: 0.0073
        Episode_Reward/illegal_contacts: -0.2955
        Episode_Reward/action_rate_rate: -14.9154
              Episode_Reward/not_moving: -4.4149
           Episode_Reward/torque_limits: -0.6134
--------------------------------------------------------------------------------
                         Iteration time: 1.24s
                           Time elapsed: 0:02:31
                                    ETA: 0:18:31

################################################################################
[1m                          Learning iteration 120/1000                           [0m 

                               Run name: height_tracking_g1
                            Total steps: 11894784 
                       Steps per second: 78835 
                        Collection time: 1.012s 
                          Learning time: 0.235s 
                        Mean value loss: 1.1200
                    Mean surrogate loss: 0.0003
                      Mean entropy loss: 32.3587
                     Mean symmetry loss: 0.0015
                   Mean l2c2_actor loss: 0.0043
                  Mean l2c2_critic loss: 0.0461
                            Mean reward: -1177.58
                    Mean episode length: 750.00
                        Mean action std: 0.75
                    Entropy coefficient: 0.002500
        Episode_Reward/base_height_fine: 7.4658
           Episode_Reward/ankle_torques: -0.2325
            Episode_Reward/joint_acc_l2: 0.0000
             Episode_Reward/action_rate: -33.6543
           Episode_Reward/feet_yaw_mean: -0.5039
           Episode_Reward/feet_distance: -0.2860
             Episode_Reward/ground_slam: -3.5509
         Curriculum/polish_joint_vel_l2: -0.0010
              Episode_Reward/feet_slide: -1.0464
       Episode_Reward/base_height_rough: 2.6210
           Episode_Reward/forward_pitch: -1.1644
        Episode_Reward/joint_pos_limits: -0.0132
     Episode_Reward/completely_airborne: -2.7859
              Curriculum/terrain_levels: 0.0000
              Episode_Reward/torso_roll: -1.6560
      Episode_Reward/joint_deviation_l1: -1.0125
           Episode_Termination/time_out: 0.9927
      Episode_Reward/base_height_medium: 4.3622
    Episode_Reward/joint_tracking_error: -2.1409
        Curriculum/random_fallen_states: 0.0000
            Metrics/height/height_error: nan
           Curriculum/polish_torso_slam: -5.0000
               Curriculum/adaptive_lift: 0.9995
        Episode_Reward/joint_vel_limits: -0.0009
              Episode_Reward/torso_slam: -4.8073
  Episode_Reward/feet_distance_standing: -0.2514
     Curriculum/polish_action_rate_rate: -0.1500
            Episode_Reward/joint_vel_l2: -1.1331
         Episode_Reward/ground_unloaded: -0.9301
           Episode_Reward/body_velocity: -7.6226
          Curriculum/polish_ground_slam: -1.0000
         Episode_Reward/severely_tilted: -0.0321
 Episode_Reward/joint_deviation_l1_arms: -0.4568
               Episode_Reward/flat_feet: -2.3514
           Curriculum/polish_not_moving: -1.0000
              Episode_Reward/relaxation: -5.3931
        Episode_Reward/joint_torques_l2: -0.7877
           Episode_Reward/torso_upright: -0.0650
      Episode_Termination/invalid_state: 0.0073
        Episode_Reward/illegal_contacts: -0.3065
        Episode_Reward/action_rate_rate: -14.9380
              Episode_Reward/not_moving: -4.4497
           Episode_Reward/torque_limits: -0.6106
--------------------------------------------------------------------------------
                         Iteration time: 1.25s
                           Time elapsed: 0:02:32
                                    ETA: 0:18:30

################################################################################
[1m                          Learning iteration 121/1000                           [0m 

                               Run name: height_tracking_g1
                            Total steps: 11993088 
                       Steps per second: 78553 
                        Collection time: 1.018s 
                          Learning time: 0.233s 
                        Mean value loss: 1.2109
                    Mean surrogate loss: -0.0023
                      Mean entropy loss: 32.2902
                     Mean symmetry loss: 0.0015
                   Mean l2c2_actor loss: 0.0043
                  Mean l2c2_critic loss: 0.0478
                            Mean reward: -1175.29
                    Mean episode length: 742.98
                        Mean action std: 0.74
                    Entropy coefficient: 0.002500
        Episode_Reward/base_height_fine: 7.0894
           Episode_Reward/ankle_torques: -0.2371
            Episode_Reward/joint_acc_l2: 0.0000
             Episode_Reward/action_rate: -33.2092
           Episode_Reward/feet_yaw_mean: -0.4446
           Episode_Reward/feet_distance: -0.2784
             Episode_Reward/ground_slam: -3.5189
         Curriculum/polish_joint_vel_l2: -0.0010
              Episode_Reward/feet_slide: -1.0312
       Episode_Reward/base_height_rough: 2.5358
           Episode_Reward/forward_pitch: -1.1913
        Episode_Reward/joint_pos_limits: -0.0128
     Episode_Reward/completely_airborne: -2.9577
              Curriculum/terrain_levels: 0.0000
              Episode_Reward/torso_roll: -1.6511
      Episode_Reward/joint_deviation_l1: -0.9382
           Episode_Termination/time_out: 0.9930
      Episode_Reward/base_height_medium: 4.1564
    Episode_Reward/joint_tracking_error: -2.0924
        Curriculum/random_fallen_states: 0.0000
            Metrics/height/height_error: nan
           Curriculum/polish_torso_slam: -5.0000
               Curriculum/adaptive_lift: 0.9995
        Episode_Reward/joint_vel_limits: -0.0009
              Episode_Reward/torso_slam: -4.5512
  Episode_Reward/feet_distance_standing: -0.2196
     Curriculum/polish_action_rate_rate: -0.1500
            Episode_Reward/joint_vel_l2: -1.1328
         Episode_Reward/ground_unloaded: -0.8611
           Episode_Reward/body_velocity: -7.5067
          Curriculum/polish_ground_slam: -1.0000
         Episode_Reward/severely_tilted: -0.0299
 Episode_Reward/joint_deviation_l1_arms: -0.4232
               Episode_Reward/flat_feet: -2.3634
           Curriculum/polish_not_moving: -1.0000
              Episode_Reward/relaxation: -6.1852
        Episode_Reward/joint_torques_l2: -0.8014
           Episode_Reward/torso_upright: -0.0586
      Episode_Termination/invalid_state: 0.0070
        Episode_Reward/illegal_contacts: -0.3107
        Episode_Reward/action_rate_rate: -14.7507
              Episode_Reward/not_moving: -4.3315
           Episode_Reward/torque_limits: -0.5960
--------------------------------------------------------------------------------
                         Iteration time: 1.25s
                           Time elapsed: 0:02:34
                                    ETA: 0:18:29

################################################################################
[1m                          Learning iteration 122/1000                           [0m 

                               Run name: height_tracking_g1
                            Total steps: 12091392 
                       Steps per second: 78312 
                        Collection time: 1.022s 
                          Learning time: 0.233s 
                        Mean value loss: 1.1289
                    Mean surrogate loss: -0.0014
                      Mean entropy loss: 32.2120
                     Mean symmetry loss: 0.0016
                   Mean l2c2_actor loss: 0.0043
                  Mean l2c2_critic loss: 0.0471
                            Mean reward: -1191.75
                    Mean episode length: 750.00
                        Mean action std: 0.74
                    Entropy coefficient: 0.002500
        Episode_Reward/base_height_fine: 7.2458
           Episode_Reward/ankle_torques: -0.2388
            Episode_Reward/joint_acc_l2: 0.0000
             Episode_Reward/action_rate: -33.4535
           Episode_Reward/feet_yaw_mean: -0.5474
           Episode_Reward/feet_distance: -0.3198
             Episode_Reward/ground_slam: -3.6867
         Curriculum/polish_joint_vel_l2: -0.0010
              Episode_Reward/feet_slide: -1.0536
       Episode_Reward/base_height_rough: 2.6115
           Episode_Reward/forward_pitch: -1.1679
        Episode_Reward/joint_pos_limits: -0.0135
     Episode_Reward/completely_airborne: -2.9234
              Curriculum/terrain_levels: 0.0000
              Episode_Reward/torso_roll: -1.6804
      Episode_Reward/joint_deviation_l1: -0.9216
           Episode_Termination/time_out: 0.9935
      Episode_Reward/base_height_medium: 4.2863
    Episode_Reward/joint_tracking_error: -2.1417
        Curriculum/random_fallen_states: 0.0000
            Metrics/height/height_error: nan
           Curriculum/polish_torso_slam: -5.0000
               Curriculum/adaptive_lift: 0.9995
        Episode_Reward/joint_vel_limits: -0.0010
              Episode_Reward/torso_slam: -5.2969
  Episode_Reward/feet_distance_standing: -0.2699
     Curriculum/polish_action_rate_rate: -0.1500
            Episode_Reward/joint_vel_l2: -1.1703
         Episode_Reward/ground_unloaded: -0.8989
           Episode_Reward/body_velocity: -7.8965
          Curriculum/polish_ground_slam: -1.0000
         Episode_Reward/severely_tilted: -0.0363
 Episode_Reward/joint_deviation_l1_arms: -0.4341
               Episode_Reward/flat_feet: -2.4199
           Curriculum/polish_not_moving: -1.0000
              Episode_Reward/relaxation: -5.7370
        Episode_Reward/joint_torques_l2: -0.7902
           Episode_Reward/torso_upright: -0.0556
      Episode_Termination/invalid_state: 0.0065
        Episode_Reward/illegal_contacts: -0.2861
        Episode_Reward/action_rate_rate: -14.8510
              Episode_Reward/not_moving: -4.3557
           Episode_Reward/torque_limits: -0.6097
--------------------------------------------------------------------------------
                         Iteration time: 1.26s
                           Time elapsed: 0:02:35
                                    ETA: 0:18:27

Traceback (most recent call last):
  File "/workspace/WBC-AGILE-NEWTON/scripts/train.py", line 221, in <module>
    main()
  File "/workspace/WBC-AGILE-NEWTON/.venv/lib/python3.12/site-packages/isaaclab_tasks/utils/hydra.py", line 485, in wrapper
    _run_hydra(task, env_cfg, agent_cfg, hydra_args, lambda e, a: func(e, a, *args, **kwargs))
  File "/workspace/WBC-AGILE-NEWTON/.venv/lib/python3.12/site-packages/isaaclab_tasks/utils/hydra.py", line 426, in _run_hydra
    callback(env_cfg, agent_cfg)
  File "/workspace/WBC-AGILE-NEWTON/.venv/lib/python3.12/site-packages/isaaclab_tasks/utils/hydra.py", line 485, in <lambda>
    _run_hydra(task, env_cfg, agent_cfg, hydra_args, lambda e, a: func(e, a, *args, **kwargs))
                                                                  ^^^^^^^^^^^^^^^^^^^^^^^^^^^
  File "/workspace/WBC-AGILE-NEWTON/scripts/train.py", line 213, in main
    runner.learn(num_learning_iterations=agent_cfg.max_iterations, init_at_random_ep_len=True)
  File "/workspace/WBC-AGILE-NEWTON/.venv/lib/python3.12/site-packages/rsl_rl/runners/on_policy_runner.py", line 100, in learn
    check_nan(obs, rewards, dones)
  File "/workspace/WBC-AGILE-NEWTON/.venv/lib/python3.12/site-packages/rsl_rl/utils/utils.py", line 279, in check_nan
    raise ValueError(
ValueError: The observation group 'policy' returned by the environment contains NaN values. This usually indicates a bug in the environment's step() or reset() function.
