The '--headless' CLI argument is deprecated. Omit '--viz' for default headless. If config visualizers are enabled and you want to force headless, use '--viz none'.
Loading user config located at: '/workspace/WBC-AGILE-NEWTON/.venv/lib/python3.12/site-packages/isaacsim/kit/data/Kit/IsaacLab/3.0/user.config.json'
2026-09-02T17:05:50Z [0ms] [Warning] [omni.ext.plugin] [ext: isaaclab_visualizers] Extensions config 'extension.toml' doesn't exist '/workspace/WBC-AGILE-NEWTON/.venv/lib/python3.12/site-packages/isaaclab/source/isaaclab_visualizers' or '/workspace/WBC-AGILE-NEWTON/.venv/lib/python3.12/site-packages/isaaclab/source/isaaclab_visualizers/config'
WARNING: All log messages before absl::InitializeLog() is called are written to STDERR
E0000 00:00:1788368750.115545   66800 descriptor_database.cc:633] File already exists in database: grpc/health/v1/health.proto
W0000 00:00:1788368750.115572   66800 message.cc:301] Protobuf GeneratedMessageFactory: File is already registered: grpc/health/v1/health.proto
2026-09-02T17:05:50Z [410ms] [Warning] [omni.usd_config.extension] Enable omni.materialx.libs extension to use MaterialX
2026-09-02T17:05:50Z [421ms] [Warning] [omni.platforminfo.plugin] failed to open the default display.  Can't verify X Server version.
2026-09-02T17:05:50Z [459ms] [Error] [omni.ext.plugin] Could not load the dynamic library from /workspace/WBC-AGILE-NEWTON/.venv/lib/python3.12/site-packages/isaacsim/extscache/omni.usd.libs-1.0.3+6312fa25.lx64.r.cp312/bin/libMaterialXRenderHw.so. Error: libXt.so.6: cannot open shared object file: No such file or directory (note that this may be caused by a dependent library)
2026-09-02T17:05:50Z [459ms] [Error] [omni.ext.plugin] Could not load the dynamic library from /workspace/WBC-AGILE-NEWTON/.venv/lib/python3.12/site-packages/isaacsim/extscache/omni.usd.libs-1.0.3+6312fa25.lx64.r.cp312/bin/libMaterialXRenderGlsl.so. Error: libXt.so.6: cannot open shared object file: No such file or directory (note that this may be caused by a dependent library)
2026-09-02T17:05:50Z [460ms] [Error] [omni.ext.plugin] Could not load the dynamic library from /workspace/WBC-AGILE-NEWTON/.venv/lib/python3.12/site-packages/isaacsim/extscache/omni.usd.libs-1.0.3+6312fa25.lx64.r.cp312/bin/libusd_usdBakeMtlx.so. Error: libXt.so.6: cannot open shared object file: No such file or directory (note that this may be caused by a dependent library)
2026-09-02T17:05:51Z [1,102ms] [Warning] [isaacsim.core.simulation_manager.plugin] USD stage is not available; stage-opened subscription is deferred
2026-09-02T17:05:51Z [1,102ms] [Warning] [isaacsim.core.simulation_manager.plugin] USD stage is not available; stage-opened subscription is deferred
[ISAACLAB] AppLauncher initialization complete
[watchdog] armed on RslRlVecEnvWrapper.step
[INFO]: Parsing configuration from: agile.rl_env.tasks.stand_up.g1.height_tracking_env_cfg:G1HeightTrackingEnvCfg
[INFO]: Parsing configuration from: agile.rl_env.tasks.stand_up.g1.agents.rsl_rl_ppo_cfg:G1HeightTrackingPpoRunnerCfg
[INFO] Logging experiment in directory: /workspace/WBC-AGILE-NEWTON/logs/rsl_rl/height_tracking_g1
Exact experiment name requested from command line: 2026-09-02_17-05-58
[INFO]: Base environment:
	Environment device    : cuda:0
	Environment seed      : 42
	Physics step-size     : 0.005
	Rendering step-size   : 0.02
	Environment step-size : 0.02
2026-09-02T17:05:58Z [8,572ms] [Warning] [isaaclab.terrains.terrain_importer] Visual material specified for ground plane but no diffuse color found. Using default color: (0.0, 0.0, 0.0)
[INFO]: Registered backend 'newton' for factory Articulation.
[INFO]: Setting variant selection 'PhysX' for variant set 'Physics' on prim '/World/envs/env_0/Robot'.
[INFO]: Setting variant selection 'None' for variant set 'left_hand' on prim '/World/envs/env_0/Robot'.
[INFO]: Setting variant selection 'None' for variant set 'right_hand' on prim '/World/envs/env_0/Robot'.
[INFO]: Registered backend 'newton' for factory FrameView.
[INFO]: Registered backend 'newton' for factory ContactSensor.
[INFO]: Registered backend 'newton' for factory RayCaster.
[INFO]: Time taken for scene creation Last: 11.593380 s, Mean: 11.593380 s, Std: 0.000000 s, N: 1
[INFO]: Scene manager:  <class InteractiveScene>
	Number of environments: 4096
	Environment spacing   : 2.5
	Source prim name      : /World/envs/env_0
	Global prim paths     : ['/World/ground']
	Replicate physics     : True
[INFO]: Dispatching MODEL_INIT callbacks
[INFO]: Finalizing model on device: cuda:0
/workspace/WBC-AGILE-NEWTON/.venv/lib/python3.12/site-packages/isaaclab_newton/physics/newton_manager.py:989: FutureWarning: Newton shape color replacement is enabled; this workaround will be deprecated in a future release.
  replace_newton_shape_colors(cls._model)
Finalize builder took: Last: 8.758745 s, Mean: 8.758745 s, Std: 0.000000 s, N: 1
[INFO]: Dispatching PHYSICS_READY callbacks
[INFO]: Simulation parameters for joints in /World/envs/env_.*/Robot:
+-------------------------------------------------------------------------------------------------------------------------------------------+
|                                     Simulation Joint Information (Prim path: /World/envs/env_.*/Robot)                                    |
+-------+----------------------------+-----------+---------+----------+-----------------+-----------------+-----------------+---------------+
| Index | Name                       | Stiffness | Damping | Armature | Static Friction | Position Limits | Velocity Limits | Effort Limits |
+-------+----------------------------+-----------+---------+----------+-----------------+-----------------+-----------------+---------------+
|   0   | left_hip_pitch_joint       |  100.000  |  2.500  |  0.020   |      0.010      | [-2.531, 2.880] |      32.000     |     88.000    |
|   1   | left_hip_roll_joint        |  100.000  |  2.500  |  0.020   |      0.010      | [-0.524, 2.967] |      32.000     |     88.000    |
|   2   | left_hip_yaw_joint         |  100.000  |  2.500  |  0.020   |      0.010      | [-2.758, 2.758] |      32.000     |     88.000    |
|   3   | left_knee_joint            |  100.000  |  2.500  |  0.020   |      0.010      | [-0.087, 2.880] |      20.000     |    139.000    |
|   4   | left_ankle_pitch_joint     |   20.000  |  1.000  |  0.020   |      0.010      | [-0.873, 0.524] |      37.000     |     50.000    |
|   5   | left_ankle_roll_joint      |   20.000  |  1.000  |  0.020   |      0.010      | [-0.262, 0.262] |      37.000     |     50.000    |
|   6   | right_hip_pitch_joint      |  100.000  |  2.500  |  0.020   |      0.010      | [-2.531, 2.880] |      32.000     |     88.000    |
|   7   | right_hip_roll_joint       |  100.000  |  2.500  |  0.020   |      0.010      | [-2.967, 0.524] |      32.000     |     88.000    |
|   8   | right_hip_yaw_joint        |  100.000  |  2.500  |  0.020   |      0.010      | [-2.758, 2.758] |      32.000     |     88.000    |
|   9   | right_knee_joint           |  100.000  |  2.500  |  0.020   |      0.010      | [-0.087, 2.880] |      20.000     |    139.000    |
|   10  | right_ankle_pitch_joint    |   20.000  |  1.000  |  0.020   |      0.010      | [-0.873, 0.524] |      37.000     |     50.000    |
|   11  | right_ankle_roll_joint     |   20.000  |  1.000  |  0.020   |      0.010      | [-0.262, 0.262] |      37.000     |     50.000    |
|   12  | waist_yaw_joint            |  100.000  |  2.500  |  0.020   |      0.010      | [-2.618, 2.618] |      32.000     |     88.000    |
|   13  | waist_roll_joint           |  100.000  |  2.500  |  0.020   |      0.010      | [-0.520, 0.520] |      37.000     |     50.000    |
|   14  | waist_pitch_joint          |  100.000  |  2.500  |  0.020   |      0.010      | [-0.520, 0.520] |      37.000     |     50.000    |
|   15  | left_shoulder_pitch_joint  |   20.000  |  0.500  |  0.020   |      0.010      | [-3.089, 2.670] |      37.000     |     25.000    |
|   16  | left_shoulder_roll_joint   |   20.000  |  0.500  |  0.020   |      0.010      | [-1.588, 2.251] |      37.000     |     25.000    |
|   17  | left_shoulder_yaw_joint    |   20.000  |  0.500  |  0.020   |      0.010      | [-2.618, 2.618] |      37.000     |     25.000    |
|   18  | left_elbow_joint           |   20.000  |  0.500  |  0.020   |      0.010      | [-1.047, 2.094] |      37.000     |     25.000    |
|   19  | left_wrist_roll_joint      |   20.000  |  0.200  |  0.020   |      0.010      | [-1.972, 1.972] |      37.000     |     25.000    |
|   20  | left_wrist_pitch_joint     |   20.000  |  0.200  |  0.020   |      0.010      | [-1.614, 1.614] |      22.000     |     5.000     |
|   21  | left_wrist_yaw_joint       |   20.000  |  0.200  |  0.020   |      0.010      | [-1.614, 1.614] |      22.000     |     5.000     |
|   22  | right_shoulder_pitch_joint |   20.000  |  0.500  |  0.020   |      0.010      | [-3.089, 2.670] |      37.000     |     25.000    |
|   23  | right_shoulder_roll_joint  |   20.000  |  0.500  |  0.020   |      0.010      | [-2.251, 1.588] |      37.000     |     25.000    |
|   24  | right_shoulder_yaw_joint   |   20.000  |  0.500  |  0.020   |      0.010      | [-2.618, 2.618] |      37.000     |     25.000    |
|   25  | right_elbow_joint          |   20.000  |  0.500  |  0.020   |      0.010      | [-1.047, 2.094] |      37.000     |     25.000    |
|   26  | right_wrist_roll_joint     |   20.000  |  0.200  |  0.020   |      0.010      | [-1.972, 1.972] |      37.000     |     25.000    |
|   27  | right_wrist_pitch_joint    |   20.000  |  0.200  |  0.020   |      0.010      | [-1.614, 1.614] |      22.000     |     5.000     |
|   28  | right_wrist_yaw_joint      |   20.000  |  0.200  |  0.020   |      0.010      | [-1.614, 1.614] |      22.000     |     5.000     |
+-------+----------------------------+-----------+---------+----------+-----------------+-----------------+-----------------+---------------+
[INFO]: Adding contact sensor for /World/envs/env_.*/Robot/.* with filter all bodies/shapes
Contact sensor construction took: Last: 0.121899 s, Mean: 0.121899 s, Std: 0.000000 s, N: 1
[INFO]: Contact sensor initialized with 30 sensors.
[INFO]: Creating buffers for contact sensor data with num_envs: 4096, num_sensors: 30, num_filter_objects: 0, history_length: 3, generate_force_matrix: False, track_air_time: True, track_pose: False, device: cuda:0
[INFO]: Creating buffers for contact sensor data with num_envs: 4096, num_sensors: 30, num_filter_objects: 0, history_length: 3, generate_force_matrix: False, track_air_time: True, track_pose: False, device: cuda:0
[INFO]: Created infinite plane mesh prim: /World/ground/terrain/GroundPlane/CollisionPlane.
Initialize solver took: Last: 1.871858 s, Mean: 1.871858 s, Std: 0.000000 s, N: 1
[INFO]: Newton CUDA graph captured (standard Warp mode)
CUDA graph took: Last: 0.999315 s, Mean: 0.999315 s, Std: 0.000000 s, N: 1
[newton] DC-motor torque-speed envelope active on 118784/143360 DOFs (4096 worlds x 30 joints) via jnt_actfrcrange
[newton] joint-limit solref set to (0.02, 1) on 118784 joints; explicit limit spring disabled
[INFO]: Time taken for simulation start Last: 12.626591 s, Mean: 12.626591 s, Std: 0.000000 s, N: 1
[INFO] Command Manager:  <CommandManager> contains 1 active terms.
+--------------------------------------+
|         Active Command Terms         |
+-------+--------+---------------------+
| Index | Name   |         Type        |
+-------+--------+---------------------+
|   0   | height | SmoothHeightCommand |
+-------+--------+---------------------+

[INFO] Event Manager:  <EventManager> contains 3 active terms.
+----------------------------------------+
| Active Event Terms in Mode: 'startup'  |
+--------+-------------------------------+
| Index  | Name                          |
+--------+-------------------------------+
|   0    | randomize_physics_material    |
|   1    | randomize_actuator_gains      |
|   2    | randomize_bodies_mass         |
|   3    | randomize_base_mass           |
|   4    | randomize_base_com            |
+--------+-------------------------------+
+---------------------------------------------------------------------------+
|                   Active Event Terms in Mode: 'interval'                  |
+-------+-----------------------------------------+-------------------------+
| Index | Name                                    | Interval time range (s) |
+-------+-----------------------------------------+-------------------------+
|   0   | push_robot                              |       (0.0, 10.0)       |
|   1   | apply_external_force_torque             |       (0.0, 10.0)       |
|   2   | apply_external_force_torque_extremities |       (0.0, 10.0)       |
+-------+-----------------------------------------+-------------------------+
+----------------------------------+
| Active Event Terms in Mode: 'reset' |
+------------+---------------------+
|   Index    | Name                |
+------------+---------------------+
|     0      | reset_base          |
+------------+---------------------+

[INFO] Recorder Manager:  <RecorderManager> contains 0 active terms.
+---------------------+
| Active Recorder Terms |
+-----------+---------+
|   Index   | Name    |
+-----------+---------+
+-----------+---------+

[INFO]: Resolved joint names for the action term JointPositionAction: ['left_hip_pitch_joint', 'left_hip_roll_joint', 'left_hip_yaw_joint', 'left_knee_joint', 'left_ankle_pitch_joint', 'left_ankle_roll_joint', 'right_hip_pitch_joint', 'right_hip_roll_joint', 'right_hip_yaw_joint', 'right_knee_joint', 'right_ankle_pitch_joint', 'right_ankle_roll_joint', 'waist_yaw_joint', 'waist_roll_joint', 'waist_pitch_joint', 'left_shoulder_pitch_joint', 'left_shoulder_roll_joint', 'left_shoulder_yaw_joint', 'left_elbow_joint', 'left_wrist_roll_joint', 'left_wrist_pitch_joint', 'left_wrist_yaw_joint', 'right_shoulder_pitch_joint', 'right_shoulder_roll_joint', 'right_shoulder_yaw_joint', 'right_elbow_joint', 'right_wrist_roll_joint', 'right_wrist_pitch_joint', 'right_wrist_yaw_joint'] [[0, 1, 2, 3, 4, 5, 6, 7, 8, 9, 10, 11, 12, 13, 14, 15, 16, 17, 18, 19, 20, 21, 22, 23, 24, 25, 26, 27, 28]]
[INFO] Action Manager:  <ActionManager> contains 2 active terms.
+------------------------------------+
|  Active Action Terms (shape: 29)   |
+--------+-------------+-------------+
| Index  | Name        |   Dimension |
+--------+-------------+-------------+
|   0    | joint_pos   |          29 |
|   1    | lift        |           0 |
+--------+-------------+-------------+

[INFO] Observation Manager: <ObservationManager> contains 2 groups.
+----------------------------------------------+
| Active Observation Terms in Group: 'policy'  |
+---------+------------------------+-----------+
|  Index  | Name                   |   Shape   |
+---------+------------------------+-----------+
|    0    | base_ang_vel           |   (5, 3)  |
|    1    | projected_gravity      |   (5, 3)  |
|    2    | joint_pos              |  (5, 29)  |
|    3    | joint_vel              |  (5, 29)  |
|    4    | actions                |  (5, 29)  |
|    5    | height_command         |   (5, 1)  |
+---------+------------------------+-----------+
+----------------------------------------------+
| Active Observation Terms in Group: 'critic'  |
+---------+------------------------+-----------+
|  Index  | Name                   |   Shape   |
+---------+------------------------+-----------+
|    0    | projected_gravity      |   (5, 3)  |
|    1    | base_lin_vel           |   (5, 3)  |
|    2    | base_ang_vel           |   (5, 3)  |
|    3    | joint_pos              |  (5, 29)  |
|    4    | joint_vel              |  (5, 29)  |
|    5    | actions                |  (5, 29)  |
|    6    | contact_forces         |  (5, 30)  |
|    7    | base_height            |   (5, 1)  |
|    8    | height_command         |   (5, 1)  |
+---------+------------------------+-----------+

[INFO] Termination Manager:  <TerminationManager> contains 2 active terms.
+----------------------------------+
|     Active Termination Terms     |
+-------+---------------+----------+
| Index | Name          | Time Out |
+-------+---------------+----------+
|   0   | time_out      |   True   |
|   1   | invalid_state |  False   |
+-------+---------------+----------+

[INFO] Reward Manager:  <RewardManager> contains 32 active terms.
+--------------------------------------------+
|            Active Reward Terms             |
+-------+-------------------------+----------+
| Index | Name                    |   Weight |
+-------+-------------------------+----------+
|   0   | joint_torques_l2        |   -5e-05 |
|   1   | torque_limits           |    -0.01 |
|   2   | joint_acc_l2            | -2.5e-08 |
|   3   | joint_pos_limits        |     -0.1 |
|   4   | joint_vel_limits        |    -0.01 |
|   5   | action_rate             |     -1.0 |
|   6   | action_rate_rate        |    -0.15 |
|   7   | joint_vel_l2            |   -0.001 |
|   8   | joint_tracking_error    |     -0.5 |
|   9   | base_height_rough       |      4.0 |
|   10  | base_height_medium      |      8.0 |
|   11  | base_height_fine        |     16.0 |
|   12  | relaxation              |     -1.0 |
|   13  | joint_deviation_l1      |     -0.5 |
|   14  | joint_deviation_l1_arms |     -0.5 |
|   15  | ankle_torques           |   -0.001 |
|   16  | not_moving              |     -1.0 |
|   17  | torso_upright           |     -1.0 |
|   18  | severely_tilted         |     -5.0 |
|   19  | torso_roll              |     -5.0 |
|   20  | forward_pitch           |    -10.0 |
|   21  | illegal_contacts        |     -2.0 |
|   22  | feet_distance           |     -5.0 |
|   23  | feet_distance_standing  |    -10.0 |
|   24  | ground_unloaded         |     -2.0 |
|   25  | flat_feet               |     -1.0 |
|   26  | feet_slide              |     -1.0 |
|   27  | feet_yaw_mean           |     -2.0 |
|   28  | completely_airborne     |    -50.0 |
|   29  | body_velocity           |     -0.1 |
|   30  | ground_slam             |     -1.0 |
|   31  | torso_slam              |     -5.0 |
+-------+-------------------------+----------+

[INFO] Curriculum Manager:  <CurriculumManager> contains 8 active terms.
+---------------------------------+
|     Active Curriculum Terms     |
+-------+-------------------------+
| Index | Name                    |
+-------+-------------------------+
|   0   | adaptive_lift           |
|   1   | terrain_levels          |
|   2   | polish_action_rate_rate |
|   3   | polish_ground_slam      |
|   4   | polish_torso_slam       |
|   5   | polish_not_moving       |
|   6   | polish_joint_vel_l2     |
|   7   | random_fallen_states    |
+-------+-------------------------+

/workspace/WBC-AGILE-NEWTON/.venv/lib/python3.12/site-packages/isaaclab/source/isaaclab/isaaclab/envs/mdp/events.py:742: UserWarning: In Newton, body com pose always has unit quaternion. Consider using body_com_pos_b instead.Querying this property requires appending a unit quaternion to the position which is expensive.
  self.default_com = self.asset.data.body_com_pose_b.torch.clone()
[INFO]: Completed setting up the environment...
/workspace/WBC-AGILE-NEWTON/.venv/lib/python3.12/site-packages/rsl_rl/utils/utils.py:220: UserWarning: The observation configuration dictionary 'obs_groups' is empty and thus likely not configured. Consider configuring the 'obs_groups' dictionary explicitly
  warnings.warn(
/workspace/WBC-AGILE-NEWTON/.venv/lib/python3.12/site-packages/rsl_rl/utils/utils.py:251: UserWarning: The observation configuration dictionary 'obs_groups' does not contain the 'actor' key. As an observation group with the name 'policy' was found, this is assumed to be the appropriate observation. Consider adding the 'actor' key to the 'obs_groups' dictionary for clarity. This behavior will be removed in a future version.
  warnings.warn(
/workspace/WBC-AGILE-NEWTON/.venv/lib/python3.12/site-packages/rsl_rl/utils/utils.py:243: UserWarning: The observation configuration dictionary 'obs_groups' does not contain the 'critic' key. As an observation group with the name 'critic' was found, this is assumed to be the appropriate observation. Consider adding the 'critic' key to the 'obs_groups' dictionary for clarity. This behavior will be removed in a future version.
  warnings.warn(
--------------------------------------------------------------------------------
Resolved observation sets: 
	 actor :  ['policy']
	 critic :  ['critic']
--------------------------------------------------------------------------------
Actor Model: MLPModel(
  (obs_normalizer): Identity()
  (distribution): GaussianDistribution()
  (mlp): MLP(
    (0): Linear(in_features=470, out_features=256, bias=True)
    (1): ELU(alpha=1.0)
    (2): Linear(in_features=256, out_features=256, bias=True)
    (3): ELU(alpha=1.0)
    (4): Linear(in_features=256, out_features=128, bias=True)
    (5): ELU(alpha=1.0)
    (6): Linear(in_features=128, out_features=29, bias=True)
  )
)
Critic Model: MLPModel(
  (obs_normalizer): Identity()
  (mlp): MLP(
    (0): Linear(in_features=640, out_features=512, bias=True)
    (1): ELU(alpha=1.0)
    (2): Linear(in_features=512, out_features=256, bias=True)
    (3): ELU(alpha=1.0)
    (4): Linear(in_features=256, out_features=128, bias=True)
    (5): ELU(alpha=1.0)
    (6): Linear(in_features=128, out_features=1, bias=True)
  )
)
Storing git diff for 'WBC-AGILE-NEWTON' in: /workspace/WBC-AGILE-NEWTON/logs/rsl_rl/height_tracking_g1/2026-09-02_17-05-58_height_tracking_g1/git/WBC-AGILE-NEWTON.diff
################################################################################
[1m                            Learning iteration 0/80                             [0m 

                               Run name: height_tracking_g1
                            Total steps: 98304 
                       Steps per second: 36924 
                        Collection time: 2.318s 
                          Learning time: 0.344s 
                        Mean value loss: 7.6701
                    Mean surrogate loss: 0.0335
                      Mean entropy loss: 41.0930
                     Mean symmetry loss: 0.0027
                   Mean l2c2_actor loss: 0.0011
                  Mean l2c2_critic loss: 0.0073
                            Mean reward: -49.20
                    Mean episode length: 17.03
                        Mean action std: 1.00
                    Entropy coefficient: 0.002500
              Curriculum/terrain_levels: 0.0000
        Episode_Reward/action_rate_rate: -0.3953
              Episode_Reward/not_moving: -0.0449
          Curriculum/polish_ground_slam: -1.0000
      Episode_Reward/joint_deviation_l1: -0.0277
        Episode_Reward/joint_torques_l2: -0.0194
               Curriculum/adaptive_lift: 1.0000
         Episode_Reward/ground_unloaded: -0.0142
           Episode_Reward/feet_distance: -0.0035
              Episode_Reward/torso_slam: -0.0759
        Episode_Reward/joint_vel_limits: -0.0000
      Episode_Reward/base_height_medium: 0.0478
        Episode_Reward/illegal_contacts: -0.0022
            Episode_Reward/joint_vel_l2: -0.0272
              Episode_Reward/torso_roll: -0.0295
           Curriculum/polish_not_moving: -1.0000
    Episode_Reward/joint_tracking_error: -0.0655
             Episode_Reward/ground_slam: -0.0581
       Episode_Reward/base_height_rough: 0.0334
        Episode_Reward/base_height_fine: 0.0721
        Episode_Reward/joint_pos_limits: -0.0002
     Episode_Reward/completely_airborne: -0.3461
         Curriculum/polish_joint_vel_l2: -0.0010
 Episode_Reward/joint_deviation_l1_arms: -0.0116
             Episode_Reward/action_rate: -0.9147
      Episode_Termination/invalid_state: 0.0003
        Curriculum/random_fallen_states: 0.0000
  Episode_Reward/feet_distance_standing: -0.0046
            Episode_Reward/joint_acc_l2: -0.0026
           Episode_Reward/forward_pitch: -0.0104
           Episode_Reward/torso_upright: 0.0000
               Episode_Reward/flat_feet: -0.0303
     Curriculum/polish_action_rate_rate: -0.1500
           Episode_Reward/ankle_torques: -0.0048
         Episode_Reward/severely_tilted: -0.0005
           Episode_Reward/feet_yaw_mean: -0.0115
            Metrics/height/height_error: 0.0000
           Episode_Reward/body_velocity: -0.2013
              Episode_Reward/feet_slide: -0.0138
           Episode_Termination/time_out: 0.0165
           Curriculum/polish_torso_slam: -5.0000
              Episode_Reward/relaxation: -0.1357
           Episode_Reward/torque_limits: -0.0229
--------------------------------------------------------------------------------
                         Iteration time: 2.66s
                           Time elapsed: 0:00:02
                                    ETA: 0:03:30

################################################################################
[1m                            Learning iteration 1/80                             [0m 

                               Run name: height_tracking_g1
                            Total steps: 196608 
                       Steps per second: 82761 
                        Collection time: 0.955s 
                          Learning time: 0.232s 
                        Mean value loss: 11.6531
                    Mean surrogate loss: 0.0064
                      Mean entropy loss: 41.0641
                     Mean symmetry loss: 0.0019
                   Mean l2c2_actor loss: 0.0010
                  Mean l2c2_critic loss: 0.0262
                            Mean reward: -147.20
                    Mean episode length: 40.08
                        Mean action std: 1.00
                    Entropy coefficient: 0.002500
              Curriculum/terrain_levels: 0.0000
        Episode_Reward/action_rate_rate: -1.1842
              Episode_Reward/not_moving: -0.2207
          Curriculum/polish_ground_slam: -1.0000
      Episode_Reward/joint_deviation_l1: -0.1004
        Episode_Reward/joint_torques_l2: -0.0613
               Curriculum/adaptive_lift: 0.9999
         Episode_Reward/ground_unloaded: -0.0479
           Episode_Reward/feet_distance: -0.0259
              Episode_Reward/torso_slam: -0.4834
        Episode_Reward/joint_vel_limits: -0.0002
      Episode_Reward/base_height_medium: 0.1606
        Episode_Reward/illegal_contacts: -0.0123
            Episode_Reward/joint_vel_l2: -0.0987
              Episode_Reward/torso_roll: -0.0946
           Curriculum/polish_not_moving: -1.0000
    Episode_Reward/joint_tracking_error: -0.2478
             Episode_Reward/ground_slam: -0.3587
       Episode_Reward/base_height_rough: 0.1057
        Episode_Reward/base_height_fine: 0.2546
        Episode_Reward/joint_pos_limits: -0.0010
     Episode_Reward/completely_airborne: -1.0038
         Curriculum/polish_joint_vel_l2: -0.0010
 Episode_Reward/joint_deviation_l1_arms: -0.0546
             Episode_Reward/action_rate: -2.6721
      Episode_Termination/invalid_state: 0.0052
        Curriculum/random_fallen_states: 0.0000
  Episode_Reward/feet_distance_standing: -0.0358
            Episode_Reward/joint_acc_l2: -0.0084
           Episode_Reward/forward_pitch: -0.0491
           Episode_Reward/torso_upright: 0.0000
               Episode_Reward/flat_feet: -0.0924
     Curriculum/polish_action_rate_rate: -0.1500
           Episode_Reward/ankle_torques: -0.0137
         Episode_Reward/severely_tilted: -0.0094
           Episode_Reward/feet_yaw_mean: -0.0549
            Metrics/height/height_error: 0.0000
           Episode_Reward/body_velocity: -1.4007
              Episode_Reward/feet_slide: -0.0440
           Episode_Termination/time_out: 0.0475
           Curriculum/polish_torso_slam: -5.0000
              Episode_Reward/relaxation: -0.3524
           Episode_Reward/torque_limits: -0.0808
--------------------------------------------------------------------------------
                         Iteration time: 1.19s
                           Time elapsed: 0:00:03
                                    ETA: 0:02:30

################################################################################
[1m                            Learning iteration 2/80                             [0m 

                               Run name: height_tracking_g1
                            Total steps: 294912 
                       Steps per second: 82282 
                        Collection time: 0.962s 
                          Learning time: 0.232s 
                        Mean value loss: 10.7821
                    Mean surrogate loss: -0.0081
                      Mean entropy loss: 40.9454
                     Mean symmetry loss: 0.0008
                   Mean l2c2_actor loss: 0.0012
                  Mean l2c2_critic loss: 0.0229
                            Mean reward: -237.46
                    Mean episode length: 61.10
                        Mean action std: 0.99
                    Entropy coefficient: 0.002500
              Curriculum/terrain_levels: 0.0000
        Episode_Reward/action_rate_rate: -1.8545
              Episode_Reward/not_moving: -0.3391
          Curriculum/polish_ground_slam: -1.0000
      Episode_Reward/joint_deviation_l1: -0.1383
        Episode_Reward/joint_torques_l2: -0.0970
               Curriculum/adaptive_lift: 0.9983
         Episode_Reward/ground_unloaded: -0.0732
           Episode_Reward/feet_distance: -0.0473
              Episode_Reward/torso_slam: -1.0466
        Episode_Reward/joint_vel_limits: -0.0003
      Episode_Reward/base_height_medium: 0.2402
        Episode_Reward/illegal_contacts: -0.0264
            Episode_Reward/joint_vel_l2: -0.1601
              Episode_Reward/torso_roll: -0.1532
           Curriculum/polish_not_moving: -1.0000
    Episode_Reward/joint_tracking_error: -0.4238
             Episode_Reward/ground_slam: -0.7419
       Episode_Reward/base_height_rough: 0.1616
        Episode_Reward/base_height_fine: 0.3762
        Episode_Reward/joint_pos_limits: -0.0017
     Episode_Reward/completely_airborne: -1.4440
         Curriculum/polish_joint_vel_l2: -0.0010
 Episode_Reward/joint_deviation_l1_arms: -0.0799
             Episode_Reward/action_rate: -4.1626
      Episode_Termination/invalid_state: 0.0140
        Curriculum/random_fallen_states: 0.0000
  Episode_Reward/feet_distance_standing: -0.0543
            Episode_Reward/joint_acc_l2: -0.0133
           Episode_Reward/forward_pitch: -0.0884
           Episode_Reward/torso_upright: -0.0026
               Episode_Reward/flat_feet: -0.1604
     Curriculum/polish_action_rate_rate: -0.1500
           Episode_Reward/ankle_torques: -0.0214
         Episode_Reward/severely_tilted: -0.0152
           Episode_Reward/feet_yaw_mean: -0.1098
            Metrics/height/height_error: 0.0000
           Episode_Reward/body_velocity: -2.4795
              Episode_Reward/feet_slide: -0.0711
           Episode_Termination/time_out: 0.0793
           Curriculum/polish_torso_slam: -5.0000
              Episode_Reward/relaxation: -0.5949
           Episode_Reward/torque_limits: -0.1301
--------------------------------------------------------------------------------
                         Iteration time: 1.19s
                           Time elapsed: 0:00:05
                                    ETA: 0:02:09

################################################################################
[1m                            Learning iteration 3/80                             [0m 

                               Run name: height_tracking_g1
                            Total steps: 393216 
                       Steps per second: 82361 
                        Collection time: 0.962s 
                          Learning time: 0.232s 
                        Mean value loss: 10.5595
                    Mean surrogate loss: -0.0120
                      Mean entropy loss: 40.9095
                     Mean symmetry loss: 0.0006
                   Mean l2c2_actor loss: 0.0013
                  Mean l2c2_critic loss: 0.0152
                            Mean reward: -329.50
                    Mean episode length: 80.84
                        Mean action std: 0.99
                    Entropy coefficient: 0.002500
              Curriculum/terrain_levels: 0.0000
        Episode_Reward/action_rate_rate: -2.5461
              Episode_Reward/not_moving: -0.5211
          Curriculum/polish_ground_slam: -1.0000
      Episode_Reward/joint_deviation_l1: -0.1804
        Episode_Reward/joint_torques_l2: -0.1362
               Curriculum/adaptive_lift: 0.9959
         Episode_Reward/ground_unloaded: -0.1090
           Episode_Reward/feet_distance: -0.0719
              Episode_Reward/torso_slam: -1.6186
        Episode_Reward/joint_vel_limits: -0.0004
      Episode_Reward/base_height_medium: 0.3540
        Episode_Reward/illegal_contacts: -0.0404
            Episode_Reward/joint_vel_l2: -0.2234
              Episode_Reward/torso_roll: -0.2107
           Curriculum/polish_not_moving: -1.0000
    Episode_Reward/joint_tracking_error: -0.6006
             Episode_Reward/ground_slam: -1.3017
       Episode_Reward/base_height_rough: 0.2348
        Episode_Reward/base_height_fine: 0.5559
        Episode_Reward/joint_pos_limits: -0.0025
     Episode_Reward/completely_airborne: -2.0404
         Curriculum/polish_joint_vel_l2: -0.0010
 Episode_Reward/joint_deviation_l1_arms: -0.1151
             Episode_Reward/action_rate: -5.6974
      Episode_Termination/invalid_state: 0.0212
        Curriculum/random_fallen_states: 0.0000
  Episode_Reward/feet_distance_standing: -0.0758
            Episode_Reward/joint_acc_l2: -0.0189
           Episode_Reward/forward_pitch: -0.1307
           Episode_Reward/torso_upright: -0.0037
               Episode_Reward/flat_feet: -0.2345
     Curriculum/polish_action_rate_rate: -0.1500
           Episode_Reward/ankle_torques: -0.0300
         Episode_Reward/severely_tilted: -0.0241
           Episode_Reward/feet_yaw_mean: -0.1672
            Metrics/height/height_error: 0.0000
           Episode_Reward/body_velocity: -3.7608
              Episode_Reward/feet_slide: -0.1061
           Episode_Termination/time_out: 0.1128
           Curriculum/polish_torso_slam: -5.0000
              Episode_Reward/relaxation: -0.7844
           Episode_Reward/torque_limits: -0.1846
--------------------------------------------------------------------------------
                         Iteration time: 1.19s
                           Time elapsed: 0:00:06
                                    ETA: 0:01:58

################################################################################
[1m                            Learning iteration 4/80                             [0m 

                               Run name: height_tracking_g1
                            Total steps: 491520 
                       Steps per second: 82644 
                        Collection time: 0.957s 
                          Learning time: 0.232s 
                        Mean value loss: 9.9367
                    Mean surrogate loss: -0.0130
                      Mean entropy loss: 40.8409
                     Mean symmetry loss: 0.0006
                   Mean l2c2_actor loss: 0.0016
                  Mean l2c2_critic loss: 0.0117
                            Mean reward: -399.65
                    Mean episode length: 101.43
                        Mean action std: 0.99
                    Entropy coefficient: 0.002500
              Curriculum/terrain_levels: 0.0000
        Episode_Reward/action_rate_rate: -3.3363
              Episode_Reward/not_moving: -0.6176
          Curriculum/polish_ground_slam: -1.0000
      Episode_Reward/joint_deviation_l1: -0.2114
        Episode_Reward/joint_torques_l2: -0.1783
               Curriculum/adaptive_lift: 0.9935
         Episode_Reward/ground_unloaded: -0.1260
           Episode_Reward/feet_distance: -0.0947
              Episode_Reward/torso_slam: -1.9611
        Episode_Reward/joint_vel_limits: -0.0005
      Episode_Reward/base_height_medium: 0.4310
        Episode_Reward/illegal_contacts: -0.0562
            Episode_Reward/joint_vel_l2: -0.2774
              Episode_Reward/torso_roll: -0.2790
           Curriculum/polish_not_moving: -1.0000
    Episode_Reward/joint_tracking_error: -0.7565
             Episode_Reward/ground_slam: -1.5480
       Episode_Reward/base_height_rough: 0.2879
        Episode_Reward/base_height_fine: 0.6826
        Episode_Reward/joint_pos_limits: -0.0031
     Episode_Reward/completely_airborne: -2.7096
         Curriculum/polish_joint_vel_l2: -0.0010
 Episode_Reward/joint_deviation_l1_arms: -0.1364
             Episode_Reward/action_rate: -7.4692
      Episode_Termination/invalid_state: 0.0307
        Curriculum/random_fallen_states: 0.0000
  Episode_Reward/feet_distance_standing: -0.0981
            Episode_Reward/joint_acc_l2: -0.0231
           Episode_Reward/forward_pitch: -0.1818
           Episode_Reward/torso_upright: -0.0047
               Episode_Reward/flat_feet: -0.3230
     Curriculum/polish_action_rate_rate: -0.1500
           Episode_Reward/ankle_torques: -0.0351
         Episode_Reward/severely_tilted: -0.0284
           Episode_Reward/feet_yaw_mean: -0.2087
            Metrics/height/height_error: 0.0757
           Episode_Reward/body_velocity: -4.4530
              Episode_Reward/feet_slide: -0.1330
           Episode_Termination/time_out: 0.1419
           Curriculum/polish_torso_slam: -5.0000
              Episode_Reward/relaxation: -1.3847
           Episode_Reward/torque_limits: -0.2360
--------------------------------------------------------------------------------
                         Iteration time: 1.19s
                           Time elapsed: 0:00:07
                                    ETA: 0:01:51

################################################################################
[1m                            Learning iteration 5/80                             [0m 

                               Run name: height_tracking_g1
                            Total steps: 589824 
                       Steps per second: 82393 
                        Collection time: 0.961s 
                          Learning time: 0.232s 
                        Mean value loss: 9.0647
                    Mean surrogate loss: -0.0122
                      Mean entropy loss: 40.7887
                     Mean symmetry loss: 0.0006
                   Mean l2c2_actor loss: 0.0017
                  Mean l2c2_critic loss: 0.0139
                            Mean reward: -496.81
                    Mean episode length: 123.47
                        Mean action std: 0.99
                    Entropy coefficient: 0.002500
              Curriculum/terrain_levels: 0.0000
        Episode_Reward/action_rate_rate: -3.9455
              Episode_Reward/not_moving: -0.7246
          Curriculum/polish_ground_slam: -1.0000
      Episode_Reward/joint_deviation_l1: -0.2482
        Episode_Reward/joint_torques_l2: -0.2137
               Curriculum/adaptive_lift: 0.9911
         Episode_Reward/ground_unloaded: -0.1483
           Episode_Reward/feet_distance: -0.1219
              Episode_Reward/torso_slam: -2.7274
        Episode_Reward/joint_vel_limits: -0.0007
      Episode_Reward/base_height_medium: 0.5007
        Episode_Reward/illegal_contacts: -0.0689
            Episode_Reward/joint_vel_l2: -0.3531
              Episode_Reward/torso_roll: -0.3440
           Curriculum/polish_not_moving: -1.0000
    Episode_Reward/joint_tracking_error: -0.9554
             Episode_Reward/ground_slam: -2.0419
       Episode_Reward/base_height_rough: 0.3433
        Episode_Reward/base_height_fine: 0.7716
        Episode_Reward/joint_pos_limits: -0.0039
     Episode_Reward/completely_airborne: -3.1457
         Curriculum/polish_joint_vel_l2: -0.0010
 Episode_Reward/joint_deviation_l1_arms: -0.1670
             Episode_Reward/action_rate: -8.8315
      Episode_Termination/invalid_state: 0.0387
        Curriculum/random_fallen_states: 0.0000
  Episode_Reward/feet_distance_standing: -0.1189
            Episode_Reward/joint_acc_l2: -0.0288
           Episode_Reward/forward_pitch: -0.2041
           Episode_Reward/torso_upright: -0.0076
               Episode_Reward/flat_feet: -0.3913
     Curriculum/polish_action_rate_rate: -0.1500
           Episode_Reward/ankle_torques: -0.0480
         Episode_Reward/severely_tilted: -0.0342
           Episode_Reward/feet_yaw_mean: -0.2875
            Metrics/height/height_error: 0.0923
           Episode_Reward/body_velocity: -6.1658
              Episode_Reward/feet_slide: -0.1622
           Episode_Termination/time_out: 0.1662
           Curriculum/polish_torso_slam: -5.0000
              Episode_Reward/relaxation: -1.6047
           Episode_Reward/torque_limits: -0.2900
--------------------------------------------------------------------------------
                         Iteration time: 1.19s
                           Time elapsed: 0:00:08
                                    ETA: 0:01:46

################################################################################
[1m                            Learning iteration 6/80                             [0m 

                               Run name: height_tracking_g1
                            Total steps: 688128 
                       Steps per second: 80977 
                        Collection time: 0.980s 
                          Learning time: 0.234s 
                        Mean value loss: 8.7665
                    Mean surrogate loss: -0.0112
                      Mean entropy loss: 40.7111
                     Mean symmetry loss: 0.0006
                   Mean l2c2_actor loss: 0.0019
                  Mean l2c2_critic loss: 0.0132
                            Mean reward: -574.07
                    Mean episode length: 145.87
                        Mean action std: 0.99
                    Entropy coefficient: 0.002500
              Curriculum/terrain_levels: 0.0000
        Episode_Reward/action_rate_rate: -4.7432
              Episode_Reward/not_moving: -0.9260
          Curriculum/polish_ground_slam: -1.0000
      Episode_Reward/joint_deviation_l1: -0.2658
        Episode_Reward/joint_torques_l2: -0.2502
               Curriculum/adaptive_lift: 0.9887
         Episode_Reward/ground_unloaded: -0.1804
           Episode_Reward/feet_distance: -0.1373
              Episode_Reward/torso_slam: -2.7270
        Episode_Reward/joint_vel_limits: -0.0008
      Episode_Reward/base_height_medium: 0.6303
        Episode_Reward/illegal_contacts: -0.0832
            Episode_Reward/joint_vel_l2: -0.4070
              Episode_Reward/torso_roll: -0.4011
           Curriculum/polish_not_moving: -1.0000
    Episode_Reward/joint_tracking_error: -1.0966
             Episode_Reward/ground_slam: -2.1749
       Episode_Reward/base_height_rough: 0.4202
        Episode_Reward/base_height_fine: 0.9956
        Episode_Reward/joint_pos_limits: -0.0045
     Episode_Reward/completely_airborne: -3.7163
         Curriculum/polish_joint_vel_l2: -0.0010
 Episode_Reward/joint_deviation_l1_arms: -0.1821
             Episode_Reward/action_rate: -10.5904
      Episode_Termination/invalid_state: 0.0486
        Curriculum/random_fallen_states: 0.0000
  Episode_Reward/feet_distance_standing: -0.1222
            Episode_Reward/joint_acc_l2: -0.0324
           Episode_Reward/forward_pitch: -0.2577
           Episode_Reward/torso_upright: -0.0067
               Episode_Reward/flat_feet: -0.4726
     Curriculum/polish_action_rate_rate: -0.1500
           Episode_Reward/ankle_torques: -0.0553
         Episode_Reward/severely_tilted: -0.0353
           Episode_Reward/feet_yaw_mean: -0.3262
            Metrics/height/height_error: 0.0951
           Episode_Reward/body_velocity: -6.1796
              Episode_Reward/feet_slide: -0.2003
           Episode_Termination/time_out: 0.1935
           Curriculum/polish_torso_slam: -5.0000
              Episode_Reward/relaxation: -1.8935
           Episode_Reward/torque_limits: -0.3394
--------------------------------------------------------------------------------
                         Iteration time: 1.21s
                           Time elapsed: 0:00:09
                                    ETA: 0:01:42

################################################################################
[1m                            Learning iteration 7/80                             [0m 

                               Run name: height_tracking_g1
                            Total steps: 786432 
                       Steps per second: 82656 
                        Collection time: 0.957s 
                          Learning time: 0.233s 
                        Mean value loss: 7.9650
                    Mean surrogate loss: -0.0121
                      Mean entropy loss: 40.6824
                     Mean symmetry loss: 0.0006
                   Mean l2c2_actor loss: 0.0022
                  Mean l2c2_critic loss: 0.0144
                            Mean reward: -552.95
                    Mean episode length: 150.27
                        Mean action std: 0.98
                    Entropy coefficient: 0.002500
              Curriculum/terrain_levels: 0.0000
        Episode_Reward/action_rate_rate: -5.0985
              Episode_Reward/not_moving: -1.0222
          Curriculum/polish_ground_slam: -1.0000
      Episode_Reward/joint_deviation_l1: -0.3002
        Episode_Reward/joint_torques_l2: -0.2660
               Curriculum/adaptive_lift: 0.9863
         Episode_Reward/ground_unloaded: -0.1878
           Episode_Reward/feet_distance: -0.1328
              Episode_Reward/torso_slam: -2.8133
        Episode_Reward/joint_vel_limits: -0.0008
      Episode_Reward/base_height_medium: 0.7088
        Episode_Reward/illegal_contacts: -0.0889
            Episode_Reward/joint_vel_l2: -0.4292
              Episode_Reward/torso_roll: -0.4378
           Curriculum/polish_not_moving: -1.0000
    Episode_Reward/joint_tracking_error: -1.1581
             Episode_Reward/ground_slam: -2.2305
       Episode_Reward/base_height_rough: 0.4671
        Episode_Reward/base_height_fine: 1.1306
        Episode_Reward/joint_pos_limits: -0.0046
     Episode_Reward/completely_airborne: -4.1005
         Curriculum/polish_joint_vel_l2: -0.0010
 Episode_Reward/joint_deviation_l1_arms: -0.1973
             Episode_Reward/action_rate: -11.4036
      Episode_Termination/invalid_state: 0.0575
        Curriculum/random_fallen_states: 0.0000
  Episode_Reward/feet_distance_standing: -0.1255
            Episode_Reward/joint_acc_l2: -0.0342
           Episode_Reward/forward_pitch: -0.2747
           Episode_Reward/torso_upright: -0.0120
               Episode_Reward/flat_feet: -0.5129
     Curriculum/polish_action_rate_rate: -0.1500
           Episode_Reward/ankle_torques: -0.0623
         Episode_Reward/severely_tilted: -0.0382
           Episode_Reward/feet_yaw_mean: -0.3140
            Metrics/height/height_error: 0.0804
           Episode_Reward/body_velocity: -6.6212
              Episode_Reward/feet_slide: -0.2038
           Episode_Termination/time_out: 0.2206
           Curriculum/polish_torso_slam: -5.0000
              Episode_Reward/relaxation: -2.1586
           Episode_Reward/torque_limits: -0.3538
--------------------------------------------------------------------------------
                         Iteration time: 1.19s
                           Time elapsed: 0:00:11
                                    ETA: 0:01:39

################################################################################
[1m                            Learning iteration 8/80                             [0m 

                               Run name: height_tracking_g1
                            Total steps: 884736 
                       Steps per second: 82575 
                        Collection time: 0.958s 
                          Learning time: 0.233s 
                        Mean value loss: 7.7493
                    Mean surrogate loss: -0.0117
                      Mean entropy loss: 40.6057
                     Mean symmetry loss: 0.0007
                   Mean l2c2_actor loss: 0.0023
                  Mean l2c2_critic loss: 0.0169
                            Mean reward: -725.21
                    Mean episode length: 193.71
                        Mean action std: 0.98
                    Entropy coefficient: 0.002500
              Curriculum/terrain_levels: 0.0000
        Episode_Reward/action_rate_rate: -6.3187
              Episode_Reward/not_moving: -1.2659
          Curriculum/polish_ground_slam: -1.0000
      Episode_Reward/joint_deviation_l1: -0.3850
        Episode_Reward/joint_torques_l2: -0.3306
               Curriculum/adaptive_lift: 0.9841
         Episode_Reward/ground_unloaded: -0.2478
           Episode_Reward/feet_distance: -0.1695
              Episode_Reward/torso_slam: -3.2658
        Episode_Reward/joint_vel_limits: -0.0010
      Episode_Reward/base_height_medium: 0.8944
        Episode_Reward/illegal_contacts: -0.1108
            Episode_Reward/joint_vel_l2: -0.5353
              Episode_Reward/torso_roll: -0.5353
           Curriculum/polish_not_moving: -1.0000
    Episode_Reward/joint_tracking_error: -1.4317
             Episode_Reward/ground_slam: -2.6446
       Episode_Reward/base_height_rough: 0.5933
        Episode_Reward/base_height_fine: 1.4161
        Episode_Reward/joint_pos_limits: -0.0058
     Episode_Reward/completely_airborne: -5.0393
         Curriculum/polish_joint_vel_l2: -0.0010
 Episode_Reward/joint_deviation_l1_arms: -0.2509
             Episode_Reward/action_rate: -14.1172
      Episode_Termination/invalid_state: 0.0644
        Curriculum/random_fallen_states: 0.0000
  Episode_Reward/feet_distance_standing: -0.1540
            Episode_Reward/joint_acc_l2: -0.0421
           Episode_Reward/forward_pitch: -0.3191
           Episode_Reward/torso_upright: -0.0139
               Episode_Reward/flat_feet: -0.6180
     Curriculum/polish_action_rate_rate: -0.1500
           Episode_Reward/ankle_torques: -0.0697
         Episode_Reward/severely_tilted: -0.0338
           Episode_Reward/feet_yaw_mean: -0.3523
            Metrics/height/height_error: 0.1205
           Episode_Reward/body_velocity: -7.3109
              Episode_Reward/feet_slide: -0.2616
           Episode_Termination/time_out: 0.2511
           Curriculum/polish_torso_slam: -5.0000
              Episode_Reward/relaxation: -2.3236
           Episode_Reward/torque_limits: -0.4312
--------------------------------------------------------------------------------
                         Iteration time: 1.19s
                           Time elapsed: 0:00:12
                                    ETA: 0:01:36

################################################################################
[1m                            Learning iteration 9/80                             [0m 

                               Run name: height_tracking_g1
                            Total steps: 983040 
                       Steps per second: 82371 
                        Collection time: 0.962s 
                          Learning time: 0.232s 
                        Mean value loss: 7.1535
                    Mean surrogate loss: -0.0123
                      Mean entropy loss: 40.5482
                     Mean symmetry loss: 0.0007
                   Mean l2c2_actor loss: 0.0025
                  Mean l2c2_critic loss: 0.0166
                            Mean reward: -717.36
                    Mean episode length: 197.89
                        Mean action std: 0.98
                    Entropy coefficient: 0.002500
              Curriculum/terrain_levels: 0.0000
        Episode_Reward/action_rate_rate: -6.5997
              Episode_Reward/not_moving: -1.2714
          Curriculum/polish_ground_slam: -1.0000
      Episode_Reward/joint_deviation_l1: -0.3713
        Episode_Reward/joint_torques_l2: -0.3443
               Curriculum/adaptive_lift: 0.9834
         Episode_Reward/ground_unloaded: -0.2488
           Episode_Reward/feet_distance: -0.1784
              Episode_Reward/torso_slam: -3.8296
        Episode_Reward/joint_vel_limits: -0.0010
      Episode_Reward/base_height_medium: 0.8937
        Episode_Reward/illegal_contacts: -0.1233
            Episode_Reward/joint_vel_l2: -0.5496
              Episode_Reward/torso_roll: -0.5638
           Curriculum/polish_not_moving: -1.0000
    Episode_Reward/joint_tracking_error: -1.4982
             Episode_Reward/ground_slam: -2.7918
       Episode_Reward/base_height_rough: 0.5953
        Episode_Reward/base_height_fine: 1.4230
        Episode_Reward/joint_pos_limits: -0.0061
     Episode_Reward/completely_airborne: -5.1383
         Curriculum/polish_joint_vel_l2: -0.0010
 Episode_Reward/joint_deviation_l1_arms: -0.2446
             Episode_Reward/action_rate: -14.7391
      Episode_Termination/invalid_state: 0.0711
        Curriculum/random_fallen_states: 0.0000
  Episode_Reward/feet_distance_standing: -0.1644
            Episode_Reward/joint_acc_l2: -0.0443
           Episode_Reward/forward_pitch: -0.3710
           Episode_Reward/torso_upright: -0.0145
               Episode_Reward/flat_feet: -0.6726
     Curriculum/polish_action_rate_rate: -0.1500
           Episode_Reward/ankle_torques: -0.0788
         Episode_Reward/severely_tilted: -0.0394
           Episode_Reward/feet_yaw_mean: -0.4119
            Metrics/height/height_error: 0.1026
           Episode_Reward/body_velocity: -8.0161
              Episode_Reward/feet_slide: -0.2725
           Episode_Termination/time_out: 0.2824
           Curriculum/polish_torso_slam: -5.0000
              Episode_Reward/relaxation: -2.5710
           Episode_Reward/torque_limits: -0.4558
--------------------------------------------------------------------------------
                         Iteration time: 1.19s
                           Time elapsed: 0:00:13
                                    ETA: 0:01:33

################################################################################
[1m                            Learning iteration 10/80                            [0m 

                               Run name: height_tracking_g1
                            Total steps: 1081344 
                       Steps per second: 82673 
                        Collection time: 0.957s 
                          Learning time: 0.232s 
                        Mean value loss: 6.7275
                    Mean surrogate loss: -0.0106
                      Mean entropy loss: 40.4736
                     Mean symmetry loss: 0.0008
                   Mean l2c2_actor loss: 0.0026
                  Mean l2c2_critic loss: 0.0160
                            Mean reward: -734.56
                    Mean episode length: 203.63
                        Mean action std: 0.98
                    Entropy coefficient: 0.002500
              Curriculum/terrain_levels: 0.0000
        Episode_Reward/action_rate_rate: -6.9397
              Episode_Reward/not_moving: -1.4363
          Curriculum/polish_ground_slam: -1.0000
      Episode_Reward/joint_deviation_l1: -0.3462
        Episode_Reward/joint_torques_l2: -0.3690
               Curriculum/adaptive_lift: 0.9834
         Episode_Reward/ground_unloaded: -0.2658
           Episode_Reward/feet_distance: -0.1813
              Episode_Reward/torso_slam: -3.7618
        Episode_Reward/joint_vel_limits: -0.0011
      Episode_Reward/base_height_medium: 1.0005
        Episode_Reward/illegal_contacts: -0.1311
            Episode_Reward/joint_vel_l2: -0.5753
              Episode_Reward/torso_roll: -0.5959
           Curriculum/polish_not_moving: -1.0000
    Episode_Reward/joint_tracking_error: -1.5613
             Episode_Reward/ground_slam: -2.8495
       Episode_Reward/base_height_rough: 0.6532
        Episode_Reward/base_height_fine: 1.5931
        Episode_Reward/joint_pos_limits: -0.0064
     Episode_Reward/completely_airborne: -5.3505
         Curriculum/polish_joint_vel_l2: -0.0010
 Episode_Reward/joint_deviation_l1_arms: -0.2329
             Episode_Reward/action_rate: -15.5115
      Episode_Termination/invalid_state: 0.0768
        Curriculum/random_fallen_states: 0.0000
  Episode_Reward/feet_distance_standing: -0.1477
            Episode_Reward/joint_acc_l2: -0.0474
           Episode_Reward/forward_pitch: -0.3869
           Episode_Reward/torso_upright: -0.0129
               Episode_Reward/flat_feet: -0.7228
     Curriculum/polish_action_rate_rate: -0.1500
           Episode_Reward/ankle_torques: -0.0771
         Episode_Reward/severely_tilted: -0.0365
           Episode_Reward/feet_yaw_mean: -0.3981
            Metrics/height/height_error: 0.0961
           Episode_Reward/body_velocity: -7.7255
              Episode_Reward/feet_slide: -0.2848
           Episode_Termination/time_out: 0.3132
           Curriculum/polish_torso_slam: -5.0000
              Episode_Reward/relaxation: -2.7982
           Episode_Reward/torque_limits: -0.4771
--------------------------------------------------------------------------------
                         Iteration time: 1.19s
                           Time elapsed: 0:00:14
                                    ETA: 0:01:31

################################################################################
[1m                            Learning iteration 11/80                            [0m 

                               Run name: height_tracking_g1
                            Total steps: 1179648 
                       Steps per second: 82765 
                        Collection time: 0.956s 
                          Learning time: 0.232s 
                        Mean value loss: 6.4887
                    Mean surrogate loss: -0.0119
                      Mean entropy loss: 40.4211
                     Mean symmetry loss: 0.0008
                   Mean l2c2_actor loss: 0.0028
                  Mean l2c2_critic loss: 0.0169
                            Mean reward: -880.71
                    Mean episode length: 251.13
                        Mean action std: 0.98
                    Entropy coefficient: 0.002500
              Curriculum/terrain_levels: 0.0000
        Episode_Reward/action_rate_rate: -8.2870
              Episode_Reward/not_moving: -1.6790
          Curriculum/polish_ground_slam: -1.0000
      Episode_Reward/joint_deviation_l1: -0.4008
        Episode_Reward/joint_torques_l2: -0.4337
               Curriculum/adaptive_lift: 0.9829
         Episode_Reward/ground_unloaded: -0.3076
           Episode_Reward/feet_distance: -0.2284
              Episode_Reward/torso_slam: -4.0417
        Episode_Reward/joint_vel_limits: -0.0012
      Episode_Reward/base_height_medium: 1.1765
        Episode_Reward/illegal_contacts: -0.1633
            Episode_Reward/joint_vel_l2: -0.6796
              Episode_Reward/torso_roll: -0.7339
           Curriculum/polish_not_moving: -1.0000
    Episode_Reward/joint_tracking_error: -1.8308
             Episode_Reward/ground_slam: -3.0864
       Episode_Reward/base_height_rough: 0.7815
        Episode_Reward/base_height_fine: 1.8623
        Episode_Reward/joint_pos_limits: -0.0075
     Episode_Reward/completely_airborne: -6.3408
         Curriculum/polish_joint_vel_l2: -0.0010
 Episode_Reward/joint_deviation_l1_arms: -0.2719
             Episode_Reward/action_rate: -18.5217
      Episode_Termination/invalid_state: 0.0813
        Curriculum/random_fallen_states: 0.0000
  Episode_Reward/feet_distance_standing: -0.1919
            Episode_Reward/joint_acc_l2: -0.0547
           Episode_Reward/forward_pitch: -0.4533
           Episode_Reward/torso_upright: -0.0151
               Episode_Reward/flat_feet: -0.8622
     Curriculum/polish_action_rate_rate: -0.1500
           Episode_Reward/ankle_torques: -0.0847
         Episode_Reward/severely_tilted: -0.0379
           Episode_Reward/feet_yaw_mean: -0.4696
            Metrics/height/height_error: 0.1110
           Episode_Reward/body_velocity: -8.5106
              Episode_Reward/feet_slide: -0.3377
           Episode_Termination/time_out: 0.3432
           Curriculum/polish_torso_slam: -5.0000
              Episode_Reward/relaxation: -3.5110
           Episode_Reward/torque_limits: -0.5560
--------------------------------------------------------------------------------
                         Iteration time: 1.19s
                           Time elapsed: 0:00:15
                                    ETA: 0:01:29

################################################################################
[1m                            Learning iteration 12/80                            [0m 

                               Run name: height_tracking_g1
                            Total steps: 1277952 
                       Steps per second: 82662 
                        Collection time: 0.957s 
                          Learning time: 0.232s 
                        Mean value loss: 6.1183
                    Mean surrogate loss: -0.0090
                      Mean entropy loss: 40.3522
                     Mean symmetry loss: 0.0009
                   Mean l2c2_actor loss: 0.0029
                  Mean l2c2_critic loss: 0.0208
                            Mean reward: -952.31
                    Mean episode length: 275.12
                        Mean action std: 0.97
                    Entropy coefficient: 0.002500
              Curriculum/terrain_levels: 0.0000
        Episode_Reward/action_rate_rate: -8.7037
              Episode_Reward/not_moving: -1.8049
          Curriculum/polish_ground_slam: -1.0000
      Episode_Reward/joint_deviation_l1: -0.5095
        Episode_Reward/joint_torques_l2: -0.4448
               Curriculum/adaptive_lift: 0.9822
         Episode_Reward/ground_unloaded: -0.3131
           Episode_Reward/feet_distance: -0.2212
              Episode_Reward/torso_slam: -4.2086
        Episode_Reward/joint_vel_limits: -0.0013
      Episode_Reward/base_height_medium: 1.2423
        Episode_Reward/illegal_contacts: -0.1546
            Episode_Reward/joint_vel_l2: -0.7079
              Episode_Reward/torso_roll: -0.7335
           Curriculum/polish_not_moving: -1.0000
    Episode_Reward/joint_tracking_error: -1.8683
             Episode_Reward/ground_slam: -3.1187
       Episode_Reward/base_height_rough: 0.8083
        Episode_Reward/base_height_fine: 2.0136
        Episode_Reward/joint_pos_limits: -0.0076
     Episode_Reward/completely_airborne: -6.9352
         Curriculum/polish_joint_vel_l2: -0.0010
 Episode_Reward/joint_deviation_l1_arms: -0.3238
             Episode_Reward/action_rate: -19.4485
      Episode_Termination/invalid_state: 0.0865
        Curriculum/random_fallen_states: 0.0000
  Episode_Reward/feet_distance_standing: -0.2127
            Episode_Reward/joint_acc_l2: -0.0565
           Episode_Reward/forward_pitch: -0.4551
           Episode_Reward/torso_upright: -0.0279
               Episode_Reward/flat_feet: -0.8620
     Curriculum/polish_action_rate_rate: -0.1500
           Episode_Reward/ankle_torques: -0.0930
         Episode_Reward/severely_tilted: -0.0404
           Episode_Reward/feet_yaw_mean: -0.4631
            Metrics/height/height_error: 0.1026
           Episode_Reward/body_velocity: -9.2234
              Episode_Reward/feet_slide: -0.3612
           Episode_Termination/time_out: 0.3696
           Curriculum/polish_torso_slam: -5.0000
              Episode_Reward/relaxation: -3.5961
           Episode_Reward/torque_limits: -0.5647
--------------------------------------------------------------------------------
                         Iteration time: 1.19s
                           Time elapsed: 0:00:16
                                    ETA: 0:01:27

################################################################################
[1m                            Learning iteration 13/80                            [0m 

                               Run name: height_tracking_g1
                            Total steps: 1376256 
                       Steps per second: 82519 
                        Collection time: 0.959s 
                          Learning time: 0.233s 
                        Mean value loss: 5.6614
                    Mean surrogate loss: -0.0115
                      Mean entropy loss: 40.3014
                     Mean symmetry loss: 0.0009
                   Mean l2c2_actor loss: 0.0030
                  Mean l2c2_critic loss: 0.0242
                            Mean reward: -957.40
                    Mean episode length: 272.65
                        Mean action std: 0.97
                    Entropy coefficient: 0.002500
              Curriculum/terrain_levels: 0.0000
        Episode_Reward/action_rate_rate: -9.1106
              Episode_Reward/not_moving: -1.5486
          Curriculum/polish_ground_slam: -1.0000
      Episode_Reward/joint_deviation_l1: -0.4465
        Episode_Reward/joint_torques_l2: -0.4740
               Curriculum/adaptive_lift: 0.9821
         Episode_Reward/ground_unloaded: -0.3342
           Episode_Reward/feet_distance: -0.2460
              Episode_Reward/torso_slam: -4.3807
        Episode_Reward/joint_vel_limits: -0.0013
      Episode_Reward/base_height_medium: 1.1947
        Episode_Reward/illegal_contacts: -0.1782
            Episode_Reward/joint_vel_l2: -0.7305
              Episode_Reward/torso_roll: -0.7921
           Curriculum/polish_not_moving: -1.0000
    Episode_Reward/joint_tracking_error: -2.0071
             Episode_Reward/ground_slam: -3.3918
       Episode_Reward/base_height_rough: 0.8139
        Episode_Reward/base_height_fine: 1.8467
        Episode_Reward/joint_pos_limits: -0.0081
     Episode_Reward/completely_airborne: -7.0378
         Curriculum/polish_joint_vel_l2: -0.0010
 Episode_Reward/joint_deviation_l1_arms: -0.3017
             Episode_Reward/action_rate: -20.3657
      Episode_Termination/invalid_state: 0.0914
        Curriculum/random_fallen_states: 0.0000
  Episode_Reward/feet_distance_standing: -0.1952
            Episode_Reward/joint_acc_l2: -0.0586
           Episode_Reward/forward_pitch: -0.5222
           Episode_Reward/torso_upright: -0.0197
               Episode_Reward/flat_feet: -0.9640
     Curriculum/polish_action_rate_rate: -0.1500
           Episode_Reward/ankle_torques: -0.1006
         Episode_Reward/severely_tilted: -0.0509
           Episode_Reward/feet_yaw_mean: -0.5103
            Metrics/height/height_error: 0.1094
           Episode_Reward/body_velocity: -9.7914
              Episode_Reward/feet_slide: -0.3733
           Episode_Termination/time_out: 0.3985
           Curriculum/polish_torso_slam: -5.0000
              Episode_Reward/relaxation: -3.9095
           Episode_Reward/torque_limits: -0.6115
--------------------------------------------------------------------------------
                         Iteration time: 1.19s
                           Time elapsed: 0:00:18
                                    ETA: 0:01:25

################################################################################
[1m                            Learning iteration 14/80                            [0m 

                               Run name: height_tracking_g1
                            Total steps: 1474560 
                       Steps per second: 82719 
                        Collection time: 0.955s 
                          Learning time: 0.233s 
                        Mean value loss: 5.6633
                    Mean surrogate loss: -0.0091
                      Mean entropy loss: 40.2365
                     Mean symmetry loss: 0.0010
                   Mean l2c2_actor loss: 0.0031
                  Mean l2c2_critic loss: 0.0263
                            Mean reward: -1058.70
                    Mean episode length: 303.01
                        Mean action std: 0.97
                    Entropy coefficient: 0.002500
              Curriculum/terrain_levels: 0.0000
        Episode_Reward/action_rate_rate: -9.8108
              Episode_Reward/not_moving: -1.8596
          Curriculum/polish_ground_slam: -1.0000
      Episode_Reward/joint_deviation_l1: -0.4942
        Episode_Reward/joint_torques_l2: -0.5091
               Curriculum/adaptive_lift: 0.9813
         Episode_Reward/ground_unloaded: -0.3457
           Episode_Reward/feet_distance: -0.2532
              Episode_Reward/torso_slam: -4.6467
        Episode_Reward/joint_vel_limits: -0.0014
      Episode_Reward/base_height_medium: 1.3518
        Episode_Reward/illegal_contacts: -0.1896
            Episode_Reward/joint_vel_l2: -0.7839
              Episode_Reward/torso_roll: -0.8551
           Curriculum/polish_not_moving: -1.0000
    Episode_Reward/joint_tracking_error: -2.1235
             Episode_Reward/ground_slam: -3.5165
       Episode_Reward/base_height_rough: 0.8990
        Episode_Reward/base_height_fine: 2.1441
        Episode_Reward/joint_pos_limits: -0.0086
     Episode_Reward/completely_airborne: -7.5536
         Curriculum/polish_joint_vel_l2: -0.0010
 Episode_Reward/joint_deviation_l1_arms: -0.3333
             Episode_Reward/action_rate: -21.9332
      Episode_Termination/invalid_state: 0.0969
        Curriculum/random_fallen_states: 0.0000
  Episode_Reward/feet_distance_standing: -0.2089
            Episode_Reward/joint_acc_l2: -0.0622
           Episode_Reward/forward_pitch: -0.5380
           Episode_Reward/torso_upright: -0.0238
               Episode_Reward/flat_feet: -1.0185
     Curriculum/polish_action_rate_rate: -0.1500
           Episode_Reward/ankle_torques: -0.1100
         Episode_Reward/severely_tilted: -0.0485
           Episode_Reward/feet_yaw_mean: -0.5393
            Metrics/height/height_error: 0.1008
           Episode_Reward/body_velocity: -9.4364
              Episode_Reward/feet_slide: -0.4061
           Episode_Termination/time_out: 0.4232
           Curriculum/polish_torso_slam: -5.0000
              Episode_Reward/relaxation: -4.5318
           Episode_Reward/torque_limits: -0.6574
--------------------------------------------------------------------------------
                         Iteration time: 1.19s
                           Time elapsed: 0:00:19
                                    ETA: 0:01:23

################################################################################
[1m                            Learning iteration 15/80                            [0m 

                               Run name: height_tracking_g1
                            Total steps: 1572864 
                       Steps per second: 82773 
                        Collection time: 0.955s 
                          Learning time: 0.232s 
                        Mean value loss: 5.5742
                    Mean surrogate loss: -0.0112
                      Mean entropy loss: 40.1944
                     Mean symmetry loss: 0.0010
                   Mean l2c2_actor loss: 0.0031
                  Mean l2c2_critic loss: 0.0256
                            Mean reward: -1099.98
                    Mean episode length: 322.04
                        Mean action std: 0.97
                    Entropy coefficient: 0.002500
              Curriculum/terrain_levels: 0.0000
        Episode_Reward/action_rate_rate: -10.9335
              Episode_Reward/not_moving: -2.0879
          Curriculum/polish_ground_slam: -1.0000
      Episode_Reward/joint_deviation_l1: -0.5384
        Episode_Reward/joint_torques_l2: -0.5582
               Curriculum/adaptive_lift: 0.9809
         Episode_Reward/ground_unloaded: -0.3985
           Episode_Reward/feet_distance: -0.2790
              Episode_Reward/torso_slam: -4.7062
        Episode_Reward/joint_vel_limits: -0.0014
      Episode_Reward/base_height_medium: 1.5019
        Episode_Reward/illegal_contacts: -0.2185
            Episode_Reward/joint_vel_l2: -0.8578
              Episode_Reward/torso_roll: -0.9545
           Curriculum/polish_not_moving: -1.0000
    Episode_Reward/joint_tracking_error: -2.3227
             Episode_Reward/ground_slam: -3.5542
       Episode_Reward/base_height_rough: 1.0081
        Episode_Reward/base_height_fine: 2.3902
        Episode_Reward/joint_pos_limits: -0.0094
     Episode_Reward/completely_airborne: -8.5978
         Curriculum/polish_joint_vel_l2: -0.0010
 Episode_Reward/joint_deviation_l1_arms: -0.3594
             Episode_Reward/action_rate: -24.4399
      Episode_Termination/invalid_state: 0.1017
        Curriculum/random_fallen_states: 0.0000
  Episode_Reward/feet_distance_standing: -0.2319
            Episode_Reward/joint_acc_l2: -0.0676
           Episode_Reward/forward_pitch: -0.6188
           Episode_Reward/torso_upright: -0.0284
               Episode_Reward/flat_feet: -1.1264
     Curriculum/polish_action_rate_rate: -0.1500
           Episode_Reward/ankle_torques: -0.1128
         Episode_Reward/severely_tilted: -0.0474
           Episode_Reward/feet_yaw_mean: -0.5311
            Metrics/height/height_error: 0.1068
           Episode_Reward/body_velocity: -10.0032
              Episode_Reward/feet_slide: -0.4364
           Episode_Termination/time_out: 0.4507
           Curriculum/polish_torso_slam: -5.0000
              Episode_Reward/relaxation: -4.6993
           Episode_Reward/torque_limits: -0.7087
--------------------------------------------------------------------------------
                         Iteration time: 1.19s
                           Time elapsed: 0:00:20
                                    ETA: 0:01:22

################################################################################
[1m                            Learning iteration 16/80                            [0m 

                               Run name: height_tracking_g1
                            Total steps: 1671168 
                       Steps per second: 82840 
                        Collection time: 0.954s 
                          Learning time: 0.232s 
                        Mean value loss: 5.0704
                    Mean surrogate loss: -0.0098
                      Mean entropy loss: 40.1279
                     Mean symmetry loss: 0.0010
                   Mean l2c2_actor loss: 0.0032
                  Mean l2c2_critic loss: 0.0247
                            Mean reward: -1150.16
                    Mean episode length: 336.73
                        Mean action std: 0.97
                    Entropy coefficient: 0.002500
              Curriculum/terrain_levels: 0.0000
        Episode_Reward/action_rate_rate: -10.8241
              Episode_Reward/not_moving: -2.1031
          Curriculum/polish_ground_slam: -1.0000
      Episode_Reward/joint_deviation_l1: -0.5412
        Episode_Reward/joint_torques_l2: -0.5586
               Curriculum/adaptive_lift: 0.9808
         Episode_Reward/ground_unloaded: -0.3789
           Episode_Reward/feet_distance: -0.2725
              Episode_Reward/torso_slam: -4.8648
        Episode_Reward/joint_vel_limits: -0.0015
      Episode_Reward/base_height_medium: 1.4859
        Episode_Reward/illegal_contacts: -0.2171
            Episode_Reward/joint_vel_l2: -0.8625
              Episode_Reward/torso_roll: -0.9323
           Curriculum/polish_not_moving: -1.0000
    Episode_Reward/joint_tracking_error: -2.2994
             Episode_Reward/ground_slam: -3.7108
       Episode_Reward/base_height_rough: 0.9858
        Episode_Reward/base_height_fine: 2.3746
        Episode_Reward/joint_pos_limits: -0.0094
     Episode_Reward/completely_airborne: -8.5125
         Curriculum/polish_joint_vel_l2: -0.0010
 Episode_Reward/joint_deviation_l1_arms: -0.3544
             Episode_Reward/action_rate: -24.1991
      Episode_Termination/invalid_state: 0.1073
        Curriculum/random_fallen_states: 0.0000
  Episode_Reward/feet_distance_standing: -0.2244
            Episode_Reward/joint_acc_l2: -0.0701
           Episode_Reward/forward_pitch: -0.6275
           Episode_Reward/torso_upright: -0.0264
               Episode_Reward/flat_feet: -1.1373
     Curriculum/polish_action_rate_rate: -0.1500
           Episode_Reward/ankle_torques: -0.1209
         Episode_Reward/severely_tilted: -0.0392
           Episode_Reward/feet_yaw_mean: -0.5337
            Metrics/height/height_error: 0.0983
           Episode_Reward/body_velocity: -10.1414
              Episode_Reward/feet_slide: -0.4396
           Episode_Termination/time_out: 0.4736
           Curriculum/polish_torso_slam: -5.0000
              Episode_Reward/relaxation: -5.1028
           Episode_Reward/torque_limits: -0.6989
--------------------------------------------------------------------------------
                         Iteration time: 1.19s
                           Time elapsed: 0:00:21
                                    ETA: 0:01:20

################################################################################
[1m                            Learning iteration 17/80                            [0m 

                               Run name: height_tracking_g1
                            Total steps: 1769472 
                       Steps per second: 82648 
                        Collection time: 0.957s 
                          Learning time: 0.233s 
                        Mean value loss: 4.7721
                    Mean surrogate loss: -0.0109
                      Mean entropy loss: 40.0856
                     Mean symmetry loss: 0.0011
                   Mean l2c2_actor loss: 0.0033
                  Mean l2c2_critic loss: 0.0239
                            Mean reward: -1139.94
                    Mean episode length: 335.48
                        Mean action std: 0.96
                    Entropy coefficient: 0.002500
              Curriculum/terrain_levels: 0.0000
        Episode_Reward/action_rate_rate: -10.9517
              Episode_Reward/not_moving: -2.5686
          Curriculum/polish_ground_slam: -1.0000
      Episode_Reward/joint_deviation_l1: -0.6068
        Episode_Reward/joint_torques_l2: -0.5665
               Curriculum/adaptive_lift: 0.9804
         Episode_Reward/ground_unloaded: -0.4385
           Episode_Reward/feet_distance: -0.2941
              Episode_Reward/torso_slam: -5.0558
        Episode_Reward/joint_vel_limits: -0.0015
      Episode_Reward/base_height_medium: 1.7396
        Episode_Reward/illegal_contacts: -0.2064
            Episode_Reward/joint_vel_l2: -0.8751
              Episode_Reward/torso_roll: -0.9222
           Curriculum/polish_not_moving: -1.0000
    Episode_Reward/joint_tracking_error: -2.3612
             Episode_Reward/ground_slam: -3.9768
       Episode_Reward/base_height_rough: 1.1030
        Episode_Reward/base_height_fine: 2.8623
        Episode_Reward/joint_pos_limits: -0.0096
     Episode_Reward/completely_airborne: -8.5859
         Curriculum/polish_joint_vel_l2: -0.0010
 Episode_Reward/joint_deviation_l1_arms: -0.3968
             Episode_Reward/action_rate: -24.4731
      Episode_Termination/invalid_state: 0.1119
        Curriculum/random_fallen_states: 0.0000
  Episode_Reward/feet_distance_standing: -0.2641
            Episode_Reward/joint_acc_l2: -0.0708
           Episode_Reward/forward_pitch: -0.5941
           Episode_Reward/torso_upright: -0.0345
               Episode_Reward/flat_feet: -1.1161
     Curriculum/polish_action_rate_rate: -0.1500
           Episode_Reward/ankle_torques: -0.1117
         Episode_Reward/severely_tilted: -0.0485
           Episode_Reward/feet_yaw_mean: -0.5786
            Metrics/height/height_error: 0.1018
           Episode_Reward/body_velocity: -10.8687
              Episode_Reward/feet_slide: -0.4614
           Episode_Termination/time_out: 0.4983
           Curriculum/polish_torso_slam: -5.0000
              Episode_Reward/relaxation: -3.9397
           Episode_Reward/torque_limits: -0.7208
--------------------------------------------------------------------------------
                         Iteration time: 1.19s
                           Time elapsed: 0:00:22
                                    ETA: 0:01:18

################################################################################
[1m                            Learning iteration 18/80                            [0m 

                               Run name: height_tracking_g1
                            Total steps: 1867776 
                       Steps per second: 82565 
                        Collection time: 0.958s 
                          Learning time: 0.233s 
                        Mean value loss: 4.5309
                    Mean surrogate loss: -0.0087
                      Mean entropy loss: 40.0184
                     Mean symmetry loss: 0.0012
                   Mean l2c2_actor loss: 0.0034
                  Mean l2c2_critic loss: 0.0223
                            Mean reward: -1299.27
                    Mean episode length: 391.76
                        Mean action std: 0.96
                    Entropy coefficient: 0.002500
              Curriculum/terrain_levels: 0.0000
        Episode_Reward/action_rate_rate: -12.5680
              Episode_Reward/not_moving: -2.8539
          Curriculum/polish_ground_slam: -1.0000
      Episode_Reward/joint_deviation_l1: -0.6929
        Episode_Reward/joint_torques_l2: -0.6473
               Curriculum/adaptive_lift: 0.9799
         Episode_Reward/ground_unloaded: -0.4754
           Episode_Reward/feet_distance: -0.3355
              Episode_Reward/torso_slam: -5.7703
        Episode_Reward/joint_vel_limits: -0.0018
      Episode_Reward/base_height_medium: 1.9399
        Episode_Reward/illegal_contacts: -0.2407
            Episode_Reward/joint_vel_l2: -1.0217
              Episode_Reward/torso_roll: -1.0848
           Curriculum/polish_not_moving: -1.0000
    Episode_Reward/joint_tracking_error: -2.7110
             Episode_Reward/ground_slam: -4.4867
       Episode_Reward/base_height_rough: 1.2366
        Episode_Reward/base_height_fine: 3.1813
        Episode_Reward/joint_pos_limits: -0.0110
     Episode_Reward/completely_airborne: -9.8721
         Curriculum/polish_joint_vel_l2: -0.0010
 Episode_Reward/joint_deviation_l1_arms: -0.4548
             Episode_Reward/action_rate: -28.0870
      Episode_Termination/invalid_state: 0.1180
        Curriculum/random_fallen_states: 0.0000
  Episode_Reward/feet_distance_standing: -0.2813
            Episode_Reward/joint_acc_l2: -0.0807
           Episode_Reward/forward_pitch: -0.6931
           Episode_Reward/torso_upright: -0.0398
               Episode_Reward/flat_feet: -1.2921
     Curriculum/polish_action_rate_rate: -0.1500
           Episode_Reward/ankle_torques: -0.1385
         Episode_Reward/severely_tilted: -0.0554
           Episode_Reward/feet_yaw_mean: -0.6817
            Metrics/height/height_error: 0.1150
           Episode_Reward/body_velocity: -12.6214
              Episode_Reward/feet_slide: -0.5177
           Episode_Termination/time_out: 0.5176
           Curriculum/polish_torso_slam: -5.0000
              Episode_Reward/relaxation: -5.1484
           Episode_Reward/torque_limits: -0.8281
--------------------------------------------------------------------------------
                         Iteration time: 1.19s
                           Time elapsed: 0:00:24
                                    ETA: 0:01:17

################################################################################
[1m                            Learning iteration 19/80                            [0m 

                               Run name: height_tracking_g1
                            Total steps: 1966080 
                       Steps per second: 82739 
                        Collection time: 0.956s 
                          Learning time: 0.232s 
                        Mean value loss: 4.5244
                    Mean surrogate loss: -0.0105
                      Mean entropy loss: 39.9596
                     Mean symmetry loss: 0.0012
                   Mean l2c2_actor loss: 0.0036
                  Mean l2c2_critic loss: 0.0220
                            Mean reward: -1234.13
                    Mean episode length: 371.62
                        Mean action std: 0.96
                    Entropy coefficient: 0.002500
              Curriculum/terrain_levels: 0.0000
        Episode_Reward/action_rate_rate: -11.9158
              Episode_Reward/not_moving: -2.2280
          Curriculum/polish_ground_slam: -1.0000
      Episode_Reward/joint_deviation_l1: -0.5993
        Episode_Reward/joint_torques_l2: -0.6106
               Curriculum/adaptive_lift: 0.9799
         Episode_Reward/ground_unloaded: -0.4286
           Episode_Reward/feet_distance: -0.3026
              Episode_Reward/torso_slam: -5.2187
        Episode_Reward/joint_vel_limits: -0.0016
      Episode_Reward/base_height_medium: 1.6487
        Episode_Reward/illegal_contacts: -0.2355
            Episode_Reward/joint_vel_l2: -0.9387
              Episode_Reward/torso_roll: -1.0468
           Curriculum/polish_not_moving: -1.0000
    Episode_Reward/joint_tracking_error: -2.5334
             Episode_Reward/ground_slam: -4.3249
       Episode_Reward/base_height_rough: 1.0938
        Episode_Reward/base_height_fine: 2.6348
        Episode_Reward/joint_pos_limits: -0.0103
     Episode_Reward/completely_airborne: -9.3991
         Curriculum/polish_joint_vel_l2: -0.0010
 Episode_Reward/joint_deviation_l1_arms: -0.3834
             Episode_Reward/action_rate: -26.6424
      Episode_Termination/invalid_state: 0.1233
        Curriculum/random_fallen_states: 0.0000
  Episode_Reward/feet_distance_standing: -0.2418
            Episode_Reward/joint_acc_l2: -0.0764
           Episode_Reward/forward_pitch: -0.6700
           Episode_Reward/torso_upright: -0.0318
               Episode_Reward/flat_feet: -1.2589
     Curriculum/polish_action_rate_rate: -0.1500
           Episode_Reward/ankle_torques: -0.1330
         Episode_Reward/severely_tilted: -0.0523
           Episode_Reward/feet_yaw_mean: -0.5846
            Metrics/height/height_error: 0.1051
           Episode_Reward/body_velocity: -11.9772
              Episode_Reward/feet_slide: -0.4837
           Episode_Termination/time_out: 0.5398
           Curriculum/polish_torso_slam: -5.0000
              Episode_Reward/relaxation: -5.3488
           Episode_Reward/torque_limits: -0.7821
--------------------------------------------------------------------------------
                         Iteration time: 1.19s
                           Time elapsed: 0:00:25
                                    ETA: 0:01:15

################################################################################
[1m                            Learning iteration 20/80                            [0m 

                               Run name: height_tracking_g1
                            Total steps: 2064384 
                       Steps per second: 82284 
                        Collection time: 0.961s 
                          Learning time: 0.234s 
                        Mean value loss: 4.4862
                    Mean surrogate loss: -0.0100
                      Mean entropy loss: 39.9181
                     Mean symmetry loss: 0.0013
                   Mean l2c2_actor loss: 0.0035
                  Mean l2c2_critic loss: 0.0187
                            Mean reward: -1456.26
                    Mean episode length: 421.51
                        Mean action std: 0.96
                    Entropy coefficient: 0.002500
              Curriculum/terrain_levels: 0.0000
        Episode_Reward/action_rate_rate: -14.0483
              Episode_Reward/not_moving: -2.9143
          Curriculum/polish_ground_slam: -1.0000
      Episode_Reward/joint_deviation_l1: -0.7273
        Episode_Reward/joint_torques_l2: -0.7451
               Curriculum/adaptive_lift: 0.9799
         Episode_Reward/ground_unloaded: -0.5637
           Episode_Reward/feet_distance: -0.3989
              Episode_Reward/torso_slam: -6.7308
        Episode_Reward/joint_vel_limits: -0.0020
      Episode_Reward/base_height_medium: 2.0661
        Episode_Reward/illegal_contacts: -0.2762
            Episode_Reward/joint_vel_l2: -1.1332
              Episode_Reward/torso_roll: -1.2313
           Curriculum/polish_not_moving: -1.0000
    Episode_Reward/joint_tracking_error: -3.0678
             Episode_Reward/ground_slam: -5.2017
       Episode_Reward/base_height_rough: 1.3615
        Episode_Reward/base_height_fine: 3.3079
        Episode_Reward/joint_pos_limits: -0.0126
     Episode_Reward/completely_airborne: -11.1282
         Curriculum/polish_joint_vel_l2: -0.0010
 Episode_Reward/joint_deviation_l1_arms: -0.4814
             Episode_Reward/action_rate: -31.4131
      Episode_Termination/invalid_state: 0.1283
        Curriculum/random_fallen_states: 0.0000
  Episode_Reward/feet_distance_standing: -0.3413
            Episode_Reward/joint_acc_l2: -0.0927
           Episode_Reward/forward_pitch: -0.7725
           Episode_Reward/torso_upright: -0.0374
               Episode_Reward/flat_feet: -1.4738
     Curriculum/polish_action_rate_rate: -0.1500
           Episode_Reward/ankle_torques: -0.1613
         Episode_Reward/severely_tilted: -0.0679
           Episode_Reward/feet_yaw_mean: -0.7737
            Metrics/height/height_error: 0.1464
           Episode_Reward/body_velocity: -14.0858
              Episode_Reward/feet_slide: -0.5872
           Episode_Termination/time_out: 0.5614
           Curriculum/polish_torso_slam: -5.0000
              Episode_Reward/relaxation: -5.2610
           Episode_Reward/torque_limits: -0.9353
--------------------------------------------------------------------------------
                         Iteration time: 1.19s
                           Time elapsed: 0:00:26
                                    ETA: 0:01:14

################################################################################
[1m                            Learning iteration 21/80                            [0m 

                               Run name: height_tracking_g1
                            Total steps: 2162688 
                       Steps per second: 82673 
                        Collection time: 0.956s 
                          Learning time: 0.233s 
                        Mean value loss: 4.1266
                    Mean surrogate loss: -0.0098
                      Mean entropy loss: 39.8694
                     Mean symmetry loss: 0.0014
                   Mean l2c2_actor loss: 0.0036
                  Mean l2c2_critic loss: 0.0213
                            Mean reward: -1480.27
                    Mean episode length: 440.14
                        Mean action std: 0.96
                    Entropy coefficient: 0.002500
              Curriculum/terrain_levels: 0.0000
        Episode_Reward/action_rate_rate: -14.2167
              Episode_Reward/not_moving: -2.8611
          Curriculum/polish_ground_slam: -1.0000
      Episode_Reward/joint_deviation_l1: -0.6936
        Episode_Reward/joint_torques_l2: -0.7424
               Curriculum/adaptive_lift: 0.9799
         Episode_Reward/ground_unloaded: -0.5188
           Episode_Reward/feet_distance: -0.3691
              Episode_Reward/torso_slam: -6.2818
        Episode_Reward/joint_vel_limits: -0.0019
      Episode_Reward/base_height_medium: 2.0630
        Episode_Reward/illegal_contacts: -0.2760
            Episode_Reward/joint_vel_l2: -1.1212
              Episode_Reward/torso_roll: -1.2522
           Curriculum/polish_not_moving: -1.0000
    Episode_Reward/joint_tracking_error: -3.0258
             Episode_Reward/ground_slam: -4.6769
       Episode_Reward/base_height_rough: 1.3573
        Episode_Reward/base_height_fine: 3.3090
        Episode_Reward/joint_pos_limits: -0.0126
     Episode_Reward/completely_airborne: -11.1476
         Curriculum/polish_joint_vel_l2: -0.0010
 Episode_Reward/joint_deviation_l1_arms: -0.4609
             Episode_Reward/action_rate: -31.8057
      Episode_Termination/invalid_state: 0.1329
        Curriculum/random_fallen_states: 0.0000
  Episode_Reward/feet_distance_standing: -0.3007
            Episode_Reward/joint_acc_l2: -0.0908
           Episode_Reward/forward_pitch: -0.7925
           Episode_Reward/torso_upright: -0.0389
               Episode_Reward/flat_feet: -1.5129
     Curriculum/polish_action_rate_rate: -0.1500
           Episode_Reward/ankle_torques: -0.1486
         Episode_Reward/severely_tilted: -0.0500
           Episode_Reward/feet_yaw_mean: -0.7327
            Metrics/height/height_error: 0.1176
           Episode_Reward/body_velocity: -12.7858
              Episode_Reward/feet_slide: -0.5998
           Episode_Termination/time_out: 0.5870
           Curriculum/polish_torso_slam: -5.0000
              Episode_Reward/relaxation: -6.3465
           Episode_Reward/torque_limits: -0.9235
--------------------------------------------------------------------------------
                         Iteration time: 1.19s
                           Time elapsed: 0:00:27
                                    ETA: 0:01:12

################################################################################
[1m                            Learning iteration 22/80                            [0m 

                               Run name: height_tracking_g1
                            Total steps: 2260992 
                       Steps per second: 82771 
                        Collection time: 0.955s 
                          Learning time: 0.232s 
                        Mean value loss: 4.1217
                    Mean surrogate loss: -0.0091
                      Mean entropy loss: 39.8189
                     Mean symmetry loss: 0.0014
                   Mean l2c2_actor loss: 0.0036
                  Mean l2c2_critic loss: 0.0241
                            Mean reward: -1544.19
                    Mean episode length: 461.36
                        Mean action std: 0.96
                    Entropy coefficient: 0.002500
              Curriculum/terrain_levels: 0.0000
        Episode_Reward/action_rate_rate: -14.6401
              Episode_Reward/not_moving: -2.8191
          Curriculum/polish_ground_slam: -1.0000
      Episode_Reward/joint_deviation_l1: -0.7098
        Episode_Reward/joint_torques_l2: -0.7744
               Curriculum/adaptive_lift: 0.9799
         Episode_Reward/ground_unloaded: -0.5253
           Episode_Reward/feet_distance: -0.3776
              Episode_Reward/torso_slam: -6.6104
        Episode_Reward/joint_vel_limits: -0.0019
      Episode_Reward/base_height_medium: 2.0193
        Episode_Reward/illegal_contacts: -0.2886
            Episode_Reward/joint_vel_l2: -1.1400
              Episode_Reward/torso_roll: -1.2923
           Curriculum/polish_not_moving: -1.0000
    Episode_Reward/joint_tracking_error: -3.1024
             Episode_Reward/ground_slam: -4.9394
       Episode_Reward/base_height_rough: 1.3393
        Episode_Reward/base_height_fine: 3.2358
        Episode_Reward/joint_pos_limits: -0.0126
     Episode_Reward/completely_airborne: -11.3599
         Curriculum/polish_joint_vel_l2: -0.0010
 Episode_Reward/joint_deviation_l1_arms: -0.4662
             Episode_Reward/action_rate: -32.7492
      Episode_Termination/invalid_state: 0.1370
        Curriculum/random_fallen_states: 0.0000
  Episode_Reward/feet_distance_standing: -0.2909
            Episode_Reward/joint_acc_l2: -0.0953
           Episode_Reward/forward_pitch: -0.8221
           Episode_Reward/torso_upright: -0.0371
               Episode_Reward/flat_feet: -1.5486
     Curriculum/polish_action_rate_rate: -0.1500
           Episode_Reward/ankle_torques: -0.1679
         Episode_Reward/severely_tilted: -0.0564
           Episode_Reward/feet_yaw_mean: -0.7612
            Metrics/height/height_error: 0.1338
           Episode_Reward/body_velocity: -13.9098
              Episode_Reward/feet_slide: -0.5991
           Episode_Termination/time_out: 0.6174
           Curriculum/polish_torso_slam: -5.0000
              Episode_Reward/relaxation: -6.8962
           Episode_Reward/torque_limits: -0.9587
--------------------------------------------------------------------------------
                         Iteration time: 1.19s
                           Time elapsed: 0:00:28
                                    ETA: 0:01:11

################################################################################
[1m                            Learning iteration 23/80                            [0m 

                               Run name: height_tracking_g1
                            Total steps: 2359296 
                       Steps per second: 82644 
                        Collection time: 0.957s 
                          Learning time: 0.232s 
                        Mean value loss: 3.9204
                    Mean surrogate loss: -0.0090
                      Mean entropy loss: 39.7705
                     Mean symmetry loss: 0.0013
                   Mean l2c2_actor loss: 0.0036
                  Mean l2c2_critic loss: 0.0216
                            Mean reward: -1469.00
                    Mean episode length: 440.33
                        Mean action std: 0.96
                    Entropy coefficient: 0.002500
              Curriculum/terrain_levels: 0.0000
        Episode_Reward/action_rate_rate: -14.7474
              Episode_Reward/not_moving: -3.0985
          Curriculum/polish_ground_slam: -1.0000
      Episode_Reward/joint_deviation_l1: -0.7549
        Episode_Reward/joint_torques_l2: -0.7709
               Curriculum/adaptive_lift: 0.9799
         Episode_Reward/ground_unloaded: -0.5410
           Episode_Reward/feet_distance: -0.3939
              Episode_Reward/torso_slam: -6.4704
        Episode_Reward/joint_vel_limits: -0.0020
      Episode_Reward/base_height_medium: 2.1735
        Episode_Reward/illegal_contacts: -0.2850
            Episode_Reward/joint_vel_l2: -1.1606
              Episode_Reward/torso_roll: -1.2890
           Curriculum/polish_not_moving: -1.0000
    Episode_Reward/joint_tracking_error: -3.1084
             Episode_Reward/ground_slam: -5.0276
       Episode_Reward/base_height_rough: 1.4178
        Episode_Reward/base_height_fine: 3.5188
        Episode_Reward/joint_pos_limits: -0.0127
     Episode_Reward/completely_airborne: -11.6169
         Curriculum/polish_joint_vel_l2: -0.0010
 Episode_Reward/joint_deviation_l1_arms: -0.4841
             Episode_Reward/action_rate: -33.0092
      Episode_Termination/invalid_state: 0.1412
        Curriculum/random_fallen_states: 0.0000
  Episode_Reward/feet_distance_standing: -0.3214
            Episode_Reward/joint_acc_l2: -0.0944
           Episode_Reward/forward_pitch: -0.8064
           Episode_Reward/torso_upright: -0.0443
               Episode_Reward/flat_feet: -1.5682
     Curriculum/polish_action_rate_rate: -0.1500
           Episode_Reward/ankle_torques: -0.1515
         Episode_Reward/severely_tilted: -0.0616
           Episode_Reward/feet_yaw_mean: -0.7695
            Metrics/height/height_error: 0.1222
           Episode_Reward/body_velocity: -13.6233
              Episode_Reward/feet_slide: -0.6035
           Episode_Termination/time_out: 0.6418
           Curriculum/polish_torso_slam: -5.0000
              Episode_Reward/relaxation: -6.4152
           Episode_Reward/torque_limits: -0.9634
--------------------------------------------------------------------------------
                         Iteration time: 1.19s
                           Time elapsed: 0:00:30
                                    ETA: 0:01:10

################################################################################
[1m                            Learning iteration 24/80                            [0m 

                               Run name: height_tracking_g1
                            Total steps: 2457600 
                       Steps per second: 83238 
                        Collection time: 0.948s 
                          Learning time: 0.233s 
                        Mean value loss: 3.7645
                    Mean surrogate loss: -0.0091
                      Mean entropy loss: 39.7558
                     Mean symmetry loss: 0.0014
                   Mean l2c2_actor loss: 0.0037
                  Mean l2c2_critic loss: 0.0200
                            Mean reward: -1677.82
                    Mean episode length: 504.39
                        Mean action std: 0.95
                    Entropy coefficient: 0.002500
              Curriculum/terrain_levels: 0.0000
        Episode_Reward/action_rate_rate: -16.3121
              Episode_Reward/not_moving: -3.2644
          Curriculum/polish_ground_slam: -1.0000
      Episode_Reward/joint_deviation_l1: -0.7730
        Episode_Reward/joint_torques_l2: -0.8288
               Curriculum/adaptive_lift: 0.9799
         Episode_Reward/ground_unloaded: -0.5562
           Episode_Reward/feet_distance: -0.4023
              Episode_Reward/torso_slam: -6.5933
        Episode_Reward/joint_vel_limits: -0.0020
      Episode_Reward/base_height_medium: 2.3311
        Episode_Reward/illegal_contacts: -0.3268
            Episode_Reward/joint_vel_l2: -1.2599
              Episode_Reward/torso_roll: -1.4458
           Curriculum/polish_not_moving: -1.0000
    Episode_Reward/joint_tracking_error: -3.3775
             Episode_Reward/ground_slam: -5.1227
       Episode_Reward/base_height_rough: 1.5239
        Episode_Reward/base_height_fine: 3.7753
        Episode_Reward/joint_pos_limits: -0.0136
     Episode_Reward/completely_airborne: -12.8316
         Curriculum/polish_joint_vel_l2: -0.0010
 Episode_Reward/joint_deviation_l1_arms: -0.5037
             Episode_Reward/action_rate: -36.5277
      Episode_Termination/invalid_state: 0.1449
        Curriculum/random_fallen_states: 0.0000
  Episode_Reward/feet_distance_standing: -0.3133
            Episode_Reward/joint_acc_l2: -0.1007
           Episode_Reward/forward_pitch: -0.9250
           Episode_Reward/torso_upright: -0.0506
               Episode_Reward/flat_feet: -1.7307
     Curriculum/polish_action_rate_rate: -0.1500
           Episode_Reward/ankle_torques: -0.1703
         Episode_Reward/severely_tilted: -0.0557
           Episode_Reward/feet_yaw_mean: -0.7832
            Metrics/height/height_error: 0.1131
           Episode_Reward/body_velocity: -14.0610
              Episode_Reward/feet_slide: -0.6634
           Episode_Termination/time_out: 0.6642
           Curriculum/polish_torso_slam: -5.0000
              Episode_Reward/relaxation: -7.9941
           Episode_Reward/torque_limits: -1.0160
--------------------------------------------------------------------------------
                         Iteration time: 1.18s
                           Time elapsed: 0:00:31
                                    ETA: 0:01:08

################################################################################
[1m                            Learning iteration 25/80                            [0m 

                               Run name: height_tracking_g1
                            Total steps: 2555904 
                       Steps per second: 82672 
                        Collection time: 0.957s 
                          Learning time: 0.232s 
                        Mean value loss: 3.6525
                    Mean surrogate loss: -0.0097
                      Mean entropy loss: 39.7201
                     Mean symmetry loss: 0.0015
                   Mean l2c2_actor loss: 0.0037
                  Mean l2c2_critic loss: 0.0166
                            Mean reward: -1660.26
                    Mean episode length: 496.45
                        Mean action std: 0.95
                    Entropy coefficient: 0.002500
              Curriculum/terrain_levels: 0.0000
        Episode_Reward/action_rate_rate: -16.3262
              Episode_Reward/not_moving: -3.2564
          Curriculum/polish_ground_slam: -1.0000
      Episode_Reward/joint_deviation_l1: -0.7477
        Episode_Reward/joint_torques_l2: -0.8458
               Curriculum/adaptive_lift: 0.9799
         Episode_Reward/ground_unloaded: -0.6473
           Episode_Reward/feet_distance: -0.4467
              Episode_Reward/torso_slam: -7.7855
        Episode_Reward/joint_vel_limits: -0.0022
      Episode_Reward/base_height_medium: 2.3809
        Episode_Reward/illegal_contacts: -0.3378
            Episode_Reward/joint_vel_l2: -1.3165
              Episode_Reward/torso_roll: -1.4765
           Curriculum/polish_not_moving: -1.0000
    Episode_Reward/joint_tracking_error: -3.5315
             Episode_Reward/ground_slam: -6.0792
       Episode_Reward/base_height_rough: 1.5673
        Episode_Reward/base_height_fine: 3.7989
        Episode_Reward/joint_pos_limits: -0.0148
     Episode_Reward/completely_airborne: -12.6815
         Curriculum/polish_joint_vel_l2: -0.0010
 Episode_Reward/joint_deviation_l1_arms: -0.5049
             Episode_Reward/action_rate: -36.5344
      Episode_Termination/invalid_state: 0.1494
        Curriculum/random_fallen_states: 0.0000
  Episode_Reward/feet_distance_standing: -0.3494
            Episode_Reward/joint_acc_l2: -0.1042
           Episode_Reward/forward_pitch: -0.9189
           Episode_Reward/torso_upright: -0.0365
               Episode_Reward/flat_feet: -1.7897
     Curriculum/polish_action_rate_rate: -0.1500
           Episode_Reward/ankle_torques: -0.1754
         Episode_Reward/severely_tilted: -0.0812
           Episode_Reward/feet_yaw_mean: -0.8937
            Metrics/height/height_error: 0.1511
           Episode_Reward/body_velocity: -16.0889
              Episode_Reward/feet_slide: -0.6832
           Episode_Termination/time_out: 0.6854
           Curriculum/polish_torso_slam: -5.0000
              Episode_Reward/relaxation: -6.4378
           Episode_Reward/torque_limits: -1.0630
--------------------------------------------------------------------------------
                         Iteration time: 1.19s
                           Time elapsed: 0:00:32
                                    ETA: 0:01:07

################################################################################
[1m                            Learning iteration 26/80                            [0m 

                               Run name: height_tracking_g1
                            Total steps: 2654208 
                       Steps per second: 82776 
                        Collection time: 0.955s 
                          Learning time: 0.233s 
                        Mean value loss: 3.4268
                    Mean surrogate loss: -0.0089
                      Mean entropy loss: 39.6516
                     Mean symmetry loss: 0.0014
                   Mean l2c2_actor loss: 0.0037
                  Mean l2c2_critic loss: 0.0150
                            Mean reward: -1699.54
                    Mean episode length: 526.63
                        Mean action std: 0.95
                    Entropy coefficient: 0.002500
              Curriculum/terrain_levels: 0.0000
        Episode_Reward/action_rate_rate: -16.5029
              Episode_Reward/not_moving: -3.4758
          Curriculum/polish_ground_slam: -1.0000
      Episode_Reward/joint_deviation_l1: -0.7960
        Episode_Reward/joint_torques_l2: -0.8542
               Curriculum/adaptive_lift: 0.9799
         Episode_Reward/ground_unloaded: -0.6081
           Episode_Reward/feet_distance: -0.4031
              Episode_Reward/torso_slam: -6.9573
        Episode_Reward/joint_vel_limits: -0.0021
      Episode_Reward/base_height_medium: 2.4385
        Episode_Reward/illegal_contacts: -0.3283
            Episode_Reward/joint_vel_l2: -1.2934
              Episode_Reward/torso_roll: -1.4506
           Curriculum/polish_not_moving: -1.0000
    Episode_Reward/joint_tracking_error: -3.4322
             Episode_Reward/ground_slam: -5.2110
       Episode_Reward/base_height_rough: 1.5918
        Episode_Reward/base_height_fine: 3.9685
        Episode_Reward/joint_pos_limits: -0.0142
     Episode_Reward/completely_airborne: -12.9626
         Curriculum/polish_joint_vel_l2: -0.0010
 Episode_Reward/joint_deviation_l1_arms: -0.5089
             Episode_Reward/action_rate: -36.9646
      Episode_Termination/invalid_state: 0.1542
        Curriculum/random_fallen_states: 0.0000
  Episode_Reward/feet_distance_standing: -0.3185
            Episode_Reward/joint_acc_l2: -0.1052
           Episode_Reward/forward_pitch: -0.9253
           Episode_Reward/torso_upright: -0.0456
               Episode_Reward/flat_feet: -1.7650
     Curriculum/polish_action_rate_rate: -0.1500
           Episode_Reward/ankle_torques: -0.1673
         Episode_Reward/severely_tilted: -0.0565
           Episode_Reward/feet_yaw_mean: -0.8001
            Metrics/height/height_error: 0.1119
           Episode_Reward/body_velocity: -14.4940
              Episode_Reward/feet_slide: -0.6932
           Episode_Termination/time_out: 0.7082
           Curriculum/polish_torso_slam: -5.0000
              Episode_Reward/relaxation: -7.2093
           Episode_Reward/torque_limits: -1.0462
--------------------------------------------------------------------------------
                         Iteration time: 1.19s
                           Time elapsed: 0:00:33
                                    ETA: 0:01:05

################################################################################
[1m                            Learning iteration 27/80                            [0m 

                               Run name: height_tracking_g1
                            Total steps: 2752512 
                       Steps per second: 82841 
                        Collection time: 0.954s 
                          Learning time: 0.232s 
                        Mean value loss: 3.4352
                    Mean surrogate loss: -0.0079
                      Mean entropy loss: 39.6296
                     Mean symmetry loss: 0.0015
                   Mean l2c2_actor loss: 0.0037
                  Mean l2c2_critic loss: 0.0153
                            Mean reward: -1877.54
                    Mean episode length: 561.78
                        Mean action std: 0.95
                    Entropy coefficient: 0.002500
              Curriculum/terrain_levels: 0.0000
        Episode_Reward/action_rate_rate: -18.6068
              Episode_Reward/not_moving: -3.7434
          Curriculum/polish_ground_slam: -1.0000
      Episode_Reward/joint_deviation_l1: -0.8677
        Episode_Reward/joint_torques_l2: -0.9847
               Curriculum/adaptive_lift: 0.9799
         Episode_Reward/ground_unloaded: -0.6969
           Episode_Reward/feet_distance: -0.4894
              Episode_Reward/torso_slam: -8.2632
        Episode_Reward/joint_vel_limits: -0.0023
      Episode_Reward/base_height_medium: 2.7108
        Episode_Reward/illegal_contacts: -0.3866
            Episode_Reward/joint_vel_l2: -1.4491
              Episode_Reward/torso_roll: -1.6574
           Curriculum/polish_not_moving: -1.0000
    Episode_Reward/joint_tracking_error: -3.9395
             Episode_Reward/ground_slam: -6.1281
       Episode_Reward/base_height_rough: 1.7877
        Episode_Reward/base_height_fine: 4.3463
        Episode_Reward/joint_pos_limits: -0.0162
     Episode_Reward/completely_airborne: -14.6424
         Curriculum/polish_joint_vel_l2: -0.0010
 Episode_Reward/joint_deviation_l1_arms: -0.5793
             Episode_Reward/action_rate: -41.6630
      Episode_Termination/invalid_state: 0.1585
        Curriculum/random_fallen_states: 0.0000
  Episode_Reward/feet_distance_standing: -0.3884
            Episode_Reward/joint_acc_l2: -0.1191
           Episode_Reward/forward_pitch: -1.0721
           Episode_Reward/torso_upright: -0.0441
               Episode_Reward/flat_feet: -2.0183
     Curriculum/polish_action_rate_rate: -0.1500
           Episode_Reward/ankle_torques: -0.1926
         Episode_Reward/severely_tilted: -0.0756
           Episode_Reward/feet_yaw_mean: -0.9439
            Metrics/height/height_error: 0.1305
           Episode_Reward/body_velocity: -16.5513
              Episode_Reward/feet_slide: -0.7730
           Episode_Termination/time_out: 0.7329
           Curriculum/polish_torso_slam: -5.0000
              Episode_Reward/relaxation: -8.4852
           Episode_Reward/torque_limits: -1.2203
--------------------------------------------------------------------------------
                         Iteration time: 1.19s
                           Time elapsed: 0:00:34
                                    ETA: 0:01:04

################################################################################
[1m                            Learning iteration 28/80                            [0m 

                               Run name: height_tracking_g1
                            Total steps: 2850816 
                       Steps per second: 82860 
                        Collection time: 0.954s 
                          Learning time: 0.233s 
                        Mean value loss: 3.1805
                    Mean surrogate loss: -0.0082
                      Mean entropy loss: 39.5794
                     Mean symmetry loss: 0.0016
                   Mean l2c2_actor loss: 0.0038
                  Mean l2c2_critic loss: 0.0135
                            Mean reward: -1928.20
                    Mean episode length: 604.84
                        Mean action std: 0.95
                    Entropy coefficient: 0.002500
              Curriculum/terrain_levels: 0.0000
        Episode_Reward/action_rate_rate: -18.8213
              Episode_Reward/not_moving: -4.1985
          Curriculum/polish_ground_slam: -1.0000
      Episode_Reward/joint_deviation_l1: -1.0210
        Episode_Reward/joint_torques_l2: -0.9694
               Curriculum/adaptive_lift: 0.9799
         Episode_Reward/ground_unloaded: -0.7506
           Episode_Reward/feet_distance: -0.4745
              Episode_Reward/torso_slam: -7.4842
        Episode_Reward/joint_vel_limits: -0.0023
      Episode_Reward/base_height_medium: 3.0414
        Episode_Reward/illegal_contacts: -0.3701
            Episode_Reward/joint_vel_l2: -1.4432
              Episode_Reward/torso_roll: -1.6100
           Curriculum/polish_not_moving: -1.0000
    Episode_Reward/joint_tracking_error: -3.8764
             Episode_Reward/ground_slam: -5.8048
       Episode_Reward/base_height_rough: 1.9601
        Episode_Reward/base_height_fine: 4.9587
        Episode_Reward/joint_pos_limits: -0.0160
     Episode_Reward/completely_airborne: -14.8818
         Curriculum/polish_joint_vel_l2: -0.0010
 Episode_Reward/joint_deviation_l1_arms: -0.6365
             Episode_Reward/action_rate: -42.1496
      Episode_Termination/invalid_state: 0.1631
        Curriculum/random_fallen_states: 0.0000
  Episode_Reward/feet_distance_standing: -0.4161
            Episode_Reward/joint_acc_l2: -0.1180
           Episode_Reward/forward_pitch: -1.0306
           Episode_Reward/torso_upright: -0.0657
               Episode_Reward/flat_feet: -1.9706
     Curriculum/polish_action_rate_rate: -0.1500
           Episode_Reward/ankle_torques: -0.1893
         Episode_Reward/severely_tilted: -0.0664
           Episode_Reward/feet_yaw_mean: -0.9543
            Metrics/height/height_error: 0.1230
           Episode_Reward/body_velocity: -15.6644
              Episode_Reward/feet_slide: -0.7869
           Episode_Termination/time_out: 0.7561
           Curriculum/polish_torso_slam: -5.0000
              Episode_Reward/relaxation: -7.1447
           Episode_Reward/torque_limits: -1.1911
--------------------------------------------------------------------------------
                         Iteration time: 1.19s
                           Time elapsed: 0:00:35
                                    ETA: 0:01:03

################################################################################
[1m                            Learning iteration 29/80                            [0m 

                               Run name: height_tracking_g1
                            Total steps: 2949120 
                       Steps per second: 82855 
                        Collection time: 0.954s 
                          Learning time: 0.233s 
                        Mean value loss: 3.0043
                    Mean surrogate loss: -0.0077
                      Mean entropy loss: 39.5240
                     Mean symmetry loss: 0.0017
                   Mean l2c2_actor loss: 0.0038
                  Mean l2c2_critic loss: 0.0126
                            Mean reward: -2102.18
                    Mean episode length: 644.60
                        Mean action std: 0.95
                    Entropy coefficient: 0.002500
              Curriculum/terrain_levels: 0.0000
        Episode_Reward/action_rate_rate: -19.8032
              Episode_Reward/not_moving: -4.2234
          Curriculum/polish_ground_slam: -1.0000
      Episode_Reward/joint_deviation_l1: -0.9557
        Episode_Reward/joint_torques_l2: -1.0290
               Curriculum/adaptive_lift: 0.9799
         Episode_Reward/ground_unloaded: -0.7418
           Episode_Reward/feet_distance: -0.4931
              Episode_Reward/torso_slam: -8.7883
        Episode_Reward/joint_vel_limits: -0.0025
      Episode_Reward/base_height_medium: 2.9749
        Episode_Reward/illegal_contacts: -0.3967
            Episode_Reward/joint_vel_l2: -1.5528
              Episode_Reward/torso_roll: -1.7458
           Curriculum/polish_not_moving: -1.0000
    Episode_Reward/joint_tracking_error: -4.1768
             Episode_Reward/ground_slam: -6.6586
       Episode_Reward/base_height_rough: 1.9172
        Episode_Reward/base_height_fine: 4.8651
        Episode_Reward/joint_pos_limits: -0.0173
     Episode_Reward/completely_airborne: -15.5590
         Curriculum/polish_joint_vel_l2: -0.0010
 Episode_Reward/joint_deviation_l1_arms: -0.6320
             Episode_Reward/action_rate: -44.3164
      Episode_Termination/invalid_state: 0.1675
        Curriculum/random_fallen_states: 0.0000
  Episode_Reward/feet_distance_standing: -0.3862
            Episode_Reward/joint_acc_l2: -0.1261
           Episode_Reward/forward_pitch: -1.0875
           Episode_Reward/torso_upright: -0.0597
               Episode_Reward/flat_feet: -2.1311
     Curriculum/polish_action_rate_rate: -0.1500
           Episode_Reward/ankle_torques: -0.2199
         Episode_Reward/severely_tilted: -0.0738
           Episode_Reward/feet_yaw_mean: -0.9977
            Metrics/height/height_error: 0.1310
           Episode_Reward/body_velocity: -17.5610
              Episode_Reward/feet_slide: -0.8431
           Episode_Termination/time_out: 0.7803
           Curriculum/polish_torso_slam: -5.0000
              Episode_Reward/relaxation: -8.3129
           Episode_Reward/torque_limits: -1.2880
--------------------------------------------------------------------------------
                         Iteration time: 1.19s
                           Time elapsed: 0:00:37
                                    ETA: 0:01:01

################################################################################
[1m                            Learning iteration 30/80                            [0m 

                               Run name: height_tracking_g1
                            Total steps: 3047424 
                       Steps per second: 82760 
                        Collection time: 0.954s 
                          Learning time: 0.233s 
                        Mean value loss: 2.8846
                    Mean surrogate loss: -0.0068
                      Mean entropy loss: 39.4593
                     Mean symmetry loss: 0.0017
                   Mean l2c2_actor loss: 0.0039
                  Mean l2c2_critic loss: 0.0127
                            Mean reward: -2077.63
                    Mean episode length: 658.23
                        Mean action std: 0.95
                    Entropy coefficient: 0.002500
              Curriculum/terrain_levels: 0.0000
        Episode_Reward/action_rate_rate: -20.8229
              Episode_Reward/not_moving: -4.1474
          Curriculum/polish_ground_slam: -1.0000
      Episode_Reward/joint_deviation_l1: -0.9708
        Episode_Reward/joint_torques_l2: -1.1006
               Curriculum/adaptive_lift: 0.9799
         Episode_Reward/ground_unloaded: -0.7342
           Episode_Reward/feet_distance: -0.4628
              Episode_Reward/torso_slam: -8.2083
        Episode_Reward/joint_vel_limits: -0.0026
      Episode_Reward/base_height_medium: 3.0228
        Episode_Reward/illegal_contacts: -0.4298
            Episode_Reward/joint_vel_l2: -1.6134
              Episode_Reward/torso_roll: -1.8396
           Curriculum/polish_not_moving: -1.0000
    Episode_Reward/joint_tracking_error: -4.2660
             Episode_Reward/ground_slam: -6.3004
       Episode_Reward/base_height_rough: 2.0134
        Episode_Reward/base_height_fine: 4.8344
        Episode_Reward/joint_pos_limits: -0.0174
     Episode_Reward/completely_airborne: -16.3242
         Curriculum/polish_joint_vel_l2: -0.0010
 Episode_Reward/joint_deviation_l1_arms: -0.6241
             Episode_Reward/action_rate: -46.6247
      Episode_Termination/invalid_state: 0.1706
        Curriculum/random_fallen_states: 0.0000
  Episode_Reward/feet_distance_standing: -0.3503
            Episode_Reward/joint_acc_l2: -0.1377
           Episode_Reward/forward_pitch: -1.1921
           Episode_Reward/torso_upright: -0.0630
               Episode_Reward/flat_feet: -2.2760
     Curriculum/polish_action_rate_rate: -0.1500
           Episode_Reward/ankle_torques: -0.2232
         Episode_Reward/severely_tilted: -0.0580
           Episode_Reward/feet_yaw_mean: -0.9437
            Metrics/height/height_error: 0.1331
           Episode_Reward/body_velocity: -17.0084
              Episode_Reward/feet_slide: -0.8498
           Episode_Termination/time_out: 0.8085
           Curriculum/polish_torso_slam: -5.0000
              Episode_Reward/relaxation: -10.1388
           Episode_Reward/torque_limits: -1.3087
--------------------------------------------------------------------------------
                         Iteration time: 1.19s
                           Time elapsed: 0:00:38
                                    ETA: 0:01:00

################################################################################
[1m                            Learning iteration 31/80                            [0m 

                               Run name: height_tracking_g1
                            Total steps: 3145728 
                       Steps per second: 82276 
                        Collection time: 0.962s 
                          Learning time: 0.233s 
                        Mean value loss: 2.6227
                    Mean surrogate loss: -0.0065
                      Mean entropy loss: 39.3968
                     Mean symmetry loss: 0.0017
                   Mean l2c2_actor loss: 0.0039
                  Mean l2c2_critic loss: 0.0105
                            Mean reward: -2028.47
                    Mean episode length: 625.66
                        Mean action std: 0.94
                    Entropy coefficient: 0.002500
              Curriculum/terrain_levels: 0.0000
        Episode_Reward/action_rate_rate: -20.0553
              Episode_Reward/not_moving: -3.9437
          Curriculum/polish_ground_slam: -1.0000
      Episode_Reward/joint_deviation_l1: -0.8691
        Episode_Reward/joint_torques_l2: -1.0282
               Curriculum/adaptive_lift: 0.9799
         Episode_Reward/ground_unloaded: -0.7098
           Episode_Reward/feet_distance: -0.4710
              Episode_Reward/torso_slam: -8.4457
        Episode_Reward/joint_vel_limits: -0.0024
      Episode_Reward/base_height_medium: 2.9601
        Episode_Reward/illegal_contacts: -0.4250
            Episode_Reward/joint_vel_l2: -1.5444
              Episode_Reward/torso_roll: -1.8242
           Curriculum/polish_not_moving: -1.0000
    Episode_Reward/joint_tracking_error: -4.1577
             Episode_Reward/ground_slam: -6.4783
       Episode_Reward/base_height_rough: 1.9557
        Episode_Reward/base_height_fine: 4.7074
        Episode_Reward/joint_pos_limits: -0.0173
     Episode_Reward/completely_airborne: -15.7976
         Curriculum/polish_joint_vel_l2: -0.0010
 Episode_Reward/joint_deviation_l1_arms: -0.5703
             Episode_Reward/action_rate: -44.9022
      Episode_Termination/invalid_state: 0.1726
        Curriculum/random_fallen_states: 0.0000
  Episode_Reward/feet_distance_standing: -0.3326
            Episode_Reward/joint_acc_l2: -0.1228
           Episode_Reward/forward_pitch: -1.1705
           Episode_Reward/torso_upright: -0.0526
               Episode_Reward/flat_feet: -2.2252
     Curriculum/polish_action_rate_rate: -0.1500
           Episode_Reward/ankle_torques: -0.2234
         Episode_Reward/severely_tilted: -0.0808
           Episode_Reward/feet_yaw_mean: -1.0391
            Metrics/height/height_error: 0.1162
           Episode_Reward/body_velocity: -16.8442
              Episode_Reward/feet_slide: -0.8234
           Episode_Termination/time_out: 0.8267
           Curriculum/polish_torso_slam: -5.0000
              Episode_Reward/relaxation: -9.3229
           Episode_Reward/torque_limits: -1.2620
--------------------------------------------------------------------------------
                         Iteration time: 1.19s
                           Time elapsed: 0:00:39
                                    ETA: 0:00:59

################################################################################
[1m                            Learning iteration 32/80                            [0m 

                               Run name: height_tracking_g1
                            Total steps: 3244032 
                       Steps per second: 82845 
                        Collection time: 0.954s 
                          Learning time: 0.232s 
                        Mean value loss: 2.5112
                    Mean surrogate loss: -0.0082
                      Mean entropy loss: 39.3570
                     Mean symmetry loss: 0.0016
                   Mean l2c2_actor loss: 0.0038
                  Mean l2c2_critic loss: 0.0111
                            Mean reward: -2122.49
                    Mean episode length: 667.80
                        Mean action std: 0.94
                    Entropy coefficient: 0.002500
              Curriculum/terrain_levels: 0.0000
        Episode_Reward/action_rate_rate: -21.1233
              Episode_Reward/not_moving: -4.3226
          Curriculum/polish_ground_slam: -1.0000
      Episode_Reward/joint_deviation_l1: -1.0846
        Episode_Reward/joint_torques_l2: -1.0852
               Curriculum/adaptive_lift: 0.9799
         Episode_Reward/ground_unloaded: -0.8177
           Episode_Reward/feet_distance: -0.4828
              Episode_Reward/torso_slam: -8.9008
        Episode_Reward/joint_vel_limits: -0.0026
      Episode_Reward/base_height_medium: 3.2599
        Episode_Reward/illegal_contacts: -0.4216
            Episode_Reward/joint_vel_l2: -1.6431
              Episode_Reward/torso_roll: -1.8561
           Curriculum/polish_not_moving: -1.0000
    Episode_Reward/joint_tracking_error: -4.3906
             Episode_Reward/ground_slam: -6.8882
       Episode_Reward/base_height_rough: 2.1394
        Episode_Reward/base_height_fine: 5.2220
        Episode_Reward/joint_pos_limits: -0.0187
     Episode_Reward/completely_airborne: -16.8736
         Curriculum/polish_joint_vel_l2: -0.0010
 Episode_Reward/joint_deviation_l1_arms: -0.7006
             Episode_Reward/action_rate: -47.3145
      Episode_Termination/invalid_state: 0.1722
        Curriculum/random_fallen_states: 0.0000
  Episode_Reward/feet_distance_standing: -0.4049
            Episode_Reward/joint_acc_l2: -0.1303
           Episode_Reward/forward_pitch: -1.1720
           Episode_Reward/torso_upright: -0.0635
               Episode_Reward/flat_feet: -2.2794
     Curriculum/polish_action_rate_rate: -0.1500
           Episode_Reward/ankle_torques: -0.2220
         Episode_Reward/severely_tilted: -0.0814
           Episode_Reward/feet_yaw_mean: -1.1639
            Metrics/height/height_error: 0.1370
           Episode_Reward/body_velocity: -18.3189
              Episode_Reward/feet_slide: -0.8996
           Episode_Termination/time_out: 0.8278
           Curriculum/polish_torso_slam: -5.0000
              Episode_Reward/relaxation: -8.7694
           Episode_Reward/torque_limits: -1.3442
--------------------------------------------------------------------------------
                         Iteration time: 1.19s
                           Time elapsed: 0:00:40
                                    ETA: 0:00:58

################################################################################
[1m                            Learning iteration 33/80                            [0m 

                               Run name: height_tracking_g1
                            Total steps: 3342336 
                       Steps per second: 82520 
                        Collection time: 0.959s 
                          Learning time: 0.232s 
                        Mean value loss: 2.3801
                    Mean surrogate loss: -0.0082
                      Mean entropy loss: 39.3137
                     Mean symmetry loss: 0.0018
                   Mean l2c2_actor loss: 0.0038
                  Mean l2c2_critic loss: 0.0102
                            Mean reward: -2176.68
                    Mean episode length: 684.80
                        Mean action std: 0.94
                    Entropy coefficient: 0.002500
              Curriculum/terrain_levels: 0.0000
        Episode_Reward/action_rate_rate: -21.8366
              Episode_Reward/not_moving: -4.8302
          Curriculum/polish_ground_slam: -1.0000
      Episode_Reward/joint_deviation_l1: -1.0781
        Episode_Reward/joint_torques_l2: -1.1375
               Curriculum/adaptive_lift: 0.9799
         Episode_Reward/ground_unloaded: -0.8290
           Episode_Reward/feet_distance: -0.5102
              Episode_Reward/torso_slam: -9.2520
        Episode_Reward/joint_vel_limits: -0.0026
      Episode_Reward/base_height_medium: 3.4681
        Episode_Reward/illegal_contacts: -0.4419
            Episode_Reward/joint_vel_l2: -1.6793
              Episode_Reward/torso_roll: -1.9512
           Curriculum/polish_not_moving: -1.0000
    Episode_Reward/joint_tracking_error: -4.5622
             Episode_Reward/ground_slam: -7.1429
       Episode_Reward/base_height_rough: 2.2350
        Episode_Reward/base_height_fine: 5.6673
        Episode_Reward/joint_pos_limits: -0.0195
     Episode_Reward/completely_airborne: -17.6341
         Curriculum/polish_joint_vel_l2: -0.0010
 Episode_Reward/joint_deviation_l1_arms: -0.6913
             Episode_Reward/action_rate: -48.9475
      Episode_Termination/invalid_state: 0.1691
        Curriculum/random_fallen_states: 0.0000
  Episode_Reward/feet_distance_standing: -0.4167
            Episode_Reward/joint_acc_l2: -0.1379
           Episode_Reward/forward_pitch: -1.2634
           Episode_Reward/torso_upright: -0.0662
               Episode_Reward/flat_feet: -2.3726
     Curriculum/polish_action_rate_rate: -0.1500
           Episode_Reward/ankle_torques: -0.2374
         Episode_Reward/severely_tilted: -0.0847
           Episode_Reward/feet_yaw_mean: -1.1039
            Metrics/height/height_error: 0.1237
           Episode_Reward/body_velocity: -18.7028
              Episode_Reward/feet_slide: -0.9265
           Episode_Termination/time_out: 0.8309
           Curriculum/polish_torso_slam: -5.0000
              Episode_Reward/relaxation: -9.5074
           Episode_Reward/torque_limits: -1.3804
--------------------------------------------------------------------------------
                         Iteration time: 1.19s
                           Time elapsed: 0:00:41
                                    ETA: 0:00:56

################################################################################
[1m                            Learning iteration 34/80                            [0m 

                               Run name: height_tracking_g1
                            Total steps: 3440640 
                       Steps per second: 82738 
                        Collection time: 0.955s 
                          Learning time: 0.233s 
                        Mean value loss: 2.2379
                    Mean surrogate loss: -0.0067
                      Mean entropy loss: 39.2676
                     Mean symmetry loss: 0.0018
                   Mean l2c2_actor loss: 0.0039
                  Mean l2c2_critic loss: 0.0100
                            Mean reward: -2159.50
                    Mean episode length: 684.58
                        Mean action std: 0.94
                    Entropy coefficient: 0.002500
              Curriculum/terrain_levels: 0.0000
        Episode_Reward/action_rate_rate: -21.9508
              Episode_Reward/not_moving: -4.5796
          Curriculum/polish_ground_slam: -1.0000
      Episode_Reward/joint_deviation_l1: -1.0361
        Episode_Reward/joint_torques_l2: -1.1354
               Curriculum/adaptive_lift: 0.9799
         Episode_Reward/ground_unloaded: -0.8061
           Episode_Reward/feet_distance: -0.4974
              Episode_Reward/torso_slam: -9.2850
        Episode_Reward/joint_vel_limits: -0.0027
      Episode_Reward/base_height_medium: 3.3023
        Episode_Reward/illegal_contacts: -0.4557
            Episode_Reward/joint_vel_l2: -1.7104
              Episode_Reward/torso_roll: -1.9672
           Curriculum/polish_not_moving: -1.0000
    Episode_Reward/joint_tracking_error: -4.5377
             Episode_Reward/ground_slam: -7.0110
       Episode_Reward/base_height_rough: 2.1692
        Episode_Reward/base_height_fine: 5.3425
        Episode_Reward/joint_pos_limits: -0.0191
     Episode_Reward/completely_airborne: -17.7450
         Curriculum/polish_joint_vel_l2: -0.0010
 Episode_Reward/joint_deviation_l1_arms: -0.6783
             Episode_Reward/action_rate: -49.1987
      Episode_Termination/invalid_state: 0.1661
        Curriculum/random_fallen_states: 0.0000
  Episode_Reward/feet_distance_standing: -0.3789
            Episode_Reward/joint_acc_l2: -0.1382
           Episode_Reward/forward_pitch: -1.2690
           Episode_Reward/torso_upright: -0.0642
               Episode_Reward/flat_feet: -2.4505
     Curriculum/polish_action_rate_rate: -0.1500
           Episode_Reward/ankle_torques: -0.2496
         Episode_Reward/severely_tilted: -0.0712
           Episode_Reward/feet_yaw_mean: -1.1440
            Metrics/height/height_error: 0.1374
           Episode_Reward/body_velocity: -18.3443
              Episode_Reward/feet_slide: -0.9219
           Episode_Termination/time_out: 0.8339
           Curriculum/polish_torso_slam: -5.0000
              Episode_Reward/relaxation: -10.0962
           Episode_Reward/torque_limits: -1.3661
--------------------------------------------------------------------------------
                         Iteration time: 1.19s
                           Time elapsed: 0:00:43
                                    ETA: 0:00:55

################################################################################
[1m                            Learning iteration 35/80                            [0m 

                               Run name: height_tracking_g1
                            Total steps: 3538944 
                       Steps per second: 82554 
                        Collection time: 0.958s 
                          Learning time: 0.233s 
                        Mean value loss: 2.3168
                    Mean surrogate loss: -0.0064
                      Mean entropy loss: 39.2231
                     Mean symmetry loss: 0.0018
                   Mean l2c2_actor loss: 0.0039
                  Mean l2c2_critic loss: 0.0100
                            Mean reward: -2125.63
                    Mean episode length: 652.89
                        Mean action std: 0.94
                    Entropy coefficient: 0.002500
              Curriculum/terrain_levels: 0.0000
        Episode_Reward/action_rate_rate: -21.1721
              Episode_Reward/not_moving: -3.9908
          Curriculum/polish_ground_slam: -1.0000
      Episode_Reward/joint_deviation_l1: -0.9181
        Episode_Reward/joint_torques_l2: -1.1051
               Curriculum/adaptive_lift: 0.9799
         Episode_Reward/ground_unloaded: -0.7374
           Episode_Reward/feet_distance: -0.4868
              Episode_Reward/torso_slam: -9.6722
        Episode_Reward/joint_vel_limits: -0.0026
      Episode_Reward/base_height_medium: 2.9790
        Episode_Reward/illegal_contacts: -0.4487
            Episode_Reward/joint_vel_l2: -1.6357
              Episode_Reward/torso_roll: -1.9782
           Curriculum/polish_not_moving: -1.0000
    Episode_Reward/joint_tracking_error: -4.3765
             Episode_Reward/ground_slam: -7.5380
       Episode_Reward/base_height_rough: 1.9982
        Episode_Reward/base_height_fine: 4.7659
        Episode_Reward/joint_pos_limits: -0.0187
     Episode_Reward/completely_airborne: -16.8559
         Curriculum/polish_joint_vel_l2: -0.0010
 Episode_Reward/joint_deviation_l1_arms: -0.6094
             Episode_Reward/action_rate: -47.4512
      Episode_Termination/invalid_state: 0.1619
        Curriculum/random_fallen_states: 0.0000
  Episode_Reward/feet_distance_standing: -0.3402
            Episode_Reward/joint_acc_l2: -0.1319
           Episode_Reward/forward_pitch: -1.2148
           Episode_Reward/torso_upright: -0.0512
               Episode_Reward/flat_feet: -2.4121
     Curriculum/polish_action_rate_rate: -0.1500
           Episode_Reward/ankle_torques: -0.2223
         Episode_Reward/severely_tilted: -0.0824
           Episode_Reward/feet_yaw_mean: -1.1189
            Metrics/height/height_error: 0.1363
           Episode_Reward/body_velocity: -18.7177
              Episode_Reward/feet_slide: -0.9082
           Episode_Termination/time_out: 0.8381
           Curriculum/polish_torso_slam: -5.0000
              Episode_Reward/relaxation: -10.8784
           Episode_Reward/torque_limits: -1.3133
--------------------------------------------------------------------------------
                         Iteration time: 1.19s
                           Time elapsed: 0:00:44
                                    ETA: 0:00:54

################################################################################
[1m                            Learning iteration 36/80                            [0m 

                               Run name: height_tracking_g1
                            Total steps: 3637248 
                       Steps per second: 82629 
                        Collection time: 0.955s 
                          Learning time: 0.235s 
                        Mean value loss: 2.2704
                    Mean surrogate loss: -0.0059
                      Mean entropy loss: 39.2140
                     Mean symmetry loss: 0.0019
                   Mean l2c2_actor loss: 0.0039
                  Mean l2c2_critic loss: 0.0093
                            Mean reward: -2152.81
                    Mean episode length: 669.93
                        Mean action std: 0.94
                    Entropy coefficient: 0.002500
              Curriculum/terrain_levels: 0.0000
        Episode_Reward/action_rate_rate: -20.1814
              Episode_Reward/not_moving: -4.1044
          Curriculum/polish_ground_slam: -1.0000
      Episode_Reward/joint_deviation_l1: -0.9492
        Episode_Reward/joint_torques_l2: -1.0508
               Curriculum/adaptive_lift: 0.9799
         Episode_Reward/ground_unloaded: -0.7470
           Episode_Reward/feet_distance: -0.4469
              Episode_Reward/torso_slam: -8.9288
        Episode_Reward/joint_vel_limits: -0.0024
      Episode_Reward/base_height_medium: 3.0562
        Episode_Reward/illegal_contacts: -0.4378
            Episode_Reward/joint_vel_l2: -1.5556
              Episode_Reward/torso_roll: -1.8379
           Curriculum/polish_not_moving: -1.0000
    Episode_Reward/joint_tracking_error: -4.1461
             Episode_Reward/ground_slam: -6.7536
       Episode_Reward/base_height_rough: 2.0076
        Episode_Reward/base_height_fine: 4.9280
        Episode_Reward/joint_pos_limits: -0.0177
     Episode_Reward/completely_airborne: -16.0700
         Curriculum/polish_joint_vel_l2: -0.0010
 Episode_Reward/joint_deviation_l1_arms: -0.6270
             Episode_Reward/action_rate: -45.2847
      Episode_Termination/invalid_state: 0.1582
        Curriculum/random_fallen_states: 0.0000
  Episode_Reward/feet_distance_standing: -0.3403
            Episode_Reward/joint_acc_l2: -0.1283
           Episode_Reward/forward_pitch: -1.2103
           Episode_Reward/torso_upright: -0.0595
               Episode_Reward/flat_feet: -2.2884
     Curriculum/polish_action_rate_rate: -0.1500
           Episode_Reward/ankle_torques: -0.2420
         Episode_Reward/severely_tilted: -0.0723
           Episode_Reward/feet_yaw_mean: -1.0155
            Metrics/height/height_error: 0.1254
           Episode_Reward/body_velocity: -17.3942
              Episode_Reward/feet_slide: -0.8559
           Episode_Termination/time_out: 0.8418
           Curriculum/polish_torso_slam: -5.0000
              Episode_Reward/relaxation: -9.1660
           Episode_Reward/torque_limits: -1.2635
--------------------------------------------------------------------------------
                         Iteration time: 1.19s
                           Time elapsed: 0:00:45
                                    ETA: 0:00:52

################################################################################
[1m                            Learning iteration 37/80                            [0m 

                               Run name: height_tracking_g1
                            Total steps: 3735552 
                       Steps per second: 82065 
                        Collection time: 0.964s 
                          Learning time: 0.234s 
                        Mean value loss: 2.2840
                    Mean surrogate loss: -0.0063
                      Mean entropy loss: 39.1529
                     Mean symmetry loss: 0.0019
                   Mean l2c2_actor loss: 0.0040
                  Mean l2c2_critic loss: 0.0113
                            Mean reward: -2178.16
                    Mean episode length: 686.03
                        Mean action std: 0.93
                    Entropy coefficient: 0.002500
              Curriculum/terrain_levels: 0.0000
        Episode_Reward/action_rate_rate: -21.7370
              Episode_Reward/not_moving: -4.7699
          Curriculum/polish_ground_slam: -1.0000
      Episode_Reward/joint_deviation_l1: -1.0237
        Episode_Reward/joint_torques_l2: -1.1354
               Curriculum/adaptive_lift: 0.9799
         Episode_Reward/ground_unloaded: -0.8582
           Episode_Reward/feet_distance: -0.5113
              Episode_Reward/torso_slam: -9.3055
        Episode_Reward/joint_vel_limits: -0.0026
      Episode_Reward/base_height_medium: 3.5584
        Episode_Reward/illegal_contacts: -0.4558
            Episode_Reward/joint_vel_l2: -1.6924
              Episode_Reward/torso_roll: -1.9702
           Curriculum/polish_not_moving: -1.0000
    Episode_Reward/joint_tracking_error: -4.5030
             Episode_Reward/ground_slam: -7.3322
       Episode_Reward/base_height_rough: 2.3107
        Episode_Reward/base_height_fine: 5.7303
        Episode_Reward/joint_pos_limits: -0.0191
     Episode_Reward/completely_airborne: -17.6477
         Curriculum/polish_joint_vel_l2: -0.0010
 Episode_Reward/joint_deviation_l1_arms: -0.6614
             Episode_Reward/action_rate: -48.7739
      Episode_Termination/invalid_state: 0.1542
        Curriculum/random_fallen_states: 0.0000
  Episode_Reward/feet_distance_standing: -0.4087
            Episode_Reward/joint_acc_l2: -0.1370
           Episode_Reward/forward_pitch: -1.2723
           Episode_Reward/torso_upright: -0.0660
               Episode_Reward/flat_feet: -2.4434
     Curriculum/polish_action_rate_rate: -0.1500
           Episode_Reward/ankle_torques: -0.2282
         Episode_Reward/severely_tilted: -0.0836
           Episode_Reward/feet_yaw_mean: -1.1332
            Metrics/height/height_error: 0.1276
           Episode_Reward/body_velocity: -18.7423
              Episode_Reward/feet_slide: -0.9320
           Episode_Termination/time_out: 0.8458
           Curriculum/polish_torso_slam: -5.0000
              Episode_Reward/relaxation: -9.1991
           Episode_Reward/torque_limits: -1.3641
--------------------------------------------------------------------------------
                         Iteration time: 1.20s
                           Time elapsed: 0:00:46
                                    ETA: 0:00:51

################################################################################
[1m                            Learning iteration 38/80                            [0m 

                               Run name: height_tracking_g1
                            Total steps: 3833856 
                       Steps per second: 82742 
                        Collection time: 0.956s 
                          Learning time: 0.232s 
                        Mean value loss: 2.2183
                    Mean surrogate loss: -0.0057
                      Mean entropy loss: 39.0845
                     Mean symmetry loss: 0.0020
                   Mean l2c2_actor loss: 0.0040
                  Mean l2c2_critic loss: 0.0143
                            Mean reward: -2202.58
                    Mean episode length: 704.08
                        Mean action std: 0.93
                    Entropy coefficient: 0.002500
              Curriculum/terrain_levels: 0.0000
        Episode_Reward/action_rate_rate: -21.5362
              Episode_Reward/not_moving: -4.4714
          Curriculum/polish_ground_slam: -1.0000
      Episode_Reward/joint_deviation_l1: -1.0274
        Episode_Reward/joint_torques_l2: -1.1254
               Curriculum/adaptive_lift: 0.9799
         Episode_Reward/ground_unloaded: -0.8233
           Episode_Reward/feet_distance: -0.4872
              Episode_Reward/torso_slam: -9.3076
        Episode_Reward/joint_vel_limits: -0.0025
      Episode_Reward/base_height_medium: 3.2828
        Episode_Reward/illegal_contacts: -0.4620
            Episode_Reward/joint_vel_l2: -1.6427
              Episode_Reward/torso_roll: -1.9855
           Curriculum/polish_not_moving: -1.0000
    Episode_Reward/joint_tracking_error: -4.3826
             Episode_Reward/ground_slam: -6.9499
       Episode_Reward/base_height_rough: 2.1334
        Episode_Reward/base_height_fine: 5.3460
        Episode_Reward/joint_pos_limits: -0.0186
     Episode_Reward/completely_airborne: -17.3807
         Curriculum/polish_joint_vel_l2: -0.0010
 Episode_Reward/joint_deviation_l1_arms: -0.6627
             Episode_Reward/action_rate: -48.3181
      Episode_Termination/invalid_state: 0.1491
        Curriculum/random_fallen_states: 0.0000
  Episode_Reward/feet_distance_standing: -0.3784
            Episode_Reward/joint_acc_l2: -0.1367
           Episode_Reward/forward_pitch: -1.2540
           Episode_Reward/torso_upright: -0.0617
               Episode_Reward/flat_feet: -2.4521
     Curriculum/polish_action_rate_rate: -0.1500
           Episode_Reward/ankle_torques: -0.2530
         Episode_Reward/severely_tilted: -0.0762
           Episode_Reward/feet_yaw_mean: -1.0834
            Metrics/height/height_error: 0.1282
           Episode_Reward/body_velocity: -17.7839
              Episode_Reward/feet_slide: -0.9074
           Episode_Termination/time_out: 0.8509
           Curriculum/polish_torso_slam: -5.0000
              Episode_Reward/relaxation: -10.0192
           Episode_Reward/torque_limits: -1.3335
--------------------------------------------------------------------------------
                         Iteration time: 1.19s
                           Time elapsed: 0:00:47
                                    ETA: 0:00:50

################################################################################
[1m                            Learning iteration 39/80                            [0m 

                               Run name: height_tracking_g1
                            Total steps: 3932160 
                       Steps per second: 82737 
                        Collection time: 0.955s 
                          Learning time: 0.233s 
                        Mean value loss: 2.2378
                    Mean surrogate loss: -0.0062
                      Mean entropy loss: 39.0484
                     Mean symmetry loss: 0.0019
                   Mean l2c2_actor loss: 0.0039
                  Mean l2c2_critic loss: 0.0112
                            Mean reward: -1998.92
                    Mean episode length: 647.91
                        Mean action std: 0.93
                    Entropy coefficient: 0.002500
              Curriculum/terrain_levels: 0.0000
        Episode_Reward/action_rate_rate: -19.7400
              Episode_Reward/not_moving: -3.9612
          Curriculum/polish_ground_slam: -1.0000
      Episode_Reward/joint_deviation_l1: -0.9420
        Episode_Reward/joint_torques_l2: -1.0358
               Curriculum/adaptive_lift: 0.9799
         Episode_Reward/ground_unloaded: -0.7393
           Episode_Reward/feet_distance: -0.4502
              Episode_Reward/torso_slam: -8.5130
        Episode_Reward/joint_vel_limits: -0.0023
      Episode_Reward/base_height_medium: 2.9644
        Episode_Reward/illegal_contacts: -0.4273
            Episode_Reward/joint_vel_l2: -1.4963
              Episode_Reward/torso_roll: -1.8265
           Curriculum/polish_not_moving: -1.0000
    Episode_Reward/joint_tracking_error: -4.0098
             Episode_Reward/ground_slam: -6.3752
       Episode_Reward/base_height_rough: 1.9477
        Episode_Reward/base_height_fine: 4.8184
        Episode_Reward/joint_pos_limits: -0.0173
     Episode_Reward/completely_airborne: -15.9189
         Curriculum/polish_joint_vel_l2: -0.0010
 Episode_Reward/joint_deviation_l1_arms: -0.6054
             Episode_Reward/action_rate: -44.3068
      Episode_Termination/invalid_state: 0.1455
        Curriculum/random_fallen_states: 0.0000
  Episode_Reward/feet_distance_standing: -0.3443
            Episode_Reward/joint_acc_l2: -0.1245
           Episode_Reward/forward_pitch: -1.2223
           Episode_Reward/torso_upright: -0.0582
               Episode_Reward/flat_feet: -2.2508
     Curriculum/polish_action_rate_rate: -0.1500
           Episode_Reward/ankle_torques: -0.2184
         Episode_Reward/severely_tilted: -0.0756
           Episode_Reward/feet_yaw_mean: -0.9533
            Metrics/height/height_error: 0.1290
           Episode_Reward/body_velocity: -16.8205
              Episode_Reward/feet_slide: -0.8365
           Episode_Termination/time_out: 0.8545
           Curriculum/polish_torso_slam: -5.0000
              Episode_Reward/relaxation: -9.2690
           Episode_Reward/torque_limits: -1.2196
--------------------------------------------------------------------------------
                         Iteration time: 1.19s
                           Time elapsed: 0:00:49
                                    ETA: 0:00:49

################################################################################
[1m                            Learning iteration 40/80                            [0m 

                               Run name: height_tracking_g1
                            Total steps: 4030464 
                       Steps per second: 82710 
                        Collection time: 0.956s 
                          Learning time: 0.232s 
                        Mean value loss: 2.0902
                    Mean surrogate loss: -0.0062
                      Mean entropy loss: 39.0097
                     Mean symmetry loss: 0.0020
                   Mean l2c2_actor loss: 0.0039
                  Mean l2c2_critic loss: 0.0116
                            Mean reward: -2057.71
                    Mean episode length: 663.44
                        Mean action std: 0.93
                    Entropy coefficient: 0.002500
              Curriculum/terrain_levels: 0.0000
        Episode_Reward/action_rate_rate: -21.0553
              Episode_Reward/not_moving: -4.7487
          Curriculum/polish_ground_slam: -1.0000
      Episode_Reward/joint_deviation_l1: -1.0235
        Episode_Reward/joint_torques_l2: -1.1237
               Curriculum/adaptive_lift: 0.9799
         Episode_Reward/ground_unloaded: -0.8398
           Episode_Reward/feet_distance: -0.4941
              Episode_Reward/torso_slam: -9.0628
        Episode_Reward/joint_vel_limits: -0.0024
      Episode_Reward/base_height_medium: 3.4199
        Episode_Reward/illegal_contacts: -0.4372
            Episode_Reward/joint_vel_l2: -1.6197
              Episode_Reward/torso_roll: -1.9359
           Curriculum/polish_not_moving: -1.0000
    Episode_Reward/joint_tracking_error: -4.3249
             Episode_Reward/ground_slam: -6.8062
       Episode_Reward/base_height_rough: 2.1919
        Episode_Reward/base_height_fine: 5.6403
        Episode_Reward/joint_pos_limits: -0.0188
     Episode_Reward/completely_airborne: -17.4167
         Curriculum/polish_joint_vel_l2: -0.0010
 Episode_Reward/joint_deviation_l1_arms: -0.6695
             Episode_Reward/action_rate: -47.2554
      Episode_Termination/invalid_state: 0.1428
        Curriculum/random_fallen_states: 0.0000
  Episode_Reward/feet_distance_standing: -0.3954
            Episode_Reward/joint_acc_l2: -0.1355
           Episode_Reward/forward_pitch: -1.2547
           Episode_Reward/torso_upright: -0.0611
               Episode_Reward/flat_feet: -2.3867
     Curriculum/polish_action_rate_rate: -0.1500
           Episode_Reward/ankle_torques: -0.2320
         Episode_Reward/severely_tilted: -0.0789
           Episode_Reward/feet_yaw_mean: -1.1097
            Metrics/height/height_error: 0.1383
           Episode_Reward/body_velocity: -17.5220
              Episode_Reward/feet_slide: -0.9102
           Episode_Termination/time_out: 0.8572
           Curriculum/polish_torso_slam: -5.0000
              Episode_Reward/relaxation: -9.2593
           Episode_Reward/torque_limits: -1.3207
--------------------------------------------------------------------------------
                         Iteration time: 1.19s
                           Time elapsed: 0:00:50
                                    ETA: 0:00:47

################################################################################
[1m                            Learning iteration 41/80                            [0m 

                               Run name: height_tracking_g1
                            Total steps: 4128768 
                       Steps per second: 82953 
                        Collection time: 0.953s 
                          Learning time: 0.232s 
                        Mean value loss: 1.9351
                    Mean surrogate loss: -0.0053
                      Mean entropy loss: 38.9518
                     Mean symmetry loss: 0.0020
                   Mean l2c2_actor loss: 0.0040
                  Mean l2c2_critic loss: 0.0106
                            Mean reward: -2099.07
                    Mean episode length: 687.36
                        Mean action std: 0.93
                    Entropy coefficient: 0.002500
              Curriculum/terrain_levels: 0.0000
        Episode_Reward/action_rate_rate: -21.0506
              Episode_Reward/not_moving: -4.7857
          Curriculum/polish_ground_slam: -1.0000
      Episode_Reward/joint_deviation_l1: -1.0319
        Episode_Reward/joint_torques_l2: -1.0913
               Curriculum/adaptive_lift: 0.9799
         Episode_Reward/ground_unloaded: -0.8552
           Episode_Reward/feet_distance: -0.4858
              Episode_Reward/torso_slam: -9.4630
        Episode_Reward/joint_vel_limits: -0.0024
      Episode_Reward/base_height_medium: 3.5282
        Episode_Reward/illegal_contacts: -0.4326
            Episode_Reward/joint_vel_l2: -1.6130
              Episode_Reward/torso_roll: -1.9358
           Curriculum/polish_not_moving: -1.0000
    Episode_Reward/joint_tracking_error: -4.2592
             Episode_Reward/ground_slam: -6.9582
       Episode_Reward/base_height_rough: 2.2537
        Episode_Reward/base_height_fine: 5.7872
        Episode_Reward/joint_pos_limits: -0.0185
     Episode_Reward/completely_airborne: -17.2754
         Curriculum/polish_joint_vel_l2: -0.0010
 Episode_Reward/joint_deviation_l1_arms: -0.6601
             Episode_Reward/action_rate: -47.2778
      Episode_Termination/invalid_state: 0.1411
        Curriculum/random_fallen_states: 0.0000
  Episode_Reward/feet_distance_standing: -0.3836
            Episode_Reward/joint_acc_l2: -0.1309
           Episode_Reward/forward_pitch: -1.1933
           Episode_Reward/torso_upright: -0.0636
               Episode_Reward/flat_feet: -2.4038
     Curriculum/polish_action_rate_rate: -0.1500
           Episode_Reward/ankle_torques: -0.2374
         Episode_Reward/severely_tilted: -0.0687
           Episode_Reward/feet_yaw_mean: -1.0827
            Metrics/height/height_error: 0.1248
           Episode_Reward/body_velocity: -17.3796
              Episode_Reward/feet_slide: -0.9156
           Episode_Termination/time_out: 0.8589
           Curriculum/polish_torso_slam: -5.0000
              Episode_Reward/relaxation: -8.3438
           Episode_Reward/torque_limits: -1.2826
--------------------------------------------------------------------------------
                         Iteration time: 1.19s
                           Time elapsed: 0:00:51
                                    ETA: 0:00:46

################################################################################
[1m                            Learning iteration 42/80                            [0m 

                               Run name: height_tracking_g1
                            Total steps: 4227072 
                       Steps per second: 82984 
                        Collection time: 0.952s 
                          Learning time: 0.233s 
                        Mean value loss: 2.0355
                    Mean surrogate loss: -0.0047
                      Mean entropy loss: 38.8808
                     Mean symmetry loss: 0.0021
                   Mean l2c2_actor loss: 0.0039
                  Mean l2c2_critic loss: 0.0104
                            Mean reward: -2045.50
                    Mean episode length: 667.42
                        Mean action std: 0.93
                    Entropy coefficient: 0.002500
              Curriculum/terrain_levels: 0.0000
        Episode_Reward/action_rate_rate: -20.9973
              Episode_Reward/not_moving: -4.8844
          Curriculum/polish_ground_slam: -1.0000
      Episode_Reward/joint_deviation_l1: -1.0319
        Episode_Reward/joint_torques_l2: -1.1238
               Curriculum/adaptive_lift: 0.9799
         Episode_Reward/ground_unloaded: -0.8407
           Episode_Reward/feet_distance: -0.4781
              Episode_Reward/torso_slam: -8.3470
        Episode_Reward/joint_vel_limits: -0.0025
      Episode_Reward/base_height_medium: 3.5279
        Episode_Reward/illegal_contacts: -0.4528
            Episode_Reward/joint_vel_l2: -1.6309
              Episode_Reward/torso_roll: -1.9186
           Curriculum/polish_not_moving: -1.0000
    Episode_Reward/joint_tracking_error: -4.3090
             Episode_Reward/ground_slam: -6.4846
       Episode_Reward/base_height_rough: 2.2599
        Episode_Reward/base_height_fine: 5.7944
        Episode_Reward/joint_pos_limits: -0.0187
     Episode_Reward/completely_airborne: -17.1619
         Curriculum/polish_joint_vel_l2: -0.0010
 Episode_Reward/joint_deviation_l1_arms: -0.6643
             Episode_Reward/action_rate: -47.1531
      Episode_Termination/invalid_state: 0.1388
        Curriculum/random_fallen_states: 0.0000
  Episode_Reward/feet_distance_standing: -0.3729
            Episode_Reward/joint_acc_l2: -0.1384
           Episode_Reward/forward_pitch: -1.2772
           Episode_Reward/torso_upright: -0.0641
               Episode_Reward/flat_feet: -2.3839
     Curriculum/polish_action_rate_rate: -0.1500
           Episode_Reward/ankle_torques: -0.2309
         Episode_Reward/severely_tilted: -0.0788
           Episode_Reward/feet_yaw_mean: -1.0268
            Metrics/height/height_error: 0.1278
           Episode_Reward/body_velocity: -17.5031
              Episode_Reward/feet_slide: -0.9238
           Episode_Termination/time_out: 0.8612
           Curriculum/polish_torso_slam: -5.0000
              Episode_Reward/relaxation: -9.1398
           Episode_Reward/torque_limits: -1.3081
--------------------------------------------------------------------------------
                         Iteration time: 1.18s
                           Time elapsed: 0:00:52
                                    ETA: 0:00:45

################################################################################
[1m                            Learning iteration 43/80                            [0m 

                               Run name: height_tracking_g1
                            Total steps: 4325376 
                       Steps per second: 82035 
                        Collection time: 0.964s 
                          Learning time: 0.234s 
                        Mean value loss: 1.8979
                    Mean surrogate loss: -0.0052
                      Mean entropy loss: 38.7993
                     Mean symmetry loss: 0.0020
                   Mean l2c2_actor loss: 0.0039
                  Mean l2c2_critic loss: 0.0101
                            Mean reward: -2085.46
                    Mean episode length: 687.55
                        Mean action std: 0.92
                    Entropy coefficient: 0.002500
              Curriculum/terrain_levels: 0.0000
        Episode_Reward/action_rate_rate: -20.4027
              Episode_Reward/not_moving: -4.6012
          Curriculum/polish_ground_slam: -1.0000
      Episode_Reward/joint_deviation_l1: -1.0371
        Episode_Reward/joint_torques_l2: -1.1038
               Curriculum/adaptive_lift: 0.9799
         Episode_Reward/ground_unloaded: -0.7919
           Episode_Reward/feet_distance: -0.4671
              Episode_Reward/torso_slam: -8.2839
        Episode_Reward/joint_vel_limits: -0.0023
      Episode_Reward/base_height_medium: 3.3552
        Episode_Reward/illegal_contacts: -0.4489
            Episode_Reward/joint_vel_l2: -1.5607
              Episode_Reward/torso_roll: -1.8619
           Curriculum/polish_not_moving: -1.0000
    Episode_Reward/joint_tracking_error: -4.1214
             Episode_Reward/ground_slam: -6.6591
       Episode_Reward/base_height_rough: 2.1567
        Episode_Reward/base_height_fine: 5.5292
        Episode_Reward/joint_pos_limits: -0.0179
     Episode_Reward/completely_airborne: -16.7649
         Curriculum/polish_joint_vel_l2: -0.0010
 Episode_Reward/joint_deviation_l1_arms: -0.6473
             Episode_Reward/action_rate: -45.8147
      Episode_Termination/invalid_state: 0.1373
        Curriculum/random_fallen_states: 0.0000
  Episode_Reward/feet_distance_standing: -0.3836
            Episode_Reward/joint_acc_l2: -0.1362
           Episode_Reward/forward_pitch: -1.2757
           Episode_Reward/torso_upright: -0.0712
               Episode_Reward/flat_feet: -2.3209
     Curriculum/polish_action_rate_rate: -0.1500
           Episode_Reward/ankle_torques: -0.2231
         Episode_Reward/severely_tilted: -0.0719
           Episode_Reward/feet_yaw_mean: -0.9956
            Metrics/height/height_error: 0.1212
           Episode_Reward/body_velocity: -17.1005
              Episode_Reward/feet_slide: -0.8894
           Episode_Termination/time_out: 0.8627
           Curriculum/polish_torso_slam: -5.0000
              Episode_Reward/relaxation: -9.4238
           Episode_Reward/torque_limits: -1.2559
--------------------------------------------------------------------------------
                         Iteration time: 1.20s
                           Time elapsed: 0:00:53
                                    ETA: 0:00:44

################################################################################
[1m                            Learning iteration 44/80                            [0m 

                               Run name: height_tracking_g1
                            Total steps: 4423680 
                       Steps per second: 82360 
                        Collection time: 0.961s 
                          Learning time: 0.233s 
                        Mean value loss: 1.7701
                    Mean surrogate loss: -0.0052
                      Mean entropy loss: 38.7814
                     Mean symmetry loss: 0.0021
                   Mean l2c2_actor loss: 0.0038
                  Mean l2c2_critic loss: 0.0102
                            Mean reward: -2009.91
                    Mean episode length: 664.63
                        Mean action std: 0.92
                    Entropy coefficient: 0.002500
              Curriculum/terrain_levels: 0.0000
        Episode_Reward/action_rate_rate: -19.4062
              Episode_Reward/not_moving: -4.0070
          Curriculum/polish_ground_slam: -1.0000
      Episode_Reward/joint_deviation_l1: -0.8797
        Episode_Reward/joint_torques_l2: -1.0064
               Curriculum/adaptive_lift: 0.9799
         Episode_Reward/ground_unloaded: -0.7659
           Episode_Reward/feet_distance: -0.4157
              Episode_Reward/torso_slam: -8.8858
        Episode_Reward/joint_vel_limits: -0.0021
      Episode_Reward/base_height_medium: 3.0796
        Episode_Reward/illegal_contacts: -0.4400
            Episode_Reward/joint_vel_l2: -1.4712
              Episode_Reward/torso_roll: -1.8421
           Curriculum/polish_not_moving: -1.0000
    Episode_Reward/joint_tracking_error: -3.9000
             Episode_Reward/ground_slam: -6.7953
       Episode_Reward/base_height_rough: 2.0178
        Episode_Reward/base_height_fine: 4.9632
        Episode_Reward/joint_pos_limits: -0.0171
     Episode_Reward/completely_airborne: -15.9325
         Curriculum/polish_joint_vel_l2: -0.0010
 Episode_Reward/joint_deviation_l1_arms: -0.5622
             Episode_Reward/action_rate: -43.5963
      Episode_Termination/invalid_state: 0.1355
        Curriculum/random_fallen_states: 0.0000
  Episode_Reward/feet_distance_standing: -0.2994
            Episode_Reward/joint_acc_l2: -0.1192
           Episode_Reward/forward_pitch: -1.2004
           Episode_Reward/torso_upright: -0.0491
               Episode_Reward/flat_feet: -2.2920
     Curriculum/polish_action_rate_rate: -0.1500
           Episode_Reward/ankle_torques: -0.2040
         Episode_Reward/severely_tilted: -0.0742
           Episode_Reward/feet_yaw_mean: -0.9499
            Metrics/height/height_error: 0.1277
           Episode_Reward/body_velocity: -16.9173
              Episode_Reward/feet_slide: -0.8320
           Episode_Termination/time_out: 0.8645
           Curriculum/polish_torso_slam: -5.0000
              Episode_Reward/relaxation: -8.6030
           Episode_Reward/torque_limits: -1.1749
--------------------------------------------------------------------------------
                         Iteration time: 1.19s
                           Time elapsed: 0:00:55
                                    ETA: 0:00:42

################################################################################
[1m                            Learning iteration 45/80                            [0m 

                               Run name: height_tracking_g1
                            Total steps: 4521984 
                       Steps per second: 82834 
                        Collection time: 0.954s 
                          Learning time: 0.233s 
                        Mean value loss: 1.7587
                    Mean surrogate loss: -0.0048
                      Mean entropy loss: 38.7048
                     Mean symmetry loss: 0.0020
                   Mean l2c2_actor loss: 0.0038
                  Mean l2c2_critic loss: 0.0103
                            Mean reward: -1942.43
                    Mean episode length: 660.67
                        Mean action std: 0.92
                    Entropy coefficient: 0.002500
              Curriculum/terrain_levels: 0.0000
        Episode_Reward/action_rate_rate: -19.5638
              Episode_Reward/not_moving: -4.4055
          Curriculum/polish_ground_slam: -1.0000
      Episode_Reward/joint_deviation_l1: -0.9523
        Episode_Reward/joint_torques_l2: -1.0212
               Curriculum/adaptive_lift: 0.9799
         Episode_Reward/ground_unloaded: -0.8197
           Episode_Reward/feet_distance: -0.4161
              Episode_Reward/torso_slam: -7.7133
        Episode_Reward/joint_vel_limits: -0.0022
      Episode_Reward/base_height_medium: 3.3739
        Episode_Reward/illegal_contacts: -0.4242
            Episode_Reward/joint_vel_l2: -1.4642
              Episode_Reward/torso_roll: -1.7918
           Curriculum/polish_not_moving: -1.0000
    Episode_Reward/joint_tracking_error: -3.8316
             Episode_Reward/ground_slam: -6.0223
       Episode_Reward/base_height_rough: 2.1616
        Episode_Reward/base_height_fine: 5.5051
        Episode_Reward/joint_pos_limits: -0.0169
     Episode_Reward/completely_airborne: -15.8070
         Curriculum/polish_joint_vel_l2: -0.0010
 Episode_Reward/joint_deviation_l1_arms: -0.5813
             Episode_Reward/action_rate: -43.9623
      Episode_Termination/invalid_state: 0.1329
        Curriculum/random_fallen_states: 0.0000
  Episode_Reward/feet_distance_standing: -0.3273
            Episode_Reward/joint_acc_l2: -0.1244
           Episode_Reward/forward_pitch: -1.1669
           Episode_Reward/torso_upright: -0.0668
               Episode_Reward/flat_feet: -2.2691
     Curriculum/polish_action_rate_rate: -0.1500
           Episode_Reward/ankle_torques: -0.2280
         Episode_Reward/severely_tilted: -0.0619
           Episode_Reward/feet_yaw_mean: -0.9207
            Metrics/height/height_error: 0.1178
           Episode_Reward/body_velocity: -15.1415
              Episode_Reward/feet_slide: -0.8503
           Episode_Termination/time_out: 0.8671
           Curriculum/polish_torso_slam: -5.0000
              Episode_Reward/relaxation: -7.6532
           Episode_Reward/torque_limits: -1.1676
--------------------------------------------------------------------------------
                         Iteration time: 1.19s
                           Time elapsed: 0:00:56
                                    ETA: 0:00:41

################################################################################
[1m                            Learning iteration 46/80                            [0m 

                               Run name: height_tracking_g1
                            Total steps: 4620288 
                       Steps per second: 83048 
                        Collection time: 0.951s 
                          Learning time: 0.233s 
                        Mean value loss: 1.7499
                    Mean surrogate loss: -0.0053
                      Mean entropy loss: 38.6175
                     Mean symmetry loss: 0.0019
                   Mean l2c2_actor loss: 0.0037
                  Mean l2c2_critic loss: 0.0092
                            Mean reward: -1950.15
                    Mean episode length: 661.88
                        Mean action std: 0.92
                    Entropy coefficient: 0.002500
              Curriculum/terrain_levels: 0.0000
        Episode_Reward/action_rate_rate: -20.3084
              Episode_Reward/not_moving: -4.3662
          Curriculum/polish_ground_slam: -1.0000
      Episode_Reward/joint_deviation_l1: -0.9258
        Episode_Reward/joint_torques_l2: -1.0715
               Curriculum/adaptive_lift: 0.9799
         Episode_Reward/ground_unloaded: -0.7773
           Episode_Reward/feet_distance: -0.4410
              Episode_Reward/torso_slam: -8.2850
        Episode_Reward/joint_vel_limits: -0.0021
      Episode_Reward/base_height_medium: 3.3377
        Episode_Reward/illegal_contacts: -0.4375
            Episode_Reward/joint_vel_l2: -1.5129
              Episode_Reward/torso_roll: -1.8751
           Curriculum/polish_not_moving: -1.0000
    Episode_Reward/joint_tracking_error: -4.0046
             Episode_Reward/ground_slam: -6.2217
       Episode_Reward/base_height_rough: 2.1412
        Episode_Reward/base_height_fine: 5.4885
        Episode_Reward/joint_pos_limits: -0.0178
     Episode_Reward/completely_airborne: -16.7809
         Curriculum/polish_joint_vel_l2: -0.0010
 Episode_Reward/joint_deviation_l1_arms: -0.5887
             Episode_Reward/action_rate: -45.6302
      Episode_Termination/invalid_state: 0.1319
        Curriculum/random_fallen_states: 0.0000
  Episode_Reward/feet_distance_standing: -0.3240
            Episode_Reward/joint_acc_l2: -0.1286
           Episode_Reward/forward_pitch: -1.1791
           Episode_Reward/torso_upright: -0.0583
               Episode_Reward/flat_feet: -2.4145
     Curriculum/polish_action_rate_rate: -0.1500
           Episode_Reward/ankle_torques: -0.2271
         Episode_Reward/severely_tilted: -0.0628
           Episode_Reward/feet_yaw_mean: -0.9577
            Metrics/height/height_error: 0.1215
           Episode_Reward/body_velocity: -15.8779
              Episode_Reward/feet_slide: -0.8734
           Episode_Termination/time_out: 0.8681
           Curriculum/polish_torso_slam: -5.0000
              Episode_Reward/relaxation: -9.6657
           Episode_Reward/torque_limits: -1.2135
--------------------------------------------------------------------------------
                         Iteration time: 1.18s
                           Time elapsed: 0:00:57
                                    ETA: 0:00:40

################################################################################
[1m                            Learning iteration 47/80                            [0m 

                               Run name: height_tracking_g1
                            Total steps: 4718592 
                       Steps per second: 82647 
                        Collection time: 0.957s 
                          Learning time: 0.233s 
                        Mean value loss: 1.7467
                    Mean surrogate loss: -0.0047
                      Mean entropy loss: 38.5644
                     Mean symmetry loss: 0.0019
                   Mean l2c2_actor loss: 0.0037
                  Mean l2c2_critic loss: 0.0097
                            Mean reward: -1992.42
                    Mean episode length: 644.40
                        Mean action std: 0.92
                    Entropy coefficient: 0.002500
              Curriculum/terrain_levels: 0.0000
        Episode_Reward/action_rate_rate: -18.3986
              Episode_Reward/not_moving: -3.7760
          Curriculum/polish_ground_slam: -1.0000
      Episode_Reward/joint_deviation_l1: -0.9177
        Episode_Reward/joint_torques_l2: -0.9568
               Curriculum/adaptive_lift: 0.9799
         Episode_Reward/ground_unloaded: -0.6990
           Episode_Reward/feet_distance: -0.4235
              Episode_Reward/torso_slam: -8.1578
        Episode_Reward/joint_vel_limits: -0.0021
      Episode_Reward/base_height_medium: 2.9045
        Episode_Reward/illegal_contacts: -0.4065
            Episode_Reward/joint_vel_l2: -1.3979
              Episode_Reward/torso_roll: -1.7246
           Curriculum/polish_not_moving: -1.0000
    Episode_Reward/joint_tracking_error: -3.6808
             Episode_Reward/ground_slam: -6.6404
       Episode_Reward/base_height_rough: 1.9016
        Episode_Reward/base_height_fine: 4.7186
        Episode_Reward/joint_pos_limits: -0.0165
     Episode_Reward/completely_airborne: -15.4424
         Curriculum/polish_joint_vel_l2: -0.0010
 Episode_Reward/joint_deviation_l1_arms: -0.5879
             Episode_Reward/action_rate: -41.3335
      Episode_Termination/invalid_state: 0.1308
        Curriculum/random_fallen_states: 0.0000
  Episode_Reward/feet_distance_standing: -0.3406
            Episode_Reward/joint_acc_l2: -0.1158
           Episode_Reward/forward_pitch: -1.1548
           Episode_Reward/torso_upright: -0.0577
               Episode_Reward/flat_feet: -2.1538
     Curriculum/polish_action_rate_rate: -0.1500
           Episode_Reward/ankle_torques: -0.1984
         Episode_Reward/severely_tilted: -0.0719
           Episode_Reward/feet_yaw_mean: -0.9101
            Metrics/height/height_error: 0.1094
           Episode_Reward/body_velocity: -16.2655
              Episode_Reward/feet_slide: -0.8188
           Episode_Termination/time_out: 0.8692
           Curriculum/polish_torso_slam: -5.0000
              Episode_Reward/relaxation: -8.4738
           Episode_Reward/torque_limits: -1.0913
--------------------------------------------------------------------------------
                         Iteration time: 1.19s
                           Time elapsed: 0:00:58
                                    ETA: 0:00:39

################################################################################
[1m                            Learning iteration 48/80                            [0m 

                               Run name: height_tracking_g1
                            Total steps: 4816896 
                       Steps per second: 82558 
                        Collection time: 0.958s 
                          Learning time: 0.233s 
                        Mean value loss: 1.5762
                    Mean surrogate loss: -0.0050
                      Mean entropy loss: 38.4978
                     Mean symmetry loss: 0.0018
                   Mean l2c2_actor loss: 0.0036
                  Mean l2c2_critic loss: 0.0094
                            Mean reward: -1997.60
                    Mean episode length: 697.21
                        Mean action std: 0.91
                    Entropy coefficient: 0.002500
              Curriculum/terrain_levels: 0.0000
        Episode_Reward/action_rate_rate: -21.0261
              Episode_Reward/not_moving: -4.5701
          Curriculum/polish_ground_slam: -1.0000
      Episode_Reward/joint_deviation_l1: -1.0403
        Episode_Reward/joint_torques_l2: -1.0991
               Curriculum/adaptive_lift: 0.9799
         Episode_Reward/ground_unloaded: -0.7977
           Episode_Reward/feet_distance: -0.4475
              Episode_Reward/torso_slam: -7.6861
        Episode_Reward/joint_vel_limits: -0.0021
      Episode_Reward/base_height_medium: 3.5033
        Episode_Reward/illegal_contacts: -0.4591
            Episode_Reward/joint_vel_l2: -1.5221
              Episode_Reward/torso_roll: -1.9289
           Curriculum/polish_not_moving: -1.0000
    Episode_Reward/joint_tracking_error: -4.0166
             Episode_Reward/ground_slam: -6.0038
       Episode_Reward/base_height_rough: 2.2481
        Episode_Reward/base_height_fine: 5.7851
        Episode_Reward/joint_pos_limits: -0.0180
     Episode_Reward/completely_airborne: -17.2280
         Curriculum/polish_joint_vel_l2: -0.0010
 Episode_Reward/joint_deviation_l1_arms: -0.6163
             Episode_Reward/action_rate: -47.2337
      Episode_Termination/invalid_state: 0.1281
        Curriculum/random_fallen_states: 0.0000
  Episode_Reward/feet_distance_standing: -0.3766
            Episode_Reward/joint_acc_l2: -0.1318
           Episode_Reward/forward_pitch: -1.2615
           Episode_Reward/torso_upright: -0.0738
               Episode_Reward/flat_feet: -2.4563
     Curriculum/polish_action_rate_rate: -0.1500
           Episode_Reward/ankle_torques: -0.2403
         Episode_Reward/severely_tilted: -0.0612
           Episode_Reward/feet_yaw_mean: -0.9278
            Metrics/height/height_error: 0.1183
           Episode_Reward/body_velocity: -15.1310
              Episode_Reward/feet_slide: -0.9000
           Episode_Termination/time_out: 0.8719
           Curriculum/polish_torso_slam: -5.0000
              Episode_Reward/relaxation: -9.8517
           Episode_Reward/torque_limits: -1.2256
--------------------------------------------------------------------------------
                         Iteration time: 1.19s
                           Time elapsed: 0:00:59
                                    ETA: 0:00:37

################################################################################
[1m                            Learning iteration 49/80                            [0m 

                               Run name: height_tracking_g1
                            Total steps: 4915200 
                       Steps per second: 83392 
                        Collection time: 0.946s 
                          Learning time: 0.233s 
                        Mean value loss: 1.6214
                    Mean surrogate loss: -0.0053
                      Mean entropy loss: 38.4167
                     Mean symmetry loss: 0.0019
                   Mean l2c2_actor loss: 0.0037
                  Mean l2c2_critic loss: 0.0101
                            Mean reward: -2039.31
                    Mean episode length: 669.90
                        Mean action std: 0.91
                    Entropy coefficient: 0.002500
              Curriculum/terrain_levels: 0.0000
        Episode_Reward/action_rate_rate: -19.8737
              Episode_Reward/not_moving: -4.3602
          Curriculum/polish_ground_slam: -1.0000
      Episode_Reward/joint_deviation_l1: -0.9173
        Episode_Reward/joint_torques_l2: -1.0522
               Curriculum/adaptive_lift: 0.9799
         Episode_Reward/ground_unloaded: -0.7729
           Episode_Reward/feet_distance: -0.4564
              Episode_Reward/torso_slam: -8.9501
        Episode_Reward/joint_vel_limits: -0.0023
      Episode_Reward/base_height_medium: 3.2320
        Episode_Reward/illegal_contacts: -0.4566
            Episode_Reward/joint_vel_l2: -1.5338
              Episode_Reward/torso_roll: -1.9067
           Curriculum/polish_not_moving: -1.0000
    Episode_Reward/joint_tracking_error: -4.0035
             Episode_Reward/ground_slam: -6.8535
       Episode_Reward/base_height_rough: 2.0909
        Episode_Reward/base_height_fine: 5.2979
        Episode_Reward/joint_pos_limits: -0.0180
     Episode_Reward/completely_airborne: -16.5986
         Curriculum/polish_joint_vel_l2: -0.0010
 Episode_Reward/joint_deviation_l1_arms: -0.5784
             Episode_Reward/action_rate: -44.6857
      Episode_Termination/invalid_state: 0.1242
        Curriculum/random_fallen_states: 0.0000
  Episode_Reward/feet_distance_standing: -0.3365
            Episode_Reward/joint_acc_l2: -0.1285
           Episode_Reward/forward_pitch: -1.2529
           Episode_Reward/torso_upright: -0.0587
               Episode_Reward/flat_feet: -2.4103
     Curriculum/polish_action_rate_rate: -0.1500
           Episode_Reward/ankle_torques: -0.2121
         Episode_Reward/severely_tilted: -0.0823
           Episode_Reward/feet_yaw_mean: -1.0588
            Metrics/height/height_error: 0.1112
           Episode_Reward/body_velocity: -16.9281
              Episode_Reward/feet_slide: -0.8585
           Episode_Termination/time_out: 0.8758
           Curriculum/polish_torso_slam: -5.0000
              Episode_Reward/relaxation: -9.6787
           Episode_Reward/torque_limits: -1.2006
--------------------------------------------------------------------------------
                         Iteration time: 1.18s
                           Time elapsed: 0:01:00
                                    ETA: 0:00:36

################################################################################
[1m                            Learning iteration 50/80                            [0m 

                               Run name: height_tracking_g1
                            Total steps: 5013504 
                       Steps per second: 82801 
                        Collection time: 0.953s 
                          Learning time: 0.234s 
                        Mean value loss: 1.5502
                    Mean surrogate loss: -0.0051
                      Mean entropy loss: 38.3656
                     Mean symmetry loss: 0.0020
                   Mean l2c2_actor loss: 0.0037
                  Mean l2c2_critic loss: 0.0102
                            Mean reward: -1954.70
                    Mean episode length: 673.62
                        Mean action std: 0.91
                    Entropy coefficient: 0.002500
              Curriculum/terrain_levels: 0.0000
        Episode_Reward/action_rate_rate: -19.5136
              Episode_Reward/not_moving: -4.2880
          Curriculum/polish_ground_slam: -1.0000
      Episode_Reward/joint_deviation_l1: -0.8584
        Episode_Reward/joint_torques_l2: -1.0232
               Curriculum/adaptive_lift: 0.9799
         Episode_Reward/ground_unloaded: -0.7833
           Episode_Reward/feet_distance: -0.4048
              Episode_Reward/torso_slam: -7.4780
        Episode_Reward/joint_vel_limits: -0.0020
      Episode_Reward/base_height_medium: 3.3234
        Episode_Reward/illegal_contacts: -0.4326
            Episode_Reward/joint_vel_l2: -1.4421
              Episode_Reward/torso_roll: -1.8450
           Curriculum/polish_not_moving: -1.0000
    Episode_Reward/joint_tracking_error: -3.7896
             Episode_Reward/ground_slam: -6.0305
       Episode_Reward/base_height_rough: 2.1367
        Episode_Reward/base_height_fine: 5.4311
        Episode_Reward/joint_pos_limits: -0.0173
     Episode_Reward/completely_airborne: -16.1903
         Curriculum/polish_joint_vel_l2: -0.0010
 Episode_Reward/joint_deviation_l1_arms: -0.5362
             Episode_Reward/action_rate: -43.8733
      Episode_Termination/invalid_state: 0.1221
        Curriculum/random_fallen_states: 0.0000
  Episode_Reward/feet_distance_standing: -0.2902
            Episode_Reward/joint_acc_l2: -0.1230
           Episode_Reward/forward_pitch: -1.1719
           Episode_Reward/torso_upright: -0.0575
               Episode_Reward/flat_feet: -2.3433
     Curriculum/polish_action_rate_rate: -0.1500
           Episode_Reward/ankle_torques: -0.2236
         Episode_Reward/severely_tilted: -0.0611
           Episode_Reward/feet_yaw_mean: -0.9122
            Metrics/height/height_error: 0.1183
           Episode_Reward/body_velocity: -14.8904
              Episode_Reward/feet_slide: -0.8501
           Episode_Termination/time_out: 0.8779
           Curriculum/polish_torso_slam: -5.0000
              Episode_Reward/relaxation: -8.6748
           Episode_Reward/torque_limits: -1.1554
--------------------------------------------------------------------------------
                         Iteration time: 1.19s
                           Time elapsed: 0:01:02
                                    ETA: 0:00:35

################################################################################
[1m                            Learning iteration 51/80                            [0m 

                               Run name: height_tracking_g1
                            Total steps: 5111808 
                       Steps per second: 82793 
                        Collection time: 0.953s 
                          Learning time: 0.234s 
                        Mean value loss: 1.4683
                    Mean surrogate loss: -0.0031
                      Mean entropy loss: 38.3174
                     Mean symmetry loss: 0.0020
                   Mean l2c2_actor loss: 0.0038
                  Mean l2c2_critic loss: 0.0096
                            Mean reward: -2039.51
                    Mean episode length: 689.26
                        Mean action std: 0.91
                    Entropy coefficient: 0.002500
              Curriculum/terrain_levels: 0.0000
        Episode_Reward/action_rate_rate: -19.1713
              Episode_Reward/not_moving: -4.3766
          Curriculum/polish_ground_slam: -1.0000
      Episode_Reward/joint_deviation_l1: -1.0470
        Episode_Reward/joint_torques_l2: -1.0140
               Curriculum/adaptive_lift: 0.9799
         Episode_Reward/ground_unloaded: -0.8350
           Episode_Reward/feet_distance: -0.4489
              Episode_Reward/torso_slam: -9.0349
        Episode_Reward/joint_vel_limits: -0.0021
      Episode_Reward/base_height_medium: 3.3757
        Episode_Reward/illegal_contacts: -0.4291
            Episode_Reward/joint_vel_l2: -1.4544
              Episode_Reward/torso_roll: -1.7665
           Curriculum/polish_not_moving: -1.0000
    Episode_Reward/joint_tracking_error: -3.8127
             Episode_Reward/ground_slam: -6.9503
       Episode_Reward/base_height_rough: 2.1437
        Episode_Reward/base_height_fine: 5.5467
        Episode_Reward/joint_pos_limits: -0.0174
     Episode_Reward/completely_airborne: -16.2148
         Curriculum/polish_joint_vel_l2: -0.0010
 Episode_Reward/joint_deviation_l1_arms: -0.6406
             Episode_Reward/action_rate: -43.0943
      Episode_Termination/invalid_state: 0.1203
        Curriculum/random_fallen_states: 0.0000
  Episode_Reward/feet_distance_standing: -0.3929
            Episode_Reward/joint_acc_l2: -0.1229
           Episode_Reward/forward_pitch: -1.1718
           Episode_Reward/torso_upright: -0.0705
               Episode_Reward/flat_feet: -2.2721
     Curriculum/polish_action_rate_rate: -0.1500
           Episode_Reward/ankle_torques: -0.2109
         Episode_Reward/severely_tilted: -0.0865
           Episode_Reward/feet_yaw_mean: -0.9886
            Metrics/height/height_error: 0.1323
           Episode_Reward/body_velocity: -16.8839
              Episode_Reward/feet_slide: -0.8485
           Episode_Termination/time_out: 0.8797
           Curriculum/polish_torso_slam: -5.0000
              Episode_Reward/relaxation: -7.6864
           Episode_Reward/torque_limits: -1.1423
--------------------------------------------------------------------------------
                         Iteration time: 1.19s
                           Time elapsed: 0:01:03
                                    ETA: 0:00:34

################################################################################
[1m                            Learning iteration 52/80                            [0m 

                               Run name: height_tracking_g1
                            Total steps: 5210112 
                       Steps per second: 82770 
                        Collection time: 0.955s 
                          Learning time: 0.233s 
                        Mean value loss: 1.4380
                    Mean surrogate loss: -0.0030
                      Mean entropy loss: 38.2311
                     Mean symmetry loss: 0.0020
                   Mean l2c2_actor loss: 0.0038
                  Mean l2c2_critic loss: 0.0093
                            Mean reward: -1988.26
                    Mean episode length: 689.72
                        Mean action std: 0.91
                    Entropy coefficient: 0.002500
              Curriculum/terrain_levels: 0.0000
        Episode_Reward/action_rate_rate: -20.2950
              Episode_Reward/not_moving: -4.3694
          Curriculum/polish_ground_slam: -1.0000
      Episode_Reward/joint_deviation_l1: -0.9531
        Episode_Reward/joint_torques_l2: -1.0396
               Curriculum/adaptive_lift: 0.9799
         Episode_Reward/ground_unloaded: -0.7844
           Episode_Reward/feet_distance: -0.4189
              Episode_Reward/torso_slam: -7.9138
        Episode_Reward/joint_vel_limits: -0.0021
      Episode_Reward/base_height_medium: 3.3249
        Episode_Reward/illegal_contacts: -0.4681
            Episode_Reward/joint_vel_l2: -1.5103
              Episode_Reward/torso_roll: -1.9153
           Curriculum/polish_not_moving: -1.0000
    Episode_Reward/joint_tracking_error: -3.8839
             Episode_Reward/ground_slam: -6.2808
       Episode_Reward/base_height_rough: 2.1635
        Episode_Reward/base_height_fine: 5.4637
        Episode_Reward/joint_pos_limits: -0.0175
     Episode_Reward/completely_airborne: -16.9015
         Curriculum/polish_joint_vel_l2: -0.0010
 Episode_Reward/joint_deviation_l1_arms: -0.5811
             Episode_Reward/action_rate: -45.6184
      Episode_Termination/invalid_state: 0.1185
        Curriculum/random_fallen_states: 0.0000
  Episode_Reward/feet_distance_standing: -0.3173
            Episode_Reward/joint_acc_l2: -0.1247
           Episode_Reward/forward_pitch: -1.2399
           Episode_Reward/torso_upright: -0.0642
               Episode_Reward/flat_feet: -2.4434
     Curriculum/polish_action_rate_rate: -0.1500
           Episode_Reward/ankle_torques: -0.2421
         Episode_Reward/severely_tilted: -0.0608
           Episode_Reward/feet_yaw_mean: -0.9253
            Metrics/height/height_error: 0.1258
           Episode_Reward/body_velocity: -15.1864
              Episode_Reward/feet_slide: -0.8776
           Episode_Termination/time_out: 0.8815
           Curriculum/polish_torso_slam: -5.0000
              Episode_Reward/relaxation: -9.4058
           Episode_Reward/torque_limits: -1.1610
--------------------------------------------------------------------------------
                         Iteration time: 1.19s
                           Time elapsed: 0:01:04
                                    ETA: 0:00:32

################################################################################
[1m                            Learning iteration 53/80                            [0m 

                               Run name: height_tracking_g1
                            Total steps: 5308416 
                       Steps per second: 82089 
                        Collection time: 0.965s 
                          Learning time: 0.233s 
                        Mean value loss: 1.2634
                    Mean surrogate loss: -0.0054
                      Mean entropy loss: 38.1423
                     Mean symmetry loss: 0.0019
                   Mean l2c2_actor loss: 0.0038
                  Mean l2c2_critic loss: 0.0100
                            Mean reward: -2027.80
                    Mean episode length: 726.97
                        Mean action std: 0.90
                    Entropy coefficient: 0.002500
              Curriculum/terrain_levels: 0.0000
        Episode_Reward/action_rate_rate: -20.4550
              Episode_Reward/not_moving: -4.6438
          Curriculum/polish_ground_slam: -1.0000
      Episode_Reward/joint_deviation_l1: -0.9644
        Episode_Reward/joint_torques_l2: -1.0719
               Curriculum/adaptive_lift: 0.9799
         Episode_Reward/ground_unloaded: -0.8530
           Episode_Reward/feet_distance: -0.4395
              Episode_Reward/torso_slam: -8.0492
        Episode_Reward/joint_vel_limits: -0.0020
      Episode_Reward/base_height_medium: 3.6186
        Episode_Reward/illegal_contacts: -0.4582
            Episode_Reward/joint_vel_l2: -1.4895
              Episode_Reward/torso_roll: -1.9096
           Curriculum/polish_not_moving: -1.0000
    Episode_Reward/joint_tracking_error: -3.9446
             Episode_Reward/ground_slam: -6.1138
       Episode_Reward/base_height_rough: 2.3068
        Episode_Reward/base_height_fine: 5.9603
        Episode_Reward/joint_pos_limits: -0.0183
     Episode_Reward/completely_airborne: -16.8172
         Curriculum/polish_joint_vel_l2: -0.0010
 Episode_Reward/joint_deviation_l1_arms: -0.5802
             Episode_Reward/action_rate: -45.9688
      Episode_Termination/invalid_state: 0.1165
        Curriculum/random_fallen_states: 0.0000
  Episode_Reward/feet_distance_standing: -0.3215
            Episode_Reward/joint_acc_l2: -0.1283
           Episode_Reward/forward_pitch: -1.2417
           Episode_Reward/torso_upright: -0.0675
               Episode_Reward/flat_feet: -2.4642
     Curriculum/polish_action_rate_rate: -0.1500
           Episode_Reward/ankle_torques: -0.2330
         Episode_Reward/severely_tilted: -0.0548
           Episode_Reward/feet_yaw_mean: -0.8892
            Metrics/height/height_error: 0.1277
           Episode_Reward/body_velocity: -15.3745
              Episode_Reward/feet_slide: -0.8854
           Episode_Termination/time_out: 0.8835
           Curriculum/polish_torso_slam: -5.0000
              Episode_Reward/relaxation: -8.6110
           Episode_Reward/torque_limits: -1.1759
--------------------------------------------------------------------------------
                         Iteration time: 1.20s
                           Time elapsed: 0:01:05
                                    ETA: 0:00:31

################################################################################
[1m                            Learning iteration 54/80                            [0m 

                               Run name: height_tracking_g1
                            Total steps: 5406720 
                       Steps per second: 82808 
                        Collection time: 0.953s 
                          Learning time: 0.234s 
                        Mean value loss: 1.2246
                    Mean surrogate loss: -0.0040
                      Mean entropy loss: 38.0823
                     Mean symmetry loss: 0.0020
                   Mean l2c2_actor loss: 0.0038
                  Mean l2c2_critic loss: 0.0106
                            Mean reward: -2007.51
                    Mean episode length: 699.67
                        Mean action std: 0.90
                    Entropy coefficient: 0.002500
              Curriculum/terrain_levels: 0.0000
        Episode_Reward/action_rate_rate: -20.3849
              Episode_Reward/not_moving: -4.6753
          Curriculum/polish_ground_slam: -1.0000
      Episode_Reward/joint_deviation_l1: -1.0672
        Episode_Reward/joint_torques_l2: -1.0608
               Curriculum/adaptive_lift: 0.9799
         Episode_Reward/ground_unloaded: -0.8483
           Episode_Reward/feet_distance: -0.4403
              Episode_Reward/torso_slam: -8.7318
        Episode_Reward/joint_vel_limits: -0.0022
      Episode_Reward/base_height_medium: 3.6970
        Episode_Reward/illegal_contacts: -0.4404
            Episode_Reward/joint_vel_l2: -1.5237
              Episode_Reward/torso_roll: -1.9070
           Curriculum/polish_not_moving: -1.0000
    Episode_Reward/joint_tracking_error: -3.9402
             Episode_Reward/ground_slam: -6.5707
       Episode_Reward/base_height_rough: 2.3550
        Episode_Reward/base_height_fine: 6.0771
        Episode_Reward/joint_pos_limits: -0.0183
     Episode_Reward/completely_airborne: -17.2989
         Curriculum/polish_joint_vel_l2: -0.0010
 Episode_Reward/joint_deviation_l1_arms: -0.6314
             Episode_Reward/action_rate: -45.8100
      Episode_Termination/invalid_state: 0.1123
        Curriculum/random_fallen_states: 0.0000
  Episode_Reward/feet_distance_standing: -0.3535
            Episode_Reward/joint_acc_l2: -0.1286
           Episode_Reward/forward_pitch: -1.1025
           Episode_Reward/torso_upright: -0.0690
               Episode_Reward/flat_feet: -2.4159
     Curriculum/polish_action_rate_rate: -0.1500
           Episode_Reward/ankle_torques: -0.2199
         Episode_Reward/severely_tilted: -0.0765
           Episode_Reward/feet_yaw_mean: -1.0268
            Metrics/height/height_error: 0.1224
           Episode_Reward/body_velocity: -16.1168
              Episode_Reward/feet_slide: -0.8893
           Episode_Termination/time_out: 0.8877
           Curriculum/polish_torso_slam: -5.0000
              Episode_Reward/relaxation: -8.4009
           Episode_Reward/torque_limits: -1.1704
--------------------------------------------------------------------------------
                         Iteration time: 1.19s
                           Time elapsed: 0:01:06
                                    ETA: 0:00:30

################################################################################
[1m                            Learning iteration 55/80                            [0m 

                               Run name: height_tracking_g1
                            Total steps: 5505024 
                       Steps per second: 82533 
                        Collection time: 0.958s 
                          Learning time: 0.233s 
                        Mean value loss: 1.4401
                    Mean surrogate loss: -0.0031
                      Mean entropy loss: 37.9984
                     Mean symmetry loss: 0.0020
                   Mean l2c2_actor loss: 0.0039
                  Mean l2c2_critic loss: 0.0111
                            Mean reward: -1908.17
                    Mean episode length: 663.50
                        Mean action std: 0.90
                    Entropy coefficient: 0.002500
              Curriculum/terrain_levels: 0.0000
        Episode_Reward/action_rate_rate: -19.4797
              Episode_Reward/not_moving: -4.0992
          Curriculum/polish_ground_slam: -1.0000
      Episode_Reward/joint_deviation_l1: -0.9028
        Episode_Reward/joint_torques_l2: -1.0277
               Curriculum/adaptive_lift: 0.9799
         Episode_Reward/ground_unloaded: -0.7335
           Episode_Reward/feet_distance: -0.4533
              Episode_Reward/torso_slam: -7.5003
        Episode_Reward/joint_vel_limits: -0.0020
      Episode_Reward/base_height_medium: 3.1232
        Episode_Reward/illegal_contacts: -0.4464
            Episode_Reward/joint_vel_l2: -1.4483
              Episode_Reward/torso_roll: -1.8776
           Curriculum/polish_not_moving: -1.0000
    Episode_Reward/joint_tracking_error: -3.7934
             Episode_Reward/ground_slam: -6.3151
       Episode_Reward/base_height_rough: 2.0465
        Episode_Reward/base_height_fine: 5.1432
        Episode_Reward/joint_pos_limits: -0.0175
     Episode_Reward/completely_airborne: -16.7240
         Curriculum/polish_joint_vel_l2: -0.0010
 Episode_Reward/joint_deviation_l1_arms: -0.5691
             Episode_Reward/action_rate: -43.7860
      Episode_Termination/invalid_state: 0.1089
        Curriculum/random_fallen_states: 0.0000
  Episode_Reward/feet_distance_standing: -0.3486
            Episode_Reward/joint_acc_l2: -0.1231
           Episode_Reward/forward_pitch: -1.1787
           Episode_Reward/torso_upright: -0.0575
               Episode_Reward/flat_feet: -2.3669
     Curriculum/polish_action_rate_rate: -0.1500
           Episode_Reward/ankle_torques: -0.2278
         Episode_Reward/severely_tilted: -0.0783
           Episode_Reward/feet_yaw_mean: -0.9578
            Metrics/height/height_error: 0.1133
           Episode_Reward/body_velocity: -15.8400
              Episode_Reward/feet_slide: -0.8386
           Episode_Termination/time_out: 0.8911
           Curriculum/polish_torso_slam: -5.0000
              Episode_Reward/relaxation: -9.8525
           Episode_Reward/torque_limits: -1.1568
--------------------------------------------------------------------------------
                         Iteration time: 1.19s
                           Time elapsed: 0:01:08
                                    ETA: 0:00:29

nefc overflow - please increase njmax to 378

==============================================================================
[watchdog] FIRST NON-FINITE at env-step 1349
[watchdog] leading quantity: joint_pos
[watchdog] envs affected: 1 / 4096   first env: 996
[watchdog] episode_length_buf[996] = 0 (0 means it reset this step)

[watchdog] all quantities THIS step (env 996):
    root_pos_w               finite      absmax=41.25
    root_quat_w              finite      absmax=0.5523
    root_lin_vel_w           finite      absmax=0.009205
    root_ang_vel_w           finite      absmax=0.18
    joint_pos                NON-FINITE  absmax=nan
    joint_vel                NON-FINITE  absmax=nan
    joint_acc                NON-FINITE  absmax=nan
    applied_torque           finite      absmax=139
    contact_net_forces_w     finite      absmax=0

[watchdog] PREVIOUS step (env 996) -- the last good state:
    root_pos_w               absmax=41.25
    root_quat_w              absmax=0.6177
    root_lin_vel_w           absmax=0.04834
    root_ang_vel_w           absmax=0.7063
    joint_pos                absmax=17.59
    joint_vel                absmax=3587
    joint_acc                absmax=7.683e+05
    applied_torque           absmax=139
    contact_net_forces_w     absmax=0
==============================================================================

Traceback (most recent call last):
  File "/workspace/WBC-AGILE-NEWTON/scripts/train.py", line 221, in <module>
    main()
  File "/workspace/WBC-AGILE-NEWTON/.venv/lib/python3.12/site-packages/isaaclab_tasks/utils/hydra.py", line 485, in wrapper
    _run_hydra(task, env_cfg, agent_cfg, hydra_args, lambda e, a: func(e, a, *args, **kwargs))
  File "/workspace/WBC-AGILE-NEWTON/.venv/lib/python3.12/site-packages/isaaclab_tasks/utils/hydra.py", line 426, in _run_hydra
    callback(env_cfg, agent_cfg)
  File "/workspace/WBC-AGILE-NEWTON/.venv/lib/python3.12/site-packages/isaaclab_tasks/utils/hydra.py", line 485, in <lambda>
    _run_hydra(task, env_cfg, agent_cfg, hydra_args, lambda e, a: func(e, a, *args, **kwargs))
                                                                  ^^^^^^^^^^^^^^^^^^^^^^^^^^^
  File "/workspace/WBC-AGILE-NEWTON/scripts/train.py", line 213, in main
    runner.learn(num_learning_iterations=agent_cfg.max_iterations, init_at_random_ep_len=True)
  File "/workspace/WBC-AGILE-NEWTON/.venv/lib/python3.12/site-packages/rsl_rl/runners/on_policy_runner.py", line 100, in learn
    check_nan(obs, rewards, dones)
  File "/workspace/WBC-AGILE-NEWTON/.venv/lib/python3.12/site-packages/rsl_rl/utils/utils.py", line 279, in check_nan
    raise ValueError(
ValueError: The observation group 'policy' returned by the environment contains NaN values. This usually indicates a bug in the environment's step() or reset() function.
EXIT=0
