The '--headless' CLI argument is deprecated. Omit '--viz' for default headless. If config visualizers are enabled and you want to force headless, use '--viz none'.
Loading user config located at: '/workspace/WBC-AGILE-NEWTON/.venv/lib/python3.12/site-packages/isaacsim/kit/data/Kit/IsaacLab/3.0/user.config.json'
2026-09-02T17:41:20Z [0ms] [Warning] [omni.ext.plugin] [ext: isaaclab_visualizers] Extensions config 'extension.toml' doesn't exist '/workspace/WBC-AGILE-NEWTON/.venv/lib/python3.12/site-packages/isaaclab/source/isaaclab_visualizers' or '/workspace/WBC-AGILE-NEWTON/.venv/lib/python3.12/site-packages/isaaclab/source/isaaclab_visualizers/config'
WARNING: All log messages before absl::InitializeLog() is called are written to STDERR
E0000 00:00:1788370880.530081   73446 descriptor_database.cc:633] File already exists in database: grpc/health/v1/health.proto
W0000 00:00:1788370880.530110   73446 message.cc:301] Protobuf GeneratedMessageFactory: File is already registered: grpc/health/v1/health.proto
2026-09-02T17:41:20Z [372ms] [Warning] [omni.usd_config.extension] Enable omni.materialx.libs extension to use MaterialX
2026-09-02T17:41:20Z [385ms] [Warning] [omni.platforminfo.plugin] failed to open the default display.  Can't verify X Server version.
2026-09-02T17:41:20Z [419ms] [Error] [omni.ext.plugin] Could not load the dynamic library from /workspace/WBC-AGILE-NEWTON/.venv/lib/python3.12/site-packages/isaacsim/extscache/omni.usd.libs-1.0.3+6312fa25.lx64.r.cp312/bin/libMaterialXRenderHw.so. Error: libXt.so.6: cannot open shared object file: No such file or directory (note that this may be caused by a dependent library)
2026-09-02T17:41:20Z [420ms] [Error] [omni.ext.plugin] Could not load the dynamic library from /workspace/WBC-AGILE-NEWTON/.venv/lib/python3.12/site-packages/isaacsim/extscache/omni.usd.libs-1.0.3+6312fa25.lx64.r.cp312/bin/libMaterialXRenderGlsl.so. Error: libXt.so.6: cannot open shared object file: No such file or directory (note that this may be caused by a dependent library)
2026-09-02T17:41:20Z [421ms] [Error] [omni.ext.plugin] Could not load the dynamic library from /workspace/WBC-AGILE-NEWTON/.venv/lib/python3.12/site-packages/isaacsim/extscache/omni.usd.libs-1.0.3+6312fa25.lx64.r.cp312/bin/libusd_usdBakeMtlx.so. Error: libXt.so.6: cannot open shared object file: No such file or directory (note that this may be caused by a dependent library)
2026-09-02T17:41:21Z [1,015ms] [Warning] [isaacsim.core.simulation_manager.plugin] USD stage is not available; stage-opened subscription is deferred
2026-09-02T17:41:21Z [1,015ms] [Warning] [isaacsim.core.simulation_manager.plugin] USD stage is not available; stage-opened subscription is deferred
[ISAACLAB] AppLauncher initialization complete
[watchdog] armed on RslRlVecEnvWrapper.step
[INFO]: Parsing configuration from: agile.rl_env.tasks.stand_up.g1.height_tracking_env_cfg:G1HeightTrackingEnvCfg
[INFO]: Parsing configuration from: agile.rl_env.tasks.stand_up.g1.agents.rsl_rl_ppo_cfg:G1HeightTrackingPpoRunnerCfg
[INFO] Logging experiment in directory: /workspace/WBC-AGILE-NEWTON/logs/rsl_rl/height_tracking_g1
Exact experiment name requested from command line: 2026-09-02_17-41-28
[INFO]: Base environment:
	Environment device    : cuda:0
	Environment seed      : 42
	Physics step-size     : 0.005
	Rendering step-size   : 0.02
	Environment step-size : 0.02
2026-09-02T17:41:29Z [8,583ms] [Warning] [isaaclab.terrains.terrain_importer] Visual material specified for ground plane but no diffuse color found. Using default color: (0.0, 0.0, 0.0)
[INFO]: Registered backend 'newton' for factory Articulation.
[INFO]: Setting variant selection 'PhysX' for variant set 'Physics' on prim '/World/envs/env_0/Robot'.
[INFO]: Setting variant selection 'None' for variant set 'left_hand' on prim '/World/envs/env_0/Robot'.
[INFO]: Setting variant selection 'None' for variant set 'right_hand' on prim '/World/envs/env_0/Robot'.
[INFO]: Registered backend 'newton' for factory FrameView.
[INFO]: Registered backend 'newton' for factory ContactSensor.
[INFO]: Registered backend 'newton' for factory RayCaster.
[INFO]: Time taken for scene creation Last: 15.241949 s, Mean: 15.241949 s, Std: 0.000000 s, N: 1
[INFO]: Scene manager:  <class InteractiveScene>
	Number of environments: 4096
	Environment spacing   : 2.5
	Source prim name      : /World/envs/env_0
	Global prim paths     : ['/World/ground']
	Replicate physics     : True
[INFO]: Dispatching MODEL_INIT callbacks
[INFO]: Finalizing model on device: cuda:0
/workspace/WBC-AGILE-NEWTON/.venv/lib/python3.12/site-packages/isaaclab_newton/physics/newton_manager.py:989: FutureWarning: Newton shape color replacement is enabled; this workaround will be deprecated in a future release.
  replace_newton_shape_colors(cls._model)
Finalize builder took: Last: 8.811706 s, Mean: 8.811706 s, Std: 0.000000 s, N: 1
[INFO]: Dispatching PHYSICS_READY callbacks
[INFO]: Simulation parameters for joints in /World/envs/env_.*/Robot:
+-------------------------------------------------------------------------------------------------------------------------------------------+
|                                     Simulation Joint Information (Prim path: /World/envs/env_.*/Robot)                                    |
+-------+----------------------------+-----------+---------+----------+-----------------+-----------------+-----------------+---------------+
| Index | Name                       | Stiffness | Damping | Armature | Static Friction | Position Limits | Velocity Limits | Effort Limits |
+-------+----------------------------+-----------+---------+----------+-----------------+-----------------+-----------------+---------------+
|   0   | left_hip_pitch_joint       |  100.000  |  2.500  |  0.020   |      0.010      | [-2.531, 2.880] |      32.000     |     88.000    |
|   1   | left_hip_roll_joint        |  100.000  |  2.500  |  0.020   |      0.010      | [-0.524, 2.967] |      32.000     |     88.000    |
|   2   | left_hip_yaw_joint         |  100.000  |  2.500  |  0.020   |      0.010      | [-2.758, 2.758] |      32.000     |     88.000    |
|   3   | left_knee_joint            |  100.000  |  2.500  |  0.020   |      0.010      | [-0.087, 2.880] |      20.000     |    139.000    |
|   4   | left_ankle_pitch_joint     |   20.000  |  1.000  |  0.020   |      0.010      | [-0.873, 0.524] |      37.000     |     50.000    |
|   5   | left_ankle_roll_joint      |   20.000  |  1.000  |  0.020   |      0.010      | [-0.262, 0.262] |      37.000     |     50.000    |
|   6   | right_hip_pitch_joint      |  100.000  |  2.500  |  0.020   |      0.010      | [-2.531, 2.880] |      32.000     |     88.000    |
|   7   | right_hip_roll_joint       |  100.000  |  2.500  |  0.020   |      0.010      | [-2.967, 0.524] |      32.000     |     88.000    |
|   8   | right_hip_yaw_joint        |  100.000  |  2.500  |  0.020   |      0.010      | [-2.758, 2.758] |      32.000     |     88.000    |
|   9   | right_knee_joint           |  100.000  |  2.500  |  0.020   |      0.010      | [-0.087, 2.880] |      20.000     |    139.000    |
|   10  | right_ankle_pitch_joint    |   20.000  |  1.000  |  0.020   |      0.010      | [-0.873, 0.524] |      37.000     |     50.000    |
|   11  | right_ankle_roll_joint     |   20.000  |  1.000  |  0.020   |      0.010      | [-0.262, 0.262] |      37.000     |     50.000    |
|   12  | waist_yaw_joint            |  100.000  |  2.500  |  0.020   |      0.010      | [-2.618, 2.618] |      32.000     |     88.000    |
|   13  | waist_roll_joint           |  100.000  |  2.500  |  0.020   |      0.010      | [-0.520, 0.520] |      37.000     |     50.000    |
|   14  | waist_pitch_joint          |  100.000  |  2.500  |  0.020   |      0.010      | [-0.520, 0.520] |      37.000     |     50.000    |
|   15  | left_shoulder_pitch_joint  |   20.000  |  0.500  |  0.020   |      0.010      | [-3.089, 2.670] |      37.000     |     25.000    |
|   16  | left_shoulder_roll_joint   |   20.000  |  0.500  |  0.020   |      0.010      | [-1.588, 2.251] |      37.000     |     25.000    |
|   17  | left_shoulder_yaw_joint    |   20.000  |  0.500  |  0.020   |      0.010      | [-2.618, 2.618] |      37.000     |     25.000    |
|   18  | left_elbow_joint           |   20.000  |  0.500  |  0.020   |      0.010      | [-1.047, 2.094] |      37.000     |     25.000    |
|   19  | left_wrist_roll_joint      |   20.000  |  0.200  |  0.020   |      0.010      | [-1.972, 1.972] |      37.000     |     25.000    |
|   20  | left_wrist_pitch_joint     |   20.000  |  0.200  |  0.020   |      0.010      | [-1.614, 1.614] |      22.000     |     5.000     |
|   21  | left_wrist_yaw_joint       |   20.000  |  0.200  |  0.020   |      0.010      | [-1.614, 1.614] |      22.000     |     5.000     |
|   22  | right_shoulder_pitch_joint |   20.000  |  0.500  |  0.020   |      0.010      | [-3.089, 2.670] |      37.000     |     25.000    |
|   23  | right_shoulder_roll_joint  |   20.000  |  0.500  |  0.020   |      0.010      | [-2.251, 1.588] |      37.000     |     25.000    |
|   24  | right_shoulder_yaw_joint   |   20.000  |  0.500  |  0.020   |      0.010      | [-2.618, 2.618] |      37.000     |     25.000    |
|   25  | right_elbow_joint          |   20.000  |  0.500  |  0.020   |      0.010      | [-1.047, 2.094] |      37.000     |     25.000    |
|   26  | right_wrist_roll_joint     |   20.000  |  0.200  |  0.020   |      0.010      | [-1.972, 1.972] |      37.000     |     25.000    |
|   27  | right_wrist_pitch_joint    |   20.000  |  0.200  |  0.020   |      0.010      | [-1.614, 1.614] |      22.000     |     5.000     |
|   28  | right_wrist_yaw_joint      |   20.000  |  0.200  |  0.020   |      0.010      | [-1.614, 1.614] |      22.000     |     5.000     |
+-------+----------------------------+-----------+---------+----------+-----------------+-----------------+-----------------+---------------+
[INFO]: Adding contact sensor for /World/envs/env_.*/Robot/.* with filter all bodies/shapes
Contact sensor construction took: Last: 0.123002 s, Mean: 0.123002 s, Std: 0.000000 s, N: 1
[INFO]: Contact sensor initialized with 30 sensors.
[INFO]: Creating buffers for contact sensor data with num_envs: 4096, num_sensors: 30, num_filter_objects: 0, history_length: 3, generate_force_matrix: False, track_air_time: True, track_pose: False, device: cuda:0
[INFO]: Creating buffers for contact sensor data with num_envs: 4096, num_sensors: 30, num_filter_objects: 0, history_length: 3, generate_force_matrix: False, track_air_time: True, track_pose: False, device: cuda:0
[INFO]: Created infinite plane mesh prim: /World/ground/terrain/GroundPlane/CollisionPlane.
Initialize solver took: Last: 1.916025 s, Mean: 1.916025 s, Std: 0.000000 s, N: 1
[INFO]: Newton CUDA graph captured (standard Warp mode)
CUDA graph took: Last: 1.038336 s, Mean: 1.038336 s, Std: 0.000000 s, N: 1
[newton] DC-motor torque-speed envelope active on 118784/143360 DOFs (4096 worlds x 30 joints) via jnt_actfrcrange + generator braking via dof_damping, velocity-limit band gain 50
[newton] joint-limit solref set to (0.02, 1) on 118784 joints; explicit limit spring disabled
[INFO]: Time taken for simulation start Last: 12.854366 s, Mean: 12.854366 s, Std: 0.000000 s, N: 1
[INFO] Command Manager:  <CommandManager> contains 1 active terms.
+--------------------------------------+
|         Active Command Terms         |
+-------+--------+---------------------+
| Index | Name   |         Type        |
+-------+--------+---------------------+
|   0   | height | SmoothHeightCommand |
+-------+--------+---------------------+

[INFO] Event Manager:  <EventManager> contains 3 active terms.
+----------------------------------------+
| Active Event Terms in Mode: 'startup'  |
+--------+-------------------------------+
| Index  | Name                          |
+--------+-------------------------------+
|   0    | randomize_physics_material    |
|   1    | randomize_actuator_gains      |
|   2    | randomize_bodies_mass         |
|   3    | randomize_base_mass           |
|   4    | randomize_base_com            |
+--------+-------------------------------+
+---------------------------------------------------------------------------+
|                   Active Event Terms in Mode: 'interval'                  |
+-------+-----------------------------------------+-------------------------+
| Index | Name                                    | Interval time range (s) |
+-------+-----------------------------------------+-------------------------+
|   0   | push_robot                              |       (0.0, 10.0)       |
|   1   | apply_external_force_torque             |       (0.0, 10.0)       |
|   2   | apply_external_force_torque_extremities |       (0.0, 10.0)       |
+-------+-----------------------------------------+-------------------------+
+----------------------------------+
| Active Event Terms in Mode: 'reset' |
+------------+---------------------+
|   Index    | Name                |
+------------+---------------------+
|     0      | reset_base          |
+------------+---------------------+

[INFO] Recorder Manager:  <RecorderManager> contains 0 active terms.
+---------------------+
| Active Recorder Terms |
+-----------+---------+
|   Index   | Name    |
+-----------+---------+
+-----------+---------+

[INFO]: Resolved joint names for the action term JointPositionAction: ['left_hip_pitch_joint', 'left_hip_roll_joint', 'left_hip_yaw_joint', 'left_knee_joint', 'left_ankle_pitch_joint', 'left_ankle_roll_joint', 'right_hip_pitch_joint', 'right_hip_roll_joint', 'right_hip_yaw_joint', 'right_knee_joint', 'right_ankle_pitch_joint', 'right_ankle_roll_joint', 'waist_yaw_joint', 'waist_roll_joint', 'waist_pitch_joint', 'left_shoulder_pitch_joint', 'left_shoulder_roll_joint', 'left_shoulder_yaw_joint', 'left_elbow_joint', 'left_wrist_roll_joint', 'left_wrist_pitch_joint', 'left_wrist_yaw_joint', 'right_shoulder_pitch_joint', 'right_shoulder_roll_joint', 'right_shoulder_yaw_joint', 'right_elbow_joint', 'right_wrist_roll_joint', 'right_wrist_pitch_joint', 'right_wrist_yaw_joint'] [[0, 1, 2, 3, 4, 5, 6, 7, 8, 9, 10, 11, 12, 13, 14, 15, 16, 17, 18, 19, 20, 21, 22, 23, 24, 25, 26, 27, 28]]
[INFO] Action Manager:  <ActionManager> contains 2 active terms.
+------------------------------------+
|  Active Action Terms (shape: 29)   |
+--------+-------------+-------------+
| Index  | Name        |   Dimension |
+--------+-------------+-------------+
|   0    | joint_pos   |          29 |
|   1    | lift        |           0 |
+--------+-------------+-------------+

[INFO] Observation Manager: <ObservationManager> contains 2 groups.
+----------------------------------------------+
| Active Observation Terms in Group: 'policy'  |
+---------+------------------------+-----------+
|  Index  | Name                   |   Shape   |
+---------+------------------------+-----------+
|    0    | base_ang_vel           |   (5, 3)  |
|    1    | projected_gravity      |   (5, 3)  |
|    2    | joint_pos              |  (5, 29)  |
|    3    | joint_vel              |  (5, 29)  |
|    4    | actions                |  (5, 29)  |
|    5    | height_command         |   (5, 1)  |
+---------+------------------------+-----------+
+----------------------------------------------+
| Active Observation Terms in Group: 'critic'  |
+---------+------------------------+-----------+
|  Index  | Name                   |   Shape   |
+---------+------------------------+-----------+
|    0    | projected_gravity      |   (5, 3)  |
|    1    | base_lin_vel           |   (5, 3)  |
|    2    | base_ang_vel           |   (5, 3)  |
|    3    | joint_pos              |  (5, 29)  |
|    4    | joint_vel              |  (5, 29)  |
|    5    | actions                |  (5, 29)  |
|    6    | contact_forces         |  (5, 30)  |
|    7    | base_height            |   (5, 1)  |
|    8    | height_command         |   (5, 1)  |
+---------+------------------------+-----------+

[INFO] Termination Manager:  <TerminationManager> contains 2 active terms.
+----------------------------------+
|     Active Termination Terms     |
+-------+---------------+----------+
| Index | Name          | Time Out |
+-------+---------------+----------+
|   0   | time_out      |   True   |
|   1   | invalid_state |  False   |
+-------+---------------+----------+

[INFO] Reward Manager:  <RewardManager> contains 32 active terms.
+--------------------------------------------+
|            Active Reward Terms             |
+-------+-------------------------+----------+
| Index | Name                    |   Weight |
+-------+-------------------------+----------+
|   0   | joint_torques_l2        |   -5e-05 |
|   1   | torque_limits           |    -0.01 |
|   2   | joint_acc_l2            | -2.5e-08 |
|   3   | joint_pos_limits        |     -0.1 |
|   4   | joint_vel_limits        |    -0.01 |
|   5   | action_rate             |     -1.0 |
|   6   | action_rate_rate        |    -0.15 |
|   7   | joint_vel_l2            |   -0.001 |
|   8   | joint_tracking_error    |     -0.5 |
|   9   | base_height_rough       |      4.0 |
|   10  | base_height_medium      |      8.0 |
|   11  | base_height_fine        |     16.0 |
|   12  | relaxation              |     -1.0 |
|   13  | joint_deviation_l1      |     -0.5 |
|   14  | joint_deviation_l1_arms |     -0.5 |
|   15  | ankle_torques           |   -0.001 |
|   16  | not_moving              |     -1.0 |
|   17  | torso_upright           |     -1.0 |
|   18  | severely_tilted         |     -5.0 |
|   19  | torso_roll              |     -5.0 |
|   20  | forward_pitch           |    -10.0 |
|   21  | illegal_contacts        |     -2.0 |
|   22  | feet_distance           |     -5.0 |
|   23  | feet_distance_standing  |    -10.0 |
|   24  | ground_unloaded         |     -2.0 |
|   25  | flat_feet               |     -1.0 |
|   26  | feet_slide              |     -1.0 |
|   27  | feet_yaw_mean           |     -2.0 |
|   28  | completely_airborne     |    -50.0 |
|   29  | body_velocity           |     -0.1 |
|   30  | ground_slam             |     -1.0 |
|   31  | torso_slam              |     -5.0 |
+-------+-------------------------+----------+

[INFO] Curriculum Manager:  <CurriculumManager> contains 8 active terms.
+---------------------------------+
|     Active Curriculum Terms     |
+-------+-------------------------+
| Index | Name                    |
+-------+-------------------------+
|   0   | adaptive_lift           |
|   1   | terrain_levels          |
|   2   | polish_action_rate_rate |
|   3   | polish_ground_slam      |
|   4   | polish_torso_slam       |
|   5   | polish_not_moving       |
|   6   | polish_joint_vel_l2     |
|   7   | random_fallen_states    |
+-------+-------------------------+

/workspace/WBC-AGILE-NEWTON/.venv/lib/python3.12/site-packages/isaaclab/source/isaaclab/isaaclab/envs/mdp/events.py:742: UserWarning: In Newton, body com pose always has unit quaternion. Consider using body_com_pos_b instead.Querying this property requires appending a unit quaternion to the position which is expensive.
  self.default_com = self.asset.data.body_com_pose_b.torch.clone()
[INFO]: Completed setting up the environment...
/workspace/WBC-AGILE-NEWTON/.venv/lib/python3.12/site-packages/rsl_rl/utils/utils.py:220: UserWarning: The observation configuration dictionary 'obs_groups' is empty and thus likely not configured. Consider configuring the 'obs_groups' dictionary explicitly
  warnings.warn(
/workspace/WBC-AGILE-NEWTON/.venv/lib/python3.12/site-packages/rsl_rl/utils/utils.py:251: UserWarning: The observation configuration dictionary 'obs_groups' does not contain the 'actor' key. As an observation group with the name 'policy' was found, this is assumed to be the appropriate observation. Consider adding the 'actor' key to the 'obs_groups' dictionary for clarity. This behavior will be removed in a future version.
  warnings.warn(
/workspace/WBC-AGILE-NEWTON/.venv/lib/python3.12/site-packages/rsl_rl/utils/utils.py:243: UserWarning: The observation configuration dictionary 'obs_groups' does not contain the 'critic' key. As an observation group with the name 'critic' was found, this is assumed to be the appropriate observation. Consider adding the 'critic' key to the 'obs_groups' dictionary for clarity. This behavior will be removed in a future version.
  warnings.warn(
--------------------------------------------------------------------------------
Resolved observation sets: 
	 actor :  ['policy']
	 critic :  ['critic']
--------------------------------------------------------------------------------
Actor Model: MLPModel(
  (obs_normalizer): Identity()
  (distribution): GaussianDistribution()
  (mlp): MLP(
    (0): Linear(in_features=470, out_features=256, bias=True)
    (1): ELU(alpha=1.0)
    (2): Linear(in_features=256, out_features=256, bias=True)
    (3): ELU(alpha=1.0)
    (4): Linear(in_features=256, out_features=128, bias=True)
    (5): ELU(alpha=1.0)
    (6): Linear(in_features=128, out_features=29, bias=True)
  )
)
Critic Model: MLPModel(
  (obs_normalizer): Identity()
  (mlp): MLP(
    (0): Linear(in_features=640, out_features=512, bias=True)
    (1): ELU(alpha=1.0)
    (2): Linear(in_features=512, out_features=256, bias=True)
    (3): ELU(alpha=1.0)
    (4): Linear(in_features=256, out_features=128, bias=True)
    (5): ELU(alpha=1.0)
    (6): Linear(in_features=128, out_features=1, bias=True)
  )
)
Storing git diff for 'WBC-AGILE-NEWTON' in: /workspace/WBC-AGILE-NEWTON/logs/rsl_rl/height_tracking_g1/2026-09-02_17-41-28_height_tracking_g1/git/WBC-AGILE-NEWTON.diff
################################################################################
[1m                            Learning iteration 0/60                             [0m 

                               Run name: height_tracking_g1
                            Total steps: 98304 
                       Steps per second: 18988 
                        Collection time: 4.596s 
                          Learning time: 0.582s 
                        Mean value loss: 9.5796
                    Mean surrogate loss: 0.0332
                      Mean entropy loss: 41.0985
                     Mean symmetry loss: 0.0029
                   Mean l2c2_actor loss: 0.0011
                  Mean l2c2_critic loss: 0.0078
                            Mean reward: -50.11
                    Mean episode length: 16.49
                        Mean action std: 1.00
                    Entropy coefficient: 0.002500
 Episode_Reward/joint_deviation_l1_arms: -0.0173
             Episode_Reward/ground_slam: -0.0697
          Curriculum/polish_ground_slam: -1.0000
      Episode_Reward/joint_deviation_l1: -0.0360
        Episode_Reward/base_height_fine: 0.0742
           Episode_Reward/forward_pitch: -0.0117
           Episode_Reward/body_velocity: -0.2304
           Episode_Reward/torso_upright: 0.0000
              Episode_Reward/torso_slam: -0.1164
              Curriculum/terrain_levels: 0.0000
           Episode_Reward/feet_distance: -0.0026
            Metrics/height/height_error: 0.0000
    Episode_Reward/joint_tracking_error: -0.0787
              Episode_Reward/torso_roll: -0.0276
     Curriculum/polish_action_rate_rate: -0.1500
  Episode_Reward/feet_distance_standing: -0.0039
           Curriculum/polish_torso_slam: -5.0000
        Episode_Reward/illegal_contacts: -0.0023
      Episode_Reward/base_height_medium: 0.0482
              Episode_Reward/not_moving: -0.0545
            Episode_Reward/joint_vel_l2: -0.0323
               Episode_Reward/flat_feet: -0.0287
         Curriculum/polish_joint_vel_l2: -0.0010
        Curriculum/random_fallen_states: 0.0000
           Episode_Termination/time_out: 0.0165
      Episode_Termination/invalid_state: 0.0001
        Episode_Reward/joint_torques_l2: -0.0208
       Episode_Reward/base_height_rough: 0.0331
         Episode_Reward/severely_tilted: -0.0007
        Episode_Reward/action_rate_rate: -0.3965
             Episode_Reward/action_rate: -0.9190
           Episode_Reward/torque_limits: -0.0270
        Episode_Reward/joint_vel_limits: -0.0001
           Curriculum/polish_not_moving: -1.0000
            Episode_Reward/joint_acc_l2: 0.0000
        Episode_Reward/joint_pos_limits: -0.0003
               Curriculum/adaptive_lift: 1.0000
              Episode_Reward/relaxation: -0.1531
           Episode_Reward/feet_yaw_mean: -0.0119
     Episode_Reward/completely_airborne: -0.3350
         Episode_Reward/ground_unloaded: -0.0136
              Episode_Reward/feet_slide: -0.0151
           Episode_Reward/ankle_torques: -0.0052
--------------------------------------------------------------------------------
                         Iteration time: 5.18s
                           Time elapsed: 0:00:05
                                    ETA: 0:05:05

################################################################################
[1m                            Learning iteration 1/60                             [0m 

                               Run name: height_tracking_g1
                            Total steps: 196608 
                       Steps per second: 27019 
                        Collection time: 3.221s 
                          Learning time: 0.418s 
                        Mean value loss: 15.6188
                    Mean surrogate loss: 0.0076
                      Mean entropy loss: 41.0795
                     Mean symmetry loss: 0.0021
                   Mean l2c2_actor loss: 0.0011
                  Mean l2c2_critic loss: 0.0264
                            Mean reward: -184.67
                    Mean episode length: 42.32
                        Mean action std: 1.00
                    Entropy coefficient: 0.002500
 Episode_Reward/joint_deviation_l1_arms: -0.0765
             Episode_Reward/ground_slam: -0.5761
          Curriculum/polish_ground_slam: -1.0000
      Episode_Reward/joint_deviation_l1: -0.1277
        Episode_Reward/base_height_fine: 0.2547
           Episode_Reward/forward_pitch: -0.0579
           Episode_Reward/body_velocity: -2.0605
           Episode_Reward/torso_upright: 0.0000
              Episode_Reward/torso_slam: -0.7803
              Curriculum/terrain_levels: 0.0000
           Episode_Reward/feet_distance: -0.0283
            Metrics/height/height_error: 0.0000
    Episode_Reward/joint_tracking_error: -0.3162
              Episode_Reward/torso_roll: -0.0982
     Curriculum/polish_action_rate_rate: -0.1500
  Episode_Reward/feet_distance_standing: -0.0402
           Curriculum/polish_torso_slam: -5.0000
        Episode_Reward/illegal_contacts: -0.0149
      Episode_Reward/base_height_medium: 0.1612
              Episode_Reward/not_moving: -0.2665
            Episode_Reward/joint_vel_l2: -0.1223
               Episode_Reward/flat_feet: -0.1016
         Curriculum/polish_joint_vel_l2: -0.0010
        Curriculum/random_fallen_states: 0.0000
           Episode_Termination/time_out: 0.0477
      Episode_Termination/invalid_state: 0.0046
        Episode_Reward/joint_torques_l2: -0.0683
       Episode_Reward/base_height_rough: 0.1068
         Episode_Reward/severely_tilted: -0.0148
        Episode_Reward/action_rate_rate: -1.2100
             Episode_Reward/action_rate: -2.7319
           Episode_Reward/torque_limits: -0.0998
        Episode_Reward/joint_vel_limits: -0.0004
           Curriculum/polish_not_moving: -1.0000
            Episode_Reward/joint_acc_l2: 0.0000
        Episode_Reward/joint_pos_limits: -0.0012
               Curriculum/adaptive_lift: 0.9999
              Episode_Reward/relaxation: -0.4337
           Episode_Reward/feet_yaw_mean: -0.0665
     Episode_Reward/completely_airborne: -1.0568
         Episode_Reward/ground_unloaded: -0.0500
              Episode_Reward/feet_slide: -0.0460
           Episode_Reward/ankle_torques: -0.0138
--------------------------------------------------------------------------------
                         Iteration time: 3.64s
                           Time elapsed: 0:00:08
                                    ETA: 0:04:15

################################################################################
[1m                            Learning iteration 2/60                             [0m 

                               Run name: height_tracking_g1
                            Total steps: 294912 
                       Steps per second: 26806 
                        Collection time: 3.223s 
                          Learning time: 0.444s 
                        Mean value loss: 14.9749
                    Mean surrogate loss: -0.0079
                      Mean entropy loss: 41.0102
                     Mean symmetry loss: 0.0009
                   Mean l2c2_actor loss: 0.0012
                  Mean l2c2_critic loss: 0.0190
                            Mean reward: -287.46
                    Mean episode length: 64.51
                        Mean action std: 1.00
                    Entropy coefficient: 0.002500
 Episode_Reward/joint_deviation_l1_arms: -0.1146
             Episode_Reward/ground_slam: -1.1593
          Curriculum/polish_ground_slam: -1.0000
      Episode_Reward/joint_deviation_l1: -0.1789
        Episode_Reward/base_height_fine: 0.3805
           Episode_Reward/forward_pitch: -0.1009
           Episode_Reward/body_velocity: -3.8442
           Episode_Reward/torso_upright: -0.0018
              Episode_Reward/torso_slam: -1.5002
              Curriculum/terrain_levels: 0.0000
           Episode_Reward/feet_distance: -0.0591
            Metrics/height/height_error: 0.0000
    Episode_Reward/joint_tracking_error: -0.5499
              Episode_Reward/torso_roll: -0.1637
     Curriculum/polish_action_rate_rate: -0.1500
  Episode_Reward/feet_distance_standing: -0.0704
           Curriculum/polish_torso_slam: -5.0000
        Episode_Reward/illegal_contacts: -0.0304
      Episode_Reward/base_height_medium: 0.2498
              Episode_Reward/not_moving: -0.3676
            Episode_Reward/joint_vel_l2: -0.2041
               Episode_Reward/flat_feet: -0.1802
         Curriculum/polish_joint_vel_l2: -0.0010
        Curriculum/random_fallen_states: 0.0000
           Episode_Termination/time_out: 0.0804
      Episode_Termination/invalid_state: 0.0181
        Episode_Reward/joint_torques_l2: -0.1122
       Episode_Reward/base_height_rough: 0.1712
         Episode_Reward/severely_tilted: -0.0245
        Episode_Reward/action_rate_rate: -1.9747
             Episode_Reward/action_rate: -4.4310
           Episode_Reward/torque_limits: -0.1701
        Episode_Reward/joint_vel_limits: -0.0006
           Curriculum/polish_not_moving: -1.0000
            Episode_Reward/joint_acc_l2: 0.0000
        Episode_Reward/joint_pos_limits: -0.0023
               Curriculum/adaptive_lift: 0.9983
              Episode_Reward/relaxation: -0.6650
           Episode_Reward/feet_yaw_mean: -0.1580
     Episode_Reward/completely_airborne: -1.6345
         Episode_Reward/ground_unloaded: -0.0834
              Episode_Reward/feet_slide: -0.0823
           Episode_Reward/ankle_torques: -0.0229
--------------------------------------------------------------------------------
                         Iteration time: 3.67s
                           Time elapsed: 0:00:12
                                    ETA: 0:03:57

################################################################################
[1m                            Learning iteration 3/60                             [0m 

                               Run name: height_tracking_g1
                            Total steps: 393216 
                       Steps per second: 28089 
                        Collection time: 3.056s 
                          Learning time: 0.444s 
                        Mean value loss: 14.0621
                    Mean surrogate loss: -0.0117
                      Mean entropy loss: 40.9607
                     Mean symmetry loss: 0.0006
                   Mean l2c2_actor loss: 0.0014
                  Mean l2c2_critic loss: 0.0211
                            Mean reward: -371.33
                    Mean episode length: 79.70
                        Mean action std: 0.99
                    Entropy coefficient: 0.002500
 Episode_Reward/joint_deviation_l1_arms: -0.1558
             Episode_Reward/ground_slam: -1.8200
          Curriculum/polish_ground_slam: -1.0000
      Episode_Reward/joint_deviation_l1: -0.2374
        Episode_Reward/base_height_fine: 0.4834
           Episode_Reward/forward_pitch: -0.1383
           Episode_Reward/body_velocity: -5.7306
           Episode_Reward/torso_upright: -0.0046
              Episode_Reward/torso_slam: -2.2916
              Curriculum/terrain_levels: 0.0000
           Episode_Reward/feet_distance: -0.0889
            Metrics/height/height_error: 0.0000
    Episode_Reward/joint_tracking_error: -0.7588
              Episode_Reward/torso_roll: -0.2194
     Curriculum/polish_action_rate_rate: -0.1500
  Episode_Reward/feet_distance_standing: -0.0978
           Curriculum/polish_torso_slam: -5.0000
        Episode_Reward/illegal_contacts: -0.0410
      Episode_Reward/base_height_medium: 0.3131
              Episode_Reward/not_moving: -0.5007
            Episode_Reward/joint_vel_l2: -0.2733
               Episode_Reward/flat_feet: -0.2425
         Curriculum/polish_joint_vel_l2: -0.0010
        Curriculum/random_fallen_states: 0.0000
           Episode_Termination/time_out: 0.1139
      Episode_Termination/invalid_state: 0.0333
        Episode_Reward/joint_torques_l2: -0.1520
       Episode_Reward/base_height_rough: 0.2148
         Episode_Reward/severely_tilted: -0.0374
        Episode_Reward/action_rate_rate: -2.5563
             Episode_Reward/action_rate: -5.7218
           Episode_Reward/torque_limits: -0.2329
        Episode_Reward/joint_vel_limits: -0.0009
           Curriculum/polish_not_moving: -1.0000
            Episode_Reward/joint_acc_l2: 0.0000
        Episode_Reward/joint_pos_limits: -0.0031
               Curriculum/adaptive_lift: 0.9959
              Episode_Reward/relaxation: -1.0557
           Episode_Reward/feet_yaw_mean: -0.2455
     Episode_Reward/completely_airborne: -2.2332
         Episode_Reward/ground_unloaded: -0.1081
              Episode_Reward/feet_slide: -0.1109
           Episode_Reward/ankle_torques: -0.0302
--------------------------------------------------------------------------------
                         Iteration time: 3.50s
                           Time elapsed: 0:00:15
                                    ETA: 0:03:43

################################################################################
[1m                            Learning iteration 4/60                             [0m 

                               Run name: height_tracking_g1
                            Total steps: 491520 
                       Steps per second: 26686 
                        Collection time: 3.241s 
                          Learning time: 0.443s 
                        Mean value loss: 13.4120
                    Mean surrogate loss: -0.0123
                      Mean entropy loss: 40.9335
                     Mean symmetry loss: 0.0006
                   Mean l2c2_actor loss: 0.0015
                  Mean l2c2_critic loss: 0.0129
                            Mean reward: -450.89
                    Mean episode length: 95.24
                        Mean action std: 0.99
                    Entropy coefficient: 0.002500
 Episode_Reward/joint_deviation_l1_arms: -0.1904
             Episode_Reward/ground_slam: -2.1766
          Curriculum/polish_ground_slam: -1.0000
      Episode_Reward/joint_deviation_l1: -0.2782
        Episode_Reward/base_height_fine: 0.6163
           Episode_Reward/forward_pitch: -0.1789
           Episode_Reward/body_velocity: -6.9651
           Episode_Reward/torso_upright: -0.0050
              Episode_Reward/torso_slam: -2.8040
              Curriculum/terrain_levels: 0.0000
           Episode_Reward/feet_distance: -0.1178
            Metrics/height/height_error: 0.0965
    Episode_Reward/joint_tracking_error: -0.9562
              Episode_Reward/torso_roll: -0.2777
     Curriculum/polish_action_rate_rate: -0.1500
  Episode_Reward/feet_distance_standing: -0.1364
           Curriculum/polish_torso_slam: -5.0000
        Episode_Reward/illegal_contacts: -0.0564
      Episode_Reward/base_height_medium: 0.4034
              Episode_Reward/not_moving: -0.6449
            Episode_Reward/joint_vel_l2: -0.3441
               Episode_Reward/flat_feet: -0.3161
         Curriculum/polish_joint_vel_l2: -0.0010
        Curriculum/random_fallen_states: 0.0000
           Episode_Termination/time_out: 0.1411
      Episode_Termination/invalid_state: 0.0497
        Episode_Reward/joint_torques_l2: -0.1907
       Episode_Reward/base_height_rough: 0.2768
         Episode_Reward/severely_tilted: -0.0396
        Episode_Reward/action_rate_rate: -3.2065
             Episode_Reward/action_rate: -7.1635
           Episode_Reward/torque_limits: -0.2971
        Episode_Reward/joint_vel_limits: -0.0011
           Curriculum/polish_not_moving: -1.0000
            Episode_Reward/joint_acc_l2: 0.0000
        Episode_Reward/joint_pos_limits: -0.0040
               Curriculum/adaptive_lift: 0.9935
              Episode_Reward/relaxation: -1.2872
           Episode_Reward/feet_yaw_mean: -0.3433
     Episode_Reward/completely_airborne: -2.7872
         Episode_Reward/ground_unloaded: -0.1369
              Episode_Reward/feet_slide: -0.1407
           Episode_Reward/ankle_torques: -0.0374
--------------------------------------------------------------------------------
                         Iteration time: 3.68s
                           Time elapsed: 0:00:19
                                    ETA: 0:03:36

################################################################################
[1m                            Learning iteration 5/60                             [0m 

                               Run name: height_tracking_g1
                            Total steps: 589824 
                       Steps per second: 26962 
                        Collection time: 3.202s 
                          Learning time: 0.444s 
                        Mean value loss: 12.1717
                    Mean surrogate loss: -0.0133
                      Mean entropy loss: 40.9070
                     Mean symmetry loss: 0.0006
                   Mean l2c2_actor loss: 0.0017
                  Mean l2c2_critic loss: 0.0100
                            Mean reward: -611.79
                    Mean episode length: 126.18
                        Mean action std: 0.99
                    Entropy coefficient: 0.002500
 Episode_Reward/joint_deviation_l1_arms: -0.2312
             Episode_Reward/ground_slam: -2.9575
          Curriculum/polish_ground_slam: -1.0000
      Episode_Reward/joint_deviation_l1: -0.3314
        Episode_Reward/base_height_fine: 0.6759
           Episode_Reward/forward_pitch: -0.2187
           Episode_Reward/body_velocity: -8.8696
           Episode_Reward/torso_upright: -0.0067
              Episode_Reward/torso_slam: -3.6128
              Curriculum/terrain_levels: 0.0000
           Episode_Reward/feet_distance: -0.1513
            Metrics/height/height_error: 0.1238
    Episode_Reward/joint_tracking_error: -1.1946
              Episode_Reward/torso_roll: -0.3458
     Curriculum/polish_action_rate_rate: -0.1500
  Episode_Reward/feet_distance_standing: -0.1591
           Curriculum/polish_torso_slam: -5.0000
        Episode_Reward/illegal_contacts: -0.0688
      Episode_Reward/base_height_medium: 0.4542
              Episode_Reward/not_moving: -0.6901
            Episode_Reward/joint_vel_l2: -0.4201
               Episode_Reward/flat_feet: -0.3929
         Curriculum/polish_joint_vel_l2: -0.0010
        Curriculum/random_fallen_states: 0.0000
           Episode_Termination/time_out: 0.1637
      Episode_Termination/invalid_state: 0.0649
        Episode_Reward/joint_torques_l2: -0.2387
       Episode_Reward/base_height_rough: 0.3238
         Episode_Reward/severely_tilted: -0.0546
        Episode_Reward/action_rate_rate: -3.9362
             Episode_Reward/action_rate: -8.8041
           Episode_Reward/torque_limits: -0.3678
        Episode_Reward/joint_vel_limits: -0.0013
           Curriculum/polish_not_moving: -1.0000
            Episode_Reward/joint_acc_l2: 0.0000
        Episode_Reward/joint_pos_limits: -0.0050
               Curriculum/adaptive_lift: 0.9914
              Episode_Reward/relaxation: -1.8576
           Episode_Reward/feet_yaw_mean: -0.4469
     Episode_Reward/completely_airborne: -3.3981
         Episode_Reward/ground_unloaded: -0.1537
              Episode_Reward/feet_slide: -0.1815
           Episode_Reward/ankle_torques: -0.0473
--------------------------------------------------------------------------------
                         Iteration time: 3.65s
                           Time elapsed: 0:00:23
                                    ETA: 0:03:29

################################################################################
[1m                            Learning iteration 6/60                             [0m 

                               Run name: height_tracking_g1
                            Total steps: 688128 
                       Steps per second: 26802 
                        Collection time: 3.268s 
                          Learning time: 0.400s 
                        Mean value loss: 11.2861
                    Mean surrogate loss: -0.0130
                      Mean entropy loss: 40.8693
                     Mean symmetry loss: 0.0006
                   Mean l2c2_actor loss: 0.0019
                  Mean l2c2_critic loss: 0.0128
                            Mean reward: -676.18
                    Mean episode length: 147.11
                        Mean action std: 0.99
                    Entropy coefficient: 0.002500
 Episode_Reward/joint_deviation_l1_arms: -0.2506
             Episode_Reward/ground_slam: -2.8219
          Curriculum/polish_ground_slam: -1.0000
      Episode_Reward/joint_deviation_l1: -0.3540
        Episode_Reward/base_height_fine: 0.8281
           Episode_Reward/forward_pitch: -0.2580
           Episode_Reward/body_velocity: -8.7205
           Episode_Reward/torso_upright: -0.0077
              Episode_Reward/torso_slam: -3.8611
              Curriculum/terrain_levels: 0.0000
           Episode_Reward/feet_distance: -0.1678
            Metrics/height/height_error: 0.1233
    Episode_Reward/joint_tracking_error: -1.3405
              Episode_Reward/torso_roll: -0.4097
     Curriculum/polish_action_rate_rate: -0.1500
  Episode_Reward/feet_distance_standing: -0.1725
           Curriculum/polish_torso_slam: -5.0000
        Episode_Reward/illegal_contacts: -0.0867
      Episode_Reward/base_height_medium: 0.5513
              Episode_Reward/not_moving: -0.8608
            Episode_Reward/joint_vel_l2: -0.4854
               Episode_Reward/flat_feet: -0.4705
         Curriculum/polish_joint_vel_l2: -0.0010
        Curriculum/random_fallen_states: 0.0000
           Episode_Termination/time_out: 0.1893
      Episode_Termination/invalid_state: 0.0772
        Episode_Reward/joint_torques_l2: -0.2726
       Episode_Reward/base_height_rough: 0.3882
         Episode_Reward/severely_tilted: -0.0513
        Episode_Reward/action_rate_rate: -4.6387
             Episode_Reward/action_rate: -10.3622
           Episode_Reward/torque_limits: -0.4070
        Episode_Reward/joint_vel_limits: -0.0014
           Curriculum/polish_not_moving: -1.0000
            Episode_Reward/joint_acc_l2: 0.0000
        Episode_Reward/joint_pos_limits: -0.0056
               Curriculum/adaptive_lift: 0.9908
              Episode_Reward/relaxation: -2.0657
           Episode_Reward/feet_yaw_mean: -0.4430
     Episode_Reward/completely_airborne: -3.9361
         Episode_Reward/ground_unloaded: -0.1870
              Episode_Reward/feet_slide: -0.2055
           Episode_Reward/ankle_torques: -0.0556
--------------------------------------------------------------------------------
                         Iteration time: 3.67s
                           Time elapsed: 0:00:26
                                    ETA: 0:03:24

################################################################################
[1m                            Learning iteration 7/60                             [0m 

                               Run name: height_tracking_g1
                            Total steps: 786432 
                       Steps per second: 26776 
                        Collection time: 3.226s 
                          Learning time: 0.445s 
                        Mean value loss: 10.4091
                    Mean surrogate loss: -0.0125
                      Mean entropy loss: 40.8540
                     Mean symmetry loss: 0.0007
                   Mean l2c2_actor loss: 0.0021
                  Mean l2c2_critic loss: 0.0135
                            Mean reward: -683.15
                    Mean episode length: 150.12
                        Mean action std: 0.99
                    Entropy coefficient: 0.002500
 Episode_Reward/joint_deviation_l1_arms: -0.2924
             Episode_Reward/ground_slam: -3.3558
          Curriculum/polish_ground_slam: -1.0000
      Episode_Reward/joint_deviation_l1: -0.4292
        Episode_Reward/base_height_fine: 1.0083
           Episode_Reward/forward_pitch: -0.2839
           Episode_Reward/body_velocity: -10.4878
           Episode_Reward/torso_upright: -0.0113
              Episode_Reward/torso_slam: -4.5918
              Curriculum/terrain_levels: 0.0000
           Episode_Reward/feet_distance: -0.1912
            Metrics/height/height_error: 0.1377
    Episode_Reward/joint_tracking_error: -1.5219
              Episode_Reward/torso_roll: -0.4468
     Curriculum/polish_action_rate_rate: -0.1500
  Episode_Reward/feet_distance_standing: -0.2075
           Curriculum/polish_torso_slam: -5.0000
        Episode_Reward/illegal_contacts: -0.0903
      Episode_Reward/base_height_medium: 0.6606
              Episode_Reward/not_moving: -1.0188
            Episode_Reward/joint_vel_l2: -0.5522
               Episode_Reward/flat_feet: -0.5194
         Curriculum/polish_joint_vel_l2: -0.0010
        Curriculum/random_fallen_states: 0.0000
           Episode_Termination/time_out: 0.2143
      Episode_Termination/invalid_state: 0.0900
        Episode_Reward/joint_torques_l2: -0.2998
       Episode_Reward/base_height_rough: 0.4542
         Episode_Reward/severely_tilted: -0.0617
        Episode_Reward/action_rate_rate: -5.1000
             Episode_Reward/action_rate: -11.3870
           Episode_Reward/torque_limits: -0.4663
        Episode_Reward/joint_vel_limits: -0.0017
           Curriculum/polish_not_moving: -1.0000
            Episode_Reward/joint_acc_l2: 0.0000
        Episode_Reward/joint_pos_limits: -0.0064
               Curriculum/adaptive_lift: 0.9905
              Episode_Reward/relaxation: -2.0591
           Episode_Reward/feet_yaw_mean: -0.5261
     Episode_Reward/completely_airborne: -4.3841
         Episode_Reward/ground_unloaded: -0.2183
              Episode_Reward/feet_slide: -0.2213
           Episode_Reward/ankle_torques: -0.0621
--------------------------------------------------------------------------------
                         Iteration time: 3.67s
                           Time elapsed: 0:00:30
                                    ETA: 0:03:19

################################################################################
[1m                            Learning iteration 8/60                             [0m 

                               Run name: height_tracking_g1
                            Total steps: 884736 
                       Steps per second: 28024 
                        Collection time: 3.049s 
                          Learning time: 0.459s 
                        Mean value loss: 10.0638
                    Mean surrogate loss: -0.0127
                      Mean entropy loss: 40.8364
                     Mean symmetry loss: 0.0007
                   Mean l2c2_actor loss: 0.0023
                  Mean l2c2_critic loss: 0.0131
                            Mean reward: -870.24
                    Mean episode length: 192.80
                        Mean action std: 0.99
                    Entropy coefficient: 0.002500
 Episode_Reward/joint_deviation_l1_arms: -0.3357
             Episode_Reward/ground_slam: -3.7738
          Curriculum/polish_ground_slam: -1.0000
      Episode_Reward/joint_deviation_l1: -0.4821
        Episode_Reward/base_height_fine: 1.1452
           Episode_Reward/forward_pitch: -0.3618
           Episode_Reward/body_velocity: -11.3231
           Episode_Reward/torso_upright: -0.0143
              Episode_Reward/torso_slam: -5.0000
              Curriculum/terrain_levels: 0.0000
           Episode_Reward/feet_distance: -0.2332
            Metrics/height/height_error: 0.1478
    Episode_Reward/joint_tracking_error: -1.7871
              Episode_Reward/torso_roll: -0.5409
     Curriculum/polish_action_rate_rate: -0.1500
  Episode_Reward/feet_distance_standing: -0.2415
           Curriculum/polish_torso_slam: -5.0000
        Episode_Reward/illegal_contacts: -0.1125
      Episode_Reward/base_height_medium: 0.7639
              Episode_Reward/not_moving: -1.1208
            Episode_Reward/joint_vel_l2: -0.6426
               Episode_Reward/flat_feet: -0.6217
         Curriculum/polish_joint_vel_l2: -0.0010
        Curriculum/random_fallen_states: 0.0000
           Episode_Termination/time_out: 0.2409
      Episode_Termination/invalid_state: 0.1018
        Episode_Reward/joint_torques_l2: -0.3634
       Episode_Reward/base_height_rough: 0.5391
         Episode_Reward/severely_tilted: -0.0680
        Episode_Reward/action_rate_rate: -6.1963
             Episode_Reward/action_rate: -13.8319
           Episode_Reward/torque_limits: -0.5474
        Episode_Reward/joint_vel_limits: -0.0019
           Curriculum/polish_not_moving: -1.0000
            Episode_Reward/joint_acc_l2: 0.0000
        Episode_Reward/joint_pos_limits: -0.0075
               Curriculum/adaptive_lift: 0.9905
              Episode_Reward/relaxation: -2.6495
           Episode_Reward/feet_yaw_mean: -0.6390
     Episode_Reward/completely_airborne: -5.2637
         Episode_Reward/ground_unloaded: -0.2515
              Episode_Reward/feet_slide: -0.2719
           Episode_Reward/ankle_torques: -0.0716
--------------------------------------------------------------------------------
                         Iteration time: 3.51s
                           Time elapsed: 0:00:34
                                    ETA: 0:03:13

################################################################################
[1m                            Learning iteration 9/60                             [0m 

                               Run name: height_tracking_g1
                            Total steps: 983040 
                       Steps per second: 26830 
                        Collection time: 3.219s 
                          Learning time: 0.445s 
                        Mean value loss: 9.3212
                    Mean surrogate loss: -0.0127
                      Mean entropy loss: 40.8274
                     Mean symmetry loss: 0.0007
                   Mean l2c2_actor loss: 0.0024
                  Mean l2c2_critic loss: 0.0156
                            Mean reward: -893.14
                    Mean episode length: 200.69
                        Mean action std: 0.99
                    Entropy coefficient: 0.002500
 Episode_Reward/joint_deviation_l1_arms: -0.3380
             Episode_Reward/ground_slam: -4.0992
          Curriculum/polish_ground_slam: -1.0000
      Episode_Reward/joint_deviation_l1: -0.4813
        Episode_Reward/base_height_fine: 1.1844
           Episode_Reward/forward_pitch: -0.3758
           Episode_Reward/body_velocity: -11.6515
           Episode_Reward/torso_upright: -0.0106
              Episode_Reward/torso_slam: -5.3096
              Curriculum/terrain_levels: 0.0000
           Episode_Reward/feet_distance: -0.2398
            Metrics/height/height_error: 0.1320
    Episode_Reward/joint_tracking_error: -1.8458
              Episode_Reward/torso_roll: -0.5668
     Curriculum/polish_action_rate_rate: -0.1500
  Episode_Reward/feet_distance_standing: -0.2463
           Curriculum/polish_torso_slam: -5.0000
        Episode_Reward/illegal_contacts: -0.1240
      Episode_Reward/base_height_medium: 0.7745
              Episode_Reward/not_moving: -1.2036
            Episode_Reward/joint_vel_l2: -0.6611
               Episode_Reward/flat_feet: -0.6543
         Curriculum/polish_joint_vel_l2: -0.0010
        Curriculum/random_fallen_states: 0.0000
           Episode_Termination/time_out: 0.2699
      Episode_Termination/invalid_state: 0.1140
        Episode_Reward/joint_torques_l2: -0.3754
       Episode_Reward/base_height_rough: 0.5419
         Episode_Reward/severely_tilted: -0.0674
        Episode_Reward/action_rate_rate: -6.3976
             Episode_Reward/action_rate: -14.2929
           Episode_Reward/torque_limits: -0.5693
        Episode_Reward/joint_vel_limits: -0.0020
           Curriculum/polish_not_moving: -1.0000
            Episode_Reward/joint_acc_l2: 0.0000
        Episode_Reward/joint_pos_limits: -0.0078
               Curriculum/adaptive_lift: 0.9905
              Episode_Reward/relaxation: -2.9540
           Episode_Reward/feet_yaw_mean: -0.6639
     Episode_Reward/completely_airborne: -5.3453
         Episode_Reward/ground_unloaded: -0.2510
              Episode_Reward/feet_slide: -0.2889
           Episode_Reward/ankle_torques: -0.0748
--------------------------------------------------------------------------------
                         Iteration time: 3.66s
                           Time elapsed: 0:00:37
                                    ETA: 0:03:09

################################################################################
[1m                            Learning iteration 10/60                            [0m 

                               Run name: height_tracking_g1
                            Total steps: 1081344 
                       Steps per second: 26838 
                        Collection time: 3.234s 
                          Learning time: 0.428s 
                        Mean value loss: 8.5394
                    Mean surrogate loss: -0.0121
                      Mean entropy loss: 40.7991
                     Mean symmetry loss: 0.0008
                   Mean l2c2_actor loss: 0.0026
                  Mean l2c2_critic loss: 0.0165
                            Mean reward: -933.38
                    Mean episode length: 208.90
                        Mean action std: 0.99
                    Entropy coefficient: 0.002500
 Episode_Reward/joint_deviation_l1_arms: -0.3256
             Episode_Reward/ground_slam: -4.3260
          Curriculum/polish_ground_slam: -1.0000
      Episode_Reward/joint_deviation_l1: -0.4453
        Episode_Reward/base_height_fine: 1.2368
           Episode_Reward/forward_pitch: -0.3826
           Episode_Reward/body_velocity: -12.2991
           Episode_Reward/torso_upright: -0.0103
              Episode_Reward/torso_slam: -5.2469
              Curriculum/terrain_levels: 0.0000
           Episode_Reward/feet_distance: -0.2409
            Metrics/height/height_error: 0.1330
    Episode_Reward/joint_tracking_error: -1.9020
              Episode_Reward/torso_roll: -0.5940
     Curriculum/polish_action_rate_rate: -0.1500
  Episode_Reward/feet_distance_standing: -0.2281
           Curriculum/polish_torso_slam: -5.0000
        Episode_Reward/illegal_contacts: -0.1297
      Episode_Reward/base_height_medium: 0.8138
              Episode_Reward/not_moving: -1.2346
            Episode_Reward/joint_vel_l2: -0.6838
               Episode_Reward/flat_feet: -0.6927
         Curriculum/polish_joint_vel_l2: -0.0010
        Curriculum/random_fallen_states: 0.0000
           Episode_Termination/time_out: 0.2968
      Episode_Termination/invalid_state: 0.1273
        Episode_Reward/joint_torques_l2: -0.3950
       Episode_Reward/base_height_rough: 0.5642
         Episode_Reward/severely_tilted: -0.0695
        Episode_Reward/action_rate_rate: -6.6200
             Episode_Reward/action_rate: -14.7952
           Episode_Reward/torque_limits: -0.5876
        Episode_Reward/joint_vel_limits: -0.0020
           Curriculum/polish_not_moving: -1.0000
            Episode_Reward/joint_acc_l2: 0.0000
        Episode_Reward/joint_pos_limits: -0.0080
               Curriculum/adaptive_lift: 0.9905
              Episode_Reward/relaxation: -3.0979
           Episode_Reward/feet_yaw_mean: -0.6581
     Episode_Reward/completely_airborne: -5.5340
         Episode_Reward/ground_unloaded: -0.2636
              Episode_Reward/feet_slide: -0.2968
           Episode_Reward/ankle_torques: -0.0729
--------------------------------------------------------------------------------
                         Iteration time: 3.66s
                           Time elapsed: 0:00:41
                                    ETA: 0:03:04

################################################################################
[1m                            Learning iteration 11/60                            [0m 

                               Run name: height_tracking_g1
                            Total steps: 1179648 
                       Steps per second: 26839 
                        Collection time: 3.203s 
                          Learning time: 0.460s 
                        Mean value loss: 8.1526
                    Mean surrogate loss: -0.0118
                      Mean entropy loss: 40.7692
                     Mean symmetry loss: 0.0008
                   Mean l2c2_actor loss: 0.0027
                  Mean l2c2_critic loss: 0.0202
                            Mean reward: -976.73
                    Mean episode length: 219.15
                        Mean action std: 0.99
                    Entropy coefficient: 0.002500
 Episode_Reward/joint_deviation_l1_arms: -0.3855
             Episode_Reward/ground_slam: -4.3858
          Curriculum/polish_ground_slam: -1.0000
      Episode_Reward/joint_deviation_l1: -0.5336
        Episode_Reward/base_height_fine: 1.4309
           Episode_Reward/forward_pitch: -0.4438
           Episode_Reward/body_velocity: -12.9715
           Episode_Reward/torso_upright: -0.0155
              Episode_Reward/torso_slam: -6.0673
              Curriculum/terrain_levels: 0.0000
           Episode_Reward/feet_distance: -0.2692
            Metrics/height/height_error: 0.1341
    Episode_Reward/joint_tracking_error: -2.1482
              Episode_Reward/torso_roll: -0.6718
     Curriculum/polish_action_rate_rate: -0.1500
  Episode_Reward/feet_distance_standing: -0.2683
           Curriculum/polish_torso_slam: -5.0000
        Episode_Reward/illegal_contacts: -0.1459
      Episode_Reward/base_height_medium: 0.9408
              Episode_Reward/not_moving: -1.4056
            Episode_Reward/joint_vel_l2: -0.7701
               Episode_Reward/flat_feet: -0.7844
         Curriculum/polish_joint_vel_l2: -0.0010
        Curriculum/random_fallen_states: 0.0000
           Episode_Termination/time_out: 0.3209
      Episode_Termination/invalid_state: 0.1397
        Episode_Reward/joint_torques_l2: -0.4366
       Episode_Reward/base_height_rough: 0.6537
         Episode_Reward/severely_tilted: -0.0784
        Episode_Reward/action_rate_rate: -7.5504
             Episode_Reward/action_rate: -16.8734
           Episode_Reward/torque_limits: -0.6593
        Episode_Reward/joint_vel_limits: -0.0022
           Curriculum/polish_not_moving: -1.0000
            Episode_Reward/joint_acc_l2: 0.0000
        Episode_Reward/joint_pos_limits: -0.0091
               Curriculum/adaptive_lift: 0.9905
              Episode_Reward/relaxation: -3.2484
           Episode_Reward/feet_yaw_mean: -0.7563
     Episode_Reward/completely_airborne: -6.1785
         Episode_Reward/ground_unloaded: -0.3081
              Episode_Reward/feet_slide: -0.3321
           Episode_Reward/ankle_torques: -0.0827
--------------------------------------------------------------------------------
                         Iteration time: 3.66s
                           Time elapsed: 0:00:45
                                    ETA: 0:03:00

################################################################################
[1m                            Learning iteration 12/60                            [0m 

                               Run name: height_tracking_g1
                            Total steps: 1277952 
                       Steps per second: 26831 
                        Collection time: 3.251s 
                          Learning time: 0.413s 
                        Mean value loss: 7.6565
                    Mean surrogate loss: -0.0117
                      Mean entropy loss: 40.7446
                     Mean symmetry loss: 0.0009
                   Mean l2c2_actor loss: 0.0028
                  Mean l2c2_critic loss: 0.0160
                            Mean reward: -1057.35
                    Mean episode length: 244.22
                        Mean action std: 0.99
                    Entropy coefficient: 0.002500
 Episode_Reward/joint_deviation_l1_arms: -0.4072
             Episode_Reward/ground_slam: -4.7126
          Curriculum/polish_ground_slam: -1.0000
      Episode_Reward/joint_deviation_l1: -0.5756
        Episode_Reward/base_height_fine: 1.5669
           Episode_Reward/forward_pitch: -0.4696
           Episode_Reward/body_velocity: -13.7370
           Episode_Reward/torso_upright: -0.0155
              Episode_Reward/torso_slam: -6.1984
              Curriculum/terrain_levels: 0.0000
           Episode_Reward/feet_distance: -0.2888
            Metrics/height/height_error: 0.1349
    Episode_Reward/joint_tracking_error: -2.3315
              Episode_Reward/torso_roll: -0.7279
     Curriculum/polish_action_rate_rate: -0.1500
  Episode_Reward/feet_distance_standing: -0.2804
           Curriculum/polish_torso_slam: -5.0000
        Episode_Reward/illegal_contacts: -0.1557
      Episode_Reward/base_height_medium: 1.0337
              Episode_Reward/not_moving: -1.4877
            Episode_Reward/joint_vel_l2: -0.8449
               Episode_Reward/flat_feet: -0.8591
         Curriculum/polish_joint_vel_l2: -0.0010
        Curriculum/random_fallen_states: 0.0000
           Episode_Termination/time_out: 0.3438
      Episode_Termination/invalid_state: 0.1510
        Episode_Reward/joint_torques_l2: -0.4812
       Episode_Reward/base_height_rough: 0.7179
         Episode_Reward/severely_tilted: -0.0769
        Episode_Reward/action_rate_rate: -8.2875
             Episode_Reward/action_rate: -18.5212
           Episode_Reward/torque_limits: -0.7159
        Episode_Reward/joint_vel_limits: -0.0024
           Curriculum/polish_not_moving: -1.0000
            Episode_Reward/joint_acc_l2: 0.0000
        Episode_Reward/joint_pos_limits: -0.0098
               Curriculum/adaptive_lift: 0.9905
              Episode_Reward/relaxation: -3.9372
           Episode_Reward/feet_yaw_mean: -0.8020
     Episode_Reward/completely_airborne: -6.8607
         Episode_Reward/ground_unloaded: -0.3217
              Episode_Reward/feet_slide: -0.3732
           Episode_Reward/ankle_torques: -0.0934
--------------------------------------------------------------------------------
                         Iteration time: 3.66s
                           Time elapsed: 0:00:48
                                    ETA: 0:02:56

################################################################################
[1m                            Learning iteration 13/60                            [0m 

                               Run name: height_tracking_g1
                            Total steps: 1376256 
                       Steps per second: 27597 
                        Collection time: 3.103s 
                          Learning time: 0.459s 
                        Mean value loss: 7.1292
                    Mean surrogate loss: -0.0119
                      Mean entropy loss: 40.6945
                     Mean symmetry loss: 0.0009
                   Mean l2c2_actor loss: 0.0029
                  Mean l2c2_critic loss: 0.0109
                            Mean reward: -1206.77
                    Mean episode length: 278.89
                        Mean action std: 0.99
                    Entropy coefficient: 0.002500
 Episode_Reward/joint_deviation_l1_arms: -0.4284
             Episode_Reward/ground_slam: -5.1939
          Curriculum/polish_ground_slam: -1.0000
      Episode_Reward/joint_deviation_l1: -0.6082
        Episode_Reward/base_height_fine: 1.6984
           Episode_Reward/forward_pitch: -0.5423
           Episode_Reward/body_velocity: -14.8946
           Episode_Reward/torso_upright: -0.0182
              Episode_Reward/torso_slam: -7.1955
              Curriculum/terrain_levels: 0.0000
           Episode_Reward/feet_distance: -0.3243
            Metrics/height/height_error: 0.1533
    Episode_Reward/joint_tracking_error: -2.5761
              Episode_Reward/torso_roll: -0.8360
     Curriculum/polish_action_rate_rate: -0.1500
  Episode_Reward/feet_distance_standing: -0.3050
           Curriculum/polish_torso_slam: -5.0000
        Episode_Reward/illegal_contacts: -0.1867
      Episode_Reward/base_height_medium: 1.1187
              Episode_Reward/not_moving: -1.6463
            Episode_Reward/joint_vel_l2: -0.9361
               Episode_Reward/flat_feet: -0.9850
         Curriculum/polish_joint_vel_l2: -0.0010
        Curriculum/random_fallen_states: 0.0000
           Episode_Termination/time_out: 0.3704
      Episode_Termination/invalid_state: 0.1627
        Episode_Reward/joint_torques_l2: -0.5425
       Episode_Reward/base_height_rough: 0.7860
         Episode_Reward/severely_tilted: -0.0801
        Episode_Reward/action_rate_rate: -9.4186
             Episode_Reward/action_rate: -21.0313
           Episode_Reward/torque_limits: -0.7948
        Episode_Reward/joint_vel_limits: -0.0026
           Curriculum/polish_not_moving: -1.0000
            Episode_Reward/joint_acc_l2: 0.0000
        Episode_Reward/joint_pos_limits: -0.0108
               Curriculum/adaptive_lift: 0.9905
              Episode_Reward/relaxation: -4.5688
           Episode_Reward/feet_yaw_mean: -0.8577
     Episode_Reward/completely_airborne: -7.6728
         Episode_Reward/ground_unloaded: -0.3550
              Episode_Reward/feet_slide: -0.4160
           Episode_Reward/ankle_torques: -0.1021
--------------------------------------------------------------------------------
                         Iteration time: 3.56s
                           Time elapsed: 0:00:52
                                    ETA: 0:02:52

################################################################################
[1m                            Learning iteration 14/60                            [0m 

                               Run name: height_tracking_g1
                            Total steps: 1474560 
                       Steps per second: 26779 
                        Collection time: 3.240s 
                          Learning time: 0.431s 
                        Mean value loss: 6.8791
                    Mean surrogate loss: -0.0123
                      Mean entropy loss: 40.6684
                     Mean symmetry loss: 0.0010
                   Mean l2c2_actor loss: 0.0030
                  Mean l2c2_critic loss: 0.0114
                            Mean reward: -1325.23
                    Mean episode length: 306.50
                        Mean action std: 0.98
                    Entropy coefficient: 0.002500
 Episode_Reward/joint_deviation_l1_arms: -0.4524
             Episode_Reward/ground_slam: -5.2835
          Curriculum/polish_ground_slam: -1.0000
      Episode_Reward/joint_deviation_l1: -0.6400
        Episode_Reward/base_height_fine: 1.6592
           Episode_Reward/forward_pitch: -0.5569
           Episode_Reward/body_velocity: -15.2456
           Episode_Reward/torso_upright: -0.0187
              Episode_Reward/torso_slam: -6.7304
              Curriculum/terrain_levels: 0.0000
           Episode_Reward/feet_distance: -0.3357
            Metrics/height/height_error: 0.1312
    Episode_Reward/joint_tracking_error: -2.6095
              Episode_Reward/torso_roll: -0.8266
     Curriculum/polish_action_rate_rate: -0.1500
  Episode_Reward/feet_distance_standing: -0.3335
           Curriculum/polish_torso_slam: -5.0000
        Episode_Reward/illegal_contacts: -0.1781
      Episode_Reward/base_height_medium: 1.1096
              Episode_Reward/not_moving: -1.6826
            Episode_Reward/joint_vel_l2: -0.9462
               Episode_Reward/flat_feet: -0.9818
         Curriculum/polish_joint_vel_l2: -0.0010
        Curriculum/random_fallen_states: 0.0000
           Episode_Termination/time_out: 0.3921
      Episode_Termination/invalid_state: 0.1767
        Episode_Reward/joint_torques_l2: -0.5441
       Episode_Reward/base_height_rough: 0.7903
         Episode_Reward/severely_tilted: -0.0791
        Episode_Reward/action_rate_rate: -9.3808
             Episode_Reward/action_rate: -20.9622
           Episode_Reward/torque_limits: -0.8088
        Episode_Reward/joint_vel_limits: -0.0027
           Curriculum/polish_not_moving: -1.0000
            Episode_Reward/joint_acc_l2: 0.0000
        Episode_Reward/joint_pos_limits: -0.0109
               Curriculum/adaptive_lift: 0.9905
              Episode_Reward/relaxation: -4.9267
           Episode_Reward/feet_yaw_mean: -0.8801
     Episode_Reward/completely_airborne: -7.7643
         Episode_Reward/ground_unloaded: -0.3402
              Episode_Reward/feet_slide: -0.4223
           Episode_Reward/ankle_torques: -0.1077
--------------------------------------------------------------------------------
                         Iteration time: 3.67s
                           Time elapsed: 0:00:56
                                    ETA: 0:02:48

################################################################################
[1m                            Learning iteration 15/60                            [0m 

                               Run name: height_tracking_g1
                            Total steps: 1572864 
                       Steps per second: 26836 
                        Collection time: 3.233s 
                          Learning time: 0.430s 
                        Mean value loss: 6.4732
                    Mean surrogate loss: -0.0118
                      Mean entropy loss: 40.6593
                     Mean symmetry loss: 0.0010
                   Mean l2c2_actor loss: 0.0030
                  Mean l2c2_critic loss: 0.0118
                            Mean reward: -1275.77
                    Mean episode length: 294.80
                        Mean action std: 0.98
                    Entropy coefficient: 0.002500
 Episode_Reward/joint_deviation_l1_arms: -0.4439
             Episode_Reward/ground_slam: -5.2620
          Curriculum/polish_ground_slam: -1.0000
      Episode_Reward/joint_deviation_l1: -0.6217
        Episode_Reward/base_height_fine: 1.7826
           Episode_Reward/forward_pitch: -0.5466
           Episode_Reward/body_velocity: -16.0425
           Episode_Reward/torso_upright: -0.0179
              Episode_Reward/torso_slam: -6.6925
              Curriculum/terrain_levels: 0.0000
           Episode_Reward/feet_distance: -0.3259
            Metrics/height/height_error: 0.1142
    Episode_Reward/joint_tracking_error: -2.6472
              Episode_Reward/torso_roll: -0.8519
     Curriculum/polish_action_rate_rate: -0.1500
  Episode_Reward/feet_distance_standing: -0.2996
           Curriculum/polish_torso_slam: -5.0000
        Episode_Reward/illegal_contacts: -0.1921
      Episode_Reward/base_height_medium: 1.1568
              Episode_Reward/not_moving: -1.7793
            Episode_Reward/joint_vel_l2: -0.9521
               Episode_Reward/flat_feet: -0.9968
         Curriculum/polish_joint_vel_l2: -0.0010
        Curriculum/random_fallen_states: 0.0000
           Episode_Termination/time_out: 0.4140
      Episode_Termination/invalid_state: 0.1887
        Episode_Reward/joint_torques_l2: -0.5510
       Episode_Reward/base_height_rough: 0.7992
         Episode_Reward/severely_tilted: -0.0828
        Episode_Reward/action_rate_rate: -9.4292
             Episode_Reward/action_rate: -21.0844
           Episode_Reward/torque_limits: -0.8098
        Episode_Reward/joint_vel_limits: -0.0027
           Curriculum/polish_not_moving: -1.0000
            Episode_Reward/joint_acc_l2: 0.0000
        Episode_Reward/joint_pos_limits: -0.0113
               Curriculum/adaptive_lift: 0.9905
              Episode_Reward/relaxation: -5.0245
           Episode_Reward/feet_yaw_mean: -0.9038
     Episode_Reward/completely_airborne: -7.8834
         Episode_Reward/ground_unloaded: -0.3484
              Episode_Reward/feet_slide: -0.4196
           Episode_Reward/ankle_torques: -0.1062
--------------------------------------------------------------------------------
                         Iteration time: 3.66s
                           Time elapsed: 0:00:59
                                    ETA: 0:02:44

################################################################################
[1m                            Learning iteration 16/60                            [0m 

                               Run name: height_tracking_g1
                            Total steps: 1671168 
                       Steps per second: 26781 
                        Collection time: 3.212s 
                          Learning time: 0.459s 
                        Mean value loss: 6.1720
                    Mean surrogate loss: -0.0109
                      Mean entropy loss: 40.6364
                     Mean symmetry loss: 0.0010
                   Mean l2c2_actor loss: 0.0030
                  Mean l2c2_critic loss: 0.0142
                            Mean reward: -1248.05
                    Mean episode length: 298.02
                        Mean action std: 0.98
                    Entropy coefficient: 0.002500
 Episode_Reward/joint_deviation_l1_arms: -0.4759
             Episode_Reward/ground_slam: -5.6522
          Curriculum/polish_ground_slam: -1.0000
      Episode_Reward/joint_deviation_l1: -0.6603
        Episode_Reward/base_height_fine: 1.6722
           Episode_Reward/forward_pitch: -0.5804
           Episode_Reward/body_velocity: -16.5862
           Episode_Reward/torso_upright: -0.0206
              Episode_Reward/torso_slam: -7.0942
              Curriculum/terrain_levels: 0.0000
           Episode_Reward/feet_distance: -0.3517
            Metrics/height/height_error: 0.1149
    Episode_Reward/joint_tracking_error: -2.7652
              Episode_Reward/torso_roll: -0.8831
     Curriculum/polish_action_rate_rate: -0.1500
  Episode_Reward/feet_distance_standing: -0.3321
           Curriculum/polish_torso_slam: -5.0000
        Episode_Reward/illegal_contacts: -0.1948
      Episode_Reward/base_height_medium: 1.1113
              Episode_Reward/not_moving: -1.6578
            Episode_Reward/joint_vel_l2: -1.0028
               Episode_Reward/flat_feet: -1.0371
         Curriculum/polish_joint_vel_l2: -0.0010
        Curriculum/random_fallen_states: 0.0000
           Episode_Termination/time_out: 0.4326
      Episode_Termination/invalid_state: 0.1979
        Episode_Reward/joint_torques_l2: -0.5754
       Episode_Reward/base_height_rough: 0.7939
         Episode_Reward/severely_tilted: -0.0895
        Episode_Reward/action_rate_rate: -9.8724
             Episode_Reward/action_rate: -22.0825
           Episode_Reward/torque_limits: -0.8476
        Episode_Reward/joint_vel_limits: -0.0029
           Curriculum/polish_not_moving: -1.0000
            Episode_Reward/joint_acc_l2: 0.0000
        Episode_Reward/joint_pos_limits: -0.0116
               Curriculum/adaptive_lift: 0.9905
              Episode_Reward/relaxation: -5.6703
           Episode_Reward/feet_yaw_mean: -0.9362
     Episode_Reward/completely_airborne: -8.2400
         Episode_Reward/ground_unloaded: -0.3373
              Episode_Reward/feet_slide: -0.4463
           Episode_Reward/ankle_torques: -0.1128
--------------------------------------------------------------------------------
                         Iteration time: 3.67s
                           Time elapsed: 0:01:03
                                    ETA: 0:02:40

################################################################################
[1m                            Learning iteration 17/60                            [0m 

                               Run name: height_tracking_g1
                            Total steps: 1769472 
                       Steps per second: 26876 
                        Collection time: 3.230s 
                          Learning time: 0.428s 
                        Mean value loss: 5.6736
                    Mean surrogate loss: -0.0110
                      Mean entropy loss: 40.6040
                     Mean symmetry loss: 0.0011
                   Mean l2c2_actor loss: 0.0030
                  Mean l2c2_critic loss: 0.0100
                            Mean reward: -1368.33
                    Mean episode length: 310.62
                        Mean action std: 0.98
                    Entropy coefficient: 0.002500
 Episode_Reward/joint_deviation_l1_arms: -0.5591
             Episode_Reward/ground_slam: -6.6913
          Curriculum/polish_ground_slam: -1.0000
      Episode_Reward/joint_deviation_l1: -0.7857
        Episode_Reward/base_height_fine: 2.2752
           Episode_Reward/forward_pitch: -0.6114
           Episode_Reward/body_velocity: -18.4990
           Episode_Reward/torso_upright: -0.0309
              Episode_Reward/torso_slam: -8.5082
              Curriculum/terrain_levels: 0.0000
           Episode_Reward/feet_distance: -0.4151
            Metrics/height/height_error: 0.1556
    Episode_Reward/joint_tracking_error: -3.0413
              Episode_Reward/torso_roll: -0.9451
     Curriculum/polish_action_rate_rate: -0.1500
  Episode_Reward/feet_distance_standing: -0.4233
           Curriculum/polish_torso_slam: -5.0000
        Episode_Reward/illegal_contacts: -0.2057
      Episode_Reward/base_height_medium: 1.4652
              Episode_Reward/not_moving: -2.2769
            Episode_Reward/joint_vel_l2: -1.0909
               Episode_Reward/flat_feet: -1.1257
         Curriculum/polish_joint_vel_l2: -0.0010
        Curriculum/random_fallen_states: 0.0000
           Episode_Termination/time_out: 0.4524
      Episode_Termination/invalid_state: 0.2057
        Episode_Reward/joint_torques_l2: -0.6260
       Episode_Reward/base_height_rough: 0.9913
         Episode_Reward/severely_tilted: -0.1010
        Episode_Reward/action_rate_rate: -10.6658
             Episode_Reward/action_rate: -23.8414
           Episode_Reward/torque_limits: -0.9331
        Episode_Reward/joint_vel_limits: -0.0032
           Curriculum/polish_not_moving: -1.0000
            Episode_Reward/joint_acc_l2: 0.0000
        Episode_Reward/joint_pos_limits: -0.0128
               Curriculum/adaptive_lift: 0.9905
              Episode_Reward/relaxation: -4.2844
           Episode_Reward/feet_yaw_mean: -1.0620
     Episode_Reward/completely_airborne: -8.9806
         Episode_Reward/ground_unloaded: -0.4591
              Episode_Reward/feet_slide: -0.4965
           Episode_Reward/ankle_torques: -0.1128
--------------------------------------------------------------------------------
                         Iteration time: 3.66s
                           Time elapsed: 0:01:07
                                    ETA: 0:02:36

################################################################################
[1m                            Learning iteration 18/60                            [0m 

                               Run name: height_tracking_g1
                            Total steps: 1867776 
                       Steps per second: 27944 
                        Collection time: 3.102s 
                          Learning time: 0.416s 
                        Mean value loss: 5.4833
                    Mean surrogate loss: -0.0103
                      Mean entropy loss: 40.5661
                     Mean symmetry loss: 0.0010
                   Mean l2c2_actor loss: 0.0031
                  Mean l2c2_critic loss: 0.0121
                            Mean reward: -1449.50
                    Mean episode length: 345.82
                        Mean action std: 0.98
                    Entropy coefficient: 0.002500
 Episode_Reward/joint_deviation_l1_arms: -0.5507
             Episode_Reward/ground_slam: -6.3031
          Curriculum/polish_ground_slam: -1.0000
      Episode_Reward/joint_deviation_l1: -0.7784
        Episode_Reward/base_height_fine: 2.1543
           Episode_Reward/forward_pitch: -0.6873
           Episode_Reward/body_velocity: -18.7012
           Episode_Reward/torso_upright: -0.0283
              Episode_Reward/torso_slam: -8.5962
              Curriculum/terrain_levels: 0.0000
           Episode_Reward/feet_distance: -0.3989
            Metrics/height/height_error: 0.1383
    Episode_Reward/joint_tracking_error: -3.1589
              Episode_Reward/torso_roll: -1.0159
     Curriculum/polish_action_rate_rate: -0.1500
  Episode_Reward/feet_distance_standing: -0.3956
           Curriculum/polish_torso_slam: -5.0000
        Episode_Reward/illegal_contacts: -0.2280
      Episode_Reward/base_height_medium: 1.4169
              Episode_Reward/not_moving: -2.1114
            Episode_Reward/joint_vel_l2: -1.1479
               Episode_Reward/flat_feet: -1.1983
         Curriculum/polish_joint_vel_l2: -0.0010
        Curriculum/random_fallen_states: 0.0000
           Episode_Termination/time_out: 0.4693
      Episode_Termination/invalid_state: 0.2151
        Episode_Reward/joint_torques_l2: -0.6501
       Episode_Reward/base_height_rough: 0.9827
         Episode_Reward/severely_tilted: -0.0994
        Episode_Reward/action_rate_rate: -11.3096
             Episode_Reward/action_rate: -25.2695
           Episode_Reward/torque_limits: -0.9509
        Episode_Reward/joint_vel_limits: -0.0033
           Curriculum/polish_not_moving: -1.0000
            Episode_Reward/joint_acc_l2: 0.0000
        Episode_Reward/joint_pos_limits: -0.0133
               Curriculum/adaptive_lift: 0.9905
              Episode_Reward/relaxation: -5.3806
           Episode_Reward/feet_yaw_mean: -1.0567
     Episode_Reward/completely_airborne: -9.3732
         Episode_Reward/ground_unloaded: -0.4326
              Episode_Reward/feet_slide: -0.4906
           Episode_Reward/ankle_torques: -0.1357
--------------------------------------------------------------------------------
                         Iteration time: 3.52s
                           Time elapsed: 0:01:10
                                    ETA: 0:02:32

################################################################################
[1m                            Learning iteration 19/60                            [0m 

                               Run name: height_tracking_g1
                            Total steps: 1966080 
                       Steps per second: 26727 
                        Collection time: 3.249s 
                          Learning time: 0.429s 
                        Mean value loss: 5.0378
                    Mean surrogate loss: -0.0111
                      Mean entropy loss: 40.5485
                     Mean symmetry loss: 0.0012
                   Mean l2c2_actor loss: 0.0031
                  Mean l2c2_critic loss: 0.0053
                            Mean reward: -1572.38
                    Mean episode length: 365.28
                        Mean action std: 0.98
                    Entropy coefficient: 0.002500
 Episode_Reward/joint_deviation_l1_arms: -0.6084
             Episode_Reward/ground_slam: -6.7743
          Curriculum/polish_ground_slam: -1.0000
      Episode_Reward/joint_deviation_l1: -0.8628
        Episode_Reward/base_height_fine: 2.2325
           Episode_Reward/forward_pitch: -0.7426
           Episode_Reward/body_velocity: -20.1536
           Episode_Reward/torso_upright: -0.0309
              Episode_Reward/torso_slam: -9.0516
              Curriculum/terrain_levels: 0.0000
           Episode_Reward/feet_distance: -0.4465
            Metrics/height/height_error: 0.1570
    Episode_Reward/joint_tracking_error: -3.3969
              Episode_Reward/torso_roll: -1.0926
     Curriculum/polish_action_rate_rate: -0.1500
  Episode_Reward/feet_distance_standing: -0.4329
           Curriculum/polish_torso_slam: -5.0000
        Episode_Reward/illegal_contacts: -0.2486
      Episode_Reward/base_height_medium: 1.4858
              Episode_Reward/not_moving: -2.2166
            Episode_Reward/joint_vel_l2: -1.2381
               Episode_Reward/flat_feet: -1.2960
         Curriculum/polish_joint_vel_l2: -0.0010
        Curriculum/random_fallen_states: 0.0000
           Episode_Termination/time_out: 0.4868
      Episode_Termination/invalid_state: 0.2236
        Episode_Reward/joint_torques_l2: -0.7064
       Episode_Reward/base_height_rough: 1.0525
         Episode_Reward/severely_tilted: -0.1013
        Episode_Reward/action_rate_rate: -12.2695
             Episode_Reward/action_rate: -27.4525
           Episode_Reward/torque_limits: -1.0458
        Episode_Reward/joint_vel_limits: -0.0035
           Curriculum/polish_not_moving: -1.0000
            Episode_Reward/joint_acc_l2: 0.0000
        Episode_Reward/joint_pos_limits: -0.0143
               Curriculum/adaptive_lift: 0.9905
              Episode_Reward/relaxation: -6.2844
           Episode_Reward/feet_yaw_mean: -1.1352
     Episode_Reward/completely_airborne: -10.2837
         Episode_Reward/ground_unloaded: -0.4522
              Episode_Reward/feet_slide: -0.5481
           Episode_Reward/ankle_torques: -0.1467
--------------------------------------------------------------------------------
                         Iteration time: 3.68s
                           Time elapsed: 0:01:14
                                    ETA: 0:02:28

################################################################################
[1m                            Learning iteration 20/60                            [0m 

                               Run name: height_tracking_g1
                            Total steps: 2064384 
                       Steps per second: 27226 
                        Collection time: 3.180s 
                          Learning time: 0.430s 
                        Mean value loss: 4.7489
                    Mean surrogate loss: -0.0106
                      Mean entropy loss: 40.5406
                     Mean symmetry loss: 0.0012
                   Mean l2c2_actor loss: 0.0032
                  Mean l2c2_critic loss: 0.0074
                            Mean reward: -1422.50
                    Mean episode length: 335.82
                        Mean action std: 0.98
                    Entropy coefficient: 0.002500
 Episode_Reward/joint_deviation_l1_arms: -0.6048
             Episode_Reward/ground_slam: -6.7795
          Curriculum/polish_ground_slam: -1.0000
      Episode_Reward/joint_deviation_l1: -0.8321
        Episode_Reward/base_height_fine: 2.3533
           Episode_Reward/forward_pitch: -0.6954
           Episode_Reward/body_velocity: -20.0683
           Episode_Reward/torso_upright: -0.0257
              Episode_Reward/torso_slam: -8.9960
              Curriculum/terrain_levels: 0.0000
           Episode_Reward/feet_distance: -0.4188
            Metrics/height/height_error: 0.1520
    Episode_Reward/joint_tracking_error: -3.3923
              Episode_Reward/torso_roll: -1.0842
     Curriculum/polish_action_rate_rate: -0.1500
  Episode_Reward/feet_distance_standing: -0.3933
           Curriculum/polish_torso_slam: -5.0000
        Episode_Reward/illegal_contacts: -0.2382
      Episode_Reward/base_height_medium: 1.5409
              Episode_Reward/not_moving: -2.3286
            Episode_Reward/joint_vel_l2: -1.2367
               Episode_Reward/flat_feet: -1.2799
         Curriculum/polish_joint_vel_l2: -0.0010
        Curriculum/random_fallen_states: 0.0000
           Episode_Termination/time_out: 0.5026
      Episode_Termination/invalid_state: 0.2315
        Episode_Reward/joint_torques_l2: -0.7087
       Episode_Reward/base_height_rough: 1.0674
         Episode_Reward/severely_tilted: -0.1058
        Episode_Reward/action_rate_rate: -12.0447
             Episode_Reward/action_rate: -26.9430
           Episode_Reward/torque_limits: -1.0289
        Episode_Reward/joint_vel_limits: -0.0036
           Curriculum/polish_not_moving: -1.0000
            Episode_Reward/joint_acc_l2: 0.0000
        Episode_Reward/joint_pos_limits: -0.0145
               Curriculum/adaptive_lift: 0.9905
              Episode_Reward/relaxation: -5.7634
           Episode_Reward/feet_yaw_mean: -1.1359
     Episode_Reward/completely_airborne: -9.8990
         Episode_Reward/ground_unloaded: -0.4699
              Episode_Reward/feet_slide: -0.5375
           Episode_Reward/ankle_torques: -0.1389
--------------------------------------------------------------------------------
                         Iteration time: 3.61s
                           Time elapsed: 0:01:17
                                    ETA: 0:02:24

################################################################################
[1m                            Learning iteration 21/60                            [0m 

                               Run name: height_tracking_g1
                            Total steps: 2162688 
                       Steps per second: 26852 
                        Collection time: 3.218s 
                          Learning time: 0.443s 
                        Mean value loss: 4.6561
                    Mean surrogate loss: -0.0103
                      Mean entropy loss: 40.4911
                     Mean symmetry loss: 0.0013
                   Mean l2c2_actor loss: 0.0033
                  Mean l2c2_critic loss: 0.0050
                            Mean reward: -1630.16
                    Mean episode length: 385.12
                        Mean action std: 0.98
                    Entropy coefficient: 0.002500
 Episode_Reward/joint_deviation_l1_arms: -0.6175
             Episode_Reward/ground_slam: -7.6180
          Curriculum/polish_ground_slam: -1.0000
      Episode_Reward/joint_deviation_l1: -0.8689
        Episode_Reward/base_height_fine: 2.5703
           Episode_Reward/forward_pitch: -0.7597
           Episode_Reward/body_velocity: -21.1119
           Episode_Reward/torso_upright: -0.0252
              Episode_Reward/torso_slam: -10.1340
              Curriculum/terrain_levels: 0.0000
           Episode_Reward/feet_distance: -0.4844
            Metrics/height/height_error: 0.1601
    Episode_Reward/joint_tracking_error: -3.6452
              Episode_Reward/torso_roll: -1.1905
     Curriculum/polish_action_rate_rate: -0.1500
  Episode_Reward/feet_distance_standing: -0.4562
           Curriculum/polish_torso_slam: -5.0000
        Episode_Reward/illegal_contacts: -0.2586
      Episode_Reward/base_height_medium: 1.6667
              Episode_Reward/not_moving: -2.5953
            Episode_Reward/joint_vel_l2: -1.3154
               Episode_Reward/flat_feet: -1.3842
         Curriculum/polish_joint_vel_l2: -0.0010
        Curriculum/random_fallen_states: 0.0000
           Episode_Termination/time_out: 0.5179
      Episode_Termination/invalid_state: 0.2425
        Episode_Reward/joint_torques_l2: -0.7714
       Episode_Reward/base_height_rough: 1.1451
         Episode_Reward/severely_tilted: -0.1174
        Episode_Reward/action_rate_rate: -13.0780
             Episode_Reward/action_rate: -29.2615
           Episode_Reward/torque_limits: -1.1271
        Episode_Reward/joint_vel_limits: -0.0037
           Curriculum/polish_not_moving: -1.0000
            Episode_Reward/joint_acc_l2: 0.0000
        Episode_Reward/joint_pos_limits: -0.0154
               Curriculum/adaptive_lift: 0.9905
              Episode_Reward/relaxation: -6.4411
           Episode_Reward/feet_yaw_mean: -1.2464
     Episode_Reward/completely_airborne: -10.9736
         Episode_Reward/ground_unloaded: -0.5122
              Episode_Reward/feet_slide: -0.5957
           Episode_Reward/ankle_torques: -0.1405
--------------------------------------------------------------------------------
                         Iteration time: 3.66s
                           Time elapsed: 0:01:21
                                    ETA: 0:02:20

################################################################################
[1m                            Learning iteration 22/60                            [0m 

                               Run name: height_tracking_g1
                            Total steps: 2260992 
                       Steps per second: 26770 
                        Collection time: 3.162s 
                          Learning time: 0.510s 
                        Mean value loss: 4.3964
                    Mean surrogate loss: -0.0101
                      Mean entropy loss: 40.4744
                     Mean symmetry loss: 0.0013
                   Mean l2c2_actor loss: 0.0033
                  Mean l2c2_critic loss: 0.0043
                            Mean reward: -1643.50
                    Mean episode length: 400.39
                        Mean action std: 0.98
                    Entropy coefficient: 0.002500
 Episode_Reward/joint_deviation_l1_arms: -0.6344
             Episode_Reward/ground_slam: -7.0966
          Curriculum/polish_ground_slam: -1.0000
      Episode_Reward/joint_deviation_l1: -0.8904
        Episode_Reward/base_height_fine: 2.6325
           Episode_Reward/forward_pitch: -0.8288
           Episode_Reward/body_velocity: -20.6923
           Episode_Reward/torso_upright: -0.0304
              Episode_Reward/torso_slam: -9.5353
              Curriculum/terrain_levels: 0.0000
           Episode_Reward/feet_distance: -0.4853
            Metrics/height/height_error: 0.1624
    Episode_Reward/joint_tracking_error: -3.7427
              Episode_Reward/torso_roll: -1.2268
     Curriculum/polish_action_rate_rate: -0.1500
  Episode_Reward/feet_distance_standing: -0.4516
           Curriculum/polish_torso_slam: -5.0000
        Episode_Reward/illegal_contacts: -0.2772
      Episode_Reward/base_height_medium: 1.7037
              Episode_Reward/not_moving: -2.6326
            Episode_Reward/joint_vel_l2: -1.3408
               Episode_Reward/flat_feet: -1.4472
         Curriculum/polish_joint_vel_l2: -0.0010
        Curriculum/random_fallen_states: 0.0000
           Episode_Termination/time_out: 0.5399
      Episode_Termination/invalid_state: 0.2519
        Episode_Reward/joint_torques_l2: -0.7960
       Episode_Reward/base_height_rough: 1.1789
         Episode_Reward/severely_tilted: -0.1103
        Episode_Reward/action_rate_rate: -13.5878
             Episode_Reward/action_rate: -30.3827
           Episode_Reward/torque_limits: -1.1504
        Episode_Reward/joint_vel_limits: -0.0037
           Curriculum/polish_not_moving: -1.0000
            Episode_Reward/joint_acc_l2: 0.0000
        Episode_Reward/joint_pos_limits: -0.0157
               Curriculum/adaptive_lift: 0.9905
              Episode_Reward/relaxation: -7.0429
           Episode_Reward/feet_yaw_mean: -1.2438
     Episode_Reward/completely_airborne: -11.2434
         Episode_Reward/ground_unloaded: -0.5107
              Episode_Reward/feet_slide: -0.5996
           Episode_Reward/ankle_torques: -0.1616
--------------------------------------------------------------------------------
                         Iteration time: 3.67s
                           Time elapsed: 0:01:25
                                    ETA: 0:02:17

################################################################################
[1m                            Learning iteration 23/60                            [0m 

                               Run name: height_tracking_g1
                            Total steps: 2359296 
                       Steps per second: 27736 
                        Collection time: 3.099s 
                          Learning time: 0.445s 
                        Mean value loss: 4.1411
                    Mean surrogate loss: -0.0099
                      Mean entropy loss: 40.4683
                     Mean symmetry loss: 0.0013
                   Mean l2c2_actor loss: 0.0034
                  Mean l2c2_critic loss: 0.0046
                            Mean reward: -1773.24
                    Mean episode length: 434.88
                        Mean action std: 0.98
                    Entropy coefficient: 0.002500
 Episode_Reward/joint_deviation_l1_arms: -0.6411
             Episode_Reward/ground_slam: -7.3602
          Curriculum/polish_ground_slam: -1.0000
      Episode_Reward/joint_deviation_l1: -0.8959
        Episode_Reward/base_height_fine: 2.7394
           Episode_Reward/forward_pitch: -0.8259
           Episode_Reward/body_velocity: -21.5439
           Episode_Reward/torso_upright: -0.0234
              Episode_Reward/torso_slam: -9.5046
              Curriculum/terrain_levels: 0.0000
           Episode_Reward/feet_distance: -0.5030
            Metrics/height/height_error: 0.1598
    Episode_Reward/joint_tracking_error: -3.8391
              Episode_Reward/torso_roll: -1.2589
     Curriculum/polish_action_rate_rate: -0.1500
  Episode_Reward/feet_distance_standing: -0.4457
           Curriculum/polish_torso_slam: -5.0000
        Episode_Reward/illegal_contacts: -0.2809
      Episode_Reward/base_height_medium: 1.8026
              Episode_Reward/not_moving: -2.6404
            Episode_Reward/joint_vel_l2: -1.3808
               Episode_Reward/flat_feet: -1.5002
         Curriculum/polish_joint_vel_l2: -0.0010
        Curriculum/random_fallen_states: 0.0000
           Episode_Termination/time_out: 0.5569
      Episode_Termination/invalid_state: 0.2611
        Episode_Reward/joint_torques_l2: -0.8231
       Episode_Reward/base_height_rough: 1.2455
         Episode_Reward/severely_tilted: -0.1119
        Episode_Reward/action_rate_rate: -13.9147
             Episode_Reward/action_rate: -31.1188
           Episode_Reward/torque_limits: -1.1842
        Episode_Reward/joint_vel_limits: -0.0038
           Curriculum/polish_not_moving: -1.0000
            Episode_Reward/joint_acc_l2: 0.0000
        Episode_Reward/joint_pos_limits: -0.0162
               Curriculum/adaptive_lift: 0.9905
              Episode_Reward/relaxation: -6.8432
           Episode_Reward/feet_yaw_mean: -1.2923
     Episode_Reward/completely_airborne: -11.5708
         Episode_Reward/ground_unloaded: -0.5452
              Episode_Reward/feet_slide: -0.6193
           Episode_Reward/ankle_torques: -0.1523
--------------------------------------------------------------------------------
                         Iteration time: 3.54s
                           Time elapsed: 0:01:28
                                    ETA: 0:02:13

################################################################################
[1m                            Learning iteration 24/60                            [0m 

                               Run name: height_tracking_g1
                            Total steps: 2457600 
                       Steps per second: 26399 
                        Collection time: 3.264s 
                          Learning time: 0.460s 
                        Mean value loss: 3.8927
                    Mean surrogate loss: -0.0090
                      Mean entropy loss: 40.4515
                     Mean symmetry loss: 0.0015
                   Mean l2c2_actor loss: 0.0034
                  Mean l2c2_critic loss: 0.0039
                            Mean reward: -2004.85
                    Mean episode length: 491.38
                        Mean action std: 0.98
                    Entropy coefficient: 0.002500
 Episode_Reward/joint_deviation_l1_arms: -0.7162
             Episode_Reward/ground_slam: -7.8729
          Curriculum/polish_ground_slam: -1.0000
      Episode_Reward/joint_deviation_l1: -0.9882
        Episode_Reward/base_height_fine: 2.6973
           Episode_Reward/forward_pitch: -0.9155
           Episode_Reward/body_velocity: -23.0415
           Episode_Reward/torso_upright: -0.0279
              Episode_Reward/torso_slam: -10.6321
              Curriculum/terrain_levels: 0.0000
           Episode_Reward/feet_distance: -0.5497
            Metrics/height/height_error: 0.1697
    Episode_Reward/joint_tracking_error: -4.1865
              Episode_Reward/torso_roll: -1.3818
     Curriculum/polish_action_rate_rate: -0.1500
  Episode_Reward/feet_distance_standing: -0.5002
           Curriculum/polish_torso_slam: -5.0000
        Episode_Reward/illegal_contacts: -0.3092
      Episode_Reward/base_height_medium: 1.7804
              Episode_Reward/not_moving: -2.6202
            Episode_Reward/joint_vel_l2: -1.5308
               Episode_Reward/flat_feet: -1.6348
         Curriculum/polish_joint_vel_l2: -0.0010
        Curriculum/random_fallen_states: 0.0000
           Episode_Termination/time_out: 0.5752
      Episode_Termination/invalid_state: 0.2667
        Episode_Reward/joint_torques_l2: -0.8778
       Episode_Reward/base_height_rough: 1.2594
         Episode_Reward/severely_tilted: -0.1227
        Episode_Reward/action_rate_rate: -15.2187
             Episode_Reward/action_rate: -34.0470
           Episode_Reward/torque_limits: -1.2764
        Episode_Reward/joint_vel_limits: -0.0043
           Curriculum/polish_not_moving: -1.0000
            Episode_Reward/joint_acc_l2: 0.0000
        Episode_Reward/joint_pos_limits: -0.0178
               Curriculum/adaptive_lift: 0.9905
              Episode_Reward/relaxation: -7.9061
           Episode_Reward/feet_yaw_mean: -1.4289
     Episode_Reward/completely_airborne: -12.5358
         Episode_Reward/ground_unloaded: -0.5610
              Episode_Reward/feet_slide: -0.6762
           Episode_Reward/ankle_torques: -0.1825
--------------------------------------------------------------------------------
                         Iteration time: 3.72s
                           Time elapsed: 0:01:32
                                    ETA: 0:02:09

################################################################################
[1m                            Learning iteration 25/60                            [0m 

                               Run name: height_tracking_g1
                            Total steps: 2555904 
                       Steps per second: 26825 
                        Collection time: 3.250s 
                          Learning time: 0.415s 
                        Mean value loss: 3.7881
                    Mean surrogate loss: -0.0096
                      Mean entropy loss: 40.4300
                     Mean symmetry loss: 0.0014
                   Mean l2c2_actor loss: 0.0035
                  Mean l2c2_critic loss: 0.0045
                            Mean reward: -1972.56
                    Mean episode length: 484.98
                        Mean action std: 0.98
                    Entropy coefficient: 0.002500
 Episode_Reward/joint_deviation_l1_arms: -0.7063
             Episode_Reward/ground_slam: -8.0078
          Curriculum/polish_ground_slam: -1.0000
      Episode_Reward/joint_deviation_l1: -0.9746
        Episode_Reward/base_height_fine: 3.1385
           Episode_Reward/forward_pitch: -0.9511
           Episode_Reward/body_velocity: -23.8267
           Episode_Reward/torso_upright: -0.0319
              Episode_Reward/torso_slam: -11.3812
              Curriculum/terrain_levels: 0.0000
           Episode_Reward/feet_distance: -0.5405
            Metrics/height/height_error: 0.1824
    Episode_Reward/joint_tracking_error: -4.2852
              Episode_Reward/torso_roll: -1.4107
     Curriculum/polish_action_rate_rate: -0.1500
  Episode_Reward/feet_distance_standing: -0.4837
           Curriculum/polish_torso_slam: -5.0000
        Episode_Reward/illegal_contacts: -0.3175
      Episode_Reward/base_height_medium: 2.0259
              Episode_Reward/not_moving: -3.1490
            Episode_Reward/joint_vel_l2: -1.5818
               Episode_Reward/flat_feet: -1.6749
         Curriculum/polish_joint_vel_l2: -0.0010
        Curriculum/random_fallen_states: 0.0000
           Episode_Termination/time_out: 0.5924
      Episode_Termination/invalid_state: 0.2736
        Episode_Reward/joint_torques_l2: -0.8886
       Episode_Reward/base_height_rough: 1.3848
         Episode_Reward/severely_tilted: -0.1292
        Episode_Reward/action_rate_rate: -15.5066
             Episode_Reward/action_rate: -34.6993
           Episode_Reward/torque_limits: -1.3033
        Episode_Reward/joint_vel_limits: -0.0044
           Curriculum/polish_not_moving: -1.0000
            Episode_Reward/joint_acc_l2: 0.0000
        Episode_Reward/joint_pos_limits: -0.0184
               Curriculum/adaptive_lift: 0.9905
              Episode_Reward/relaxation: -6.8993
           Episode_Reward/feet_yaw_mean: -1.4123
     Episode_Reward/completely_airborne: -12.7761
         Episode_Reward/ground_unloaded: -0.6344
              Episode_Reward/feet_slide: -0.6879
           Episode_Reward/ankle_torques: -0.1850
--------------------------------------------------------------------------------
                         Iteration time: 3.66s
                           Time elapsed: 0:01:36
                                    ETA: 0:02:05

################################################################################
[1m                            Learning iteration 26/60                            [0m 

                               Run name: height_tracking_g1
                            Total steps: 2654208 
                       Steps per second: 26970 
                        Collection time: 3.185s 
                          Learning time: 0.460s 
                        Mean value loss: 3.7428
                    Mean surrogate loss: -0.0089
                      Mean entropy loss: 40.4014
                     Mean symmetry loss: 0.0015
                   Mean l2c2_actor loss: 0.0036
                  Mean l2c2_critic loss: 0.0043
                            Mean reward: -1843.12
                    Mean episode length: 455.11
                        Mean action std: 0.98
                    Entropy coefficient: 0.002500
 Episode_Reward/joint_deviation_l1_arms: -0.6976
             Episode_Reward/ground_slam: -8.1075
          Curriculum/polish_ground_slam: -1.0000
      Episode_Reward/joint_deviation_l1: -0.9616
        Episode_Reward/base_height_fine: 2.9758
           Episode_Reward/forward_pitch: -0.8838
           Episode_Reward/body_velocity: -22.4969
           Episode_Reward/torso_upright: -0.0295
              Episode_Reward/torso_slam: -10.4150
              Curriculum/terrain_levels: 0.0000
           Episode_Reward/feet_distance: -0.5387
            Metrics/height/height_error: 0.1624
    Episode_Reward/joint_tracking_error: -4.1746
              Episode_Reward/torso_roll: -1.3995
     Curriculum/polish_action_rate_rate: -0.1500
  Episode_Reward/feet_distance_standing: -0.4779
           Curriculum/polish_torso_slam: -5.0000
        Episode_Reward/illegal_contacts: -0.3216
      Episode_Reward/base_height_medium: 1.9589
              Episode_Reward/not_moving: -2.8607
            Episode_Reward/joint_vel_l2: -1.5189
               Episode_Reward/flat_feet: -1.6512
         Curriculum/polish_joint_vel_l2: -0.0010
        Curriculum/random_fallen_states: 0.0000
           Episode_Termination/time_out: 0.6111
      Episode_Termination/invalid_state: 0.2832
        Episode_Reward/joint_torques_l2: -0.8971
       Episode_Reward/base_height_rough: 1.3653
         Episode_Reward/severely_tilted: -0.1240
        Episode_Reward/action_rate_rate: -15.3538
             Episode_Reward/action_rate: -34.3444
           Episode_Reward/torque_limits: -1.2778
        Episode_Reward/joint_vel_limits: -0.0041
           Curriculum/polish_not_moving: -1.0000
            Episode_Reward/joint_acc_l2: 0.0000
        Episode_Reward/joint_pos_limits: -0.0178
               Curriculum/adaptive_lift: 0.9905
              Episode_Reward/relaxation: -7.8076
           Episode_Reward/feet_yaw_mean: -1.4366
     Episode_Reward/completely_airborne: -12.5369
         Episode_Reward/ground_unloaded: -0.5794
              Episode_Reward/feet_slide: -0.6867
           Episode_Reward/ankle_torques: -0.1611
--------------------------------------------------------------------------------
                         Iteration time: 3.64s
                           Time elapsed: 0:01:39
                                    ETA: 0:02:01

################################################################################
[1m                            Learning iteration 27/60                            [0m 

                               Run name: height_tracking_g1
                            Total steps: 2752512 
                       Steps per second: 26758 
                        Collection time: 3.159s 
                          Learning time: 0.514s 
                        Mean value loss: 3.5745
                    Mean surrogate loss: -0.0089
                      Mean entropy loss: 40.3755
                     Mean symmetry loss: 0.0017
                   Mean l2c2_actor loss: 0.0036
                  Mean l2c2_critic loss: 0.0042
                            Mean reward: -1838.86
                    Mean episode length: 436.05
                        Mean action std: 0.97
                    Entropy coefficient: 0.002500
 Episode_Reward/joint_deviation_l1_arms: -0.6787
             Episode_Reward/ground_slam: -8.5765
          Curriculum/polish_ground_slam: -1.0000
      Episode_Reward/joint_deviation_l1: -0.9302
        Episode_Reward/base_height_fine: 2.8326
           Episode_Reward/forward_pitch: -0.8640
           Episode_Reward/body_velocity: -23.3740
           Episode_Reward/torso_upright: -0.0250
              Episode_Reward/torso_slam: -11.5314
              Curriculum/terrain_levels: 0.0000
           Episode_Reward/feet_distance: -0.5224
            Metrics/height/height_error: 0.1683
    Episode_Reward/joint_tracking_error: -4.0483
              Episode_Reward/torso_roll: -1.3299
     Curriculum/polish_action_rate_rate: -0.1500
  Episode_Reward/feet_distance_standing: -0.4717
           Curriculum/polish_torso_slam: -5.0000
        Episode_Reward/illegal_contacts: -0.2917
      Episode_Reward/base_height_medium: 1.8495
              Episode_Reward/not_moving: -2.8056
            Episode_Reward/joint_vel_l2: -1.4613
               Episode_Reward/flat_feet: -1.5826
         Curriculum/polish_joint_vel_l2: -0.0010
        Curriculum/random_fallen_states: 0.0000
           Episode_Termination/time_out: 0.6259
      Episode_Termination/invalid_state: 0.2924
        Episode_Reward/joint_torques_l2: -0.8536
       Episode_Reward/base_height_rough: 1.2774
         Episode_Reward/severely_tilted: -0.1213
        Episode_Reward/action_rate_rate: -14.5070
             Episode_Reward/action_rate: -32.4896
           Episode_Reward/torque_limits: -1.2449
        Episode_Reward/joint_vel_limits: -0.0041
           Curriculum/polish_not_moving: -1.0000
            Episode_Reward/joint_acc_l2: 0.0000
        Episode_Reward/joint_pos_limits: -0.0175
               Curriculum/adaptive_lift: 0.9905
              Episode_Reward/relaxation: -6.9646
           Episode_Reward/feet_yaw_mean: -1.3886
     Episode_Reward/completely_airborne: -12.2707
         Episode_Reward/ground_unloaded: -0.5829
              Episode_Reward/feet_slide: -0.6599
           Episode_Reward/ankle_torques: -0.1699
--------------------------------------------------------------------------------
                         Iteration time: 3.67s
                           Time elapsed: 0:01:43
                                    ETA: 0:01:58

################################################################################
[1m                            Learning iteration 28/60                            [0m 

                               Run name: height_tracking_g1
                            Total steps: 2850816 
                       Steps per second: 27982 
                        Collection time: 3.098s 
                          Learning time: 0.415s 
                        Mean value loss: 3.5523
                    Mean surrogate loss: -0.0088
                      Mean entropy loss: 40.3449
                     Mean symmetry loss: 0.0016
                   Mean l2c2_actor loss: 0.0035
                  Mean l2c2_critic loss: 0.0046
                            Mean reward: -2061.80
                    Mean episode length: 500.17
                        Mean action std: 0.97
                    Entropy coefficient: 0.002500
 Episode_Reward/joint_deviation_l1_arms: -0.7970
             Episode_Reward/ground_slam: -9.0996
          Curriculum/polish_ground_slam: -1.0000
      Episode_Reward/joint_deviation_l1: -1.1148
        Episode_Reward/base_height_fine: 3.3883
           Episode_Reward/forward_pitch: -0.9712
           Episode_Reward/body_velocity: -26.1491
           Episode_Reward/torso_upright: -0.0378
              Episode_Reward/torso_slam: -12.4173
              Curriculum/terrain_levels: 0.0000
           Episode_Reward/feet_distance: -0.5969
            Metrics/height/height_error: 0.1755
    Episode_Reward/joint_tracking_error: -4.6573
              Episode_Reward/torso_roll: -1.5222
     Curriculum/polish_action_rate_rate: -0.1500
  Episode_Reward/feet_distance_standing: -0.5455
           Curriculum/polish_torso_slam: -5.0000
        Episode_Reward/illegal_contacts: -0.3363
      Episode_Reward/base_height_medium: 2.2100
              Episode_Reward/not_moving: -3.3775
            Episode_Reward/joint_vel_l2: -1.6835
               Episode_Reward/flat_feet: -1.7974
         Curriculum/polish_joint_vel_l2: -0.0010
        Curriculum/random_fallen_states: 0.0000
           Episode_Termination/time_out: 0.6392
      Episode_Termination/invalid_state: 0.3004
        Episode_Reward/joint_torques_l2: -0.9809
       Episode_Reward/base_height_rough: 1.5237
         Episode_Reward/severely_tilted: -0.1424
        Episode_Reward/action_rate_rate: -16.7043
             Episode_Reward/action_rate: -37.3843
           Episode_Reward/torque_limits: -1.4347
        Episode_Reward/joint_vel_limits: -0.0047
           Curriculum/polish_not_moving: -1.0000
            Episode_Reward/joint_acc_l2: 0.0000
        Episode_Reward/joint_pos_limits: -0.0198
               Curriculum/adaptive_lift: 0.9905
              Episode_Reward/relaxation: -7.5773
           Episode_Reward/feet_yaw_mean: -1.6234
     Episode_Reward/completely_airborne: -13.9084
         Episode_Reward/ground_unloaded: -0.6834
              Episode_Reward/feet_slide: -0.7618
           Episode_Reward/ankle_torques: -0.1671
--------------------------------------------------------------------------------
                         Iteration time: 3.51s
                           Time elapsed: 0:01:46
                                    ETA: 0:01:54

################################################################################
[1m                            Learning iteration 29/60                            [0m 

                               Run name: height_tracking_g1
                            Total steps: 2949120 
                       Steps per second: 26799 
                        Collection time: 3.235s 
                          Learning time: 0.433s 
                        Mean value loss: 3.3405
                    Mean surrogate loss: -0.0078
                      Mean entropy loss: 40.3349
                     Mean symmetry loss: 0.0017
                   Mean l2c2_actor loss: 0.0036
                  Mean l2c2_critic loss: 0.0046
                            Mean reward: -2307.31
                    Mean episode length: 554.82
                        Mean action std: 0.97
                    Entropy coefficient: 0.002500
 Episode_Reward/joint_deviation_l1_arms: -0.8195
             Episode_Reward/ground_slam: -10.0150
          Curriculum/polish_ground_slam: -1.0000
      Episode_Reward/joint_deviation_l1: -1.1212
        Episode_Reward/base_height_fine: 3.2779
           Episode_Reward/forward_pitch: -1.0637
           Episode_Reward/body_velocity: -28.4800
           Episode_Reward/torso_upright: -0.0347
              Episode_Reward/torso_slam: -12.8203
              Curriculum/terrain_levels: 0.0000
           Episode_Reward/feet_distance: -0.6484
            Metrics/height/height_error: 0.1685
    Episode_Reward/joint_tracking_error: -4.9081
              Episode_Reward/torso_roll: -1.6004
     Curriculum/polish_action_rate_rate: -0.1500
  Episode_Reward/feet_distance_standing: -0.6010
           Curriculum/polish_torso_slam: -5.0000
        Episode_Reward/illegal_contacts: -0.3607
      Episode_Reward/base_height_medium: 2.1528
              Episode_Reward/not_moving: -3.1856
            Episode_Reward/joint_vel_l2: -1.7626
               Episode_Reward/flat_feet: -1.8845
         Curriculum/polish_joint_vel_l2: -0.0010
        Curriculum/random_fallen_states: 0.0000
           Episode_Termination/time_out: 0.6548
      Episode_Termination/invalid_state: 0.3070
        Episode_Reward/joint_torques_l2: -1.0195
       Episode_Reward/base_height_rough: 1.5022
         Episode_Reward/severely_tilted: -0.1541
        Episode_Reward/action_rate_rate: -17.4393
             Episode_Reward/action_rate: -39.0199
           Episode_Reward/torque_limits: -1.5019
        Episode_Reward/joint_vel_limits: -0.0049
           Curriculum/polish_not_moving: -1.0000
            Episode_Reward/joint_acc_l2: 0.0000
        Episode_Reward/joint_pos_limits: -0.0209
               Curriculum/adaptive_lift: 0.9905
              Episode_Reward/relaxation: -9.0999
           Episode_Reward/feet_yaw_mean: -1.7410
     Episode_Reward/completely_airborne: -14.5356
         Episode_Reward/ground_unloaded: -0.6583
              Episode_Reward/feet_slide: -0.8142
           Episode_Reward/ankle_torques: -0.2009
--------------------------------------------------------------------------------
                         Iteration time: 3.67s
                           Time elapsed: 0:01:50
                                    ETA: 0:01:50

################################################################################
[1m                            Learning iteration 30/60                            [0m 

                               Run name: height_tracking_g1
                            Total steps: 3047424 
                       Steps per second: 26874 
                        Collection time: 3.199s 
                          Learning time: 0.459s 
                        Mean value loss: 3.1910
                    Mean surrogate loss: -0.0089
                      Mean entropy loss: 40.2884
                     Mean symmetry loss: 0.0017
                   Mean l2c2_actor loss: 0.0035
                  Mean l2c2_critic loss: 0.0043
                            Mean reward: -2139.63
                    Mean episode length: 533.81
                        Mean action std: 0.97
                    Entropy coefficient: 0.002500
 Episode_Reward/joint_deviation_l1_arms: -0.7349
             Episode_Reward/ground_slam: -8.7659
          Curriculum/polish_ground_slam: -1.0000
      Episode_Reward/joint_deviation_l1: -0.9991
        Episode_Reward/base_height_fine: 2.9477
           Episode_Reward/forward_pitch: -1.0317
           Episode_Reward/body_velocity: -24.6233
           Episode_Reward/torso_upright: -0.0273
              Episode_Reward/torso_slam: -11.3263
              Curriculum/terrain_levels: 0.0000
           Episode_Reward/feet_distance: -0.5718
            Metrics/height/height_error: 0.1660
    Episode_Reward/joint_tracking_error: -4.7146
              Episode_Reward/torso_roll: -1.6232
     Curriculum/polish_action_rate_rate: -0.1500
  Episode_Reward/feet_distance_standing: -0.5132
           Curriculum/polish_torso_slam: -5.0000
        Episode_Reward/illegal_contacts: -0.3729
      Episode_Reward/base_height_medium: 1.9493
              Episode_Reward/not_moving: -2.8823
            Episode_Reward/joint_vel_l2: -1.7122
               Episode_Reward/flat_feet: -1.9261
         Curriculum/polish_joint_vel_l2: -0.0010
        Curriculum/random_fallen_states: 0.0000
           Episode_Termination/time_out: 0.6708
      Episode_Termination/invalid_state: 0.3142
        Episode_Reward/joint_torques_l2: -1.0366
       Episode_Reward/base_height_rough: 1.4043
         Episode_Reward/severely_tilted: -0.1438
        Episode_Reward/action_rate_rate: -17.5827
             Episode_Reward/action_rate: -39.3470
           Episode_Reward/torque_limits: -1.4462
        Episode_Reward/joint_vel_limits: -0.0047
           Curriculum/polish_not_moving: -1.0000
            Episode_Reward/joint_acc_l2: 0.0000
        Episode_Reward/joint_pos_limits: -0.0200
               Curriculum/adaptive_lift: 0.9905
              Episode_Reward/relaxation: -10.9765
           Episode_Reward/feet_yaw_mean: -1.5609
     Episode_Reward/completely_airborne: -14.4461
         Episode_Reward/ground_unloaded: -0.5918
              Episode_Reward/feet_slide: -0.7845
           Episode_Reward/ankle_torques: -0.1993
--------------------------------------------------------------------------------
                         Iteration time: 3.66s
                           Time elapsed: 0:01:54
                                    ETA: 0:01:46

################################################################################
[1m                            Learning iteration 31/60                            [0m 

                               Run name: height_tracking_g1
                            Total steps: 3145728 
                       Steps per second: 26377 
                        Collection time: 3.268s 
                          Learning time: 0.459s 
                        Mean value loss: 3.0384
                    Mean surrogate loss: -0.0079
                      Mean entropy loss: 40.2687
                     Mean symmetry loss: 0.0018
                   Mean l2c2_actor loss: 0.0036
                  Mean l2c2_critic loss: 0.0050
                            Mean reward: -2109.73
                    Mean episode length: 510.02
                        Mean action std: 0.97
                    Entropy coefficient: 0.002500
 Episode_Reward/joint_deviation_l1_arms: -0.7799
             Episode_Reward/ground_slam: -9.3331
          Curriculum/polish_ground_slam: -1.0000
      Episode_Reward/joint_deviation_l1: -1.1075
        Episode_Reward/base_height_fine: 3.1616
           Episode_Reward/forward_pitch: -1.0063
           Episode_Reward/body_velocity: -25.4170
           Episode_Reward/torso_upright: -0.0339
              Episode_Reward/torso_slam: -12.5894
              Curriculum/terrain_levels: 0.0000
           Episode_Reward/feet_distance: -0.5132
            Metrics/height/height_error: 0.1602
    Episode_Reward/joint_tracking_error: -4.5155
              Episode_Reward/torso_roll: -1.5372
     Curriculum/polish_action_rate_rate: -0.1500
  Episode_Reward/feet_distance_standing: -0.4675
           Curriculum/polish_torso_slam: -5.0000
        Episode_Reward/illegal_contacts: -0.3496
      Episode_Reward/base_height_medium: 2.0576
              Episode_Reward/not_moving: -3.1074
            Episode_Reward/joint_vel_l2: -1.6574
               Episode_Reward/flat_feet: -1.8101
         Curriculum/polish_joint_vel_l2: -0.0010
        Curriculum/random_fallen_states: 0.0000
           Episode_Termination/time_out: 0.6776
      Episode_Termination/invalid_state: 0.3226
        Episode_Reward/joint_torques_l2: -0.9473
       Episode_Reward/base_height_rough: 1.4333
         Episode_Reward/severely_tilted: -0.1390
        Episode_Reward/action_rate_rate: -16.7044
             Episode_Reward/action_rate: -37.3871
           Episode_Reward/torque_limits: -1.3698
        Episode_Reward/joint_vel_limits: -0.0045
           Curriculum/polish_not_moving: -1.0000
            Episode_Reward/joint_acc_l2: 0.0000
        Episode_Reward/joint_pos_limits: -0.0193
               Curriculum/adaptive_lift: 0.9905
              Episode_Reward/relaxation: -8.3294
           Episode_Reward/feet_yaw_mean: -1.5265
     Episode_Reward/completely_airborne: -14.0694
         Episode_Reward/ground_unloaded: -0.6377
              Episode_Reward/feet_slide: -0.7588
           Episode_Reward/ankle_torques: -0.1901
--------------------------------------------------------------------------------
                         Iteration time: 3.73s
                           Time elapsed: 0:01:57
                                    ETA: 0:01:43

################################################################################
[1m                            Learning iteration 32/60                            [0m 

                               Run name: height_tracking_g1
                            Total steps: 3244032 
                       Steps per second: 26814 
                        Collection time: 3.160s 
                          Learning time: 0.506s 
                        Mean value loss: 2.9627
                    Mean surrogate loss: -0.0067
                      Mean entropy loss: 40.2408
                     Mean symmetry loss: 0.0017
                   Mean l2c2_actor loss: 0.0036
                  Mean l2c2_critic loss: 0.0047
                            Mean reward: -2248.99
                    Mean episode length: 541.24
                        Mean action std: 0.97
                    Entropy coefficient: 0.002500
 Episode_Reward/joint_deviation_l1_arms: -0.9016
             Episode_Reward/ground_slam: -10.3192
          Curriculum/polish_ground_slam: -1.0000
      Episode_Reward/joint_deviation_l1: -1.2239
        Episode_Reward/base_height_fine: 3.7056
           Episode_Reward/forward_pitch: -1.1539
           Episode_Reward/body_velocity: -29.1668
           Episode_Reward/torso_upright: -0.0342
              Episode_Reward/torso_slam: -13.3081
              Curriculum/terrain_levels: 0.0000
           Episode_Reward/feet_distance: -0.6555
            Metrics/height/height_error: 0.1719
    Episode_Reward/joint_tracking_error: -5.3514
              Episode_Reward/torso_roll: -1.7724
     Curriculum/polish_action_rate_rate: -0.1500
  Episode_Reward/feet_distance_standing: -0.6061
           Curriculum/polish_torso_slam: -5.0000
        Episode_Reward/illegal_contacts: -0.4043
      Episode_Reward/base_height_medium: 2.3924
              Episode_Reward/not_moving: -3.7276
            Episode_Reward/joint_vel_l2: -1.9593
               Episode_Reward/flat_feet: -2.1005
         Curriculum/polish_joint_vel_l2: -0.0010
        Curriculum/random_fallen_states: 0.0000
           Episode_Termination/time_out: 0.6729
      Episode_Termination/invalid_state: 0.3278
        Episode_Reward/joint_torques_l2: -1.1437
       Episode_Reward/base_height_rough: 1.6562
         Episode_Reward/severely_tilted: -0.1656
        Episode_Reward/action_rate_rate: -19.2301
             Episode_Reward/action_rate: -43.0387
           Episode_Reward/torque_limits: -1.6424
        Episode_Reward/joint_vel_limits: -0.0054
           Curriculum/polish_not_moving: -1.0000
            Episode_Reward/joint_acc_l2: 0.0000
        Episode_Reward/joint_pos_limits: -0.0228
               Curriculum/adaptive_lift: 0.9905
              Episode_Reward/relaxation: -10.2257
           Episode_Reward/feet_yaw_mean: -1.8567
     Episode_Reward/completely_airborne: -16.2666
         Episode_Reward/ground_unloaded: -0.7410
              Episode_Reward/feet_slide: -0.8724
           Episode_Reward/ankle_torques: -0.2225
--------------------------------------------------------------------------------
                         Iteration time: 3.67s
                           Time elapsed: 0:02:01
                                    ETA: 0:01:39

################################################################################
[1m                            Learning iteration 33/60                            [0m 

                               Run name: height_tracking_g1
                            Total steps: 3342336 
                       Steps per second: 27827 
                        Collection time: 3.102s 
                          Learning time: 0.430s 
                        Mean value loss: 2.7809
                    Mean surrogate loss: -0.0086
                      Mean entropy loss: 40.2194
                     Mean symmetry loss: 0.0018
                   Mean l2c2_actor loss: 0.0036
                  Mean l2c2_critic loss: 0.0050
                            Mean reward: -2660.54
                    Mean episode length: 668.84
                        Mean action std: 0.97
                    Entropy coefficient: 0.002500
 Episode_Reward/joint_deviation_l1_arms: -0.8950
             Episode_Reward/ground_slam: -10.2687
          Curriculum/polish_ground_slam: -1.0000
      Episode_Reward/joint_deviation_l1: -1.2079
        Episode_Reward/base_height_fine: 3.9006
           Episode_Reward/forward_pitch: -1.2583
           Episode_Reward/body_velocity: -28.9448
           Episode_Reward/torso_upright: -0.0387
              Episode_Reward/torso_slam: -13.6134
              Curriculum/terrain_levels: 0.0000
           Episode_Reward/feet_distance: -0.6403
            Metrics/height/height_error: 0.1783
    Episode_Reward/joint_tracking_error: -5.5521
              Episode_Reward/torso_roll: -1.8962
     Curriculum/polish_action_rate_rate: -0.1500
  Episode_Reward/feet_distance_standing: -0.5525
           Curriculum/polish_torso_slam: -5.0000
        Episode_Reward/illegal_contacts: -0.4501
      Episode_Reward/base_height_medium: 2.5639
              Episode_Reward/not_moving: -3.7855
            Episode_Reward/joint_vel_l2: -2.0370
               Episode_Reward/flat_feet: -2.2857
         Curriculum/polish_joint_vel_l2: -0.0010
        Curriculum/random_fallen_states: 0.0000
           Episode_Termination/time_out: 0.6698
      Episode_Termination/invalid_state: 0.3309
        Episode_Reward/joint_torques_l2: -1.1958
       Episode_Reward/base_height_rough: 1.8007
         Episode_Reward/severely_tilted: -0.1437
        Episode_Reward/action_rate_rate: -20.6477
             Episode_Reward/action_rate: -46.2295
           Episode_Reward/torque_limits: -1.6919
        Episode_Reward/joint_vel_limits: -0.0055
           Curriculum/polish_not_moving: -1.0000
            Episode_Reward/joint_acc_l2: 0.0000
        Episode_Reward/joint_pos_limits: -0.0238
               Curriculum/adaptive_lift: 0.9905
              Episode_Reward/relaxation: -10.9660
           Episode_Reward/feet_yaw_mean: -1.8198
     Episode_Reward/completely_airborne: -16.9896
         Episode_Reward/ground_unloaded: -0.7734
              Episode_Reward/feet_slide: -0.9237
           Episode_Reward/ankle_torques: -0.2285
--------------------------------------------------------------------------------
                         Iteration time: 3.53s
                           Time elapsed: 0:02:05
                                    ETA: 0:01:35

################################################################################
[1m                            Learning iteration 34/60                            [0m 

                               Run name: height_tracking_g1
                            Total steps: 3440640 
                       Steps per second: 26824 
                        Collection time: 3.235s 
                          Learning time: 0.429s 
                        Mean value loss: 2.7867
                    Mean surrogate loss: -0.0076
                      Mean entropy loss: 40.1976
                     Mean symmetry loss: 0.0019
                   Mean l2c2_actor loss: 0.0037
                  Mean l2c2_critic loss: 0.0053
                            Mean reward: -2455.20
                    Mean episode length: 613.42
                        Mean action std: 0.97
                    Entropy coefficient: 0.002500
 Episode_Reward/joint_deviation_l1_arms: -0.8838
             Episode_Reward/ground_slam: -10.3804
          Curriculum/polish_ground_slam: -1.0000
      Episode_Reward/joint_deviation_l1: -1.2040
        Episode_Reward/base_height_fine: 3.7788
           Episode_Reward/forward_pitch: -1.2834
           Episode_Reward/body_velocity: -28.7096
           Episode_Reward/torso_upright: -0.0365
              Episode_Reward/torso_slam: -14.1936
              Curriculum/terrain_levels: 0.0000
           Episode_Reward/feet_distance: -0.6452
            Metrics/height/height_error: 0.1803
    Episode_Reward/joint_tracking_error: -5.4807
              Episode_Reward/torso_roll: -1.8708
     Curriculum/polish_action_rate_rate: -0.1500
  Episode_Reward/feet_distance_standing: -0.5583
           Curriculum/polish_torso_slam: -5.0000
        Episode_Reward/illegal_contacts: -0.4413
      Episode_Reward/base_height_medium: 2.4662
              Episode_Reward/not_moving: -3.6852
            Episode_Reward/joint_vel_l2: -2.0062
               Episode_Reward/flat_feet: -2.2377
         Curriculum/polish_joint_vel_l2: -0.0010
        Curriculum/random_fallen_states: 0.0000
           Episode_Termination/time_out: 0.6721
      Episode_Termination/invalid_state: 0.3284
        Episode_Reward/joint_torques_l2: -1.1788
       Episode_Reward/base_height_rough: 1.7206
         Episode_Reward/severely_tilted: -0.1447
        Episode_Reward/action_rate_rate: -20.1507
             Episode_Reward/action_rate: -45.1303
           Episode_Reward/torque_limits: -1.6618
        Episode_Reward/joint_vel_limits: -0.0055
           Curriculum/polish_not_moving: -1.0000
            Episode_Reward/joint_acc_l2: 0.0000
        Episode_Reward/joint_pos_limits: -0.0234
               Curriculum/adaptive_lift: 0.9905
              Episode_Reward/relaxation: -10.9221
           Episode_Reward/feet_yaw_mean: -1.8382
     Episode_Reward/completely_airborne: -16.7459
         Episode_Reward/ground_unloaded: -0.7480
              Episode_Reward/feet_slide: -0.9038
           Episode_Reward/ankle_torques: -0.2314
--------------------------------------------------------------------------------
                         Iteration time: 3.66s
                           Time elapsed: 0:02:08
                                    ETA: 0:01:32

################################################################################
[1m                            Learning iteration 35/60                            [0m 

                               Run name: height_tracking_g1
                            Total steps: 3538944 
                       Steps per second: 26743 
                        Collection time: 3.217s 
                          Learning time: 0.458s 
                        Mean value loss: 2.6925
                    Mean surrogate loss: -0.0077
                      Mean entropy loss: 40.1578
                     Mean symmetry loss: 0.0019
                   Mean l2c2_actor loss: 0.0036
                  Mean l2c2_critic loss: 0.0053
                            Mean reward: -2237.77
                    Mean episode length: 556.72
                        Mean action std: 0.97
                    Entropy coefficient: 0.002500
 Episode_Reward/joint_deviation_l1_arms: -0.8437
             Episode_Reward/ground_slam: -10.2544
          Curriculum/polish_ground_slam: -1.0000
      Episode_Reward/joint_deviation_l1: -1.1463
        Episode_Reward/base_height_fine: 3.6342
           Episode_Reward/forward_pitch: -1.1989
           Episode_Reward/body_velocity: -28.6402
           Episode_Reward/torso_upright: -0.0317
              Episode_Reward/torso_slam: -13.9665
              Curriculum/terrain_levels: 0.0000
           Episode_Reward/feet_distance: -0.6335
            Metrics/height/height_error: 0.1574
    Episode_Reward/joint_tracking_error: -5.2234
              Episode_Reward/torso_roll: -1.7727
     Curriculum/polish_action_rate_rate: -0.1500
  Episode_Reward/feet_distance_standing: -0.5576
           Curriculum/polish_torso_slam: -5.0000
        Episode_Reward/illegal_contacts: -0.4060
      Episode_Reward/base_height_medium: 2.3685
              Episode_Reward/not_moving: -3.5960
            Episode_Reward/joint_vel_l2: -1.9175
               Episode_Reward/flat_feet: -2.0977
         Curriculum/polish_joint_vel_l2: -0.0010
        Curriculum/random_fallen_states: 0.0000
           Episode_Termination/time_out: 0.6778
      Episode_Termination/invalid_state: 0.3227
        Episode_Reward/joint_torques_l2: -1.0938
       Episode_Reward/base_height_rough: 1.6448
         Episode_Reward/severely_tilted: -0.1624
        Episode_Reward/action_rate_rate: -18.8976
             Episode_Reward/action_rate: -42.3381
           Episode_Reward/torque_limits: -1.5707
        Episode_Reward/joint_vel_limits: -0.0052
           Curriculum/polish_not_moving: -1.0000
            Episode_Reward/joint_acc_l2: 0.0000
        Episode_Reward/joint_pos_limits: -0.0225
               Curriculum/adaptive_lift: 0.9905
              Episode_Reward/relaxation: -10.1598
           Episode_Reward/feet_yaw_mean: -1.8093
     Episode_Reward/completely_airborne: -15.8798
         Episode_Reward/ground_unloaded: -0.7057
              Episode_Reward/feet_slide: -0.8512
           Episode_Reward/ankle_torques: -0.2221
--------------------------------------------------------------------------------
                         Iteration time: 3.68s
                           Time elapsed: 0:02:12
                                    ETA: 0:01:28

################################################################################
[1m                            Learning iteration 36/60                            [0m 

                               Run name: height_tracking_g1
                            Total steps: 3637248 
                       Steps per second: 26835 
                        Collection time: 3.218s 
                          Learning time: 0.445s 
                        Mean value loss: 2.6858
                    Mean surrogate loss: -0.0073
                      Mean entropy loss: 40.1471
                     Mean symmetry loss: 0.0019
                   Mean l2c2_actor loss: 0.0036
                  Mean l2c2_critic loss: 0.0058
                            Mean reward: -2356.59
                    Mean episode length: 581.11
                        Mean action std: 0.97
                    Entropy coefficient: 0.002500
 Episode_Reward/joint_deviation_l1_arms: -0.8733
             Episode_Reward/ground_slam: -9.9776
          Curriculum/polish_ground_slam: -1.0000
      Episode_Reward/joint_deviation_l1: -1.1923
        Episode_Reward/base_height_fine: 3.5857
           Episode_Reward/forward_pitch: -1.1247
           Episode_Reward/body_velocity: -28.5929
           Episode_Reward/torso_upright: -0.0406
              Episode_Reward/torso_slam: -13.5285
              Curriculum/terrain_levels: 0.0000
           Episode_Reward/feet_distance: -0.5986
            Metrics/height/height_error: 0.1586
    Episode_Reward/joint_tracking_error: -5.0976
              Episode_Reward/torso_roll: -1.7116
     Curriculum/polish_action_rate_rate: -0.1500
  Episode_Reward/feet_distance_standing: -0.5448
           Curriculum/polish_torso_slam: -5.0000
        Episode_Reward/illegal_contacts: -0.3900
      Episode_Reward/base_height_medium: 2.3586
              Episode_Reward/not_moving: -3.5254
            Episode_Reward/joint_vel_l2: -1.8657
               Episode_Reward/flat_feet: -2.0416
         Curriculum/polish_joint_vel_l2: -0.0010
        Curriculum/random_fallen_states: 0.0000
           Episode_Termination/time_out: 0.6800
      Episode_Termination/invalid_state: 0.3205
        Episode_Reward/joint_torques_l2: -1.0968
       Episode_Reward/base_height_rough: 1.6451
         Episode_Reward/severely_tilted: -0.1575
        Episode_Reward/action_rate_rate: -18.3584
             Episode_Reward/action_rate: -41.1331
           Episode_Reward/torque_limits: -1.5764
        Episode_Reward/joint_vel_limits: -0.0052
           Curriculum/polish_not_moving: -1.0000
            Episode_Reward/joint_acc_l2: 0.0000
        Episode_Reward/joint_pos_limits: -0.0220
               Curriculum/adaptive_lift: 0.9905
              Episode_Reward/relaxation: -10.0023
           Episode_Reward/feet_yaw_mean: -1.7351
     Episode_Reward/completely_airborne: -15.4539
         Episode_Reward/ground_unloaded: -0.6916
              Episode_Reward/feet_slide: -0.8382
           Episode_Reward/ankle_torques: -0.2023
--------------------------------------------------------------------------------
                         Iteration time: 3.66s
                           Time elapsed: 0:02:16
                                    ETA: 0:01:24

################################################################################
[1m                            Learning iteration 37/60                            [0m 

                               Run name: height_tracking_g1
                            Total steps: 3735552 
                       Steps per second: 26796 
                        Collection time: 3.142s 
                          Learning time: 0.527s 
                        Mean value loss: 2.4703
                    Mean surrogate loss: -0.0077
                      Mean entropy loss: 40.1050
                     Mean symmetry loss: 0.0020
                   Mean l2c2_actor loss: 0.0037
                  Mean l2c2_critic loss: 0.0059
                            Mean reward: -2471.62
                    Mean episode length: 618.72
                        Mean action std: 0.96
                    Entropy coefficient: 0.002500
 Episode_Reward/joint_deviation_l1_arms: -0.8850
             Episode_Reward/ground_slam: -10.4425
          Curriculum/polish_ground_slam: -1.0000
      Episode_Reward/joint_deviation_l1: -1.2098
        Episode_Reward/base_height_fine: 3.9312
           Episode_Reward/forward_pitch: -1.2550
           Episode_Reward/body_velocity: -28.8426
           Episode_Reward/torso_upright: -0.0363
              Episode_Reward/torso_slam: -14.5000
              Curriculum/terrain_levels: 0.0000
           Episode_Reward/feet_distance: -0.6420
            Metrics/height/height_error: 0.1702
    Episode_Reward/joint_tracking_error: -5.3856
              Episode_Reward/torso_roll: -1.8440
     Curriculum/polish_action_rate_rate: -0.1500
  Episode_Reward/feet_distance_standing: -0.5598
           Curriculum/polish_torso_slam: -5.0000
        Episode_Reward/illegal_contacts: -0.4367
      Episode_Reward/base_height_medium: 2.5803
              Episode_Reward/not_moving: -3.7123
            Episode_Reward/joint_vel_l2: -1.9715
               Episode_Reward/flat_feet: -2.2158
         Curriculum/polish_joint_vel_l2: -0.0010
        Curriculum/random_fallen_states: 0.0000
           Episode_Termination/time_out: 0.6824
      Episode_Termination/invalid_state: 0.3181
        Episode_Reward/joint_torques_l2: -1.1640
       Episode_Reward/base_height_rough: 1.7871
         Episode_Reward/severely_tilted: -0.1731
        Episode_Reward/action_rate_rate: -19.8946
             Episode_Reward/action_rate: -44.5687
           Episode_Reward/torque_limits: -1.6378
        Episode_Reward/joint_vel_limits: -0.0053
           Curriculum/polish_not_moving: -1.0000
            Episode_Reward/joint_acc_l2: 0.0000
        Episode_Reward/joint_pos_limits: -0.0230
               Curriculum/adaptive_lift: 0.9905
              Episode_Reward/relaxation: -10.2392
           Episode_Reward/feet_yaw_mean: -1.7791
     Episode_Reward/completely_airborne: -16.5010
         Episode_Reward/ground_unloaded: -0.7791
              Episode_Reward/feet_slide: -0.9136
           Episode_Reward/ankle_torques: -0.2176
--------------------------------------------------------------------------------
                         Iteration time: 3.67s
                           Time elapsed: 0:02:19
                                    ETA: 0:01:20

################################################################################
[1m                            Learning iteration 38/60                            [0m 

                               Run name: height_tracking_g1
                            Total steps: 3833856 
                       Steps per second: 28067 
                        Collection time: 3.072s 
                          Learning time: 0.430s 
                        Mean value loss: 2.4591
                    Mean surrogate loss: -0.0062
                      Mean entropy loss: 40.0875
                     Mean symmetry loss: 0.0018
                   Mean l2c2_actor loss: 0.0036
                  Mean l2c2_critic loss: 0.0038
                            Mean reward: -2403.94
                    Mean episode length: 589.80
                        Mean action std: 0.96
                    Entropy coefficient: 0.002500
 Episode_Reward/joint_deviation_l1_arms: -0.9142
             Episode_Reward/ground_slam: -10.0105
          Curriculum/polish_ground_slam: -1.0000
      Episode_Reward/joint_deviation_l1: -1.2591
        Episode_Reward/base_height_fine: 3.7547
           Episode_Reward/forward_pitch: -1.1857
           Episode_Reward/body_velocity: -29.0931
           Episode_Reward/torso_upright: -0.0407
              Episode_Reward/torso_slam: -13.5152
              Curriculum/terrain_levels: 0.0000
           Episode_Reward/feet_distance: -0.6326
            Metrics/height/height_error: 0.1776
    Episode_Reward/joint_tracking_error: -5.3583
              Episode_Reward/torso_roll: -1.8490
     Curriculum/polish_action_rate_rate: -0.1500
  Episode_Reward/feet_distance_standing: -0.5746
           Curriculum/polish_torso_slam: -5.0000
        Episode_Reward/illegal_contacts: -0.4204
      Episode_Reward/base_height_medium: 2.4604
              Episode_Reward/not_moving: -3.5897
            Episode_Reward/joint_vel_l2: -1.9505
               Episode_Reward/flat_feet: -2.1982
         Curriculum/polish_joint_vel_l2: -0.0010
        Curriculum/random_fallen_states: 0.0000
           Episode_Termination/time_out: 0.6865
      Episode_Termination/invalid_state: 0.3140
        Episode_Reward/joint_torques_l2: -1.1698
       Episode_Reward/base_height_rough: 1.7128
         Episode_Reward/severely_tilted: -0.1438
        Episode_Reward/action_rate_rate: -19.7964
             Episode_Reward/action_rate: -44.3904
           Episode_Reward/torque_limits: -1.6484
        Episode_Reward/joint_vel_limits: -0.0052
           Curriculum/polish_not_moving: -1.0000
            Episode_Reward/joint_acc_l2: 0.0000
        Episode_Reward/joint_pos_limits: -0.0229
               Curriculum/adaptive_lift: 0.9905
              Episode_Reward/relaxation: -10.9074
           Episode_Reward/feet_yaw_mean: -1.7654
     Episode_Reward/completely_airborne: -16.4808
         Episode_Reward/ground_unloaded: -0.7366
              Episode_Reward/feet_slide: -0.8937
           Episode_Reward/ankle_torques: -0.2211
--------------------------------------------------------------------------------
                         Iteration time: 3.50s
                           Time elapsed: 0:02:23
                                    ETA: 0:01:17

################################################################################
[1m                            Learning iteration 39/60                            [0m 

                               Run name: height_tracking_g1
                            Total steps: 3932160 
                       Steps per second: 26840 
                        Collection time: 3.202s 
                          Learning time: 0.460s 
                        Mean value loss: 2.2223
                    Mean surrogate loss: -0.0071
                      Mean entropy loss: 40.0393
                     Mean symmetry loss: 0.0020
                   Mean l2c2_actor loss: 0.0036
                  Mean l2c2_critic loss: 0.0035
                            Mean reward: -2389.27
                    Mean episode length: 617.55
                        Mean action std: 0.96
                    Entropy coefficient: 0.002500
 Episode_Reward/joint_deviation_l1_arms: -0.8877
             Episode_Reward/ground_slam: -9.5938
          Curriculum/polish_ground_slam: -1.0000
      Episode_Reward/joint_deviation_l1: -1.2306
        Episode_Reward/base_height_fine: 4.2275
           Episode_Reward/forward_pitch: -1.2405
           Episode_Reward/body_velocity: -27.7349
           Episode_Reward/torso_upright: -0.0399
              Episode_Reward/torso_slam: -13.0061
              Curriculum/terrain_levels: 0.0000
           Episode_Reward/feet_distance: -0.6452
            Metrics/height/height_error: 0.1837
    Episode_Reward/joint_tracking_error: -5.4430
              Episode_Reward/torso_roll: -1.8764
     Curriculum/polish_action_rate_rate: -0.1500
  Episode_Reward/feet_distance_standing: -0.5537
           Curriculum/polish_torso_slam: -5.0000
        Episode_Reward/illegal_contacts: -0.4397
      Episode_Reward/base_height_medium: 2.7537
              Episode_Reward/not_moving: -3.9780
            Episode_Reward/joint_vel_l2: -1.9944
               Episode_Reward/flat_feet: -2.2611
         Curriculum/polish_joint_vel_l2: -0.0010
        Curriculum/random_fallen_states: 0.0000
           Episode_Termination/time_out: 0.6889
      Episode_Termination/invalid_state: 0.3116
        Episode_Reward/joint_torques_l2: -1.2157
       Episode_Reward/base_height_rough: 1.8897
         Episode_Reward/severely_tilted: -0.1501
        Episode_Reward/action_rate_rate: -20.2695
             Episode_Reward/action_rate: -45.4216
           Episode_Reward/torque_limits: -1.6634
        Episode_Reward/joint_vel_limits: -0.0053
           Curriculum/polish_not_moving: -1.0000
            Episode_Reward/joint_acc_l2: 0.0000
        Episode_Reward/joint_pos_limits: -0.0234
               Curriculum/adaptive_lift: 0.9905
              Episode_Reward/relaxation: -10.1516
           Episode_Reward/feet_yaw_mean: -1.8617
     Episode_Reward/completely_airborne: -16.6656
         Episode_Reward/ground_unloaded: -0.7985
              Episode_Reward/feet_slide: -0.9222
           Episode_Reward/ankle_torques: -0.2299
--------------------------------------------------------------------------------
                         Iteration time: 3.66s
                           Time elapsed: 0:02:27
                                    ETA: 0:01:13

################################################################################
[1m                            Learning iteration 40/60                            [0m 

                               Run name: height_tracking_g1
                            Total steps: 4030464 
                       Steps per second: 27010 
                        Collection time: 3.235s 
                          Learning time: 0.405s 
                        Mean value loss: 2.3859
                    Mean surrogate loss: -0.0062
                      Mean entropy loss: 40.0017
                     Mean symmetry loss: 0.0020
                   Mean l2c2_actor loss: 0.0035
                  Mean l2c2_critic loss: 0.0039
                            Mean reward: -2456.34
                    Mean episode length: 616.71
                        Mean action std: 0.96
                    Entropy coefficient: 0.002500
 Episode_Reward/joint_deviation_l1_arms: -0.8477
             Episode_Reward/ground_slam: -9.8756
          Curriculum/polish_ground_slam: -1.0000
      Episode_Reward/joint_deviation_l1: -1.1627
        Episode_Reward/base_height_fine: 3.3630
           Episode_Reward/forward_pitch: -1.3279
           Episode_Reward/body_velocity: -28.3983
           Episode_Reward/torso_upright: -0.0349
              Episode_Reward/torso_slam: -13.5683
              Curriculum/terrain_levels: 0.0000
           Episode_Reward/feet_distance: -0.6715
            Metrics/height/height_error: 0.1708
    Episode_Reward/joint_tracking_error: -5.3750
              Episode_Reward/torso_roll: -1.9209
     Curriculum/polish_action_rate_rate: -0.1500
  Episode_Reward/feet_distance_standing: -0.5593
           Curriculum/polish_torso_slam: -5.0000
        Episode_Reward/illegal_contacts: -0.4568
      Episode_Reward/base_height_medium: 2.2418
              Episode_Reward/not_moving: -3.1733
            Episode_Reward/joint_vel_l2: -1.9573
               Episode_Reward/flat_feet: -2.2857
         Curriculum/polish_joint_vel_l2: -0.0010
        Curriculum/random_fallen_states: 0.0000
           Episode_Termination/time_out: 0.6892
      Episode_Termination/invalid_state: 0.3112
        Episode_Reward/joint_torques_l2: -1.1837
       Episode_Reward/base_height_rough: 1.6215
         Episode_Reward/severely_tilted: -0.1461
        Episode_Reward/action_rate_rate: -20.1653
             Episode_Reward/action_rate: -45.1973
           Episode_Reward/torque_limits: -1.6475
        Episode_Reward/joint_vel_limits: -0.0052
           Curriculum/polish_not_moving: -1.0000
            Episode_Reward/joint_acc_l2: 0.0000
        Episode_Reward/joint_pos_limits: -0.0232
               Curriculum/adaptive_lift: 0.9905
              Episode_Reward/relaxation: -12.8564
           Episode_Reward/feet_yaw_mean: -1.8423
     Episode_Reward/completely_airborne: -16.9125
         Episode_Reward/ground_unloaded: -0.6799
              Episode_Reward/feet_slide: -0.8919
           Episode_Reward/ankle_torques: -0.2263
--------------------------------------------------------------------------------
                         Iteration time: 3.64s
                           Time elapsed: 0:02:30
                                    ETA: 0:01:09

################################################################################
[1m                            Learning iteration 41/60                            [0m 

                               Run name: height_tracking_g1
                            Total steps: 4128768 
                       Steps per second: 26890 
                        Collection time: 3.212s 
                          Learning time: 0.443s 
                        Mean value loss: 2.5747
                    Mean surrogate loss: -0.0066
                      Mean entropy loss: 39.9822
                     Mean symmetry loss: 0.0020
                   Mean l2c2_actor loss: 0.0035
                  Mean l2c2_critic loss: 0.0055
                            Mean reward: -2137.51
                    Mean episode length: 544.41
                        Mean action std: 0.96
                    Entropy coefficient: 0.002500
 Episode_Reward/joint_deviation_l1_arms: -0.8381
             Episode_Reward/ground_slam: -9.3331
          Curriculum/polish_ground_slam: -1.0000
      Episode_Reward/joint_deviation_l1: -1.1664
        Episode_Reward/base_height_fine: 3.8453
           Episode_Reward/forward_pitch: -1.1614
           Episode_Reward/body_velocity: -26.2012
           Episode_Reward/torso_upright: -0.0447
              Episode_Reward/torso_slam: -12.1669
              Curriculum/terrain_levels: 0.0000
           Episode_Reward/feet_distance: -0.5686
            Metrics/height/height_error: 0.1667
    Episode_Reward/joint_tracking_error: -4.8711
              Episode_Reward/torso_roll: -1.6665
     Curriculum/polish_action_rate_rate: -0.1500
  Episode_Reward/feet_distance_standing: -0.5167
           Curriculum/polish_torso_slam: -5.0000
        Episode_Reward/illegal_contacts: -0.3876
      Episode_Reward/base_height_medium: 2.4730
              Episode_Reward/not_moving: -3.7432
            Episode_Reward/joint_vel_l2: -1.8062
               Episode_Reward/flat_feet: -1.9964
         Curriculum/polish_joint_vel_l2: -0.0010
        Curriculum/random_fallen_states: 0.0000
           Episode_Termination/time_out: 0.6916
      Episode_Termination/invalid_state: 0.3089
        Episode_Reward/joint_torques_l2: -1.0379
       Episode_Reward/base_height_rough: 1.6744
         Episode_Reward/severely_tilted: -0.1352
        Episode_Reward/action_rate_rate: -18.0118
             Episode_Reward/action_rate: -40.3699
           Episode_Reward/torque_limits: -1.4641
        Episode_Reward/joint_vel_limits: -0.0049
           Curriculum/polish_not_moving: -1.0000
            Episode_Reward/joint_acc_l2: 0.0000
        Episode_Reward/joint_pos_limits: -0.0211
               Curriculum/adaptive_lift: 0.9905
              Episode_Reward/relaxation: -8.5990
           Episode_Reward/feet_yaw_mean: -1.5942
     Episode_Reward/completely_airborne: -15.0827
         Episode_Reward/ground_unloaded: -0.7252
              Episode_Reward/feet_slide: -0.8321
           Episode_Reward/ankle_torques: -0.2188
--------------------------------------------------------------------------------
                         Iteration time: 3.66s
                           Time elapsed: 0:02:34
                                    ETA: 0:01:06

################################################################################
[1m                            Learning iteration 42/60                            [0m 

                               Run name: height_tracking_g1
                            Total steps: 4227072 
                       Steps per second: 26759 
                        Collection time: 3.061s 
                          Learning time: 0.613s 
                        Mean value loss: 2.3566
                    Mean surrogate loss: -0.0067
                      Mean entropy loss: 39.9499
                     Mean symmetry loss: 0.0020
                   Mean l2c2_actor loss: 0.0035
                  Mean l2c2_critic loss: 0.0053
                            Mean reward: -2359.28
                    Mean episode length: 594.44
                        Mean action std: 0.96
                    Entropy coefficient: 0.002500
 Episode_Reward/joint_deviation_l1_arms: -0.8130
             Episode_Reward/ground_slam: -9.6715
          Curriculum/polish_ground_slam: -1.0000
      Episode_Reward/joint_deviation_l1: -1.1288
        Episode_Reward/base_height_fine: 3.5042
           Episode_Reward/forward_pitch: -1.1374
           Episode_Reward/body_velocity: -27.2756
           Episode_Reward/torso_upright: -0.0385
              Episode_Reward/torso_slam: -13.0862
              Curriculum/terrain_levels: 0.0000
           Episode_Reward/feet_distance: -0.5777
            Metrics/height/height_error: 0.1657
    Episode_Reward/joint_tracking_error: -4.8715
              Episode_Reward/torso_roll: -1.7149
     Curriculum/polish_action_rate_rate: -0.1500
  Episode_Reward/feet_distance_standing: -0.5089
           Curriculum/polish_torso_slam: -5.0000
        Episode_Reward/illegal_contacts: -0.3971
      Episode_Reward/base_height_medium: 2.2787
              Episode_Reward/not_moving: -3.3437
            Episode_Reward/joint_vel_l2: -1.7941
               Episode_Reward/flat_feet: -2.0335
         Curriculum/polish_joint_vel_l2: -0.0010
        Curriculum/random_fallen_states: 0.0000
           Episode_Termination/time_out: 0.6915
      Episode_Termination/invalid_state: 0.3090
        Episode_Reward/joint_torques_l2: -1.0533
       Episode_Reward/base_height_rough: 1.5893
         Episode_Reward/severely_tilted: -0.1442
        Episode_Reward/action_rate_rate: -18.0540
             Episode_Reward/action_rate: -40.4873
           Episode_Reward/torque_limits: -1.4709
        Episode_Reward/joint_vel_limits: -0.0048
           Curriculum/polish_not_moving: -1.0000
            Episode_Reward/joint_acc_l2: 0.0000
        Episode_Reward/joint_pos_limits: -0.0211
               Curriculum/adaptive_lift: 0.9905
              Episode_Reward/relaxation: -9.8502
           Episode_Reward/feet_yaw_mean: -1.6329
     Episode_Reward/completely_airborne: -15.2750
         Episode_Reward/ground_unloaded: -0.6734
              Episode_Reward/feet_slide: -0.8216
           Episode_Reward/ankle_torques: -0.2098
--------------------------------------------------------------------------------
                         Iteration time: 3.67s
                           Time elapsed: 0:02:37
                                    ETA: 0:01:02

################################################################################
[1m                            Learning iteration 43/60                            [0m 

                               Run name: height_tracking_g1
                            Total steps: 4325376 
                       Steps per second: 27631 
                        Collection time: 3.114s 
                          Learning time: 0.444s 
                        Mean value loss: 2.2184
                    Mean surrogate loss: -0.0064
                      Mean entropy loss: 39.9080
                     Mean symmetry loss: 0.0020
                   Mean l2c2_actor loss: 0.0035
                  Mean l2c2_critic loss: 0.0061
                            Mean reward: -2481.93
                    Mean episode length: 653.20
                        Mean action std: 0.96
                    Entropy coefficient: 0.002500
 Episode_Reward/joint_deviation_l1_arms: -0.8991
             Episode_Reward/ground_slam: -9.5937
          Curriculum/polish_ground_slam: -1.0000
      Episode_Reward/joint_deviation_l1: -1.2373
        Episode_Reward/base_height_fine: 4.2233
           Episode_Reward/forward_pitch: -1.2699
           Episode_Reward/body_velocity: -27.9478
           Episode_Reward/torso_upright: -0.0412
              Episode_Reward/torso_slam: -12.8872
              Curriculum/terrain_levels: 0.0000
           Episode_Reward/feet_distance: -0.6255
            Metrics/height/height_error: 0.1751
    Episode_Reward/joint_tracking_error: -5.3675
              Episode_Reward/torso_roll: -1.8763
     Curriculum/polish_action_rate_rate: -0.1500
  Episode_Reward/feet_distance_standing: -0.5612
           Curriculum/polish_torso_slam: -5.0000
        Episode_Reward/illegal_contacts: -0.4318
      Episode_Reward/base_height_medium: 2.7218
              Episode_Reward/not_moving: -4.0620
            Episode_Reward/joint_vel_l2: -1.9724
               Episode_Reward/flat_feet: -2.2597
         Curriculum/polish_joint_vel_l2: -0.0010
        Curriculum/random_fallen_states: 0.0000
           Episode_Termination/time_out: 0.6962
      Episode_Termination/invalid_state: 0.3042
        Episode_Reward/joint_torques_l2: -1.1774
       Episode_Reward/base_height_rough: 1.8654
         Episode_Reward/severely_tilted: -0.1441
        Episode_Reward/action_rate_rate: -20.0931
             Episode_Reward/action_rate: -45.0593
           Episode_Reward/torque_limits: -1.6253
        Episode_Reward/joint_vel_limits: -0.0052
           Curriculum/polish_not_moving: -1.0000
            Episode_Reward/joint_acc_l2: 0.0000
        Episode_Reward/joint_pos_limits: -0.0232
               Curriculum/adaptive_lift: 0.9905
              Episode_Reward/relaxation: -9.9467
           Episode_Reward/feet_yaw_mean: -1.7320
     Episode_Reward/completely_airborne: -16.8067
         Episode_Reward/ground_unloaded: -0.8061
              Episode_Reward/feet_slide: -0.9179
           Episode_Reward/ankle_torques: -0.2391
--------------------------------------------------------------------------------
                         Iteration time: 3.56s
                           Time elapsed: 0:02:41
                                    ETA: 0:00:58

################################################################################
[1m                            Learning iteration 44/60                            [0m 

                               Run name: height_tracking_g1
                            Total steps: 4423680 
                       Steps per second: 26805 
                        Collection time: 3.208s 
                          Learning time: 0.459s 
                        Mean value loss: 2.1564
                    Mean surrogate loss: -0.0060
                      Mean entropy loss: 39.8673
                     Mean symmetry loss: 0.0020
                   Mean l2c2_actor loss: 0.0036
                  Mean l2c2_critic loss: 0.0061
                            Mean reward: -2425.43
                    Mean episode length: 632.68
                        Mean action std: 0.96
                    Entropy coefficient: 0.002500
 Episode_Reward/joint_deviation_l1_arms: -0.8361
             Episode_Reward/ground_slam: -9.2567
          Curriculum/polish_ground_slam: -1.0000
      Episode_Reward/joint_deviation_l1: -1.1713
        Episode_Reward/base_height_fine: 3.7919
           Episode_Reward/forward_pitch: -1.2374
           Episode_Reward/body_velocity: -26.9931
           Episode_Reward/torso_upright: -0.0428
              Episode_Reward/torso_slam: -12.6737
              Curriculum/terrain_levels: 0.0000
           Episode_Reward/feet_distance: -0.5968
            Metrics/height/height_error: 0.1673
    Episode_Reward/joint_tracking_error: -5.0906
              Episode_Reward/torso_roll: -1.8294
     Curriculum/polish_action_rate_rate: -0.1500
  Episode_Reward/feet_distance_standing: -0.5211
           Curriculum/polish_torso_slam: -5.0000
        Episode_Reward/illegal_contacts: -0.4298
      Episode_Reward/base_height_medium: 2.4735
              Episode_Reward/not_moving: -3.6305
            Episode_Reward/joint_vel_l2: -1.8863
               Episode_Reward/flat_feet: -2.1855
         Curriculum/polish_joint_vel_l2: -0.0010
        Curriculum/random_fallen_states: 0.0000
           Episode_Termination/time_out: 0.6995
      Episode_Termination/invalid_state: 0.3010
        Episode_Reward/joint_torques_l2: -1.1159
       Episode_Reward/base_height_rough: 1.7270
         Episode_Reward/severely_tilted: -0.1249
        Episode_Reward/action_rate_rate: -19.3216
             Episode_Reward/action_rate: -43.3309
           Episode_Reward/torque_limits: -1.5537
        Episode_Reward/joint_vel_limits: -0.0049
           Curriculum/polish_not_moving: -1.0000
            Episode_Reward/joint_acc_l2: 0.0000
        Episode_Reward/joint_pos_limits: -0.0223
               Curriculum/adaptive_lift: 0.9905
              Episode_Reward/relaxation: -10.1930
           Episode_Reward/feet_yaw_mean: -1.7336
     Episode_Reward/completely_airborne: -16.1289
         Episode_Reward/ground_unloaded: -0.7263
              Episode_Reward/feet_slide: -0.8797
           Episode_Reward/ankle_torques: -0.2259
--------------------------------------------------------------------------------
                         Iteration time: 3.67s
                           Time elapsed: 0:02:45
                                    ETA: 0:00:55

################################################################################
[1m                            Learning iteration 45/60                            [0m 

                               Run name: height_tracking_g1
                            Total steps: 4521984 
                       Steps per second: 26820 
                        Collection time: 3.266s 
                          Learning time: 0.400s 
                        Mean value loss: 2.3435
                    Mean surrogate loss: -0.0048
                      Mean entropy loss: 39.8600
                     Mean symmetry loss: 0.0020
                   Mean l2c2_actor loss: 0.0035
                  Mean l2c2_critic loss: 0.0053
                            Mean reward: -2291.16
                    Mean episode length: 584.07
                        Mean action std: 0.96
                    Entropy coefficient: 0.002500
 Episode_Reward/joint_deviation_l1_arms: -0.8493
             Episode_Reward/ground_slam: -9.8010
          Curriculum/polish_ground_slam: -1.0000
      Episode_Reward/joint_deviation_l1: -1.1650
        Episode_Reward/base_height_fine: 3.7198
           Episode_Reward/forward_pitch: -1.2052
           Episode_Reward/body_velocity: -27.7618
           Episode_Reward/torso_upright: -0.0357
              Episode_Reward/torso_slam: -13.1123
              Curriculum/terrain_levels: 0.0000
           Episode_Reward/feet_distance: -0.6229
            Metrics/height/height_error: 0.1835
    Episode_Reward/joint_tracking_error: -5.1222
              Episode_Reward/torso_roll: -1.7961
     Curriculum/polish_action_rate_rate: -0.1500
  Episode_Reward/feet_distance_standing: -0.5323
           Curriculum/polish_torso_slam: -5.0000
        Episode_Reward/illegal_contacts: -0.4218
      Episode_Reward/base_height_medium: 2.4306
              Episode_Reward/not_moving: -3.5392
            Episode_Reward/joint_vel_l2: -1.8858
               Episode_Reward/flat_feet: -2.1825
         Curriculum/polish_joint_vel_l2: -0.0010
        Curriculum/random_fallen_states: 0.0000
           Episode_Termination/time_out: 0.7027
      Episode_Termination/invalid_state: 0.2978
        Episode_Reward/joint_torques_l2: -1.1218
       Episode_Reward/base_height_rough: 1.6997
         Episode_Reward/severely_tilted: -0.1462
        Episode_Reward/action_rate_rate: -19.1192
             Episode_Reward/action_rate: -42.8667
           Episode_Reward/torque_limits: -1.5782
        Episode_Reward/joint_vel_limits: -0.0050
           Curriculum/polish_not_moving: -1.0000
            Episode_Reward/joint_acc_l2: 0.0000
        Episode_Reward/joint_pos_limits: -0.0225
               Curriculum/adaptive_lift: 0.9905
              Episode_Reward/relaxation: -10.2338
           Episode_Reward/feet_yaw_mean: -1.7635
     Episode_Reward/completely_airborne: -16.1620
         Episode_Reward/ground_unloaded: -0.7265
              Episode_Reward/feet_slide: -0.8896
           Episode_Reward/ankle_torques: -0.2238
--------------------------------------------------------------------------------
                         Iteration time: 3.67s
                           Time elapsed: 0:02:48
                                    ETA: 0:00:51

################################################################################
[1m                            Learning iteration 46/60                            [0m 

                               Run name: height_tracking_g1
                            Total steps: 4620288 
                       Steps per second: 26824 
                        Collection time: 3.207s 
                          Learning time: 0.457s 
                        Mean value loss: 2.1224
                    Mean surrogate loss: -0.0056
                      Mean entropy loss: 39.7993
                     Mean symmetry loss: 0.0019
                   Mean l2c2_actor loss: 0.0034
                  Mean l2c2_critic loss: 0.0055
                            Mean reward: -2260.31
                    Mean episode length: 588.56
                        Mean action std: 0.95
                    Entropy coefficient: 0.002500
 Episode_Reward/joint_deviation_l1_arms: -0.7755
             Episode_Reward/ground_slam: -8.4621
          Curriculum/polish_ground_slam: -1.0000
      Episode_Reward/joint_deviation_l1: -1.0639
        Episode_Reward/base_height_fine: 3.4092
           Episode_Reward/forward_pitch: -1.1553
           Episode_Reward/body_velocity: -25.1334
           Episode_Reward/torso_upright: -0.0355
              Episode_Reward/torso_slam: -11.1933
              Curriculum/terrain_levels: 0.0000
           Episode_Reward/feet_distance: -0.5370
            Metrics/height/height_error: 0.1647
    Episode_Reward/joint_tracking_error: -4.7124
              Episode_Reward/torso_roll: -1.6682
     Curriculum/polish_action_rate_rate: -0.1500
  Episode_Reward/feet_distance_standing: -0.4460
           Curriculum/polish_torso_slam: -5.0000
        Episode_Reward/illegal_contacts: -0.3871
      Episode_Reward/base_height_medium: 2.2230
              Episode_Reward/not_moving: -3.2465
            Episode_Reward/joint_vel_l2: -1.7336
               Episode_Reward/flat_feet: -2.0032
         Curriculum/polish_joint_vel_l2: -0.0010
        Curriculum/random_fallen_states: 0.0000
           Episode_Termination/time_out: 0.7033
      Episode_Termination/invalid_state: 0.2971
        Episode_Reward/joint_torques_l2: -1.0357
       Episode_Reward/base_height_rough: 1.5506
         Episode_Reward/severely_tilted: -0.1245
        Episode_Reward/action_rate_rate: -17.6472
             Episode_Reward/action_rate: -39.5841
           Episode_Reward/torque_limits: -1.4246
        Episode_Reward/joint_vel_limits: -0.0045
           Curriculum/polish_not_moving: -1.0000
            Episode_Reward/joint_acc_l2: 0.0000
        Episode_Reward/joint_pos_limits: -0.0206
               Curriculum/adaptive_lift: 0.9905
              Episode_Reward/relaxation: -9.9596
           Episode_Reward/feet_yaw_mean: -1.5185
     Episode_Reward/completely_airborne: -14.9752
         Episode_Reward/ground_unloaded: -0.6494
              Episode_Reward/feet_slide: -0.8070
           Episode_Reward/ankle_torques: -0.1962
--------------------------------------------------------------------------------
                         Iteration time: 3.66s
                           Time elapsed: 0:02:52
                                    ETA: 0:00:47

################################################################################
[1m                            Learning iteration 47/60                            [0m 

                               Run name: height_tracking_g1
                            Total steps: 4718592 
                       Steps per second: 26676 
                        Collection time: 3.074s 
                          Learning time: 0.611s 
                        Mean value loss: 2.2955
                    Mean surrogate loss: -0.0064
                      Mean entropy loss: 39.7627
                     Mean symmetry loss: 0.0020
                   Mean l2c2_actor loss: 0.0033
                  Mean l2c2_critic loss: 0.0058
                            Mean reward: -2364.56
                    Mean episode length: 590.38
                        Mean action std: 0.95
                    Entropy coefficient: 0.002500
 Episode_Reward/joint_deviation_l1_arms: -0.8338
             Episode_Reward/ground_slam: -10.1493
          Curriculum/polish_ground_slam: -1.0000
      Episode_Reward/joint_deviation_l1: -1.1703
        Episode_Reward/base_height_fine: 3.6418
           Episode_Reward/forward_pitch: -1.1645
           Episode_Reward/body_velocity: -28.0515
           Episode_Reward/torso_upright: -0.0370
              Episode_Reward/torso_slam: -13.6804
              Curriculum/terrain_levels: 0.0000
           Episode_Reward/feet_distance: -0.5786
            Metrics/height/height_error: 0.1729
    Episode_Reward/joint_tracking_error: -4.9268
              Episode_Reward/torso_roll: -1.7270
     Curriculum/polish_action_rate_rate: -0.1500
  Episode_Reward/feet_distance_standing: -0.5077
           Curriculum/polish_torso_slam: -5.0000
        Episode_Reward/illegal_contacts: -0.3984
      Episode_Reward/base_height_medium: 2.3805
              Episode_Reward/not_moving: -3.5086
            Episode_Reward/joint_vel_l2: -1.8151
               Episode_Reward/flat_feet: -2.0405
         Curriculum/polish_joint_vel_l2: -0.0010
        Curriculum/random_fallen_states: 0.0000
           Episode_Termination/time_out: 0.7052
      Episode_Termination/invalid_state: 0.2953
        Episode_Reward/joint_torques_l2: -1.0872
       Episode_Reward/base_height_rough: 1.6583
         Episode_Reward/severely_tilted: -0.1424
        Episode_Reward/action_rate_rate: -18.0778
             Episode_Reward/action_rate: -40.5469
           Episode_Reward/torque_limits: -1.4851
        Episode_Reward/joint_vel_limits: -0.0049
           Curriculum/polish_not_moving: -1.0000
            Episode_Reward/joint_acc_l2: 0.0000
        Episode_Reward/joint_pos_limits: -0.0217
               Curriculum/adaptive_lift: 0.9905
              Episode_Reward/relaxation: -9.2308
           Episode_Reward/feet_yaw_mean: -1.6757
     Episode_Reward/completely_airborne: -15.5793
         Episode_Reward/ground_unloaded: -0.7119
              Episode_Reward/feet_slide: -0.8402
           Episode_Reward/ankle_torques: -0.2014
--------------------------------------------------------------------------------
                         Iteration time: 3.69s
                           Time elapsed: 0:02:56
                                    ETA: 0:00:44

################################################################################
[1m                            Learning iteration 48/60                            [0m 

                               Run name: height_tracking_g1
                            Total steps: 4816896 
                       Steps per second: 27650 
                        Collection time: 3.095s 
                          Learning time: 0.460s 
                        Mean value loss: 2.2200
                    Mean surrogate loss: -0.0062
                      Mean entropy loss: 39.7000
                     Mean symmetry loss: 0.0019
                   Mean l2c2_actor loss: 0.0033
                  Mean l2c2_critic loss: 0.0064
                            Mean reward: -2257.55
                    Mean episode length: 588.71
                        Mean action std: 0.95
                    Entropy coefficient: 0.002500
 Episode_Reward/joint_deviation_l1_arms: -0.8451
             Episode_Reward/ground_slam: -9.3479
          Curriculum/polish_ground_slam: -1.0000
      Episode_Reward/joint_deviation_l1: -1.1783
        Episode_Reward/base_height_fine: 3.6944
           Episode_Reward/forward_pitch: -1.1684
           Episode_Reward/body_velocity: -26.2408
           Episode_Reward/torso_upright: -0.0383
              Episode_Reward/torso_slam: -12.6288
              Curriculum/terrain_levels: 0.0000
           Episode_Reward/feet_distance: -0.6136
            Metrics/height/height_error: 0.1755
    Episode_Reward/joint_tracking_error: -4.9014
              Episode_Reward/torso_roll: -1.7390
     Curriculum/polish_action_rate_rate: -0.1500
  Episode_Reward/feet_distance_standing: -0.5561
           Curriculum/polish_torso_slam: -5.0000
        Episode_Reward/illegal_contacts: -0.4026
      Episode_Reward/base_height_medium: 2.4103
              Episode_Reward/not_moving: -3.4747
            Episode_Reward/joint_vel_l2: -1.7895
               Episode_Reward/flat_feet: -2.0857
         Curriculum/polish_joint_vel_l2: -0.0010
        Curriculum/random_fallen_states: 0.0000
           Episode_Termination/time_out: 0.7067
      Episode_Termination/invalid_state: 0.2938
        Episode_Reward/joint_torques_l2: -1.0585
       Episode_Reward/base_height_rough: 1.6779
         Episode_Reward/severely_tilted: -0.1438
        Episode_Reward/action_rate_rate: -18.3271
             Episode_Reward/action_rate: -41.0872
           Episode_Reward/torque_limits: -1.4741
        Episode_Reward/joint_vel_limits: -0.0047
           Curriculum/polish_not_moving: -1.0000
            Episode_Reward/joint_acc_l2: 0.0000
        Episode_Reward/joint_pos_limits: -0.0214
               Curriculum/adaptive_lift: 0.9905
              Episode_Reward/relaxation: -9.0152
           Episode_Reward/feet_yaw_mean: -1.6117
     Episode_Reward/completely_airborne: -15.4015
         Episode_Reward/ground_unloaded: -0.7397
              Episode_Reward/feet_slide: -0.8437
           Episode_Reward/ankle_torques: -0.2083
--------------------------------------------------------------------------------
                         Iteration time: 3.56s
                           Time elapsed: 0:02:59
                                    ETA: 0:00:40

################################################################################
[1m                            Learning iteration 49/60                            [0m 

                               Run name: height_tracking_g1
                            Total steps: 4915200 
                       Steps per second: 26843 
                        Collection time: 3.262s 
                          Learning time: 0.401s 
                        Mean value loss: 2.2047
                    Mean surrogate loss: -0.0050
                      Mean entropy loss: 39.6835
                     Mean symmetry loss: 0.0020
                   Mean l2c2_actor loss: 0.0032
                  Mean l2c2_critic loss: 0.0070
                            Mean reward: -2203.50
                    Mean episode length: 568.86
                        Mean action std: 0.95
                    Entropy coefficient: 0.002500
 Episode_Reward/joint_deviation_l1_arms: -0.7786
             Episode_Reward/ground_slam: -9.2985
          Curriculum/polish_ground_slam: -1.0000
      Episode_Reward/joint_deviation_l1: -1.0938
        Episode_Reward/base_height_fine: 3.2152
           Episode_Reward/forward_pitch: -1.1178
           Episode_Reward/body_velocity: -26.2571
           Episode_Reward/torso_upright: -0.0332
              Episode_Reward/torso_slam: -12.8150
              Curriculum/terrain_levels: 0.0000
           Episode_Reward/feet_distance: -0.5772
            Metrics/height/height_error: 0.1679
    Episode_Reward/joint_tracking_error: -4.6542
              Episode_Reward/torso_roll: -1.6749
     Curriculum/polish_action_rate_rate: -0.1500
  Episode_Reward/feet_distance_standing: -0.5030
           Curriculum/polish_torso_slam: -5.0000
        Episode_Reward/illegal_contacts: -0.3932
      Episode_Reward/base_height_medium: 2.1323
              Episode_Reward/not_moving: -3.0319
            Episode_Reward/joint_vel_l2: -1.7247
               Episode_Reward/flat_feet: -1.9970
         Curriculum/polish_joint_vel_l2: -0.0010
        Curriculum/random_fallen_states: 0.0000
           Episode_Termination/time_out: 0.7059
      Episode_Termination/invalid_state: 0.2946
        Episode_Reward/joint_torques_l2: -1.0377
       Episode_Reward/base_height_rough: 1.5275
         Episode_Reward/severely_tilted: -0.1433
        Episode_Reward/action_rate_rate: -17.3956
             Episode_Reward/action_rate: -39.0224
           Episode_Reward/torque_limits: -1.4169
        Episode_Reward/joint_vel_limits: -0.0045
           Curriculum/polish_not_moving: -1.0000
            Episode_Reward/joint_acc_l2: 0.0000
        Episode_Reward/joint_pos_limits: -0.0205
               Curriculum/adaptive_lift: 0.9905
              Episode_Reward/relaxation: -9.7639
           Episode_Reward/feet_yaw_mean: -1.5999
     Episode_Reward/completely_airborne: -14.7731
         Episode_Reward/ground_unloaded: -0.6535
              Episode_Reward/feet_slide: -0.7884
           Episode_Reward/ankle_torques: -0.2022
--------------------------------------------------------------------------------
                         Iteration time: 3.66s
                           Time elapsed: 0:03:03
                                    ETA: 0:00:36

################################################################################
[1m                            Learning iteration 50/60                            [0m 

                               Run name: height_tracking_g1
                            Total steps: 5013504 
                       Steps per second: 26821 
                        Collection time: 3.206s 
                          Learning time: 0.459s 
                        Mean value loss: 2.1469
                    Mean surrogate loss: -0.0058
                      Mean entropy loss: 39.5867
                     Mean symmetry loss: 0.0020
                   Mean l2c2_actor loss: 0.0031
                  Mean l2c2_critic loss: 0.0088
                            Mean reward: -2181.41
                    Mean episode length: 557.72
                        Mean action std: 0.95
                    Entropy coefficient: 0.002500
 Episode_Reward/joint_deviation_l1_arms: -0.7931
             Episode_Reward/ground_slam: -9.4477
          Curriculum/polish_ground_slam: -1.0000
      Episode_Reward/joint_deviation_l1: -1.1069
        Episode_Reward/base_height_fine: 3.5771
           Episode_Reward/forward_pitch: -1.1709
           Episode_Reward/body_velocity: -25.2971
           Episode_Reward/torso_upright: -0.0415
              Episode_Reward/torso_slam: -12.4542
              Curriculum/terrain_levels: 0.0000
           Episode_Reward/feet_distance: -0.5710
            Metrics/height/height_error: 0.1577
    Episode_Reward/joint_tracking_error: -4.7363
              Episode_Reward/torso_roll: -1.7236
     Curriculum/polish_action_rate_rate: -0.1500
  Episode_Reward/feet_distance_standing: -0.4844
           Curriculum/polish_torso_slam: -5.0000
        Episode_Reward/illegal_contacts: -0.4126
      Episode_Reward/base_height_medium: 2.3304
              Episode_Reward/not_moving: -3.4099
            Episode_Reward/joint_vel_l2: -1.7570
               Episode_Reward/flat_feet: -2.0467
         Curriculum/polish_joint_vel_l2: -0.0010
        Curriculum/random_fallen_states: 0.0000
           Episode_Termination/time_out: 0.7089
      Episode_Termination/invalid_state: 0.2915
        Episode_Reward/joint_torques_l2: -1.0570
       Episode_Reward/base_height_rough: 1.6294
         Episode_Reward/severely_tilted: -0.1319
        Episode_Reward/action_rate_rate: -17.9019
             Episode_Reward/action_rate: -40.1451
           Episode_Reward/torque_limits: -1.4302
        Episode_Reward/joint_vel_limits: -0.0046
           Curriculum/polish_not_moving: -1.0000
            Episode_Reward/joint_acc_l2: 0.0000
        Episode_Reward/joint_pos_limits: -0.0209
               Curriculum/adaptive_lift: 0.9905
              Episode_Reward/relaxation: -9.3053
           Episode_Reward/feet_yaw_mean: -1.5789
     Episode_Reward/completely_airborne: -15.1731
         Episode_Reward/ground_unloaded: -0.6968
              Episode_Reward/feet_slide: -0.8228
           Episode_Reward/ankle_torques: -0.2255
--------------------------------------------------------------------------------
                         Iteration time: 3.67s
                           Time elapsed: 0:03:07
                                    ETA: 0:00:33

################################################################################
[1m                            Learning iteration 51/60                            [0m 

                               Run name: height_tracking_g1
                            Total steps: 5111808 
                       Steps per second: 27084 
                        Collection time: 3.201s 
                          Learning time: 0.429s 
                        Mean value loss: 1.9839
                    Mean surrogate loss: -0.0041
                      Mean entropy loss: 39.5710
                     Mean symmetry loss: 0.0021
                   Mean l2c2_actor loss: 0.0031
                  Mean l2c2_critic loss: 0.0101
                            Mean reward: -2448.97
                    Mean episode length: 643.05
                        Mean action std: 0.95
                    Entropy coefficient: 0.002500
 Episode_Reward/joint_deviation_l1_arms: -0.8533
             Episode_Reward/ground_slam: -9.1807
          Curriculum/polish_ground_slam: -1.0000
      Episode_Reward/joint_deviation_l1: -1.2014
        Episode_Reward/base_height_fine: 3.8092
           Episode_Reward/forward_pitch: -1.2029
           Episode_Reward/body_velocity: -26.0210
           Episode_Reward/torso_upright: -0.0422
              Episode_Reward/torso_slam: -12.6681
              Curriculum/terrain_levels: 0.0000
           Episode_Reward/feet_distance: -0.6146
            Metrics/height/height_error: 0.1702
    Episode_Reward/joint_tracking_error: -5.0230
              Episode_Reward/torso_roll: -1.8297
     Curriculum/polish_action_rate_rate: -0.1500
  Episode_Reward/feet_distance_standing: -0.5385
           Curriculum/polish_torso_slam: -5.0000
        Episode_Reward/illegal_contacts: -0.4386
      Episode_Reward/base_height_medium: 2.4631
              Episode_Reward/not_moving: -3.6830
            Episode_Reward/joint_vel_l2: -1.8820
               Episode_Reward/flat_feet: -2.2071
         Curriculum/polish_joint_vel_l2: -0.0010
        Curriculum/random_fallen_states: 0.0000
           Episode_Termination/time_out: 0.7114
      Episode_Termination/invalid_state: 0.2888
        Episode_Reward/joint_torques_l2: -1.1116
       Episode_Reward/base_height_rough: 1.7221
         Episode_Reward/severely_tilted: -0.1416
        Episode_Reward/action_rate_rate: -19.3038
             Episode_Reward/action_rate: -43.2584
           Episode_Reward/torque_limits: -1.4977
        Episode_Reward/joint_vel_limits: -0.0049
           Curriculum/polish_not_moving: -1.0000
            Episode_Reward/joint_acc_l2: 0.0000
        Episode_Reward/joint_pos_limits: -0.0219
               Curriculum/adaptive_lift: 0.9905
              Episode_Reward/relaxation: -10.1683
           Episode_Reward/feet_yaw_mean: -1.6746
     Episode_Reward/completely_airborne: -16.3057
         Episode_Reward/ground_unloaded: -0.7359
              Episode_Reward/feet_slide: -0.8722
           Episode_Reward/ankle_torques: -0.2142
--------------------------------------------------------------------------------
                         Iteration time: 3.63s
                           Time elapsed: 0:03:10
                                    ETA: 0:00:29

################################################################################
[1m                            Learning iteration 52/60                            [0m 

                               Run name: height_tracking_g1
                            Total steps: 5210112 
                       Steps per second: 26936 
                        Collection time: 3.098s 
                          Learning time: 0.551s 
                        Mean value loss: 2.1843
                    Mean surrogate loss: -0.0052
                      Mean entropy loss: 39.4745
                     Mean symmetry loss: 0.0020
                   Mean l2c2_actor loss: 0.0031
                  Mean l2c2_critic loss: 0.0094
                            Mean reward: -2178.56
                    Mean episode length: 562.88
                        Mean action std: 0.94
                    Entropy coefficient: 0.002500
 Episode_Reward/joint_deviation_l1_arms: -0.8018
             Episode_Reward/ground_slam: -9.2006
          Curriculum/polish_ground_slam: -1.0000
      Episode_Reward/joint_deviation_l1: -1.1319
        Episode_Reward/base_height_fine: 3.5310
           Episode_Reward/forward_pitch: -1.2004
           Episode_Reward/body_velocity: -26.3341
           Episode_Reward/torso_upright: -0.0365
              Episode_Reward/torso_slam: -12.5219
              Curriculum/terrain_levels: 0.0000
           Episode_Reward/feet_distance: -0.5674
            Metrics/height/height_error: 0.1551
    Episode_Reward/joint_tracking_error: -4.7482
              Episode_Reward/torso_roll: -1.7383
     Curriculum/polish_action_rate_rate: -0.1500
  Episode_Reward/feet_distance_standing: -0.4980
           Curriculum/polish_torso_slam: -5.0000
        Episode_Reward/illegal_contacts: -0.4077
      Episode_Reward/base_height_medium: 2.2898
              Episode_Reward/not_moving: -3.3554
            Episode_Reward/joint_vel_l2: -1.7568
               Episode_Reward/flat_feet: -2.0746
         Curriculum/polish_joint_vel_l2: -0.0010
        Curriculum/random_fallen_states: 0.0000
           Episode_Termination/time_out: 0.7139
      Episode_Termination/invalid_state: 0.2861
        Episode_Reward/joint_torques_l2: -1.0647
       Episode_Reward/base_height_rough: 1.5991
         Episode_Reward/severely_tilted: -0.1361
        Episode_Reward/action_rate_rate: -18.0250
             Episode_Reward/action_rate: -40.4244
           Episode_Reward/torque_limits: -1.4576
        Episode_Reward/joint_vel_limits: -0.0045
           Curriculum/polish_not_moving: -1.0000
            Episode_Reward/joint_acc_l2: 0.0000
        Episode_Reward/joint_pos_limits: -0.0211
               Curriculum/adaptive_lift: 0.9905
              Episode_Reward/relaxation: -10.3613
           Episode_Reward/feet_yaw_mean: -1.5934
     Episode_Reward/completely_airborne: -15.4682
         Episode_Reward/ground_unloaded: -0.6614
              Episode_Reward/feet_slide: -0.8227
           Episode_Reward/ankle_torques: -0.2126
--------------------------------------------------------------------------------
                         Iteration time: 3.65s
                           Time elapsed: 0:03:14
                                    ETA: 0:00:25

################################################################################
[1m                            Learning iteration 53/60                            [0m 

                               Run name: height_tracking_g1
                            Total steps: 5308416 
                       Steps per second: 27775 
                        Collection time: 3.096s 
                          Learning time: 0.444s 
                        Mean value loss: 1.8962
                    Mean surrogate loss: -0.0026
                      Mean entropy loss: 39.4620
                     Mean symmetry loss: 0.0021
                   Mean l2c2_actor loss: 0.0031
                  Mean l2c2_critic loss: 0.0101
                            Mean reward: -2446.55
                    Mean episode length: 649.93
                        Mean action std: 0.94
                    Entropy coefficient: 0.002500
 Episode_Reward/joint_deviation_l1_arms: -0.8232
             Episode_Reward/ground_slam: -9.4341
          Curriculum/polish_ground_slam: -1.0000
      Episode_Reward/joint_deviation_l1: -1.1269
        Episode_Reward/base_height_fine: 3.9985
           Episode_Reward/forward_pitch: -1.2267
           Episode_Reward/body_velocity: -27.2720
           Episode_Reward/torso_upright: -0.0371
              Episode_Reward/torso_slam: -12.8572
              Curriculum/terrain_levels: 0.0000
           Episode_Reward/feet_distance: -0.6317
            Metrics/height/height_error: 0.1934
    Episode_Reward/joint_tracking_error: -5.0399
              Episode_Reward/torso_roll: -1.8463
     Curriculum/polish_action_rate_rate: -0.1500
  Episode_Reward/feet_distance_standing: -0.5461
           Curriculum/polish_torso_slam: -5.0000
        Episode_Reward/illegal_contacts: -0.4343
      Episode_Reward/base_height_medium: 2.5895
              Episode_Reward/not_moving: -3.7744
            Episode_Reward/joint_vel_l2: -1.8487
               Episode_Reward/flat_feet: -2.2239
         Curriculum/polish_joint_vel_l2: -0.0010
        Curriculum/random_fallen_states: 0.0000
           Episode_Termination/time_out: 0.7161
      Episode_Termination/invalid_state: 0.2839
        Episode_Reward/joint_torques_l2: -1.1342
       Episode_Reward/base_height_rough: 1.7851
         Episode_Reward/severely_tilted: -0.1464
        Episode_Reward/action_rate_rate: -19.1153
             Episode_Reward/action_rate: -42.8577
           Episode_Reward/torque_limits: -1.5245
        Episode_Reward/joint_vel_limits: -0.0047
           Curriculum/polish_not_moving: -1.0000
            Episode_Reward/joint_acc_l2: 0.0000
        Episode_Reward/joint_pos_limits: -0.0224
               Curriculum/adaptive_lift: 0.9905
              Episode_Reward/relaxation: -9.4305
           Episode_Reward/feet_yaw_mean: -1.6714
     Episode_Reward/completely_airborne: -16.0338
         Episode_Reward/ground_unloaded: -0.7823
              Episode_Reward/feet_slide: -0.8751
           Episode_Reward/ankle_torques: -0.2349
--------------------------------------------------------------------------------
                         Iteration time: 3.54s
                           Time elapsed: 0:03:17
                                    ETA: 0:00:21

################################################################################
[1m                            Learning iteration 54/60                            [0m 

                               Run name: height_tracking_g1
                            Total steps: 5406720 
                       Steps per second: 26865 
                        Collection time: 3.258s 
                          Learning time: 0.401s 
                        Mean value loss: 2.2368
                    Mean surrogate loss: -0.0043
                      Mean entropy loss: 39.3757
                     Mean symmetry loss: 0.0019
                   Mean l2c2_actor loss: 0.0030
                  Mean l2c2_critic loss: 0.0114
                            Mean reward: -2215.06
                    Mean episode length: 581.46
                        Mean action std: 0.94
                    Entropy coefficient: 0.002500
 Episode_Reward/joint_deviation_l1_arms: -0.8549
             Episode_Reward/ground_slam: -10.1032
          Curriculum/polish_ground_slam: -1.0000
      Episode_Reward/joint_deviation_l1: -1.1587
        Episode_Reward/base_height_fine: 3.9030
           Episode_Reward/forward_pitch: -1.1698
           Episode_Reward/body_velocity: -28.3363
           Episode_Reward/torso_upright: -0.0338
              Episode_Reward/torso_slam: -13.0265
              Curriculum/terrain_levels: 0.0000
           Episode_Reward/feet_distance: -0.6023
            Metrics/height/height_error: 0.1791
    Episode_Reward/joint_tracking_error: -5.0333
              Episode_Reward/torso_roll: -1.7987
     Curriculum/polish_action_rate_rate: -0.1500
  Episode_Reward/feet_distance_standing: -0.5372
           Curriculum/polish_torso_slam: -5.0000
        Episode_Reward/illegal_contacts: -0.4152
      Episode_Reward/base_height_medium: 2.5532
              Episode_Reward/not_moving: -3.6278
            Episode_Reward/joint_vel_l2: -1.8416
               Episode_Reward/flat_feet: -2.1501
         Curriculum/polish_joint_vel_l2: -0.0010
        Curriculum/random_fallen_states: 0.0000
           Episode_Termination/time_out: 0.7188
      Episode_Termination/invalid_state: 0.2812
        Episode_Reward/joint_torques_l2: -1.1149
       Episode_Reward/base_height_rough: 1.7680
         Episode_Reward/severely_tilted: -0.1632
        Episode_Reward/action_rate_rate: -18.5577
             Episode_Reward/action_rate: -41.6090
           Episode_Reward/torque_limits: -1.5128
        Episode_Reward/joint_vel_limits: -0.0049
           Curriculum/polish_not_moving: -1.0000
            Episode_Reward/joint_acc_l2: 0.0000
        Episode_Reward/joint_pos_limits: -0.0225
               Curriculum/adaptive_lift: 0.9905
              Episode_Reward/relaxation: -9.0934
           Episode_Reward/feet_yaw_mean: -1.7385
     Episode_Reward/completely_airborne: -15.9926
         Episode_Reward/ground_unloaded: -0.7691
              Episode_Reward/feet_slide: -0.8615
           Episode_Reward/ankle_torques: -0.2195
--------------------------------------------------------------------------------
                         Iteration time: 3.66s
                           Time elapsed: 0:03:21
                                    ETA: 0:00:18

################################################################################
[1m                            Learning iteration 55/60                            [0m 

                               Run name: height_tracking_g1
                            Total steps: 5505024 
                       Steps per second: 26931 
                        Collection time: 3.192s 
                          Learning time: 0.458s 
                        Mean value loss: 1.9803
                    Mean surrogate loss: -0.0056
                      Mean entropy loss: 39.3286
                     Mean symmetry loss: 0.0019
                   Mean l2c2_actor loss: 0.0030
                  Mean l2c2_critic loss: 0.0124
                            Mean reward: -2354.70
                    Mean episode length: 625.99
                        Mean action std: 0.94
                    Entropy coefficient: 0.002500
 Episode_Reward/joint_deviation_l1_arms: -0.7482
             Episode_Reward/ground_slam: -8.7336
          Curriculum/polish_ground_slam: -1.0000
      Episode_Reward/joint_deviation_l1: -1.0362
        Episode_Reward/base_height_fine: 3.8622
           Episode_Reward/forward_pitch: -1.1076
           Episode_Reward/body_velocity: -25.2374
           Episode_Reward/torso_upright: -0.0337
              Episode_Reward/torso_slam: -11.9834
              Curriculum/terrain_levels: 0.0000
           Episode_Reward/feet_distance: -0.5721
            Metrics/height/height_error: 0.1568
    Episode_Reward/joint_tracking_error: -4.6915
              Episode_Reward/torso_roll: -1.7249
     Curriculum/polish_action_rate_rate: -0.1500
  Episode_Reward/feet_distance_standing: -0.4686
           Curriculum/polish_torso_slam: -5.0000
        Episode_Reward/illegal_contacts: -0.3943
      Episode_Reward/base_height_medium: 2.4871
              Episode_Reward/not_moving: -3.6348
            Episode_Reward/joint_vel_l2: -1.7392
               Episode_Reward/flat_feet: -2.0882
         Curriculum/polish_joint_vel_l2: -0.0010
        Curriculum/random_fallen_states: 0.0000
           Episode_Termination/time_out: 0.7178
      Episode_Termination/invalid_state: 0.2822
        Episode_Reward/joint_torques_l2: -1.0637
       Episode_Reward/base_height_rough: 1.6918
         Episode_Reward/severely_tilted: -0.1381
        Episode_Reward/action_rate_rate: -17.7217
             Episode_Reward/action_rate: -39.7419
           Episode_Reward/torque_limits: -1.4124
        Episode_Reward/joint_vel_limits: -0.0045
           Curriculum/polish_not_moving: -1.0000
            Episode_Reward/joint_acc_l2: 0.0000
        Episode_Reward/joint_pos_limits: -0.0208
               Curriculum/adaptive_lift: 0.9905
              Episode_Reward/relaxation: -9.2714
           Episode_Reward/feet_yaw_mean: -1.5856
     Episode_Reward/completely_airborne: -15.1505
         Episode_Reward/ground_unloaded: -0.7131
              Episode_Reward/feet_slide: -0.7992
           Episode_Reward/ankle_torques: -0.1836
--------------------------------------------------------------------------------
                         Iteration time: 3.65s
                           Time elapsed: 0:03:25
                                    ETA: 0:00:14

################################################################################
[1m                            Learning iteration 56/60                            [0m 

                               Run name: height_tracking_g1
                            Total steps: 5603328 
                       Steps per second: 26776 
                        Collection time: 3.228s 
                          Learning time: 0.443s 
                        Mean value loss: 1.8470
                    Mean surrogate loss: -0.0036
                      Mean entropy loss: 39.2873
                     Mean symmetry loss: 0.0021
                   Mean l2c2_actor loss: 0.0029
                  Mean l2c2_critic loss: 0.0132
                            Mean reward: -2274.28
                    Mean episode length: 603.05
                        Mean action std: 0.94
                    Entropy coefficient: 0.002500
 Episode_Reward/joint_deviation_l1_arms: -0.8216
             Episode_Reward/ground_slam: -9.2088
          Curriculum/polish_ground_slam: -1.0000
      Episode_Reward/joint_deviation_l1: -1.1422
        Episode_Reward/base_height_fine: 3.6011
           Episode_Reward/forward_pitch: -1.2088
           Episode_Reward/body_velocity: -26.2696
           Episode_Reward/torso_upright: -0.0446
              Episode_Reward/torso_slam: -12.8298
              Curriculum/terrain_levels: 0.0000
           Episode_Reward/feet_distance: -0.5847
            Metrics/height/height_error: 0.1689
    Episode_Reward/joint_tracking_error: -4.7567
              Episode_Reward/torso_roll: -1.7343
     Curriculum/polish_action_rate_rate: -0.1500
  Episode_Reward/feet_distance_standing: -0.5188
           Curriculum/polish_torso_slam: -5.0000
        Episode_Reward/illegal_contacts: -0.4073
      Episode_Reward/base_height_medium: 2.3789
              Episode_Reward/not_moving: -3.3520
            Episode_Reward/joint_vel_l2: -1.7641
               Episode_Reward/flat_feet: -2.1039
         Curriculum/polish_joint_vel_l2: -0.0010
        Curriculum/random_fallen_states: 0.0000
           Episode_Termination/time_out: 0.7192
      Episode_Termination/invalid_state: 0.2808
        Episode_Reward/joint_torques_l2: -1.0909
       Episode_Reward/base_height_rough: 1.6825
         Episode_Reward/severely_tilted: -0.1359
        Episode_Reward/action_rate_rate: -18.0035
             Episode_Reward/action_rate: -40.4101
           Episode_Reward/torque_limits: -1.4463
        Episode_Reward/joint_vel_limits: -0.0045
           Curriculum/polish_not_moving: -1.0000
            Episode_Reward/joint_acc_l2: 0.0000
        Episode_Reward/joint_pos_limits: -0.0214
               Curriculum/adaptive_lift: 0.9905
              Episode_Reward/relaxation: -9.8742
           Episode_Reward/feet_yaw_mean: -1.6226
     Episode_Reward/completely_airborne: -15.5106
         Episode_Reward/ground_unloaded: -0.7038
              Episode_Reward/feet_slide: -0.8439
           Episode_Reward/ankle_torques: -0.2148
--------------------------------------------------------------------------------
                         Iteration time: 3.67s
                           Time elapsed: 0:03:28
                                    ETA: 0:00:10

################################################################################
[1m                            Learning iteration 57/60                            [0m 

                               Run name: height_tracking_g1
                            Total steps: 5701632 
                       Steps per second: 27806 
                        Collection time: 3.016s 
                          Learning time: 0.520s 
                        Mean value loss: 2.0640
                    Mean surrogate loss: -0.0048
                      Mean entropy loss: 39.2401
                     Mean symmetry loss: 0.0020
                   Mean l2c2_actor loss: 0.0029
                  Mean l2c2_critic loss: 0.0158
                            Mean reward: -2286.43
                    Mean episode length: 604.94
                        Mean action std: 0.94
                    Entropy coefficient: 0.002500
 Episode_Reward/joint_deviation_l1_arms: -0.8082
             Episode_Reward/ground_slam: -9.0103
          Curriculum/polish_ground_slam: -1.0000
      Episode_Reward/joint_deviation_l1: -1.1355
        Episode_Reward/base_height_fine: 3.8103
           Episode_Reward/forward_pitch: -1.2299
           Episode_Reward/body_velocity: -25.5848
           Episode_Reward/torso_upright: -0.0428
              Episode_Reward/torso_slam: -12.6468
              Curriculum/terrain_levels: 0.0000
           Episode_Reward/feet_distance: -0.6023
            Metrics/height/height_error: 0.1698
    Episode_Reward/joint_tracking_error: -4.8187
              Episode_Reward/torso_roll: -1.8046
     Curriculum/polish_action_rate_rate: -0.1500
  Episode_Reward/feet_distance_standing: -0.5174
           Curriculum/polish_torso_slam: -5.0000
        Episode_Reward/illegal_contacts: -0.4209
      Episode_Reward/base_height_medium: 2.4925
              Episode_Reward/not_moving: -3.5756
            Episode_Reward/joint_vel_l2: -1.8082
               Episode_Reward/flat_feet: -2.1844
         Curriculum/polish_joint_vel_l2: -0.0010
        Curriculum/random_fallen_states: 0.0000
           Episode_Termination/time_out: 0.7218
      Episode_Termination/invalid_state: 0.2782
        Episode_Reward/joint_torques_l2: -1.1042
       Episode_Reward/base_height_rough: 1.7343
         Episode_Reward/severely_tilted: -0.1362
        Episode_Reward/action_rate_rate: -18.6757
             Episode_Reward/action_rate: -41.8649
           Episode_Reward/torque_limits: -1.4600
        Episode_Reward/joint_vel_limits: -0.0046
           Curriculum/polish_not_moving: -1.0000
            Episode_Reward/joint_acc_l2: 0.0000
        Episode_Reward/joint_pos_limits: -0.0214
               Curriculum/adaptive_lift: 0.9905
              Episode_Reward/relaxation: -10.3093
           Episode_Reward/feet_yaw_mean: -1.6439
     Episode_Reward/completely_airborne: -15.8721
         Episode_Reward/ground_unloaded: -0.7161
              Episode_Reward/feet_slide: -0.8666
           Episode_Reward/ankle_torques: -0.2154
--------------------------------------------------------------------------------
                         Iteration time: 3.54s
                           Time elapsed: 0:03:32
                                    ETA: 0:00:07

################################################################################
[1m                            Learning iteration 58/60                            [0m 

                               Run name: height_tracking_g1
                            Total steps: 5799936 
                       Steps per second: 27944 
                        Collection time: 3.073s 
                          Learning time: 0.445s 
                        Mean value loss: 1.7453
                    Mean surrogate loss: -0.0025
                      Mean entropy loss: 39.1903
                     Mean symmetry loss: 0.0020
                   Mean l2c2_actor loss: 0.0029
                  Mean l2c2_critic loss: 0.0175
                            Mean reward: -2348.82
                    Mean episode length: 622.67
                        Mean action std: 0.94
                    Entropy coefficient: 0.002500
 Episode_Reward/joint_deviation_l1_arms: -0.7970
             Episode_Reward/ground_slam: -8.7984
          Curriculum/polish_ground_slam: -1.0000
      Episode_Reward/joint_deviation_l1: -1.1252
        Episode_Reward/base_height_fine: 3.7555
           Episode_Reward/forward_pitch: -1.2067
           Episode_Reward/body_velocity: -25.1674
           Episode_Reward/torso_upright: -0.0372
              Episode_Reward/torso_slam: -12.5227
              Curriculum/terrain_levels: 0.0000
           Episode_Reward/feet_distance: -0.5803
            Metrics/height/height_error: 0.1650
    Episode_Reward/joint_tracking_error: -4.7462
              Episode_Reward/torso_roll: -1.7945
     Curriculum/polish_action_rate_rate: -0.1500
  Episode_Reward/feet_distance_standing: -0.4927
           Curriculum/polish_torso_slam: -5.0000
        Episode_Reward/illegal_contacts: -0.4267
      Episode_Reward/base_height_medium: 2.4432
              Episode_Reward/not_moving: -3.4654
            Episode_Reward/joint_vel_l2: -1.7747
               Episode_Reward/flat_feet: -2.1980
         Curriculum/polish_joint_vel_l2: -0.0010
        Curriculum/random_fallen_states: 0.0000
           Episode_Termination/time_out: 0.7273
      Episode_Termination/invalid_state: 0.2727
        Episode_Reward/joint_torques_l2: -1.0918
       Episode_Reward/base_height_rough: 1.7080
         Episode_Reward/severely_tilted: -0.1406
        Episode_Reward/action_rate_rate: -18.7606
             Episode_Reward/action_rate: -42.0487
           Episode_Reward/torque_limits: -1.4438
        Episode_Reward/joint_vel_limits: -0.0044
           Curriculum/polish_not_moving: -1.0000
            Episode_Reward/joint_acc_l2: 0.0000
        Episode_Reward/joint_pos_limits: -0.0211
               Curriculum/adaptive_lift: 0.9905
              Episode_Reward/relaxation: -10.1039
           Episode_Reward/feet_yaw_mean: -1.5688
     Episode_Reward/completely_airborne: -15.8850
         Episode_Reward/ground_unloaded: -0.7249
              Episode_Reward/feet_slide: -0.8479
           Episode_Reward/ankle_torques: -0.2226
--------------------------------------------------------------------------------
                         Iteration time: 3.52s
                           Time elapsed: 0:03:35
                                    ETA: 0:00:03

################################################################################
[1m                            Learning iteration 59/60                            [0m 

                               Run name: height_tracking_g1
                            Total steps: 5898240 
                       Steps per second: 26903 
                        Collection time: 3.224s 
                          Learning time: 0.430s 
                        Mean value loss: 2.1195
                    Mean surrogate loss: -0.0050
                      Mean entropy loss: 39.1109
                     Mean symmetry loss: 0.0020
                   Mean l2c2_actor loss: 0.0029
                  Mean l2c2_critic loss: 0.0166
                            Mean reward: -2316.44
                    Mean episode length: 603.80
                        Mean action std: 0.93
                    Entropy coefficient: 0.002500
 Episode_Reward/joint_deviation_l1_arms: -0.8509
             Episode_Reward/ground_slam: -9.7929
          Curriculum/polish_ground_slam: -1.0000
      Episode_Reward/joint_deviation_l1: -1.2163
        Episode_Reward/base_height_fine: 4.2982
           Episode_Reward/forward_pitch: -1.1902
           Episode_Reward/body_velocity: -27.8650
           Episode_Reward/torso_upright: -0.0410
              Episode_Reward/torso_slam: -13.4555
              Curriculum/terrain_levels: 0.0000
           Episode_Reward/feet_distance: -0.6126
            Metrics/height/height_error: 0.1686
    Episode_Reward/joint_tracking_error: -4.9042
              Episode_Reward/torso_roll: -1.7968
     Curriculum/polish_action_rate_rate: -0.1500
  Episode_Reward/feet_distance_standing: -0.5442
           Curriculum/polish_torso_slam: -5.0000
        Episode_Reward/illegal_contacts: -0.4078
      Episode_Reward/base_height_medium: 2.7129
              Episode_Reward/not_moving: -4.1117
            Episode_Reward/joint_vel_l2: -1.8071
               Episode_Reward/flat_feet: -2.1495
         Curriculum/polish_joint_vel_l2: -0.0010
        Curriculum/random_fallen_states: 0.0000
           Episode_Termination/time_out: 0.7330
      Episode_Termination/invalid_state: 0.2670
        Episode_Reward/joint_torques_l2: -1.1144
       Episode_Reward/base_height_rough: 1.8184
         Episode_Reward/severely_tilted: -0.1544
        Episode_Reward/action_rate_rate: -18.5613
             Episode_Reward/action_rate: -41.5845
           Episode_Reward/torque_limits: -1.4853
        Episode_Reward/joint_vel_limits: -0.0046
           Curriculum/polish_not_moving: -1.0000
            Episode_Reward/joint_acc_l2: 0.0000
        Episode_Reward/joint_pos_limits: -0.0219
               Curriculum/adaptive_lift: 0.9905
              Episode_Reward/relaxation: -8.9828
           Episode_Reward/feet_yaw_mean: -1.6829
     Episode_Reward/completely_airborne: -16.1962
         Episode_Reward/ground_unloaded: -0.7862
              Episode_Reward/feet_slide: -0.8656
           Episode_Reward/ankle_torques: -0.2169
--------------------------------------------------------------------------------
                         Iteration time: 3.65s
                           Time elapsed: 0:03:39
                                    ETA: 0:00:00

[INFO]: SimulationContext cleared
EXIT=0
