The '--headless' CLI argument is deprecated. Omit '--viz' for default headless. If config visualizers are enabled and you want to force headless, use '--viz none'.
Loading user config located at: '/workspace/WBC-AGILE-NEWTON/.venv/lib/python3.12/site-packages/isaacsim/kit/data/Kit/IsaacLab/3.0/user.config.json'
2026-09-02T06:54:09Z [0ms] [Warning] [omni.ext.plugin] [ext: isaaclab_visualizers] Extensions config 'extension.toml' doesn't exist '/workspace/WBC-AGILE-NEWTON/.venv/lib/python3.12/site-packages/isaaclab/source/isaaclab_visualizers' or '/workspace/WBC-AGILE-NEWTON/.venv/lib/python3.12/site-packages/isaaclab/source/isaaclab_visualizers/config'
WARNING: All log messages before absl::InitializeLog() is called are written to STDERR
E0000 00:00:1788332049.276358  549470 descriptor_database.cc:633] File already exists in database: grpc/health/v1/health.proto
W0000 00:00:1788332049.276381  549470 message.cc:301] Protobuf GeneratedMessageFactory: File is already registered: grpc/health/v1/health.proto
2026-09-02T06:54:09Z [365ms] [Warning] [omni.usd_config.extension] Enable omni.materialx.libs extension to use MaterialX
2026-09-02T06:54:09Z [401ms] [Warning] [omni.platforminfo.plugin] failed to open the default display.  Can't verify X Server version.
2026-09-02T06:54:09Z [412ms] [Error] [omni.ext.plugin] Could not load the dynamic library from /workspace/WBC-AGILE-NEWTON/.venv/lib/python3.12/site-packages/isaacsim/extscache/omni.usd.libs-1.0.3+6312fa25.lx64.r.cp312/bin/libMaterialXRenderHw.so. Error: libXt.so.6: cannot open shared object file: No such file or directory (note that this may be caused by a dependent library)
2026-09-02T06:54:09Z [412ms] [Error] [omni.ext.plugin] Could not load the dynamic library from /workspace/WBC-AGILE-NEWTON/.venv/lib/python3.12/site-packages/isaacsim/extscache/omni.usd.libs-1.0.3+6312fa25.lx64.r.cp312/bin/libMaterialXRenderGlsl.so. Error: libXt.so.6: cannot open shared object file: No such file or directory (note that this may be caused by a dependent library)
2026-09-02T06:54:09Z [413ms] [Error] [omni.ext.plugin] Could not load the dynamic library from /workspace/WBC-AGILE-NEWTON/.venv/lib/python3.12/site-packages/isaacsim/extscache/omni.usd.libs-1.0.3+6312fa25.lx64.r.cp312/bin/libusd_usdBakeMtlx.so. Error: libXt.so.6: cannot open shared object file: No such file or directory (note that this may be caused by a dependent library)
2026-09-02T06:54:10Z [969ms] [Warning] [isaacsim.core.simulation_manager.plugin] USD stage is not available; stage-opened subscription is deferred
2026-09-02T06:54:10Z [969ms] [Warning] [isaacsim.core.simulation_manager.plugin] USD stage is not available; stage-opened subscription is deferred
[ISAACLAB] AppLauncher initialization complete
[INFO]: Parsing configuration from: agile.rl_env.tasks.stand_up.g1.height_tracking_env_cfg:G1HeightTrackingEnvCfg
[INFO]: Parsing configuration from: agile.rl_env.tasks.stand_up.g1.agents.rsl_rl_ppo_cfg:G1HeightTrackingPpoRunnerCfg
[INFO] Logging experiment in directory: /workspace/WBC-AGILE-NEWTON/logs/rsl_rl/height_tracking_g1
Exact experiment name requested from command line: 2026-09-02_06-54-22
[INFO]: Base environment:
	Environment device    : cuda:0
	Environment seed      : 42
	Physics step-size     : 0.005
	Rendering step-size   : 0.02
	Environment step-size : 0.02
[INFO] Generating terrains based on curriculum took Last: 0.218590 s
[INFO]: Registered backend 'newton' for factory Articulation.
[INFO]: Setting variant selection 'PhysX' for variant set 'Physics' on prim '/World/envs/env_0/Robot'.
[INFO]: Setting variant selection 'None' for variant set 'left_hand' on prim '/World/envs/env_0/Robot'.
[INFO]: Setting variant selection 'None' for variant set 'right_hand' on prim '/World/envs/env_0/Robot'.
[INFO]: Registered backend 'newton' for factory FrameView.
[INFO]: Registered backend 'newton' for factory ContactSensor.
[INFO]: Registered backend 'newton' for factory RayCaster.
[INFO]: Time taken for scene creation Last: 12.355113 s, Mean: 12.355113 s, Std: 0.000000 s, N: 1
[INFO]: Scene manager:  <class InteractiveScene>
	Number of environments: 4096
	Environment spacing   : 2.5
	Source prim name      : /World/envs/env_0
	Global prim paths     : ['/World/ground']
	Replicate physics     : True
[INFO]: Dispatching MODEL_INIT callbacks
[INFO]: Finalizing model on device: cuda:0
/workspace/WBC-AGILE-NEWTON/.venv/lib/python3.12/site-packages/isaaclab_newton/physics/newton_manager.py:989: FutureWarning: Newton shape color replacement is enabled; this workaround will be deprecated in a future release.
  replace_newton_shape_colors(cls._model)
Finalize builder took: Last: 9.746871 s, Mean: 9.746871 s, Std: 0.000000 s, N: 1
[INFO]: Dispatching PHYSICS_READY callbacks
[INFO]: Simulation parameters for joints in /World/envs/env_.*/Robot:
+-------------------------------------------------------------------------------------------------------------------------------------------+
|                                     Simulation Joint Information (Prim path: /World/envs/env_.*/Robot)                                    |
+-------+----------------------------+-----------+---------+----------+-----------------+-----------------+-----------------+---------------+
| Index | Name                       | Stiffness | Damping | Armature | Static Friction | Position Limits | Velocity Limits | Effort Limits |
+-------+----------------------------+-----------+---------+----------+-----------------+-----------------+-----------------+---------------+
|   0   | left_hip_pitch_joint       |   0.000   |  0.000  |  0.020   |      0.010      | [-2.531, 2.880] |      32.000     |     88.000    |
|   1   | left_hip_roll_joint        |   0.000   |  0.000  |  0.020   |      0.010      | [-0.524, 2.967] |      32.000     |     88.000    |
|   2   | left_hip_yaw_joint         |   0.000   |  0.000  |  0.020   |      0.010      | [-2.758, 2.758] |      32.000     |     88.000    |
|   3   | left_knee_joint            |   0.000   |  0.000  |  0.020   |      0.010      | [-0.087, 2.880] |      20.000     |    139.000    |
|   4   | left_ankle_pitch_joint     |   0.000   |  0.000  |  0.020   |      0.010      | [-0.873, 0.524] |      37.000     |     50.000    |
|   5   | left_ankle_roll_joint      |   0.000   |  0.000  |  0.020   |      0.010      | [-0.262, 0.262] |      37.000     |     50.000    |
|   6   | right_hip_pitch_joint      |   0.000   |  0.000  |  0.020   |      0.010      | [-2.531, 2.880] |      32.000     |     88.000    |
|   7   | right_hip_roll_joint       |   0.000   |  0.000  |  0.020   |      0.010      | [-2.967, 0.524] |      32.000     |     88.000    |
|   8   | right_hip_yaw_joint        |   0.000   |  0.000  |  0.020   |      0.010      | [-2.758, 2.758] |      32.000     |     88.000    |
|   9   | right_knee_joint           |   0.000   |  0.000  |  0.020   |      0.010      | [-0.087, 2.880] |      20.000     |    139.000    |
|   10  | right_ankle_pitch_joint    |   0.000   |  0.000  |  0.020   |      0.010      | [-0.873, 0.524] |      37.000     |     50.000    |
|   11  | right_ankle_roll_joint     |   0.000   |  0.000  |  0.020   |      0.010      | [-0.262, 0.262] |      37.000     |     50.000    |
|   12  | waist_yaw_joint            |   0.000   |  0.000  |  0.020   |      0.010      | [-2.618, 2.618] |      32.000     |     88.000    |
|   13  | waist_roll_joint           |   0.000   |  0.000  |  0.020   |      0.010      | [-0.520, 0.520] |      37.000     |     50.000    |
|   14  | waist_pitch_joint          |   0.000   |  0.000  |  0.020   |      0.010      | [-0.520, 0.520] |      37.000     |     50.000    |
|   15  | left_shoulder_pitch_joint  |   0.000   |  0.000  |  0.020   |      0.010      | [-3.089, 2.670] |      37.000     |     25.000    |
|   16  | left_shoulder_roll_joint   |   0.000   |  0.000  |  0.020   |      0.010      | [-1.588, 2.251] |      37.000     |     25.000    |
|   17  | left_shoulder_yaw_joint    |   0.000   |  0.000  |  0.020   |      0.010      | [-2.618, 2.618] |      37.000     |     25.000    |
|   18  | left_elbow_joint           |   0.000   |  0.000  |  0.020   |      0.010      | [-1.047, 2.094] |      37.000     |     25.000    |
|   19  | left_wrist_roll_joint      |   0.000   |  0.000  |  0.020   |      0.010      | [-1.972, 1.972] |      37.000     |     25.000    |
|   20  | left_wrist_pitch_joint     |   0.000   |  0.000  |  0.020   |      0.010      | [-1.614, 1.614] |      22.000     |     5.000     |
|   21  | left_wrist_yaw_joint       |   0.000   |  0.000  |  0.020   |      0.010      | [-1.614, 1.614] |      22.000     |     5.000     |
|   22  | right_shoulder_pitch_joint |   0.000   |  0.000  |  0.020   |      0.010      | [-3.089, 2.670] |      37.000     |     25.000    |
|   23  | right_shoulder_roll_joint  |   0.000   |  0.000  |  0.020   |      0.010      | [-2.251, 1.588] |      37.000     |     25.000    |
|   24  | right_shoulder_yaw_joint   |   0.000   |  0.000  |  0.020   |      0.010      | [-2.618, 2.618] |      37.000     |     25.000    |
|   25  | right_elbow_joint          |   0.000   |  0.000  |  0.020   |      0.010      | [-1.047, 2.094] |      37.000     |     25.000    |
|   26  | right_wrist_roll_joint     |   0.000   |  0.000  |  0.020   |      0.010      | [-1.972, 1.972] |      37.000     |     25.000    |
|   27  | right_wrist_pitch_joint    |   0.000   |  0.000  |  0.020   |      0.010      | [-1.614, 1.614] |      22.000     |     5.000     |
|   28  | right_wrist_yaw_joint      |   0.000   |  0.000  |  0.020   |      0.010      | [-1.614, 1.614] |      22.000     |     5.000     |
+-------+----------------------------+-----------+---------+----------+-----------------+-----------------+-----------------+---------------+
[INFO]: Adding contact sensor for /World/envs/env_.*/Robot/.* with filter all bodies/shapes
Contact sensor construction took: Last: 0.119726 s, Mean: 0.119726 s, Std: 0.000000 s, N: 1
[INFO]: Contact sensor initialized with 30 sensors.
[INFO]: Creating buffers for contact sensor data with num_envs: 4096, num_sensors: 30, num_filter_objects: 0, history_length: 3, generate_force_matrix: False, track_air_time: True, track_pose: False, device: cuda:0
[INFO]: Creating buffers for contact sensor data with num_envs: 4096, num_sensors: 30, num_filter_objects: 0, history_length: 3, generate_force_matrix: False, track_air_time: True, track_pose: False, device: cuda:0
[INFO]: Read mesh prim: /World/ground/terrain/mesh with 369728 vertices and 2097240 faces.
Initialize solver took: Last: 2.633057 s, Mean: 2.633057 s, Std: 0.000000 s, N: 1
[INFO]: Newton CUDA graph captured (standard Warp mode)
CUDA graph took: Last: 0.890243 s, Mean: 0.890243 s, Std: 0.000000 s, N: 1
[INFO]: Time taken for simulation start Last: 13.642226 s, Mean: 13.642226 s, Std: 0.000000 s, N: 1
[INFO] Command Manager:  <CommandManager> contains 1 active terms.
+--------------------------------------+
|         Active Command Terms         |
+-------+--------+---------------------+
| Index | Name   |         Type        |
+-------+--------+---------------------+
|   0   | height | SmoothHeightCommand |
+-------+--------+---------------------+

[INFO] Event Manager:  <EventManager> contains 3 active terms.
+----------------------------------------+
| Active Event Terms in Mode: 'startup'  |
+--------+-------------------------------+
| Index  | Name                          |
+--------+-------------------------------+
|   0    | randomize_physics_material    |
|   1    | randomize_actuator_gains      |
|   2    | randomize_bodies_mass         |
|   3    | randomize_base_mass           |
|   4    | randomize_base_com            |
+--------+-------------------------------+
+---------------------------------------------------------------------------+
|                   Active Event Terms in Mode: 'interval'                  |
+-------+-----------------------------------------+-------------------------+
| Index | Name                                    | Interval time range (s) |
+-------+-----------------------------------------+-------------------------+
|   0   | push_robot                              |       (0.0, 10.0)       |
|   1   | apply_external_force_torque             |       (0.0, 10.0)       |
|   2   | apply_external_force_torque_extremities |       (0.0, 10.0)       |
+-------+-----------------------------------------+-------------------------+
+----------------------------------+
| Active Event Terms in Mode: 'reset' |
+------------+---------------------+
|   Index    | Name                |
+------------+---------------------+
|     0      | reset_base          |
+------------+---------------------+

[INFO] Recorder Manager:  <RecorderManager> contains 0 active terms.
+---------------------+
| Active Recorder Terms |
+-----------+---------+
|   Index   | Name    |
+-----------+---------+
+-----------+---------+

[INFO]: Resolved joint names for the action term JointPositionAction: ['left_hip_pitch_joint', 'left_hip_roll_joint', 'left_hip_yaw_joint', 'left_knee_joint', 'left_ankle_pitch_joint', 'left_ankle_roll_joint', 'right_hip_pitch_joint', 'right_hip_roll_joint', 'right_hip_yaw_joint', 'right_knee_joint', 'right_ankle_pitch_joint', 'right_ankle_roll_joint', 'waist_yaw_joint', 'waist_roll_joint', 'waist_pitch_joint', 'left_shoulder_pitch_joint', 'left_shoulder_roll_joint', 'left_shoulder_yaw_joint', 'left_elbow_joint', 'left_wrist_roll_joint', 'left_wrist_pitch_joint', 'left_wrist_yaw_joint', 'right_shoulder_pitch_joint', 'right_shoulder_roll_joint', 'right_shoulder_yaw_joint', 'right_elbow_joint', 'right_wrist_roll_joint', 'right_wrist_pitch_joint', 'right_wrist_yaw_joint'] [[0, 1, 2, 3, 4, 5, 6, 7, 8, 9, 10, 11, 12, 13, 14, 15, 16, 17, 18, 19, 20, 21, 22, 23, 24, 25, 26, 27, 28]]
[INFO] Action Manager:  <ActionManager> contains 2 active terms.
+------------------------------------+
|  Active Action Terms (shape: 29)   |
+--------+-------------+-------------+
| Index  | Name        |   Dimension |
+--------+-------------+-------------+
|   0    | joint_pos   |          29 |
|   1    | lift        |           0 |
+--------+-------------+-------------+

[INFO] Observation Manager: <ObservationManager> contains 2 groups.
+----------------------------------------------+
| Active Observation Terms in Group: 'policy'  |
+---------+------------------------+-----------+
|  Index  | Name                   |   Shape   |
+---------+------------------------+-----------+
|    0    | base_ang_vel           |   (5, 3)  |
|    1    | projected_gravity      |   (5, 3)  |
|    2    | joint_pos              |  (5, 29)  |
|    3    | joint_vel              |  (5, 29)  |
|    4    | actions                |  (5, 29)  |
|    5    | height_command         |   (5, 1)  |
+---------+------------------------+-----------+
+----------------------------------------------+
| Active Observation Terms in Group: 'critic'  |
+---------+------------------------+-----------+
|  Index  | Name                   |   Shape   |
+---------+------------------------+-----------+
|    0    | projected_gravity      |   (5, 3)  |
|    1    | base_lin_vel           |   (5, 3)  |
|    2    | base_ang_vel           |   (5, 3)  |
|    3    | joint_pos              |  (5, 29)  |
|    4    | joint_vel              |  (5, 29)  |
|    5    | actions                |  (5, 29)  |
|    6    | contact_forces         |  (5, 30)  |
|    7    | base_height            |   (5, 1)  |
|    8    | height_command         |   (5, 1)  |
+---------+------------------------+-----------+

[INFO] Termination Manager:  <TerminationManager> contains 2 active terms.
+----------------------------------+
|     Active Termination Terms     |
+-------+---------------+----------+
| Index | Name          | Time Out |
+-------+---------------+----------+
|   0   | time_out      |   True   |
|   1   | invalid_state |  False   |
+-------+---------------+----------+

[INFO] Reward Manager:  <RewardManager> contains 32 active terms.
+--------------------------------------------+
|            Active Reward Terms             |
+-------+-------------------------+----------+
| Index | Name                    |   Weight |
+-------+-------------------------+----------+
|   0   | joint_torques_l2        |   -5e-05 |
|   1   | torque_limits           |    -0.01 |
|   2   | joint_acc_l2            | -2.5e-08 |
|   3   | joint_pos_limits        |     -0.1 |
|   4   | joint_vel_limits        |    -0.01 |
|   5   | action_rate             |     -1.0 |
|   6   | action_rate_rate        |    -0.15 |
|   7   | joint_vel_l2            |   -0.001 |
|   8   | joint_tracking_error    |     -0.5 |
|   9   | base_height_rough       |      4.0 |
|   10  | base_height_medium      |      8.0 |
|   11  | base_height_fine        |     16.0 |
|   12  | relaxation              |     -1.0 |
|   13  | joint_deviation_l1      |     -0.5 |
|   14  | joint_deviation_l1_arms |     -0.5 |
|   15  | ankle_torques           |   -0.001 |
|   16  | not_moving              |     -1.0 |
|   17  | torso_upright           |     -1.0 |
|   18  | severely_tilted         |     -5.0 |
|   19  | torso_roll              |     -5.0 |
|   20  | forward_pitch           |    -10.0 |
|   21  | illegal_contacts        |     -2.0 |
|   22  | feet_distance           |     -5.0 |
|   23  | feet_distance_standing  |    -10.0 |
|   24  | ground_unloaded         |     -2.0 |
|   25  | flat_feet               |     -1.0 |
|   26  | feet_slide              |     -1.0 |
|   27  | feet_yaw_mean           |     -2.0 |
|   28  | completely_airborne     |    -50.0 |
|   29  | body_velocity           |     -0.1 |
|   30  | ground_slam             |     -1.0 |
|   31  | torso_slam              |     -5.0 |
+-------+-------------------------+----------+

[INFO] Curriculum Manager:  <CurriculumManager> contains 8 active terms.
+---------------------------------+
|     Active Curriculum Terms     |
+-------+-------------------------+
| Index | Name                    |
+-------+-------------------------+
|   0   | adaptive_lift           |
|   1   | terrain_levels          |
|   2   | polish_action_rate_rate |
|   3   | polish_ground_slam      |
|   4   | polish_torso_slam       |
|   5   | polish_not_moving       |
|   6   | polish_joint_vel_l2     |
|   7   | random_fallen_states    |
+-------+-------------------------+

/workspace/WBC-AGILE-NEWTON/.venv/lib/python3.12/site-packages/isaaclab/source/isaaclab/isaaclab/envs/mdp/events.py:742: UserWarning: In Newton, body com pose always has unit quaternion. Consider using body_com_pos_b instead.Querying this property requires appending a unit quaternion to the position which is expensive.
  self.default_com = self.asset.data.body_com_pose_b.torch.clone()
[INFO]: Completed setting up the environment...
/workspace/WBC-AGILE-NEWTON/.venv/lib/python3.12/site-packages/rsl_rl/utils/utils.py:220: UserWarning: The observation configuration dictionary 'obs_groups' is empty and thus likely not configured. Consider configuring the 'obs_groups' dictionary explicitly
  warnings.warn(
/workspace/WBC-AGILE-NEWTON/.venv/lib/python3.12/site-packages/rsl_rl/utils/utils.py:251: UserWarning: The observation configuration dictionary 'obs_groups' does not contain the 'actor' key. As an observation group with the name 'policy' was found, this is assumed to be the appropriate observation. Consider adding the 'actor' key to the 'obs_groups' dictionary for clarity. This behavior will be removed in a future version.
  warnings.warn(
/workspace/WBC-AGILE-NEWTON/.venv/lib/python3.12/site-packages/rsl_rl/utils/utils.py:243: UserWarning: The observation configuration dictionary 'obs_groups' does not contain the 'critic' key. As an observation group with the name 'critic' was found, this is assumed to be the appropriate observation. Consider adding the 'critic' key to the 'obs_groups' dictionary for clarity. This behavior will be removed in a future version.
  warnings.warn(
--------------------------------------------------------------------------------
Resolved observation sets: 
	 actor :  ['policy']
	 critic :  ['critic']
--------------------------------------------------------------------------------
Actor Model: MLPModel(
  (obs_normalizer): Identity()
  (distribution): GaussianDistribution()
  (mlp): MLP(
    (0): Linear(in_features=470, out_features=256, bias=True)
    (1): ELU(alpha=1.0)
    (2): Linear(in_features=256, out_features=256, bias=True)
    (3): ELU(alpha=1.0)
    (4): Linear(in_features=256, out_features=128, bias=True)
    (5): ELU(alpha=1.0)
    (6): Linear(in_features=128, out_features=29, bias=True)
  )
)
Critic Model: MLPModel(
  (obs_normalizer): Identity()
  (mlp): MLP(
    (0): Linear(in_features=640, out_features=512, bias=True)
    (1): ELU(alpha=1.0)
    (2): Linear(in_features=512, out_features=256, bias=True)
    (3): ELU(alpha=1.0)
    (4): Linear(in_features=256, out_features=128, bias=True)
    (5): ELU(alpha=1.0)
    (6): Linear(in_features=128, out_features=1, bias=True)
  )
)
Storing git diff for 'WBC-AGILE-NEWTON' in: /workspace/WBC-AGILE-NEWTON/logs/rsl_rl/height_tracking_g1/2026-09-02_06-54-22_height_tracking_g1/git/WBC-AGILE-NEWTON.diff
################################################################################
[1m                            Learning iteration 0/30                             [0m 

                               Run name: height_tracking_g1
                            Total steps: 98304 
                       Steps per second: 25422 
                        Collection time: 3.525s 
                          Learning time: 0.342s 
                        Mean value loss: 3.6218
                    Mean surrogate loss: 0.0361
                      Mean entropy loss: 41.0732
                     Mean symmetry loss: 0.0028
                   Mean l2c2_actor loss: 0.0011
                  Mean l2c2_critic loss: 0.0096
                            Mean reward: -32.46
                    Mean episode length: 15.54
                        Mean action std: 1.00
                    Entropy coefficient: 0.002500
           Episode_Reward/feet_distance: -0.0011
           Curriculum/polish_not_moving: -1.0000
           Episode_Reward/torso_upright: 0.0000
           Episode_Reward/forward_pitch: -0.0072
              Episode_Reward/torso_roll: -0.0240
        Episode_Reward/joint_torques_l2: -0.0171
            Episode_Reward/joint_vel_l2: -0.0159
 Episode_Reward/joint_deviation_l1_arms: -0.0049
              Episode_Reward/torso_slam: -0.0179
           Episode_Reward/feet_yaw_mean: -0.0055
         Episode_Reward/severely_tilted: 0.0000
           Curriculum/polish_torso_slam: -5.0000
              Episode_Reward/not_moving: -0.0116
  Episode_Reward/feet_distance_standing: -0.0011
           Episode_Reward/ankle_torques: -0.0056
      Episode_Reward/base_height_medium: 0.0418
    Episode_Reward/joint_tracking_error: -0.0517
           Episode_Reward/body_velocity: -0.0284
           Episode_Termination/time_out: 0.0167
            Episode_Reward/joint_acc_l2: -0.0027
     Episode_Reward/completely_airborne: -0.0953
            Metrics/height/height_error: 0.0000
         Episode_Reward/ground_unloaded: -0.0149
              Episode_Reward/feet_slide: -0.0150
        Curriculum/random_fallen_states: 0.0000
         Curriculum/polish_joint_vel_l2: -0.0010
        Episode_Reward/joint_vel_limits: -0.0000
               Curriculum/adaptive_lift: 1.0000
              Episode_Reward/relaxation: -0.1130
             Episode_Reward/action_rate: -0.9233
              Curriculum/terrain_levels: 0.0000
        Episode_Reward/joint_pos_limits: -0.0001
           Episode_Reward/torque_limits: -0.0187
      Episode_Reward/joint_deviation_l1: -0.0169
      Episode_Termination/invalid_state: 0.0000
       Episode_Reward/base_height_rough: 0.0316
             Episode_Reward/ground_slam: -0.0313
     Curriculum/polish_action_rate_rate: -0.1500
        Episode_Reward/base_height_fine: 0.0567
        Episode_Reward/action_rate_rate: -0.3975
        Episode_Reward/illegal_contacts: -0.0003
          Curriculum/polish_ground_slam: -1.0000
               Episode_Reward/flat_feet: -0.0276
--------------------------------------------------------------------------------
                         Iteration time: 3.87s
                           Time elapsed: 0:00:03
                                    ETA: 0:01:52

################################################################################
[1m                            Learning iteration 1/30                             [0m 

                               Run name: height_tracking_g1
                            Total steps: 196608 
                       Steps per second: 45258 
                        Collection time: 1.940s 
                          Learning time: 0.232s 
                        Mean value loss: 4.2694
                    Mean surrogate loss: 0.0054
                      Mean entropy loss: 41.0116
                     Mean symmetry loss: 0.0016
                   Mean l2c2_actor loss: 0.0010
                  Mean l2c2_critic loss: 0.0130
                            Mean reward: -88.05
                    Mean episode length: 39.83
                        Mean action std: 0.99
                    Entropy coefficient: 0.002500
           Episode_Reward/feet_distance: -0.0068
           Curriculum/polish_not_moving: -1.0000
           Episode_Reward/torso_upright: 0.0000
           Episode_Reward/forward_pitch: -0.0401
              Episode_Reward/torso_roll: -0.0858
        Episode_Reward/joint_torques_l2: -0.0480
            Episode_Reward/joint_vel_l2: -0.0481
 Episode_Reward/joint_deviation_l1_arms: -0.0184
              Episode_Reward/torso_slam: -0.0736
           Episode_Reward/feet_yaw_mean: -0.0151
         Episode_Reward/severely_tilted: 0.0000
           Curriculum/polish_torso_slam: -5.0000
              Episode_Reward/not_moving: -0.0443
  Episode_Reward/feet_distance_standing: -0.0075
           Episode_Reward/ankle_torques: -0.0154
      Episode_Reward/base_height_medium: 0.0847
    Episode_Reward/joint_tracking_error: -0.1564
           Episode_Reward/body_velocity: -0.1241
           Episode_Termination/time_out: 0.0494
            Episode_Reward/joint_acc_l2: -0.0066
     Episode_Reward/completely_airborne: -0.2141
            Metrics/height/height_error: 0.0000
         Episode_Reward/ground_unloaded: -0.0393
              Episode_Reward/feet_slide: -0.0457
        Curriculum/random_fallen_states: 0.0000
         Curriculum/polish_joint_vel_l2: -0.0010
        Episode_Reward/joint_vel_limits: -0.0000
               Curriculum/adaptive_lift: 1.0000
              Episode_Reward/relaxation: -0.3717
             Episode_Reward/action_rate: -2.7752
              Curriculum/terrain_levels: 0.0000
        Episode_Reward/joint_pos_limits: -0.0003
           Episode_Reward/torque_limits: -0.0542
      Episode_Reward/joint_deviation_l1: -0.0579
      Episode_Termination/invalid_state: 0.0000
       Episode_Reward/base_height_rough: 0.0718
             Episode_Reward/ground_slam: -0.1006
     Curriculum/polish_action_rate_rate: -0.1500
        Episode_Reward/base_height_fine: 0.1186
        Episode_Reward/action_rate_rate: -1.2329
        Episode_Reward/illegal_contacts: -0.0046
          Curriculum/polish_ground_slam: -1.0000
               Episode_Reward/flat_feet: -0.0780
--------------------------------------------------------------------------------
                         Iteration time: 2.17s
                           Time elapsed: 0:00:06
                                    ETA: 0:01:24

################################################################################
[1m                            Learning iteration 2/30                             [0m 

                               Run name: height_tracking_g1
                            Total steps: 294912 
                       Steps per second: 44261 
                        Collection time: 1.989s 
                          Learning time: 0.232s 
                        Mean value loss: 4.1654
                    Mean surrogate loss: -0.0086
                      Mean entropy loss: 40.7451
                     Mean symmetry loss: 0.0006
                   Mean l2c2_actor loss: 0.0013
                  Mean l2c2_critic loss: 0.0174
                            Mean reward: -143.55
                    Mean episode length: 62.87
                        Mean action std: 0.99
                    Entropy coefficient: 0.002500
           Episode_Reward/feet_distance: -0.0150
           Curriculum/polish_not_moving: -1.0000
           Episode_Reward/torso_upright: -0.0019
           Episode_Reward/forward_pitch: -0.0843
              Episode_Reward/torso_roll: -0.1624
        Episode_Reward/joint_torques_l2: -0.0827
            Episode_Reward/joint_vel_l2: -0.0853
 Episode_Reward/joint_deviation_l1_arms: -0.0248
              Episode_Reward/torso_slam: -0.1847
           Episode_Reward/feet_yaw_mean: -0.0274
         Episode_Reward/severely_tilted: 0.0000
           Curriculum/polish_torso_slam: -5.0000
              Episode_Reward/not_moving: -0.1005
  Episode_Reward/feet_distance_standing: -0.0121
           Episode_Reward/ankle_torques: -0.0247
      Episode_Reward/base_height_medium: 0.1927
    Episode_Reward/joint_tracking_error: -0.2629
           Episode_Reward/body_velocity: -0.2425
           Episode_Termination/time_out: 0.0842
            Episode_Reward/joint_acc_l2: -0.0128
     Episode_Reward/completely_airborne: -0.4059
            Metrics/height/height_error: 0.0000
         Episode_Reward/ground_unloaded: -0.0689
              Episode_Reward/feet_slide: -0.0797
        Curriculum/random_fallen_states: 0.0000
         Curriculum/polish_joint_vel_l2: -0.0010
        Episode_Reward/joint_vel_limits: -0.0001
               Curriculum/adaptive_lift: 0.9984
              Episode_Reward/relaxation: -0.6468
             Episode_Reward/action_rate: -4.6208
              Curriculum/terrain_levels: 0.0000
        Episode_Reward/joint_pos_limits: -0.0006
           Episode_Reward/torque_limits: -0.0945
      Episode_Reward/joint_deviation_l1: -0.0760
      Episode_Termination/invalid_state: 0.0000
       Episode_Reward/base_height_rough: 0.1463
             Episode_Reward/ground_slam: -0.2019
     Curriculum/polish_action_rate_rate: -0.1500
        Episode_Reward/base_height_fine: 0.2757
        Episode_Reward/action_rate_rate: -2.0597
        Episode_Reward/illegal_contacts: -0.0138
          Curriculum/polish_ground_slam: -1.0000
               Episode_Reward/flat_feet: -0.1699
--------------------------------------------------------------------------------
                         Iteration time: 2.22s
                           Time elapsed: 0:00:08
                                    ETA: 0:01:14

################################################################################
[1m                            Learning iteration 3/30                             [0m 

                               Run name: height_tracking_g1
                            Total steps: 393216 
                       Steps per second: 43938 
                        Collection time: 2.004s 
                          Learning time: 0.234s 
                        Mean value loss: 3.7959
                    Mean surrogate loss: -0.0115
                      Mean entropy loss: 40.6718
                     Mean symmetry loss: 0.0005
                   Mean l2c2_actor loss: 0.0014
                  Mean l2c2_critic loss: 0.0115
                            Mean reward: -195.14
                    Mean episode length: 87.36
                        Mean action std: 0.98
                    Entropy coefficient: 0.002500
           Episode_Reward/feet_distance: -0.0239
           Curriculum/polish_not_moving: -1.0000
           Episode_Reward/torso_upright: -0.0031
           Episode_Reward/forward_pitch: -0.1260
              Episode_Reward/torso_roll: -0.2287
        Episode_Reward/joint_torques_l2: -0.1116
            Episode_Reward/joint_vel_l2: -0.1162
 Episode_Reward/joint_deviation_l1_arms: -0.0221
              Episode_Reward/torso_slam: -0.2335
           Episode_Reward/feet_yaw_mean: -0.0374
         Episode_Reward/severely_tilted: -0.0002
           Curriculum/polish_torso_slam: -5.0000
              Episode_Reward/not_moving: -0.1306
  Episode_Reward/feet_distance_standing: -0.0099
           Episode_Reward/ankle_torques: -0.0344
      Episode_Reward/base_height_medium: 0.2210
    Episode_Reward/joint_tracking_error: -0.3557
           Episode_Reward/body_velocity: -0.2971
           Episode_Termination/time_out: 0.1175
            Episode_Reward/joint_acc_l2: -0.0170
     Episode_Reward/completely_airborne: -0.5657
            Metrics/height/height_error: 0.0000
         Episode_Reward/ground_unloaded: -0.1079
              Episode_Reward/feet_slide: -0.1110
        Curriculum/random_fallen_states: 0.0000
         Curriculum/polish_joint_vel_l2: -0.0010
        Episode_Reward/joint_vel_limits: -0.0001
               Curriculum/adaptive_lift: 0.9960
              Episode_Reward/relaxation: -0.7512
             Episode_Reward/action_rate: -6.4055
              Curriculum/terrain_levels: 0.0000
        Episode_Reward/joint_pos_limits: -0.0008
           Episode_Reward/torque_limits: -0.1291
      Episode_Reward/joint_deviation_l1: -0.0665
      Episode_Termination/invalid_state: 0.0000
       Episode_Reward/base_height_rough: 0.1848
             Episode_Reward/ground_slam: -0.2852
     Curriculum/polish_action_rate_rate: -0.1500
        Episode_Reward/base_height_fine: 0.3197
        Episode_Reward/action_rate_rate: -2.8645
        Episode_Reward/illegal_contacts: -0.0244
          Curriculum/polish_ground_slam: -1.0000
               Episode_Reward/flat_feet: -0.2808
--------------------------------------------------------------------------------
                         Iteration time: 2.24s
                           Time elapsed: 0:00:10
                                    ETA: 0:01:08

################################################################################
[1m                            Learning iteration 4/30                             [0m 

                               Run name: height_tracking_g1
                            Total steps: 491520 
                       Steps per second: 43781 
                        Collection time: 2.013s 
                          Learning time: 0.232s 
                        Mean value loss: 3.6243
                    Mean surrogate loss: -0.0108
                      Mean entropy loss: 40.5278
                     Mean symmetry loss: 0.0005
                   Mean l2c2_actor loss: 0.0016
                  Mean l2c2_critic loss: 0.0062
                            Mean reward: -257.31
                    Mean episode length: 111.36
                        Mean action std: 0.98
                    Entropy coefficient: 0.002500
           Episode_Reward/feet_distance: -0.0389
           Curriculum/polish_not_moving: -1.0000
           Episode_Reward/torso_upright: -0.0035
           Episode_Reward/forward_pitch: -0.2689
              Episode_Reward/torso_roll: -0.3063
        Episode_Reward/joint_torques_l2: -0.1421
            Episode_Reward/joint_vel_l2: -0.1509
 Episode_Reward/joint_deviation_l1_arms: -0.0274
              Episode_Reward/torso_slam: -0.3043
           Episode_Reward/feet_yaw_mean: -0.0511
         Episode_Reward/severely_tilted: -0.0001
           Curriculum/polish_torso_slam: -5.0000
              Episode_Reward/not_moving: -0.1488
  Episode_Reward/feet_distance_standing: -0.0146
           Episode_Reward/ankle_torques: -0.0421
      Episode_Reward/base_height_medium: 0.2892
    Episode_Reward/joint_tracking_error: -0.4529
           Episode_Reward/body_velocity: -0.4086
           Episode_Termination/time_out: 0.1473
            Episode_Reward/joint_acc_l2: -0.0216
     Episode_Reward/completely_airborne: -0.6969
            Metrics/height/height_error: nan
         Episode_Reward/ground_unloaded: -0.1307
              Episode_Reward/feet_slide: -0.1443
        Curriculum/random_fallen_states: 0.0000
         Curriculum/polish_joint_vel_l2: -0.0010
        Episode_Reward/joint_vel_limits: -0.0001
               Curriculum/adaptive_lift: 0.9938
              Episode_Reward/relaxation: -1.1279
             Episode_Reward/action_rate: -8.2318
              Curriculum/terrain_levels: 0.0000
        Episode_Reward/joint_pos_limits: -0.0010
           Episode_Reward/torque_limits: -0.1549
      Episode_Reward/joint_deviation_l1: -0.0803
      Episode_Termination/invalid_state: 0.0000
       Episode_Reward/base_height_rough: 0.2474
             Episode_Reward/ground_slam: -0.3816
     Curriculum/polish_action_rate_rate: -0.1500
        Episode_Reward/base_height_fine: 0.3881
        Episode_Reward/action_rate_rate: -3.6821
        Episode_Reward/illegal_contacts: -0.0409
          Curriculum/polish_ground_slam: -1.0000
               Episode_Reward/flat_feet: -0.3673
--------------------------------------------------------------------------------
                         Iteration time: 2.25s
                           Time elapsed: 0:00:12
                                    ETA: 0:01:03

################################################################################
[1m                            Learning iteration 5/30                             [0m 

                               Run name: height_tracking_g1
                            Total steps: 589824 
                       Steps per second: 43820 
                        Collection time: 2.011s 
                          Learning time: 0.232s 
                        Mean value loss: 3.4433
                    Mean surrogate loss: -0.0115
                      Mean entropy loss: 40.3658
                     Mean symmetry loss: 0.0005
                   Mean l2c2_actor loss: 0.0019
                  Mean l2c2_critic loss: 0.0033
                            Mean reward: -301.86
                    Mean episode length: 136.30
                        Mean action std: 0.97
                    Entropy coefficient: 0.002500
           Episode_Reward/feet_distance: -0.0477
           Curriculum/polish_not_moving: -1.0000
           Episode_Reward/torso_upright: -0.0027
           Episode_Reward/forward_pitch: -0.2702
              Episode_Reward/torso_roll: -0.3840
        Episode_Reward/joint_torques_l2: -0.1757
            Episode_Reward/joint_vel_l2: -0.1788
 Episode_Reward/joint_deviation_l1_arms: -0.0254
              Episode_Reward/torso_slam: -0.3415
           Episode_Reward/feet_yaw_mean: -0.0588
         Episode_Reward/severely_tilted: -0.0003
           Curriculum/polish_torso_slam: -5.0000
              Episode_Reward/not_moving: -0.2008
  Episode_Reward/feet_distance_standing: -0.0101
           Episode_Reward/ankle_torques: -0.0529
      Episode_Reward/base_height_medium: 0.3888
    Episode_Reward/joint_tracking_error: -0.5491
           Episode_Reward/body_velocity: -0.4455
           Episode_Termination/time_out: 0.1792
            Episode_Reward/joint_acc_l2: -0.0275
     Episode_Reward/completely_airborne: -0.8537
            Metrics/height/height_error: 0.2233
         Episode_Reward/ground_unloaded: -0.1719
              Episode_Reward/feet_slide: -0.1729
        Curriculum/random_fallen_states: 0.0000
         Curriculum/polish_joint_vel_l2: -0.0010
        Episode_Reward/joint_vel_limits: -0.0002
               Curriculum/adaptive_lift: 0.9935
              Episode_Reward/relaxation: -1.2841
             Episode_Reward/action_rate: -9.9690
              Curriculum/terrain_levels: 0.0000
        Episode_Reward/joint_pos_limits: -0.0012
           Episode_Reward/torque_limits: -0.1941
      Episode_Reward/joint_deviation_l1: -0.0731
      Episode_Termination/invalid_state: 0.0000
       Episode_Reward/base_height_rough: 0.3196
             Episode_Reward/ground_slam: -0.4514
     Curriculum/polish_action_rate_rate: -0.1500
        Episode_Reward/base_height_fine: 0.5315
        Episode_Reward/action_rate_rate: -4.4577
        Episode_Reward/illegal_contacts: -0.0512
          Curriculum/polish_ground_slam: -1.0000
               Episode_Reward/flat_feet: -0.4738
--------------------------------------------------------------------------------
                         Iteration time: 2.24s
                           Time elapsed: 0:00:14
                                    ETA: 0:00:59

################################################################################
[1m                            Learning iteration 6/30                             [0m 

                               Run name: height_tracking_g1
                            Total steps: 688128 
                       Steps per second: 43844 
                        Collection time: 2.010s 
                          Learning time: 0.232s 
                        Mean value loss: 3.3932
                    Mean surrogate loss: -0.0125
                      Mean entropy loss: 40.2085
                     Mean symmetry loss: 0.0005
                   Mean l2c2_actor loss: 0.0021
                  Mean l2c2_critic loss: 0.0024
                            Mean reward: -356.76
                    Mean episode length: 159.45
                        Mean action std: 0.97
                    Entropy coefficient: 0.002500
           Episode_Reward/feet_distance: -0.0608
           Curriculum/polish_not_moving: -1.0000
           Episode_Reward/torso_upright: -0.0016
           Episode_Reward/forward_pitch: -0.4263
              Episode_Reward/torso_roll: -0.4435
        Episode_Reward/joint_torques_l2: -0.2033
            Episode_Reward/joint_vel_l2: -0.2157
 Episode_Reward/joint_deviation_l1_arms: -0.0240
              Episode_Reward/torso_slam: -0.3685
           Episode_Reward/feet_yaw_mean: -0.0731
         Episode_Reward/severely_tilted: -0.0003
           Curriculum/polish_torso_slam: -5.0000
              Episode_Reward/not_moving: -0.2475
  Episode_Reward/feet_distance_standing: -0.0109
           Episode_Reward/ankle_torques: -0.0545
      Episode_Reward/base_height_medium: 0.4458
    Episode_Reward/joint_tracking_error: -0.6472
           Episode_Reward/body_velocity: -0.5107
           Episode_Termination/time_out: 0.2113
            Episode_Reward/joint_acc_l2: -0.0310
     Episode_Reward/completely_airborne: -1.0656
            Metrics/height/height_error: 0.2271
         Episode_Reward/ground_unloaded: -0.2132
              Episode_Reward/feet_slide: -0.2158
        Curriculum/random_fallen_states: 0.0000
         Curriculum/polish_joint_vel_l2: -0.0010
        Episode_Reward/joint_vel_limits: -0.0002
               Curriculum/adaptive_lift: 0.9935
              Episode_Reward/relaxation: -1.4064
             Episode_Reward/action_rate: -11.7310
              Curriculum/terrain_levels: 0.0000
        Episode_Reward/joint_pos_limits: -0.0014
           Episode_Reward/torque_limits: -0.2259
      Episode_Reward/joint_deviation_l1: -0.0701
      Episode_Termination/invalid_state: 0.0000
       Episode_Reward/base_height_rough: 0.3857
             Episode_Reward/ground_slam: -0.5484
     Curriculum/polish_action_rate_rate: -0.1500
        Episode_Reward/base_height_fine: 0.5908
        Episode_Reward/action_rate_rate: -5.2574
        Episode_Reward/illegal_contacts: -0.0711
          Curriculum/polish_ground_slam: -1.0000
               Episode_Reward/flat_feet: -0.5901
--------------------------------------------------------------------------------
                         Iteration time: 2.24s
                           Time elapsed: 0:00:17
                                    ETA: 0:00:56

################################################################################
[1m                            Learning iteration 7/30                             [0m 

                               Run name: height_tracking_g1
                            Total steps: 786432 
                       Steps per second: 43874 
                        Collection time: 2.008s 
                          Learning time: 0.233s 
                        Mean value loss: 3.2576
                    Mean surrogate loss: -0.0103
                      Mean entropy loss: 40.0183
                     Mean symmetry loss: 0.0006
                   Mean l2c2_actor loss: 0.0024
                  Mean l2c2_critic loss: 0.0017
                            Mean reward: -409.59
                    Mean episode length: 184.49
                        Mean action std: 0.96
                    Entropy coefficient: 0.002500
           Episode_Reward/feet_distance: -0.0638
           Curriculum/polish_not_moving: -1.0000
           Episode_Reward/torso_upright: -0.0022
           Episode_Reward/forward_pitch: -0.4396
              Episode_Reward/torso_roll: -0.5151
        Episode_Reward/joint_torques_l2: -0.2376
            Episode_Reward/joint_vel_l2: -0.2484
 Episode_Reward/joint_deviation_l1_arms: -0.0258
              Episode_Reward/torso_slam: -0.4367
           Episode_Reward/feet_yaw_mean: -0.0840
         Episode_Reward/severely_tilted: -0.0000
           Curriculum/polish_torso_slam: -5.0000
              Episode_Reward/not_moving: -0.2992
  Episode_Reward/feet_distance_standing: -0.0129
           Episode_Reward/ankle_torques: -0.0718
      Episode_Reward/base_height_medium: 0.5103
    Episode_Reward/joint_tracking_error: -0.7474
           Episode_Reward/body_velocity: -0.5881
           Episode_Termination/time_out: 0.2420
            Episode_Reward/joint_acc_l2: -0.0372
     Episode_Reward/completely_airborne: -1.1449
            Metrics/height/height_error: nan
         Episode_Reward/ground_unloaded: -0.2415
              Episode_Reward/feet_slide: -0.2509
        Curriculum/random_fallen_states: 0.0000
         Curriculum/polish_joint_vel_l2: -0.0010
        Episode_Reward/joint_vel_limits: -0.0002
               Curriculum/adaptive_lift: 0.9935
              Episode_Reward/relaxation: -1.7342
             Episode_Reward/action_rate: -13.4012
              Curriculum/terrain_levels: 0.0000
        Episode_Reward/joint_pos_limits: -0.0016
           Episode_Reward/torque_limits: -0.2604
      Episode_Reward/joint_deviation_l1: -0.0730
      Episode_Termination/invalid_state: 0.0000
       Episode_Reward/base_height_rough: 0.4286
             Episode_Reward/ground_slam: -0.6352
     Curriculum/polish_action_rate_rate: -0.1500
        Episode_Reward/base_height_fine: 0.7195
        Episode_Reward/action_rate_rate: -5.9919
        Episode_Reward/illegal_contacts: -0.0796
          Curriculum/polish_ground_slam: -1.0000
               Episode_Reward/flat_feet: -0.6831
--------------------------------------------------------------------------------
                         Iteration time: 2.24s
                           Time elapsed: 0:00:19
                                    ETA: 0:00:53

################################################################################
[1m                            Learning iteration 8/30                             [0m 

                               Run name: height_tracking_g1
                            Total steps: 884736 
                       Steps per second: 43710 
                        Collection time: 2.015s 
                          Learning time: 0.234s 
                        Mean value loss: 3.1108
                    Mean surrogate loss: -0.0102
                      Mean entropy loss: 39.8393
                     Mean symmetry loss: 0.0006
                   Mean l2c2_actor loss: 0.0025
                  Mean l2c2_critic loss: 0.0016
                            Mean reward: -455.08
                    Mean episode length: 205.95
                        Mean action std: 0.96
                    Entropy coefficient: 0.002500
           Episode_Reward/feet_distance: -0.0740
           Curriculum/polish_not_moving: -1.0000
           Episode_Reward/torso_upright: -0.0030
           Episode_Reward/forward_pitch: -0.6144
              Episode_Reward/torso_roll: -0.5752
        Episode_Reward/joint_torques_l2: -0.2602
            Episode_Reward/joint_vel_l2: -0.2700
 Episode_Reward/joint_deviation_l1_arms: -0.0248
              Episode_Reward/torso_slam: -0.4329
           Episode_Reward/feet_yaw_mean: -0.0883
         Episode_Reward/severely_tilted: 0.0000
           Curriculum/polish_torso_slam: -5.0000
              Episode_Reward/not_moving: -0.2957
  Episode_Reward/feet_distance_standing: -0.0113
           Episode_Reward/ankle_torques: -0.0828
      Episode_Reward/base_height_medium: 0.5550
    Episode_Reward/joint_tracking_error: -0.8270
           Episode_Reward/body_velocity: -0.5768
           Episode_Termination/time_out: 0.2757
            Episode_Reward/joint_acc_l2: -0.0393
     Episode_Reward/completely_airborne: -1.1771
            Metrics/height/height_error: nan
         Episode_Reward/ground_unloaded: -0.2339
              Episode_Reward/feet_slide: -0.2880
        Curriculum/random_fallen_states: 0.0000
         Curriculum/polish_joint_vel_l2: -0.0010
        Episode_Reward/joint_vel_limits: -0.0002
               Curriculum/adaptive_lift: 0.9935
              Episode_Reward/relaxation: -2.4240
             Episode_Reward/action_rate: -15.1326
              Curriculum/terrain_levels: 0.0000
        Episode_Reward/joint_pos_limits: -0.0017
           Episode_Reward/torque_limits: -0.2883
      Episode_Reward/joint_deviation_l1: -0.0740
      Episode_Termination/invalid_state: 0.0000
       Episode_Reward/base_height_rough: 0.4775
             Episode_Reward/ground_slam: -0.6975
     Curriculum/polish_action_rate_rate: -0.1500
        Episode_Reward/base_height_fine: 0.7447
        Episode_Reward/action_rate_rate: -6.7632
        Episode_Reward/illegal_contacts: -0.1048
          Curriculum/polish_ground_slam: -1.0000
               Episode_Reward/flat_feet: -0.7850
--------------------------------------------------------------------------------
                         Iteration time: 2.25s
                           Time elapsed: 0:00:21
                                    ETA: 0:00:50

################################################################################
[1m                            Learning iteration 9/30                             [0m 

                               Run name: height_tracking_g1
                            Total steps: 983040 
                       Steps per second: 43779 
                        Collection time: 2.013s 
                          Learning time: 0.233s 
                        Mean value loss: 3.0240
                    Mean surrogate loss: -0.0115
                      Mean entropy loss: 39.6852
                     Mean symmetry loss: 0.0007
                   Mean l2c2_actor loss: 0.0028
                  Mean l2c2_critic loss: 0.0011
                            Mean reward: -499.38
                    Mean episode length: 229.87
                        Mean action std: 0.95
                    Entropy coefficient: 0.002500
           Episode_Reward/feet_distance: -0.0864
           Curriculum/polish_not_moving: -1.0000
           Episode_Reward/torso_upright: -0.0028
           Episode_Reward/forward_pitch: -0.6318
              Episode_Reward/torso_roll: -0.6754
        Episode_Reward/joint_torques_l2: -0.2973
            Episode_Reward/joint_vel_l2: -0.2993
 Episode_Reward/joint_deviation_l1_arms: -0.0257
              Episode_Reward/torso_slam: -0.4984
           Episode_Reward/feet_yaw_mean: -0.1017
         Episode_Reward/severely_tilted: -0.0002
           Curriculum/polish_torso_slam: -5.0000
              Episode_Reward/not_moving: -0.2777
  Episode_Reward/feet_distance_standing: -0.0112
           Episode_Reward/ankle_torques: -0.0785
      Episode_Reward/base_height_medium: 0.5155
    Episode_Reward/joint_tracking_error: -0.9102
           Episode_Reward/body_velocity: -0.6551
           Episode_Termination/time_out: 0.3063
            Episode_Reward/joint_acc_l2: -0.0477
     Episode_Reward/completely_airborne: -1.4154
            Metrics/height/height_error: nan
         Episode_Reward/ground_unloaded: -0.2981
              Episode_Reward/feet_slide: -0.3085
        Curriculum/random_fallen_states: 0.0000
         Curriculum/polish_joint_vel_l2: -0.0010
        Episode_Reward/joint_vel_limits: -0.0003
               Curriculum/adaptive_lift: 0.9935
              Episode_Reward/relaxation: -2.2012
             Episode_Reward/action_rate: -16.6356
              Curriculum/terrain_levels: 0.0000
        Episode_Reward/joint_pos_limits: -0.0020
           Episode_Reward/torque_limits: -0.3306
      Episode_Reward/joint_deviation_l1: -0.0732
      Episode_Termination/invalid_state: 0.0000
       Episode_Reward/base_height_rough: 0.4867
             Episode_Reward/ground_slam: -0.7578
     Curriculum/polish_action_rate_rate: -0.1500
        Episode_Reward/base_height_fine: 0.6784
        Episode_Reward/action_rate_rate: -7.4334
        Episode_Reward/illegal_contacts: -0.1147
          Curriculum/polish_ground_slam: -1.0000
               Episode_Reward/flat_feet: -0.8852
--------------------------------------------------------------------------------
                         Iteration time: 2.25s
                           Time elapsed: 0:00:23
                                    ETA: 0:00:47

################################################################################
[1m                            Learning iteration 10/30                            [0m 

                               Run name: height_tracking_g1
                            Total steps: 1081344 
                       Steps per second: 43740 
                        Collection time: 2.015s 
                          Learning time: 0.233s 
                        Mean value loss: 2.9533
                    Mean surrogate loss: -0.0100
                      Mean entropy loss: 39.5137
                     Mean symmetry loss: 0.0007
                   Mean l2c2_actor loss: 0.0030
                  Mean l2c2_critic loss: 0.0018
                            Mean reward: -557.41
                    Mean episode length: 256.05
                        Mean action std: 0.95
                    Entropy coefficient: 0.002500
           Episode_Reward/feet_distance: -0.1000
           Curriculum/polish_not_moving: -1.0000
           Episode_Reward/torso_upright: -0.0025
           Episode_Reward/forward_pitch: -0.7138
              Episode_Reward/torso_roll: -0.7034
        Episode_Reward/joint_torques_l2: -0.3225
            Episode_Reward/joint_vel_l2: -0.3350
 Episode_Reward/joint_deviation_l1_arms: -0.0246
              Episode_Reward/torso_slam: -0.5302
           Episode_Reward/feet_yaw_mean: -0.1063
         Episode_Reward/severely_tilted: -0.0001
           Curriculum/polish_torso_slam: -5.0000
              Episode_Reward/not_moving: -0.3815
  Episode_Reward/feet_distance_standing: -0.0137
           Episode_Reward/ankle_torques: -0.0866
      Episode_Reward/base_height_medium: 0.6738
    Episode_Reward/joint_tracking_error: -1.0028
           Episode_Reward/body_velocity: -0.6973
           Episode_Termination/time_out: 0.3360
            Episode_Reward/joint_acc_l2: -0.0502
     Episode_Reward/completely_airborne: -1.6340
            Metrics/height/height_error: nan
         Episode_Reward/ground_unloaded: -0.3321
              Episode_Reward/feet_slide: -0.3545
        Curriculum/random_fallen_states: 0.0000
         Curriculum/polish_joint_vel_l2: -0.0010
        Episode_Reward/joint_vel_limits: -0.0003
               Curriculum/adaptive_lift: 0.9935
              Episode_Reward/relaxation: -2.2681
             Episode_Reward/action_rate: -18.3518
              Curriculum/terrain_levels: 0.0000
        Episode_Reward/joint_pos_limits: -0.0021
           Episode_Reward/torque_limits: -0.3572
      Episode_Reward/joint_deviation_l1: -0.0739
      Episode_Termination/invalid_state: 0.0000
       Episode_Reward/base_height_rough: 0.5838
             Episode_Reward/ground_slam: -0.8612
     Curriculum/polish_action_rate_rate: -0.1500
        Episode_Reward/base_height_fine: 0.9386
        Episode_Reward/action_rate_rate: -8.1966
        Episode_Reward/illegal_contacts: -0.1247
          Curriculum/polish_ground_slam: -1.0000
               Episode_Reward/flat_feet: -1.0157
--------------------------------------------------------------------------------
                         Iteration time: 2.25s
                           Time elapsed: 0:00:26
                                    ETA: 0:00:45

################################################################################
[1m                            Learning iteration 11/30                            [0m 

                               Run name: height_tracking_g1
                            Total steps: 1179648 
                       Steps per second: 43953 
                        Collection time: 2.004s 
                          Learning time: 0.233s 
                        Mean value loss: 2.9024
                    Mean surrogate loss: -0.0103
                      Mean entropy loss: 39.3778
                     Mean symmetry loss: 0.0008
                   Mean l2c2_actor loss: 0.0032
                  Mean l2c2_critic loss: 0.0011
                            Mean reward: -611.97
                    Mean episode length: 281.20
                        Mean action std: 0.94
                    Entropy coefficient: 0.002500
           Episode_Reward/feet_distance: -0.1078
           Curriculum/polish_not_moving: -1.0000
           Episode_Reward/torso_upright: -0.0028
           Episode_Reward/forward_pitch: -0.8383
              Episode_Reward/torso_roll: -0.8182
        Episode_Reward/joint_torques_l2: -0.3569
            Episode_Reward/joint_vel_l2: -0.3679
 Episode_Reward/joint_deviation_l1_arms: -0.0294
              Episode_Reward/torso_slam: -0.5543
           Episode_Reward/feet_yaw_mean: -0.1190
         Episode_Reward/severely_tilted: -0.0001
           Curriculum/polish_torso_slam: -5.0000
              Episode_Reward/not_moving: -0.2351
  Episode_Reward/feet_distance_standing: -0.0126
           Episode_Reward/ankle_torques: -0.0967
      Episode_Reward/base_height_medium: 0.5779
    Episode_Reward/joint_tracking_error: -1.0992
           Episode_Reward/body_velocity: -0.7906
           Episode_Termination/time_out: 0.3700
            Episode_Reward/joint_acc_l2: -0.0557
     Episode_Reward/completely_airborne: -1.6066
            Metrics/height/height_error: 0.3692
         Episode_Reward/ground_unloaded: -0.3877
              Episode_Reward/feet_slide: -0.3939
        Curriculum/random_fallen_states: 0.0000
         Curriculum/polish_joint_vel_l2: -0.0010
        Episode_Reward/joint_vel_limits: -0.0003
               Curriculum/adaptive_lift: 0.9935
              Episode_Reward/relaxation: -2.3051
             Episode_Reward/action_rate: -19.9729
              Curriculum/terrain_levels: 0.0000
        Episode_Reward/joint_pos_limits: -0.0024
           Episode_Reward/torque_limits: -0.3932
      Episode_Reward/joint_deviation_l1: -0.0859
      Episode_Termination/invalid_state: 0.0000
       Episode_Reward/base_height_rough: 0.5879
             Episode_Reward/ground_slam: -0.9491
     Curriculum/polish_action_rate_rate: -0.1500
        Episode_Reward/base_height_fine: 0.7053
        Episode_Reward/action_rate_rate: -8.9126
        Episode_Reward/illegal_contacts: -0.1453
          Curriculum/polish_ground_slam: -1.0000
               Episode_Reward/flat_feet: -1.0756
--------------------------------------------------------------------------------
                         Iteration time: 2.24s
                           Time elapsed: 0:00:28
                                    ETA: 0:00:42

################################################################################
[1m                            Learning iteration 12/30                            [0m 

                               Run name: height_tracking_g1
                            Total steps: 1277952 
                       Steps per second: 43731 
                        Collection time: 2.016s 
                          Learning time: 0.232s 
                        Mean value loss: 2.8056
                    Mean surrogate loss: -0.0082
                      Mean entropy loss: 39.2183
                     Mean symmetry loss: 0.0009
                   Mean l2c2_actor loss: 0.0035
                  Mean l2c2_critic loss: 0.0017
                            Mean reward: -655.95
                    Mean episode length: 303.39
                        Mean action std: 0.94
                    Entropy coefficient: 0.002500
           Episode_Reward/feet_distance: -0.1081
           Curriculum/polish_not_moving: -1.0000
           Episode_Reward/torso_upright: -0.0023
           Episode_Reward/forward_pitch: -0.8974
              Episode_Reward/torso_roll: -0.8697
        Episode_Reward/joint_torques_l2: -0.3912
            Episode_Reward/joint_vel_l2: -0.3932
 Episode_Reward/joint_deviation_l1_arms: -0.0230
              Episode_Reward/torso_slam: -0.6091
           Episode_Reward/feet_yaw_mean: -0.1331
         Episode_Reward/severely_tilted: 0.0000
           Curriculum/polish_torso_slam: -5.0000
              Episode_Reward/not_moving: -0.4340
  Episode_Reward/feet_distance_standing: -0.0124
           Episode_Reward/ankle_torques: -0.0972
      Episode_Reward/base_height_medium: 0.7302
    Episode_Reward/joint_tracking_error: -1.1821
           Episode_Reward/body_velocity: -0.8132
           Episode_Termination/time_out: 0.4056
            Episode_Reward/joint_acc_l2: -0.0634
     Episode_Reward/completely_airborne: -1.8678
            Metrics/height/height_error: 0.2866
         Episode_Reward/ground_unloaded: -0.4037
              Episode_Reward/feet_slide: -0.4191
        Curriculum/random_fallen_states: 0.0000
         Curriculum/polish_joint_vel_l2: -0.0010
        Episode_Reward/joint_vel_limits: -0.0003
               Curriculum/adaptive_lift: 0.9935
              Episode_Reward/relaxation: -2.7664
             Episode_Reward/action_rate: -21.6309
              Curriculum/terrain_levels: 0.0000
        Episode_Reward/joint_pos_limits: -0.0026
           Episode_Reward/torque_limits: -0.4210
      Episode_Reward/joint_deviation_l1: -0.0688
      Episode_Termination/invalid_state: 0.0000
       Episode_Reward/base_height_rough: 0.6570
             Episode_Reward/ground_slam: -1.0240
     Curriculum/polish_action_rate_rate: -0.1500
        Episode_Reward/base_height_fine: 1.0314
        Episode_Reward/action_rate_rate: -9.6658
        Episode_Reward/illegal_contacts: -0.1656
          Curriculum/polish_ground_slam: -1.0000
               Episode_Reward/flat_feet: -1.2089
--------------------------------------------------------------------------------
                         Iteration time: 2.25s
                           Time elapsed: 0:00:30
                                    ETA: 0:00:40

################################################################################
[1m                            Learning iteration 13/30                            [0m 

                               Run name: height_tracking_g1
                            Total steps: 1376256 
                       Steps per second: 43851 
                        Collection time: 2.009s 
                          Learning time: 0.232s 
                        Mean value loss: 2.7508
                    Mean surrogate loss: -0.0118
                      Mean entropy loss: 39.0840
                     Mean symmetry loss: 0.0008
                   Mean l2c2_actor loss: 0.0037
                  Mean l2c2_critic loss: 0.0016
                            Mean reward: -706.97
                    Mean episode length: 327.67
                        Mean action std: 0.93
                    Entropy coefficient: 0.002500
           Episode_Reward/feet_distance: -0.1259
           Curriculum/polish_not_moving: -1.0000
           Episode_Reward/torso_upright: -0.0027
           Episode_Reward/forward_pitch: -1.0339
              Episode_Reward/torso_roll: -0.9170
        Episode_Reward/joint_torques_l2: -0.4012
            Episode_Reward/joint_vel_l2: -0.4252
 Episode_Reward/joint_deviation_l1_arms: -0.0268
              Episode_Reward/torso_slam: -0.6451
           Episode_Reward/feet_yaw_mean: -0.1426
         Episode_Reward/severely_tilted: -0.0003
           Curriculum/polish_torso_slam: -5.0000
              Episode_Reward/not_moving: -0.3468
  Episode_Reward/feet_distance_standing: -0.0124
           Episode_Reward/ankle_torques: -0.1133
      Episode_Reward/base_height_medium: 0.7398
    Episode_Reward/joint_tracking_error: -1.2558
           Episode_Reward/body_velocity: -0.8668
           Episode_Termination/time_out: 0.4405
            Episode_Reward/joint_acc_l2: -0.0601
     Episode_Reward/completely_airborne: -2.1378
            Metrics/height/height_error: nan
         Episode_Reward/ground_unloaded: -0.3757
              Episode_Reward/feet_slide: -0.4518
        Curriculum/random_fallen_states: 0.0000
         Curriculum/polish_joint_vel_l2: -0.0010
        Episode_Reward/joint_vel_limits: -0.0004
               Curriculum/adaptive_lift: 0.9935
              Episode_Reward/relaxation: -3.5238
             Episode_Reward/action_rate: -23.2321
              Curriculum/terrain_levels: 0.0000
        Episode_Reward/joint_pos_limits: -0.0028
           Episode_Reward/torque_limits: -0.4286
      Episode_Reward/joint_deviation_l1: -0.0797
      Episode_Termination/invalid_state: 0.0000
       Episode_Reward/base_height_rough: 0.6956
             Episode_Reward/ground_slam: -1.1107
     Curriculum/polish_action_rate_rate: -0.1500
        Episode_Reward/base_height_fine: 0.9736
        Episode_Reward/action_rate_rate: -10.3684
        Episode_Reward/illegal_contacts: -0.1862
          Curriculum/polish_ground_slam: -1.0000
               Episode_Reward/flat_feet: -1.3222
--------------------------------------------------------------------------------
                         Iteration time: 2.24s
                           Time elapsed: 0:00:32
                                    ETA: 0:00:37

################################################################################
[1m                            Learning iteration 14/30                            [0m 

                               Run name: height_tracking_g1
                            Total steps: 1474560 
                       Steps per second: 43778 
                        Collection time: 2.013s 
                          Learning time: 0.233s 
                        Mean value loss: 2.6777
                    Mean surrogate loss: -0.0100
                      Mean entropy loss: 38.9388
                     Mean symmetry loss: 0.0009
                   Mean l2c2_actor loss: 0.0039
                  Mean l2c2_critic loss: 0.0024
                            Mean reward: -761.32
                    Mean episode length: 351.87
                        Mean action std: 0.93
                    Entropy coefficient: 0.002500
           Episode_Reward/feet_distance: -0.1397
           Curriculum/polish_not_moving: -1.0000
           Episode_Reward/torso_upright: -0.0030
           Episode_Reward/forward_pitch: -1.0295
              Episode_Reward/torso_roll: -0.9748
        Episode_Reward/joint_torques_l2: -0.4544
            Episode_Reward/joint_vel_l2: -0.4548
 Episode_Reward/joint_deviation_l1_arms: -0.0239
              Episode_Reward/torso_slam: -0.6768
           Episode_Reward/feet_yaw_mean: -0.1543
         Episode_Reward/severely_tilted: -0.0001
           Curriculum/polish_torso_slam: -5.0000
              Episode_Reward/not_moving: -0.3722
  Episode_Reward/feet_distance_standing: -0.0113
           Episode_Reward/ankle_torques: -0.1163
      Episode_Reward/base_height_medium: 0.7937
    Episode_Reward/joint_tracking_error: -1.3593
           Episode_Reward/body_velocity: -0.9399
           Episode_Termination/time_out: 0.4732
            Episode_Reward/joint_acc_l2: -0.0747
     Episode_Reward/completely_airborne: -2.2859
            Metrics/height/height_error: nan
         Episode_Reward/ground_unloaded: -0.4317
              Episode_Reward/feet_slide: -0.4844
        Curriculum/random_fallen_states: 0.0000
         Curriculum/polish_joint_vel_l2: -0.0010
        Episode_Reward/joint_vel_limits: -0.0004
               Curriculum/adaptive_lift: 0.9935
              Episode_Reward/relaxation: -3.8999
             Episode_Reward/action_rate: -24.6025
              Curriculum/terrain_levels: 0.0000
        Episode_Reward/joint_pos_limits: -0.0029
           Episode_Reward/torque_limits: -0.4717
      Episode_Reward/joint_deviation_l1: -0.0727
      Episode_Termination/invalid_state: 0.0000
       Episode_Reward/base_height_rough: 0.7409
             Episode_Reward/ground_slam: -1.1636
     Curriculum/polish_action_rate_rate: -0.1500
        Episode_Reward/base_height_fine: 1.0617
        Episode_Reward/action_rate_rate: -10.9611
        Episode_Reward/illegal_contacts: -0.1841
          Curriculum/polish_ground_slam: -1.0000
               Episode_Reward/flat_feet: -1.4285
--------------------------------------------------------------------------------
                         Iteration time: 2.25s
                           Time elapsed: 0:00:35
                                    ETA: 0:00:35

################################################################################
[1m                            Learning iteration 15/30                            [0m 

                               Run name: height_tracking_g1
                            Total steps: 1572864 
                       Steps per second: 43945 
                        Collection time: 2.005s 
                          Learning time: 0.232s 
                        Mean value loss: 2.6014
                    Mean surrogate loss: -0.0092
                      Mean entropy loss: 38.7758
                     Mean symmetry loss: 0.0010
                   Mean l2c2_actor loss: 0.0040
                  Mean l2c2_critic loss: 0.0017
                            Mean reward: -788.44
                    Mean episode length: 374.11
                        Mean action std: 0.92
                    Entropy coefficient: 0.002500
           Episode_Reward/feet_distance: -0.1483
           Curriculum/polish_not_moving: -1.0000
           Episode_Reward/torso_upright: -0.0032
           Episode_Reward/forward_pitch: -1.1370
              Episode_Reward/torso_roll: -1.0831
        Episode_Reward/joint_torques_l2: -0.4715
            Episode_Reward/joint_vel_l2: -0.4855
 Episode_Reward/joint_deviation_l1_arms: -0.0248
              Episode_Reward/torso_slam: -0.7101
           Episode_Reward/feet_yaw_mean: -0.1653
         Episode_Reward/severely_tilted: -0.0001
           Curriculum/polish_torso_slam: -5.0000
              Episode_Reward/not_moving: -0.4621
  Episode_Reward/feet_distance_standing: -0.0119
           Episode_Reward/ankle_torques: -0.1266
      Episode_Reward/base_height_medium: 0.9173
    Episode_Reward/joint_tracking_error: -1.4376
           Episode_Reward/body_velocity: -0.9828
           Episode_Termination/time_out: 0.5097
            Episode_Reward/joint_acc_l2: -0.0736
     Episode_Reward/completely_airborne: -2.2897
            Metrics/height/height_error: 0.3508
         Episode_Reward/ground_unloaded: -0.4971
              Episode_Reward/feet_slide: -0.5255
        Curriculum/random_fallen_states: 0.0000
         Curriculum/polish_joint_vel_l2: -0.0010
        Episode_Reward/joint_vel_limits: -0.0004
               Curriculum/adaptive_lift: 0.9935
              Episode_Reward/relaxation: -3.3942
             Episode_Reward/action_rate: -26.2021
              Curriculum/terrain_levels: 0.0000
        Episode_Reward/joint_pos_limits: -0.0031
           Episode_Reward/torque_limits: -0.5084
      Episode_Reward/joint_deviation_l1: -0.0735
      Episode_Termination/invalid_state: 0.0000
       Episode_Reward/base_height_rough: 0.8427
             Episode_Reward/ground_slam: -1.2591
     Curriculum/polish_action_rate_rate: -0.1500
        Episode_Reward/base_height_fine: 1.2230
        Episode_Reward/action_rate_rate: -11.6893
        Episode_Reward/illegal_contacts: -0.2030
          Curriculum/polish_ground_slam: -1.0000
               Episode_Reward/flat_feet: -1.5223
--------------------------------------------------------------------------------
                         Iteration time: 2.24s
                           Time elapsed: 0:00:37
                                    ETA: 0:00:32

################################################################################
[1m                            Learning iteration 16/30                            [0m 

                               Run name: height_tracking_g1
                            Total steps: 1671168 
                       Steps per second: 43892 
                        Collection time: 2.008s 
                          Learning time: 0.232s 
                        Mean value loss: 2.5337
                    Mean surrogate loss: -0.0089
                      Mean entropy loss: 38.6059
                     Mean symmetry loss: 0.0010
                   Mean l2c2_actor loss: 0.0042
                  Mean l2c2_critic loss: 0.0008
                            Mean reward: -838.07
                    Mean episode length: 398.96
                        Mean action std: 0.92
                    Entropy coefficient: 0.002500
           Episode_Reward/feet_distance: -0.1549
           Curriculum/polish_not_moving: -1.0000
           Episode_Reward/torso_upright: -0.0032
           Episode_Reward/forward_pitch: -1.1300
              Episode_Reward/torso_roll: -1.1457
        Episode_Reward/joint_torques_l2: -0.5058
            Episode_Reward/joint_vel_l2: -0.5086
 Episode_Reward/joint_deviation_l1_arms: -0.0270
              Episode_Reward/torso_slam: -0.8128
           Episode_Reward/feet_yaw_mean: -0.1698
         Episode_Reward/severely_tilted: -0.0007
           Curriculum/polish_torso_slam: -5.0000
              Episode_Reward/not_moving: -0.3494
  Episode_Reward/feet_distance_standing: -0.0114
           Episode_Reward/ankle_torques: -0.1334
      Episode_Reward/base_height_medium: 0.9082
    Episode_Reward/joint_tracking_error: -1.5318
           Episode_Reward/body_velocity: -1.0759
           Episode_Termination/time_out: 0.5405
            Episode_Reward/joint_acc_l2: -0.0811
     Episode_Reward/completely_airborne: -2.4569
            Metrics/height/height_error: 0.3695
         Episode_Reward/ground_unloaded: -0.5328
              Episode_Reward/feet_slide: -0.5468
        Curriculum/random_fallen_states: 0.0000
         Curriculum/polish_joint_vel_l2: -0.0010
        Episode_Reward/joint_vel_limits: -0.0004
               Curriculum/adaptive_lift: 0.9935
              Episode_Reward/relaxation: -3.7612
             Episode_Reward/action_rate: -27.7566
              Curriculum/terrain_levels: 0.0000
        Episode_Reward/joint_pos_limits: -0.0034
           Episode_Reward/torque_limits: -0.5361
      Episode_Reward/joint_deviation_l1: -0.0795
      Episode_Termination/invalid_state: 0.0000
       Episode_Reward/base_height_rough: 0.8651
             Episode_Reward/ground_slam: -1.3261
     Curriculum/polish_action_rate_rate: -0.1500
        Episode_Reward/base_height_fine: 1.1330
        Episode_Reward/action_rate_rate: -12.3812
        Episode_Reward/illegal_contacts: -0.2052
          Curriculum/polish_ground_slam: -1.0000
               Episode_Reward/flat_feet: -1.6227
--------------------------------------------------------------------------------
                         Iteration time: 2.24s
                           Time elapsed: 0:00:39
                                    ETA: 0:00:30

################################################################################
[1m                            Learning iteration 17/30                            [0m 

                               Run name: height_tracking_g1
                            Total steps: 1769472 
                       Steps per second: 43908 
                        Collection time: 2.007s 
                          Learning time: 0.232s 
                        Mean value loss: 2.4765
                    Mean surrogate loss: -0.0104
                      Mean entropy loss: 38.4949
                     Mean symmetry loss: 0.0010
                   Mean l2c2_actor loss: 0.0044
                  Mean l2c2_critic loss: 0.0013
                            Mean reward: -894.47
                    Mean episode length: 423.78
                        Mean action std: 0.91
                    Entropy coefficient: 0.002500
           Episode_Reward/feet_distance: -0.1668
           Curriculum/polish_not_moving: -1.0000
           Episode_Reward/torso_upright: -0.0045
           Episode_Reward/forward_pitch: -1.2361
              Episode_Reward/torso_roll: -1.1959
        Episode_Reward/joint_torques_l2: -0.5215
            Episode_Reward/joint_vel_l2: -0.5422
 Episode_Reward/joint_deviation_l1_arms: -0.0281
              Episode_Reward/torso_slam: -0.7879
           Episode_Reward/feet_yaw_mean: -0.1834
         Episode_Reward/severely_tilted: -0.0001
           Curriculum/polish_torso_slam: -5.0000
              Episode_Reward/not_moving: -0.4492
  Episode_Reward/feet_distance_standing: -0.0110
           Episode_Reward/ankle_torques: -0.1310
      Episode_Reward/base_height_medium: 0.9896
    Episode_Reward/joint_tracking_error: -1.5960
           Episode_Reward/body_velocity: -1.0677
           Episode_Termination/time_out: 0.5693
            Episode_Reward/joint_acc_l2: -0.0816
     Episode_Reward/completely_airborne: -2.6534
            Metrics/height/height_error: 0.3268
         Episode_Reward/ground_unloaded: -0.5236
              Episode_Reward/feet_slide: -0.5835
        Curriculum/random_fallen_states: 0.0000
         Curriculum/polish_joint_vel_l2: -0.0010
        Episode_Reward/joint_vel_limits: -0.0005
               Curriculum/adaptive_lift: 0.9935
              Episode_Reward/relaxation: -4.2770
             Episode_Reward/action_rate: -29.2408
              Curriculum/terrain_levels: 0.0000
        Episode_Reward/joint_pos_limits: -0.0035
           Episode_Reward/torque_limits: -0.5596
      Episode_Reward/joint_deviation_l1: -0.0811
      Episode_Termination/invalid_state: 0.0000
       Episode_Reward/base_height_rough: 0.9299
             Episode_Reward/ground_slam: -1.4005
     Curriculum/polish_action_rate_rate: -0.1500
        Episode_Reward/base_height_fine: 1.2784
        Episode_Reward/action_rate_rate: -13.0238
        Episode_Reward/illegal_contacts: -0.2226
          Curriculum/polish_ground_slam: -1.0000
               Episode_Reward/flat_feet: -1.7383
--------------------------------------------------------------------------------
                         Iteration time: 2.24s
                           Time elapsed: 0:00:41
                                    ETA: 0:00:27

################################################################################
[1m                            Learning iteration 18/30                            [0m 

                               Run name: height_tracking_g1
                            Total steps: 1867776 
                       Steps per second: 44092 
                        Collection time: 1.997s 
                          Learning time: 0.232s 
                        Mean value loss: 2.3752
                    Mean surrogate loss: -0.0083
                      Mean entropy loss: 38.3664
                     Mean symmetry loss: 0.0012
                   Mean l2c2_actor loss: 0.0046
                  Mean l2c2_critic loss: 0.0017
                            Mean reward: -933.04
                    Mean episode length: 444.91
                        Mean action std: 0.91
                    Entropy coefficient: 0.002500
           Episode_Reward/feet_distance: -0.1809
           Curriculum/polish_not_moving: -1.0000
           Episode_Reward/torso_upright: -0.0030
           Episode_Reward/forward_pitch: -1.2625
              Episode_Reward/torso_roll: -1.2909
        Episode_Reward/joint_torques_l2: -0.5738
            Episode_Reward/joint_vel_l2: -0.5710
 Episode_Reward/joint_deviation_l1_arms: -0.0270
              Episode_Reward/torso_slam: -0.8490
           Episode_Reward/feet_yaw_mean: -0.1968
         Episode_Reward/severely_tilted: -0.0001
           Curriculum/polish_torso_slam: -5.0000
              Episode_Reward/not_moving: -0.5780
  Episode_Reward/feet_distance_standing: -0.0096
           Episode_Reward/ankle_torques: -0.1572
      Episode_Reward/base_height_medium: 1.2195
    Episode_Reward/joint_tracking_error: -1.6984
           Episode_Reward/body_velocity: -1.1723
           Episode_Termination/time_out: 0.6006
            Episode_Reward/joint_acc_l2: -0.0956
     Episode_Reward/completely_airborne: -2.8750
            Metrics/height/height_error: 0.3627
         Episode_Reward/ground_unloaded: -0.6139
              Episode_Reward/feet_slide: -0.6181
        Curriculum/random_fallen_states: 0.0000
         Curriculum/polish_joint_vel_l2: -0.0010
        Episode_Reward/joint_vel_limits: -0.0005
               Curriculum/adaptive_lift: 0.9935
              Episode_Reward/relaxation: -4.0889
             Episode_Reward/action_rate: -30.7265
              Curriculum/terrain_levels: 0.0000
        Episode_Reward/joint_pos_limits: -0.0037
           Episode_Reward/torque_limits: -0.6016
      Episode_Reward/joint_deviation_l1: -0.0799
      Episode_Termination/invalid_state: 0.0000
       Episode_Reward/base_height_rough: 1.0632
             Episode_Reward/ground_slam: -1.5010
     Curriculum/polish_action_rate_rate: -0.1500
        Episode_Reward/base_height_fine: 1.6277
        Episode_Reward/action_rate_rate: -13.6824
        Episode_Reward/illegal_contacts: -0.2277
          Curriculum/polish_ground_slam: -1.0000
               Episode_Reward/flat_feet: -1.8504
--------------------------------------------------------------------------------
                         Iteration time: 2.23s
                           Time elapsed: 0:00:44
                                    ETA: 0:00:25

################################################################################
[1m                            Learning iteration 19/30                            [0m 

                               Run name: height_tracking_g1
                            Total steps: 1966080 
                       Steps per second: 43929 
                        Collection time: 2.005s 
                          Learning time: 0.232s 
                        Mean value loss: 2.3265
                    Mean surrogate loss: -0.0085
                      Mean entropy loss: 38.2126
                     Mean symmetry loss: 0.0012
                   Mean l2c2_actor loss: 0.0046
                  Mean l2c2_critic loss: 0.0029
                            Mean reward: -945.45
                    Mean episode length: 454.49
                        Mean action std: 0.91
                    Entropy coefficient: 0.002500
           Episode_Reward/feet_distance: -0.1812
           Curriculum/polish_not_moving: -1.0000
           Episode_Reward/torso_upright: -0.0028
           Episode_Reward/forward_pitch: -1.2852
              Episode_Reward/torso_roll: -1.2995
        Episode_Reward/joint_torques_l2: -0.5516
            Episode_Reward/joint_vel_l2: -0.5961
 Episode_Reward/joint_deviation_l1_arms: -0.0261
              Episode_Reward/torso_slam: -0.8235
           Episode_Reward/feet_yaw_mean: -0.2004
         Episode_Reward/severely_tilted: -0.0004
           Curriculum/polish_torso_slam: -5.0000
              Episode_Reward/not_moving: -0.5721
  Episode_Reward/feet_distance_standing: -0.0143
           Episode_Reward/ankle_torques: -0.1367
      Episode_Reward/base_height_medium: 1.1439
    Episode_Reward/joint_tracking_error: -1.7175
           Episode_Reward/body_velocity: -1.2107
           Episode_Termination/time_out: 0.6286
            Episode_Reward/joint_acc_l2: -0.0833
     Episode_Reward/completely_airborne: -3.0950
            Metrics/height/height_error: nan
         Episode_Reward/ground_unloaded: -0.6188
              Episode_Reward/feet_slide: -0.6402
        Curriculum/random_fallen_states: 0.0000
         Curriculum/polish_joint_vel_l2: -0.0010
        Episode_Reward/joint_vel_limits: -0.0005
               Curriculum/adaptive_lift: 0.9935
              Episode_Reward/relaxation: -4.0202
             Episode_Reward/action_rate: -31.4247
              Curriculum/terrain_levels: 0.0000
        Episode_Reward/joint_pos_limits: -0.0038
           Episode_Reward/torque_limits: -0.6010
      Episode_Reward/joint_deviation_l1: -0.0748
      Episode_Termination/invalid_state: 0.0002
       Episode_Reward/base_height_rough: 1.0263
             Episode_Reward/ground_slam: -1.5878
     Curriculum/polish_action_rate_rate: -0.1500
        Episode_Reward/base_height_fine: 1.5512
        Episode_Reward/action_rate_rate: -13.9877
        Episode_Reward/illegal_contacts: -0.2358
          Curriculum/polish_ground_slam: -1.0000
               Episode_Reward/flat_feet: -1.9269
--------------------------------------------------------------------------------
                         Iteration time: 2.24s
                           Time elapsed: 0:00:46
                                    ETA: 0:00:23

################################################################################
[1m                            Learning iteration 20/30                            [0m 

                               Run name: height_tracking_g1
                            Total steps: 2064384 
                       Steps per second: 43861 
                        Collection time: 2.009s 
                          Learning time: 0.232s 
                        Mean value loss: 2.3394
                    Mean surrogate loss: -0.0097
                      Mean entropy loss: 38.1183
                     Mean symmetry loss: 0.0012
                   Mean l2c2_actor loss: 0.0049
                  Mean l2c2_critic loss: 0.0280
                            Mean reward: -1018.73
                    Mean episode length: 495.68
                        Mean action std: 0.90
                    Entropy coefficient: 0.002500
           Episode_Reward/feet_distance: -0.1956
           Curriculum/polish_not_moving: -1.0000
           Episode_Reward/torso_upright: -0.0021
           Episode_Reward/forward_pitch: -1.3366
              Episode_Reward/torso_roll: -1.4206
        Episode_Reward/joint_torques_l2: -0.6023
            Episode_Reward/joint_vel_l2: -0.6261
 Episode_Reward/joint_deviation_l1_arms: -0.0201
              Episode_Reward/torso_slam: -0.8848
           Episode_Reward/feet_yaw_mean: -0.2083
         Episode_Reward/severely_tilted: -0.0002
           Curriculum/polish_torso_slam: -5.0000
              Episode_Reward/not_moving: -0.5162
  Episode_Reward/feet_distance_standing: -0.0112
           Episode_Reward/ankle_torques: -0.1737
      Episode_Reward/base_height_medium: 1.0499
    Episode_Reward/joint_tracking_error: -1.8344
           Episode_Reward/body_velocity: -1.2132
           Episode_Termination/time_out: 0.6579
            Episode_Reward/joint_acc_l2: -0.0936
     Episode_Reward/completely_airborne: -3.1444
            Metrics/height/height_error: 0.4102
         Episode_Reward/ground_unloaded: -0.6527
              Episode_Reward/feet_slide: -0.6730
        Curriculum/random_fallen_states: 0.0000
         Curriculum/polish_joint_vel_l2: -0.0010
        Episode_Reward/joint_vel_limits: -0.0005
               Curriculum/adaptive_lift: 0.9935
              Episode_Reward/relaxation: -4.6364
             Episode_Reward/action_rate: -33.5821
              Curriculum/terrain_levels: 0.0000
        Episode_Reward/joint_pos_limits: -0.0040
           Episode_Reward/torque_limits: -0.6315
      Episode_Reward/joint_deviation_l1: -0.0572
      Episode_Termination/invalid_state: 0.0002
       Episode_Reward/base_height_rough: 1.0269
             Episode_Reward/ground_slam: -1.6018
     Curriculum/polish_action_rate_rate: -0.1500
        Episode_Reward/base_height_fine: 1.3874
        Episode_Reward/action_rate_rate: -14.9388
        Episode_Reward/illegal_contacts: -0.2586
          Curriculum/polish_ground_slam: -1.0000
               Episode_Reward/flat_feet: -2.0934
--------------------------------------------------------------------------------
                         Iteration time: 2.24s
                           Time elapsed: 0:00:48
                                    ETA: 0:00:20

################################################################################
[1m                            Learning iteration 21/30                            [0m 

                               Run name: height_tracking_g1
                            Total steps: 2162688 
                       Steps per second: 43833 
                        Collection time: 2.011s 
                          Learning time: 0.232s 
                        Mean value loss: 2.3156
                    Mean surrogate loss: -0.0059
                      Mean entropy loss: 37.9627
                     Mean symmetry loss: 0.0013
                   Mean l2c2_actor loss: 0.0050
                  Mean l2c2_critic loss: 0.0278
                            Mean reward: -1071.93
                    Mean episode length: 517.58
                        Mean action std: 0.90
                    Entropy coefficient: 0.002500
           Episode_Reward/feet_distance: -0.2072
           Curriculum/polish_not_moving: -1.0000
           Episode_Reward/torso_upright: -0.0033
           Episode_Reward/forward_pitch: -1.6667
              Episode_Reward/torso_roll: -1.4102
        Episode_Reward/joint_torques_l2: -0.6133
            Episode_Reward/joint_vel_l2: -0.6598
 Episode_Reward/joint_deviation_l1_arms: -0.0242
              Episode_Reward/torso_slam: -0.8956
           Episode_Reward/feet_yaw_mean: -0.2233
         Episode_Reward/severely_tilted: 0.0000
           Curriculum/polish_torso_slam: -5.0000
              Episode_Reward/not_moving: -0.4901
  Episode_Reward/feet_distance_standing: -0.0172
           Episode_Reward/ankle_torques: -0.1661
      Episode_Reward/base_height_medium: 1.0448
    Episode_Reward/joint_tracking_error: -1.8967
           Episode_Reward/body_velocity: -1.2263
           Episode_Termination/time_out: 0.6896
            Episode_Reward/joint_acc_l2: -0.0908
     Episode_Reward/completely_airborne: -3.1267
            Metrics/height/height_error: 0.4252
         Episode_Reward/ground_unloaded: -0.6521
              Episode_Reward/feet_slide: -0.7306
        Curriculum/random_fallen_states: 0.0000
         Curriculum/polish_joint_vel_l2: -0.0010
        Episode_Reward/joint_vel_limits: -0.0006
               Curriculum/adaptive_lift: 0.9935
              Episode_Reward/relaxation: -5.2096
             Episode_Reward/action_rate: -34.9834
              Curriculum/terrain_levels: 0.0000
        Episode_Reward/joint_pos_limits: -0.0043
           Episode_Reward/torque_limits: -0.6510
      Episode_Reward/joint_deviation_l1: -0.0750
      Episode_Termination/invalid_state: 0.0002
       Episode_Reward/base_height_rough: 1.0549
             Episode_Reward/ground_slam: -1.7144
     Curriculum/polish_action_rate_rate: -0.1500
        Episode_Reward/base_height_fine: 1.3369
        Episode_Reward/action_rate_rate: -15.5615
        Episode_Reward/illegal_contacts: -0.2960
          Curriculum/polish_ground_slam: -1.0000
               Episode_Reward/flat_feet: -2.1986
--------------------------------------------------------------------------------
                         Iteration time: 2.24s
                           Time elapsed: 0:00:50
                                    ETA: 0:00:18

################################################################################
[1m                            Learning iteration 22/30                            [0m 

                               Run name: height_tracking_g1
                            Total steps: 2260992 
                       Steps per second: 43826 
                        Collection time: 2.011s 
                          Learning time: 0.232s 
                        Mean value loss: 2.1595
                    Mean surrogate loss: -0.0088
                      Mean entropy loss: 37.8898
                     Mean symmetry loss: 0.0013
                   Mean l2c2_actor loss: 0.0051
                  Mean l2c2_critic loss: 0.0030
                            Mean reward: -1100.22
                    Mean episode length: 543.68
                        Mean action std: 0.89
                    Entropy coefficient: 0.002500
           Episode_Reward/feet_distance: -0.2151
           Curriculum/polish_not_moving: -1.0000
           Episode_Reward/torso_upright: -0.0031
           Episode_Reward/forward_pitch: -1.7155
              Episode_Reward/torso_roll: -1.5820
        Episode_Reward/joint_torques_l2: -0.6746
            Episode_Reward/joint_vel_l2: -0.6829
 Episode_Reward/joint_deviation_l1_arms: -0.0248
              Episode_Reward/torso_slam: -0.9189
           Episode_Reward/feet_yaw_mean: -0.2318
         Episode_Reward/severely_tilted: 0.0000
           Curriculum/polish_torso_slam: -5.0000
              Episode_Reward/not_moving: -0.7108
  Episode_Reward/feet_distance_standing: -0.0106
           Episode_Reward/ankle_torques: -0.1863
      Episode_Reward/base_height_medium: 1.3047
    Episode_Reward/joint_tracking_error: -2.0045
           Episode_Reward/body_velocity: -1.3147
           Episode_Termination/time_out: 0.7183
            Episode_Reward/joint_acc_l2: -0.1113
     Episode_Reward/completely_airborne: -3.3379
            Metrics/height/height_error: nan
         Episode_Reward/ground_unloaded: -0.7531
              Episode_Reward/feet_slide: -0.7631
        Curriculum/random_fallen_states: 0.0000
         Curriculum/polish_joint_vel_l2: -0.0010
        Episode_Reward/joint_vel_limits: -0.0006
               Curriculum/adaptive_lift: 0.9935
              Episode_Reward/relaxation: -4.5553
             Episode_Reward/action_rate: -36.4329
              Curriculum/terrain_levels: 0.0000
        Episode_Reward/joint_pos_limits: -0.0045
           Episode_Reward/torque_limits: -0.7051
      Episode_Reward/joint_deviation_l1: -0.0719
      Episode_Termination/invalid_state: 0.0002
       Episode_Reward/base_height_rough: 1.2119
             Episode_Reward/ground_slam: -1.8121
     Curriculum/polish_action_rate_rate: -0.1500
        Episode_Reward/base_height_fine: 1.7504
        Episode_Reward/action_rate_rate: -16.1950
        Episode_Reward/illegal_contacts: -0.3207
          Curriculum/polish_ground_slam: -1.0000
               Episode_Reward/flat_feet: -2.2652
--------------------------------------------------------------------------------
                         Iteration time: 2.24s
                           Time elapsed: 0:00:53
                                    ETA: 0:00:16

################################################################################
[1m                            Learning iteration 23/30                            [0m 

                               Run name: height_tracking_g1
                            Total steps: 2359296 
                       Steps per second: 43792 
                        Collection time: 2.013s 
                          Learning time: 0.232s 
                        Mean value loss: 2.0829
                    Mean surrogate loss: -0.0068
                      Mean entropy loss: 37.7461
                     Mean symmetry loss: 0.0014
                   Mean l2c2_actor loss: 0.0053
                  Mean l2c2_critic loss: 0.0005
                            Mean reward: -1161.83
                    Mean episode length: 567.47
                        Mean action std: 0.89
                    Entropy coefficient: 0.002500
           Episode_Reward/feet_distance: -0.2316
           Curriculum/polish_not_moving: -1.0000
           Episode_Reward/torso_upright: -0.0032
           Episode_Reward/forward_pitch: -1.7749
              Episode_Reward/torso_roll: -1.6082
        Episode_Reward/joint_torques_l2: -0.6797
            Episode_Reward/joint_vel_l2: -0.7117
 Episode_Reward/joint_deviation_l1_arms: -0.0268
              Episode_Reward/torso_slam: -0.9741
           Episode_Reward/feet_yaw_mean: -0.2374
         Episode_Reward/severely_tilted: -0.0005
           Curriculum/polish_torso_slam: -5.0000
              Episode_Reward/not_moving: -0.7790
  Episode_Reward/feet_distance_standing: -0.0132
           Episode_Reward/ankle_torques: -0.1656
      Episode_Reward/base_height_medium: 1.3940
    Episode_Reward/joint_tracking_error: -2.0912
           Episode_Reward/body_velocity: -1.3673
           Episode_Termination/time_out: 0.7529
            Episode_Reward/joint_acc_l2: -0.1059
     Episode_Reward/completely_airborne: -3.4539
            Metrics/height/height_error: nan
         Episode_Reward/ground_unloaded: -0.7292
              Episode_Reward/feet_slide: -0.7912
        Curriculum/random_fallen_states: 0.0000
         Curriculum/polish_joint_vel_l2: -0.0010
        Episode_Reward/joint_vel_limits: -0.0006
               Curriculum/adaptive_lift: 0.9935
              Episode_Reward/relaxation: -5.2989
             Episode_Reward/action_rate: -37.8759
              Curriculum/terrain_levels: 0.0000
        Episode_Reward/joint_pos_limits: -0.0046
           Episode_Reward/torque_limits: -0.7450
      Episode_Reward/joint_deviation_l1: -0.0790
      Episode_Termination/invalid_state: 0.0002
       Episode_Reward/base_height_rough: 1.2715
             Episode_Reward/ground_slam: -1.8728
     Curriculum/polish_action_rate_rate: -0.1500
        Episode_Reward/base_height_fine: 1.8967
        Episode_Reward/action_rate_rate: -16.8307
        Episode_Reward/illegal_contacts: -0.3208
          Curriculum/polish_ground_slam: -1.0000
               Episode_Reward/flat_feet: -2.3890
--------------------------------------------------------------------------------
                         Iteration time: 2.24s
                           Time elapsed: 0:00:55
                                    ETA: 0:00:13

################################################################################
[1m                            Learning iteration 24/30                            [0m 

                               Run name: height_tracking_g1
                            Total steps: 2457600 
                       Steps per second: 43717 
                        Collection time: 2.016s 
                          Learning time: 0.233s 
                        Mean value loss: 2.0362
                    Mean surrogate loss: -0.0083
                      Mean entropy loss: 37.6434
                     Mean symmetry loss: 0.0014
                   Mean l2c2_actor loss: 0.0055
                  Mean l2c2_critic loss: 0.0002
                            Mean reward: -1209.18
                    Mean episode length: 591.08
                        Mean action std: 0.89
                    Entropy coefficient: 0.002500
           Episode_Reward/feet_distance: -0.2389
           Curriculum/polish_not_moving: -1.0000
           Episode_Reward/torso_upright: -0.0033
           Episode_Reward/forward_pitch: -1.6153
              Episode_Reward/torso_roll: -1.6376
        Episode_Reward/joint_torques_l2: -0.6917
            Episode_Reward/joint_vel_l2: -0.7451
 Episode_Reward/joint_deviation_l1_arms: -0.0265
              Episode_Reward/torso_slam: -1.0281
           Episode_Reward/feet_yaw_mean: -0.2434
         Episode_Reward/severely_tilted: -0.0007
           Curriculum/polish_torso_slam: -5.0000
              Episode_Reward/not_moving: -0.6800
  Episode_Reward/feet_distance_standing: -0.0119
           Episode_Reward/ankle_torques: -0.1634
      Episode_Reward/base_height_medium: 1.3476
    Episode_Reward/joint_tracking_error: -2.1389
           Episode_Reward/body_velocity: -1.4173
           Episode_Termination/time_out: 0.7845
            Episode_Reward/joint_acc_l2: -0.1017
     Episode_Reward/completely_airborne: -3.8884
            Metrics/height/height_error: nan
         Episode_Reward/ground_unloaded: -0.7310
              Episode_Reward/feet_slide: -0.8110
        Curriculum/random_fallen_states: 0.0000
         Curriculum/polish_joint_vel_l2: -0.0010
        Episode_Reward/joint_vel_limits: -0.0006
               Curriculum/adaptive_lift: 0.9935
              Episode_Reward/relaxation: -5.9464
             Episode_Reward/action_rate: -39.2535
              Curriculum/terrain_levels: 0.0000
        Episode_Reward/joint_pos_limits: -0.0047
           Episode_Reward/torque_limits: -0.7362
      Episode_Reward/joint_deviation_l1: -0.0771
      Episode_Termination/invalid_state: 0.0002
       Episode_Reward/base_height_rough: 1.2671
             Episode_Reward/ground_slam: -1.8994
     Curriculum/polish_action_rate_rate: -0.1500
        Episode_Reward/base_height_fine: 1.7741
        Episode_Reward/action_rate_rate: -17.4462
        Episode_Reward/illegal_contacts: -0.2954
          Curriculum/polish_ground_slam: -1.0000
               Episode_Reward/flat_feet: -2.5339
--------------------------------------------------------------------------------
                         Iteration time: 2.25s
                           Time elapsed: 0:00:57
                                    ETA: 0:00:11

################################################################################
[1m                            Learning iteration 25/30                            [0m 

                               Run name: height_tracking_g1
                            Total steps: 2555904 
                       Steps per second: 43838 
                        Collection time: 2.010s 
                          Learning time: 0.232s 
                        Mean value loss: 2.0412
                    Mean surrogate loss: -0.0085
                      Mean entropy loss: 37.5337
                     Mean symmetry loss: 0.0014
                   Mean l2c2_actor loss: 0.0056
                  Mean l2c2_critic loss: 0.0001
                            Mean reward: -1255.27
                    Mean episode length: 615.62
                        Mean action std: 0.88
                    Entropy coefficient: 0.002500
           Episode_Reward/feet_distance: -0.2411
           Curriculum/polish_not_moving: -1.0000
           Episode_Reward/torso_upright: -0.0046
           Episode_Reward/forward_pitch: -1.7899
              Episode_Reward/torso_roll: -1.7556
        Episode_Reward/joint_torques_l2: -0.7215
            Episode_Reward/joint_vel_l2: -0.7722
 Episode_Reward/joint_deviation_l1_arms: -0.0282
              Episode_Reward/torso_slam: -1.0619
           Episode_Reward/feet_yaw_mean: -0.2570
         Episode_Reward/severely_tilted: -0.0005
           Curriculum/polish_torso_slam: -5.0000
              Episode_Reward/not_moving: -0.6927
  Episode_Reward/feet_distance_standing: -0.0108
           Episode_Reward/ankle_torques: -0.1872
      Episode_Reward/base_height_medium: 1.3350
    Episode_Reward/joint_tracking_error: -2.2186
           Episode_Reward/body_velocity: -1.4681
           Episode_Termination/time_out: 0.8158
            Episode_Reward/joint_acc_l2: -0.1077
     Episode_Reward/completely_airborne: -3.8712
            Metrics/height/height_error: 0.4073
         Episode_Reward/ground_unloaded: -0.7464
              Episode_Reward/feet_slide: -0.8412
        Curriculum/random_fallen_states: 0.0000
         Curriculum/polish_joint_vel_l2: -0.0010
        Episode_Reward/joint_vel_limits: -0.0006
               Curriculum/adaptive_lift: 0.9935
              Episode_Reward/relaxation: -6.4371
             Episode_Reward/action_rate: -40.6868
              Curriculum/terrain_levels: 0.0000
        Episode_Reward/joint_pos_limits: -0.0049
           Episode_Reward/torque_limits: -0.7875
      Episode_Reward/joint_deviation_l1: -0.0827
      Episode_Termination/invalid_state: 0.0002
       Episode_Reward/base_height_rough: 1.2768
             Episode_Reward/ground_slam: -1.9751
     Curriculum/polish_action_rate_rate: -0.1500
        Episode_Reward/base_height_fine: 1.7892
        Episode_Reward/action_rate_rate: -18.0717
        Episode_Reward/illegal_contacts: -0.3272
          Curriculum/polish_ground_slam: -1.0000
               Episode_Reward/flat_feet: -2.5891
--------------------------------------------------------------------------------
                         Iteration time: 2.24s
                           Time elapsed: 0:00:59
                                    ETA: 0:00:09

################################################################################
[1m                            Learning iteration 26/30                            [0m 

                               Run name: height_tracking_g1
                            Total steps: 2654208 
                       Steps per second: 43864 
                        Collection time: 2.009s 
                          Learning time: 0.233s 
                        Mean value loss: 1.9825
                    Mean surrogate loss: -0.0084
                      Mean entropy loss: 37.4265
                     Mean symmetry loss: 0.0014
                   Mean l2c2_actor loss: 0.0057
                  Mean l2c2_critic loss: 0.0001
                            Mean reward: -1280.21
                    Mean episode length: 639.62
                        Mean action std: 0.88
                    Entropy coefficient: 0.002500
           Episode_Reward/feet_distance: -0.2602
           Curriculum/polish_not_moving: -1.0000
           Episode_Reward/torso_upright: -0.0032
           Episode_Reward/forward_pitch: -1.8444
              Episode_Reward/torso_roll: -1.8049
        Episode_Reward/joint_torques_l2: -0.7287
            Episode_Reward/joint_vel_l2: -0.7884
 Episode_Reward/joint_deviation_l1_arms: -0.0254
              Episode_Reward/torso_slam: -1.0874
           Episode_Reward/feet_yaw_mean: -0.2574
         Episode_Reward/severely_tilted: -0.0004
           Curriculum/polish_torso_slam: -5.0000
              Episode_Reward/not_moving: -0.7530
  Episode_Reward/feet_distance_standing: -0.0140
           Episode_Reward/ankle_torques: -0.2096
      Episode_Reward/base_height_medium: 1.4453
    Episode_Reward/joint_tracking_error: -2.2917
           Episode_Reward/body_velocity: -1.5129
           Episode_Termination/time_out: 0.8467
            Episode_Reward/joint_acc_l2: -0.1037
     Episode_Reward/completely_airborne: -3.9829
            Metrics/height/height_error: nan
         Episode_Reward/ground_unloaded: -0.8406
              Episode_Reward/feet_slide: -0.8707
        Curriculum/random_fallen_states: 0.0000
         Curriculum/polish_joint_vel_l2: -0.0010
        Episode_Reward/joint_vel_limits: -0.0006
               Curriculum/adaptive_lift: 0.9935
              Episode_Reward/relaxation: -5.6562
             Episode_Reward/action_rate: -41.9479
              Curriculum/terrain_levels: 0.0000
        Episode_Reward/joint_pos_limits: -0.0051
           Episode_Reward/torque_limits: -0.7729
      Episode_Reward/joint_deviation_l1: -0.0771
      Episode_Termination/invalid_state: 0.0002
       Episode_Reward/base_height_rough: 1.3569
             Episode_Reward/ground_slam: -2.0232
     Curriculum/polish_action_rate_rate: -0.1500
        Episode_Reward/base_height_fine: 1.9572
        Episode_Reward/action_rate_rate: -18.6239
        Episode_Reward/illegal_contacts: -0.3401
          Curriculum/polish_ground_slam: -1.0000
               Episode_Reward/flat_feet: -2.7265
--------------------------------------------------------------------------------
                         Iteration time: 2.24s
                           Time elapsed: 0:01:02
                                    ETA: 0:00:06

################################################################################
[1m                            Learning iteration 27/30                            [0m 

                               Run name: height_tracking_g1
                            Total steps: 2752512 
                       Steps per second: 43755 
                        Collection time: 2.015s 
                          Learning time: 0.232s 
                        Mean value loss: 1.9221
                    Mean surrogate loss: -0.0073
                      Mean entropy loss: 37.3127
                     Mean symmetry loss: 0.0015
                   Mean l2c2_actor loss: 0.0057
                  Mean l2c2_critic loss: 0.0001
                            Mean reward: -1334.88
                    Mean episode length: 665.38
                        Mean action std: 0.88
                    Entropy coefficient: 0.002500
           Episode_Reward/feet_distance: -0.2656
           Curriculum/polish_not_moving: -1.0000
           Episode_Reward/torso_upright: -0.0032
           Episode_Reward/forward_pitch: -1.9014
              Episode_Reward/torso_roll: -1.8902
        Episode_Reward/joint_torques_l2: -0.7987
            Episode_Reward/joint_vel_l2: -0.8172
 Episode_Reward/joint_deviation_l1_arms: -0.0288
              Episode_Reward/torso_slam: -1.1539
           Episode_Reward/feet_yaw_mean: -0.2723
         Episode_Reward/severely_tilted: -0.0004
           Curriculum/polish_torso_slam: -5.0000
              Episode_Reward/not_moving: -0.7389
  Episode_Reward/feet_distance_standing: -0.0091
           Episode_Reward/ankle_torques: -0.2025
      Episode_Reward/base_height_medium: 1.5481
    Episode_Reward/joint_tracking_error: -2.3919
           Episode_Reward/body_velocity: -1.6068
           Episode_Termination/time_out: 0.8824
            Episode_Reward/joint_acc_l2: -0.1241
     Episode_Reward/completely_airborne: -4.2179
            Metrics/height/height_error: 0.4325
         Episode_Reward/ground_unloaded: -0.8865
              Episode_Reward/feet_slide: -0.9045
        Curriculum/random_fallen_states: 0.0000
         Curriculum/polish_joint_vel_l2: -0.0010
        Episode_Reward/joint_vel_limits: -0.0006
               Curriculum/adaptive_lift: 0.9935
              Episode_Reward/relaxation: -6.0731
             Episode_Reward/action_rate: -43.3345
              Curriculum/terrain_levels: 0.0000
        Episode_Reward/joint_pos_limits: -0.0054
           Episode_Reward/torque_limits: -0.8390
      Episode_Reward/joint_deviation_l1: -0.0850
      Episode_Termination/invalid_state: 0.0002
       Episode_Reward/base_height_rough: 1.4559
             Episode_Reward/ground_slam: -2.1284
     Curriculum/polish_action_rate_rate: -0.1500
        Episode_Reward/base_height_fine: 2.0322
        Episode_Reward/action_rate_rate: -19.2365
        Episode_Reward/illegal_contacts: -0.3489
          Curriculum/polish_ground_slam: -1.0000
               Episode_Reward/flat_feet: -2.8245
--------------------------------------------------------------------------------
                         Iteration time: 2.25s
                           Time elapsed: 0:01:04
                                    ETA: 0:00:04

################################################################################
[1m                            Learning iteration 28/30                            [0m 

                               Run name: height_tracking_g1
                            Total steps: 2850816 
                       Steps per second: 43811 
                        Collection time: 2.011s 
                          Learning time: 0.233s 
                        Mean value loss: 1.8912
                    Mean surrogate loss: -0.0085
                      Mean entropy loss: 37.2063
                     Mean symmetry loss: 0.0014
                   Mean l2c2_actor loss: 0.0059
                  Mean l2c2_critic loss: 0.0001
                            Mean reward: -1352.59
                    Mean episode length: 684.68
                        Mean action std: 0.87
                    Entropy coefficient: 0.002500
           Episode_Reward/feet_distance: -0.2668
           Curriculum/polish_not_moving: -1.0000
           Episode_Reward/torso_upright: -0.0028
           Episode_Reward/forward_pitch: -2.0464
              Episode_Reward/torso_roll: -1.9681
        Episode_Reward/joint_torques_l2: -0.8474
            Episode_Reward/joint_vel_l2: -0.8411
 Episode_Reward/joint_deviation_l1_arms: -0.0244
              Episode_Reward/torso_slam: -1.1344
           Episode_Reward/feet_yaw_mean: -0.2832
         Episode_Reward/severely_tilted: 0.0000
           Curriculum/polish_torso_slam: -5.0000
              Episode_Reward/not_moving: -0.7286
  Episode_Reward/feet_distance_standing: -0.0077
           Episode_Reward/ankle_torques: -0.2331
      Episode_Reward/base_height_medium: 1.5783
    Episode_Reward/joint_tracking_error: -2.5122
           Episode_Reward/body_velocity: -1.6183
           Episode_Termination/time_out: 0.9159
            Episode_Reward/joint_acc_l2: -0.1371
     Episode_Reward/completely_airborne: -4.0859
            Metrics/height/height_error: 0.4046
         Episode_Reward/ground_unloaded: -0.9480
              Episode_Reward/feet_slide: -0.9479
        Curriculum/random_fallen_states: 0.0000
         Curriculum/polish_joint_vel_l2: -0.0010
        Episode_Reward/joint_vel_limits: -0.0006
               Curriculum/adaptive_lift: 0.9935
              Episode_Reward/relaxation: -5.8288
             Episode_Reward/action_rate: -44.6317
              Curriculum/terrain_levels: 0.0000
        Episode_Reward/joint_pos_limits: -0.0055
           Episode_Reward/torque_limits: -0.8708
      Episode_Reward/joint_deviation_l1: -0.0737
      Episode_Termination/invalid_state: 0.0002
       Episode_Reward/base_height_rough: 1.4935
             Episode_Reward/ground_slam: -2.2003
     Curriculum/polish_action_rate_rate: -0.1500
        Episode_Reward/base_height_fine: 2.0531
        Episode_Reward/action_rate_rate: -19.8020
        Episode_Reward/illegal_contacts: -0.3722
          Curriculum/polish_ground_slam: -1.0000
               Episode_Reward/flat_feet: -2.9198
--------------------------------------------------------------------------------
                         Iteration time: 2.24s
                           Time elapsed: 0:01:06
                                    ETA: 0:00:02

################################################################################
[1m                            Learning iteration 29/30                            [0m 

                               Run name: height_tracking_g1
                            Total steps: 2949120 
                       Steps per second: 43787 
                        Collection time: 2.012s 
                          Learning time: 0.233s 
                        Mean value loss: 1.8223
                    Mean surrogate loss: -0.0081
                      Mean entropy loss: 37.1044
                     Mean symmetry loss: 0.0015
                   Mean l2c2_actor loss: 0.0060
                  Mean l2c2_critic loss: 0.0001
                            Mean reward: -1400.92
                    Mean episode length: 713.30
                        Mean action std: 0.87
                    Entropy coefficient: 0.002500
           Episode_Reward/feet_distance: -0.2707
           Curriculum/polish_not_moving: -1.0000
           Episode_Reward/torso_upright: -0.0018
           Episode_Reward/forward_pitch: -1.9125
              Episode_Reward/torso_roll: -1.9837
        Episode_Reward/joint_torques_l2: -0.8299
            Episode_Reward/joint_vel_l2: -0.8806
 Episode_Reward/joint_deviation_l1_arms: -0.0240
              Episode_Reward/torso_slam: -1.2647
           Episode_Reward/feet_yaw_mean: -0.2911
         Episode_Reward/severely_tilted: -0.0004
           Curriculum/polish_torso_slam: -5.0000
              Episode_Reward/not_moving: -0.7517
  Episode_Reward/feet_distance_standing: -0.0036
           Episode_Reward/ankle_torques: -0.2366
      Episode_Reward/base_height_medium: 1.6028
    Episode_Reward/joint_tracking_error: -2.5205
           Episode_Reward/body_velocity: -1.6507
           Episode_Termination/time_out: 0.9439
            Episode_Reward/joint_acc_l2: -0.1304
     Episode_Reward/completely_airborne: -4.5289
            Metrics/height/height_error: 0.4241
         Episode_Reward/ground_unloaded: -0.9294
              Episode_Reward/feet_slide: -0.9737
        Curriculum/random_fallen_states: 0.0000
         Curriculum/polish_joint_vel_l2: -0.0010
        Episode_Reward/joint_vel_limits: -0.0007
               Curriculum/adaptive_lift: 0.9935
              Episode_Reward/relaxation: -6.6286
             Episode_Reward/action_rate: -45.9266
              Curriculum/terrain_levels: 0.0000
        Episode_Reward/joint_pos_limits: -0.0058
           Episode_Reward/torque_limits: -0.8760
      Episode_Reward/joint_deviation_l1: -0.0692
      Episode_Termination/invalid_state: 0.0002
       Episode_Reward/base_height_rough: 1.5499
             Episode_Reward/ground_slam: -2.2737
     Curriculum/polish_action_rate_rate: -0.1500
        Episode_Reward/base_height_fine: 2.0461
        Episode_Reward/action_rate_rate: -20.3848
        Episode_Reward/illegal_contacts: -0.3550
          Curriculum/polish_ground_slam: -1.0000
               Episode_Reward/flat_feet: -3.0371
--------------------------------------------------------------------------------
                         Iteration time: 2.25s
                           Time elapsed: 0:01:08
                                    ETA: 0:00:00

[INFO]: SimulationContext cleared
