The '--headless' CLI argument is deprecated. Omit '--viz' for default headless. If config visualizers are enabled and you want to force headless, use '--viz none'.
Loading user config located at: '/workspace/WBC-AGILE-NEWTON/.venv/lib/python3.12/site-packages/isaacsim/kit/data/Kit/IsaacLab/3.0/user.config.json'
2026-09-02T17:08:56Z [0ms] [Warning] [omni.ext.plugin] [ext: isaaclab_visualizers] Extensions config 'extension.toml' doesn't exist '/workspace/WBC-AGILE-NEWTON/.venv/lib/python3.12/site-packages/isaaclab/source/isaaclab_visualizers' or '/workspace/WBC-AGILE-NEWTON/.venv/lib/python3.12/site-packages/isaaclab/source/isaaclab_visualizers/config'
WARNING: All log messages before absl::InitializeLog() is called are written to STDERR
E0000 00:00:1788368936.196179   67005 descriptor_database.cc:633] File already exists in database: grpc/health/v1/health.proto
W0000 00:00:1788368936.196211   67005 message.cc:301] Protobuf GeneratedMessageFactory: File is already registered: grpc/health/v1/health.proto
2026-09-02T17:08:56Z [407ms] [Warning] [omni.usd_config.extension] Enable omni.materialx.libs extension to use MaterialX
2026-09-02T17:08:56Z [456ms] [Warning] [omni.platforminfo.plugin] failed to open the default display.  Can't verify X Server version.
2026-09-02T17:08:56Z [456ms] [Error] [omni.ext.plugin] Could not load the dynamic library from /workspace/WBC-AGILE-NEWTON/.venv/lib/python3.12/site-packages/isaacsim/extscache/omni.usd.libs-1.0.3+6312fa25.lx64.r.cp312/bin/libMaterialXRenderHw.so. Error: libXt.so.6: cannot open shared object file: No such file or directory (note that this may be caused by a dependent library)
2026-09-02T17:08:56Z [456ms] [Error] [omni.ext.plugin] Could not load the dynamic library from /workspace/WBC-AGILE-NEWTON/.venv/lib/python3.12/site-packages/isaacsim/extscache/omni.usd.libs-1.0.3+6312fa25.lx64.r.cp312/bin/libMaterialXRenderGlsl.so. Error: libXt.so.6: cannot open shared object file: No such file or directory (note that this may be caused by a dependent library)
2026-09-02T17:08:56Z [457ms] [Error] [omni.ext.plugin] Could not load the dynamic library from /workspace/WBC-AGILE-NEWTON/.venv/lib/python3.12/site-packages/isaacsim/extscache/omni.usd.libs-1.0.3+6312fa25.lx64.r.cp312/bin/libusd_usdBakeMtlx.so. Error: libXt.so.6: cannot open shared object file: No such file or directory (note that this may be caused by a dependent library)
2026-09-02T17:08:57Z [1,087ms] [Warning] [isaacsim.core.simulation_manager.plugin] USD stage is not available; stage-opened subscription is deferred
2026-09-02T17:08:57Z [1,087ms] [Warning] [isaacsim.core.simulation_manager.plugin] USD stage is not available; stage-opened subscription is deferred
[ISAACLAB] AppLauncher initialization complete
[watchdog] armed on RslRlVecEnvWrapper.step
[INFO]: Parsing configuration from: agile.rl_env.tasks.stand_up.g1.height_tracking_env_cfg:G1HeightTrackingEnvCfg
[INFO]: Parsing configuration from: agile.rl_env.tasks.stand_up.g1.agents.rsl_rl_ppo_cfg:G1HeightTrackingPpoRunnerCfg
[INFO] Logging experiment in directory: /workspace/WBC-AGILE-NEWTON/logs/rsl_rl/height_tracking_g1
Exact experiment name requested from command line: 2026-09-02_17-09-04
[INFO]: Base environment:
	Environment device    : cuda:0
	Environment seed      : 42
	Physics step-size     : 0.005
	Rendering step-size   : 0.02
	Environment step-size : 0.02
2026-09-02T17:09:04Z [8,522ms] [Warning] [isaaclab.terrains.terrain_importer] Visual material specified for ground plane but no diffuse color found. Using default color: (0.0, 0.0, 0.0)
[INFO]: Registered backend 'newton' for factory Articulation.
[INFO]: Setting variant selection 'PhysX' for variant set 'Physics' on prim '/World/envs/env_0/Robot'.
[INFO]: Setting variant selection 'None' for variant set 'left_hand' on prim '/World/envs/env_0/Robot'.
[INFO]: Setting variant selection 'None' for variant set 'right_hand' on prim '/World/envs/env_0/Robot'.
[INFO]: Registered backend 'newton' for factory FrameView.
[INFO]: Registered backend 'newton' for factory ContactSensor.
[INFO]: Registered backend 'newton' for factory RayCaster.
[INFO]: Time taken for scene creation Last: 11.857288 s, Mean: 11.857288 s, Std: 0.000000 s, N: 1
[INFO]: Scene manager:  <class InteractiveScene>
	Number of environments: 4096
	Environment spacing   : 2.5
	Source prim name      : /World/envs/env_0
	Global prim paths     : ['/World/ground']
	Replicate physics     : True
[INFO]: Dispatching MODEL_INIT callbacks
[INFO]: Finalizing model on device: cuda:0
/workspace/WBC-AGILE-NEWTON/.venv/lib/python3.12/site-packages/isaaclab_newton/physics/newton_manager.py:989: FutureWarning: Newton shape color replacement is enabled; this workaround will be deprecated in a future release.
  replace_newton_shape_colors(cls._model)
Finalize builder took: Last: 8.696289 s, Mean: 8.696289 s, Std: 0.000000 s, N: 1
[INFO]: Dispatching PHYSICS_READY callbacks
[INFO]: Simulation parameters for joints in /World/envs/env_.*/Robot:
+-------------------------------------------------------------------------------------------------------------------------------------------+
|                                     Simulation Joint Information (Prim path: /World/envs/env_.*/Robot)                                    |
+-------+----------------------------+-----------+---------+----------+-----------------+-----------------+-----------------+---------------+
| Index | Name                       | Stiffness | Damping | Armature | Static Friction | Position Limits | Velocity Limits | Effort Limits |
+-------+----------------------------+-----------+---------+----------+-----------------+-----------------+-----------------+---------------+
|   0   | left_hip_pitch_joint       |  100.000  |  2.500  |  0.020   |      0.010      | [-2.531, 2.880] |      32.000     |     88.000    |
|   1   | left_hip_roll_joint        |  100.000  |  2.500  |  0.020   |      0.010      | [-0.524, 2.967] |      32.000     |     88.000    |
|   2   | left_hip_yaw_joint         |  100.000  |  2.500  |  0.020   |      0.010      | [-2.758, 2.758] |      32.000     |     88.000    |
|   3   | left_knee_joint            |  100.000  |  2.500  |  0.020   |      0.010      | [-0.087, 2.880] |      20.000     |    139.000    |
|   4   | left_ankle_pitch_joint     |   20.000  |  1.000  |  0.020   |      0.010      | [-0.873, 0.524] |      37.000     |     50.000    |
|   5   | left_ankle_roll_joint      |   20.000  |  1.000  |  0.020   |      0.010      | [-0.262, 0.262] |      37.000     |     50.000    |
|   6   | right_hip_pitch_joint      |  100.000  |  2.500  |  0.020   |      0.010      | [-2.531, 2.880] |      32.000     |     88.000    |
|   7   | right_hip_roll_joint       |  100.000  |  2.500  |  0.020   |      0.010      | [-2.967, 0.524] |      32.000     |     88.000    |
|   8   | right_hip_yaw_joint        |  100.000  |  2.500  |  0.020   |      0.010      | [-2.758, 2.758] |      32.000     |     88.000    |
|   9   | right_knee_joint           |  100.000  |  2.500  |  0.020   |      0.010      | [-0.087, 2.880] |      20.000     |    139.000    |
|   10  | right_ankle_pitch_joint    |   20.000  |  1.000  |  0.020   |      0.010      | [-0.873, 0.524] |      37.000     |     50.000    |
|   11  | right_ankle_roll_joint     |   20.000  |  1.000  |  0.020   |      0.010      | [-0.262, 0.262] |      37.000     |     50.000    |
|   12  | waist_yaw_joint            |  100.000  |  2.500  |  0.020   |      0.010      | [-2.618, 2.618] |      32.000     |     88.000    |
|   13  | waist_roll_joint           |  100.000  |  2.500  |  0.020   |      0.010      | [-0.520, 0.520] |      37.000     |     50.000    |
|   14  | waist_pitch_joint          |  100.000  |  2.500  |  0.020   |      0.010      | [-0.520, 0.520] |      37.000     |     50.000    |
|   15  | left_shoulder_pitch_joint  |   20.000  |  0.500  |  0.020   |      0.010      | [-3.089, 2.670] |      37.000     |     25.000    |
|   16  | left_shoulder_roll_joint   |   20.000  |  0.500  |  0.020   |      0.010      | [-1.588, 2.251] |      37.000     |     25.000    |
|   17  | left_shoulder_yaw_joint    |   20.000  |  0.500  |  0.020   |      0.010      | [-2.618, 2.618] |      37.000     |     25.000    |
|   18  | left_elbow_joint           |   20.000  |  0.500  |  0.020   |      0.010      | [-1.047, 2.094] |      37.000     |     25.000    |
|   19  | left_wrist_roll_joint      |   20.000  |  0.200  |  0.020   |      0.010      | [-1.972, 1.972] |      37.000     |     25.000    |
|   20  | left_wrist_pitch_joint     |   20.000  |  0.200  |  0.020   |      0.010      | [-1.614, 1.614] |      22.000     |     5.000     |
|   21  | left_wrist_yaw_joint       |   20.000  |  0.200  |  0.020   |      0.010      | [-1.614, 1.614] |      22.000     |     5.000     |
|   22  | right_shoulder_pitch_joint |   20.000  |  0.500  |  0.020   |      0.010      | [-3.089, 2.670] |      37.000     |     25.000    |
|   23  | right_shoulder_roll_joint  |   20.000  |  0.500  |  0.020   |      0.010      | [-2.251, 1.588] |      37.000     |     25.000    |
|   24  | right_shoulder_yaw_joint   |   20.000  |  0.500  |  0.020   |      0.010      | [-2.618, 2.618] |      37.000     |     25.000    |
|   25  | right_elbow_joint          |   20.000  |  0.500  |  0.020   |      0.010      | [-1.047, 2.094] |      37.000     |     25.000    |
|   26  | right_wrist_roll_joint     |   20.000  |  0.200  |  0.020   |      0.010      | [-1.972, 1.972] |      37.000     |     25.000    |
|   27  | right_wrist_pitch_joint    |   20.000  |  0.200  |  0.020   |      0.010      | [-1.614, 1.614] |      22.000     |     5.000     |
|   28  | right_wrist_yaw_joint      |   20.000  |  0.200  |  0.020   |      0.010      | [-1.614, 1.614] |      22.000     |     5.000     |
+-------+----------------------------+-----------+---------+----------+-----------------+-----------------+-----------------+---------------+
[INFO]: Adding contact sensor for /World/envs/env_.*/Robot/.* with filter all bodies/shapes
Contact sensor construction took: Last: 0.121241 s, Mean: 0.121241 s, Std: 0.000000 s, N: 1
[INFO]: Contact sensor initialized with 30 sensors.
[INFO]: Creating buffers for contact sensor data with num_envs: 4096, num_sensors: 30, num_filter_objects: 0, history_length: 3, generate_force_matrix: False, track_air_time: True, track_pose: False, device: cuda:0
[INFO]: Creating buffers for contact sensor data with num_envs: 4096, num_sensors: 30, num_filter_objects: 0, history_length: 3, generate_force_matrix: False, track_air_time: True, track_pose: False, device: cuda:0
[INFO]: Created infinite plane mesh prim: /World/ground/terrain/GroundPlane/CollisionPlane.
Initialize solver took: Last: 1.910882 s, Mean: 1.910882 s, Std: 0.000000 s, N: 1
[INFO]: Newton CUDA graph captured (standard Warp mode)
CUDA graph took: Last: 1.046880 s, Mean: 1.046880 s, Std: 0.000000 s, N: 1
[newton] DC-motor torque-speed envelope active on 118784/143360 DOFs (4096 worlds x 30 joints) via jnt_actfrcrange
[newton] joint-limit solref set to (0.02, 1) on 118784 joints; explicit limit spring disabled
[INFO]: Time taken for simulation start Last: 12.630818 s, Mean: 12.630818 s, Std: 0.000000 s, N: 1
[INFO] Command Manager:  <CommandManager> contains 1 active terms.
+--------------------------------------+
|         Active Command Terms         |
+-------+--------+---------------------+
| Index | Name   |         Type        |
+-------+--------+---------------------+
|   0   | height | SmoothHeightCommand |
+-------+--------+---------------------+

[INFO] Event Manager:  <EventManager> contains 3 active terms.
+----------------------------------------+
| Active Event Terms in Mode: 'startup'  |
+--------+-------------------------------+
| Index  | Name                          |
+--------+-------------------------------+
|   0    | randomize_physics_material    |
|   1    | randomize_actuator_gains      |
|   2    | randomize_bodies_mass         |
|   3    | randomize_base_mass           |
|   4    | randomize_base_com            |
+--------+-------------------------------+
+---------------------------------------------------------------------------+
|                   Active Event Terms in Mode: 'interval'                  |
+-------+-----------------------------------------+-------------------------+
| Index | Name                                    | Interval time range (s) |
+-------+-----------------------------------------+-------------------------+
|   0   | push_robot                              |       (0.0, 10.0)       |
|   1   | apply_external_force_torque             |       (0.0, 10.0)       |
|   2   | apply_external_force_torque_extremities |       (0.0, 10.0)       |
+-------+-----------------------------------------+-------------------------+
+----------------------------------+
| Active Event Terms in Mode: 'reset' |
+------------+---------------------+
|   Index    | Name                |
+------------+---------------------+
|     0      | reset_base          |
+------------+---------------------+

[INFO] Recorder Manager:  <RecorderManager> contains 0 active terms.
+---------------------+
| Active Recorder Terms |
+-----------+---------+
|   Index   | Name    |
+-----------+---------+
+-----------+---------+

[INFO]: Resolved joint names for the action term JointPositionAction: ['left_hip_pitch_joint', 'left_hip_roll_joint', 'left_hip_yaw_joint', 'left_knee_joint', 'left_ankle_pitch_joint', 'left_ankle_roll_joint', 'right_hip_pitch_joint', 'right_hip_roll_joint', 'right_hip_yaw_joint', 'right_knee_joint', 'right_ankle_pitch_joint', 'right_ankle_roll_joint', 'waist_yaw_joint', 'waist_roll_joint', 'waist_pitch_joint', 'left_shoulder_pitch_joint', 'left_shoulder_roll_joint', 'left_shoulder_yaw_joint', 'left_elbow_joint', 'left_wrist_roll_joint', 'left_wrist_pitch_joint', 'left_wrist_yaw_joint', 'right_shoulder_pitch_joint', 'right_shoulder_roll_joint', 'right_shoulder_yaw_joint', 'right_elbow_joint', 'right_wrist_roll_joint', 'right_wrist_pitch_joint', 'right_wrist_yaw_joint'] [[0, 1, 2, 3, 4, 5, 6, 7, 8, 9, 10, 11, 12, 13, 14, 15, 16, 17, 18, 19, 20, 21, 22, 23, 24, 25, 26, 27, 28]]
[INFO] Action Manager:  <ActionManager> contains 2 active terms.
+------------------------------------+
|  Active Action Terms (shape: 29)   |
+--------+-------------+-------------+
| Index  | Name        |   Dimension |
+--------+-------------+-------------+
|   0    | joint_pos   |          29 |
|   1    | lift        |           0 |
+--------+-------------+-------------+

[INFO] Observation Manager: <ObservationManager> contains 2 groups.
+----------------------------------------------+
| Active Observation Terms in Group: 'policy'  |
+---------+------------------------+-----------+
|  Index  | Name                   |   Shape   |
+---------+------------------------+-----------+
|    0    | base_ang_vel           |   (5, 3)  |
|    1    | projected_gravity      |   (5, 3)  |
|    2    | joint_pos              |  (5, 29)  |
|    3    | joint_vel              |  (5, 29)  |
|    4    | actions                |  (5, 29)  |
|    5    | height_command         |   (5, 1)  |
+---------+------------------------+-----------+
+----------------------------------------------+
| Active Observation Terms in Group: 'critic'  |
+---------+------------------------+-----------+
|  Index  | Name                   |   Shape   |
+---------+------------------------+-----------+
|    0    | projected_gravity      |   (5, 3)  |
|    1    | base_lin_vel           |   (5, 3)  |
|    2    | base_ang_vel           |   (5, 3)  |
|    3    | joint_pos              |  (5, 29)  |
|    4    | joint_vel              |  (5, 29)  |
|    5    | actions                |  (5, 29)  |
|    6    | contact_forces         |  (5, 30)  |
|    7    | base_height            |   (5, 1)  |
|    8    | height_command         |   (5, 1)  |
+---------+------------------------+-----------+

[INFO] Termination Manager:  <TerminationManager> contains 2 active terms.
+----------------------------------+
|     Active Termination Terms     |
+-------+---------------+----------+
| Index | Name          | Time Out |
+-------+---------------+----------+
|   0   | time_out      |   True   |
|   1   | invalid_state |  False   |
+-------+---------------+----------+

[INFO] Reward Manager:  <RewardManager> contains 32 active terms.
+--------------------------------------------+
|            Active Reward Terms             |
+-------+-------------------------+----------+
| Index | Name                    |   Weight |
+-------+-------------------------+----------+
|   0   | joint_torques_l2        |   -5e-05 |
|   1   | torque_limits           |    -0.01 |
|   2   | joint_acc_l2            | -2.5e-08 |
|   3   | joint_pos_limits        |     -0.1 |
|   4   | joint_vel_limits        |    -0.01 |
|   5   | action_rate             |     -1.0 |
|   6   | action_rate_rate        |    -0.15 |
|   7   | joint_vel_l2            |   -0.001 |
|   8   | joint_tracking_error    |     -0.5 |
|   9   | base_height_rough       |      4.0 |
|   10  | base_height_medium      |      8.0 |
|   11  | base_height_fine        |     16.0 |
|   12  | relaxation              |     -1.0 |
|   13  | joint_deviation_l1      |     -0.5 |
|   14  | joint_deviation_l1_arms |     -0.5 |
|   15  | ankle_torques           |   -0.001 |
|   16  | not_moving              |     -1.0 |
|   17  | torso_upright           |     -1.0 |
|   18  | severely_tilted         |     -5.0 |
|   19  | torso_roll              |     -5.0 |
|   20  | forward_pitch           |    -10.0 |
|   21  | illegal_contacts        |     -2.0 |
|   22  | feet_distance           |     -5.0 |
|   23  | feet_distance_standing  |    -10.0 |
|   24  | ground_unloaded         |     -2.0 |
|   25  | flat_feet               |     -1.0 |
|   26  | feet_slide              |     -1.0 |
|   27  | feet_yaw_mean           |     -2.0 |
|   28  | completely_airborne     |    -50.0 |
|   29  | body_velocity           |     -0.1 |
|   30  | ground_slam             |     -1.0 |
|   31  | torso_slam              |     -5.0 |
+-------+-------------------------+----------+

[INFO] Curriculum Manager:  <CurriculumManager> contains 8 active terms.
+---------------------------------+
|     Active Curriculum Terms     |
+-------+-------------------------+
| Index | Name                    |
+-------+-------------------------+
|   0   | adaptive_lift           |
|   1   | terrain_levels          |
|   2   | polish_action_rate_rate |
|   3   | polish_ground_slam      |
|   4   | polish_torso_slam       |
|   5   | polish_not_moving       |
|   6   | polish_joint_vel_l2     |
|   7   | random_fallen_states    |
+-------+-------------------------+

/workspace/WBC-AGILE-NEWTON/.venv/lib/python3.12/site-packages/isaaclab/source/isaaclab/isaaclab/envs/mdp/events.py:742: UserWarning: In Newton, body com pose always has unit quaternion. Consider using body_com_pos_b instead.Querying this property requires appending a unit quaternion to the position which is expensive.
  self.default_com = self.asset.data.body_com_pose_b.torch.clone()
[INFO]: Completed setting up the environment...
/workspace/WBC-AGILE-NEWTON/.venv/lib/python3.12/site-packages/rsl_rl/utils/utils.py:220: UserWarning: The observation configuration dictionary 'obs_groups' is empty and thus likely not configured. Consider configuring the 'obs_groups' dictionary explicitly
  warnings.warn(
/workspace/WBC-AGILE-NEWTON/.venv/lib/python3.12/site-packages/rsl_rl/utils/utils.py:251: UserWarning: The observation configuration dictionary 'obs_groups' does not contain the 'actor' key. As an observation group with the name 'policy' was found, this is assumed to be the appropriate observation. Consider adding the 'actor' key to the 'obs_groups' dictionary for clarity. This behavior will be removed in a future version.
  warnings.warn(
/workspace/WBC-AGILE-NEWTON/.venv/lib/python3.12/site-packages/rsl_rl/utils/utils.py:243: UserWarning: The observation configuration dictionary 'obs_groups' does not contain the 'critic' key. As an observation group with the name 'critic' was found, this is assumed to be the appropriate observation. Consider adding the 'critic' key to the 'obs_groups' dictionary for clarity. This behavior will be removed in a future version.
  warnings.warn(
--------------------------------------------------------------------------------
Resolved observation sets: 
	 actor :  ['policy']
	 critic :  ['critic']
--------------------------------------------------------------------------------
Actor Model: MLPModel(
  (obs_normalizer): Identity()
  (distribution): GaussianDistribution()
  (mlp): MLP(
    (0): Linear(in_features=470, out_features=256, bias=True)
    (1): ELU(alpha=1.0)
    (2): Linear(in_features=256, out_features=256, bias=True)
    (3): ELU(alpha=1.0)
    (4): Linear(in_features=256, out_features=128, bias=True)
    (5): ELU(alpha=1.0)
    (6): Linear(in_features=128, out_features=29, bias=True)
  )
)
Critic Model: MLPModel(
  (obs_normalizer): Identity()
  (mlp): MLP(
    (0): Linear(in_features=640, out_features=512, bias=True)
    (1): ELU(alpha=1.0)
    (2): Linear(in_features=512, out_features=256, bias=True)
    (3): ELU(alpha=1.0)
    (4): Linear(in_features=256, out_features=128, bias=True)
    (5): ELU(alpha=1.0)
    (6): Linear(in_features=128, out_features=1, bias=True)
  )
)
Storing git diff for 'WBC-AGILE-NEWTON' in: /workspace/WBC-AGILE-NEWTON/logs/rsl_rl/height_tracking_g1/2026-09-02_17-09-04_height_tracking_g1/git/WBC-AGILE-NEWTON.diff
################################################################################
[1m                            Learning iteration 0/120                            [0m 

                               Run name: height_tracking_g1
                            Total steps: 98304 
                       Steps per second: 36478 
                        Collection time: 2.347s 
                          Learning time: 0.348s 
                        Mean value loss: 7.6695
                    Mean surrogate loss: 0.0335
                      Mean entropy loss: 41.0931
                     Mean symmetry loss: 0.0027
                   Mean l2c2_actor loss: 0.0011
                  Mean l2c2_critic loss: 0.0073
                            Mean reward: -49.20
                    Mean episode length: 17.03
                        Mean action std: 1.00
                    Entropy coefficient: 0.002500
           Episode_Reward/torque_limits: -0.0229
    Episode_Reward/joint_tracking_error: -0.0655
           Episode_Reward/feet_yaw_mean: -0.0115
     Episode_Reward/completely_airborne: -0.3465
            Episode_Reward/joint_acc_l2: -0.0026
              Episode_Reward/not_moving: -0.0449
              Episode_Reward/relaxation: -0.1357
               Episode_Reward/flat_feet: -0.0303
         Episode_Reward/ground_unloaded: -0.0142
            Metrics/height/height_error: 0.0000
           Curriculum/polish_torso_slam: -5.0000
         Curriculum/polish_joint_vel_l2: -0.0010
        Episode_Reward/illegal_contacts: -0.0022
          Curriculum/polish_ground_slam: -1.0000
           Episode_Reward/feet_distance: -0.0035
        Episode_Reward/joint_torques_l2: -0.0194
           Episode_Reward/body_velocity: -0.2014
        Episode_Reward/joint_pos_limits: -0.0002
 Episode_Reward/joint_deviation_l1_arms: -0.0116
               Curriculum/adaptive_lift: 1.0000
           Episode_Reward/forward_pitch: -0.0104
             Episode_Reward/ground_slam: -0.0581
     Curriculum/polish_action_rate_rate: -0.1500
             Episode_Reward/action_rate: -0.9147
           Episode_Termination/time_out: 0.0165
       Episode_Reward/base_height_rough: 0.0334
         Episode_Reward/severely_tilted: -0.0005
              Episode_Reward/torso_slam: -0.0756
        Episode_Reward/joint_vel_limits: -0.0000
              Curriculum/terrain_levels: 0.0000
      Episode_Termination/invalid_state: 0.0003
  Episode_Reward/feet_distance_standing: -0.0047
      Episode_Reward/base_height_medium: 0.0478
           Curriculum/polish_not_moving: -1.0000
           Episode_Reward/torso_upright: 0.0000
      Episode_Reward/joint_deviation_l1: -0.0277
            Episode_Reward/joint_vel_l2: -0.0272
              Episode_Reward/torso_roll: -0.0295
           Episode_Reward/ankle_torques: -0.0048
        Curriculum/random_fallen_states: 0.0000
        Episode_Reward/action_rate_rate: -0.3953
              Episode_Reward/feet_slide: -0.0138
        Episode_Reward/base_height_fine: 0.0721
--------------------------------------------------------------------------------
                         Iteration time: 2.69s
                           Time elapsed: 0:00:02
                                    ETA: 0:05:20

################################################################################
[1m                            Learning iteration 1/120                            [0m 

                               Run name: height_tracking_g1
                            Total steps: 196608 
                       Steps per second: 79450 
                        Collection time: 1.000s 
                          Learning time: 0.237s 
                        Mean value loss: 11.6045
                    Mean surrogate loss: 0.0065
                      Mean entropy loss: 41.0642
                     Mean symmetry loss: 0.0019
                   Mean l2c2_actor loss: 0.0010
                  Mean l2c2_critic loss: 0.0262
                            Mean reward: -146.65
                    Mean episode length: 40.23
                        Mean action std: 1.00
                    Entropy coefficient: 0.002500
           Episode_Reward/torque_limits: -0.0819
    Episode_Reward/joint_tracking_error: -0.2511
           Episode_Reward/feet_yaw_mean: -0.0574
     Episode_Reward/completely_airborne: -1.0138
            Episode_Reward/joint_acc_l2: -0.0086
              Episode_Reward/not_moving: -0.2344
              Episode_Reward/relaxation: -0.3429
               Episode_Reward/flat_feet: -0.0927
         Episode_Reward/ground_unloaded: -0.0489
            Metrics/height/height_error: 0.0000
           Curriculum/polish_torso_slam: -5.0000
         Curriculum/polish_joint_vel_l2: -0.0010
        Episode_Reward/illegal_contacts: -0.0127
          Curriculum/polish_ground_slam: -1.0000
           Episode_Reward/feet_distance: -0.0271
        Episode_Reward/joint_torques_l2: -0.0619
           Episode_Reward/body_velocity: -1.4381
        Episode_Reward/joint_pos_limits: -0.0010
 Episode_Reward/joint_deviation_l1_arms: -0.0557
               Curriculum/adaptive_lift: 0.9999
           Episode_Reward/forward_pitch: -0.0511
             Episode_Reward/ground_slam: -0.3656
     Curriculum/polish_action_rate_rate: -0.1500
             Episode_Reward/action_rate: -2.6882
           Episode_Termination/time_out: 0.0475
       Episode_Reward/base_height_rough: 0.1071
         Episode_Reward/severely_tilted: -0.0107
              Episode_Reward/torso_slam: -0.5239
        Episode_Reward/joint_vel_limits: -0.0002
              Curriculum/terrain_levels: 0.0000
      Episode_Termination/invalid_state: 0.0053
  Episode_Reward/feet_distance_standing: -0.0389
      Episode_Reward/base_height_medium: 0.1630
           Curriculum/polish_not_moving: -1.0000
           Episode_Reward/torso_upright: 0.0000
      Episode_Reward/joint_deviation_l1: -0.1029
            Episode_Reward/joint_vel_l2: -0.1016
              Episode_Reward/torso_roll: -0.0961
           Episode_Reward/ankle_torques: -0.0140
        Curriculum/random_fallen_states: 0.0000
        Episode_Reward/action_rate_rate: -1.1914
              Episode_Reward/feet_slide: -0.0435
        Episode_Reward/base_height_fine: 0.2589
--------------------------------------------------------------------------------
                         Iteration time: 1.24s
                           Time elapsed: 0:00:03
                                    ETA: 0:03:51

################################################################################
[1m                            Learning iteration 2/120                            [0m 

                               Run name: height_tracking_g1
                            Total steps: 294912 
                       Steps per second: 81925 
                        Collection time: 0.967s 
                          Learning time: 0.233s 
                        Mean value loss: 10.8015
                    Mean surrogate loss: -0.0086
                      Mean entropy loss: 40.9394
                     Mean symmetry loss: 0.0008
                   Mean l2c2_actor loss: 0.0012
                  Mean l2c2_critic loss: 0.0230
                            Mean reward: -254.22
                    Mean episode length: 64.73
                        Mean action std: 0.99
                    Entropy coefficient: 0.002500
           Episode_Reward/torque_limits: -0.1394
    Episode_Reward/joint_tracking_error: -0.4533
           Episode_Reward/feet_yaw_mean: -0.1235
     Episode_Reward/completely_airborne: -1.5302
            Episode_Reward/joint_acc_l2: -0.0138
              Episode_Reward/not_moving: -0.3710
              Episode_Reward/relaxation: -0.6449
               Episode_Reward/flat_feet: -0.1742
         Episode_Reward/ground_unloaded: -0.0787
            Metrics/height/height_error: 0.0000
           Curriculum/polish_torso_slam: -5.0000
         Curriculum/polish_joint_vel_l2: -0.0010
        Episode_Reward/illegal_contacts: -0.0293
          Curriculum/polish_ground_slam: -1.0000
           Episode_Reward/feet_distance: -0.0510
        Episode_Reward/joint_torques_l2: -0.1033
           Episode_Reward/body_velocity: -2.7478
        Episode_Reward/joint_pos_limits: -0.0019
 Episode_Reward/joint_deviation_l1_arms: -0.0873
               Curriculum/adaptive_lift: 0.9983
           Episode_Reward/forward_pitch: -0.0889
             Episode_Reward/ground_slam: -0.8676
     Curriculum/polish_action_rate_rate: -0.1500
             Episode_Reward/action_rate: -4.4188
           Episode_Termination/time_out: 0.0794
       Episode_Reward/base_height_rough: 0.1709
         Episode_Reward/severely_tilted: -0.0185
              Episode_Reward/torso_slam: -1.0983
        Episode_Reward/joint_vel_limits: -0.0003
              Curriculum/terrain_levels: 0.0000
      Episode_Termination/invalid_state: 0.0142
  Episode_Reward/feet_distance_standing: -0.0586
      Episode_Reward/base_height_medium: 0.2533
           Curriculum/polish_not_moving: -1.0000
           Episode_Reward/torso_upright: -0.0021
      Episode_Reward/joint_deviation_l1: -0.1461
            Episode_Reward/joint_vel_l2: -0.1675
              Episode_Reward/torso_roll: -0.1636
           Episode_Reward/ankle_torques: -0.0226
        Curriculum/random_fallen_states: 0.0000
        Episode_Reward/action_rate_rate: -1.9703
              Episode_Reward/feet_slide: -0.0766
        Episode_Reward/base_height_fine: 0.3965
--------------------------------------------------------------------------------
                         Iteration time: 1.20s
                           Time elapsed: 0:00:05
                                    ETA: 0:03:20

################################################################################
[1m                            Learning iteration 3/120                            [0m 

                               Run name: height_tracking_g1
                            Total steps: 393216 
                       Steps per second: 77043 
                        Collection time: 1.028s 
                          Learning time: 0.248s 
                        Mean value loss: 10.6879
                    Mean surrogate loss: -0.0116
                      Mean entropy loss: 40.8886
                     Mean symmetry loss: 0.0006
                   Mean l2c2_actor loss: 0.0013
                  Mean l2c2_critic loss: 0.0218
                            Mean reward: -342.14
                    Mean episode length: 84.50
                        Mean action std: 0.99
                    Entropy coefficient: 0.002500
           Episode_Reward/torque_limits: -0.1905
    Episode_Reward/joint_tracking_error: -0.6177
           Episode_Reward/feet_yaw_mean: -0.1674
     Episode_Reward/completely_airborne: -2.1355
            Episode_Reward/joint_acc_l2: -0.0195
              Episode_Reward/not_moving: -0.5394
              Episode_Reward/relaxation: -0.8112
               Episode_Reward/flat_feet: -0.2481
         Episode_Reward/ground_unloaded: -0.1139
            Metrics/height/height_error: 0.0000
           Curriculum/polish_torso_slam: -5.0000
         Curriculum/polish_joint_vel_l2: -0.0010
        Episode_Reward/illegal_contacts: -0.0421
          Curriculum/polish_ground_slam: -1.0000
           Episode_Reward/feet_distance: -0.0699
        Episode_Reward/joint_torques_l2: -0.1416
           Episode_Reward/body_velocity: -3.9235
        Episode_Reward/joint_pos_limits: -0.0025
 Episode_Reward/joint_deviation_l1_arms: -0.1188
               Curriculum/adaptive_lift: 0.9959
           Episode_Reward/forward_pitch: -0.1320
             Episode_Reward/ground_slam: -1.3065
     Curriculum/polish_action_rate_rate: -0.1500
             Episode_Reward/action_rate: -5.8892
           Episode_Termination/time_out: 0.1128
       Episode_Reward/base_height_rough: 0.2422
         Episode_Reward/severely_tilted: -0.0232
              Episode_Reward/torso_slam: -1.7161
        Episode_Reward/joint_vel_limits: -0.0005
              Curriculum/terrain_levels: 0.0000
      Episode_Termination/invalid_state: 0.0235
  Episode_Reward/feet_distance_standing: -0.0764
      Episode_Reward/base_height_medium: 0.3674
           Curriculum/polish_not_moving: -1.0000
           Episode_Reward/torso_upright: -0.0033
      Episode_Reward/joint_deviation_l1: -0.1856
            Episode_Reward/joint_vel_l2: -0.2311
              Episode_Reward/torso_roll: -0.2182
           Episode_Reward/ankle_torques: -0.0308
        Curriculum/random_fallen_states: 0.0000
        Episode_Reward/action_rate_rate: -2.6335
              Episode_Reward/feet_slide: -0.1085
        Episode_Reward/base_height_fine: 0.5812
--------------------------------------------------------------------------------
                         Iteration time: 1.28s
                           Time elapsed: 0:00:06
                                    ETA: 0:03:05

################################################################################
[1m                            Learning iteration 4/120                            [0m 

                               Run name: height_tracking_g1
                            Total steps: 491520 
                       Steps per second: 80894 
                        Collection time: 0.983s 
                          Learning time: 0.232s 
                        Mean value loss: 9.7657
                    Mean surrogate loss: -0.0116
                      Mean entropy loss: 40.8185
                     Mean symmetry loss: 0.0006
                   Mean l2c2_actor loss: 0.0015
                  Mean l2c2_critic loss: 0.0182
                            Mean reward: -390.14
                    Mean episode length: 99.91
                        Mean action std: 0.99
                    Entropy coefficient: 0.002500
           Episode_Reward/torque_limits: -0.2389
    Episode_Reward/joint_tracking_error: -0.7686
           Episode_Reward/feet_yaw_mean: -0.2239
     Episode_Reward/completely_airborne: -2.6464
            Episode_Reward/joint_acc_l2: -0.0234
              Episode_Reward/not_moving: -0.5863
              Episode_Reward/relaxation: -1.3000
               Episode_Reward/flat_feet: -0.3158
         Episode_Reward/ground_unloaded: -0.1253
            Metrics/height/height_error: 0.0693
           Curriculum/polish_torso_slam: -5.0000
         Curriculum/polish_joint_vel_l2: -0.0010
        Episode_Reward/illegal_contacts: -0.0537
          Curriculum/polish_ground_slam: -1.0000
           Episode_Reward/feet_distance: -0.0908
        Episode_Reward/joint_torques_l2: -0.1732
           Episode_Reward/body_velocity: -4.9981
        Episode_Reward/joint_pos_limits: -0.0032
 Episode_Reward/joint_deviation_l1_arms: -0.1366
               Curriculum/adaptive_lift: 0.9935
           Episode_Reward/forward_pitch: -0.1700
             Episode_Reward/ground_slam: -1.7401
     Curriculum/polish_action_rate_rate: -0.1500
             Episode_Reward/action_rate: -7.2062
           Episode_Termination/time_out: 0.1420
       Episode_Reward/base_height_rough: 0.2740
         Episode_Reward/severely_tilted: -0.0312
              Episode_Reward/torso_slam: -2.1727
        Episode_Reward/joint_vel_limits: -0.0006
              Curriculum/terrain_levels: 0.0000
      Episode_Termination/invalid_state: 0.0334
  Episode_Reward/feet_distance_standing: -0.0881
      Episode_Reward/base_height_medium: 0.4026
           Curriculum/polish_not_moving: -1.0000
           Episode_Reward/torso_upright: -0.0049
      Episode_Reward/joint_deviation_l1: -0.2080
            Episode_Reward/joint_vel_l2: -0.2826
              Episode_Reward/torso_roll: -0.2762
           Episode_Reward/ankle_torques: -0.0360
        Curriculum/random_fallen_states: 0.0000
        Episode_Reward/action_rate_rate: -3.2148
              Episode_Reward/feet_slide: -0.1301
        Episode_Reward/base_height_fine: 0.6282
--------------------------------------------------------------------------------
                         Iteration time: 1.22s
                           Time elapsed: 0:00:07
                                    ETA: 0:02:55

################################################################################
[1m                            Learning iteration 5/120                            [0m 

                               Run name: height_tracking_g1
                            Total steps: 589824 
                       Steps per second: 73783 
                        Collection time: 1.056s 
                          Learning time: 0.276s 
                        Mean value loss: 8.9748
                    Mean surrogate loss: -0.0127
                      Mean entropy loss: 40.7655
                     Mean symmetry loss: 0.0005
                   Mean l2c2_actor loss: 0.0017
                  Mean l2c2_critic loss: 0.0133
                            Mean reward: -467.16
                    Mean episode length: 115.08
                        Mean action std: 0.99
                    Entropy coefficient: 0.002500
           Episode_Reward/torque_limits: -0.2747
    Episode_Reward/joint_tracking_error: -0.8969
           Episode_Reward/feet_yaw_mean: -0.2537
     Episode_Reward/completely_airborne: -2.9775
            Episode_Reward/joint_acc_l2: -0.0274
              Episode_Reward/not_moving: -0.6283
              Episode_Reward/relaxation: -1.5221
               Episode_Reward/flat_feet: -0.3612
         Episode_Reward/ground_unloaded: -0.1396
            Metrics/height/height_error: 0.0894
           Curriculum/polish_torso_slam: -5.0000
         Curriculum/polish_joint_vel_l2: -0.0010
        Episode_Reward/illegal_contacts: -0.0624
          Curriculum/polish_ground_slam: -1.0000
           Episode_Reward/feet_distance: -0.1096
        Episode_Reward/joint_torques_l2: -0.2020
           Episode_Reward/body_velocity: -5.8117
        Episode_Reward/joint_pos_limits: -0.0037
 Episode_Reward/joint_deviation_l1_arms: -0.1638
               Curriculum/adaptive_lift: 0.9911
           Episode_Reward/forward_pitch: -0.1921
             Episode_Reward/ground_slam: -2.0404
     Curriculum/polish_action_rate_rate: -0.1500
             Episode_Reward/action_rate: -8.2755
           Episode_Termination/time_out: 0.1669
       Episode_Reward/base_height_rough: 0.3222
         Episode_Reward/severely_tilted: -0.0368
              Episode_Reward/torso_slam: -2.6829
        Episode_Reward/joint_vel_limits: -0.0007
              Curriculum/terrain_levels: 0.0000
      Episode_Termination/invalid_state: 0.0422
  Episode_Reward/feet_distance_standing: -0.1112
      Episode_Reward/base_height_medium: 0.4725
           Curriculum/polish_not_moving: -1.0000
           Episode_Reward/torso_upright: -0.0089
      Episode_Reward/joint_deviation_l1: -0.2519
            Episode_Reward/joint_vel_l2: -0.3316
              Episode_Reward/torso_roll: -0.3203
           Episode_Reward/ankle_torques: -0.0448
        Curriculum/random_fallen_states: 0.0000
        Episode_Reward/action_rate_rate: -3.6965
              Episode_Reward/feet_slide: -0.1528
        Episode_Reward/base_height_fine: 0.7242
--------------------------------------------------------------------------------
                         Iteration time: 1.33s
                           Time elapsed: 0:00:08
                                    ETA: 0:02:50

################################################################################
[1m                            Learning iteration 6/120                            [0m 

                               Run name: height_tracking_g1
                            Total steps: 688128 
                       Steps per second: 80881 
                        Collection time: 0.982s 
                          Learning time: 0.233s 
                        Mean value loss: 8.5057
                    Mean surrogate loss: -0.0126
                      Mean entropy loss: 40.7218
                     Mean symmetry loss: 0.0005
                   Mean l2c2_actor loss: 0.0019
                  Mean l2c2_critic loss: 0.0138
                            Mean reward: -515.67
                    Mean episode length: 142.28
                        Mean action std: 0.99
                    Entropy coefficient: 0.002500
           Episode_Reward/torque_limits: -0.3078
    Episode_Reward/joint_tracking_error: -0.9977
           Episode_Reward/feet_yaw_mean: -0.2572
     Episode_Reward/completely_airborne: -3.5543
            Episode_Reward/joint_acc_l2: -0.0309
              Episode_Reward/not_moving: -0.8896
              Episode_Reward/relaxation: -1.7793
               Episode_Reward/flat_feet: -0.4464
         Episode_Reward/ground_unloaded: -0.1713
            Metrics/height/height_error: 0.0705
           Curriculum/polish_torso_slam: -5.0000
         Curriculum/polish_joint_vel_l2: -0.0010
        Episode_Reward/illegal_contacts: -0.0762
          Curriculum/polish_ground_slam: -1.0000
           Episode_Reward/feet_distance: -0.1173
        Episode_Reward/joint_torques_l2: -0.2369
           Episode_Reward/body_velocity: -5.3306
        Episode_Reward/joint_pos_limits: -0.0040
 Episode_Reward/joint_deviation_l1_arms: -0.1658
               Curriculum/adaptive_lift: 0.9887
           Episode_Reward/forward_pitch: -0.2350
             Episode_Reward/ground_slam: -1.8088
     Curriculum/polish_action_rate_rate: -0.1500
             Episode_Reward/action_rate: -10.0684
           Episode_Termination/time_out: 0.1949
       Episode_Reward/base_height_rough: 0.4067
         Episode_Reward/severely_tilted: -0.0265
              Episode_Reward/torso_slam: -2.5112
        Episode_Reward/joint_vel_limits: -0.0007
              Curriculum/terrain_levels: 0.0000
      Episode_Termination/invalid_state: 0.0502
  Episode_Reward/feet_distance_standing: -0.1046
      Episode_Reward/base_height_medium: 0.6178
           Curriculum/polish_not_moving: -1.0000
           Episode_Reward/torso_upright: -0.0070
      Episode_Reward/joint_deviation_l1: -0.2588
            Episode_Reward/joint_vel_l2: -0.3764
              Episode_Reward/torso_roll: -0.3847
           Episode_Reward/ankle_torques: -0.0534
        Curriculum/random_fallen_states: 0.0000
        Episode_Reward/action_rate_rate: -4.5062
              Episode_Reward/feet_slide: -0.1790
        Episode_Reward/base_height_fine: 0.9863
--------------------------------------------------------------------------------
                         Iteration time: 1.22s
                           Time elapsed: 0:00:10
                                    ETA: 0:02:44

################################################################################
[1m                            Learning iteration 7/120                            [0m 

                               Run name: height_tracking_g1
                            Total steps: 786432 
                       Steps per second: 82732 
                        Collection time: 0.956s 
                          Learning time: 0.232s 
                        Mean value loss: 8.1855
                    Mean surrogate loss: -0.0128
                      Mean entropy loss: 40.6591
                     Mean symmetry loss: 0.0006
                   Mean l2c2_actor loss: 0.0021
                  Mean l2c2_critic loss: 0.0161
                            Mean reward: -593.16
                    Mean episode length: 157.78
                        Mean action std: 0.98
                    Entropy coefficient: 0.002500
           Episode_Reward/torque_limits: -0.3734
    Episode_Reward/joint_tracking_error: -1.2238
           Episode_Reward/feet_yaw_mean: -0.3289
     Episode_Reward/completely_airborne: -4.2648
            Episode_Reward/joint_acc_l2: -0.0361
              Episode_Reward/not_moving: -1.0881
              Episode_Reward/relaxation: -2.1110
               Episode_Reward/flat_feet: -0.5301
         Episode_Reward/ground_unloaded: -0.2036
            Metrics/height/height_error: 0.0841
           Curriculum/polish_torso_slam: -5.0000
         Curriculum/polish_joint_vel_l2: -0.0010
        Episode_Reward/illegal_contacts: -0.0965
          Curriculum/polish_ground_slam: -1.0000
           Episode_Reward/feet_distance: -0.1526
        Episode_Reward/joint_torques_l2: -0.2801
           Episode_Reward/body_velocity: -6.5327
        Episode_Reward/joint_pos_limits: -0.0050
 Episode_Reward/joint_deviation_l1_arms: -0.2076
               Curriculum/adaptive_lift: 0.9863
           Episode_Reward/forward_pitch: -0.2963
             Episode_Reward/ground_slam: -2.1180
     Curriculum/polish_action_rate_rate: -0.1500
             Episode_Reward/action_rate: -11.8457
           Episode_Termination/time_out: 0.2223
       Episode_Reward/base_height_rough: 0.4921
         Episode_Reward/severely_tilted: -0.0373
              Episode_Reward/torso_slam: -2.7700
        Episode_Reward/joint_vel_limits: -0.0008
              Curriculum/terrain_levels: 0.0000
      Episode_Termination/invalid_state: 0.0578
  Episode_Reward/feet_distance_standing: -0.1406
      Episode_Reward/base_height_medium: 0.7494
           Curriculum/polish_not_moving: -1.0000
           Episode_Reward/torso_upright: -0.0120
      Episode_Reward/joint_deviation_l1: -0.3066
            Episode_Reward/joint_vel_l2: -0.4509
              Episode_Reward/torso_roll: -0.4503
           Episode_Reward/ankle_torques: -0.0635
        Curriculum/random_fallen_states: 0.0000
        Episode_Reward/action_rate_rate: -5.2996
              Episode_Reward/feet_slide: -0.2163
        Episode_Reward/base_height_fine: 1.1883
--------------------------------------------------------------------------------
                         Iteration time: 1.19s
                           Time elapsed: 0:00:11
                                    ETA: 0:02:39

################################################################################
[1m                            Learning iteration 8/120                            [0m 

                               Run name: height_tracking_g1
                            Total steps: 884736 
                       Steps per second: 82525 
                        Collection time: 0.959s 
                          Learning time: 0.232s 
                        Mean value loss: 7.4192
                    Mean surrogate loss: -0.0128
                      Mean entropy loss: 40.6389
                     Mean symmetry loss: 0.0006
                   Mean l2c2_actor loss: 0.0024
                  Mean l2c2_critic loss: 0.0164
                            Mean reward: -685.64
                    Mean episode length: 190.88
                        Mean action std: 0.98
                    Entropy coefficient: 0.002500
           Episode_Reward/torque_limits: -0.4092
    Episode_Reward/joint_tracking_error: -1.3355
           Episode_Reward/feet_yaw_mean: -0.3374
     Episode_Reward/completely_airborne: -4.7366
            Episode_Reward/joint_acc_l2: -0.0399
              Episode_Reward/not_moving: -1.2152
              Episode_Reward/relaxation: -2.4740
               Episode_Reward/flat_feet: -0.5953
         Episode_Reward/ground_unloaded: -0.2221
            Metrics/height/height_error: 0.0806
           Curriculum/polish_torso_slam: -5.0000
         Curriculum/polish_joint_vel_l2: -0.0010
        Episode_Reward/illegal_contacts: -0.1029
          Curriculum/polish_ground_slam: -1.0000
           Episode_Reward/feet_distance: -0.1596
        Episode_Reward/joint_torques_l2: -0.3155
           Episode_Reward/body_velocity: -6.7398
        Episode_Reward/joint_pos_limits: -0.0054
 Episode_Reward/joint_deviation_l1_arms: -0.2283
               Curriculum/adaptive_lift: 0.9840
           Episode_Reward/forward_pitch: -0.3053
             Episode_Reward/ground_slam: -2.4023
     Curriculum/polish_action_rate_rate: -0.1500
             Episode_Reward/action_rate: -13.4605
           Episode_Termination/time_out: 0.2537
       Episode_Reward/base_height_rough: 0.5614
         Episode_Reward/severely_tilted: -0.0338
              Episode_Reward/torso_slam: -3.2357
        Episode_Reward/joint_vel_limits: -0.0009
              Curriculum/terrain_levels: 0.0000
      Episode_Termination/invalid_state: 0.0637
  Episode_Reward/feet_distance_standing: -0.1462
      Episode_Reward/base_height_medium: 0.8596
           Curriculum/polish_not_moving: -1.0000
           Episode_Reward/torso_upright: -0.0149
      Episode_Reward/joint_deviation_l1: -0.3548
            Episode_Reward/joint_vel_l2: -0.4981
              Episode_Reward/torso_roll: -0.5069
           Episode_Reward/ankle_torques: -0.0689
        Curriculum/random_fallen_states: 0.0000
        Episode_Reward/action_rate_rate: -6.0270
              Episode_Reward/feet_slide: -0.2434
        Episode_Reward/base_height_fine: 1.3729
--------------------------------------------------------------------------------
                         Iteration time: 1.19s
                           Time elapsed: 0:00:12
                                    ETA: 0:02:34

################################################################################
[1m                            Learning iteration 9/120                            [0m 

                               Run name: height_tracking_g1
                            Total steps: 983040 
                       Steps per second: 82468 
                        Collection time: 0.960s 
                          Learning time: 0.232s 
                        Mean value loss: 6.9922
                    Mean surrogate loss: -0.0119
                      Mean entropy loss: 40.5857
                     Mean symmetry loss: 0.0007
                   Mean l2c2_actor loss: 0.0025
                  Mean l2c2_critic loss: 0.0155
                            Mean reward: -741.92
                    Mean episode length: 202.48
                        Mean action std: 0.98
                    Entropy coefficient: 0.002500
           Episode_Reward/torque_limits: -0.4464
    Episode_Reward/joint_tracking_error: -1.4782
           Episode_Reward/feet_yaw_mean: -0.3704
     Episode_Reward/completely_airborne: -5.2187
            Episode_Reward/joint_acc_l2: -0.0447
              Episode_Reward/not_moving: -1.2406
              Episode_Reward/relaxation: -2.9533
               Episode_Reward/flat_feet: -0.6741
         Episode_Reward/ground_unloaded: -0.2369
            Metrics/height/height_error: 0.0829
           Curriculum/polish_torso_slam: -5.0000
         Curriculum/polish_joint_vel_l2: -0.0010
        Episode_Reward/illegal_contacts: -0.1249
          Curriculum/polish_ground_slam: -1.0000
           Episode_Reward/feet_distance: -0.1697
        Episode_Reward/joint_torques_l2: -0.3451
           Episode_Reward/body_velocity: -8.2863
        Episode_Reward/joint_pos_limits: -0.0060
 Episode_Reward/joint_deviation_l1_arms: -0.2519
               Curriculum/adaptive_lift: 0.9816
           Episode_Reward/forward_pitch: -0.3526
             Episode_Reward/ground_slam: -2.7833
     Curriculum/polish_action_rate_rate: -0.1500
             Episode_Reward/action_rate: -14.8704
           Episode_Termination/time_out: 0.2851
       Episode_Reward/base_height_rough: 0.5812
         Episode_Reward/severely_tilted: -0.0415
              Episode_Reward/torso_slam: -3.5764
        Episode_Reward/joint_vel_limits: -0.0010
              Curriculum/terrain_levels: 0.0000
      Episode_Termination/invalid_state: 0.0704
  Episode_Reward/feet_distance_standing: -0.1510
      Episode_Reward/base_height_medium: 0.8765
           Curriculum/polish_not_moving: -1.0000
           Episode_Reward/torso_upright: -0.0185
      Episode_Reward/joint_deviation_l1: -0.3874
            Episode_Reward/joint_vel_l2: -0.5491
              Episode_Reward/torso_roll: -0.5665
           Episode_Reward/ankle_torques: -0.0755
        Curriculum/random_fallen_states: 0.0000
        Episode_Reward/action_rate_rate: -6.6631
              Episode_Reward/feet_slide: -0.2642
        Episode_Reward/base_height_fine: 1.4015
--------------------------------------------------------------------------------
                         Iteration time: 1.19s
                           Time elapsed: 0:00:13
                                    ETA: 0:02:31

################################################################################
[1m                           Learning iteration 10/120                            [0m 

                               Run name: height_tracking_g1
                            Total steps: 1081344 
                       Steps per second: 82481 
                        Collection time: 0.959s 
                          Learning time: 0.233s 
                        Mean value loss: 6.6432
                    Mean surrogate loss: -0.0119
                      Mean entropy loss: 40.5347
                     Mean symmetry loss: 0.0007
                   Mean l2c2_actor loss: 0.0026
                  Mean l2c2_critic loss: 0.0175
                            Mean reward: -819.75
                    Mean episode length: 224.12
                        Mean action std: 0.98
                    Entropy coefficient: 0.002500
           Episode_Reward/torque_limits: -0.5097
    Episode_Reward/joint_tracking_error: -1.6670
           Episode_Reward/feet_yaw_mean: -0.4435
     Episode_Reward/completely_airborne: -5.7740
            Episode_Reward/joint_acc_l2: -0.0504
              Episode_Reward/not_moving: -1.5096
              Episode_Reward/relaxation: -3.0331
               Episode_Reward/flat_feet: -0.7623
         Episode_Reward/ground_unloaded: -0.2806
            Metrics/height/height_error: 0.1110
           Curriculum/polish_torso_slam: -5.0000
         Curriculum/polish_joint_vel_l2: -0.0010
        Episode_Reward/illegal_contacts: -0.1437
          Curriculum/polish_ground_slam: -1.0000
           Episode_Reward/feet_distance: -0.2040
        Episode_Reward/joint_torques_l2: -0.3968
           Episode_Reward/body_velocity: -8.2119
        Episode_Reward/joint_pos_limits: -0.0067
 Episode_Reward/joint_deviation_l1_arms: -0.2609
               Curriculum/adaptive_lift: 0.9795
           Episode_Reward/forward_pitch: -0.4158
             Episode_Reward/ground_slam: -2.8984
     Curriculum/polish_action_rate_rate: -0.1500
             Episode_Reward/action_rate: -16.5578
           Episode_Termination/time_out: 0.3149
       Episode_Reward/base_height_rough: 0.6956
         Episode_Reward/severely_tilted: -0.0470
              Episode_Reward/torso_slam: -3.6256
        Episode_Reward/joint_vel_limits: -0.0011
              Curriculum/terrain_levels: 0.0000
      Episode_Termination/invalid_state: 0.0765
  Episode_Reward/feet_distance_standing: -0.1693
      Episode_Reward/base_height_medium: 1.0564
           Curriculum/polish_not_moving: -1.0000
           Episode_Reward/torso_upright: -0.0140
      Episode_Reward/joint_deviation_l1: -0.3881
            Episode_Reward/joint_vel_l2: -0.6149
              Episode_Reward/torso_roll: -0.6406
           Episode_Reward/ankle_torques: -0.0840
        Curriculum/random_fallen_states: 0.0000
        Episode_Reward/action_rate_rate: -7.4107
              Episode_Reward/feet_slide: -0.3075
        Episode_Reward/base_height_fine: 1.6741
--------------------------------------------------------------------------------
                         Iteration time: 1.19s
                           Time elapsed: 0:00:14
                                    ETA: 0:02:27

################################################################################
[1m                           Learning iteration 11/120                            [0m 

                               Run name: height_tracking_g1
                            Total steps: 1179648 
                       Steps per second: 82422 
                        Collection time: 0.959s 
                          Learning time: 0.234s 
                        Mean value loss: 6.4023
                    Mean surrogate loss: -0.0121
                      Mean entropy loss: 40.4807
                     Mean symmetry loss: 0.0007
                   Mean l2c2_actor loss: 0.0026
                  Mean l2c2_critic loss: 0.0183
                            Mean reward: -894.94
                    Mean episode length: 249.89
                        Mean action std: 0.98
                    Entropy coefficient: 0.002500
           Episode_Reward/torque_limits: -0.5504
    Episode_Reward/joint_tracking_error: -1.8123
           Episode_Reward/feet_yaw_mean: -0.4640
     Episode_Reward/completely_airborne: -6.3997
            Episode_Reward/joint_acc_l2: -0.0533
              Episode_Reward/not_moving: -1.5732
              Episode_Reward/relaxation: -3.4896
               Episode_Reward/flat_feet: -0.8344
         Episode_Reward/ground_unloaded: -0.2976
            Metrics/height/height_error: 0.1069
           Curriculum/polish_torso_slam: -5.0000
         Curriculum/polish_joint_vel_l2: -0.0010
        Episode_Reward/illegal_contacts: -0.1501
          Curriculum/polish_ground_slam: -1.0000
           Episode_Reward/feet_distance: -0.2280
        Episode_Reward/joint_torques_l2: -0.4256
           Episode_Reward/body_velocity: -9.5256
        Episode_Reward/joint_pos_limits: -0.0074
 Episode_Reward/joint_deviation_l1_arms: -0.2946
               Curriculum/adaptive_lift: 0.9790
           Episode_Reward/forward_pitch: -0.4473
             Episode_Reward/ground_slam: -3.4092
     Curriculum/polish_action_rate_rate: -0.1500
             Episode_Reward/action_rate: -18.1633
           Episode_Termination/time_out: 0.3453
       Episode_Reward/base_height_rough: 0.7387
         Episode_Reward/severely_tilted: -0.0465
              Episode_Reward/torso_slam: -4.4137
        Episode_Reward/joint_vel_limits: -0.0012
              Curriculum/terrain_levels: 0.0000
      Episode_Termination/invalid_state: 0.0838
  Episode_Reward/feet_distance_standing: -0.2003
      Episode_Reward/base_height_medium: 1.1025
           Curriculum/polish_not_moving: -1.0000
           Episode_Reward/torso_upright: -0.0200
      Episode_Reward/joint_deviation_l1: -0.4359
            Episode_Reward/joint_vel_l2: -0.6672
              Episode_Reward/torso_roll: -0.7079
           Episode_Reward/ankle_torques: -0.0856
        Curriculum/random_fallen_states: 0.0000
        Episode_Reward/action_rate_rate: -8.1301
              Episode_Reward/feet_slide: -0.3451
        Episode_Reward/base_height_fine: 1.7582
--------------------------------------------------------------------------------
                         Iteration time: 1.19s
                           Time elapsed: 0:00:16
                                    ETA: 0:02:25

################################################################################
[1m                           Learning iteration 12/120                            [0m 

                               Run name: height_tracking_g1
                            Total steps: 1277952 
                       Steps per second: 82615 
                        Collection time: 0.958s 
                          Learning time: 0.232s 
                        Mean value loss: 5.9423
                    Mean surrogate loss: -0.0119
                      Mean entropy loss: 40.4333
                     Mean symmetry loss: 0.0007
                   Mean l2c2_actor loss: 0.0027
                  Mean l2c2_critic loss: 0.0177
                            Mean reward: -933.75
                    Mean episode length: 271.40
                        Mean action std: 0.98
                    Entropy coefficient: 0.002500
           Episode_Reward/torque_limits: -0.5878
    Episode_Reward/joint_tracking_error: -1.9608
           Episode_Reward/feet_yaw_mean: -0.4946
     Episode_Reward/completely_airborne: -7.0793
            Episode_Reward/joint_acc_l2: -0.0579
              Episode_Reward/not_moving: -1.8973
              Episode_Reward/relaxation: -3.5420
               Episode_Reward/flat_feet: -0.8975
         Episode_Reward/ground_unloaded: -0.3430
            Metrics/height/height_error: 0.1085
           Curriculum/polish_torso_slam: -5.0000
         Curriculum/polish_joint_vel_l2: -0.0010
        Episode_Reward/illegal_contacts: -0.1584
          Curriculum/polish_ground_slam: -1.0000
           Episode_Reward/feet_distance: -0.2423
        Episode_Reward/joint_torques_l2: -0.4620
           Episode_Reward/body_velocity: -9.4463
        Episode_Reward/joint_pos_limits: -0.0081
 Episode_Reward/joint_deviation_l1_arms: -0.3342
               Curriculum/adaptive_lift: 0.9783
           Episode_Reward/forward_pitch: -0.4619
             Episode_Reward/ground_slam: -3.5386
     Curriculum/polish_action_rate_rate: -0.1500
             Episode_Reward/action_rate: -20.1262
           Episode_Termination/time_out: 0.3717
       Episode_Reward/base_height_rough: 0.8504
         Episode_Reward/severely_tilted: -0.0456
              Episode_Reward/torso_slam: -4.4953
        Episode_Reward/joint_vel_limits: -0.0013
              Curriculum/terrain_levels: 0.0000
      Episode_Termination/invalid_state: 0.0914
  Episode_Reward/feet_distance_standing: -0.2138
      Episode_Reward/base_height_medium: 1.3090
           Curriculum/polish_not_moving: -1.0000
           Episode_Reward/torso_upright: -0.0259
      Episode_Reward/joint_deviation_l1: -0.5075
            Episode_Reward/joint_vel_l2: -0.7372
              Episode_Reward/torso_roll: -0.7598
           Episode_Reward/ankle_torques: -0.0960
        Curriculum/random_fallen_states: 0.0000
        Episode_Reward/action_rate_rate: -9.0083
              Episode_Reward/feet_slide: -0.3809
        Episode_Reward/base_height_fine: 2.1172
--------------------------------------------------------------------------------
                         Iteration time: 1.19s
                           Time elapsed: 0:00:17
                                    ETA: 0:02:22

################################################################################
[1m                           Learning iteration 13/120                            [0m 

                               Run name: height_tracking_g1
                            Total steps: 1376256 
                       Steps per second: 82641 
                        Collection time: 0.957s 
                          Learning time: 0.232s 
                        Mean value loss: 5.6439
                    Mean surrogate loss: -0.0117
                      Mean entropy loss: 40.3992
                     Mean symmetry loss: 0.0008
                   Mean l2c2_actor loss: 0.0029
                  Mean l2c2_critic loss: 0.0180
                            Mean reward: -1037.44
                    Mean episode length: 291.94
                        Mean action std: 0.98
                    Entropy coefficient: 0.002500
           Episode_Reward/torque_limits: -0.6508
    Episode_Reward/joint_tracking_error: -2.1221
           Episode_Reward/feet_yaw_mean: -0.5364
     Episode_Reward/completely_airborne: -7.4167
            Episode_Reward/joint_acc_l2: -0.0638
              Episode_Reward/not_moving: -1.8962
              Episode_Reward/relaxation: -3.8599
               Episode_Reward/flat_feet: -1.0190
         Episode_Reward/ground_unloaded: -0.3756
            Metrics/height/height_error: 0.1263
           Curriculum/polish_torso_slam: -5.0000
         Curriculum/polish_joint_vel_l2: -0.0010
        Episode_Reward/illegal_contacts: -0.1846
          Curriculum/polish_ground_slam: -1.0000
           Episode_Reward/feet_distance: -0.2657
        Episode_Reward/joint_torques_l2: -0.5116
           Episode_Reward/body_velocity: -10.0633
        Episode_Reward/joint_pos_limits: -0.0086
 Episode_Reward/joint_deviation_l1_arms: -0.3349
               Curriculum/adaptive_lift: 0.9779
           Episode_Reward/forward_pitch: -0.5291
             Episode_Reward/ground_slam: -3.6245
     Curriculum/polish_action_rate_rate: -0.1500
             Episode_Reward/action_rate: -22.0318
           Episode_Termination/time_out: 0.4014
       Episode_Reward/base_height_rough: 0.9168
         Episode_Reward/severely_tilted: -0.0471
              Episode_Reward/torso_slam: -4.8425
        Episode_Reward/joint_vel_limits: -0.0014
              Curriculum/terrain_levels: 0.0000
      Episode_Termination/invalid_state: 0.0972
  Episode_Reward/feet_distance_standing: -0.2239
      Episode_Reward/base_height_medium: 1.3905
           Curriculum/polish_not_moving: -1.0000
           Episode_Reward/torso_upright: -0.0236
      Episode_Reward/joint_deviation_l1: -0.4941
            Episode_Reward/joint_vel_l2: -0.7737
              Episode_Reward/torso_roll: -0.8412
           Episode_Reward/ankle_torques: -0.1066
        Curriculum/random_fallen_states: 0.0000
        Episode_Reward/action_rate_rate: -9.8672
              Episode_Reward/feet_slide: -0.4026
        Episode_Reward/base_height_fine: 2.2037
--------------------------------------------------------------------------------
                         Iteration time: 1.19s
                           Time elapsed: 0:00:18
                                    ETA: 0:02:20

################################################################################
[1m                           Learning iteration 14/120                            [0m 

                               Run name: height_tracking_g1
                            Total steps: 1474560 
                       Steps per second: 82503 
                        Collection time: 0.958s 
                          Learning time: 0.233s 
                        Mean value loss: 5.4928
                    Mean surrogate loss: -0.0116
                      Mean entropy loss: 40.3638
                     Mean symmetry loss: 0.0009
                   Mean l2c2_actor loss: 0.0030
                  Mean l2c2_critic loss: 0.0169
                            Mean reward: -1019.53
                    Mean episode length: 292.08
                        Mean action std: 0.97
                    Entropy coefficient: 0.002500
           Episode_Reward/torque_limits: -0.6541
    Episode_Reward/joint_tracking_error: -2.1039
           Episode_Reward/feet_yaw_mean: -0.5330
     Episode_Reward/completely_airborne: -7.6016
            Episode_Reward/joint_acc_l2: -0.0620
              Episode_Reward/not_moving: -1.7319
              Episode_Reward/relaxation: -4.6785
               Episode_Reward/flat_feet: -1.0187
         Episode_Reward/ground_unloaded: -0.3335
            Metrics/height/height_error: 0.1087
           Curriculum/polish_torso_slam: -5.0000
         Curriculum/polish_joint_vel_l2: -0.0010
        Episode_Reward/illegal_contacts: -0.1842
          Curriculum/polish_ground_slam: -1.0000
           Episode_Reward/feet_distance: -0.2593
        Episode_Reward/joint_torques_l2: -0.5019
           Episode_Reward/body_velocity: -9.7284
        Episode_Reward/joint_pos_limits: -0.0086
 Episode_Reward/joint_deviation_l1_arms: -0.3210
               Curriculum/adaptive_lift: 0.9779
           Episode_Reward/forward_pitch: -0.5387
             Episode_Reward/ground_slam: -3.5475
     Curriculum/polish_action_rate_rate: -0.1500
             Episode_Reward/action_rate: -21.7811
           Episode_Termination/time_out: 0.4282
       Episode_Reward/base_height_rough: 0.8650
         Episode_Reward/severely_tilted: -0.0453
              Episode_Reward/torso_slam: -4.3635
        Episode_Reward/joint_vel_limits: -0.0013
              Curriculum/terrain_levels: 0.0000
      Episode_Termination/invalid_state: 0.1029
  Episode_Reward/feet_distance_standing: -0.2108
      Episode_Reward/base_height_medium: 1.2762
           Curriculum/polish_not_moving: -1.0000
           Episode_Reward/torso_upright: -0.0239
      Episode_Reward/joint_deviation_l1: -0.4773
            Episode_Reward/joint_vel_l2: -0.7779
              Episode_Reward/torso_roll: -0.8497
           Episode_Reward/ankle_torques: -0.1063
        Curriculum/random_fallen_states: 0.0000
        Episode_Reward/action_rate_rate: -9.7423
              Episode_Reward/feet_slide: -0.3954
        Episode_Reward/base_height_fine: 2.0031
--------------------------------------------------------------------------------
                         Iteration time: 1.19s
                           Time elapsed: 0:00:19
                                    ETA: 0:02:17

################################################################################
[1m                           Learning iteration 15/120                            [0m 

                               Run name: height_tracking_g1
                            Total steps: 1572864 
                       Steps per second: 82422 
                        Collection time: 0.961s 
                          Learning time: 0.232s 
                        Mean value loss: 5.1619
                    Mean surrogate loss: -0.0113
                      Mean entropy loss: 40.2992
                     Mean symmetry loss: 0.0009
                   Mean l2c2_actor loss: 0.0031
                  Mean l2c2_critic loss: 0.0170
                            Mean reward: -1082.86
                    Mean episode length: 312.73
                        Mean action std: 0.97
                    Entropy coefficient: 0.002500
           Episode_Reward/torque_limits: -0.6944
    Episode_Reward/joint_tracking_error: -2.2679
           Episode_Reward/feet_yaw_mean: -0.5515
     Episode_Reward/completely_airborne: -8.0225
            Episode_Reward/joint_acc_l2: -0.0652
              Episode_Reward/not_moving: -2.1866
              Episode_Reward/relaxation: -4.0588
               Episode_Reward/flat_feet: -1.0791
         Episode_Reward/ground_unloaded: -0.3988
            Metrics/height/height_error: 0.1067
           Curriculum/polish_torso_slam: -5.0000
         Curriculum/polish_joint_vel_l2: -0.0010
        Episode_Reward/illegal_contacts: -0.1937
          Curriculum/polish_ground_slam: -1.0000
           Episode_Reward/feet_distance: -0.2773
        Episode_Reward/joint_torques_l2: -0.5313
           Episode_Reward/body_velocity: -10.8191
        Episode_Reward/joint_pos_limits: -0.0094
 Episode_Reward/joint_deviation_l1_arms: -0.3540
               Curriculum/adaptive_lift: 0.9779
           Episode_Reward/forward_pitch: -0.5703
             Episode_Reward/ground_slam: -4.1263
     Curriculum/polish_action_rate_rate: -0.1500
             Episode_Reward/action_rate: -23.4233
           Episode_Termination/time_out: 0.4549
       Episode_Reward/base_height_rough: 1.0051
         Episode_Reward/severely_tilted: -0.0495
              Episode_Reward/torso_slam: -4.8118
        Episode_Reward/joint_vel_limits: -0.0015
              Curriculum/terrain_levels: 0.0000
      Episode_Termination/invalid_state: 0.1090
  Episode_Reward/feet_distance_standing: -0.2353
      Episode_Reward/base_height_medium: 1.5346
           Curriculum/polish_not_moving: -1.0000
           Episode_Reward/torso_upright: -0.0253
      Episode_Reward/joint_deviation_l1: -0.5390
            Episode_Reward/joint_vel_l2: -0.8395
              Episode_Reward/torso_roll: -0.8956
           Episode_Reward/ankle_torques: -0.1110
        Curriculum/random_fallen_states: 0.0000
        Episode_Reward/action_rate_rate: -10.4769
              Episode_Reward/feet_slide: -0.4417
        Episode_Reward/base_height_fine: 2.4714
--------------------------------------------------------------------------------
                         Iteration time: 1.19s
                           Time elapsed: 0:00:20
                                    ETA: 0:02:15

################################################################################
[1m                           Learning iteration 16/120                            [0m 

                               Run name: height_tracking_g1
                            Total steps: 1671168 
                       Steps per second: 82803 
                        Collection time: 0.955s 
                          Learning time: 0.232s 
                        Mean value loss: 4.8196
                    Mean surrogate loss: -0.0109
                      Mean entropy loss: 40.2510
                     Mean symmetry loss: 0.0008
                   Mean l2c2_actor loss: 0.0032
                  Mean l2c2_critic loss: 0.0171
                            Mean reward: -1159.12
                    Mean episode length: 346.45
                        Mean action std: 0.97
                    Entropy coefficient: 0.002500
           Episode_Reward/torque_limits: -0.7322
    Episode_Reward/joint_tracking_error: -2.3983
           Episode_Reward/feet_yaw_mean: -0.5629
     Episode_Reward/completely_airborne: -8.9609
            Episode_Reward/joint_acc_l2: -0.0720
              Episode_Reward/not_moving: -2.0573
              Episode_Reward/relaxation: -5.4690
               Episode_Reward/flat_feet: -1.2382
         Episode_Reward/ground_unloaded: -0.3916
            Metrics/height/height_error: 0.1116
           Curriculum/polish_torso_slam: -5.0000
         Curriculum/polish_joint_vel_l2: -0.0010
        Episode_Reward/illegal_contacts: -0.2305
          Curriculum/polish_ground_slam: -1.0000
           Episode_Reward/feet_distance: -0.2986
        Episode_Reward/joint_torques_l2: -0.5888
           Episode_Reward/body_velocity: -10.3690
        Episode_Reward/joint_pos_limits: -0.0099
 Episode_Reward/joint_deviation_l1_arms: -0.3534
               Curriculum/adaptive_lift: 0.9779
           Episode_Reward/forward_pitch: -0.6681
             Episode_Reward/ground_slam: -3.9721
     Curriculum/polish_action_rate_rate: -0.1500
             Episode_Reward/action_rate: -25.9770
           Episode_Termination/time_out: 0.4786
       Episode_Reward/base_height_rough: 1.0277
         Episode_Reward/severely_tilted: -0.0458
              Episode_Reward/torso_slam: -4.6765
        Episode_Reward/joint_vel_limits: -0.0015
              Curriculum/terrain_levels: 0.0000
      Episode_Termination/invalid_state: 0.1134
  Episode_Reward/feet_distance_standing: -0.2361
      Episode_Reward/base_height_medium: 1.5105
           Curriculum/polish_not_moving: -1.0000
           Episode_Reward/torso_upright: -0.0248
      Episode_Reward/joint_deviation_l1: -0.5242
            Episode_Reward/joint_vel_l2: -0.8965
              Episode_Reward/torso_roll: -1.0172
           Episode_Reward/ankle_torques: -0.1287
        Curriculum/random_fallen_states: 0.0000
        Episode_Reward/action_rate_rate: -11.6213
              Episode_Reward/feet_slide: -0.4800
        Episode_Reward/base_height_fine: 2.3685
--------------------------------------------------------------------------------
                         Iteration time: 1.19s
                           Time elapsed: 0:00:22
                                    ETA: 0:02:13

################################################################################
[1m                           Learning iteration 17/120                            [0m 

                               Run name: height_tracking_g1
                            Total steps: 1769472 
                       Steps per second: 82889 
                        Collection time: 0.954s 
                          Learning time: 0.232s 
                        Mean value loss: 4.6160
                    Mean surrogate loss: -0.0111
                      Mean entropy loss: 40.2233
                     Mean symmetry loss: 0.0010
                   Mean l2c2_actor loss: 0.0032
                  Mean l2c2_critic loss: 0.0131
                            Mean reward: -1219.16
                    Mean episode length: 357.20
                        Mean action std: 0.97
                    Entropy coefficient: 0.002500
           Episode_Reward/torque_limits: -0.7847
    Episode_Reward/joint_tracking_error: -2.5556
           Episode_Reward/feet_yaw_mean: -0.6088
     Episode_Reward/completely_airborne: -9.6077
            Episode_Reward/joint_acc_l2: -0.0777
              Episode_Reward/not_moving: -2.7890
              Episode_Reward/relaxation: -4.1429
               Episode_Reward/flat_feet: -1.2089
         Episode_Reward/ground_unloaded: -0.4960
            Metrics/height/height_error: 0.1224
           Curriculum/polish_torso_slam: -5.0000
         Curriculum/polish_joint_vel_l2: -0.0010
        Episode_Reward/illegal_contacts: -0.2221
          Curriculum/polish_ground_slam: -1.0000
           Episode_Reward/feet_distance: -0.3183
        Episode_Reward/joint_torques_l2: -0.6256
           Episode_Reward/body_velocity: -11.5127
        Episode_Reward/joint_pos_limits: -0.0105
 Episode_Reward/joint_deviation_l1_arms: -0.4354
               Curriculum/adaptive_lift: 0.9779
           Episode_Reward/forward_pitch: -0.6297
             Episode_Reward/ground_slam: -4.3129
     Curriculum/polish_action_rate_rate: -0.1500
             Episode_Reward/action_rate: -27.2747
           Episode_Termination/time_out: 0.5028
       Episode_Reward/base_height_rough: 1.2236
         Episode_Reward/severely_tilted: -0.0508
              Episode_Reward/torso_slam: -5.3149
        Episode_Reward/joint_vel_limits: -0.0016
              Curriculum/terrain_levels: 0.0000
      Episode_Termination/invalid_state: 0.1173
  Episode_Reward/feet_distance_standing: -0.2982
      Episode_Reward/base_height_medium: 1.9320
           Curriculum/polish_not_moving: -1.0000
           Episode_Reward/torso_upright: -0.0427
      Episode_Reward/joint_deviation_l1: -0.7105
            Episode_Reward/joint_vel_l2: -0.9509
              Episode_Reward/torso_roll: -1.0102
           Episode_Reward/ankle_torques: -0.1273
        Curriculum/random_fallen_states: 0.0000
        Episode_Reward/action_rate_rate: -12.2097
              Episode_Reward/feet_slide: -0.5096
        Episode_Reward/base_height_fine: 3.1837
--------------------------------------------------------------------------------
                         Iteration time: 1.19s
                           Time elapsed: 0:00:23
                                    ETA: 0:02:11

################################################################################
[1m                           Learning iteration 18/120                            [0m 

                               Run name: height_tracking_g1
                            Total steps: 1867776 
                       Steps per second: 82734 
                        Collection time: 0.955s 
                          Learning time: 0.233s 
                        Mean value loss: 4.3944
                    Mean surrogate loss: -0.0116
                      Mean entropy loss: 40.1772
                     Mean symmetry loss: 0.0011
                   Mean l2c2_actor loss: 0.0033
                  Mean l2c2_critic loss: 0.0131
                            Mean reward: -1327.92
                    Mean episode length: 394.34
                        Mean action std: 0.97
                    Entropy coefficient: 0.002500
           Episode_Reward/torque_limits: -0.8480
    Episode_Reward/joint_tracking_error: -2.7755
           Episode_Reward/feet_yaw_mean: -0.6772
     Episode_Reward/completely_airborne: -10.0513
            Episode_Reward/joint_acc_l2: -0.0821
              Episode_Reward/not_moving: -2.6466
              Episode_Reward/relaxation: -5.7557
               Episode_Reward/flat_feet: -1.3790
         Episode_Reward/ground_unloaded: -0.4671
            Metrics/height/height_error: 0.1245
           Curriculum/polish_torso_slam: -5.0000
         Curriculum/polish_joint_vel_l2: -0.0010
        Episode_Reward/illegal_contacts: -0.2637
          Curriculum/polish_ground_slam: -1.0000
           Episode_Reward/feet_distance: -0.3605
        Episode_Reward/joint_torques_l2: -0.6684
           Episode_Reward/body_velocity: -12.0862
        Episode_Reward/joint_pos_limits: -0.0114
 Episode_Reward/joint_deviation_l1_arms: -0.4039
               Curriculum/adaptive_lift: 0.9779
           Episode_Reward/forward_pitch: -0.7582
             Episode_Reward/ground_slam: -4.4170
     Curriculum/polish_action_rate_rate: -0.1500
             Episode_Reward/action_rate: -29.1557
           Episode_Termination/time_out: 0.5229
       Episode_Reward/base_height_rough: 1.2087
         Episode_Reward/severely_tilted: -0.0477
              Episode_Reward/torso_slam: -5.5812
        Episode_Reward/joint_vel_limits: -0.0018
              Curriculum/terrain_levels: 0.0000
      Episode_Termination/invalid_state: 0.1208
  Episode_Reward/feet_distance_standing: -0.2825
      Episode_Reward/base_height_medium: 1.8414
           Curriculum/polish_not_moving: -1.0000
           Episode_Reward/torso_upright: -0.0314
      Episode_Reward/joint_deviation_l1: -0.6127
            Episode_Reward/joint_vel_l2: -1.0356
              Episode_Reward/torso_roll: -1.1591
           Episode_Reward/ankle_torques: -0.1507
        Curriculum/random_fallen_states: 0.0000
        Episode_Reward/action_rate_rate: -13.0582
              Episode_Reward/feet_slide: -0.5340
        Episode_Reward/base_height_fine: 2.9793
--------------------------------------------------------------------------------
                         Iteration time: 1.19s
                           Time elapsed: 0:00:24
                                    ETA: 0:02:09

################################################################################
[1m                           Learning iteration 19/120                            [0m 

                               Run name: height_tracking_g1
                            Total steps: 1966080 
                       Steps per second: 82604 
                        Collection time: 0.958s 
                          Learning time: 0.232s 
                        Mean value loss: 4.2404
                    Mean surrogate loss: -0.0112
                      Mean entropy loss: 40.0949
                     Mean symmetry loss: 0.0011
                   Mean l2c2_actor loss: 0.0034
                  Mean l2c2_critic loss: 0.0152
                            Mean reward: -1457.67
                    Mean episode length: 433.44
                        Mean action std: 0.97
                    Entropy coefficient: 0.002500
           Episode_Reward/torque_limits: -0.8988
    Episode_Reward/joint_tracking_error: -2.9230
           Episode_Reward/feet_yaw_mean: -0.6970
     Episode_Reward/completely_airborne: -10.3944
            Episode_Reward/joint_acc_l2: -0.0891
              Episode_Reward/not_moving: -2.4134
              Episode_Reward/relaxation: -6.7715
               Episode_Reward/flat_feet: -1.4833
         Episode_Reward/ground_unloaded: -0.4647
            Metrics/height/height_error: 0.1237
           Curriculum/polish_torso_slam: -5.0000
         Curriculum/polish_joint_vel_l2: -0.0010
        Episode_Reward/illegal_contacts: -0.2857
          Curriculum/polish_ground_slam: -1.0000
           Episode_Reward/feet_distance: -0.3589
        Episode_Reward/joint_torques_l2: -0.7219
           Episode_Reward/body_velocity: -12.7998
        Episode_Reward/joint_pos_limits: -0.0121
 Episode_Reward/joint_deviation_l1_arms: -0.4357
               Curriculum/adaptive_lift: 0.9779
           Episode_Reward/forward_pitch: -0.7988
             Episode_Reward/ground_slam: -4.7862
     Curriculum/polish_action_rate_rate: -0.1500
             Episode_Reward/action_rate: -31.2504
           Episode_Termination/time_out: 0.5448
       Episode_Reward/base_height_rough: 1.2360
         Episode_Reward/severely_tilted: -0.0557
              Episode_Reward/torso_slam: -5.9659
        Episode_Reward/joint_vel_limits: -0.0018
              Curriculum/terrain_levels: 0.0000
      Episode_Termination/invalid_state: 0.1245
  Episode_Reward/feet_distance_standing: -0.2995
      Episode_Reward/base_height_medium: 1.8375
           Curriculum/polish_not_moving: -1.0000
           Episode_Reward/torso_upright: -0.0338
      Episode_Reward/joint_deviation_l1: -0.6462
            Episode_Reward/joint_vel_l2: -1.0774
              Episode_Reward/torso_roll: -1.2087
           Episode_Reward/ankle_torques: -0.1569
        Curriculum/random_fallen_states: 0.0000
        Episode_Reward/action_rate_rate: -13.9754
              Episode_Reward/feet_slide: -0.5850
        Episode_Reward/base_height_fine: 2.9050
--------------------------------------------------------------------------------
                         Iteration time: 1.19s
                           Time elapsed: 0:00:25
                                    ETA: 0:02:08

################################################################################
[1m                           Learning iteration 20/120                            [0m 

                               Run name: height_tracking_g1
                            Total steps: 2064384 
                       Steps per second: 82592 
                        Collection time: 0.958s 
                          Learning time: 0.232s 
                        Mean value loss: 4.2492
                    Mean surrogate loss: -0.0098
                      Mean entropy loss: 40.0596
                     Mean symmetry loss: 0.0011
                   Mean l2c2_actor loss: 0.0034
                  Mean l2c2_critic loss: 0.0159
                            Mean reward: -1439.03
                    Mean episode length: 410.81
                        Mean action std: 0.96
                    Entropy coefficient: 0.002500
           Episode_Reward/torque_limits: -0.8913
    Episode_Reward/joint_tracking_error: -2.9347
           Episode_Reward/feet_yaw_mean: -0.7236
     Episode_Reward/completely_airborne: -10.3757
            Episode_Reward/joint_acc_l2: -0.0871
              Episode_Reward/not_moving: -2.6428
              Episode_Reward/relaxation: -5.3294
               Episode_Reward/flat_feet: -1.4322
         Episode_Reward/ground_unloaded: -0.5256
            Metrics/height/height_error: 0.1337
           Curriculum/polish_torso_slam: -5.0000
         Curriculum/polish_joint_vel_l2: -0.0010
        Episode_Reward/illegal_contacts: -0.2820
          Curriculum/polish_ground_slam: -1.0000
           Episode_Reward/feet_distance: -0.3714
        Episode_Reward/joint_torques_l2: -0.7082
           Episode_Reward/body_velocity: -13.9756
        Episode_Reward/joint_pos_limits: -0.0122
 Episode_Reward/joint_deviation_l1_arms: -0.4586
               Curriculum/adaptive_lift: 0.9779
           Episode_Reward/forward_pitch: -0.7711
             Episode_Reward/ground_slam: -4.9770
     Curriculum/polish_action_rate_rate: -0.1500
             Episode_Reward/action_rate: -29.9131
           Episode_Termination/time_out: 0.5666
       Episode_Reward/base_height_rough: 1.2713
         Episode_Reward/severely_tilted: -0.0655
              Episode_Reward/torso_slam: -6.5077
        Episode_Reward/joint_vel_limits: -0.0019
              Curriculum/terrain_levels: 0.0000
      Episode_Termination/invalid_state: 0.1287
  Episode_Reward/feet_distance_standing: -0.3040
      Episode_Reward/base_height_medium: 1.9142
           Curriculum/polish_not_moving: -1.0000
           Episode_Reward/torso_upright: -0.0335
      Episode_Reward/joint_deviation_l1: -0.6822
            Episode_Reward/joint_vel_l2: -1.0771
              Episode_Reward/torso_roll: -1.1847
           Episode_Reward/ankle_torques: -0.1520
        Curriculum/random_fallen_states: 0.0000
        Episode_Reward/action_rate_rate: -13.3833
              Episode_Reward/feet_slide: -0.5530
        Episode_Reward/base_height_fine: 3.0365
--------------------------------------------------------------------------------
                         Iteration time: 1.19s
                           Time elapsed: 0:00:26
                                    ETA: 0:02:06

################################################################################
[1m                           Learning iteration 21/120                            [0m 

                               Run name: height_tracking_g1
                            Total steps: 2162688 
                       Steps per second: 82632 
                        Collection time: 0.957s 
                          Learning time: 0.233s 
                        Mean value loss: 4.1027
                    Mean surrogate loss: -0.0096
                      Mean entropy loss: 40.0203
                     Mean symmetry loss: 0.0012
                   Mean l2c2_actor loss: 0.0034
                  Mean l2c2_critic loss: 0.0185
                            Mean reward: -1454.11
                    Mean episode length: 437.37
                        Mean action std: 0.96
                    Entropy coefficient: 0.002500
           Episode_Reward/torque_limits: -0.9340
    Episode_Reward/joint_tracking_error: -3.0334
           Episode_Reward/feet_yaw_mean: -0.7112
     Episode_Reward/completely_airborne: -11.2074
            Episode_Reward/joint_acc_l2: -0.0932
              Episode_Reward/not_moving: -2.9833
              Episode_Reward/relaxation: -6.4269
               Episode_Reward/flat_feet: -1.5483
         Episode_Reward/ground_unloaded: -0.5335
            Metrics/height/height_error: 0.1262
           Curriculum/polish_torso_slam: -5.0000
         Curriculum/polish_joint_vel_l2: -0.0010
        Episode_Reward/illegal_contacts: -0.2864
          Curriculum/polish_ground_slam: -1.0000
           Episode_Reward/feet_distance: -0.3594
        Episode_Reward/joint_torques_l2: -0.7599
           Episode_Reward/body_velocity: -13.1581
        Episode_Reward/joint_pos_limits: -0.0125
 Episode_Reward/joint_deviation_l1_arms: -0.4564
               Curriculum/adaptive_lift: 0.9779
           Episode_Reward/forward_pitch: -0.8241
             Episode_Reward/ground_slam: -5.0881
     Curriculum/polish_action_rate_rate: -0.1500
             Episode_Reward/action_rate: -32.7707
           Episode_Termination/time_out: 0.5907
       Episode_Reward/base_height_rough: 1.3943
         Episode_Reward/severely_tilted: -0.0536
              Episode_Reward/torso_slam: -6.1303
        Episode_Reward/joint_vel_limits: -0.0019
              Curriculum/terrain_levels: 0.0000
      Episode_Termination/invalid_state: 0.1337
  Episode_Reward/feet_distance_standing: -0.2871
      Episode_Reward/base_height_medium: 2.1393
           Curriculum/polish_not_moving: -1.0000
           Episode_Reward/torso_upright: -0.0391
      Episode_Reward/joint_deviation_l1: -0.7050
            Episode_Reward/joint_vel_l2: -1.1233
              Episode_Reward/torso_roll: -1.2629
           Episode_Reward/ankle_torques: -0.1496
        Curriculum/random_fallen_states: 0.0000
        Episode_Reward/action_rate_rate: -14.6584
              Episode_Reward/feet_slide: -0.5979
        Episode_Reward/base_height_fine: 3.4685
--------------------------------------------------------------------------------
                         Iteration time: 1.19s
                           Time elapsed: 0:00:28
                                    ETA: 0:02:04

################################################################################
[1m                           Learning iteration 22/120                            [0m 

                               Run name: height_tracking_g1
                            Total steps: 2260992 
                       Steps per second: 82579 
                        Collection time: 0.958s 
                          Learning time: 0.232s 
                        Mean value loss: 3.8252
                    Mean surrogate loss: -0.0095
                      Mean entropy loss: 39.9750
                     Mean symmetry loss: 0.0013
                   Mean l2c2_actor loss: 0.0035
                  Mean l2c2_critic loss: 0.0175
                            Mean reward: -1534.15
                    Mean episode length: 464.68
                        Mean action std: 0.96
                    Entropy coefficient: 0.002500
           Episode_Reward/torque_limits: -0.9851
    Episode_Reward/joint_tracking_error: -3.2396
           Episode_Reward/feet_yaw_mean: -0.7375
     Episode_Reward/completely_airborne: -12.1568
            Episode_Reward/joint_acc_l2: -0.0989
              Episode_Reward/not_moving: -3.2003
              Episode_Reward/relaxation: -7.0226
               Episode_Reward/flat_feet: -1.6234
         Episode_Reward/ground_unloaded: -0.5629
            Metrics/height/height_error: 0.1211
           Curriculum/polish_torso_slam: -5.0000
         Curriculum/polish_joint_vel_l2: -0.0010
        Episode_Reward/illegal_contacts: -0.3072
          Curriculum/polish_ground_slam: -1.0000
           Episode_Reward/feet_distance: -0.4016
        Episode_Reward/joint_torques_l2: -0.8034
           Episode_Reward/body_velocity: -13.3921
        Episode_Reward/joint_pos_limits: -0.0131
 Episode_Reward/joint_deviation_l1_arms: -0.5123
               Curriculum/adaptive_lift: 0.9779
           Episode_Reward/forward_pitch: -0.8748
             Episode_Reward/ground_slam: -4.7934
     Curriculum/polish_action_rate_rate: -0.1500
             Episode_Reward/action_rate: -34.9959
           Episode_Termination/time_out: 0.6214
       Episode_Reward/base_height_rough: 1.4568
         Episode_Reward/severely_tilted: -0.0614
              Episode_Reward/torso_slam: -6.3963
        Episode_Reward/joint_vel_limits: -0.0020
              Curriculum/terrain_levels: 0.0000
      Episode_Termination/invalid_state: 0.1382
  Episode_Reward/feet_distance_standing: -0.3212
      Episode_Reward/base_height_medium: 2.2356
           Curriculum/polish_not_moving: -1.0000
           Episode_Reward/torso_upright: -0.0475
      Episode_Reward/joint_deviation_l1: -0.7997
            Episode_Reward/joint_vel_l2: -1.2042
              Episode_Reward/torso_roll: -1.3496
           Episode_Reward/ankle_torques: -0.1769
        Curriculum/random_fallen_states: 0.0000
        Episode_Reward/action_rate_rate: -15.6439
              Episode_Reward/feet_slide: -0.6298
        Episode_Reward/base_height_fine: 3.6509
--------------------------------------------------------------------------------
                         Iteration time: 1.19s
                           Time elapsed: 0:00:29
                                    ETA: 0:02:03

nefc overflow - please increase njmax to 330
################################################################################
[1m                           Learning iteration 23/120                            [0m 

                               Run name: height_tracking_g1
                            Total steps: 2359296 
                       Steps per second: 82617 
                        Collection time: 0.957s 
                          Learning time: 0.233s 
                        Mean value loss: 3.8326
                    Mean surrogate loss: -0.0101
                      Mean entropy loss: 39.9234
                     Mean symmetry loss: 0.0013
                   Mean l2c2_actor loss: 0.0036
                  Mean l2c2_critic loss: 0.0159
                            Mean reward: -1536.58
                    Mean episode length: 466.43
                        Mean action std: 0.96
                    Entropy coefficient: 0.002500
           Episode_Reward/torque_limits: -0.9986
    Episode_Reward/joint_tracking_error: -3.2211
           Episode_Reward/feet_yaw_mean: -0.7503
     Episode_Reward/completely_airborne: -12.5238
            Episode_Reward/joint_acc_l2: -0.1028
              Episode_Reward/not_moving: -3.1819
              Episode_Reward/relaxation: -6.7859
               Episode_Reward/flat_feet: -1.6912
         Episode_Reward/ground_unloaded: -0.5918
            Metrics/height/height_error: 0.1319
           Curriculum/polish_torso_slam: -5.0000
         Curriculum/polish_joint_vel_l2: -0.0010
        Episode_Reward/illegal_contacts: -0.3130
          Curriculum/polish_ground_slam: -1.0000
           Episode_Reward/feet_distance: -0.3940
        Episode_Reward/joint_torques_l2: -0.8348
           Episode_Reward/body_velocity: -13.4415
        Episode_Reward/joint_pos_limits: -0.0132
 Episode_Reward/joint_deviation_l1_arms: -0.4842
               Curriculum/adaptive_lift: 0.9779
           Episode_Reward/forward_pitch: -0.8846
             Episode_Reward/ground_slam: -5.0316
     Curriculum/polish_action_rate_rate: -0.1500
             Episode_Reward/action_rate: -35.7749
           Episode_Termination/time_out: 0.6459
       Episode_Reward/base_height_rough: 1.5519
         Episode_Reward/severely_tilted: -0.0522
              Episode_Reward/torso_slam: -6.4158
        Episode_Reward/joint_vel_limits: -0.0019
              Curriculum/terrain_levels: 0.0000
      Episode_Termination/invalid_state: 0.1426
  Episode_Reward/feet_distance_standing: -0.3151
      Episode_Reward/base_height_medium: 2.3721
           Curriculum/polish_not_moving: -1.0000
           Episode_Reward/torso_upright: -0.0395
      Episode_Reward/joint_deviation_l1: -0.7624
            Episode_Reward/joint_vel_l2: -1.1973
              Episode_Reward/torso_roll: -1.3875
           Episode_Reward/ankle_torques: -0.1662
        Curriculum/random_fallen_states: 0.0000
        Episode_Reward/action_rate_rate: -15.9922
              Episode_Reward/feet_slide: -0.6518
        Episode_Reward/base_height_fine: 3.8131
--------------------------------------------------------------------------------
                         Iteration time: 1.19s
                           Time elapsed: 0:00:30
                                    ETA: 0:02:01

################################################################################
[1m                           Learning iteration 24/120                            [0m 

                               Run name: height_tracking_g1
                            Total steps: 2457600 
                       Steps per second: 83144 
                        Collection time: 0.950s 
                          Learning time: 0.233s 
                        Mean value loss: 3.5636
                    Mean surrogate loss: -0.0092
                      Mean entropy loss: 39.8769
                     Mean symmetry loss: 0.0013
                   Mean l2c2_actor loss: 0.0036
                  Mean l2c2_critic loss: 0.0129
                            Mean reward: -1727.57
                    Mean episode length: 528.36
                        Mean action std: 0.96
                    Entropy coefficient: 0.002500
           Episode_Reward/torque_limits: -1.0059
    Episode_Reward/joint_tracking_error: -3.3151
           Episode_Reward/feet_yaw_mean: -0.7816
     Episode_Reward/completely_airborne: -12.8979
            Episode_Reward/joint_acc_l2: -0.1004
              Episode_Reward/not_moving: -3.6356
              Episode_Reward/relaxation: -6.5369
               Episode_Reward/flat_feet: -1.6589
         Episode_Reward/ground_unloaded: -0.6082
            Metrics/height/height_error: 0.1231
           Curriculum/polish_torso_slam: -5.0000
         Curriculum/polish_joint_vel_l2: -0.0010
        Episode_Reward/illegal_contacts: -0.3040
          Curriculum/polish_ground_slam: -1.0000
           Episode_Reward/feet_distance: -0.4092
        Episode_Reward/joint_torques_l2: -0.8180
           Episode_Reward/body_velocity: -14.3506
        Episode_Reward/joint_pos_limits: -0.0137
 Episode_Reward/joint_deviation_l1_arms: -0.5377
               Curriculum/adaptive_lift: 0.9779
           Episode_Reward/forward_pitch: -0.8879
             Episode_Reward/ground_slam: -5.1912
     Curriculum/polish_action_rate_rate: -0.1500
             Episode_Reward/action_rate: -36.2146
           Episode_Termination/time_out: 0.6677
       Episode_Reward/base_height_rough: 1.5848
         Episode_Reward/severely_tilted: -0.0608
              Episode_Reward/torso_slam: -6.7494
        Episode_Reward/joint_vel_limits: -0.0021
              Curriculum/terrain_levels: 0.0000
      Episode_Termination/invalid_state: 0.1463
  Episode_Reward/feet_distance_standing: -0.3365
      Episode_Reward/base_height_medium: 2.4744
           Curriculum/polish_not_moving: -1.0000
           Episode_Reward/torso_upright: -0.0582
      Episode_Reward/joint_deviation_l1: -0.8602
            Episode_Reward/joint_vel_l2: -1.2554
              Episode_Reward/torso_roll: -1.3766
           Episode_Reward/ankle_torques: -0.1783
        Curriculum/random_fallen_states: 0.0000
        Episode_Reward/action_rate_rate: -16.1780
              Episode_Reward/feet_slide: -0.6713
        Episode_Reward/base_height_fine: 4.0870
--------------------------------------------------------------------------------
                         Iteration time: 1.18s
                           Time elapsed: 0:00:31
                                    ETA: 0:02:00

################################################################################
[1m                           Learning iteration 25/120                            [0m 

                               Run name: height_tracking_g1
                            Total steps: 2555904 
                       Steps per second: 81462 
                        Collection time: 0.974s 
                          Learning time: 0.233s 
                        Mean value loss: 3.2799
                    Mean surrogate loss: -0.0086
                      Mean entropy loss: 39.8397
                     Mean symmetry loss: 0.0013
                   Mean l2c2_actor loss: 0.0036
                  Mean l2c2_critic loss: 0.0161
                            Mean reward: -1682.17
                    Mean episode length: 515.09
                        Mean action std: 0.96
                    Entropy coefficient: 0.002500
           Episode_Reward/torque_limits: -1.0365
    Episode_Reward/joint_tracking_error: -3.4871
           Episode_Reward/feet_yaw_mean: -0.8684
     Episode_Reward/completely_airborne: -13.0093
            Episode_Reward/joint_acc_l2: -0.1026
              Episode_Reward/not_moving: -3.5509
              Episode_Reward/relaxation: -6.1440
               Episode_Reward/flat_feet: -1.8064
         Episode_Reward/ground_unloaded: -0.6711
            Metrics/height/height_error: 0.1376
           Curriculum/polish_torso_slam: -5.0000
         Curriculum/polish_joint_vel_l2: -0.0010
        Episode_Reward/illegal_contacts: -0.3225
          Curriculum/polish_ground_slam: -1.0000
           Episode_Reward/feet_distance: -0.4419
        Episode_Reward/joint_torques_l2: -0.8434
           Episode_Reward/body_velocity: -15.1670
        Episode_Reward/joint_pos_limits: -0.0145
 Episode_Reward/joint_deviation_l1_arms: -0.5410
               Curriculum/adaptive_lift: 0.9779
           Episode_Reward/forward_pitch: -0.9061
             Episode_Reward/ground_slam: -5.5118
     Curriculum/polish_action_rate_rate: -0.1500
             Episode_Reward/action_rate: -37.5856
           Episode_Termination/time_out: 0.6915
       Episode_Reward/base_height_rough: 1.6858
         Episode_Reward/severely_tilted: -0.0658
              Episode_Reward/torso_slam: -7.1151
        Episode_Reward/joint_vel_limits: -0.0022
              Curriculum/terrain_levels: 0.0000
      Episode_Termination/invalid_state: 0.1498
  Episode_Reward/feet_distance_standing: -0.3659
      Episode_Reward/base_height_medium: 2.6008
           Curriculum/polish_not_moving: -1.0000
           Episode_Reward/torso_upright: -0.0491
      Episode_Reward/joint_deviation_l1: -0.8293
            Episode_Reward/joint_vel_l2: -1.3151
              Episode_Reward/torso_roll: -1.4480
           Episode_Reward/ankle_torques: -0.1908
        Curriculum/random_fallen_states: 0.0000
        Episode_Reward/action_rate_rate: -16.7919
              Episode_Reward/feet_slide: -0.7059
        Episode_Reward/base_height_fine: 4.1783
--------------------------------------------------------------------------------
                         Iteration time: 1.21s
                           Time elapsed: 0:00:32
                                    ETA: 0:01:58

################################################################################
[1m                           Learning iteration 26/120                            [0m 

                               Run name: height_tracking_g1
                            Total steps: 2654208 
                       Steps per second: 82431 
                        Collection time: 0.960s 
                          Learning time: 0.232s 
                        Mean value loss: 3.2608
                    Mean surrogate loss: -0.0090
                      Mean entropy loss: 39.8064
                     Mean symmetry loss: 0.0015
                   Mean l2c2_actor loss: 0.0037
                  Mean l2c2_critic loss: 0.0163
                            Mean reward: -1820.73
                    Mean episode length: 555.10
                        Mean action std: 0.96
                    Entropy coefficient: 0.002500
           Episode_Reward/torque_limits: -1.1200
    Episode_Reward/joint_tracking_error: -3.6427
           Episode_Reward/feet_yaw_mean: -0.9013
     Episode_Reward/completely_airborne: -13.9116
            Episode_Reward/joint_acc_l2: -0.1148
              Episode_Reward/not_moving: -3.7993
              Episode_Reward/relaxation: -7.2531
               Episode_Reward/flat_feet: -1.8487
         Episode_Reward/ground_unloaded: -0.6766
            Metrics/height/height_error: 0.1316
           Curriculum/polish_torso_slam: -5.0000
         Curriculum/polish_joint_vel_l2: -0.0010
        Episode_Reward/illegal_contacts: -0.3331
          Curriculum/polish_ground_slam: -1.0000
           Episode_Reward/feet_distance: -0.4503
        Episode_Reward/joint_torques_l2: -0.9376
           Episode_Reward/body_velocity: -15.4223
        Episode_Reward/joint_pos_limits: -0.0153
 Episode_Reward/joint_deviation_l1_arms: -0.5853
               Curriculum/adaptive_lift: 0.9779
           Episode_Reward/forward_pitch: -0.9698
             Episode_Reward/ground_slam: -5.6624
     Curriculum/polish_action_rate_rate: -0.1500
             Episode_Reward/action_rate: -39.4942
           Episode_Termination/time_out: 0.7162
       Episode_Reward/base_height_rough: 1.7634
         Episode_Reward/severely_tilted: -0.0727
              Episode_Reward/torso_slam: -7.2288
        Episode_Reward/joint_vel_limits: -0.0022
              Curriculum/terrain_levels: 0.0000
      Episode_Termination/invalid_state: 0.1534
  Episode_Reward/feet_distance_standing: -0.3790
      Episode_Reward/base_height_medium: 2.7340
           Curriculum/polish_not_moving: -1.0000
           Episode_Reward/torso_upright: -0.0531
      Episode_Reward/joint_deviation_l1: -0.9120
            Episode_Reward/joint_vel_l2: -1.3566
              Episode_Reward/torso_roll: -1.5215
           Episode_Reward/ankle_torques: -0.1906
        Curriculum/random_fallen_states: 0.0000
        Episode_Reward/action_rate_rate: -17.6329
              Episode_Reward/feet_slide: -0.7405
        Episode_Reward/base_height_fine: 4.4422
--------------------------------------------------------------------------------
                         Iteration time: 1.19s
                           Time elapsed: 0:00:33
                                    ETA: 0:01:57

################################################################################
[1m                           Learning iteration 27/120                            [0m 

                               Run name: height_tracking_g1
                            Total steps: 2752512 
                       Steps per second: 82720 
                        Collection time: 0.956s 
                          Learning time: 0.233s 
                        Mean value loss: 2.9712
                    Mean surrogate loss: -0.0083
                      Mean entropy loss: 39.7564
                     Mean symmetry loss: 0.0015
                   Mean l2c2_actor loss: 0.0038
                  Mean l2c2_critic loss: 0.0142
                            Mean reward: -1919.41
                    Mean episode length: 592.53
                        Mean action std: 0.95
                    Entropy coefficient: 0.002500
           Episode_Reward/torque_limits: -1.2337
    Episode_Reward/joint_tracking_error: -3.9423
           Episode_Reward/feet_yaw_mean: -0.8972
     Episode_Reward/completely_airborne: -14.9640
            Episode_Reward/joint_acc_l2: -0.1210
              Episode_Reward/not_moving: -3.7179
              Episode_Reward/relaxation: -9.2188
               Episode_Reward/flat_feet: -2.0825
         Episode_Reward/ground_unloaded: -0.6749
            Metrics/height/height_error: 0.1362
           Curriculum/polish_torso_slam: -5.0000
         Curriculum/polish_joint_vel_l2: -0.0010
        Episode_Reward/illegal_contacts: -0.3846
          Curriculum/polish_ground_slam: -1.0000
           Episode_Reward/feet_distance: -0.4919
        Episode_Reward/joint_torques_l2: -1.0089
           Episode_Reward/body_velocity: -15.2315
        Episode_Reward/joint_pos_limits: -0.0160
 Episode_Reward/joint_deviation_l1_arms: -0.5688
               Curriculum/adaptive_lift: 0.9779
           Episode_Reward/forward_pitch: -1.0712
             Episode_Reward/ground_slam: -5.6940
     Curriculum/polish_action_rate_rate: -0.1500
             Episode_Reward/action_rate: -43.4726
           Episode_Termination/time_out: 0.7416
       Episode_Reward/base_height_rough: 1.7701
         Episode_Reward/severely_tilted: -0.0670
              Episode_Reward/torso_slam: -7.5281
        Episode_Reward/joint_vel_limits: -0.0023
              Curriculum/terrain_levels: 0.0000
      Episode_Termination/invalid_state: 0.1564
  Episode_Reward/feet_distance_standing: -0.3679
      Episode_Reward/base_height_medium: 2.6878
           Curriculum/polish_not_moving: -1.0000
           Episode_Reward/torso_upright: -0.0526
      Episode_Reward/joint_deviation_l1: -0.8885
            Episode_Reward/joint_vel_l2: -1.4526
              Episode_Reward/torso_roll: -1.7086
           Episode_Reward/ankle_torques: -0.2073
        Curriculum/random_fallen_states: 0.0000
        Episode_Reward/action_rate_rate: -19.4349
              Episode_Reward/feet_slide: -0.7838
        Episode_Reward/base_height_fine: 4.3559
--------------------------------------------------------------------------------
                         Iteration time: 1.19s
                           Time elapsed: 0:00:35
                                    ETA: 0:01:55

################################################################################
[1m                           Learning iteration 28/120                            [0m 

                               Run name: height_tracking_g1
                            Total steps: 2850816 
                       Steps per second: 82501 
                        Collection time: 0.959s 
                          Learning time: 0.233s 
                        Mean value loss: 2.8154
                    Mean surrogate loss: -0.0074
                      Mean entropy loss: 39.6798
                     Mean symmetry loss: 0.0014
                   Mean l2c2_actor loss: 0.0039
                  Mean l2c2_critic loss: 0.0116
                            Mean reward: -1944.06
                    Mean episode length: 601.08
                        Mean action std: 0.95
                    Entropy coefficient: 0.002500
           Episode_Reward/torque_limits: -1.2221
    Episode_Reward/joint_tracking_error: -4.0082
           Episode_Reward/feet_yaw_mean: -1.0116
     Episode_Reward/completely_airborne: -15.1378
            Episode_Reward/joint_acc_l2: -0.1204
              Episode_Reward/not_moving: -4.1276
              Episode_Reward/relaxation: -7.6852
               Episode_Reward/flat_feet: -2.0493
         Episode_Reward/ground_unloaded: -0.7331
            Metrics/height/height_error: 0.1392
           Curriculum/polish_torso_slam: -5.0000
         Curriculum/polish_joint_vel_l2: -0.0010
        Episode_Reward/illegal_contacts: -0.3807
          Curriculum/polish_ground_slam: -1.0000
           Episode_Reward/feet_distance: -0.5137
        Episode_Reward/joint_torques_l2: -0.9924
           Episode_Reward/body_velocity: -16.8023
        Episode_Reward/joint_pos_limits: -0.0167
 Episode_Reward/joint_deviation_l1_arms: -0.6056
               Curriculum/adaptive_lift: 0.9779
           Episode_Reward/forward_pitch: -1.0980
             Episode_Reward/ground_slam: -6.0427
     Curriculum/polish_action_rate_rate: -0.1500
             Episode_Reward/action_rate: -43.1379
           Episode_Termination/time_out: 0.7648
       Episode_Reward/base_height_rough: 1.9219
         Episode_Reward/severely_tilted: -0.0752
              Episode_Reward/torso_slam: -8.0749
        Episode_Reward/joint_vel_limits: -0.0024
              Curriculum/terrain_levels: 0.0000
      Episode_Termination/invalid_state: 0.1594
  Episode_Reward/feet_distance_standing: -0.4183
      Episode_Reward/base_height_medium: 2.9627
           Curriculum/polish_not_moving: -1.0000
           Episode_Reward/torso_upright: -0.0551
      Episode_Reward/joint_deviation_l1: -0.9168
            Episode_Reward/joint_vel_l2: -1.4906
              Episode_Reward/torso_roll: -1.6903
           Episode_Reward/ankle_torques: -0.1954
        Curriculum/random_fallen_states: 0.0000
        Episode_Reward/action_rate_rate: -19.2749
              Episode_Reward/feet_slide: -0.7965
        Episode_Reward/base_height_fine: 4.8168
--------------------------------------------------------------------------------
                         Iteration time: 1.19s
                           Time elapsed: 0:00:36
                                    ETA: 0:01:54

################################################################################
[1m                           Learning iteration 29/120                            [0m 

                               Run name: height_tracking_g1
                            Total steps: 2949120 
                       Steps per second: 82585 
                        Collection time: 0.957s 
                          Learning time: 0.233s 
                        Mean value loss: 2.7142
                    Mean surrogate loss: -0.0097
                      Mean entropy loss: 39.6231
                     Mean symmetry loss: 0.0014
                   Mean l2c2_actor loss: 0.0040
                  Mean l2c2_critic loss: 0.0137
                            Mean reward: -2060.28
                    Mean episode length: 638.50
                        Mean action std: 0.95
                    Entropy coefficient: 0.002500
           Episode_Reward/torque_limits: -1.2873
    Episode_Reward/joint_tracking_error: -4.2041
           Episode_Reward/feet_yaw_mean: -1.0232
     Episode_Reward/completely_airborne: -16.1787
            Episode_Reward/joint_acc_l2: -0.1235
              Episode_Reward/not_moving: -4.5615
              Episode_Reward/relaxation: -7.9072
               Episode_Reward/flat_feet: -2.1670
         Episode_Reward/ground_unloaded: -0.7811
            Metrics/height/height_error: 0.1405
           Curriculum/polish_torso_slam: -5.0000
         Curriculum/polish_joint_vel_l2: -0.0010
        Episode_Reward/illegal_contacts: -0.4025
          Curriculum/polish_ground_slam: -1.0000
           Episode_Reward/feet_distance: -0.5113
        Episode_Reward/joint_torques_l2: -1.0351
           Episode_Reward/body_velocity: -17.2355
        Episode_Reward/joint_pos_limits: -0.0175
 Episode_Reward/joint_deviation_l1_arms: -0.6615
               Curriculum/adaptive_lift: 0.9779
           Episode_Reward/forward_pitch: -1.1753
             Episode_Reward/ground_slam: -6.7658
     Curriculum/polish_action_rate_rate: -0.1500
             Episode_Reward/action_rate: -45.7983
           Episode_Termination/time_out: 0.7882
       Episode_Reward/base_height_rough: 2.0369
         Episode_Reward/severely_tilted: -0.0701
              Episode_Reward/torso_slam: -9.4043
        Episode_Reward/joint_vel_limits: -0.0025
              Curriculum/terrain_levels: 0.0000
      Episode_Termination/invalid_state: 0.1624
  Episode_Reward/feet_distance_standing: -0.4362
      Episode_Reward/base_height_medium: 3.1816
           Curriculum/polish_not_moving: -1.0000
           Episode_Reward/torso_upright: -0.0686
      Episode_Reward/joint_deviation_l1: -1.0349
            Episode_Reward/joint_vel_l2: -1.5647
              Episode_Reward/torso_roll: -1.7877
           Episode_Reward/ankle_torques: -0.2322
        Curriculum/random_fallen_states: 0.0000
        Episode_Reward/action_rate_rate: -20.4666
              Episode_Reward/feet_slide: -0.8437
        Episode_Reward/base_height_fine: 5.2368
--------------------------------------------------------------------------------
                         Iteration time: 1.19s
                           Time elapsed: 0:00:37
                                    ETA: 0:01:52

################################################################################
[1m                           Learning iteration 30/120                            [0m 

                               Run name: height_tracking_g1
                            Total steps: 3047424 
                       Steps per second: 82493 
                        Collection time: 0.959s 
                          Learning time: 0.232s 
                        Mean value loss: 2.7570
                    Mean surrogate loss: -0.0064
                      Mean entropy loss: 39.5785
                     Mean symmetry loss: 0.0015
                   Mean l2c2_actor loss: 0.0040
                  Mean l2c2_critic loss: 0.0118
                            Mean reward: -2142.82
                    Mean episode length: 662.60
                        Mean action std: 0.95
                    Entropy coefficient: 0.002500
           Episode_Reward/torque_limits: -1.2919
    Episode_Reward/joint_tracking_error: -4.1797
           Episode_Reward/feet_yaw_mean: -0.9983
     Episode_Reward/completely_airborne: -16.1774
            Episode_Reward/joint_acc_l2: -0.1313
              Episode_Reward/not_moving: -4.0158
              Episode_Reward/relaxation: -10.1100
               Episode_Reward/flat_feet: -2.2303
         Episode_Reward/ground_unloaded: -0.7073
            Metrics/height/height_error: 0.1233
           Curriculum/polish_torso_slam: -5.0000
         Curriculum/polish_joint_vel_l2: -0.0010
        Episode_Reward/illegal_contacts: -0.4283
          Curriculum/polish_ground_slam: -1.0000
           Episode_Reward/feet_distance: -0.4741
        Episode_Reward/joint_torques_l2: -1.0741
           Episode_Reward/body_velocity: -16.7675
        Episode_Reward/joint_pos_limits: -0.0172
 Episode_Reward/joint_deviation_l1_arms: -0.6047
               Curriculum/adaptive_lift: 0.9779
           Episode_Reward/forward_pitch: -1.2396
             Episode_Reward/ground_slam: -6.2246
     Curriculum/polish_action_rate_rate: -0.1500
             Episode_Reward/action_rate: -46.0345
           Episode_Termination/time_out: 0.8131
       Episode_Reward/base_height_rough: 1.9128
         Episode_Reward/severely_tilted: -0.0637
              Episode_Reward/torso_slam: -8.2561
        Episode_Reward/joint_vel_limits: -0.0025
              Curriculum/terrain_levels: 0.0000
      Episode_Termination/invalid_state: 0.1664
  Episode_Reward/feet_distance_standing: -0.3584
      Episode_Reward/base_height_medium: 2.8820
           Curriculum/polish_not_moving: -1.0000
           Episode_Reward/torso_upright: -0.0582
      Episode_Reward/joint_deviation_l1: -0.9345
            Episode_Reward/joint_vel_l2: -1.5691
              Episode_Reward/torso_roll: -1.8349
           Episode_Reward/ankle_torques: -0.2160
        Curriculum/random_fallen_states: 0.0000
        Episode_Reward/action_rate_rate: -20.5560
              Episode_Reward/feet_slide: -0.8428
        Episode_Reward/base_height_fine: 4.6511
--------------------------------------------------------------------------------
                         Iteration time: 1.19s
                           Time elapsed: 0:00:38
                                    ETA: 0:01:51

################################################################################
[1m                           Learning iteration 31/120                            [0m 

                               Run name: height_tracking_g1
                            Total steps: 3145728 
                       Steps per second: 82368 
                        Collection time: 0.961s 
                          Learning time: 0.232s 
                        Mean value loss: 2.4866
                    Mean surrogate loss: -0.0084
                      Mean entropy loss: 39.5158
                     Mean symmetry loss: 0.0014
                   Mean l2c2_actor loss: 0.0040
                  Mean l2c2_critic loss: 0.0139
                            Mean reward: -2075.86
                    Mean episode length: 639.92
                        Mean action std: 0.95
                    Entropy coefficient: 0.002500
           Episode_Reward/torque_limits: -1.2764
    Episode_Reward/joint_tracking_error: -4.2969
           Episode_Reward/feet_yaw_mean: -1.0266
     Episode_Reward/completely_airborne: -16.6749
            Episode_Reward/joint_acc_l2: -0.1263
              Episode_Reward/not_moving: -4.4514
              Episode_Reward/relaxation: -7.6973
               Episode_Reward/flat_feet: -2.2151
         Episode_Reward/ground_unloaded: -0.8338
            Metrics/height/height_error: 0.1492
           Curriculum/polish_torso_slam: -5.0000
         Curriculum/polish_joint_vel_l2: -0.0010
        Episode_Reward/illegal_contacts: -0.3988
          Curriculum/polish_ground_slam: -1.0000
           Episode_Reward/feet_distance: -0.4889
        Episode_Reward/joint_torques_l2: -1.0557
           Episode_Reward/body_velocity: -18.4474
        Episode_Reward/joint_pos_limits: -0.0179
 Episode_Reward/joint_deviation_l1_arms: -0.6989
               Curriculum/adaptive_lift: 0.9779
           Episode_Reward/forward_pitch: -1.1660
             Episode_Reward/ground_slam: -6.8346
     Curriculum/polish_action_rate_rate: -0.1500
             Episode_Reward/action_rate: -46.2284
           Episode_Termination/time_out: 0.8298
       Episode_Reward/base_height_rough: 2.0908
         Episode_Reward/severely_tilted: -0.0846
              Episode_Reward/torso_slam: -8.8098
        Episode_Reward/joint_vel_limits: -0.0026
              Curriculum/terrain_levels: 0.0000
      Episode_Termination/invalid_state: 0.1701
  Episode_Reward/feet_distance_standing: -0.4096
      Episode_Reward/base_height_medium: 3.2519
           Curriculum/polish_not_moving: -1.0000
           Episode_Reward/torso_upright: -0.0656
      Episode_Reward/joint_deviation_l1: -1.0714
            Episode_Reward/joint_vel_l2: -1.6130
              Episode_Reward/torso_roll: -1.7852
           Episode_Reward/ankle_torques: -0.2223
        Curriculum/random_fallen_states: 0.0000
        Episode_Reward/action_rate_rate: -20.6490
              Episode_Reward/feet_slide: -0.8794
        Episode_Reward/base_height_fine: 5.2663
--------------------------------------------------------------------------------
                         Iteration time: 1.19s
                           Time elapsed: 0:00:39
                                    ETA: 0:01:49

################################################################################
[1m                           Learning iteration 32/120                            [0m 

                               Run name: height_tracking_g1
                            Total steps: 3244032 
                       Steps per second: 82367 
                        Collection time: 0.961s 
                          Learning time: 0.233s 
                        Mean value loss: 2.4307
                    Mean surrogate loss: -0.0076
                      Mean entropy loss: 39.4741
                     Mean symmetry loss: 0.0016
                   Mean l2c2_actor loss: 0.0040
                  Mean l2c2_critic loss: 0.0117
                            Mean reward: -2058.76
                    Mean episode length: 628.44
                        Mean action std: 0.95
                    Entropy coefficient: 0.002500
           Episode_Reward/torque_limits: -1.2988
    Episode_Reward/joint_tracking_error: -4.2149
           Episode_Reward/feet_yaw_mean: -1.0180
     Episode_Reward/completely_airborne: -16.2905
            Episode_Reward/joint_acc_l2: -0.1281
              Episode_Reward/not_moving: -3.8871
              Episode_Reward/relaxation: -10.5519
               Episode_Reward/flat_feet: -2.2679
         Episode_Reward/ground_unloaded: -0.6935
            Metrics/height/height_error: 0.1182
           Curriculum/polish_torso_slam: -5.0000
         Curriculum/polish_joint_vel_l2: -0.0010
        Episode_Reward/illegal_contacts: -0.4403
          Curriculum/polish_ground_slam: -1.0000
           Episode_Reward/feet_distance: -0.4658
        Episode_Reward/joint_torques_l2: -1.0676
           Episode_Reward/body_velocity: -17.5455
        Episode_Reward/joint_pos_limits: -0.0175
 Episode_Reward/joint_deviation_l1_arms: -0.6100
               Curriculum/adaptive_lift: 0.9779
           Episode_Reward/forward_pitch: -1.2370
             Episode_Reward/ground_slam: -6.6145
     Curriculum/polish_action_rate_rate: -0.1500
             Episode_Reward/action_rate: -46.3254
           Episode_Termination/time_out: 0.8301
       Episode_Reward/base_height_rough: 1.9011
         Episode_Reward/severely_tilted: -0.0704
              Episode_Reward/torso_slam: -8.5551
        Episode_Reward/joint_vel_limits: -0.0025
              Curriculum/terrain_levels: 0.0000
      Episode_Termination/invalid_state: 0.1703
  Episode_Reward/feet_distance_standing: -0.3350
      Episode_Reward/base_height_medium: 2.8533
           Curriculum/polish_not_moving: -1.0000
           Episode_Reward/torso_upright: -0.0554
      Episode_Reward/joint_deviation_l1: -0.9376
            Episode_Reward/joint_vel_l2: -1.5794
              Episode_Reward/torso_roll: -1.8511
           Episode_Reward/ankle_torques: -0.2121
        Curriculum/random_fallen_states: 0.0000
        Episode_Reward/action_rate_rate: -20.6793
              Episode_Reward/feet_slide: -0.8482
        Episode_Reward/base_height_fine: 4.6019
--------------------------------------------------------------------------------
                         Iteration time: 1.19s
                           Time elapsed: 0:00:41
                                    ETA: 0:01:48

################################################################################
[1m                           Learning iteration 33/120                            [0m 

                               Run name: height_tracking_g1
                            Total steps: 3342336 
                       Steps per second: 82690 
                        Collection time: 0.957s 
                          Learning time: 0.232s 
                        Mean value loss: 2.3836
                    Mean surrogate loss: -0.0061
                      Mean entropy loss: 39.4235
                     Mean symmetry loss: 0.0016
                   Mean l2c2_actor loss: 0.0040
                  Mean l2c2_critic loss: 0.0133
                            Mean reward: -2102.52
                    Mean episode length: 651.72
                        Mean action std: 0.94
                    Entropy coefficient: 0.002500
           Episode_Reward/torque_limits: -1.2800
    Episode_Reward/joint_tracking_error: -4.2381
           Episode_Reward/feet_yaw_mean: -1.0680
     Episode_Reward/completely_airborne: -16.5664
            Episode_Reward/joint_acc_l2: -0.1275
              Episode_Reward/not_moving: -4.0774
              Episode_Reward/relaxation: -9.6178
               Episode_Reward/flat_feet: -2.2781
         Episode_Reward/ground_unloaded: -0.7611
            Metrics/height/height_error: 0.1187
           Curriculum/polish_torso_slam: -5.0000
         Curriculum/polish_joint_vel_l2: -0.0010
        Episode_Reward/illegal_contacts: -0.4241
          Curriculum/polish_ground_slam: -1.0000
           Episode_Reward/feet_distance: -0.4759
        Episode_Reward/joint_torques_l2: -1.0660
           Episode_Reward/body_velocity: -17.5221
        Episode_Reward/joint_pos_limits: -0.0178
 Episode_Reward/joint_deviation_l1_arms: -0.6509
               Curriculum/adaptive_lift: 0.9779
           Episode_Reward/forward_pitch: -1.2108
             Episode_Reward/ground_slam: -6.7226
     Curriculum/polish_action_rate_rate: -0.1500
             Episode_Reward/action_rate: -46.8206
           Episode_Termination/time_out: 0.8324
       Episode_Reward/base_height_rough: 2.0257
         Episode_Reward/severely_tilted: -0.0739
              Episode_Reward/torso_slam: -8.9643
        Episode_Reward/joint_vel_limits: -0.0025
              Curriculum/terrain_levels: 0.0000
      Episode_Termination/invalid_state: 0.1681
  Episode_Reward/feet_distance_standing: -0.3803
      Episode_Reward/base_height_medium: 3.0753
           Curriculum/polish_not_moving: -1.0000
           Episode_Reward/torso_upright: -0.0634
      Episode_Reward/joint_deviation_l1: -1.0251
            Episode_Reward/joint_vel_l2: -1.5856
              Episode_Reward/torso_roll: -1.8462
           Episode_Reward/ankle_torques: -0.2306
        Curriculum/random_fallen_states: 0.0000
        Episode_Reward/action_rate_rate: -20.8975
              Episode_Reward/feet_slide: -0.8698
        Episode_Reward/base_height_fine: 4.9457
--------------------------------------------------------------------------------
                         Iteration time: 1.19s
                           Time elapsed: 0:00:42
                                    ETA: 0:01:47

################################################################################
[1m                           Learning iteration 34/120                            [0m 

                               Run name: height_tracking_g1
                            Total steps: 3440640 
                       Steps per second: 82887 
                        Collection time: 0.954s 
                          Learning time: 0.232s 
                        Mean value loss: 2.2311
                    Mean surrogate loss: -0.0086
                      Mean entropy loss: 39.3558
                     Mean symmetry loss: 0.0015
                   Mean l2c2_actor loss: 0.0041
                  Mean l2c2_critic loss: 0.0136
                            Mean reward: -2251.91
                    Mean episode length: 699.88
                        Mean action std: 0.94
                    Entropy coefficient: 0.002500
           Episode_Reward/torque_limits: -1.4019
    Episode_Reward/joint_tracking_error: -4.6457
           Episode_Reward/feet_yaw_mean: -1.2303
     Episode_Reward/completely_airborne: -17.8826
            Episode_Reward/joint_acc_l2: -0.1391
              Episode_Reward/not_moving: -4.7745
              Episode_Reward/relaxation: -9.0239
               Episode_Reward/flat_feet: -2.5147
         Episode_Reward/ground_unloaded: -0.8895
            Metrics/height/height_error: 0.1417
           Curriculum/polish_torso_slam: -5.0000
         Curriculum/polish_joint_vel_l2: -0.0010
        Episode_Reward/illegal_contacts: -0.4744
          Curriculum/polish_ground_slam: -1.0000
           Episode_Reward/feet_distance: -0.5443
        Episode_Reward/joint_torques_l2: -1.1655
           Episode_Reward/body_velocity: -19.9740
        Episode_Reward/joint_pos_limits: -0.0200
 Episode_Reward/joint_deviation_l1_arms: -0.6442
               Curriculum/adaptive_lift: 0.9779
           Episode_Reward/forward_pitch: -1.2960
             Episode_Reward/ground_slam: -7.9024
     Curriculum/polish_action_rate_rate: -0.1500
             Episode_Reward/action_rate: -50.0283
           Episode_Termination/time_out: 0.8356
       Episode_Reward/base_height_rough: 2.2832
         Episode_Reward/severely_tilted: -0.0952
              Episode_Reward/torso_slam: -10.3881
        Episode_Reward/joint_vel_limits: -0.0027
              Curriculum/terrain_levels: 0.0000
      Episode_Termination/invalid_state: 0.1649
  Episode_Reward/feet_distance_standing: -0.4051
      Episode_Reward/base_height_medium: 3.5154
           Curriculum/polish_not_moving: -1.0000
           Episode_Reward/torso_upright: -0.0535
      Episode_Reward/joint_deviation_l1: -0.9633
            Episode_Reward/joint_vel_l2: -1.7271
              Episode_Reward/torso_roll: -2.0338
           Episode_Reward/ankle_torques: -0.2503
        Curriculum/random_fallen_states: 0.0000
        Episode_Reward/action_rate_rate: -22.3098
              Episode_Reward/feet_slide: -0.9422
        Episode_Reward/base_height_fine: 5.6742
--------------------------------------------------------------------------------
                         Iteration time: 1.19s
                           Time elapsed: 0:00:43
                                    ETA: 0:01:45

################################################################################
[1m                           Learning iteration 35/120                            [0m 

                               Run name: height_tracking_g1
                            Total steps: 3538944 
                       Steps per second: 82545 
                        Collection time: 0.959s 
                          Learning time: 0.232s 
                        Mean value loss: 2.2124
                    Mean surrogate loss: -0.0060
                      Mean entropy loss: 39.3128
                     Mean symmetry loss: 0.0015
                   Mean l2c2_actor loss: 0.0040
                  Mean l2c2_critic loss: 0.0131
                            Mean reward: -2113.59
                    Mean episode length: 646.11
                        Mean action std: 0.94
                    Entropy coefficient: 0.002500
           Episode_Reward/torque_limits: -1.3533
    Episode_Reward/joint_tracking_error: -4.4111
           Episode_Reward/feet_yaw_mean: -1.1271
     Episode_Reward/completely_airborne: -17.4325
            Episode_Reward/joint_acc_l2: -0.1303
              Episode_Reward/not_moving: -4.3641
              Episode_Reward/relaxation: -10.1147
               Episode_Reward/flat_feet: -2.3744
         Episode_Reward/ground_unloaded: -0.7720
            Metrics/height/height_error: 0.1256
           Curriculum/polish_torso_slam: -5.0000
         Curriculum/polish_joint_vel_l2: -0.0010
        Episode_Reward/illegal_contacts: -0.4464
          Curriculum/polish_ground_slam: -1.0000
           Episode_Reward/feet_distance: -0.5151
        Episode_Reward/joint_torques_l2: -1.0989
           Episode_Reward/body_velocity: -19.1452
        Episode_Reward/joint_pos_limits: -0.0186
 Episode_Reward/joint_deviation_l1_arms: -0.6702
               Curriculum/adaptive_lift: 0.9779
           Episode_Reward/forward_pitch: -1.2642
             Episode_Reward/ground_slam: -7.3456
     Curriculum/polish_action_rate_rate: -0.1500
             Episode_Reward/action_rate: -48.2328
           Episode_Termination/time_out: 0.8411
       Episode_Reward/base_height_rough: 2.0878
         Episode_Reward/severely_tilted: -0.0962
              Episode_Reward/torso_slam: -9.8272
        Episode_Reward/joint_vel_limits: -0.0026
              Curriculum/terrain_levels: 0.0000
      Episode_Termination/invalid_state: 0.1593
  Episode_Reward/feet_distance_standing: -0.3902
      Episode_Reward/base_height_medium: 3.1847
           Curriculum/polish_not_moving: -1.0000
           Episode_Reward/torso_upright: -0.0649
      Episode_Reward/joint_deviation_l1: -1.0351
            Episode_Reward/joint_vel_l2: -1.6419
              Episode_Reward/torso_roll: -1.9358
           Episode_Reward/ankle_torques: -0.2284
        Curriculum/random_fallen_states: 0.0000
        Episode_Reward/action_rate_rate: -21.5214
              Episode_Reward/feet_slide: -0.9027
        Episode_Reward/base_height_fine: 5.1803
--------------------------------------------------------------------------------
                         Iteration time: 1.19s
                           Time elapsed: 0:00:44
                                    ETA: 0:01:44

################################################################################
[1m                           Learning iteration 36/120                            [0m 

                               Run name: height_tracking_g1
                            Total steps: 3637248 
                       Steps per second: 82661 
                        Collection time: 0.957s 
                          Learning time: 0.233s 
                        Mean value loss: 2.1590
                    Mean surrogate loss: -0.0079
                      Mean entropy loss: 39.2743
                     Mean symmetry loss: 0.0015
                   Mean l2c2_actor loss: 0.0041
                  Mean l2c2_critic loss: 0.0154
                            Mean reward: -2121.50
                    Mean episode length: 667.97
                        Mean action std: 0.94
                    Entropy coefficient: 0.002500
           Episode_Reward/torque_limits: -1.3216
    Episode_Reward/joint_tracking_error: -4.3595
           Episode_Reward/feet_yaw_mean: -1.0817
     Episode_Reward/completely_airborne: -17.0659
            Episode_Reward/joint_acc_l2: -0.1398
              Episode_Reward/not_moving: -5.0219
              Episode_Reward/relaxation: -7.8081
               Episode_Reward/flat_feet: -2.3022
         Episode_Reward/ground_unloaded: -0.8859
            Metrics/height/height_error: 0.1265
           Curriculum/polish_torso_slam: -5.0000
         Curriculum/polish_joint_vel_l2: -0.0010
        Episode_Reward/illegal_contacts: -0.4417
          Curriculum/polish_ground_slam: -1.0000
           Episode_Reward/feet_distance: -0.4828
        Episode_Reward/joint_torques_l2: -1.1284
           Episode_Reward/body_velocity: -18.0563
        Episode_Reward/joint_pos_limits: -0.0186
 Episode_Reward/joint_deviation_l1_arms: -0.7082
               Curriculum/adaptive_lift: 0.9779
           Episode_Reward/forward_pitch: -1.2117
             Episode_Reward/ground_slam: -7.0463
     Curriculum/polish_action_rate_rate: -0.1500
             Episode_Reward/action_rate: -47.3485
           Episode_Termination/time_out: 0.8445
       Episode_Reward/base_height_rough: 2.2608
         Episode_Reward/severely_tilted: -0.0779
              Episode_Reward/torso_slam: -9.4017
        Episode_Reward/joint_vel_limits: -0.0026
              Curriculum/terrain_levels: 0.0000
      Episode_Termination/invalid_state: 0.1560
  Episode_Reward/feet_distance_standing: -0.3911
      Episode_Reward/base_height_medium: 3.5602
           Curriculum/polish_not_moving: -1.0000
           Episode_Reward/torso_upright: -0.0709
      Episode_Reward/joint_deviation_l1: -1.1371
            Episode_Reward/joint_vel_l2: -1.6453
              Episode_Reward/torso_roll: -1.8670
           Episode_Reward/ankle_torques: -0.2430
        Curriculum/random_fallen_states: 0.0000
        Episode_Reward/action_rate_rate: -21.1026
              Episode_Reward/feet_slide: -0.8993
        Episode_Reward/base_height_fine: 5.8527
--------------------------------------------------------------------------------
                         Iteration time: 1.19s
                           Time elapsed: 0:00:45
                                    ETA: 0:01:42

################################################################################
[1m                           Learning iteration 37/120                            [0m 

                               Run name: height_tracking_g1
                            Total steps: 3735552 
                       Steps per second: 82443 
                        Collection time: 0.960s 
                          Learning time: 0.232s 
                        Mean value loss: 2.0986
                    Mean surrogate loss: -0.0066
                      Mean entropy loss: 39.2304
                     Mean symmetry loss: 0.0016
                   Mean l2c2_actor loss: 0.0041
                  Mean l2c2_critic loss: 0.0143
                            Mean reward: -2143.42
                    Mean episode length: 677.80
                        Mean action std: 0.94
                    Entropy coefficient: 0.002500
           Episode_Reward/torque_limits: -1.3170
    Episode_Reward/joint_tracking_error: -4.3500
           Episode_Reward/feet_yaw_mean: -1.0869
     Episode_Reward/completely_airborne: -17.0201
            Episode_Reward/joint_acc_l2: -0.1368
              Episode_Reward/not_moving: -4.5305
              Episode_Reward/relaxation: -9.3528
               Episode_Reward/flat_feet: -2.3974
         Episode_Reward/ground_unloaded: -0.8182
            Metrics/height/height_error: 0.1293
           Curriculum/polish_torso_slam: -5.0000
         Curriculum/polish_joint_vel_l2: -0.0010
        Episode_Reward/illegal_contacts: -0.4488
          Curriculum/polish_ground_slam: -1.0000
           Episode_Reward/feet_distance: -0.4941
        Episode_Reward/joint_torques_l2: -1.1168
           Episode_Reward/body_velocity: -18.4530
        Episode_Reward/joint_pos_limits: -0.0184
 Episode_Reward/joint_deviation_l1_arms: -0.6323
               Curriculum/adaptive_lift: 0.9779
           Episode_Reward/forward_pitch: -1.2365
             Episode_Reward/ground_slam: -7.2149
     Curriculum/polish_action_rate_rate: -0.1500
             Episode_Reward/action_rate: -47.8021
           Episode_Termination/time_out: 0.8500
       Episode_Reward/base_height_rough: 2.1847
         Episode_Reward/severely_tilted: -0.0886
              Episode_Reward/torso_slam: -8.9736
        Episode_Reward/joint_vel_limits: -0.0025
              Curriculum/terrain_levels: 0.0000
      Episode_Termination/invalid_state: 0.1505
  Episode_Reward/feet_distance_standing: -0.3687
      Episode_Reward/base_height_medium: 3.3806
           Curriculum/polish_not_moving: -1.0000
           Episode_Reward/torso_upright: -0.0641
      Episode_Reward/joint_deviation_l1: -0.9921
            Episode_Reward/joint_vel_l2: -1.6296
              Episode_Reward/torso_roll: -1.9168
           Episode_Reward/ankle_torques: -0.2264
        Curriculum/random_fallen_states: 0.0000
        Episode_Reward/action_rate_rate: -21.2969
              Episode_Reward/feet_slide: -0.9025
        Episode_Reward/base_height_fine: 5.4988
--------------------------------------------------------------------------------
                         Iteration time: 1.19s
                           Time elapsed: 0:00:47
                                    ETA: 0:01:41

################################################################################
[1m                           Learning iteration 38/120                            [0m 

                               Run name: height_tracking_g1
                            Total steps: 3833856 
                       Steps per second: 82386 
                        Collection time: 0.961s 
                          Learning time: 0.232s 
                        Mean value loss: 2.1057
                    Mean surrogate loss: -0.0084
                      Mean entropy loss: 39.1396
                     Mean symmetry loss: 0.0016
                   Mean l2c2_actor loss: 0.0042
                  Mean l2c2_critic loss: 0.0155
                            Mean reward: -2165.93
                    Mean episode length: 700.16
                        Mean action std: 0.94
                    Entropy coefficient: 0.002500
           Episode_Reward/torque_limits: -1.3050
    Episode_Reward/joint_tracking_error: -4.4287
           Episode_Reward/feet_yaw_mean: -0.9984
     Episode_Reward/completely_airborne: -17.9571
            Episode_Reward/joint_acc_l2: -0.1351
              Episode_Reward/not_moving: -5.0079
              Episode_Reward/relaxation: -8.2676
               Episode_Reward/flat_feet: -2.4424
         Episode_Reward/ground_unloaded: -0.9068
            Metrics/height/height_error: 0.1385
           Curriculum/polish_torso_slam: -5.0000
         Curriculum/polish_joint_vel_l2: -0.0010
        Episode_Reward/illegal_contacts: -0.4554
          Curriculum/polish_ground_slam: -1.0000
           Episode_Reward/feet_distance: -0.4933
        Episode_Reward/joint_torques_l2: -1.1293
           Episode_Reward/body_velocity: -18.1279
        Episode_Reward/joint_pos_limits: -0.0188
 Episode_Reward/joint_deviation_l1_arms: -0.7136
               Curriculum/adaptive_lift: 0.9779
           Episode_Reward/forward_pitch: -1.2587
             Episode_Reward/ground_slam: -6.7810
     Curriculum/polish_action_rate_rate: -0.1500
             Episode_Reward/action_rate: -49.4072
           Episode_Termination/time_out: 0.8547
       Episode_Reward/base_height_rough: 2.3457
         Episode_Reward/severely_tilted: -0.0860
              Episode_Reward/torso_slam: -9.1418
        Episode_Reward/joint_vel_limits: -0.0026
              Curriculum/terrain_levels: 0.0000
      Episode_Termination/invalid_state: 0.1458
  Episode_Reward/feet_distance_standing: -0.4243
      Episode_Reward/base_height_medium: 3.6733
           Curriculum/polish_not_moving: -1.0000
           Episode_Reward/torso_upright: -0.0764
      Episode_Reward/joint_deviation_l1: -1.1323
            Episode_Reward/joint_vel_l2: -1.6803
              Episode_Reward/torso_roll: -1.9479
           Episode_Reward/ankle_torques: -0.2211
        Curriculum/random_fallen_states: 0.0000
        Episode_Reward/action_rate_rate: -22.0080
              Episode_Reward/feet_slide: -0.9267
        Episode_Reward/base_height_fine: 6.0128
--------------------------------------------------------------------------------
                         Iteration time: 1.19s
                           Time elapsed: 0:00:48
                                    ETA: 0:01:40

################################################################################
[1m                           Learning iteration 39/120                            [0m 

                               Run name: height_tracking_g1
                            Total steps: 3932160 
                       Steps per second: 82502 
                        Collection time: 0.959s 
                          Learning time: 0.233s 
                        Mean value loss: 2.0601
                    Mean surrogate loss: -0.0049
                      Mean entropy loss: 39.1102
                     Mean symmetry loss: 0.0016
                   Mean l2c2_actor loss: 0.0041
                  Mean l2c2_critic loss: 0.0143
                            Mean reward: -2135.66
                    Mean episode length: 681.36
                        Mean action std: 0.93
                    Entropy coefficient: 0.002500
           Episode_Reward/torque_limits: -1.2864
    Episode_Reward/joint_tracking_error: -4.2383
           Episode_Reward/feet_yaw_mean: -1.0004
     Episode_Reward/completely_airborne: -17.0242
            Episode_Reward/joint_acc_l2: -0.1293
              Episode_Reward/not_moving: -4.0569
              Episode_Reward/relaxation: -9.7163
               Episode_Reward/flat_feet: -2.4092
         Episode_Reward/ground_unloaded: -0.7790
            Metrics/height/height_error: 0.1350
           Curriculum/polish_torso_slam: -5.0000
         Curriculum/polish_joint_vel_l2: -0.0010
        Episode_Reward/illegal_contacts: -0.4586
          Curriculum/polish_ground_slam: -1.0000
           Episode_Reward/feet_distance: -0.4678
        Episode_Reward/joint_torques_l2: -1.0819
           Episode_Reward/body_velocity: -17.6738
        Episode_Reward/joint_pos_limits: -0.0184
 Episode_Reward/joint_deviation_l1_arms: -0.6236
               Curriculum/adaptive_lift: 0.9779
           Episode_Reward/forward_pitch: -1.3160
             Episode_Reward/ground_slam: -6.7259
     Curriculum/polish_action_rate_rate: -0.1500
             Episode_Reward/action_rate: -47.4228
           Episode_Termination/time_out: 0.8579
       Episode_Reward/base_height_rough: 2.0653
         Episode_Reward/severely_tilted: -0.0786
              Episode_Reward/torso_slam: -8.9041
        Episode_Reward/joint_vel_limits: -0.0025
              Curriculum/terrain_levels: 0.0000
      Episode_Termination/invalid_state: 0.1424
  Episode_Reward/feet_distance_standing: -0.3575
      Episode_Reward/base_height_medium: 3.0971
           Curriculum/polish_not_moving: -1.0000
           Episode_Reward/torso_upright: -0.0571
      Episode_Reward/joint_deviation_l1: -0.9526
            Episode_Reward/joint_vel_l2: -1.6080
              Episode_Reward/torso_roll: -1.9530
           Episode_Reward/ankle_torques: -0.2376
        Curriculum/random_fallen_states: 0.0000
        Episode_Reward/action_rate_rate: -21.1324
              Episode_Reward/feet_slide: -0.8793
        Episode_Reward/base_height_fine: 4.9516
--------------------------------------------------------------------------------
                         Iteration time: 1.19s
                           Time elapsed: 0:00:49
                                    ETA: 0:01:38

################################################################################
[1m                           Learning iteration 40/120                            [0m 

                               Run name: height_tracking_g1
                            Total steps: 4030464 
                       Steps per second: 82599 
                        Collection time: 0.958s 
                          Learning time: 0.233s 
                        Mean value loss: 1.8388
                    Mean surrogate loss: -0.0077
                      Mean entropy loss: 39.0528
                     Mean symmetry loss: 0.0016
                   Mean l2c2_actor loss: 0.0042
                  Mean l2c2_critic loss: 0.0155
                            Mean reward: -2147.02
                    Mean episode length: 716.50
                        Mean action std: 0.93
                    Entropy coefficient: 0.002500
           Episode_Reward/torque_limits: -1.3214
    Episode_Reward/joint_tracking_error: -4.3628
           Episode_Reward/feet_yaw_mean: -1.0440
     Episode_Reward/completely_airborne: -17.3118
            Episode_Reward/joint_acc_l2: -0.1348
              Episode_Reward/not_moving: -4.9632
              Episode_Reward/relaxation: -8.1417
               Episode_Reward/flat_feet: -2.4486
         Episode_Reward/ground_unloaded: -0.9057
            Metrics/height/height_error: 0.1343
           Curriculum/polish_torso_slam: -5.0000
         Curriculum/polish_joint_vel_l2: -0.0010
        Episode_Reward/illegal_contacts: -0.4655
          Curriculum/polish_ground_slam: -1.0000
           Episode_Reward/feet_distance: -0.4863
        Episode_Reward/joint_torques_l2: -1.1263
           Episode_Reward/body_velocity: -17.3694
        Episode_Reward/joint_pos_limits: -0.0191
 Episode_Reward/joint_deviation_l1_arms: -0.6723
               Curriculum/adaptive_lift: 0.9779
           Episode_Reward/forward_pitch: -1.2536
             Episode_Reward/ground_slam: -6.7271
     Curriculum/polish_action_rate_rate: -0.1500
             Episode_Reward/action_rate: -49.1509
           Episode_Termination/time_out: 0.8612
       Episode_Reward/base_height_rough: 2.3625
         Episode_Reward/severely_tilted: -0.0684
              Episode_Reward/torso_slam: -8.9421
        Episode_Reward/joint_vel_limits: -0.0025
              Curriculum/terrain_levels: 0.0000
      Episode_Termination/invalid_state: 0.1390
  Episode_Reward/feet_distance_standing: -0.3740
      Episode_Reward/base_height_medium: 3.6985
           Curriculum/polish_not_moving: -1.0000
           Episode_Reward/torso_upright: -0.0719
      Episode_Reward/joint_deviation_l1: -1.0654
            Episode_Reward/joint_vel_l2: -1.6545
              Episode_Reward/torso_roll: -1.9494
           Episode_Reward/ankle_torques: -0.2485
        Curriculum/random_fallen_states: 0.0000
        Episode_Reward/action_rate_rate: -21.8983
              Episode_Reward/feet_slide: -0.9351
        Episode_Reward/base_height_fine: 6.0468
--------------------------------------------------------------------------------
                         Iteration time: 1.19s
                           Time elapsed: 0:00:50
                                    ETA: 0:01:37

################################################################################
[1m                           Learning iteration 41/120                            [0m 

                               Run name: height_tracking_g1
                            Total steps: 4128768 
                       Steps per second: 82599 
                        Collection time: 0.958s 
                          Learning time: 0.233s 
                        Mean value loss: 2.0891
                    Mean surrogate loss: -0.0060
                      Mean entropy loss: 39.0060
                     Mean symmetry loss: 0.0017
                   Mean l2c2_actor loss: 0.0043
                  Mean l2c2_critic loss: 0.0123
                            Mean reward: -2047.34
                    Mean episode length: 671.52
                        Mean action std: 0.93
                    Entropy coefficient: 0.002500
           Episode_Reward/torque_limits: -1.2458
    Episode_Reward/joint_tracking_error: -4.1660
           Episode_Reward/feet_yaw_mean: -0.9940
     Episode_Reward/completely_airborne: -17.1842
            Episode_Reward/joint_acc_l2: -0.1288
              Episode_Reward/not_moving: -4.7599
              Episode_Reward/relaxation: -8.4038
               Episode_Reward/flat_feet: -2.3766
         Episode_Reward/ground_unloaded: -0.8484
            Metrics/height/height_error: 0.1293
           Curriculum/polish_torso_slam: -5.0000
         Curriculum/polish_joint_vel_l2: -0.0010
        Episode_Reward/illegal_contacts: -0.4408
          Curriculum/polish_ground_slam: -1.0000
           Episode_Reward/feet_distance: -0.4742
        Episode_Reward/joint_torques_l2: -1.0779
           Episode_Reward/body_velocity: -17.1136
        Episode_Reward/joint_pos_limits: -0.0181
 Episode_Reward/joint_deviation_l1_arms: -0.6668
               Curriculum/adaptive_lift: 0.9779
           Episode_Reward/forward_pitch: -1.2166
             Episode_Reward/ground_slam: -6.5512
     Curriculum/polish_action_rate_rate: -0.1500
             Episode_Reward/action_rate: -47.7544
           Episode_Termination/time_out: 0.8636
       Episode_Reward/base_height_rough: 2.3036
         Episode_Reward/severely_tilted: -0.0679
              Episode_Reward/torso_slam: -8.5736
        Episode_Reward/joint_vel_limits: -0.0024
              Curriculum/terrain_levels: 0.0000
      Episode_Termination/invalid_state: 0.1366
  Episode_Reward/feet_distance_standing: -0.3862
      Episode_Reward/base_height_medium: 3.5962
           Curriculum/polish_not_moving: -1.0000
           Episode_Reward/torso_upright: -0.0748
      Episode_Reward/joint_deviation_l1: -1.0825
            Episode_Reward/joint_vel_l2: -1.5878
              Episode_Reward/torso_roll: -1.9011
           Episode_Reward/ankle_torques: -0.2423
        Curriculum/random_fallen_states: 0.0000
        Episode_Reward/action_rate_rate: -21.2689
              Episode_Reward/feet_slide: -0.9110
        Episode_Reward/base_height_fine: 5.8819
--------------------------------------------------------------------------------
                         Iteration time: 1.19s
                           Time elapsed: 0:00:51
                                    ETA: 0:01:36

################################################################################
[1m                           Learning iteration 42/120                            [0m 

                               Run name: height_tracking_g1
                            Total steps: 4227072 
                       Steps per second: 82369 
                        Collection time: 0.961s 
                          Learning time: 0.233s 
                        Mean value loss: 1.9174
                    Mean surrogate loss: -0.0064
                      Mean entropy loss: 38.9263
                     Mean symmetry loss: 0.0017
                   Mean l2c2_actor loss: 0.0042
                  Mean l2c2_critic loss: 0.0121
                            Mean reward: -2222.90
                    Mean episode length: 714.41
                        Mean action std: 0.93
                    Entropy coefficient: 0.002500
           Episode_Reward/torque_limits: -1.2831
    Episode_Reward/joint_tracking_error: -4.3020
           Episode_Reward/feet_yaw_mean: -1.1043
     Episode_Reward/completely_airborne: -17.0812
            Episode_Reward/joint_acc_l2: -0.1305
              Episode_Reward/not_moving: -4.2474
              Episode_Reward/relaxation: -9.9375
               Episode_Reward/flat_feet: -2.4422
         Episode_Reward/ground_unloaded: -0.7875
            Metrics/height/height_error: 0.1397
           Curriculum/polish_torso_slam: -5.0000
         Curriculum/polish_joint_vel_l2: -0.0010
        Episode_Reward/illegal_contacts: -0.4792
          Curriculum/polish_ground_slam: -1.0000
           Episode_Reward/feet_distance: -0.4988
        Episode_Reward/joint_torques_l2: -1.1003
           Episode_Reward/body_velocity: -17.8701
        Episode_Reward/joint_pos_limits: -0.0189
 Episode_Reward/joint_deviation_l1_arms: -0.6207
               Curriculum/adaptive_lift: 0.9779
           Episode_Reward/forward_pitch: -1.3294
             Episode_Reward/ground_slam: -6.9836
     Curriculum/polish_action_rate_rate: -0.1500
             Episode_Reward/action_rate: -47.6752
           Episode_Termination/time_out: 0.8667
       Episode_Reward/base_height_rough: 2.1316
         Episode_Reward/severely_tilted: -0.0710
              Episode_Reward/torso_slam: -9.0164
        Episode_Reward/joint_vel_limits: -0.0025
              Curriculum/terrain_levels: 0.0000
      Episode_Termination/invalid_state: 0.1335
  Episode_Reward/feet_distance_standing: -0.3528
      Episode_Reward/base_height_medium: 3.2353
           Curriculum/polish_not_moving: -1.0000
           Episode_Reward/torso_upright: -0.0578
      Episode_Reward/joint_deviation_l1: -0.9394
            Episode_Reward/joint_vel_l2: -1.6320
              Episode_Reward/torso_roll: -1.9971
           Episode_Reward/ankle_torques: -0.2335
        Curriculum/random_fallen_states: 0.0000
        Episode_Reward/action_rate_rate: -21.2064
              Episode_Reward/feet_slide: -0.9229
        Episode_Reward/base_height_fine: 5.1910
--------------------------------------------------------------------------------
                         Iteration time: 1.19s
                           Time elapsed: 0:00:53
                                    ETA: 0:01:34

################################################################################
[1m                           Learning iteration 43/120                            [0m 

                               Run name: height_tracking_g1
                            Total steps: 4325376 
                       Steps per second: 82651 
                        Collection time: 0.957s 
                          Learning time: 0.233s 
                        Mean value loss: 1.8315
                    Mean surrogate loss: -0.0077
                      Mean entropy loss: 38.8973
                     Mean symmetry loss: 0.0018
                   Mean l2c2_actor loss: 0.0042
                  Mean l2c2_critic loss: 0.0112
                            Mean reward: -2136.65
                    Mean episode length: 701.75
                        Mean action std: 0.93
                    Entropy coefficient: 0.002500
           Episode_Reward/torque_limits: -1.3383
    Episode_Reward/joint_tracking_error: -4.3683
           Episode_Reward/feet_yaw_mean: -1.0619
     Episode_Reward/completely_airborne: -17.4719
            Episode_Reward/joint_acc_l2: -0.1469
              Episode_Reward/not_moving: -4.2907
              Episode_Reward/relaxation: -11.1305
               Episode_Reward/flat_feet: -2.5876
         Episode_Reward/ground_unloaded: -0.8104
            Metrics/height/height_error: 0.1471
           Curriculum/polish_torso_slam: -5.0000
         Curriculum/polish_joint_vel_l2: -0.0010
        Episode_Reward/illegal_contacts: -0.4915
          Curriculum/polish_ground_slam: -1.0000
           Episode_Reward/feet_distance: -0.4994
        Episode_Reward/joint_torques_l2: -1.2032
           Episode_Reward/body_velocity: -17.7347
        Episode_Reward/joint_pos_limits: -0.0193
 Episode_Reward/joint_deviation_l1_arms: -0.5943
               Curriculum/adaptive_lift: 0.9779
           Episode_Reward/forward_pitch: -1.3602
             Episode_Reward/ground_slam: -6.9275
     Curriculum/polish_action_rate_rate: -0.1500
             Episode_Reward/action_rate: -49.1989
           Episode_Termination/time_out: 0.8730
       Episode_Reward/base_height_rough: 2.1718
         Episode_Reward/severely_tilted: -0.0737
              Episode_Reward/torso_slam: -8.8502
        Episode_Reward/joint_vel_limits: -0.0024
              Curriculum/terrain_levels: 0.0000
      Episode_Termination/invalid_state: 0.1272
  Episode_Reward/feet_distance_standing: -0.3437
      Episode_Reward/base_height_medium: 3.2693
           Curriculum/polish_not_moving: -1.0000
           Episode_Reward/torso_upright: -0.0523
      Episode_Reward/joint_deviation_l1: -0.9213
            Episode_Reward/joint_vel_l2: -1.6501
              Episode_Reward/torso_roll: -2.0719
           Episode_Reward/ankle_torques: -0.2457
        Curriculum/random_fallen_states: 0.0000
        Episode_Reward/action_rate_rate: -21.8897
              Episode_Reward/feet_slide: -0.9206
        Episode_Reward/base_height_fine: 5.2450
--------------------------------------------------------------------------------
                         Iteration time: 1.19s
                           Time elapsed: 0:00:54
                                    ETA: 0:01:33

################################################################################
[1m                           Learning iteration 44/120                            [0m 

                               Run name: height_tracking_g1
                            Total steps: 4423680 
                       Steps per second: 82617 
                        Collection time: 0.957s 
                          Learning time: 0.232s 
                        Mean value loss: 1.8866
                    Mean surrogate loss: -0.0054
                      Mean entropy loss: 38.8226
                     Mean symmetry loss: 0.0016
                   Mean l2c2_actor loss: 0.0041
                  Mean l2c2_critic loss: 0.0111
                            Mean reward: -2004.21
                    Mean episode length: 670.37
                        Mean action std: 0.92
                    Entropy coefficient: 0.002500
           Episode_Reward/torque_limits: -1.1891
    Episode_Reward/joint_tracking_error: -3.8721
           Episode_Reward/feet_yaw_mean: -0.9450
     Episode_Reward/completely_airborne: -16.5964
            Episode_Reward/joint_acc_l2: -0.1250
              Episode_Reward/not_moving: -4.6371
              Episode_Reward/relaxation: -7.9397
               Episode_Reward/flat_feet: -2.2338
         Episode_Reward/ground_unloaded: -0.8248
            Metrics/height/height_error: 0.1176
           Curriculum/polish_torso_slam: -5.0000
         Curriculum/polish_joint_vel_l2: -0.0010
        Episode_Reward/illegal_contacts: -0.4007
          Curriculum/polish_ground_slam: -1.0000
           Episode_Reward/feet_distance: -0.4341
        Episode_Reward/joint_torques_l2: -1.0402
           Episode_Reward/body_velocity: -16.0842
        Episode_Reward/joint_pos_limits: -0.0168
 Episode_Reward/joint_deviation_l1_arms: -0.6432
               Curriculum/adaptive_lift: 0.9779
           Episode_Reward/forward_pitch: -1.1168
             Episode_Reward/ground_slam: -6.4076
     Curriculum/polish_action_rate_rate: -0.1500
             Episode_Reward/action_rate: -45.0392
           Episode_Termination/time_out: 0.8762
       Episode_Reward/base_height_rough: 2.2168
         Episode_Reward/severely_tilted: -0.0671
              Episode_Reward/torso_slam: -8.3378
        Episode_Reward/joint_vel_limits: -0.0021
              Curriculum/terrain_levels: 0.0000
      Episode_Termination/invalid_state: 0.1241
  Episode_Reward/feet_distance_standing: -0.3698
      Episode_Reward/base_height_medium: 3.5084
           Curriculum/polish_not_moving: -1.0000
           Episode_Reward/torso_upright: -0.0837
      Episode_Reward/joint_deviation_l1: -1.0827
            Episode_Reward/joint_vel_l2: -1.4654
              Episode_Reward/torso_roll: -1.7789
           Episode_Reward/ankle_torques: -0.2245
        Curriculum/random_fallen_states: 0.0000
        Episode_Reward/action_rate_rate: -20.0422
              Episode_Reward/feet_slide: -0.8672
        Episode_Reward/base_height_fine: 5.8166
--------------------------------------------------------------------------------
                         Iteration time: 1.19s
                           Time elapsed: 0:00:55
                                    ETA: 0:01:32

################################################################################
[1m                           Learning iteration 45/120                            [0m 

                               Run name: height_tracking_g1
                            Total steps: 4521984 
                       Steps per second: 82596 
                        Collection time: 0.958s 
                          Learning time: 0.232s 
                        Mean value loss: 1.7133
                    Mean surrogate loss: -0.0071
                      Mean entropy loss: 38.7324
                     Mean symmetry loss: 0.0018
                   Mean l2c2_actor loss: 0.0042
                  Mean l2c2_critic loss: 0.0115
                            Mean reward: -2049.65
                    Mean episode length: 691.70
                        Mean action std: 0.92
                    Entropy coefficient: 0.002500
           Episode_Reward/torque_limits: -1.2441
    Episode_Reward/joint_tracking_error: -4.0771
           Episode_Reward/feet_yaw_mean: -0.9624
     Episode_Reward/completely_airborne: -16.8985
            Episode_Reward/joint_acc_l2: -0.1277
              Episode_Reward/not_moving: -4.3463
              Episode_Reward/relaxation: -9.7188
               Episode_Reward/flat_feet: -2.4491
         Episode_Reward/ground_unloaded: -0.7922
            Metrics/height/height_error: 0.1165
           Curriculum/polish_torso_slam: -5.0000
         Curriculum/polish_joint_vel_l2: -0.0010
        Episode_Reward/illegal_contacts: -0.4703
          Curriculum/polish_ground_slam: -1.0000
           Episode_Reward/feet_distance: -0.4622
        Episode_Reward/joint_torques_l2: -1.0870
           Episode_Reward/body_velocity: -16.2395
        Episode_Reward/joint_pos_limits: -0.0179
 Episode_Reward/joint_deviation_l1_arms: -0.5964
               Curriculum/adaptive_lift: 0.9779
           Episode_Reward/forward_pitch: -1.2930
             Episode_Reward/ground_slam: -6.3380
     Curriculum/polish_action_rate_rate: -0.1500
             Episode_Reward/action_rate: -47.2034
           Episode_Termination/time_out: 0.8783
       Episode_Reward/base_height_rough: 2.1720
         Episode_Reward/severely_tilted: -0.0674
              Episode_Reward/torso_slam: -8.2583
        Episode_Reward/joint_vel_limits: -0.0022
              Curriculum/terrain_levels: 0.0000
      Episode_Termination/invalid_state: 0.1219
  Episode_Reward/feet_distance_standing: -0.3470
      Episode_Reward/base_height_medium: 3.3420
           Curriculum/polish_not_moving: -1.0000
           Episode_Reward/torso_upright: -0.0652
      Episode_Reward/joint_deviation_l1: -0.9427
            Episode_Reward/joint_vel_l2: -1.5414
              Episode_Reward/torso_roll: -1.9493
           Episode_Reward/ankle_torques: -0.2290
        Curriculum/random_fallen_states: 0.0000
        Episode_Reward/action_rate_rate: -20.9993
              Episode_Reward/feet_slide: -0.9017
        Episode_Reward/base_height_fine: 5.4343
--------------------------------------------------------------------------------
                         Iteration time: 1.19s
                           Time elapsed: 0:00:56
                                    ETA: 0:01:31

################################################################################
[1m                           Learning iteration 46/120                            [0m 

                               Run name: height_tracking_g1
                            Total steps: 4620288 
                       Steps per second: 82758 
                        Collection time: 0.956s 
                          Learning time: 0.232s 
                        Mean value loss: 1.7222
                    Mean surrogate loss: -0.0055
                      Mean entropy loss: 38.6544
                     Mean symmetry loss: 0.0017
                   Mean l2c2_actor loss: 0.0040
                  Mean l2c2_critic loss: 0.0088
                            Mean reward: -2003.69
                    Mean episode length: 667.67
                        Mean action std: 0.92
                    Entropy coefficient: 0.002500
           Episode_Reward/torque_limits: -1.1593
    Episode_Reward/joint_tracking_error: -3.9013
           Episode_Reward/feet_yaw_mean: -0.9352
     Episode_Reward/completely_airborne: -16.2332
            Episode_Reward/joint_acc_l2: -0.1221
              Episode_Reward/not_moving: -4.0263
              Episode_Reward/relaxation: -9.0374
               Episode_Reward/flat_feet: -2.3661
         Episode_Reward/ground_unloaded: -0.7803
            Metrics/height/height_error: 0.1336
           Curriculum/polish_torso_slam: -5.0000
         Curriculum/polish_joint_vel_l2: -0.0010
        Episode_Reward/illegal_contacts: -0.4510
          Curriculum/polish_ground_slam: -1.0000
           Episode_Reward/feet_distance: -0.4443
        Episode_Reward/joint_torques_l2: -1.0360
           Episode_Reward/body_velocity: -15.9736
        Episode_Reward/joint_pos_limits: -0.0175
 Episode_Reward/joint_deviation_l1_arms: -0.5527
               Curriculum/adaptive_lift: 0.9779
           Episode_Reward/forward_pitch: -1.2385
             Episode_Reward/ground_slam: -6.2226
     Curriculum/polish_action_rate_rate: -0.1500
             Episode_Reward/action_rate: -44.7950
           Episode_Termination/time_out: 0.8800
       Episode_Reward/base_height_rough: 2.0801
         Episode_Reward/severely_tilted: -0.0666
              Episode_Reward/torso_slam: -7.9231
        Episode_Reward/joint_vel_limits: -0.0021
              Curriculum/terrain_levels: 0.0000
      Episode_Termination/invalid_state: 0.1203
  Episode_Reward/feet_distance_standing: -0.3114
      Episode_Reward/base_height_medium: 3.1491
           Curriculum/polish_not_moving: -1.0000
           Episode_Reward/torso_upright: -0.0497
      Episode_Reward/joint_deviation_l1: -0.8680
            Episode_Reward/joint_vel_l2: -1.4789
              Episode_Reward/torso_roll: -1.8719
           Episode_Reward/ankle_torques: -0.2152
        Curriculum/random_fallen_states: 0.0000
        Episode_Reward/action_rate_rate: -19.9193
              Episode_Reward/feet_slide: -0.8384
        Episode_Reward/base_height_fine: 5.0612
--------------------------------------------------------------------------------
                         Iteration time: 1.19s
                           Time elapsed: 0:00:57
                                    ETA: 0:01:29

################################################################################
[1m                           Learning iteration 47/120                            [0m 

                               Run name: height_tracking_g1
                            Total steps: 4718592 
                       Steps per second: 82773 
                        Collection time: 0.955s 
                          Learning time: 0.233s 
                        Mean value loss: 1.6480
                    Mean surrogate loss: -0.0068
                      Mean entropy loss: 38.5865
                     Mean symmetry loss: 0.0017
                   Mean l2c2_actor loss: 0.0040
                  Mean l2c2_critic loss: 0.0092
                            Mean reward: -1892.17
                    Mean episode length: 634.48
                        Mean action std: 0.92
                    Entropy coefficient: 0.002500
           Episode_Reward/torque_limits: -1.0884
    Episode_Reward/joint_tracking_error: -3.5655
           Episode_Reward/feet_yaw_mean: -0.8322
     Episode_Reward/completely_airborne: -15.0657
            Episode_Reward/joint_acc_l2: -0.1146
              Episode_Reward/not_moving: -3.8788
              Episode_Reward/relaxation: -8.1552
               Episode_Reward/flat_feet: -2.1357
         Episode_Reward/ground_unloaded: -0.7088
            Metrics/height/height_error: 0.1051
           Curriculum/polish_torso_slam: -5.0000
         Curriculum/polish_joint_vel_l2: -0.0010
        Episode_Reward/illegal_contacts: -0.3904
          Curriculum/polish_ground_slam: -1.0000
           Episode_Reward/feet_distance: -0.4006
        Episode_Reward/joint_torques_l2: -0.9586
           Episode_Reward/body_velocity: -15.0172
        Episode_Reward/joint_pos_limits: -0.0160
 Episode_Reward/joint_deviation_l1_arms: -0.5318
               Curriculum/adaptive_lift: 0.9779
           Episode_Reward/forward_pitch: -1.0659
             Episode_Reward/ground_slam: -6.1540
     Curriculum/polish_action_rate_rate: -0.1500
             Episode_Reward/action_rate: -41.1857
           Episode_Termination/time_out: 0.8808
       Episode_Reward/base_height_rough: 1.9582
         Episode_Reward/severely_tilted: -0.0646
              Episode_Reward/torso_slam: -7.4799
        Episode_Reward/joint_vel_limits: -0.0019
              Curriculum/terrain_levels: 0.0000
      Episode_Termination/invalid_state: 0.1195
  Episode_Reward/feet_distance_standing: -0.3003
      Episode_Reward/base_height_medium: 3.0215
           Curriculum/polish_not_moving: -1.0000
           Episode_Reward/torso_upright: -0.0521
      Episode_Reward/joint_deviation_l1: -0.8398
            Episode_Reward/joint_vel_l2: -1.3528
              Episode_Reward/torso_roll: -1.7485
           Episode_Reward/ankle_torques: -0.2159
        Curriculum/random_fallen_states: 0.0000
        Episode_Reward/action_rate_rate: -18.3199
              Episode_Reward/feet_slide: -0.7966
        Episode_Reward/base_height_fine: 4.9004
--------------------------------------------------------------------------------
                         Iteration time: 1.19s
                           Time elapsed: 0:00:58
                                    ETA: 0:01:28

################################################################################
[1m                           Learning iteration 48/120                            [0m 

                               Run name: height_tracking_g1
                            Total steps: 4816896 
                       Steps per second: 82599 
                        Collection time: 0.957s 
                          Learning time: 0.233s 
                        Mean value loss: 1.4957
                    Mean surrogate loss: -0.0059
                      Mean entropy loss: 38.5008
                     Mean symmetry loss: 0.0017
                   Mean l2c2_actor loss: 0.0039
                  Mean l2c2_critic loss: 0.0086
                            Mean reward: -1948.18
                    Mean episode length: 676.73
                        Mean action std: 0.91
                    Entropy coefficient: 0.002500
           Episode_Reward/torque_limits: -1.1831
    Episode_Reward/joint_tracking_error: -3.9047
           Episode_Reward/feet_yaw_mean: -0.9651
     Episode_Reward/completely_airborne: -16.7911
            Episode_Reward/joint_acc_l2: -0.1277
              Episode_Reward/not_moving: -4.6008
              Episode_Reward/relaxation: -8.7879
               Episode_Reward/flat_feet: -2.3646
         Episode_Reward/ground_unloaded: -0.8192
            Metrics/height/height_error: 0.1203
           Curriculum/polish_torso_slam: -5.0000
         Curriculum/polish_joint_vel_l2: -0.0010
        Episode_Reward/illegal_contacts: -0.4483
          Curriculum/polish_ground_slam: -1.0000
           Episode_Reward/feet_distance: -0.4529
        Episode_Reward/joint_torques_l2: -1.0748
           Episode_Reward/body_velocity: -15.6427
        Episode_Reward/joint_pos_limits: -0.0175
 Episode_Reward/joint_deviation_l1_arms: -0.5867
               Curriculum/adaptive_lift: 0.9779
           Episode_Reward/forward_pitch: -1.2118
             Episode_Reward/ground_slam: -5.9292
     Curriculum/polish_action_rate_rate: -0.1500
             Episode_Reward/action_rate: -45.6444
           Episode_Termination/time_out: 0.8829
       Episode_Reward/base_height_rough: 2.2126
         Episode_Reward/severely_tilted: -0.0664
              Episode_Reward/torso_slam: -7.2218
        Episode_Reward/joint_vel_limits: -0.0020
              Curriculum/terrain_levels: 0.0000
      Episode_Termination/invalid_state: 0.1174
  Episode_Reward/feet_distance_standing: -0.3500
      Episode_Reward/base_height_medium: 3.4779
           Curriculum/polish_not_moving: -1.0000
           Episode_Reward/torso_upright: -0.0579
      Episode_Reward/joint_deviation_l1: -0.9493
            Episode_Reward/joint_vel_l2: -1.4680
              Episode_Reward/torso_roll: -1.8637
           Episode_Reward/ankle_torques: -0.2226
        Curriculum/random_fallen_states: 0.0000
        Episode_Reward/action_rate_rate: -20.2945
              Episode_Reward/feet_slide: -0.8841
        Episode_Reward/base_height_fine: 5.7395
--------------------------------------------------------------------------------
                         Iteration time: 1.19s
                           Time elapsed: 0:01:00
                                    ETA: 0:01:27

################################################################################
[1m                           Learning iteration 49/120                            [0m 

                               Run name: height_tracking_g1
                            Total steps: 4915200 
                       Steps per second: 82527 
                        Collection time: 0.959s 
                          Learning time: 0.233s 
                        Mean value loss: 1.4288
                    Mean surrogate loss: -0.0070
                      Mean entropy loss: 38.4198
                     Mean symmetry loss: 0.0018
                   Mean l2c2_actor loss: 0.0040
                  Mean l2c2_critic loss: 0.0085
                            Mean reward: -1943.95
                    Mean episode length: 649.72
                        Mean action std: 0.91
                    Entropy coefficient: 0.002500
           Episode_Reward/torque_limits: -1.1350
    Episode_Reward/joint_tracking_error: -3.8119
           Episode_Reward/feet_yaw_mean: -0.9741
     Episode_Reward/completely_airborne: -15.7592
            Episode_Reward/joint_acc_l2: -0.1224
              Episode_Reward/not_moving: -4.3121
              Episode_Reward/relaxation: -8.0454
               Episode_Reward/flat_feet: -2.3230
         Episode_Reward/ground_unloaded: -0.8028
            Metrics/height/height_error: 0.1214
           Curriculum/polish_torso_slam: -5.0000
         Curriculum/polish_joint_vel_l2: -0.0010
        Episode_Reward/illegal_contacts: -0.4400
          Curriculum/polish_ground_slam: -1.0000
           Episode_Reward/feet_distance: -0.4587
        Episode_Reward/joint_torques_l2: -1.0217
           Episode_Reward/body_velocity: -16.4235
        Episode_Reward/joint_pos_limits: -0.0173
 Episode_Reward/joint_deviation_l1_arms: -0.5526
               Curriculum/adaptive_lift: 0.9779
           Episode_Reward/forward_pitch: -1.2120
             Episode_Reward/ground_slam: -6.6336
     Curriculum/polish_action_rate_rate: -0.1500
             Episode_Reward/action_rate: -43.6837
           Episode_Termination/time_out: 0.8848
       Episode_Reward/base_height_rough: 2.1362
         Episode_Reward/severely_tilted: -0.0732
              Episode_Reward/torso_slam: -8.6534
        Episode_Reward/joint_vel_limits: -0.0020
              Curriculum/terrain_levels: 0.0000
      Episode_Termination/invalid_state: 0.1155
  Episode_Reward/feet_distance_standing: -0.3390
      Episode_Reward/base_height_medium: 3.3310
           Curriculum/polish_not_moving: -1.0000
           Episode_Reward/torso_upright: -0.0498
      Episode_Reward/joint_deviation_l1: -0.8528
            Episode_Reward/joint_vel_l2: -1.4467
              Episode_Reward/torso_roll: -1.8324
           Episode_Reward/ankle_torques: -0.2241
        Curriculum/random_fallen_states: 0.0000
        Episode_Reward/action_rate_rate: -19.4156
              Episode_Reward/feet_slide: -0.8579
        Episode_Reward/base_height_fine: 5.4235
--------------------------------------------------------------------------------
                         Iteration time: 1.19s
                           Time elapsed: 0:01:01
                                    ETA: 0:01:25

################################################################################
[1m                           Learning iteration 50/120                            [0m 

                               Run name: height_tracking_g1
                            Total steps: 5013504 
                       Steps per second: 82754 
                        Collection time: 0.955s 
                          Learning time: 0.233s 
                        Mean value loss: 1.3142
                    Mean surrogate loss: -0.0051
                      Mean entropy loss: 38.3459
                     Mean symmetry loss: 0.0017
                   Mean l2c2_actor loss: 0.0039
                  Mean l2c2_critic loss: 0.0099
                            Mean reward: -2036.00
                    Mean episode length: 690.46
                        Mean action std: 0.91
                    Entropy coefficient: 0.002500
           Episode_Reward/torque_limits: -1.2281
    Episode_Reward/joint_tracking_error: -3.9803
           Episode_Reward/feet_yaw_mean: -0.9808
     Episode_Reward/completely_airborne: -17.6197
            Episode_Reward/joint_acc_l2: -0.1345
              Episode_Reward/not_moving: -4.6807
              Episode_Reward/relaxation: -9.0138
               Episode_Reward/flat_feet: -2.3775
         Episode_Reward/ground_unloaded: -0.8388
            Metrics/height/height_error: 0.1246
           Curriculum/polish_torso_slam: -5.0000
         Curriculum/polish_joint_vel_l2: -0.0010
        Episode_Reward/illegal_contacts: -0.4316
          Curriculum/polish_ground_slam: -1.0000
           Episode_Reward/feet_distance: -0.4620
        Episode_Reward/joint_torques_l2: -1.1079
           Episode_Reward/body_velocity: -16.5449
        Episode_Reward/joint_pos_limits: -0.0181
 Episode_Reward/joint_deviation_l1_arms: -0.6313
               Curriculum/adaptive_lift: 0.9779
           Episode_Reward/forward_pitch: -1.1942
             Episode_Reward/ground_slam: -6.4734
     Curriculum/polish_action_rate_rate: -0.1500
             Episode_Reward/action_rate: -46.1523
           Episode_Termination/time_out: 0.8853
       Episode_Reward/base_height_rough: 2.2276
         Episode_Reward/severely_tilted: -0.0716
              Episode_Reward/torso_slam: -8.1607
        Episode_Reward/joint_vel_limits: -0.0021
              Curriculum/terrain_levels: 0.0000
      Episode_Termination/invalid_state: 0.1149
  Episode_Reward/feet_distance_standing: -0.3786
      Episode_Reward/base_height_medium: 3.5068
           Curriculum/polish_not_moving: -1.0000
           Episode_Reward/torso_upright: -0.0719
      Episode_Reward/joint_deviation_l1: -1.0608
            Episode_Reward/joint_vel_l2: -1.5100
              Episode_Reward/torso_roll: -1.9006
           Episode_Reward/ankle_torques: -0.2384
        Curriculum/random_fallen_states: 0.0000
        Episode_Reward/action_rate_rate: -20.5316
              Episode_Reward/feet_slide: -0.8794
        Episode_Reward/base_height_fine: 5.8333
--------------------------------------------------------------------------------
                         Iteration time: 1.19s
                           Time elapsed: 0:01:02
                                    ETA: 0:01:24

################################################################################
[1m                           Learning iteration 51/120                            [0m 

                               Run name: height_tracking_g1
                            Total steps: 5111808 
                       Steps per second: 82765 
                        Collection time: 0.954s 
                          Learning time: 0.234s 
                        Mean value loss: 1.3099
                    Mean surrogate loss: -0.0062
                      Mean entropy loss: 38.2654
                     Mean symmetry loss: 0.0017
                   Mean l2c2_actor loss: 0.0039
                  Mean l2c2_critic loss: 0.0095
                            Mean reward: -2090.43
                    Mean episode length: 705.38
                        Mean action std: 0.91
                    Entropy coefficient: 0.002500
           Episode_Reward/torque_limits: -1.2630
    Episode_Reward/joint_tracking_error: -4.1370
           Episode_Reward/feet_yaw_mean: -1.0681
     Episode_Reward/completely_airborne: -16.8941
            Episode_Reward/joint_acc_l2: -0.1304
              Episode_Reward/not_moving: -4.2123
              Episode_Reward/relaxation: -8.7395
               Episode_Reward/flat_feet: -2.4844
         Episode_Reward/ground_unloaded: -0.8595
            Metrics/height/height_error: 0.1533
           Curriculum/polish_torso_slam: -5.0000
         Curriculum/polish_joint_vel_l2: -0.0010
        Episode_Reward/illegal_contacts: -0.4959
          Curriculum/polish_ground_slam: -1.0000
           Episode_Reward/feet_distance: -0.5082
        Episode_Reward/joint_torques_l2: -1.1028
           Episode_Reward/body_velocity: -18.3551
        Episode_Reward/joint_pos_limits: -0.0190
 Episode_Reward/joint_deviation_l1_arms: -0.6047
               Curriculum/adaptive_lift: 0.9779
           Episode_Reward/forward_pitch: -1.3852
             Episode_Reward/ground_slam: -7.2963
     Curriculum/polish_action_rate_rate: -0.1500
             Episode_Reward/action_rate: -46.4371
           Episode_Termination/time_out: 0.8871
       Episode_Reward/base_height_rough: 2.2062
         Episode_Reward/severely_tilted: -0.0809
              Episode_Reward/torso_slam: -9.4031
        Episode_Reward/joint_vel_limits: -0.0023
              Curriculum/terrain_levels: 0.0000
      Episode_Termination/invalid_state: 0.1131
  Episode_Reward/feet_distance_standing: -0.3634
      Episode_Reward/base_height_medium: 3.3370
           Curriculum/polish_not_moving: -1.0000
           Episode_Reward/torso_upright: -0.0461
      Episode_Reward/joint_deviation_l1: -0.9347
            Episode_Reward/joint_vel_l2: -1.5673
              Episode_Reward/torso_roll: -2.0100
           Episode_Reward/ankle_torques: -0.2129
        Curriculum/random_fallen_states: 0.0000
        Episode_Reward/action_rate_rate: -20.6419
              Episode_Reward/feet_slide: -0.9012
        Episode_Reward/base_height_fine: 5.3254
--------------------------------------------------------------------------------
                         Iteration time: 1.19s
                           Time elapsed: 0:01:03
                                    ETA: 0:01:23

################################################################################
[1m                           Learning iteration 52/120                            [0m 

                               Run name: height_tracking_g1
                            Total steps: 5210112 
                       Steps per second: 82780 
                        Collection time: 0.954s 
                          Learning time: 0.233s 
                        Mean value loss: 1.4689
                    Mean surrogate loss: -0.0058
                      Mean entropy loss: 38.1936
                     Mean symmetry loss: 0.0017
                   Mean l2c2_actor loss: 0.0039
                  Mean l2c2_critic loss: 0.0095
                            Mean reward: -1991.41
                    Mean episode length: 695.70
                        Mean action std: 0.91
                    Entropy coefficient: 0.002500
           Episode_Reward/torque_limits: -1.2101
    Episode_Reward/joint_tracking_error: -4.0184
           Episode_Reward/feet_yaw_mean: -0.9947
     Episode_Reward/completely_airborne: -17.5722
            Episode_Reward/joint_acc_l2: -0.1280
              Episode_Reward/not_moving: -4.7287
              Episode_Reward/relaxation: -8.8359
               Episode_Reward/flat_feet: -2.4778
         Episode_Reward/ground_unloaded: -0.8368
            Metrics/height/height_error: 0.1427
           Curriculum/polish_torso_slam: -5.0000
         Curriculum/polish_joint_vel_l2: -0.0010
        Episode_Reward/illegal_contacts: -0.4697
          Curriculum/polish_ground_slam: -1.0000
           Episode_Reward/feet_distance: -0.4729
        Episode_Reward/joint_torques_l2: -1.0747
           Episode_Reward/body_velocity: -16.0998
        Episode_Reward/joint_pos_limits: -0.0182
 Episode_Reward/joint_deviation_l1_arms: -0.6057
               Curriculum/adaptive_lift: 0.9779
           Episode_Reward/forward_pitch: -1.2494
             Episode_Reward/ground_slam: -6.2485
     Curriculum/polish_action_rate_rate: -0.1500
             Episode_Reward/action_rate: -46.8959
           Episode_Termination/time_out: 0.8906
       Episode_Reward/base_height_rough: 2.2940
         Episode_Reward/severely_tilted: -0.0732
              Episode_Reward/torso_slam: -8.1686
        Episode_Reward/joint_vel_limits: -0.0022
              Curriculum/terrain_levels: 0.0000
      Episode_Termination/invalid_state: 0.1096
  Episode_Reward/feet_distance_standing: -0.3555
      Episode_Reward/base_height_medium: 3.5354
           Curriculum/polish_not_moving: -1.0000
           Episode_Reward/torso_upright: -0.0628
      Episode_Reward/joint_deviation_l1: -0.9848
            Episode_Reward/joint_vel_l2: -1.5488
              Episode_Reward/torso_roll: -1.9733
           Episode_Reward/ankle_torques: -0.2431
        Curriculum/random_fallen_states: 0.0000
        Episode_Reward/action_rate_rate: -20.8398
              Episode_Reward/feet_slide: -0.9090
        Episode_Reward/base_height_fine: 5.7743
--------------------------------------------------------------------------------
                         Iteration time: 1.19s
                           Time elapsed: 0:01:04
                                    ETA: 0:01:22

################################################################################
[1m                           Learning iteration 53/120                            [0m 

                               Run name: height_tracking_g1
                            Total steps: 5308416 
                       Steps per second: 82680 
                        Collection time: 0.955s 
                          Learning time: 0.234s 
                        Mean value loss: 1.3822
                    Mean surrogate loss: -0.0048
                      Mean entropy loss: 38.1127
                     Mean symmetry loss: 0.0017
                   Mean l2c2_actor loss: 0.0039
                  Mean l2c2_critic loss: 0.0108
                            Mean reward: -2059.11
                    Mean episode length: 718.79
                        Mean action std: 0.90
                    Entropy coefficient: 0.002500
           Episode_Reward/torque_limits: -1.1533
    Episode_Reward/joint_tracking_error: -3.7661
           Episode_Reward/feet_yaw_mean: -0.8614
     Episode_Reward/completely_airborne: -16.6574
            Episode_Reward/joint_acc_l2: -0.1241
              Episode_Reward/not_moving: -4.0633
              Episode_Reward/relaxation: -9.2042
               Episode_Reward/flat_feet: -2.4436
         Episode_Reward/ground_unloaded: -0.7819
            Metrics/height/height_error: 0.1263
           Curriculum/polish_torso_slam: -5.0000
         Curriculum/polish_joint_vel_l2: -0.0010
        Episode_Reward/illegal_contacts: -0.4487
          Curriculum/polish_ground_slam: -1.0000
           Episode_Reward/feet_distance: -0.4380
        Episode_Reward/joint_torques_l2: -1.0504
           Episode_Reward/body_velocity: -15.0846
        Episode_Reward/joint_pos_limits: -0.0173
 Episode_Reward/joint_deviation_l1_arms: -0.5479
               Curriculum/adaptive_lift: 0.9779
           Episode_Reward/forward_pitch: -1.1798
             Episode_Reward/ground_slam: -6.1006
     Curriculum/polish_action_rate_rate: -0.1500
             Episode_Reward/action_rate: -45.2499
           Episode_Termination/time_out: 0.8931
       Episode_Reward/base_height_rough: 2.1407
         Episode_Reward/severely_tilted: -0.0640
              Episode_Reward/torso_slam: -7.9075
        Episode_Reward/joint_vel_limits: -0.0019
              Curriculum/terrain_levels: 0.0000
      Episode_Termination/invalid_state: 0.1071
  Episode_Reward/feet_distance_standing: -0.3315
      Episode_Reward/base_height_medium: 3.2675
           Curriculum/polish_not_moving: -1.0000
           Episode_Reward/torso_upright: -0.0540
      Episode_Reward/joint_deviation_l1: -0.8805
            Episode_Reward/joint_vel_l2: -1.4268
              Episode_Reward/torso_roll: -1.9056
           Episode_Reward/ankle_torques: -0.2116
        Curriculum/random_fallen_states: 0.0000
        Episode_Reward/action_rate_rate: -20.1175
              Episode_Reward/feet_slide: -0.8615
        Episode_Reward/base_height_fine: 5.2992
--------------------------------------------------------------------------------
                         Iteration time: 1.19s
                           Time elapsed: 0:01:06
                                    ETA: 0:01:20

################################################################################
[1m                           Learning iteration 54/120                            [0m 

                               Run name: height_tracking_g1
                            Total steps: 5406720 
                       Steps per second: 82672 
                        Collection time: 0.957s 
                          Learning time: 0.232s 
                        Mean value loss: 1.4810
                    Mean surrogate loss: -0.0050
                      Mean entropy loss: 38.0652
                     Mean symmetry loss: 0.0017
                   Mean l2c2_actor loss: 0.0039
                  Mean l2c2_critic loss: 0.0103
                            Mean reward: -1927.96
                    Mean episode length: 671.48
                        Mean action std: 0.90
                    Entropy coefficient: 0.002500
           Episode_Reward/torque_limits: -1.0837
    Episode_Reward/joint_tracking_error: -3.5437
           Episode_Reward/feet_yaw_mean: -0.8093
     Episode_Reward/completely_airborne: -16.1179
            Episode_Reward/joint_acc_l2: -0.1171
              Episode_Reward/not_moving: -4.3128
              Episode_Reward/relaxation: -8.0775
               Episode_Reward/flat_feet: -2.2738
         Episode_Reward/ground_unloaded: -0.7878
            Metrics/height/height_error: 0.1153
           Curriculum/polish_torso_slam: -5.0000
         Curriculum/polish_joint_vel_l2: -0.0010
        Episode_Reward/illegal_contacts: -0.4050
          Curriculum/polish_ground_slam: -1.0000
           Episode_Reward/feet_distance: -0.3985
        Episode_Reward/joint_torques_l2: -0.9802
           Episode_Reward/body_velocity: -14.2448
        Episode_Reward/joint_pos_limits: -0.0163
 Episode_Reward/joint_deviation_l1_arms: -0.5540
               Curriculum/adaptive_lift: 0.9779
           Episode_Reward/forward_pitch: -1.1044
             Episode_Reward/ground_slam: -5.8408
     Curriculum/polish_action_rate_rate: -0.1500
             Episode_Reward/action_rate: -42.9771
           Episode_Termination/time_out: 0.8949
       Episode_Reward/base_height_rough: 2.1490
         Episode_Reward/severely_tilted: -0.0601
              Episode_Reward/torso_slam: -7.3945
        Episode_Reward/joint_vel_limits: -0.0018
              Curriculum/terrain_levels: 0.0000
      Episode_Termination/invalid_state: 0.1054
  Episode_Reward/feet_distance_standing: -0.3019
      Episode_Reward/base_height_medium: 3.3655
           Curriculum/polish_not_moving: -1.0000
           Episode_Reward/torso_upright: -0.0640
      Episode_Reward/joint_deviation_l1: -0.9402
            Episode_Reward/joint_vel_l2: -1.3689
              Episode_Reward/torso_roll: -1.7743
           Episode_Reward/ankle_torques: -0.2075
        Curriculum/random_fallen_states: 0.0000
        Episode_Reward/action_rate_rate: -19.0996
              Episode_Reward/feet_slide: -0.8245
        Episode_Reward/base_height_fine: 5.5349
--------------------------------------------------------------------------------
                         Iteration time: 1.19s
                           Time elapsed: 0:01:07
                                    ETA: 0:01:19

################################################################################
[1m                           Learning iteration 55/120                            [0m 

                               Run name: height_tracking_g1
                            Total steps: 5505024 
                       Steps per second: 82728 
                        Collection time: 0.955s 
                          Learning time: 0.233s 
                        Mean value loss: 1.4579
                    Mean surrogate loss: -0.0057
                      Mean entropy loss: 37.9649
                     Mean symmetry loss: 0.0017
                   Mean l2c2_actor loss: 0.0040
                  Mean l2c2_critic loss: 0.0118
                            Mean reward: -1963.00
                    Mean episode length: 696.14
                        Mean action std: 0.90
                    Entropy coefficient: 0.002500
           Episode_Reward/torque_limits: -1.1245
    Episode_Reward/joint_tracking_error: -3.7239
           Episode_Reward/feet_yaw_mean: -0.8407
     Episode_Reward/completely_airborne: -17.1507
            Episode_Reward/joint_acc_l2: -0.1250
              Episode_Reward/not_moving: -4.4582
              Episode_Reward/relaxation: -8.7773
               Episode_Reward/flat_feet: -2.4362
         Episode_Reward/ground_unloaded: -0.8269
            Metrics/height/height_error: 0.1199
           Curriculum/polish_torso_slam: -5.0000
         Curriculum/polish_joint_vel_l2: -0.0010
        Episode_Reward/illegal_contacts: -0.4430
          Curriculum/polish_ground_slam: -1.0000
           Episode_Reward/feet_distance: -0.4200
        Episode_Reward/joint_torques_l2: -1.0450
           Episode_Reward/body_velocity: -14.3301
        Episode_Reward/joint_pos_limits: -0.0172
 Episode_Reward/joint_deviation_l1_arms: -0.5695
               Curriculum/adaptive_lift: 0.9779
           Episode_Reward/forward_pitch: -1.2101
             Episode_Reward/ground_slam: -6.0724
     Curriculum/polish_action_rate_rate: -0.1500
             Episode_Reward/action_rate: -45.4048
           Episode_Termination/time_out: 0.8971
       Episode_Reward/base_height_rough: 2.2267
         Episode_Reward/severely_tilted: -0.0686
              Episode_Reward/torso_slam: -7.7664
        Episode_Reward/joint_vel_limits: -0.0019
              Curriculum/terrain_levels: 0.0000
      Episode_Termination/invalid_state: 0.1032
  Episode_Reward/feet_distance_standing: -0.3267
      Episode_Reward/base_height_medium: 3.4577
           Curriculum/polish_not_moving: -1.0000
           Episode_Reward/torso_upright: -0.0643
      Episode_Reward/joint_deviation_l1: -0.9615
            Episode_Reward/joint_vel_l2: -1.4467
              Episode_Reward/torso_roll: -1.9059
           Episode_Reward/ankle_torques: -0.2327
        Curriculum/random_fallen_states: 0.0000
        Episode_Reward/action_rate_rate: -20.1709
              Episode_Reward/feet_slide: -0.8643
        Episode_Reward/base_height_fine: 5.6893
--------------------------------------------------------------------------------
                         Iteration time: 1.19s
                           Time elapsed: 0:01:08
                                    ETA: 0:01:18

################################################################################
[1m                           Learning iteration 56/120                            [0m 

                               Run name: height_tracking_g1
                            Total steps: 5603328 
                       Steps per second: 82604 
                        Collection time: 0.957s 
                          Learning time: 0.233s 
                        Mean value loss: 1.1917
                    Mean surrogate loss: -0.0063
                      Mean entropy loss: 37.8784
                     Mean symmetry loss: 0.0016
                   Mean l2c2_actor loss: 0.0039
                  Mean l2c2_critic loss: 0.0119
                            Mean reward: -2047.65
                    Mean episode length: 730.11
                        Mean action std: 0.90
                    Entropy coefficient: 0.002500
           Episode_Reward/torque_limits: -1.1552
    Episode_Reward/joint_tracking_error: -3.8359
           Episode_Reward/feet_yaw_mean: -0.8737
     Episode_Reward/completely_airborne: -17.6460
            Episode_Reward/joint_acc_l2: -0.1261
              Episode_Reward/not_moving: -4.2858
              Episode_Reward/relaxation: -10.5927
               Episode_Reward/flat_feet: -2.5521
         Episode_Reward/ground_unloaded: -0.7740
            Metrics/height/height_error: 0.1211
           Curriculum/polish_torso_slam: -5.0000
         Curriculum/polish_joint_vel_l2: -0.0010
        Episode_Reward/illegal_contacts: -0.4858
          Curriculum/polish_ground_slam: -1.0000
           Episode_Reward/feet_distance: -0.4370
        Episode_Reward/joint_torques_l2: -1.0749
           Episode_Reward/body_velocity: -14.2317
        Episode_Reward/joint_pos_limits: -0.0177
 Episode_Reward/joint_deviation_l1_arms: -0.5561
               Curriculum/adaptive_lift: 0.9779
           Episode_Reward/forward_pitch: -1.3486
             Episode_Reward/ground_slam: -5.8638
     Curriculum/polish_action_rate_rate: -0.1500
             Episode_Reward/action_rate: -47.0615
           Episode_Termination/time_out: 0.8991
       Episode_Reward/base_height_rough: 2.1437
         Episode_Reward/severely_tilted: -0.0618
              Episode_Reward/torso_slam: -7.5300
        Episode_Reward/joint_vel_limits: -0.0019
              Curriculum/terrain_levels: 0.0000
      Episode_Termination/invalid_state: 0.1012
  Episode_Reward/feet_distance_standing: -0.3112
      Episode_Reward/base_height_medium: 3.2860
           Curriculum/polish_not_moving: -1.0000
           Episode_Reward/torso_upright: -0.0628
      Episode_Reward/joint_deviation_l1: -0.9200
            Episode_Reward/joint_vel_l2: -1.4823
              Episode_Reward/torso_roll: -2.0068
           Episode_Reward/ankle_torques: -0.2374
        Curriculum/random_fallen_states: 0.0000
        Episode_Reward/action_rate_rate: -20.9179
              Episode_Reward/feet_slide: -0.8930
        Episode_Reward/base_height_fine: 5.4286
--------------------------------------------------------------------------------
                         Iteration time: 1.19s
                           Time elapsed: 0:01:09
                                    ETA: 0:01:17

################################################################################
[1m                           Learning iteration 57/120                            [0m 

                               Run name: height_tracking_g1
                            Total steps: 5701632 
                       Steps per second: 83252 
                        Collection time: 0.948s 
                          Learning time: 0.233s 
                        Mean value loss: 1.2197
                    Mean surrogate loss: -0.0046
                      Mean entropy loss: 37.8021
                     Mean symmetry loss: 0.0017
                   Mean l2c2_actor loss: 0.0039
                  Mean l2c2_critic loss: 0.0118
                            Mean reward: -1974.00
                    Mean episode length: 697.68
                        Mean action std: 0.89
                    Entropy coefficient: 0.002500
           Episode_Reward/torque_limits: -1.1136
    Episode_Reward/joint_tracking_error: -3.6858
           Episode_Reward/feet_yaw_mean: -0.8432
     Episode_Reward/completely_airborne: -16.6894
            Episode_Reward/joint_acc_l2: -0.1307
              Episode_Reward/not_moving: -4.2972
              Episode_Reward/relaxation: -10.0175
               Episode_Reward/flat_feet: -2.4238
         Episode_Reward/ground_unloaded: -0.7644
            Metrics/height/height_error: 0.1146
           Curriculum/polish_torso_slam: -5.0000
         Curriculum/polish_joint_vel_l2: -0.0010
        Episode_Reward/illegal_contacts: -0.4606
          Curriculum/polish_ground_slam: -1.0000
           Episode_Reward/feet_distance: -0.4250
        Episode_Reward/joint_torques_l2: -1.0765
           Episode_Reward/body_velocity: -14.4775
        Episode_Reward/joint_pos_limits: -0.0174
 Episode_Reward/joint_deviation_l1_arms: -0.5497
               Curriculum/adaptive_lift: 0.9779
           Episode_Reward/forward_pitch: -1.2009
             Episode_Reward/ground_slam: -5.9129
     Curriculum/polish_action_rate_rate: -0.1500
             Episode_Reward/action_rate: -44.9570
           Episode_Termination/time_out: 0.9022
       Episode_Reward/base_height_rough: 2.1989
         Episode_Reward/severely_tilted: -0.0611
              Episode_Reward/torso_slam: -7.5295
        Episode_Reward/joint_vel_limits: -0.0018
              Curriculum/terrain_levels: 0.0000
      Episode_Termination/invalid_state: 0.0981
  Episode_Reward/feet_distance_standing: -0.3204
      Episode_Reward/base_height_medium: 3.3920
           Curriculum/polish_not_moving: -1.0000
           Episode_Reward/torso_upright: -0.0623
      Episode_Reward/joint_deviation_l1: -0.9164
            Episode_Reward/joint_vel_l2: -1.4030
              Episode_Reward/torso_roll: -1.8901
           Episode_Reward/ankle_torques: -0.2121
        Curriculum/random_fallen_states: 0.0000
        Episode_Reward/action_rate_rate: -19.9758
              Episode_Reward/feet_slide: -0.8736
        Episode_Reward/base_height_fine: 5.5828
--------------------------------------------------------------------------------
                         Iteration time: 1.18s
                           Time elapsed: 0:01:10
                                    ETA: 0:01:15

################################################################################
[1m                           Learning iteration 58/120                            [0m 

                               Run name: height_tracking_g1
                            Total steps: 5799936 
                       Steps per second: 82891 
                        Collection time: 0.953s 
                          Learning time: 0.233s 
                        Mean value loss: 1.1587
                    Mean surrogate loss: -0.0055
                      Mean entropy loss: 37.6856
                     Mean symmetry loss: 0.0016
                   Mean l2c2_actor loss: 0.0039
                  Mean l2c2_critic loss: 0.0127
                            Mean reward: -1909.78
                    Mean episode length: 693.37
                        Mean action std: 0.89
                    Entropy coefficient: 0.002500
           Episode_Reward/torque_limits: -1.0817
    Episode_Reward/joint_tracking_error: -3.5911
           Episode_Reward/feet_yaw_mean: -0.8173
     Episode_Reward/completely_airborne: -16.7284
            Episode_Reward/joint_acc_l2: -0.1188
              Episode_Reward/not_moving: -4.4954
              Episode_Reward/relaxation: -9.1601
               Episode_Reward/flat_feet: -2.4237
         Episode_Reward/ground_unloaded: -0.7778
            Metrics/height/height_error: 0.0960
           Curriculum/polish_torso_slam: -5.0000
         Curriculum/polish_joint_vel_l2: -0.0010
        Episode_Reward/illegal_contacts: -0.4430
          Curriculum/polish_ground_slam: -1.0000
           Episode_Reward/feet_distance: -0.4172
        Episode_Reward/joint_torques_l2: -1.0057
           Episode_Reward/body_velocity: -13.2994
        Episode_Reward/joint_pos_limits: -0.0167
 Episode_Reward/joint_deviation_l1_arms: -0.5234
               Curriculum/adaptive_lift: 0.9779
           Episode_Reward/forward_pitch: -1.1964
             Episode_Reward/ground_slam: -5.3762
     Curriculum/polish_action_rate_rate: -0.1500
             Episode_Reward/action_rate: -44.9279
           Episode_Termination/time_out: 0.9055
       Episode_Reward/base_height_rough: 2.2100
         Episode_Reward/severely_tilted: -0.0497
              Episode_Reward/torso_slam: -7.0320
        Episode_Reward/joint_vel_limits: -0.0018
              Curriculum/terrain_levels: 0.0000
      Episode_Termination/invalid_state: 0.0946
  Episode_Reward/feet_distance_standing: -0.3100
      Episode_Reward/base_height_medium: 3.4901
           Curriculum/polish_not_moving: -1.0000
           Episode_Reward/torso_upright: -0.0638
      Episode_Reward/joint_deviation_l1: -0.8883
            Episode_Reward/joint_vel_l2: -1.3893
              Episode_Reward/torso_roll: -1.8924
           Episode_Reward/ankle_torques: -0.2248
        Curriculum/random_fallen_states: 0.0000
        Episode_Reward/action_rate_rate: -19.9808
              Episode_Reward/feet_slide: -0.8661
        Episode_Reward/base_height_fine: 5.8349
--------------------------------------------------------------------------------
                         Iteration time: 1.19s
                           Time elapsed: 0:01:12
                                    ETA: 0:01:14

################################################################################
[1m                           Learning iteration 59/120                            [0m 

                               Run name: height_tracking_g1
                            Total steps: 5898240 
                       Steps per second: 82918 
                        Collection time: 0.953s 
                          Learning time: 0.233s 
                        Mean value loss: 1.1639
                    Mean surrogate loss: -0.0043
                      Mean entropy loss: 37.6190
                     Mean symmetry loss: 0.0017
                   Mean l2c2_actor loss: 0.0039
                  Mean l2c2_critic loss: 0.0130
                            Mean reward: -1902.17
                    Mean episode length: 697.09
                        Mean action std: 0.89
                    Entropy coefficient: 0.002500
           Episode_Reward/torque_limits: -1.0932
    Episode_Reward/joint_tracking_error: -3.6222
           Episode_Reward/feet_yaw_mean: -0.8182
     Episode_Reward/completely_airborne: -16.6882
            Episode_Reward/joint_acc_l2: -0.1263
              Episode_Reward/not_moving: -4.7635
              Episode_Reward/relaxation: -7.5261
               Episode_Reward/flat_feet: -2.3509
         Episode_Reward/ground_unloaded: -0.8799
            Metrics/height/height_error: 0.1224
           Curriculum/polish_torso_slam: -5.0000
         Curriculum/polish_joint_vel_l2: -0.0010
        Episode_Reward/illegal_contacts: -0.4471
          Curriculum/polish_ground_slam: -1.0000
           Episode_Reward/feet_distance: -0.4093
        Episode_Reward/joint_torques_l2: -1.0502
           Episode_Reward/body_velocity: -14.0340
        Episode_Reward/joint_pos_limits: -0.0171
 Episode_Reward/joint_deviation_l1_arms: -0.5798
               Curriculum/adaptive_lift: 0.9779
           Episode_Reward/forward_pitch: -1.1784
             Episode_Reward/ground_slam: -5.5428
     Curriculum/polish_action_rate_rate: -0.1500
             Episode_Reward/action_rate: -44.3743
           Episode_Termination/time_out: 0.9064
       Episode_Reward/base_height_rough: 2.3606
         Episode_Reward/severely_tilted: -0.0525
              Episode_Reward/torso_slam: -7.1108
        Episode_Reward/joint_vel_limits: -0.0018
              Curriculum/terrain_levels: 0.0000
      Episode_Termination/invalid_state: 0.0936
  Episode_Reward/feet_distance_standing: -0.3399
      Episode_Reward/base_height_medium: 3.7572
           Curriculum/polish_not_moving: -1.0000
           Episode_Reward/torso_upright: -0.0703
      Episode_Reward/joint_deviation_l1: -1.0144
            Episode_Reward/joint_vel_l2: -1.3805
              Episode_Reward/torso_roll: -1.8391
           Episode_Reward/ankle_torques: -0.2395
        Curriculum/random_fallen_states: 0.0000
        Episode_Reward/action_rate_rate: -19.7181
              Episode_Reward/feet_slide: -0.8617
        Episode_Reward/base_height_fine: 6.2610
--------------------------------------------------------------------------------
                         Iteration time: 1.19s
                           Time elapsed: 0:01:13
                                    ETA: 0:01:13

################################################################################
[1m                           Learning iteration 60/120                            [0m 

                               Run name: height_tracking_g1
                            Total steps: 5996544 
                       Steps per second: 82681 
                        Collection time: 0.956s 
                          Learning time: 0.233s 
                        Mean value loss: 1.0445
                    Mean surrogate loss: -0.0045
                      Mean entropy loss: 37.4985
                     Mean symmetry loss: 0.0016
                   Mean l2c2_actor loss: 0.0039
                  Mean l2c2_critic loss: 0.0127
                            Mean reward: -1926.09
                    Mean episode length: 707.05
                        Mean action std: 0.88
                    Entropy coefficient: 0.002500
           Episode_Reward/torque_limits: -1.0944
    Episode_Reward/joint_tracking_error: -3.5480
           Episode_Reward/feet_yaw_mean: -0.8183
     Episode_Reward/completely_airborne: -16.9642
            Episode_Reward/joint_acc_l2: -0.1253
              Episode_Reward/not_moving: -4.5490
              Episode_Reward/relaxation: -8.9378
               Episode_Reward/flat_feet: -2.3913
         Episode_Reward/ground_unloaded: -0.8098
            Metrics/height/height_error: 0.1231
           Curriculum/polish_torso_slam: -5.0000
         Curriculum/polish_joint_vel_l2: -0.0010
        Episode_Reward/illegal_contacts: -0.4509
          Curriculum/polish_ground_slam: -1.0000
           Episode_Reward/feet_distance: -0.4240
        Episode_Reward/joint_torques_l2: -1.0354
           Episode_Reward/body_velocity: -13.4207
        Episode_Reward/joint_pos_limits: -0.0166
 Episode_Reward/joint_deviation_l1_arms: -0.5707
               Curriculum/adaptive_lift: 0.9779
           Episode_Reward/forward_pitch: -1.2114
             Episode_Reward/ground_slam: -5.4729
     Curriculum/polish_action_rate_rate: -0.1500
             Episode_Reward/action_rate: -44.5663
           Episode_Termination/time_out: 0.9085
       Episode_Reward/base_height_rough: 2.2427
         Episode_Reward/severely_tilted: -0.0552
              Episode_Reward/torso_slam: -7.4963
        Episode_Reward/joint_vel_limits: -0.0017
              Curriculum/terrain_levels: 0.0000
      Episode_Termination/invalid_state: 0.0915
  Episode_Reward/feet_distance_standing: -0.3315
      Episode_Reward/base_height_medium: 3.5390
           Curriculum/polish_not_moving: -1.0000
           Episode_Reward/torso_upright: -0.0717
      Episode_Reward/joint_deviation_l1: -1.0103
            Episode_Reward/joint_vel_l2: -1.3799
              Episode_Reward/torso_roll: -1.8580
           Episode_Reward/ankle_torques: -0.2181
        Curriculum/random_fallen_states: 0.0000
        Episode_Reward/action_rate_rate: -19.8038
              Episode_Reward/feet_slide: -0.8676
        Episode_Reward/base_height_fine: 5.9244
--------------------------------------------------------------------------------
                         Iteration time: 1.19s
                           Time elapsed: 0:01:14
                                    ETA: 0:01:11

################################################################################
[1m                           Learning iteration 61/120                            [0m 

                               Run name: height_tracking_g1
                            Total steps: 6094848 
                       Steps per second: 82832 
                        Collection time: 0.954s 
                          Learning time: 0.233s 
                        Mean value loss: 1.0002
                    Mean surrogate loss: -0.0041
                      Mean entropy loss: 37.3982
                     Mean symmetry loss: 0.0016
                   Mean l2c2_actor loss: 0.0039
                  Mean l2c2_critic loss: 0.0131
                            Mean reward: -1971.63
                    Mean episode length: 727.60
                        Mean action std: 0.88
                    Entropy coefficient: 0.002500
           Episode_Reward/torque_limits: -1.1114
    Episode_Reward/joint_tracking_error: -3.6345
           Episode_Reward/feet_yaw_mean: -0.8119
     Episode_Reward/completely_airborne: -17.4655
            Episode_Reward/joint_acc_l2: -0.1263
              Episode_Reward/not_moving: -4.5104
              Episode_Reward/relaxation: -9.7175
               Episode_Reward/flat_feet: -2.5498
         Episode_Reward/ground_unloaded: -0.7805
            Metrics/height/height_error: 0.1109
           Curriculum/polish_torso_slam: -5.0000
         Curriculum/polish_joint_vel_l2: -0.0010
        Episode_Reward/illegal_contacts: -0.4499
          Curriculum/polish_ground_slam: -1.0000
           Episode_Reward/feet_distance: -0.4267
        Episode_Reward/joint_torques_l2: -1.0505
           Episode_Reward/body_velocity: -13.5735
        Episode_Reward/joint_pos_limits: -0.0172
 Episode_Reward/joint_deviation_l1_arms: -0.5248
               Curriculum/adaptive_lift: 0.9779
           Episode_Reward/forward_pitch: -1.1634
             Episode_Reward/ground_slam: -5.5910
     Curriculum/polish_action_rate_rate: -0.1500
             Episode_Reward/action_rate: -46.0399
           Episode_Termination/time_out: 0.9112
       Episode_Reward/base_height_rough: 2.2772
         Episode_Reward/severely_tilted: -0.0573
              Episode_Reward/torso_slam: -7.2428
        Episode_Reward/joint_vel_limits: -0.0017
              Curriculum/terrain_levels: 0.0000
      Episode_Termination/invalid_state: 0.0888
  Episode_Reward/feet_distance_standing: -0.3135
      Episode_Reward/base_height_medium: 3.5409
           Curriculum/polish_not_moving: -1.0000
           Episode_Reward/torso_upright: -0.0646
      Episode_Reward/joint_deviation_l1: -0.9056
            Episode_Reward/joint_vel_l2: -1.4222
              Episode_Reward/torso_roll: -1.9379
           Episode_Reward/ankle_torques: -0.2452
        Curriculum/random_fallen_states: 0.0000
        Episode_Reward/action_rate_rate: -20.4685
              Episode_Reward/feet_slide: -0.8890
        Episode_Reward/base_height_fine: 5.8808
--------------------------------------------------------------------------------
                         Iteration time: 1.19s
                           Time elapsed: 0:01:15
                                    ETA: 0:01:10

################################################################################
[1m                           Learning iteration 62/120                            [0m 

                               Run name: height_tracking_g1
                            Total steps: 6193152 
                       Steps per second: 83011 
                        Collection time: 0.952s 
                          Learning time: 0.232s 
                        Mean value loss: 1.2366
                    Mean surrogate loss: -0.0045
                      Mean entropy loss: 37.2972
                     Mean symmetry loss: 0.0017
                   Mean l2c2_actor loss: 0.0039
                  Mean l2c2_critic loss: 0.0119
                            Mean reward: -1778.17
                    Mean episode length: 637.10
                        Mean action std: 0.88
                    Entropy coefficient: 0.002500
           Episode_Reward/torque_limits: -1.0247
    Episode_Reward/joint_tracking_error: -3.4176
           Episode_Reward/feet_yaw_mean: -0.8397
     Episode_Reward/completely_airborne: -15.9448
            Episode_Reward/joint_acc_l2: -0.1140
              Episode_Reward/not_moving: -4.1064
              Episode_Reward/relaxation: -8.5365
               Episode_Reward/flat_feet: -2.3319
         Episode_Reward/ground_unloaded: -0.7619
            Metrics/height/height_error: 0.1113
           Curriculum/polish_torso_slam: -5.0000
         Curriculum/polish_joint_vel_l2: -0.0010
        Episode_Reward/illegal_contacts: -0.4518
          Curriculum/polish_ground_slam: -1.0000
           Episode_Reward/feet_distance: -0.4081
        Episode_Reward/joint_torques_l2: -0.9683
           Episode_Reward/body_velocity: -13.9089
        Episode_Reward/joint_pos_limits: -0.0166
 Episode_Reward/joint_deviation_l1_arms: -0.5054
               Curriculum/adaptive_lift: 0.9779
           Episode_Reward/forward_pitch: -1.2048
             Episode_Reward/ground_slam: -5.6454
     Curriculum/polish_action_rate_rate: -0.1500
             Episode_Reward/action_rate: -41.9256
           Episode_Termination/time_out: 0.9143
       Episode_Reward/base_height_rough: 2.0797
         Episode_Reward/severely_tilted: -0.0611
              Episode_Reward/torso_slam: -7.4516
        Episode_Reward/joint_vel_limits: -0.0016
              Curriculum/terrain_levels: 0.0000
      Episode_Termination/invalid_state: 0.0857
  Episode_Reward/feet_distance_standing: -0.3142
      Episode_Reward/base_height_medium: 3.2449
           Curriculum/polish_not_moving: -1.0000
           Episode_Reward/torso_upright: -0.0542
      Episode_Reward/joint_deviation_l1: -0.8404
            Episode_Reward/joint_vel_l2: -1.3101
              Episode_Reward/torso_roll: -1.8094
           Episode_Reward/ankle_torques: -0.1996
        Curriculum/random_fallen_states: 0.0000
        Episode_Reward/action_rate_rate: -18.6156
              Episode_Reward/feet_slide: -0.8280
        Episode_Reward/base_height_fine: 5.3591
--------------------------------------------------------------------------------
                         Iteration time: 1.18s
                           Time elapsed: 0:01:16
                                    ETA: 0:01:09

################################################################################
[1m                           Learning iteration 63/120                            [0m 

                               Run name: height_tracking_g1
                            Total steps: 6291456 
                       Steps per second: 82875 
                        Collection time: 0.953s 
                          Learning time: 0.233s 
                        Mean value loss: 0.9603
                    Mean surrogate loss: -0.0018
                      Mean entropy loss: 37.2125
                     Mean symmetry loss: 0.0017
                   Mean l2c2_actor loss: 0.0039
                  Mean l2c2_critic loss: 0.0116
                            Mean reward: -1929.59
                    Mean episode length: 721.13
                        Mean action std: 0.87
                    Entropy coefficient: 0.002500
           Episode_Reward/torque_limits: -1.0982
    Episode_Reward/joint_tracking_error: -3.5812
           Episode_Reward/feet_yaw_mean: -0.8414
     Episode_Reward/completely_airborne: -17.2007
            Episode_Reward/joint_acc_l2: -0.1305
              Episode_Reward/not_moving: -4.8597
              Episode_Reward/relaxation: -7.8445
               Episode_Reward/flat_feet: -2.4633
         Episode_Reward/ground_unloaded: -0.8923
            Metrics/height/height_error: 0.1191
           Curriculum/polish_torso_slam: -5.0000
         Curriculum/polish_joint_vel_l2: -0.0010
        Episode_Reward/illegal_contacts: -0.4512
          Curriculum/polish_ground_slam: -1.0000
           Episode_Reward/feet_distance: -0.4252
        Episode_Reward/joint_torques_l2: -1.0715
           Episode_Reward/body_velocity: -14.1882
        Episode_Reward/joint_pos_limits: -0.0172
 Episode_Reward/joint_deviation_l1_arms: -0.5503
               Curriculum/adaptive_lift: 0.9779
           Episode_Reward/forward_pitch: -1.2085
             Episode_Reward/ground_slam: -6.0973
     Curriculum/polish_action_rate_rate: -0.1500
             Episode_Reward/action_rate: -45.1115
           Episode_Termination/time_out: 0.9159
       Episode_Reward/base_height_rough: 2.4382
         Episode_Reward/severely_tilted: -0.0539
              Episode_Reward/torso_slam: -7.4880
        Episode_Reward/joint_vel_limits: -0.0017
              Curriculum/terrain_levels: 0.0000
      Episode_Termination/invalid_state: 0.0841
  Episode_Reward/feet_distance_standing: -0.3377
      Episode_Reward/base_height_medium: 3.8657
           Curriculum/polish_not_moving: -1.0000
           Episode_Reward/torso_upright: -0.0686
      Episode_Reward/joint_deviation_l1: -0.9793
            Episode_Reward/joint_vel_l2: -1.3847
              Episode_Reward/torso_roll: -1.8801
           Episode_Reward/ankle_torques: -0.2495
        Curriculum/random_fallen_states: 0.0000
        Episode_Reward/action_rate_rate: -20.0478
              Episode_Reward/feet_slide: -0.9065
        Episode_Reward/base_height_fine: 6.4435
--------------------------------------------------------------------------------
                         Iteration time: 1.19s
                           Time elapsed: 0:01:17
                                    ETA: 0:01:08

################################################################################
[1m                           Learning iteration 64/120                            [0m 

                               Run name: height_tracking_g1
                            Total steps: 6389760 
                       Steps per second: 82731 
                        Collection time: 0.954s 
                          Learning time: 0.234s 
                        Mean value loss: 0.9853
                    Mean surrogate loss: -0.0043
                      Mean entropy loss: 37.0845
                     Mean symmetry loss: 0.0015
                   Mean l2c2_actor loss: 0.0039
                  Mean l2c2_critic loss: 0.0126
                            Mean reward: -1896.25
                    Mean episode length: 729.10
                        Mean action std: 0.87
                    Entropy coefficient: 0.002500
           Episode_Reward/torque_limits: -1.0779
    Episode_Reward/joint_tracking_error: -3.5253
           Episode_Reward/feet_yaw_mean: -0.7901
     Episode_Reward/completely_airborne: -17.1957
            Episode_Reward/joint_acc_l2: -0.1245
              Episode_Reward/not_moving: -4.7938
              Episode_Reward/relaxation: -8.7602
               Episode_Reward/flat_feet: -2.5134
         Episode_Reward/ground_unloaded: -0.8539
            Metrics/height/height_error: 0.1027
           Curriculum/polish_torso_slam: -5.0000
         Curriculum/polish_joint_vel_l2: -0.0010
        Episode_Reward/illegal_contacts: -0.4502
          Curriculum/polish_ground_slam: -1.0000
           Episode_Reward/feet_distance: -0.4256
        Episode_Reward/joint_torques_l2: -1.0528
           Episode_Reward/body_velocity: -12.5858
        Episode_Reward/joint_pos_limits: -0.0172
 Episode_Reward/joint_deviation_l1_arms: -0.5145
               Curriculum/adaptive_lift: 0.9779
           Episode_Reward/forward_pitch: -1.2139
             Episode_Reward/ground_slam: -5.2944
     Curriculum/polish_action_rate_rate: -0.1500
             Episode_Reward/action_rate: -45.6940
           Episode_Termination/time_out: 0.9181
       Episode_Reward/base_height_rough: 2.3979
         Episode_Reward/severely_tilted: -0.0430
              Episode_Reward/torso_slam: -6.7179
        Episode_Reward/joint_vel_limits: -0.0016
              Curriculum/terrain_levels: 0.0000
      Episode_Termination/invalid_state: 0.0819
  Episode_Reward/feet_distance_standing: -0.3235
      Episode_Reward/base_height_medium: 3.8482
           Curriculum/polish_not_moving: -1.0000
           Episode_Reward/torso_upright: -0.0626
      Episode_Reward/joint_deviation_l1: -0.9146
            Episode_Reward/joint_vel_l2: -1.3649
              Episode_Reward/torso_roll: -1.9130
           Episode_Reward/ankle_torques: -0.2238
        Curriculum/random_fallen_states: 0.0000
        Episode_Reward/action_rate_rate: -20.3048
              Episode_Reward/feet_slide: -0.9077
        Episode_Reward/base_height_fine: 6.4976
--------------------------------------------------------------------------------
                         Iteration time: 1.19s
                           Time elapsed: 0:01:19
                                    ETA: 0:01:06

################################################################################
[1m                           Learning iteration 65/120                            [0m 

                               Run name: height_tracking_g1
                            Total steps: 6488064 
                       Steps per second: 82641 
                        Collection time: 0.955s 
                          Learning time: 0.235s 
                        Mean value loss: 1.3148
                    Mean surrogate loss: -0.0053
                      Mean entropy loss: 36.9976
                     Mean symmetry loss: 0.0016
                   Mean l2c2_actor loss: 0.0039
                  Mean l2c2_critic loss: 0.0126
                            Mean reward: -1781.38
                    Mean episode length: 672.90
                        Mean action std: 0.87
                    Entropy coefficient: 0.002500
           Episode_Reward/torque_limits: -0.9788
    Episode_Reward/joint_tracking_error: -3.2813
           Episode_Reward/feet_yaw_mean: -0.7720
     Episode_Reward/completely_airborne: -16.3044
            Episode_Reward/joint_acc_l2: -0.1176
              Episode_Reward/not_moving: -4.3932
              Episode_Reward/relaxation: -8.1661
               Episode_Reward/flat_feet: -2.3438
         Episode_Reward/ground_unloaded: -0.7838
            Metrics/height/height_error: 0.1136
           Curriculum/polish_torso_slam: -5.0000
         Curriculum/polish_joint_vel_l2: -0.0010
        Episode_Reward/illegal_contacts: -0.4325
          Curriculum/polish_ground_slam: -1.0000
           Episode_Reward/feet_distance: -0.3949
        Episode_Reward/joint_torques_l2: -0.9838
           Episode_Reward/body_velocity: -12.2885
        Episode_Reward/joint_pos_limits: -0.0160
 Episode_Reward/joint_deviation_l1_arms: -0.4942
               Curriculum/adaptive_lift: 0.9779
           Episode_Reward/forward_pitch: -1.1690
             Episode_Reward/ground_slam: -5.1973
     Curriculum/polish_action_rate_rate: -0.1500
             Episode_Reward/action_rate: -42.4733
           Episode_Termination/time_out: 0.9184
       Episode_Reward/base_height_rough: 2.2649
         Episode_Reward/severely_tilted: -0.0528
              Episode_Reward/torso_slam: -7.0147
        Episode_Reward/joint_vel_limits: -0.0015
              Curriculum/terrain_levels: 0.0000
      Episode_Termination/invalid_state: 0.0816
  Episode_Reward/feet_distance_standing: -0.3181
      Episode_Reward/base_height_medium: 3.5660
           Curriculum/polish_not_moving: -1.0000
           Episode_Reward/torso_upright: -0.0605
      Episode_Reward/joint_deviation_l1: -0.8763
            Episode_Reward/joint_vel_l2: -1.2661
              Episode_Reward/torso_roll: -1.7741
           Episode_Reward/ankle_torques: -0.2072
        Curriculum/random_fallen_states: 0.0000
        Episode_Reward/action_rate_rate: -18.8777
              Episode_Reward/feet_slide: -0.8299
        Episode_Reward/base_height_fine: 5.9358
--------------------------------------------------------------------------------
                         Iteration time: 1.19s
                           Time elapsed: 0:01:20
                                    ETA: 0:01:05

################################################################################
[1m                           Learning iteration 66/120                            [0m 

                               Run name: height_tracking_g1
                            Total steps: 6586368 
                       Steps per second: 82861 
                        Collection time: 0.953s 
                          Learning time: 0.233s 
                        Mean value loss: 1.1309
                    Mean surrogate loss: -0.0025
                      Mean entropy loss: 36.9270
                     Mean symmetry loss: 0.0017
                   Mean l2c2_actor loss: 0.0038
                  Mean l2c2_critic loss: 0.0144
                            Mean reward: -1856.86
                    Mean episode length: 696.39
                        Mean action std: 0.87
                    Entropy coefficient: 0.002500
           Episode_Reward/torque_limits: -1.0065
    Episode_Reward/joint_tracking_error: -3.3533
           Episode_Reward/feet_yaw_mean: -0.8081
     Episode_Reward/completely_airborne: -16.2660
            Episode_Reward/joint_acc_l2: -0.1186
              Episode_Reward/not_moving: -4.0802
              Episode_Reward/relaxation: -9.3499
               Episode_Reward/flat_feet: -2.4317
         Episode_Reward/ground_unloaded: -0.7383
            Metrics/height/height_error: 0.1093
           Curriculum/polish_torso_slam: -5.0000
         Curriculum/polish_joint_vel_l2: -0.0010
        Episode_Reward/illegal_contacts: -0.4803
          Curriculum/polish_ground_slam: -1.0000
           Episode_Reward/feet_distance: -0.4121
        Episode_Reward/joint_torques_l2: -1.0100
           Episode_Reward/body_velocity: -12.5658
        Episode_Reward/joint_pos_limits: -0.0165
 Episode_Reward/joint_deviation_l1_arms: -0.5019
               Curriculum/adaptive_lift: 0.9779
           Episode_Reward/forward_pitch: -1.3750
             Episode_Reward/ground_slam: -5.3154
     Curriculum/polish_action_rate_rate: -0.1500
             Episode_Reward/action_rate: -43.0567
           Episode_Termination/time_out: 0.9196
       Episode_Reward/base_height_rough: 2.1666
         Episode_Reward/severely_tilted: -0.0527
              Episode_Reward/torso_slam: -7.0337
        Episode_Reward/joint_vel_limits: -0.0015
              Curriculum/terrain_levels: 0.0000
      Episode_Termination/invalid_state: 0.0804
  Episode_Reward/feet_distance_standing: -0.3061
      Episode_Reward/base_height_medium: 3.3344
           Curriculum/polish_not_moving: -1.0000
           Episode_Reward/torso_upright: -0.0596
      Episode_Reward/joint_deviation_l1: -0.8583
            Episode_Reward/joint_vel_l2: -1.3069
              Episode_Reward/torso_roll: -1.8705
           Episode_Reward/ankle_torques: -0.2102
        Curriculum/random_fallen_states: 0.0000
        Episode_Reward/action_rate_rate: -19.1269
              Episode_Reward/feet_slide: -0.8469
        Episode_Reward/base_height_fine: 5.4817
--------------------------------------------------------------------------------
                         Iteration time: 1.19s
                           Time elapsed: 0:01:21
                                    ETA: 0:01:04

################################################################################
[1m                           Learning iteration 67/120                            [0m 

                               Run name: height_tracking_g1
                            Total steps: 6684672 
                       Steps per second: 82474 
                        Collection time: 0.959s 
                          Learning time: 0.233s 
                        Mean value loss: 1.3082
                    Mean surrogate loss: -0.0033
                      Mean entropy loss: 36.8391
                     Mean symmetry loss: 0.0017
                   Mean l2c2_actor loss: 0.0038
                  Mean l2c2_critic loss: 0.0143
                            Mean reward: -1754.89
                    Mean episode length: 653.03
                        Mean action std: 0.86
                    Entropy coefficient: 0.002500
           Episode_Reward/torque_limits: -0.9406
    Episode_Reward/joint_tracking_error: -3.1592
           Episode_Reward/feet_yaw_mean: -0.7447
     Episode_Reward/completely_airborne: -15.4520
            Episode_Reward/joint_acc_l2: -0.1086
              Episode_Reward/not_moving: -3.8067
              Episode_Reward/relaxation: -8.7781
               Episode_Reward/flat_feet: -2.2937
         Episode_Reward/ground_unloaded: -0.7013
            Metrics/height/height_error: 0.0924
           Curriculum/polish_torso_slam: -5.0000
         Curriculum/polish_joint_vel_l2: -0.0010
        Episode_Reward/illegal_contacts: -0.4331
          Curriculum/polish_ground_slam: -1.0000
           Episode_Reward/feet_distance: -0.3806
        Episode_Reward/joint_torques_l2: -0.9168
           Episode_Reward/body_velocity: -12.6421
        Episode_Reward/joint_pos_limits: -0.0160
 Episode_Reward/joint_deviation_l1_arms: -0.4659
               Curriculum/adaptive_lift: 0.9775
           Episode_Reward/forward_pitch: -1.1258
             Episode_Reward/ground_slam: -5.4291
     Curriculum/polish_action_rate_rate: -0.1500
             Episode_Reward/action_rate: -40.3190
           Episode_Termination/time_out: 0.9221
       Episode_Reward/base_height_rough: 2.0673
         Episode_Reward/severely_tilted: -0.0524
              Episode_Reward/torso_slam: -7.0943
        Episode_Reward/joint_vel_limits: -0.0014
              Curriculum/terrain_levels: 0.0000
      Episode_Termination/invalid_state: 0.0779
  Episode_Reward/feet_distance_standing: -0.2817
      Episode_Reward/base_height_medium: 3.1898
           Curriculum/polish_not_moving: -1.0000
           Episode_Reward/torso_upright: -0.0545
      Episode_Reward/joint_deviation_l1: -0.8067
            Episode_Reward/joint_vel_l2: -1.2165
              Episode_Reward/torso_roll: -1.7418
           Episode_Reward/ankle_torques: -0.2002
        Curriculum/random_fallen_states: 0.0000
        Episode_Reward/action_rate_rate: -17.9231
              Episode_Reward/feet_slide: -0.7904
        Episode_Reward/base_height_fine: 5.2435
--------------------------------------------------------------------------------
                         Iteration time: 1.19s
                           Time elapsed: 0:01:22
                                    ETA: 0:01:03

################################################################################
[1m                           Learning iteration 68/120                            [0m 

                               Run name: height_tracking_g1
                            Total steps: 6782976 
                       Steps per second: 82664 
                        Collection time: 0.956s 
                          Learning time: 0.233s 
                        Mean value loss: 0.7664
                    Mean surrogate loss: -0.0015
                      Mean entropy loss: 36.7531
                     Mean symmetry loss: 0.0017
                   Mean l2c2_actor loss: 0.0038
                  Mean l2c2_critic loss: 0.0153
                            Mean reward: -1955.70
                    Mean episode length: 749.49
                        Mean action std: 0.86
                    Entropy coefficient: 0.002500
           Episode_Reward/torque_limits: -1.0710
    Episode_Reward/joint_tracking_error: -3.5759
           Episode_Reward/feet_yaw_mean: -0.8863
     Episode_Reward/completely_airborne: -17.4557
            Episode_Reward/joint_acc_l2: -0.1202
              Episode_Reward/not_moving: -4.5470
              Episode_Reward/relaxation: -9.2701
               Episode_Reward/flat_feet: -2.6508
         Episode_Reward/ground_unloaded: -0.8438
            Metrics/height/height_error: 0.1098
           Curriculum/polish_torso_slam: -5.0000
         Curriculum/polish_joint_vel_l2: -0.0010
        Episode_Reward/illegal_contacts: -0.5043
          Curriculum/polish_ground_slam: -1.0000
           Episode_Reward/feet_distance: -0.4433
        Episode_Reward/joint_torques_l2: -1.0284
           Episode_Reward/body_velocity: -13.4204
        Episode_Reward/joint_pos_limits: -0.0181
 Episode_Reward/joint_deviation_l1_arms: -0.4954
               Curriculum/adaptive_lift: 0.9762
           Episode_Reward/forward_pitch: -1.3179
             Episode_Reward/ground_slam: -5.8616
     Curriculum/polish_action_rate_rate: -0.1500
             Episode_Reward/action_rate: -45.5440
           Episode_Termination/time_out: 0.9238
       Episode_Reward/base_height_rough: 2.3355
         Episode_Reward/severely_tilted: -0.0561
              Episode_Reward/torso_slam: -7.8362
        Episode_Reward/joint_vel_limits: -0.0017
              Curriculum/terrain_levels: 0.0000
      Episode_Termination/invalid_state: 0.0762
  Episode_Reward/feet_distance_standing: -0.3159
      Episode_Reward/base_height_medium: 3.6495
           Curriculum/polish_not_moving: -1.0000
           Episode_Reward/torso_upright: -0.0553
      Episode_Reward/joint_deviation_l1: -0.8478
            Episode_Reward/joint_vel_l2: -1.4137
              Episode_Reward/torso_roll: -2.0064
           Episode_Reward/ankle_torques: -0.2321
        Curriculum/random_fallen_states: 0.0000
        Episode_Reward/action_rate_rate: -20.2383
              Episode_Reward/feet_slide: -0.8902
        Episode_Reward/base_height_fine: 6.0864
--------------------------------------------------------------------------------
                         Iteration time: 1.19s
                           Time elapsed: 0:01:23
                                    ETA: 0:01:02

################################################################################
[1m                           Learning iteration 69/120                            [0m 

                               Run name: height_tracking_g1
                            Total steps: 6881280 
                       Steps per second: 83034 
                        Collection time: 0.950s 
                          Learning time: 0.234s 
                        Mean value loss: 1.0274
                    Mean surrogate loss: -0.0042
                      Mean entropy loss: 36.6323
                     Mean symmetry loss: 0.0016
                   Mean l2c2_actor loss: 0.0038
                  Mean l2c2_critic loss: 0.0156
                            Mean reward: -1843.81
                    Mean episode length: 721.62
                        Mean action std: 0.86
                    Entropy coefficient: 0.002500
           Episode_Reward/torque_limits: -0.9942
    Episode_Reward/joint_tracking_error: -3.3824
           Episode_Reward/feet_yaw_mean: -0.7375
     Episode_Reward/completely_airborne: -17.3111
            Episode_Reward/joint_acc_l2: -0.1200
              Episode_Reward/not_moving: -4.8432
              Episode_Reward/relaxation: -7.8843
               Episode_Reward/flat_feet: -2.4461
         Episode_Reward/ground_unloaded: -0.8582
            Metrics/height/height_error: 0.1039
           Curriculum/polish_torso_slam: -5.0000
         Curriculum/polish_joint_vel_l2: -0.0010
        Episode_Reward/illegal_contacts: -0.4338
          Curriculum/polish_ground_slam: -1.0000
           Episode_Reward/feet_distance: -0.3976
        Episode_Reward/joint_torques_l2: -1.0025
           Episode_Reward/body_velocity: -13.1768
        Episode_Reward/joint_pos_limits: -0.0168
 Episode_Reward/joint_deviation_l1_arms: -0.5482
               Curriculum/adaptive_lift: 0.9761
           Episode_Reward/forward_pitch: -1.1947
             Episode_Reward/ground_slam: -5.4185
     Curriculum/polish_action_rate_rate: -0.1500
             Episode_Reward/action_rate: -43.7915
           Episode_Termination/time_out: 0.9252
       Episode_Reward/base_height_rough: 2.3930
         Episode_Reward/severely_tilted: -0.0515
              Episode_Reward/torso_slam: -7.4147
        Episode_Reward/joint_vel_limits: -0.0016
              Curriculum/terrain_levels: 0.0000
      Episode_Termination/invalid_state: 0.0748
  Episode_Reward/feet_distance_standing: -0.3232
      Episode_Reward/base_height_medium: 3.8373
           Curriculum/polish_not_moving: -1.0000
           Episode_Reward/torso_upright: -0.0709
      Episode_Reward/joint_deviation_l1: -0.9874
            Episode_Reward/joint_vel_l2: -1.3442
              Episode_Reward/torso_roll: -1.8424
           Episode_Reward/ankle_torques: -0.1905
        Curriculum/random_fallen_states: 0.0000
        Episode_Reward/action_rate_rate: -19.4658
              Episode_Reward/feet_slide: -0.8722
        Episode_Reward/base_height_fine: 6.5050
--------------------------------------------------------------------------------
                         Iteration time: 1.18s
                           Time elapsed: 0:01:25
                                    ETA: 0:01:00

################################################################################
[1m                           Learning iteration 70/120                            [0m 

                               Run name: height_tracking_g1
                            Total steps: 6979584 
                       Steps per second: 82777 
                        Collection time: 0.955s 
                          Learning time: 0.233s 
                        Mean value loss: 0.9468
                    Mean surrogate loss: -0.0029
                      Mean entropy loss: 36.5310
                     Mean symmetry loss: 0.0017
                   Mean l2c2_actor loss: 0.0038
                  Mean l2c2_critic loss: 0.0152
                            Mean reward: -1788.56
                    Mean episode length: 715.34
                        Mean action std: 0.86
                    Entropy coefficient: 0.002500
           Episode_Reward/torque_limits: -0.9706
    Episode_Reward/joint_tracking_error: -3.2485
           Episode_Reward/feet_yaw_mean: -0.7495
     Episode_Reward/completely_airborne: -16.7234
            Episode_Reward/joint_acc_l2: -0.1165
              Episode_Reward/not_moving: -4.6243
              Episode_Reward/relaxation: -7.9462
               Episode_Reward/flat_feet: -2.4496
         Episode_Reward/ground_unloaded: -0.8401
            Metrics/height/height_error: 0.1039
           Curriculum/polish_torso_slam: -5.0000
         Curriculum/polish_joint_vel_l2: -0.0010
        Episode_Reward/illegal_contacts: -0.4466
          Curriculum/polish_ground_slam: -1.0000
           Episode_Reward/feet_distance: -0.4135
        Episode_Reward/joint_torques_l2: -0.9813
           Episode_Reward/body_velocity: -11.9824
        Episode_Reward/joint_pos_limits: -0.0163
 Episode_Reward/joint_deviation_l1_arms: -0.4966
               Curriculum/adaptive_lift: 0.9761
           Episode_Reward/forward_pitch: -1.2006
             Episode_Reward/ground_slam: -5.1570
     Curriculum/polish_action_rate_rate: -0.1500
             Episode_Reward/action_rate: -43.0247
           Episode_Termination/time_out: 0.9266
       Episode_Reward/base_height_rough: 2.3708
         Episode_Reward/severely_tilted: -0.0450
              Episode_Reward/torso_slam: -6.7283
        Episode_Reward/joint_vel_limits: -0.0014
              Curriculum/terrain_levels: 0.0000
      Episode_Termination/invalid_state: 0.0734
  Episode_Reward/feet_distance_standing: -0.3183
      Episode_Reward/base_height_medium: 3.7805
           Curriculum/polish_not_moving: -1.0000
           Episode_Reward/torso_upright: -0.0628
      Episode_Reward/joint_deviation_l1: -0.9112
            Episode_Reward/joint_vel_l2: -1.2723
              Episode_Reward/torso_roll: -1.8298
           Episode_Reward/ankle_torques: -0.2165
        Curriculum/random_fallen_states: 0.0000
        Episode_Reward/action_rate_rate: -19.1263
              Episode_Reward/feet_slide: -0.8498
        Episode_Reward/base_height_fine: 6.3496
--------------------------------------------------------------------------------
                         Iteration time: 1.19s
                           Time elapsed: 0:01:26
                                    ETA: 0:00:59

################################################################################
[1m                           Learning iteration 71/120                            [0m 

                               Run name: height_tracking_g1
                            Total steps: 7077888 
                       Steps per second: 82995 
                        Collection time: 0.952s 
                          Learning time: 0.233s 
                        Mean value loss: 1.0740
                    Mean surrogate loss: -0.0035
                      Mean entropy loss: 36.4238
                     Mean symmetry loss: 0.0017
                   Mean l2c2_actor loss: 0.0038
                  Mean l2c2_critic loss: 0.0146
                            Mean reward: -1759.64
                    Mean episode length: 675.51
                        Mean action std: 0.85
                    Entropy coefficient: 0.002500
           Episode_Reward/torque_limits: -0.9764
    Episode_Reward/joint_tracking_error: -3.2709
           Episode_Reward/feet_yaw_mean: -0.7732
     Episode_Reward/completely_airborne: -16.4413
            Episode_Reward/joint_acc_l2: -0.1205
              Episode_Reward/not_moving: -4.6081
              Episode_Reward/relaxation: -7.7798
               Episode_Reward/flat_feet: -2.4127
         Episode_Reward/ground_unloaded: -0.8473
            Metrics/height/height_error: 0.0942
           Curriculum/polish_torso_slam: -5.0000
         Curriculum/polish_joint_vel_l2: -0.0010
        Episode_Reward/illegal_contacts: -0.4568
          Curriculum/polish_ground_slam: -1.0000
           Episode_Reward/feet_distance: -0.4126
        Episode_Reward/joint_torques_l2: -1.0037
           Episode_Reward/body_velocity: -12.5065
        Episode_Reward/joint_pos_limits: -0.0167
 Episode_Reward/joint_deviation_l1_arms: -0.4933
               Curriculum/adaptive_lift: 0.9759
           Episode_Reward/forward_pitch: -1.1713
             Episode_Reward/ground_slam: -5.3239
     Curriculum/polish_action_rate_rate: -0.1500
             Episode_Reward/action_rate: -42.1154
           Episode_Termination/time_out: 0.9288
       Episode_Reward/base_height_rough: 2.3413
         Episode_Reward/severely_tilted: -0.0490
              Episode_Reward/torso_slam: -6.6113
        Episode_Reward/joint_vel_limits: -0.0015
              Curriculum/terrain_levels: 0.0000
      Episode_Termination/invalid_state: 0.0712
  Episode_Reward/feet_distance_standing: -0.3177
      Episode_Reward/base_height_medium: 3.7546
           Curriculum/polish_not_moving: -1.0000
           Episode_Reward/torso_upright: -0.0621
      Episode_Reward/joint_deviation_l1: -0.8866
            Episode_Reward/joint_vel_l2: -1.2841
              Episode_Reward/torso_roll: -1.8407
           Episode_Reward/ankle_torques: -0.1876
        Curriculum/random_fallen_states: 0.0000
        Episode_Reward/action_rate_rate: -18.7142
              Episode_Reward/feet_slide: -0.8523
        Episode_Reward/base_height_fine: 6.3098
--------------------------------------------------------------------------------
                         Iteration time: 1.18s
                           Time elapsed: 0:01:27
                                    ETA: 0:00:58

################################################################################
[1m                           Learning iteration 72/120                            [0m 

                               Run name: height_tracking_g1
                            Total steps: 7176192 
                       Steps per second: 82975 
                        Collection time: 0.952s 
                          Learning time: 0.233s 
                        Mean value loss: 1.0729
                    Mean surrogate loss: -0.0042
                      Mean entropy loss: 36.2937
                     Mean symmetry loss: 0.0016
                   Mean l2c2_actor loss: 0.0038
                  Mean l2c2_critic loss: 0.0165
                            Mean reward: -1788.04
                    Mean episode length: 714.26
                        Mean action std: 0.85
                    Entropy coefficient: 0.002500
           Episode_Reward/torque_limits: -0.9550
    Episode_Reward/joint_tracking_error: -3.1949
           Episode_Reward/feet_yaw_mean: -0.7176
     Episode_Reward/completely_airborne: -16.3991
            Episode_Reward/joint_acc_l2: -0.1114
              Episode_Reward/not_moving: -4.2162
              Episode_Reward/relaxation: -8.3171
               Episode_Reward/flat_feet: -2.5241
         Episode_Reward/ground_unloaded: -0.8095
            Metrics/height/height_error: 0.1002
           Curriculum/polish_torso_slam: -5.0000
         Curriculum/polish_joint_vel_l2: -0.0010
        Episode_Reward/illegal_contacts: -0.4740
          Curriculum/polish_ground_slam: -1.0000
           Episode_Reward/feet_distance: -0.4044
        Episode_Reward/joint_torques_l2: -0.9598
           Episode_Reward/body_velocity: -11.6947
        Episode_Reward/joint_pos_limits: -0.0165
 Episode_Reward/joint_deviation_l1_arms: -0.4742
               Curriculum/adaptive_lift: 0.9742
           Episode_Reward/forward_pitch: -1.2424
             Episode_Reward/ground_slam: -5.1814
     Curriculum/polish_action_rate_rate: -0.1500
             Episode_Reward/action_rate: -43.0420
           Episode_Termination/time_out: 0.9294
       Episode_Reward/base_height_rough: 2.3585
         Episode_Reward/severely_tilted: -0.0505
              Episode_Reward/torso_slam: -6.3983
        Episode_Reward/joint_vel_limits: -0.0013
              Curriculum/terrain_levels: 0.0000
      Episode_Termination/invalid_state: 0.0706
  Episode_Reward/feet_distance_standing: -0.3121
      Episode_Reward/base_height_medium: 3.7016
           Curriculum/polish_not_moving: -1.0000
           Episode_Reward/torso_upright: -0.0613
      Episode_Reward/joint_deviation_l1: -0.8342
            Episode_Reward/joint_vel_l2: -1.2488
              Episode_Reward/torso_roll: -1.8693
           Episode_Reward/ankle_torques: -0.2181
        Curriculum/random_fallen_states: 0.0000
        Episode_Reward/action_rate_rate: -19.1251
              Episode_Reward/feet_slide: -0.8537
        Episode_Reward/base_height_fine: 6.1304
--------------------------------------------------------------------------------
                         Iteration time: 1.18s
                           Time elapsed: 0:01:28
                                    ETA: 0:00:57

################################################################################
[1m                           Learning iteration 73/120                            [0m 

                               Run name: height_tracking_g1
                            Total steps: 7274496 
                       Steps per second: 83071 
                        Collection time: 0.951s 
                          Learning time: 0.232s 
                        Mean value loss: 0.9252
                    Mean surrogate loss: -0.0025
                      Mean entropy loss: 36.2270
                     Mean symmetry loss: 0.0016
                   Mean l2c2_actor loss: 0.0038
                  Mean l2c2_critic loss: 0.0161
                            Mean reward: -1779.30
                    Mean episode length: 706.15
                        Mean action std: 0.85
                    Entropy coefficient: 0.002500
           Episode_Reward/torque_limits: -0.9744
    Episode_Reward/joint_tracking_error: -3.2901
           Episode_Reward/feet_yaw_mean: -0.7005
     Episode_Reward/completely_airborne: -16.7499
            Episode_Reward/joint_acc_l2: -0.1201
              Episode_Reward/not_moving: -4.5455
              Episode_Reward/relaxation: -8.4379
               Episode_Reward/flat_feet: -2.5211
         Episode_Reward/ground_unloaded: -0.8293
            Metrics/height/height_error: 0.1043
           Curriculum/polish_torso_slam: -5.0000
         Curriculum/polish_joint_vel_l2: -0.0010
        Episode_Reward/illegal_contacts: -0.4720
          Curriculum/polish_ground_slam: -1.0000
           Episode_Reward/feet_distance: -0.3957
        Episode_Reward/joint_torques_l2: -0.9961
           Episode_Reward/body_velocity: -12.3707
        Episode_Reward/joint_pos_limits: -0.0170
 Episode_Reward/joint_deviation_l1_arms: -0.4953
               Curriculum/adaptive_lift: 0.9728
           Episode_Reward/forward_pitch: -1.2157
             Episode_Reward/ground_slam: -5.3401
     Curriculum/polish_action_rate_rate: -0.1500
             Episode_Reward/action_rate: -42.8473
           Episode_Termination/time_out: 0.9318
       Episode_Reward/base_height_rough: 2.3769
         Episode_Reward/severely_tilted: -0.0409
              Episode_Reward/torso_slam: -6.8664
        Episode_Reward/joint_vel_limits: -0.0015
              Curriculum/terrain_levels: 0.0000
      Episode_Termination/invalid_state: 0.0682
  Episode_Reward/feet_distance_standing: -0.2964
      Episode_Reward/base_height_medium: 3.7671
           Curriculum/polish_not_moving: -1.0000
           Episode_Reward/torso_upright: -0.0604
      Episode_Reward/joint_deviation_l1: -0.8812
            Episode_Reward/joint_vel_l2: -1.2824
              Episode_Reward/torso_roll: -1.8552
           Episode_Reward/ankle_torques: -0.2065
        Curriculum/random_fallen_states: 0.0000
        Episode_Reward/action_rate_rate: -19.0517
              Episode_Reward/feet_slide: -0.8582
        Episode_Reward/base_height_fine: 6.2979
--------------------------------------------------------------------------------
                         Iteration time: 1.18s
                           Time elapsed: 0:01:29
                                    ETA: 0:00:55

################################################################################
[1m                           Learning iteration 74/120                            [0m 

                               Run name: height_tracking_g1
                            Total steps: 7372800 
                       Steps per second: 83148 
                        Collection time: 0.949s 
                          Learning time: 0.233s 
                        Mean value loss: 1.0481
                    Mean surrogate loss: -0.0033
                      Mean entropy loss: 36.1055
                     Mean symmetry loss: 0.0017
                   Mean l2c2_actor loss: 0.0038
                  Mean l2c2_critic loss: 0.0190
                            Mean reward: -1789.32
                    Mean episode length: 716.13
                        Mean action std: 0.84
                    Entropy coefficient: 0.002500
           Episode_Reward/torque_limits: -0.9953
    Episode_Reward/joint_tracking_error: -3.2759
           Episode_Reward/feet_yaw_mean: -0.8137
     Episode_Reward/completely_airborne: -17.0653
            Episode_Reward/joint_acc_l2: -0.1236
              Episode_Reward/not_moving: -4.6743
              Episode_Reward/relaxation: -8.3123
               Episode_Reward/flat_feet: -2.5101
         Episode_Reward/ground_unloaded: -0.8573
            Metrics/height/height_error: 0.1091
           Curriculum/polish_torso_slam: -5.0000
         Curriculum/polish_joint_vel_l2: -0.0010
        Episode_Reward/illegal_contacts: -0.4496
          Curriculum/polish_ground_slam: -1.0000
           Episode_Reward/feet_distance: -0.4357
        Episode_Reward/joint_torques_l2: -1.0191
           Episode_Reward/body_velocity: -12.5776
        Episode_Reward/joint_pos_limits: -0.0169
 Episode_Reward/joint_deviation_l1_arms: -0.5072
               Curriculum/adaptive_lift: 0.9728
           Episode_Reward/forward_pitch: -1.1691
             Episode_Reward/ground_slam: -5.4299
     Curriculum/polish_action_rate_rate: -0.1500
             Episode_Reward/action_rate: -43.0178
           Episode_Termination/time_out: 0.9331
       Episode_Reward/base_height_rough: 2.4034
         Episode_Reward/severely_tilted: -0.0530
              Episode_Reward/torso_slam: -7.0597
        Episode_Reward/joint_vel_limits: -0.0015
              Curriculum/terrain_levels: 0.0000
      Episode_Termination/invalid_state: 0.0669
  Episode_Reward/feet_distance_standing: -0.3514
      Episode_Reward/base_height_medium: 3.8424
           Curriculum/polish_not_moving: -1.0000
           Episode_Reward/torso_upright: -0.0580
      Episode_Reward/joint_deviation_l1: -0.9312
            Episode_Reward/joint_vel_l2: -1.2957
              Episode_Reward/torso_roll: -1.8587
           Episode_Reward/ankle_torques: -0.2095
        Curriculum/random_fallen_states: 0.0000
        Episode_Reward/action_rate_rate: -19.1123
              Episode_Reward/feet_slide: -0.8766
        Episode_Reward/base_height_fine: 6.4703
--------------------------------------------------------------------------------
                         Iteration time: 1.18s
                           Time elapsed: 0:01:31
                                    ETA: 0:00:54

################################################################################
[1m                           Learning iteration 75/120                            [0m 

                               Run name: height_tracking_g1
                            Total steps: 7471104 
                       Steps per second: 83011 
                        Collection time: 0.951s 
                          Learning time: 0.233s 
                        Mean value loss: 1.1562
                    Mean surrogate loss: -0.0030
                      Mean entropy loss: 36.0267
                     Mean symmetry loss: 0.0017
                   Mean l2c2_actor loss: 0.0038
                  Mean l2c2_critic loss: 0.0180
                            Mean reward: -1788.84
                    Mean episode length: 714.07
                        Mean action std: 0.84
                    Entropy coefficient: 0.002500
           Episode_Reward/torque_limits: -0.9075
    Episode_Reward/joint_tracking_error: -3.0295
           Episode_Reward/feet_yaw_mean: -0.6862
     Episode_Reward/completely_airborne: -16.0229
            Episode_Reward/joint_acc_l2: -0.1118
              Episode_Reward/not_moving: -4.1423
              Episode_Reward/relaxation: -7.8843
               Episode_Reward/flat_feet: -2.4298
         Episode_Reward/ground_unloaded: -0.8153
            Metrics/height/height_error: 0.1050
           Curriculum/polish_torso_slam: -5.0000
         Curriculum/polish_joint_vel_l2: -0.0010
        Episode_Reward/illegal_contacts: -0.4511
          Curriculum/polish_ground_slam: -1.0000
           Episode_Reward/feet_distance: -0.3795
        Episode_Reward/joint_torques_l2: -0.9363
           Episode_Reward/body_velocity: -11.2686
        Episode_Reward/joint_pos_limits: -0.0157
 Episode_Reward/joint_deviation_l1_arms: -0.4691
               Curriculum/adaptive_lift: 0.9723
           Episode_Reward/forward_pitch: -1.1769
             Episode_Reward/ground_slam: -5.0946
     Curriculum/polish_action_rate_rate: -0.1500
             Episode_Reward/action_rate: -41.0485
           Episode_Termination/time_out: 0.9338
       Episode_Reward/base_height_rough: 2.2821
         Episode_Reward/severely_tilted: -0.0463
              Episode_Reward/torso_slam: -6.3565
        Episode_Reward/joint_vel_limits: -0.0013
              Curriculum/terrain_levels: 0.0000
      Episode_Termination/invalid_state: 0.0662
  Episode_Reward/feet_distance_standing: -0.3173
      Episode_Reward/base_height_medium: 3.6265
           Curriculum/polish_not_moving: -1.0000
           Episode_Reward/torso_upright: -0.0655
      Episode_Reward/joint_deviation_l1: -0.8977
            Episode_Reward/joint_vel_l2: -1.1852
              Episode_Reward/torso_roll: -1.7413
           Episode_Reward/ankle_torques: -0.2136
        Curriculum/random_fallen_states: 0.0000
        Episode_Reward/action_rate_rate: -18.2444
              Episode_Reward/feet_slide: -0.8282
        Episode_Reward/base_height_fine: 6.0881
--------------------------------------------------------------------------------
                         Iteration time: 1.18s
                           Time elapsed: 0:01:32
                                    ETA: 0:00:53

################################################################################
[1m                           Learning iteration 76/120                            [0m 

                               Run name: height_tracking_g1
                            Total steps: 7569408 
                       Steps per second: 82886 
                        Collection time: 0.953s 
                          Learning time: 0.233s 
                        Mean value loss: 1.2660
                    Mean surrogate loss: -0.0032
                      Mean entropy loss: 35.9613
                     Mean symmetry loss: 0.0016
                   Mean l2c2_actor loss: 0.0037
                  Mean l2c2_critic loss: 0.0208
                            Mean reward: -1680.22
                    Mean episode length: 703.01
                        Mean action std: 0.84
                    Entropy coefficient: 0.002500
           Episode_Reward/torque_limits: -0.9230
    Episode_Reward/joint_tracking_error: -2.9981
           Episode_Reward/feet_yaw_mean: -0.6753
     Episode_Reward/completely_airborne: -16.2580
            Episode_Reward/joint_acc_l2: -0.1141
              Episode_Reward/not_moving: -4.7032
              Episode_Reward/relaxation: -7.4364
               Episode_Reward/flat_feet: -2.4386
         Episode_Reward/ground_unloaded: -0.8583
            Metrics/height/height_error: 0.0989
           Curriculum/polish_torso_slam: -5.0000
         Curriculum/polish_joint_vel_l2: -0.0010
        Episode_Reward/illegal_contacts: -0.4257
          Curriculum/polish_ground_slam: -1.0000
           Episode_Reward/feet_distance: -0.3625
        Episode_Reward/joint_torques_l2: -0.9553
           Episode_Reward/body_velocity: -10.9655
        Episode_Reward/joint_pos_limits: -0.0158
 Episode_Reward/joint_deviation_l1_arms: -0.4632
               Curriculum/adaptive_lift: 0.9719
           Episode_Reward/forward_pitch: -1.0908
             Episode_Reward/ground_slam: -4.6940
     Curriculum/polish_action_rate_rate: -0.1500
             Episode_Reward/action_rate: -41.1623
           Episode_Termination/time_out: 0.9356
       Episode_Reward/base_height_rough: 2.4520
         Episode_Reward/severely_tilted: -0.0381
              Episode_Reward/torso_slam: -6.1249
        Episode_Reward/joint_vel_limits: -0.0012
              Curriculum/terrain_levels: 0.0000
      Episode_Termination/invalid_state: 0.0644
  Episode_Reward/feet_distance_standing: -0.3053
      Episode_Reward/base_height_medium: 3.9618
           Curriculum/polish_not_moving: -1.0000
           Episode_Reward/torso_upright: -0.0660
      Episode_Reward/joint_deviation_l1: -0.9019
            Episode_Reward/joint_vel_l2: -1.1741
              Episode_Reward/torso_roll: -1.7639
           Episode_Reward/ankle_torques: -0.2312
        Curriculum/random_fallen_states: 0.0000
        Episode_Reward/action_rate_rate: -18.2971
              Episode_Reward/feet_slide: -0.8175
        Episode_Reward/base_height_fine: 6.6871
--------------------------------------------------------------------------------
                         Iteration time: 1.19s
                           Time elapsed: 0:01:33
                                    ETA: 0:00:52

################################################################################
[1m                           Learning iteration 77/120                            [0m 

                               Run name: height_tracking_g1
                            Total steps: 7667712 
                       Steps per second: 82772 
                        Collection time: 0.955s 
                          Learning time: 0.233s 
                        Mean value loss: 1.1227
                    Mean surrogate loss: -0.0030
                      Mean entropy loss: 35.8698
                     Mean symmetry loss: 0.0016
                   Mean l2c2_actor loss: 0.0037
                  Mean l2c2_critic loss: 0.0205
                            Mean reward: -1685.52
                    Mean episode length: 691.60
                        Mean action std: 0.84
                    Entropy coefficient: 0.002500
           Episode_Reward/torque_limits: -0.9007
    Episode_Reward/joint_tracking_error: -3.0152
           Episode_Reward/feet_yaw_mean: -0.7106
     Episode_Reward/completely_airborne: -16.1593
            Episode_Reward/joint_acc_l2: -0.1110
              Episode_Reward/not_moving: -4.3624
              Episode_Reward/relaxation: -7.7401
               Episode_Reward/flat_feet: -2.4656
         Episode_Reward/ground_unloaded: -0.8294
            Metrics/height/height_error: 0.0948
           Curriculum/polish_torso_slam: -5.0000
         Curriculum/polish_joint_vel_l2: -0.0010
        Episode_Reward/illegal_contacts: -0.4395
          Curriculum/polish_ground_slam: -1.0000
           Episode_Reward/feet_distance: -0.3889
        Episode_Reward/joint_torques_l2: -0.9431
           Episode_Reward/body_velocity: -11.8108
        Episode_Reward/joint_pos_limits: -0.0162
 Episode_Reward/joint_deviation_l1_arms: -0.4577
               Curriculum/adaptive_lift: 0.9715
           Episode_Reward/forward_pitch: -1.1270
             Episode_Reward/ground_slam: -4.9577
     Curriculum/polish_action_rate_rate: -0.1500
             Episode_Reward/action_rate: -40.6578
           Episode_Termination/time_out: 0.9366
       Episode_Reward/base_height_rough: 2.3593
         Episode_Reward/severely_tilted: -0.0467
              Episode_Reward/torso_slam: -6.1740
        Episode_Reward/joint_vel_limits: -0.0013
              Curriculum/terrain_levels: 0.0000
      Episode_Termination/invalid_state: 0.0634
  Episode_Reward/feet_distance_standing: -0.3140
      Episode_Reward/base_height_medium: 3.7646
           Curriculum/polish_not_moving: -1.0000
           Episode_Reward/torso_upright: -0.0583
      Episode_Reward/joint_deviation_l1: -0.8382
            Episode_Reward/joint_vel_l2: -1.1785
              Episode_Reward/torso_roll: -1.7785
           Episode_Reward/ankle_torques: -0.1899
        Curriculum/random_fallen_states: 0.0000
        Episode_Reward/action_rate_rate: -18.0599
              Episode_Reward/feet_slide: -0.8113
        Episode_Reward/base_height_fine: 6.3110
--------------------------------------------------------------------------------
                         Iteration time: 1.19s
                           Time elapsed: 0:01:34
                                    ETA: 0:00:50

################################################################################
[1m                           Learning iteration 78/120                            [0m 

                               Run name: height_tracking_g1
                            Total steps: 7766016 
                       Steps per second: 82603 
                        Collection time: 0.956s 
                          Learning time: 0.234s 
                        Mean value loss: 1.0637
                    Mean surrogate loss: -0.0021
                      Mean entropy loss: 35.7965
                     Mean symmetry loss: 0.0016
                   Mean l2c2_actor loss: 0.0037
                  Mean l2c2_critic loss: 0.0225
                            Mean reward: -1762.56
                    Mean episode length: 727.10
                        Mean action std: 0.84
                    Entropy coefficient: 0.002500
           Episode_Reward/torque_limits: -0.9134
    Episode_Reward/joint_tracking_error: -3.0282
           Episode_Reward/feet_yaw_mean: -0.6481
     Episode_Reward/completely_airborne: -16.3673
            Episode_Reward/joint_acc_l2: -0.1141
              Episode_Reward/not_moving: -4.2121
              Episode_Reward/relaxation: -8.6771
               Episode_Reward/flat_feet: -2.5409
         Episode_Reward/ground_unloaded: -0.7983
            Metrics/height/height_error: 0.1072
           Curriculum/polish_torso_slam: -5.0000
         Curriculum/polish_joint_vel_l2: -0.0010
        Episode_Reward/illegal_contacts: -0.4680
          Curriculum/polish_ground_slam: -1.0000
           Episode_Reward/feet_distance: -0.3603
        Episode_Reward/joint_torques_l2: -0.9586
           Episode_Reward/body_velocity: -11.3262
        Episode_Reward/joint_pos_limits: -0.0163
 Episode_Reward/joint_deviation_l1_arms: -0.4151
               Curriculum/adaptive_lift: 0.9698
           Episode_Reward/forward_pitch: -1.1877
             Episode_Reward/ground_slam: -5.0750
     Curriculum/polish_action_rate_rate: -0.1500
             Episode_Reward/action_rate: -40.9448
           Episode_Termination/time_out: 0.9380
       Episode_Reward/base_height_rough: 2.3031
         Episode_Reward/severely_tilted: -0.0402
              Episode_Reward/torso_slam: -6.5079
        Episode_Reward/joint_vel_limits: -0.0012
              Curriculum/terrain_levels: 0.0000
      Episode_Termination/invalid_state: 0.0620
  Episode_Reward/feet_distance_standing: -0.2520
      Episode_Reward/base_height_medium: 3.6508
           Curriculum/polish_not_moving: -1.0000
           Episode_Reward/torso_upright: -0.0482
      Episode_Reward/joint_deviation_l1: -0.7728
            Episode_Reward/joint_vel_l2: -1.1766
              Episode_Reward/torso_roll: -1.8515
           Episode_Reward/ankle_torques: -0.2280
        Curriculum/random_fallen_states: 0.0000
        Episode_Reward/action_rate_rate: -18.1949
              Episode_Reward/feet_slide: -0.8175
        Episode_Reward/base_height_fine: 6.0976
--------------------------------------------------------------------------------
                         Iteration time: 1.19s
                           Time elapsed: 0:01:35
                                    ETA: 0:00:49

################################################################################
[1m                           Learning iteration 79/120                            [0m 

                               Run name: height_tracking_g1
                            Total steps: 7864320 
                       Steps per second: 82676 
                        Collection time: 0.955s 
                          Learning time: 0.234s 
                        Mean value loss: 0.9741
                    Mean surrogate loss: -0.0029
                      Mean entropy loss: 35.6795
                     Mean symmetry loss: 0.0016
                   Mean l2c2_actor loss: 0.0037
                  Mean l2c2_critic loss: 0.0227
                            Mean reward: -1688.34
                    Mean episode length: 722.58
                        Mean action std: 0.83
                    Entropy coefficient: 0.002500
           Episode_Reward/torque_limits: -0.8952
    Episode_Reward/joint_tracking_error: -3.0258
           Episode_Reward/feet_yaw_mean: -0.6846
     Episode_Reward/completely_airborne: -16.4802
            Episode_Reward/joint_acc_l2: -0.1127
              Episode_Reward/not_moving: -4.4363
              Episode_Reward/relaxation: -7.5309
               Episode_Reward/flat_feet: -2.5880
         Episode_Reward/ground_unloaded: -0.8618
            Metrics/height/height_error: 0.1011
           Curriculum/polish_torso_slam: -5.0000
         Curriculum/polish_joint_vel_l2: -0.0010
        Episode_Reward/illegal_contacts: -0.4552
          Curriculum/polish_ground_slam: -1.0000
           Episode_Reward/feet_distance: -0.3938
        Episode_Reward/joint_torques_l2: -0.9569
           Episode_Reward/body_velocity: -10.8134
        Episode_Reward/joint_pos_limits: -0.0167
 Episode_Reward/joint_deviation_l1_arms: -0.4341
               Curriculum/adaptive_lift: 0.9692
           Episode_Reward/forward_pitch: -1.1760
             Episode_Reward/ground_slam: -4.7293
     Curriculum/polish_action_rate_rate: -0.1500
             Episode_Reward/action_rate: -41.5791
           Episode_Termination/time_out: 0.9407
       Episode_Reward/base_height_rough: 2.4110
         Episode_Reward/severely_tilted: -0.0431
              Episode_Reward/torso_slam: -6.0812
        Episode_Reward/joint_vel_limits: -0.0012
              Curriculum/terrain_levels: 0.0000
      Episode_Termination/invalid_state: 0.0593
  Episode_Reward/feet_distance_standing: -0.2945
      Episode_Reward/base_height_medium: 3.8504
           Curriculum/polish_not_moving: -1.0000
           Episode_Reward/torso_upright: -0.0527
      Episode_Reward/joint_deviation_l1: -0.8238
            Episode_Reward/joint_vel_l2: -1.1659
              Episode_Reward/torso_roll: -1.7875
           Episode_Reward/ankle_torques: -0.2346
        Curriculum/random_fallen_states: 0.0000
        Episode_Reward/action_rate_rate: -18.4838
              Episode_Reward/feet_slide: -0.8364
        Episode_Reward/base_height_fine: 6.4723
--------------------------------------------------------------------------------
                         Iteration time: 1.19s
                           Time elapsed: 0:01:36
                                    ETA: 0:00:48

################################################################################
[1m                           Learning iteration 80/120                            [0m 

                               Run name: height_tracking_g1
                            Total steps: 7962624 
                       Steps per second: 83307 
                        Collection time: 0.947s 
                          Learning time: 0.233s 
                        Mean value loss: 0.9802
                    Mean surrogate loss: -0.0022
                      Mean entropy loss: 35.5838
                     Mean symmetry loss: 0.0015
                   Mean l2c2_actor loss: 0.0037
                  Mean l2c2_critic loss: 0.0229
                            Mean reward: -1649.99
                    Mean episode length: 708.07
                        Mean action std: 0.83
                    Entropy coefficient: 0.002500
           Episode_Reward/torque_limits: -0.8566
    Episode_Reward/joint_tracking_error: -2.9313
           Episode_Reward/feet_yaw_mean: -0.7193
     Episode_Reward/completely_airborne: -16.2842
            Episode_Reward/joint_acc_l2: -0.1081
              Episode_Reward/not_moving: -4.9392
              Episode_Reward/relaxation: -6.5872
               Episode_Reward/flat_feet: -2.4808
         Episode_Reward/ground_unloaded: -0.9029
            Metrics/height/height_error: 0.1003
           Curriculum/polish_torso_slam: -5.0000
         Curriculum/polish_joint_vel_l2: -0.0010
        Episode_Reward/illegal_contacts: -0.4526
          Curriculum/polish_ground_slam: -1.0000
           Episode_Reward/feet_distance: -0.3887
        Episode_Reward/joint_torques_l2: -0.9209
           Episode_Reward/body_velocity: -10.4401
        Episode_Reward/joint_pos_limits: -0.0162
 Episode_Reward/joint_deviation_l1_arms: -0.4515
               Curriculum/adaptive_lift: 0.9686
           Episode_Reward/forward_pitch: -1.1194
             Episode_Reward/ground_slam: -4.8822
     Curriculum/polish_action_rate_rate: -0.1500
             Episode_Reward/action_rate: -40.9323
           Episode_Termination/time_out: 0.9414
       Episode_Reward/base_height_rough: 2.5378
         Episode_Reward/severely_tilted: -0.0434
              Episode_Reward/torso_slam: -6.1881
        Episode_Reward/joint_vel_limits: -0.0012
              Curriculum/terrain_levels: 0.0000
      Episode_Termination/invalid_state: 0.0586
  Episode_Reward/feet_distance_standing: -0.3077
      Episode_Reward/base_height_medium: 4.1566
           Curriculum/polish_not_moving: -1.0000
           Episode_Reward/torso_upright: -0.0628
      Episode_Reward/joint_deviation_l1: -0.8602
            Episode_Reward/joint_vel_l2: -1.1599
              Episode_Reward/torso_roll: -1.7433
           Episode_Reward/ankle_torques: -0.2142
        Curriculum/random_fallen_states: 0.0000
        Episode_Reward/action_rate_rate: -18.1915
              Episode_Reward/feet_slide: -0.8422
        Episode_Reward/base_height_fine: 7.0974
--------------------------------------------------------------------------------
                         Iteration time: 1.18s
                           Time elapsed: 0:01:38
                                    ETA: 0:00:47

################################################################################
[1m                           Learning iteration 81/120                            [0m 

                               Run name: height_tracking_g1
                            Total steps: 8060928 
                       Steps per second: 83058 
                        Collection time: 0.950s 
                          Learning time: 0.233s 
                        Mean value loss: 0.8629
                    Mean surrogate loss: -0.0030
                      Mean entropy loss: 35.4459
                     Mean symmetry loss: 0.0015
                   Mean l2c2_actor loss: 0.0036
                  Mean l2c2_critic loss: 0.0228
                            Mean reward: -1708.33
                    Mean episode length: 737.45
                        Mean action std: 0.83
                    Entropy coefficient: 0.002500
           Episode_Reward/torque_limits: -0.8817
    Episode_Reward/joint_tracking_error: -2.9775
           Episode_Reward/feet_yaw_mean: -0.6946
     Episode_Reward/completely_airborne: -17.0391
            Episode_Reward/joint_acc_l2: -0.1145
              Episode_Reward/not_moving: -4.7357
              Episode_Reward/relaxation: -7.1974
               Episode_Reward/flat_feet: -2.5012
         Episode_Reward/ground_unloaded: -0.9048
            Metrics/height/height_error: 0.0968
           Curriculum/polish_torso_slam: -5.0000
         Curriculum/polish_joint_vel_l2: -0.0010
        Episode_Reward/illegal_contacts: -0.4614
          Curriculum/polish_ground_slam: -1.0000
           Episode_Reward/feet_distance: -0.3872
        Episode_Reward/joint_torques_l2: -0.9613
           Episode_Reward/body_velocity: -10.9508
        Episode_Reward/joint_pos_limits: -0.0167
 Episode_Reward/joint_deviation_l1_arms: -0.4917
               Curriculum/adaptive_lift: 0.9673
           Episode_Reward/forward_pitch: -1.2179
             Episode_Reward/ground_slam: -5.1440
     Curriculum/polish_action_rate_rate: -0.1500
             Episode_Reward/action_rate: -41.6761
           Episode_Termination/time_out: 0.9434
       Episode_Reward/base_height_rough: 2.5319
         Episode_Reward/severely_tilted: -0.0331
              Episode_Reward/torso_slam: -6.3435
        Episode_Reward/joint_vel_limits: -0.0012
              Curriculum/terrain_levels: 0.0000
      Episode_Termination/invalid_state: 0.0566
  Episode_Reward/feet_distance_standing: -0.3312
      Episode_Reward/base_height_medium: 4.0964
           Curriculum/polish_not_moving: -1.0000
           Episode_Reward/torso_upright: -0.0695
      Episode_Reward/joint_deviation_l1: -0.9441
            Episode_Reward/joint_vel_l2: -1.1982
              Episode_Reward/torso_roll: -1.8255
           Episode_Reward/ankle_torques: -0.2060
        Curriculum/random_fallen_states: 0.0000
        Episode_Reward/action_rate_rate: -18.5197
              Episode_Reward/feet_slide: -0.8718
        Episode_Reward/base_height_fine: 6.9423
--------------------------------------------------------------------------------
                         Iteration time: 1.18s
                           Time elapsed: 0:01:39
                                    ETA: 0:00:46

################################################################################
[1m                           Learning iteration 82/120                            [0m 

                               Run name: height_tracking_g1
                            Total steps: 8159232 
                       Steps per second: 83260 
                        Collection time: 0.947s 
                          Learning time: 0.233s 
                        Mean value loss: 0.7837
                    Mean surrogate loss: -0.0037
                      Mean entropy loss: 35.3512
                     Mean symmetry loss: 0.0015
                   Mean l2c2_actor loss: 0.0037
                  Mean l2c2_critic loss: 0.0233
                            Mean reward: -1758.76
                    Mean episode length: 749.04
                        Mean action std: 0.82
                    Entropy coefficient: 0.002500
           Episode_Reward/torque_limits: -0.8896
    Episode_Reward/joint_tracking_error: -3.0331
           Episode_Reward/feet_yaw_mean: -0.6831
     Episode_Reward/completely_airborne: -16.4781
            Episode_Reward/joint_acc_l2: -0.1059
              Episode_Reward/not_moving: -4.7573
              Episode_Reward/relaxation: -7.4952
               Episode_Reward/flat_feet: -2.6419
         Episode_Reward/ground_unloaded: -0.8822
            Metrics/height/height_error: 0.1045
           Curriculum/polish_torso_slam: -5.0000
         Curriculum/polish_joint_vel_l2: -0.0010
        Episode_Reward/illegal_contacts: -0.5185
          Curriculum/polish_ground_slam: -1.0000
           Episode_Reward/feet_distance: -0.3976
        Episode_Reward/joint_torques_l2: -0.9280
           Episode_Reward/body_velocity: -10.7968
        Episode_Reward/joint_pos_limits: -0.0168
 Episode_Reward/joint_deviation_l1_arms: -0.4310
               Curriculum/adaptive_lift: 0.9656
           Episode_Reward/forward_pitch: -1.2819
             Episode_Reward/ground_slam: -4.9150
     Curriculum/polish_action_rate_rate: -0.1500
             Episode_Reward/action_rate: -42.1448
           Episode_Termination/time_out: 0.9449
       Episode_Reward/base_height_rough: 2.5630
         Episode_Reward/severely_tilted: -0.0405
              Episode_Reward/torso_slam: -6.4866
        Episode_Reward/joint_vel_limits: -0.0013
              Curriculum/terrain_levels: 0.0000
      Episode_Termination/invalid_state: 0.0551
  Episode_Reward/feet_distance_standing: -0.2824
      Episode_Reward/base_height_medium: 4.0664
           Curriculum/polish_not_moving: -1.0000
           Episode_Reward/torso_upright: -0.0563
      Episode_Reward/joint_deviation_l1: -0.8258
            Episode_Reward/joint_vel_l2: -1.2211
              Episode_Reward/torso_roll: -1.9179
           Episode_Reward/ankle_torques: -0.2003
        Curriculum/random_fallen_states: 0.0000
        Episode_Reward/action_rate_rate: -18.7317
              Episode_Reward/feet_slide: -0.8538
        Episode_Reward/base_height_fine: 6.7680
--------------------------------------------------------------------------------
                         Iteration time: 1.18s
                           Time elapsed: 0:01:40
                                    ETA: 0:00:44

################################################################################
[1m                           Learning iteration 83/120                            [0m 

                               Run name: height_tracking_g1
                            Total steps: 8257536 
                       Steps per second: 83408 
                        Collection time: 0.946s 
                          Learning time: 0.233s 
                        Mean value loss: 1.0333
                    Mean surrogate loss: -0.0022
                      Mean entropy loss: 35.2328
                     Mean symmetry loss: 0.0014
                   Mean l2c2_actor loss: 0.0036
                  Mean l2c2_critic loss: 0.0212
                            Mean reward: -1686.40
                    Mean episode length: 733.37
                        Mean action std: 0.82
                    Entropy coefficient: 0.002500
           Episode_Reward/torque_limits: -0.8569
    Episode_Reward/joint_tracking_error: -2.9052
           Episode_Reward/feet_yaw_mean: -0.6668
     Episode_Reward/completely_airborne: -16.2576
            Episode_Reward/joint_acc_l2: -0.1083
              Episode_Reward/not_moving: -4.5310
              Episode_Reward/relaxation: -7.0196
               Episode_Reward/flat_feet: -2.4676
         Episode_Reward/ground_unloaded: -0.8715
            Metrics/height/height_error: 0.1075
           Curriculum/polish_torso_slam: -5.0000
         Curriculum/polish_joint_vel_l2: -0.0010
        Episode_Reward/illegal_contacts: -0.4449
          Curriculum/polish_ground_slam: -1.0000
           Episode_Reward/feet_distance: -0.3777
        Episode_Reward/joint_torques_l2: -0.9211
           Episode_Reward/body_velocity: -10.7219
        Episode_Reward/joint_pos_limits: -0.0163
 Episode_Reward/joint_deviation_l1_arms: -0.4389
               Curriculum/adaptive_lift: 0.9654
           Episode_Reward/forward_pitch: -1.1574
             Episode_Reward/ground_slam: -4.8148
     Curriculum/polish_action_rate_rate: -0.1500
             Episode_Reward/action_rate: -40.4618
           Episode_Termination/time_out: 0.9449
       Episode_Reward/base_height_rough: 2.5379
         Episode_Reward/severely_tilted: -0.0445
              Episode_Reward/torso_slam: -6.0394
        Episode_Reward/joint_vel_limits: -0.0012
              Curriculum/terrain_levels: 0.0000
      Episode_Termination/invalid_state: 0.0551
  Episode_Reward/feet_distance_standing: -0.2942
      Episode_Reward/base_height_medium: 4.0636
           Curriculum/polish_not_moving: -1.0000
           Episode_Reward/torso_upright: -0.0568
      Episode_Reward/joint_deviation_l1: -0.8459
            Episode_Reward/joint_vel_l2: -1.1543
              Episode_Reward/torso_roll: -1.8007
           Episode_Reward/ankle_torques: -0.2165
        Curriculum/random_fallen_states: 0.0000
        Episode_Reward/action_rate_rate: -17.9857
              Episode_Reward/feet_slide: -0.8462
        Episode_Reward/base_height_fine: 6.7779
--------------------------------------------------------------------------------
                         Iteration time: 1.18s
                           Time elapsed: 0:01:41
                                    ETA: 0:00:43

################################################################################
[1m                           Learning iteration 84/120                            [0m 

                               Run name: height_tracking_g1
                            Total steps: 8355840 
                       Steps per second: 83131 
                        Collection time: 0.950s 
                          Learning time: 0.233s 
                        Mean value loss: 1.1708
                    Mean surrogate loss: -0.0023
                      Mean entropy loss: 35.1389
                     Mean symmetry loss: 0.0015
                   Mean l2c2_actor loss: 0.0034
                  Mean l2c2_critic loss: 0.0218
                            Mean reward: -1699.57
                    Mean episode length: 734.94
                        Mean action std: 0.82
                    Entropy coefficient: 0.002500
           Episode_Reward/torque_limits: -0.8493
    Episode_Reward/joint_tracking_error: -2.8732
           Episode_Reward/feet_yaw_mean: -0.6474
     Episode_Reward/completely_airborne: -16.2580
            Episode_Reward/joint_acc_l2: -0.0992
              Episode_Reward/not_moving: -4.4480
              Episode_Reward/relaxation: -7.3200
               Episode_Reward/flat_feet: -2.5156
         Episode_Reward/ground_unloaded: -0.8189
            Metrics/height/height_error: 0.0986
           Curriculum/polish_torso_slam: -5.0000
         Curriculum/polish_joint_vel_l2: -0.0010
        Episode_Reward/illegal_contacts: -0.4631
          Curriculum/polish_ground_slam: -1.0000
           Episode_Reward/feet_distance: -0.3856
        Episode_Reward/joint_torques_l2: -0.8706
           Episode_Reward/body_velocity: -10.3961
        Episode_Reward/joint_pos_limits: -0.0160
 Episode_Reward/joint_deviation_l1_arms: -0.4226
               Curriculum/adaptive_lift: 0.9654
           Episode_Reward/forward_pitch: -1.2207
             Episode_Reward/ground_slam: -4.6541
     Curriculum/polish_action_rate_rate: -0.1500
             Episode_Reward/action_rate: -39.9177
           Episode_Termination/time_out: 0.9449
       Episode_Reward/base_height_rough: 2.4167
         Episode_Reward/severely_tilted: -0.0440
              Episode_Reward/torso_slam: -5.9255
        Episode_Reward/joint_vel_limits: -0.0012
              Curriculum/terrain_levels: 0.0000
      Episode_Termination/invalid_state: 0.0551
  Episode_Reward/feet_distance_standing: -0.2886
      Episode_Reward/base_height_medium: 3.8481
           Curriculum/polish_not_moving: -1.0000
           Episode_Reward/torso_upright: -0.0545
      Episode_Reward/joint_deviation_l1: -0.8069
            Episode_Reward/joint_vel_l2: -1.1332
              Episode_Reward/torso_roll: -1.7638
           Episode_Reward/ankle_torques: -0.1996
        Curriculum/random_fallen_states: 0.0000
        Episode_Reward/action_rate_rate: -17.7525
              Episode_Reward/feet_slide: -0.8179
        Episode_Reward/base_height_fine: 6.4755
--------------------------------------------------------------------------------
                         Iteration time: 1.18s
                           Time elapsed: 0:01:42
                                    ETA: 0:00:42

################################################################################
[1m                           Learning iteration 85/120                            [0m 

                               Run name: height_tracking_g1
                            Total steps: 8454144 
                       Steps per second: 83120 
                        Collection time: 0.950s 
                          Learning time: 0.233s 
                        Mean value loss: 0.8139
                    Mean surrogate loss: -0.0015
                      Mean entropy loss: 35.0503
                     Mean symmetry loss: 0.0015
                   Mean l2c2_actor loss: 0.0035
                  Mean l2c2_critic loss: 0.0218
                            Mean reward: -1670.49
                    Mean episode length: 737.64
                        Mean action std: 0.82
                    Entropy coefficient: 0.002500
           Episode_Reward/torque_limits: -0.8756
    Episode_Reward/joint_tracking_error: -2.9282
           Episode_Reward/feet_yaw_mean: -0.6526
     Episode_Reward/completely_airborne: -16.0380
            Episode_Reward/joint_acc_l2: -0.1097
              Episode_Reward/not_moving: -4.0728
              Episode_Reward/relaxation: -7.6108
               Episode_Reward/flat_feet: -2.6466
         Episode_Reward/ground_unloaded: -0.8736
            Metrics/height/height_error: 0.1028
           Curriculum/polish_torso_slam: -5.0000
         Curriculum/polish_joint_vel_l2: -0.0010
        Episode_Reward/illegal_contacts: -0.4887
          Curriculum/polish_ground_slam: -1.0000
           Episode_Reward/feet_distance: -0.4153
        Episode_Reward/joint_torques_l2: -0.9385
           Episode_Reward/body_velocity: -11.2088
        Episode_Reward/joint_pos_limits: -0.0167
 Episode_Reward/joint_deviation_l1_arms: -0.4204
               Curriculum/adaptive_lift: 0.9653
           Episode_Reward/forward_pitch: -1.2459
             Episode_Reward/ground_slam: -4.8981
     Curriculum/polish_action_rate_rate: -0.1500
             Episode_Reward/action_rate: -40.8447
           Episode_Termination/time_out: 0.9464
       Episode_Reward/base_height_rough: 2.4789
         Episode_Reward/severely_tilted: -0.0418
              Episode_Reward/torso_slam: -6.0749
        Episode_Reward/joint_vel_limits: -0.0012
              Curriculum/terrain_levels: 0.0000
      Episode_Termination/invalid_state: 0.0536
  Episode_Reward/feet_distance_standing: -0.3390
      Episode_Reward/base_height_medium: 3.8977
           Curriculum/polish_not_moving: -1.0000
           Episode_Reward/torso_upright: -0.0555
      Episode_Reward/joint_deviation_l1: -0.8215
            Episode_Reward/joint_vel_l2: -1.1331
              Episode_Reward/torso_roll: -1.8108
           Episode_Reward/ankle_torques: -0.1995
        Curriculum/random_fallen_states: 0.0000
        Episode_Reward/action_rate_rate: -18.1648
              Episode_Reward/feet_slide: -0.8143
        Episode_Reward/base_height_fine: 6.3999
--------------------------------------------------------------------------------
                         Iteration time: 1.18s
                           Time elapsed: 0:01:44
                                    ETA: 0:00:41

################################################################################
[1m                           Learning iteration 86/120                            [0m 

                               Run name: height_tracking_g1
                            Total steps: 8552448 
                       Steps per second: 83140 
                        Collection time: 0.949s 
                          Learning time: 0.233s 
                        Mean value loss: 0.9139
                    Mean surrogate loss: -0.0026
                      Mean entropy loss: 34.9610
                     Mean symmetry loss: 0.0014
                   Mean l2c2_actor loss: 0.0035
                  Mean l2c2_critic loss: 0.0228
                            Mean reward: -1620.22
                    Mean episode length: 722.72
                        Mean action std: 0.81
                    Entropy coefficient: 0.002500
           Episode_Reward/torque_limits: -0.8299
    Episode_Reward/joint_tracking_error: -2.8806
           Episode_Reward/feet_yaw_mean: -0.6094
     Episode_Reward/completely_airborne: -15.8831
            Episode_Reward/joint_acc_l2: -0.1058
              Episode_Reward/not_moving: -4.5041
              Episode_Reward/relaxation: -7.8495
               Episode_Reward/flat_feet: -2.4468
         Episode_Reward/ground_unloaded: -0.8252
            Metrics/height/height_error: 0.0886
           Curriculum/polish_torso_slam: -5.0000
         Curriculum/polish_joint_vel_l2: -0.0010
        Episode_Reward/illegal_contacts: -0.4866
          Curriculum/polish_ground_slam: -1.0000
           Episode_Reward/feet_distance: -0.3766
        Episode_Reward/joint_torques_l2: -0.8984
           Episode_Reward/body_velocity: -10.1600
        Episode_Reward/joint_pos_limits: -0.0174
 Episode_Reward/joint_deviation_l1_arms: -0.4587
               Curriculum/adaptive_lift: 0.9648
           Episode_Reward/forward_pitch: -1.2214
             Episode_Reward/ground_slam: -4.4680
     Curriculum/polish_action_rate_rate: -0.1500
             Episode_Reward/action_rate: -39.5575
           Episode_Termination/time_out: 0.9481
       Episode_Reward/base_height_rough: 2.4248
         Episode_Reward/severely_tilted: -0.0389
              Episode_Reward/torso_slam: -5.8256
        Episode_Reward/joint_vel_limits: -0.0011
              Curriculum/terrain_levels: 0.0000
      Episode_Termination/invalid_state: 0.0519
  Episode_Reward/feet_distance_standing: -0.3413
      Episode_Reward/base_height_medium: 3.9310
           Curriculum/polish_not_moving: -1.0000
           Episode_Reward/torso_upright: -0.0590
      Episode_Reward/joint_deviation_l1: -0.8928
            Episode_Reward/joint_vel_l2: -1.1159
              Episode_Reward/torso_roll: -1.7500
           Episode_Reward/ankle_torques: -0.2007
        Curriculum/random_fallen_states: 0.0000
        Episode_Reward/action_rate_rate: -17.6085
              Episode_Reward/feet_slide: -0.8236
        Episode_Reward/base_height_fine: 6.7172
--------------------------------------------------------------------------------
                         Iteration time: 1.18s
                           Time elapsed: 0:01:45
                                    ETA: 0:00:39

################################################################################
[1m                           Learning iteration 87/120                            [0m 

                               Run name: height_tracking_g1
                            Total steps: 8650752 
                       Steps per second: 82617 
                        Collection time: 0.957s 
                          Learning time: 0.233s 
                        Mean value loss: 0.8223
                    Mean surrogate loss: -0.0022
                      Mean entropy loss: 34.8523
                     Mean symmetry loss: 0.0015
                   Mean l2c2_actor loss: 0.0035
                  Mean l2c2_critic loss: 0.0240
                            Mean reward: -1648.77
                    Mean episode length: 736.14
                        Mean action std: 0.81
                    Entropy coefficient: 0.002500
           Episode_Reward/torque_limits: -0.8398
    Episode_Reward/joint_tracking_error: -2.8488
           Episode_Reward/feet_yaw_mean: -0.6280
     Episode_Reward/completely_airborne: -15.7269
            Episode_Reward/joint_acc_l2: -0.1074
              Episode_Reward/not_moving: -4.2096
              Episode_Reward/relaxation: -7.5237
               Episode_Reward/flat_feet: -2.6817
         Episode_Reward/ground_unloaded: -0.8670
            Metrics/height/height_error: 0.1002
           Curriculum/polish_torso_slam: -5.0000
         Curriculum/polish_joint_vel_l2: -0.0010
        Episode_Reward/illegal_contacts: -0.4768
          Curriculum/polish_ground_slam: -1.0000
           Episode_Reward/feet_distance: -0.3657
        Episode_Reward/joint_torques_l2: -0.9390
           Episode_Reward/body_velocity: -9.8849
        Episode_Reward/joint_pos_limits: -0.0167
 Episode_Reward/joint_deviation_l1_arms: -0.3857
               Curriculum/adaptive_lift: 0.9628
           Episode_Reward/forward_pitch: -1.1550
             Episode_Reward/ground_slam: -4.3842
     Curriculum/polish_action_rate_rate: -0.1500
             Episode_Reward/action_rate: -40.1159
           Episode_Termination/time_out: 0.9499
       Episode_Reward/base_height_rough: 2.4515
         Episode_Reward/severely_tilted: -0.0320
              Episode_Reward/torso_slam: -6.0975
        Episode_Reward/joint_vel_limits: -0.0010
              Curriculum/terrain_levels: 0.0000
      Episode_Termination/invalid_state: 0.0501
  Episode_Reward/feet_distance_standing: -0.2596
      Episode_Reward/base_height_medium: 3.9020
           Curriculum/polish_not_moving: -1.0000
           Episode_Reward/torso_upright: -0.0487
      Episode_Reward/joint_deviation_l1: -0.7224
            Episode_Reward/joint_vel_l2: -1.1010
              Episode_Reward/torso_roll: -1.8962
           Episode_Reward/ankle_torques: -0.1898
        Curriculum/random_fallen_states: 0.0000
        Episode_Reward/action_rate_rate: -17.8392
              Episode_Reward/feet_slide: -0.8100
        Episode_Reward/base_height_fine: 6.4770
--------------------------------------------------------------------------------
                         Iteration time: 1.19s
                           Time elapsed: 0:01:46
                                    ETA: 0:00:38

################################################################################
[1m                           Learning iteration 88/120                            [0m 

                               Run name: height_tracking_g1
                            Total steps: 8749056 
                       Steps per second: 82851 
                        Collection time: 0.953s 
                          Learning time: 0.233s 
                        Mean value loss: 0.9794
                    Mean surrogate loss: -0.0001
                      Mean entropy loss: 34.7977
                     Mean symmetry loss: 0.0014
                   Mean l2c2_actor loss: 0.0035
                  Mean l2c2_critic loss: 0.0231
                            Mean reward: -1686.40
                    Mean episode length: 733.46
                        Mean action std: 0.81
                    Entropy coefficient: 0.002500
           Episode_Reward/torque_limits: -0.8537
    Episode_Reward/joint_tracking_error: -2.9709
           Episode_Reward/feet_yaw_mean: -0.7179
     Episode_Reward/completely_airborne: -16.2501
            Episode_Reward/joint_acc_l2: -0.1032
              Episode_Reward/not_moving: -4.1373
              Episode_Reward/relaxation: -8.3006
               Episode_Reward/flat_feet: -2.6174
         Episode_Reward/ground_unloaded: -0.8201
            Metrics/height/height_error: 0.0974
           Curriculum/polish_torso_slam: -5.0000
         Curriculum/polish_joint_vel_l2: -0.0010
        Episode_Reward/illegal_contacts: -0.4826
          Curriculum/polish_ground_slam: -1.0000
           Episode_Reward/feet_distance: -0.3978
        Episode_Reward/joint_torques_l2: -0.8988
           Episode_Reward/body_velocity: -10.9175
        Episode_Reward/joint_pos_limits: -0.0173
 Episode_Reward/joint_deviation_l1_arms: -0.4555
               Curriculum/adaptive_lift: 0.9606
           Episode_Reward/forward_pitch: -1.2009
             Episode_Reward/ground_slam: -4.9507
     Curriculum/polish_action_rate_rate: -0.1500
             Episode_Reward/action_rate: -40.0699
           Episode_Termination/time_out: 0.9513
       Episode_Reward/base_height_rough: 2.3715
         Episode_Reward/severely_tilted: -0.0468
              Episode_Reward/torso_slam: -6.4749
        Episode_Reward/joint_vel_limits: -0.0011
              Curriculum/terrain_levels: 0.0000
      Episode_Termination/invalid_state: 0.0487
  Episode_Reward/feet_distance_standing: -0.3171
      Episode_Reward/base_height_medium: 3.7227
           Curriculum/polish_not_moving: -1.0000
           Episode_Reward/torso_upright: -0.0521
      Episode_Reward/joint_deviation_l1: -0.8587
            Episode_Reward/joint_vel_l2: -1.1372
              Episode_Reward/torso_roll: -1.8778
           Episode_Reward/ankle_torques: -0.2375
        Curriculum/random_fallen_states: 0.0000
        Episode_Reward/action_rate_rate: -17.8088
              Episode_Reward/feet_slide: -0.8111
        Episode_Reward/base_height_fine: 6.2248
--------------------------------------------------------------------------------
                         Iteration time: 1.19s
                           Time elapsed: 0:01:47
                                    ETA: 0:00:37

################################################################################
[1m                           Learning iteration 89/120                            [0m 

                               Run name: height_tracking_g1
                            Total steps: 8847360 
                       Steps per second: 83189 
                        Collection time: 0.949s 
                          Learning time: 0.233s 
                        Mean value loss: 0.8776
                    Mean surrogate loss: -0.0028
                      Mean entropy loss: 34.6825
                     Mean symmetry loss: 0.0013
                   Mean l2c2_actor loss: 0.0035
                  Mean l2c2_critic loss: 0.0244
                            Mean reward: -1597.59
                    Mean episode length: 725.59
                        Mean action std: 0.81
                    Entropy coefficient: 0.002500
           Episode_Reward/torque_limits: -0.8106
    Episode_Reward/joint_tracking_error: -2.7361
           Episode_Reward/feet_yaw_mean: -0.5956
     Episode_Reward/completely_airborne: -15.7500
            Episode_Reward/joint_acc_l2: -0.0958
              Episode_Reward/not_moving: -4.2355
              Episode_Reward/relaxation: -7.0967
               Episode_Reward/flat_feet: -2.5497
         Episode_Reward/ground_unloaded: -0.8535
            Metrics/height/height_error: 0.0955
           Curriculum/polish_torso_slam: -5.0000
         Curriculum/polish_joint_vel_l2: -0.0010
        Episode_Reward/illegal_contacts: -0.4602
          Curriculum/polish_ground_slam: -1.0000
           Episode_Reward/feet_distance: -0.3700
        Episode_Reward/joint_torques_l2: -0.8689
           Episode_Reward/body_velocity: -9.8561
        Episode_Reward/joint_pos_limits: -0.0160
 Episode_Reward/joint_deviation_l1_arms: -0.4204
               Curriculum/adaptive_lift: 0.9585
           Episode_Reward/forward_pitch: -1.1290
             Episode_Reward/ground_slam: -4.2872
     Curriculum/polish_action_rate_rate: -0.1500
             Episode_Reward/action_rate: -39.3084
           Episode_Termination/time_out: 0.9518
       Episode_Reward/base_height_rough: 2.4527
         Episode_Reward/severely_tilted: -0.0411
              Episode_Reward/torso_slam: -5.6320
        Episode_Reward/joint_vel_limits: -0.0009
              Curriculum/terrain_levels: 0.0000
      Episode_Termination/invalid_state: 0.0482
  Episode_Reward/feet_distance_standing: -0.3204
      Episode_Reward/base_height_medium: 3.9571
           Curriculum/polish_not_moving: -1.0000
           Episode_Reward/torso_upright: -0.0585
      Episode_Reward/joint_deviation_l1: -0.8586
            Episode_Reward/joint_vel_l2: -1.0528
              Episode_Reward/torso_roll: -1.7652
           Episode_Reward/ankle_torques: -0.1969
        Curriculum/random_fallen_states: 0.0000
        Episode_Reward/action_rate_rate: -17.4743
              Episode_Reward/feet_slide: -0.8049
        Episode_Reward/base_height_fine: 6.7108
--------------------------------------------------------------------------------
                         Iteration time: 1.18s
                           Time elapsed: 0:01:48
                                    ETA: 0:00:36

################################################################################
[1m                           Learning iteration 90/120                            [0m 

                               Run name: height_tracking_g1
                            Total steps: 8945664 
                       Steps per second: 82854 
                        Collection time: 0.952s 
                          Learning time: 0.234s 
                        Mean value loss: 0.7814
                    Mean surrogate loss: -0.0020
                      Mean entropy loss: 34.5593
                     Mean symmetry loss: 0.0013
                   Mean l2c2_actor loss: 0.0035
                  Mean l2c2_critic loss: 0.0247
                            Mean reward: -1602.72
                    Mean episode length: 738.99
                        Mean action std: 0.80
                    Entropy coefficient: 0.002500
           Episode_Reward/torque_limits: -0.7948
    Episode_Reward/joint_tracking_error: -2.7424
           Episode_Reward/feet_yaw_mean: -0.5996
     Episode_Reward/completely_airborne: -15.8271
            Episode_Reward/joint_acc_l2: -0.1014
              Episode_Reward/not_moving: -4.2000
              Episode_Reward/relaxation: -6.8524
               Episode_Reward/flat_feet: -2.5549
         Episode_Reward/ground_unloaded: -0.8775
            Metrics/height/height_error: 0.1054
           Curriculum/polish_torso_slam: -5.0000
         Curriculum/polish_joint_vel_l2: -0.0010
        Episode_Reward/illegal_contacts: -0.4704
          Curriculum/polish_ground_slam: -1.0000
           Episode_Reward/feet_distance: -0.3665
        Episode_Reward/joint_torques_l2: -0.8863
           Episode_Reward/body_velocity: -9.6961
        Episode_Reward/joint_pos_limits: -0.0162
 Episode_Reward/joint_deviation_l1_arms: -0.4203
               Curriculum/adaptive_lift: 0.9567
           Episode_Reward/forward_pitch: -1.1460
             Episode_Reward/ground_slam: -4.2315
     Curriculum/polish_action_rate_rate: -0.1500
             Episode_Reward/action_rate: -39.4281
           Episode_Termination/time_out: 0.9529
       Episode_Reward/base_height_rough: 2.5183
         Episode_Reward/severely_tilted: -0.0391
              Episode_Reward/torso_slam: -5.6409
        Episode_Reward/joint_vel_limits: -0.0010
              Curriculum/terrain_levels: 0.0000
      Episode_Termination/invalid_state: 0.0471
  Episode_Reward/feet_distance_standing: -0.3082
      Episode_Reward/base_height_medium: 4.0112
           Curriculum/polish_not_moving: -1.0000
           Episode_Reward/torso_upright: -0.0590
      Episode_Reward/joint_deviation_l1: -0.8359
            Episode_Reward/joint_vel_l2: -1.0688
              Episode_Reward/torso_roll: -1.8008
           Episode_Reward/ankle_torques: -0.2101
        Curriculum/random_fallen_states: 0.0000
        Episode_Reward/action_rate_rate: -17.5397
              Episode_Reward/feet_slide: -0.8073
        Episode_Reward/base_height_fine: 6.7063
--------------------------------------------------------------------------------
                         Iteration time: 1.19s
                           Time elapsed: 0:01:49
                                    ETA: 0:00:35

################################################################################
[1m                           Learning iteration 91/120                            [0m 

                               Run name: height_tracking_g1
                            Total steps: 9043968 
                       Steps per second: 83138 
                        Collection time: 0.949s 
                          Learning time: 0.233s 
                        Mean value loss: 0.9088
                    Mean surrogate loss: -0.0030
                      Mean entropy loss: 34.4595
                     Mean symmetry loss: 0.0013
                   Mean l2c2_actor loss: 0.0035
                  Mean l2c2_critic loss: 0.0263
                            Mean reward: -1561.45
                    Mean episode length: 724.14
                        Mean action std: 0.80
                    Entropy coefficient: 0.002500
           Episode_Reward/torque_limits: -0.7961
    Episode_Reward/joint_tracking_error: -2.6629
           Episode_Reward/feet_yaw_mean: -0.5726
     Episode_Reward/completely_airborne: -15.9186
            Episode_Reward/joint_acc_l2: -0.1005
              Episode_Reward/not_moving: -4.1336
              Episode_Reward/relaxation: -7.0714
               Episode_Reward/flat_feet: -2.5267
         Episode_Reward/ground_unloaded: -0.8469
            Metrics/height/height_error: 0.0976
           Curriculum/polish_torso_slam: -5.0000
         Curriculum/polish_joint_vel_l2: -0.0010
        Episode_Reward/illegal_contacts: -0.4755
          Curriculum/polish_ground_slam: -1.0000
           Episode_Reward/feet_distance: -0.3568
        Episode_Reward/joint_torques_l2: -0.8688
           Episode_Reward/body_velocity: -8.9010
        Episode_Reward/joint_pos_limits: -0.0156
 Episode_Reward/joint_deviation_l1_arms: -0.3984
               Curriculum/adaptive_lift: 0.9554
           Episode_Reward/forward_pitch: -1.2002
             Episode_Reward/ground_slam: -4.1792
     Curriculum/polish_action_rate_rate: -0.1500
             Episode_Reward/action_rate: -38.6736
           Episode_Termination/time_out: 0.9538
       Episode_Reward/base_height_rough: 2.4707
         Episode_Reward/severely_tilted: -0.0262
              Episode_Reward/torso_slam: -5.6116
        Episode_Reward/joint_vel_limits: -0.0009
              Curriculum/terrain_levels: 0.0000
      Episode_Termination/invalid_state: 0.0462
  Episode_Reward/feet_distance_standing: -0.2955
      Episode_Reward/base_height_medium: 3.9256
           Curriculum/polish_not_moving: -1.0000
           Episode_Reward/torso_upright: -0.0582
      Episode_Reward/joint_deviation_l1: -0.8495
            Episode_Reward/joint_vel_l2: -1.0365
              Episode_Reward/torso_roll: -1.7068
           Episode_Reward/ankle_torques: -0.1962
        Curriculum/random_fallen_states: 0.0000
        Episode_Reward/action_rate_rate: -17.2025
              Episode_Reward/feet_slide: -0.7894
        Episode_Reward/base_height_fine: 6.5770
--------------------------------------------------------------------------------
                         Iteration time: 1.18s
                           Time elapsed: 0:01:51
                                    ETA: 0:00:33

################################################################################
[1m                           Learning iteration 92/120                            [0m 

                               Run name: height_tracking_g1
                            Total steps: 9142272 
                       Steps per second: 83133 
                        Collection time: 0.949s 
                          Learning time: 0.233s 
                        Mean value loss: 0.8735
                    Mean surrogate loss: -0.0027
                      Mean entropy loss: 34.3436
                     Mean symmetry loss: 0.0014
                   Mean l2c2_actor loss: 0.0035
                  Mean l2c2_critic loss: 0.0252
                            Mean reward: -1538.02
                    Mean episode length: 737.03
                        Mean action std: 0.80
                    Entropy coefficient: 0.002500
           Episode_Reward/torque_limits: -0.8003
    Episode_Reward/joint_tracking_error: -2.6412
           Episode_Reward/feet_yaw_mean: -0.5898
     Episode_Reward/completely_airborne: -15.6124
            Episode_Reward/joint_acc_l2: -0.1051
              Episode_Reward/not_moving: -4.0501
              Episode_Reward/relaxation: -7.7614
               Episode_Reward/flat_feet: -2.6348
         Episode_Reward/ground_unloaded: -0.8368
            Metrics/height/height_error: 0.0963
           Curriculum/polish_torso_slam: -5.0000
         Curriculum/polish_joint_vel_l2: -0.0010
        Episode_Reward/illegal_contacts: -0.4739
          Curriculum/polish_ground_slam: -1.0000
           Episode_Reward/feet_distance: -0.3510
        Episode_Reward/joint_torques_l2: -0.9017
           Episode_Reward/body_velocity: -8.7636
        Episode_Reward/joint_pos_limits: -0.0160
 Episode_Reward/joint_deviation_l1_arms: -0.3581
               Curriculum/adaptive_lift: 0.9538
           Episode_Reward/forward_pitch: -1.1266
             Episode_Reward/ground_slam: -4.3710
     Curriculum/polish_action_rate_rate: -0.1500
             Episode_Reward/action_rate: -38.8810
           Episode_Termination/time_out: 0.9544
       Episode_Reward/base_height_rough: 2.4476
         Episode_Reward/severely_tilted: -0.0323
              Episode_Reward/torso_slam: -5.1646
        Episode_Reward/joint_vel_limits: -0.0009
              Curriculum/terrain_levels: 0.0000
      Episode_Termination/invalid_state: 0.0456
  Episode_Reward/feet_distance_standing: -0.2751
      Episode_Reward/base_height_medium: 3.8984
           Curriculum/polish_not_moving: -1.0000
           Episode_Reward/torso_upright: -0.0507
      Episode_Reward/joint_deviation_l1: -0.7636
            Episode_Reward/joint_vel_l2: -1.0135
              Episode_Reward/torso_roll: -1.7840
           Episode_Reward/ankle_torques: -0.2149
        Curriculum/random_fallen_states: 0.0000
        Episode_Reward/action_rate_rate: -17.2949
              Episode_Reward/feet_slide: -0.7944
        Episode_Reward/base_height_fine: 6.5671
--------------------------------------------------------------------------------
                         Iteration time: 1.18s
                           Time elapsed: 0:01:52
                                    ETA: 0:00:32

################################################################################
[1m                           Learning iteration 93/120                            [0m 

                               Run name: height_tracking_g1
                            Total steps: 9240576 
                       Steps per second: 83106 
                        Collection time: 0.950s 
                          Learning time: 0.233s 
                        Mean value loss: 0.9535
                    Mean surrogate loss: -0.0027
                      Mean entropy loss: 34.2642
                     Mean symmetry loss: 0.0013
                   Mean l2c2_actor loss: 0.0034
                  Mean l2c2_critic loss: 0.0253
                            Mean reward: -1525.41
                    Mean episode length: 726.00
                        Mean action std: 0.79
                    Entropy coefficient: 0.002500
           Episode_Reward/torque_limits: -0.7656
    Episode_Reward/joint_tracking_error: -2.5867
           Episode_Reward/feet_yaw_mean: -0.5563
     Episode_Reward/completely_airborne: -15.6419
            Episode_Reward/joint_acc_l2: -0.0962
              Episode_Reward/not_moving: -4.1562
              Episode_Reward/relaxation: -6.5315
               Episode_Reward/flat_feet: -2.5221
         Episode_Reward/ground_unloaded: -0.8625
            Metrics/height/height_error: 0.0986
           Curriculum/polish_torso_slam: -5.0000
         Curriculum/polish_joint_vel_l2: -0.0010
        Episode_Reward/illegal_contacts: -0.4665
          Curriculum/polish_ground_slam: -1.0000
           Episode_Reward/feet_distance: -0.3542
        Episode_Reward/joint_torques_l2: -0.8425
           Episode_Reward/body_velocity: -8.7985
        Episode_Reward/joint_pos_limits: -0.0155
 Episode_Reward/joint_deviation_l1_arms: -0.3945
               Curriculum/adaptive_lift: 0.9520
           Episode_Reward/forward_pitch: -1.1845
             Episode_Reward/ground_slam: -4.1578
     Curriculum/polish_action_rate_rate: -0.1500
             Episode_Reward/action_rate: -37.9092
           Episode_Termination/time_out: 0.9544
       Episode_Reward/base_height_rough: 2.4777
         Episode_Reward/severely_tilted: -0.0323
              Episode_Reward/torso_slam: -5.3750
        Episode_Reward/joint_vel_limits: -0.0009
              Curriculum/terrain_levels: 0.0000
      Episode_Termination/invalid_state: 0.0456
  Episode_Reward/feet_distance_standing: -0.3083
      Episode_Reward/base_height_medium: 3.9560
           Curriculum/polish_not_moving: -1.0000
           Episode_Reward/torso_upright: -0.0555
      Episode_Reward/joint_deviation_l1: -0.8273
            Episode_Reward/joint_vel_l2: -1.0053
              Episode_Reward/torso_roll: -1.6975
           Episode_Reward/ankle_torques: -0.1884
        Curriculum/random_fallen_states: 0.0000
        Episode_Reward/action_rate_rate: -16.8721
              Episode_Reward/feet_slide: -0.7816
        Episode_Reward/base_height_fine: 6.6247
--------------------------------------------------------------------------------
                         Iteration time: 1.18s
                           Time elapsed: 0:01:53
                                    ETA: 0:00:31

################################################################################
[1m                           Learning iteration 94/120                            [0m 

                               Run name: height_tracking_g1
                            Total steps: 9338880 
                       Steps per second: 82806 
                        Collection time: 0.954s 
                          Learning time: 0.233s 
                        Mean value loss: 1.0763
                    Mean surrogate loss: -0.0033
                      Mean entropy loss: 34.1406
                     Mean symmetry loss: 0.0014
                   Mean l2c2_actor loss: 0.0034
                  Mean l2c2_critic loss: 0.0280
                            Mean reward: -1489.52
                    Mean episode length: 714.60
                        Mean action std: 0.79
                    Entropy coefficient: 0.002500
           Episode_Reward/torque_limits: -0.7682
    Episode_Reward/joint_tracking_error: -2.5327
           Episode_Reward/feet_yaw_mean: -0.5303
     Episode_Reward/completely_airborne: -15.4713
            Episode_Reward/joint_acc_l2: -0.0926
              Episode_Reward/not_moving: -4.0110
              Episode_Reward/relaxation: -7.2163
               Episode_Reward/flat_feet: -2.5232
         Episode_Reward/ground_unloaded: -0.7935
            Metrics/height/height_error: 0.0800
           Curriculum/polish_torso_slam: -5.0000
         Curriculum/polish_joint_vel_l2: -0.0010
        Episode_Reward/illegal_contacts: -0.4776
          Curriculum/polish_ground_slam: -1.0000
           Episode_Reward/feet_distance: -0.3405
        Episode_Reward/joint_torques_l2: -0.8284
           Episode_Reward/body_velocity: -8.7182
        Episode_Reward/joint_pos_limits: -0.0157
 Episode_Reward/joint_deviation_l1_arms: -0.3735
               Curriculum/adaptive_lift: 0.9499
           Episode_Reward/forward_pitch: -1.1755
             Episode_Reward/ground_slam: -4.2305
     Curriculum/polish_action_rate_rate: -0.1500
             Episode_Reward/action_rate: -37.6258
           Episode_Termination/time_out: 0.9558
       Episode_Reward/base_height_rough: 2.3766
         Episode_Reward/severely_tilted: -0.0338
              Episode_Reward/torso_slam: -5.2331
        Episode_Reward/joint_vel_limits: -0.0008
              Curriculum/terrain_levels: 0.0000
      Episode_Termination/invalid_state: 0.0442
  Episode_Reward/feet_distance_standing: -0.2908
      Episode_Reward/base_height_medium: 3.7896
           Curriculum/polish_not_moving: -1.0000
           Episode_Reward/torso_upright: -0.0496
      Episode_Reward/joint_deviation_l1: -0.7605
            Episode_Reward/joint_vel_l2: -0.9867
              Episode_Reward/torso_roll: -1.7558
           Episode_Reward/ankle_torques: -0.1964
        Curriculum/random_fallen_states: 0.0000
        Episode_Reward/action_rate_rate: -16.7384
              Episode_Reward/feet_slide: -0.7797
        Episode_Reward/base_height_fine: 6.4214
--------------------------------------------------------------------------------
                         Iteration time: 1.19s
                           Time elapsed: 0:01:54
                                    ETA: 0:00:30

################################################################################
[1m                           Learning iteration 95/120                            [0m 

                               Run name: height_tracking_g1
                            Total steps: 9437184 
                       Steps per second: 82911 
                        Collection time: 0.952s 
                          Learning time: 0.234s 
                        Mean value loss: 0.8406
                    Mean surrogate loss: -0.0015
                      Mean entropy loss: 34.0423
                     Mean symmetry loss: 0.0013
                   Mean l2c2_actor loss: 0.0035
                  Mean l2c2_critic loss: 0.0289
                            Mean reward: -1552.15
                    Mean episode length: 743.16
                        Mean action std: 0.79
                    Entropy coefficient: 0.002500
           Episode_Reward/torque_limits: -0.7855
    Episode_Reward/joint_tracking_error: -2.6059
           Episode_Reward/feet_yaw_mean: -0.5365
     Episode_Reward/completely_airborne: -15.6090
            Episode_Reward/joint_acc_l2: -0.0950
              Episode_Reward/not_moving: -4.0805
              Episode_Reward/relaxation: -7.8698
               Episode_Reward/flat_feet: -2.6369
         Episode_Reward/ground_unloaded: -0.8122
            Metrics/height/height_error: 0.0876
           Curriculum/polish_torso_slam: -5.0000
         Curriculum/polish_joint_vel_l2: -0.0010
        Episode_Reward/illegal_contacts: -0.5217
          Curriculum/polish_ground_slam: -1.0000
           Episode_Reward/feet_distance: -0.3460
        Episode_Reward/joint_torques_l2: -0.8586
           Episode_Reward/body_velocity: -8.4577
        Episode_Reward/joint_pos_limits: -0.0161
 Episode_Reward/joint_deviation_l1_arms: -0.3587
               Curriculum/adaptive_lift: 0.9477
           Episode_Reward/forward_pitch: -1.3199
             Episode_Reward/ground_slam: -3.9042
     Curriculum/polish_action_rate_rate: -0.1500
             Episode_Reward/action_rate: -38.4759
           Episode_Termination/time_out: 0.9569
       Episode_Reward/base_height_rough: 2.4053
         Episode_Reward/severely_tilted: -0.0241
              Episode_Reward/torso_slam: -5.0192
        Episode_Reward/joint_vel_limits: -0.0008
              Curriculum/terrain_levels: 0.0000
      Episode_Termination/invalid_state: 0.0431
  Episode_Reward/feet_distance_standing: -0.2793
      Episode_Reward/base_height_medium: 3.8504
           Curriculum/polish_not_moving: -1.0000
           Episode_Reward/torso_upright: -0.0509
      Episode_Reward/joint_deviation_l1: -0.7538
            Episode_Reward/joint_vel_l2: -1.0036
              Episode_Reward/torso_roll: -1.7674
           Episode_Reward/ankle_torques: -0.2000
        Curriculum/random_fallen_states: 0.0000
        Episode_Reward/action_rate_rate: -17.1120
              Episode_Reward/feet_slide: -0.7990
        Episode_Reward/base_height_fine: 6.5523
--------------------------------------------------------------------------------
                         Iteration time: 1.19s
                           Time elapsed: 0:01:55
                                    ETA: 0:00:28

################################################################################
[1m                           Learning iteration 96/120                            [0m 

                               Run name: height_tracking_g1
                            Total steps: 9535488 
                       Steps per second: 82962 
                        Collection time: 0.951s 
                          Learning time: 0.234s 
                        Mean value loss: 1.0079
                    Mean surrogate loss: -0.0026
                      Mean entropy loss: 33.9619
                     Mean symmetry loss: 0.0013
                   Mean l2c2_actor loss: 0.0034
                  Mean l2c2_critic loss: 0.0243
                            Mean reward: -1508.19
                    Mean episode length: 726.94
                        Mean action std: 0.79
                    Entropy coefficient: 0.002500
           Episode_Reward/torque_limits: -0.7651
    Episode_Reward/joint_tracking_error: -2.5529
           Episode_Reward/feet_yaw_mean: -0.5501
     Episode_Reward/completely_airborne: -15.2495
            Episode_Reward/joint_acc_l2: -0.0955
              Episode_Reward/not_moving: -4.1953
              Episode_Reward/relaxation: -6.4388
               Episode_Reward/flat_feet: -2.5399
         Episode_Reward/ground_unloaded: -0.8826
            Metrics/height/height_error: 0.0956
           Curriculum/polish_torso_slam: -5.0000
         Curriculum/polish_joint_vel_l2: -0.0010
        Episode_Reward/illegal_contacts: -0.4677
          Curriculum/polish_ground_slam: -1.0000
           Episode_Reward/feet_distance: -0.3483
        Episode_Reward/joint_torques_l2: -0.8520
           Episode_Reward/body_velocity: -8.6486
        Episode_Reward/joint_pos_limits: -0.0158
 Episode_Reward/joint_deviation_l1_arms: -0.3728
               Curriculum/adaptive_lift: 0.9454
           Episode_Reward/forward_pitch: -1.1760
             Episode_Reward/ground_slam: -4.0630
     Curriculum/polish_action_rate_rate: -0.1500
             Episode_Reward/action_rate: -37.5529
           Episode_Termination/time_out: 0.9585
       Episode_Reward/base_height_rough: 2.5243
         Episode_Reward/severely_tilted: -0.0311
              Episode_Reward/torso_slam: -5.3645
        Episode_Reward/joint_vel_limits: -0.0008
              Curriculum/terrain_levels: 0.0000
      Episode_Termination/invalid_state: 0.0415
  Episode_Reward/feet_distance_standing: -0.2985
      Episode_Reward/base_height_medium: 4.0844
           Curriculum/polish_not_moving: -1.0000
           Episode_Reward/torso_upright: -0.0513
      Episode_Reward/joint_deviation_l1: -0.8095
            Episode_Reward/joint_vel_l2: -0.9489
              Episode_Reward/torso_roll: -1.6908
           Episode_Reward/ankle_torques: -0.2023
        Curriculum/random_fallen_states: 0.0000
        Episode_Reward/action_rate_rate: -16.7166
              Episode_Reward/feet_slide: -0.7801
        Episode_Reward/base_height_fine: 6.8993
--------------------------------------------------------------------------------
                         Iteration time: 1.18s
                           Time elapsed: 0:01:57
                                    ETA: 0:00:27

################################################################################
[1m                           Learning iteration 97/120                            [0m 

                               Run name: height_tracking_g1
                            Total steps: 9633792 
                       Steps per second: 83066 
                        Collection time: 0.950s 
                          Learning time: 0.233s 
                        Mean value loss: 0.8687
                    Mean surrogate loss: -0.0032
                      Mean entropy loss: 33.8221
                     Mean symmetry loss: 0.0013
                   Mean l2c2_actor loss: 0.0034
                  Mean l2c2_critic loss: 0.0265
                            Mean reward: -1440.81
                    Mean episode length: 735.82
                        Mean action std: 0.78
                    Entropy coefficient: 0.002500
           Episode_Reward/torque_limits: -0.7420
    Episode_Reward/joint_tracking_error: -2.4881
           Episode_Reward/feet_yaw_mean: -0.5121
     Episode_Reward/completely_airborne: -15.8184
            Episode_Reward/joint_acc_l2: -0.0994
              Episode_Reward/not_moving: -4.3173
              Episode_Reward/relaxation: -6.2439
               Episode_Reward/flat_feet: -2.5113
         Episode_Reward/ground_unloaded: -0.9125
            Metrics/height/height_error: 0.0914
           Curriculum/polish_torso_slam: -5.0000
         Curriculum/polish_joint_vel_l2: -0.0010
        Episode_Reward/illegal_contacts: -0.4581
          Curriculum/polish_ground_slam: -1.0000
           Episode_Reward/feet_distance: -0.3502
        Episode_Reward/joint_torques_l2: -0.8594
           Episode_Reward/body_velocity: -7.8999
        Episode_Reward/joint_pos_limits: -0.0158
 Episode_Reward/joint_deviation_l1_arms: -0.3965
               Curriculum/adaptive_lift: 0.9431
           Episode_Reward/forward_pitch: -1.1402
             Episode_Reward/ground_slam: -3.6676
     Curriculum/polish_action_rate_rate: -0.1500
             Episode_Reward/action_rate: -38.0212
           Episode_Termination/time_out: 0.9606
       Episode_Reward/base_height_rough: 2.6342
         Episode_Reward/severely_tilted: -0.0231
              Episode_Reward/torso_slam: -4.9528
        Episode_Reward/joint_vel_limits: -0.0008
              Curriculum/terrain_levels: 0.0000
      Episode_Termination/invalid_state: 0.0394
  Episode_Reward/feet_distance_standing: -0.3417
      Episode_Reward/base_height_medium: 4.2953
           Curriculum/polish_not_moving: -1.0000
           Episode_Reward/torso_upright: -0.0591
      Episode_Reward/joint_deviation_l1: -0.9071
            Episode_Reward/joint_vel_l2: -0.9569
              Episode_Reward/torso_roll: -1.6379
           Episode_Reward/ankle_torques: -0.1804
        Curriculum/random_fallen_states: 0.0000
        Episode_Reward/action_rate_rate: -16.9166
              Episode_Reward/feet_slide: -0.7836
        Episode_Reward/base_height_fine: 7.3342
--------------------------------------------------------------------------------
                         Iteration time: 1.18s
                           Time elapsed: 0:01:58
                                    ETA: 0:00:26

################################################################################
[1m                           Learning iteration 98/120                            [0m 

                               Run name: height_tracking_g1
                            Total steps: 9732096 
                       Steps per second: 82565 
                        Collection time: 0.957s 
                          Learning time: 0.233s 
                        Mean value loss: 0.9235
                    Mean surrogate loss: -0.0015
                      Mean entropy loss: 33.7546
                     Mean symmetry loss: 0.0012
                   Mean l2c2_actor loss: 0.0034
                  Mean l2c2_critic loss: 0.0258
                            Mean reward: -1488.45
                    Mean episode length: 725.11
                        Mean action std: 0.78
                    Entropy coefficient: 0.002500
           Episode_Reward/torque_limits: -0.7457
    Episode_Reward/joint_tracking_error: -2.4998
           Episode_Reward/feet_yaw_mean: -0.5295
     Episode_Reward/completely_airborne: -14.8599
            Episode_Reward/joint_acc_l2: -0.0937
              Episode_Reward/not_moving: -4.0350
              Episode_Reward/relaxation: -7.1544
               Episode_Reward/flat_feet: -2.5067
         Episode_Reward/ground_unloaded: -0.8261
            Metrics/height/height_error: 0.0946
           Curriculum/polish_torso_slam: -5.0000
         Curriculum/polish_joint_vel_l2: -0.0010
        Episode_Reward/illegal_contacts: -0.5204
          Curriculum/polish_ground_slam: -1.0000
           Episode_Reward/feet_distance: -0.3779
        Episode_Reward/joint_torques_l2: -0.8402
           Episode_Reward/body_velocity: -8.3791
        Episode_Reward/joint_pos_limits: -0.0159
 Episode_Reward/joint_deviation_l1_arms: -0.3639
               Curriculum/adaptive_lift: 0.9409
           Episode_Reward/forward_pitch: -1.2726
             Episode_Reward/ground_slam: -4.0225
     Curriculum/polish_action_rate_rate: -0.1500
             Episode_Reward/action_rate: -37.2343
           Episode_Termination/time_out: 0.9620
       Episode_Reward/base_height_rough: 2.4621
         Episode_Reward/severely_tilted: -0.0319
              Episode_Reward/torso_slam: -5.2041
        Episode_Reward/joint_vel_limits: -0.0008
              Curriculum/terrain_levels: 0.0000
      Episode_Termination/invalid_state: 0.0380
  Episode_Reward/feet_distance_standing: -0.3336
      Episode_Reward/base_height_medium: 3.9354
           Curriculum/polish_not_moving: -1.0000
           Episode_Reward/torso_upright: -0.0538
      Episode_Reward/joint_deviation_l1: -0.7998
            Episode_Reward/joint_vel_l2: -0.9350
              Episode_Reward/torso_roll: -1.7135
           Episode_Reward/ankle_torques: -0.1937
        Curriculum/random_fallen_states: 0.0000
        Episode_Reward/action_rate_rate: -16.5666
              Episode_Reward/feet_slide: -0.7829
        Episode_Reward/base_height_fine: 6.6926
--------------------------------------------------------------------------------
                         Iteration time: 1.19s
                           Time elapsed: 0:01:59
                                    ETA: 0:00:25

################################################################################
[1m                           Learning iteration 99/120                            [0m 

                               Run name: height_tracking_g1
                            Total steps: 9830400 
                       Steps per second: 82820 
                        Collection time: 0.954s 
                          Learning time: 0.233s 
                        Mean value loss: 1.0771
                    Mean surrogate loss: -0.0023
                      Mean entropy loss: 33.6378
                     Mean symmetry loss: 0.0013
                   Mean l2c2_actor loss: 0.0035
                  Mean l2c2_critic loss: 0.0277
                            Mean reward: -1472.13
                    Mean episode length: 721.99
                        Mean action std: 0.78
                    Entropy coefficient: 0.002500
           Episode_Reward/torque_limits: -0.7500
    Episode_Reward/joint_tracking_error: -2.4990
           Episode_Reward/feet_yaw_mean: -0.5318
     Episode_Reward/completely_airborne: -15.3431
            Episode_Reward/joint_acc_l2: -0.0958
              Episode_Reward/not_moving: -4.2650
              Episode_Reward/relaxation: -6.6334
               Episode_Reward/flat_feet: -2.5876
         Episode_Reward/ground_unloaded: -0.8772
            Metrics/height/height_error: 0.0918
           Curriculum/polish_torso_slam: -5.0000
         Curriculum/polish_joint_vel_l2: -0.0010
        Episode_Reward/illegal_contacts: -0.5066
          Curriculum/polish_ground_slam: -1.0000
           Episode_Reward/feet_distance: -0.3407
        Episode_Reward/joint_torques_l2: -0.8522
           Episode_Reward/body_velocity: -8.1237
        Episode_Reward/joint_pos_limits: -0.0161
 Episode_Reward/joint_deviation_l1_arms: -0.3471
               Curriculum/adaptive_lift: 0.9386
           Episode_Reward/forward_pitch: -1.2373
             Episode_Reward/ground_slam: -3.8415
     Curriculum/polish_action_rate_rate: -0.1500
             Episode_Reward/action_rate: -37.1567
           Episode_Termination/time_out: 0.9644
       Episode_Reward/base_height_rough: 2.5833
         Episode_Reward/severely_tilted: -0.0297
              Episode_Reward/torso_slam: -5.1150
        Episode_Reward/joint_vel_limits: -0.0008
              Curriculum/terrain_levels: 0.0000
      Episode_Termination/invalid_state: 0.0356
  Episode_Reward/feet_distance_standing: -0.2859
      Episode_Reward/base_height_medium: 4.1953
           Curriculum/polish_not_moving: -1.0000
           Episode_Reward/torso_upright: -0.0455
      Episode_Reward/joint_deviation_l1: -0.7508
            Episode_Reward/joint_vel_l2: -0.9475
              Episode_Reward/torso_roll: -1.6723
           Episode_Reward/ankle_torques: -0.1828
        Curriculum/random_fallen_states: 0.0000
        Episode_Reward/action_rate_rate: -16.5368
              Episode_Reward/feet_slide: -0.7776
        Episode_Reward/base_height_fine: 7.1206
--------------------------------------------------------------------------------
                         Iteration time: 1.19s
                           Time elapsed: 0:02:00
                                    ETA: 0:00:24

################################################################################
[1m                           Learning iteration 100/120                           [0m 

                               Run name: height_tracking_g1
                            Total steps: 9928704 
                       Steps per second: 82930 
                        Collection time: 0.953s 
                          Learning time: 0.233s 
                        Mean value loss: 1.0188
                    Mean surrogate loss: -0.0014
                      Mean entropy loss: 33.5444
                     Mean symmetry loss: 0.0013
                   Mean l2c2_actor loss: 0.0034
                  Mean l2c2_critic loss: 0.0235
                            Mean reward: -1439.91
                    Mean episode length: 714.46
                        Mean action std: 0.78
                    Entropy coefficient: 0.002500
           Episode_Reward/torque_limits: -0.7292
    Episode_Reward/joint_tracking_error: -2.4339
           Episode_Reward/feet_yaw_mean: -0.5021
     Episode_Reward/completely_airborne: -15.0918
            Episode_Reward/joint_acc_l2: -0.0927
              Episode_Reward/not_moving: -4.2480
              Episode_Reward/relaxation: -6.3918
               Episode_Reward/flat_feet: -2.4189
         Episode_Reward/ground_unloaded: -0.8557
            Metrics/height/height_error: 0.0859
           Curriculum/polish_torso_slam: -5.0000
         Curriculum/polish_joint_vel_l2: -0.0010
        Episode_Reward/illegal_contacts: -0.4534
          Curriculum/polish_ground_slam: -1.0000
           Episode_Reward/feet_distance: -0.3507
        Episode_Reward/joint_torques_l2: -0.8179
           Episode_Reward/body_velocity: -8.4189
        Episode_Reward/joint_pos_limits: -0.0152
 Episode_Reward/joint_deviation_l1_arms: -0.3652
               Curriculum/adaptive_lift: 0.9364
           Episode_Reward/forward_pitch: -1.0824
             Episode_Reward/ground_slam: -3.8792
     Curriculum/polish_action_rate_rate: -0.1500
             Episode_Reward/action_rate: -35.9016
           Episode_Termination/time_out: 0.9645
       Episode_Reward/base_height_rough: 2.4744
         Episode_Reward/severely_tilted: -0.0263
              Episode_Reward/torso_slam: -5.3008
        Episode_Reward/joint_vel_limits: -0.0008
              Curriculum/terrain_levels: 0.0000
      Episode_Termination/invalid_state: 0.0355
  Episode_Reward/feet_distance_standing: -0.3343
      Episode_Reward/base_height_medium: 4.0352
           Curriculum/polish_not_moving: -1.0000
           Episode_Reward/torso_upright: -0.0548
      Episode_Reward/joint_deviation_l1: -0.8335
            Episode_Reward/joint_vel_l2: -0.9279
              Episode_Reward/torso_roll: -1.6468
           Episode_Reward/ankle_torques: -0.1931
        Curriculum/random_fallen_states: 0.0000
        Episode_Reward/action_rate_rate: -15.9722
              Episode_Reward/feet_slide: -0.7640
        Episode_Reward/base_height_fine: 6.9091
--------------------------------------------------------------------------------
                         Iteration time: 1.19s
                           Time elapsed: 0:02:01
                                    ETA: 0:00:22

################################################################################
[1m                           Learning iteration 101/120                           [0m 

                               Run name: height_tracking_g1
                            Total steps: 10027008 
                       Steps per second: 83172 
                        Collection time: 0.949s 
                          Learning time: 0.233s 
                        Mean value loss: 0.7095
                    Mean surrogate loss: -0.0040
                      Mean entropy loss: 33.4251
                     Mean symmetry loss: 0.0012
                   Mean l2c2_actor loss: 0.0034
                  Mean l2c2_critic loss: 0.0246
                            Mean reward: -1485.71
                    Mean episode length: 744.41
                        Mean action std: 0.77
                    Entropy coefficient: 0.002500
           Episode_Reward/torque_limits: -0.7715
    Episode_Reward/joint_tracking_error: -2.5077
           Episode_Reward/feet_yaw_mean: -0.5157
     Episode_Reward/completely_airborne: -15.1019
            Episode_Reward/joint_acc_l2: -0.0939
              Episode_Reward/not_moving: -4.0054
              Episode_Reward/relaxation: -7.1120
               Episode_Reward/flat_feet: -2.6727
         Episode_Reward/ground_unloaded: -0.8521
            Metrics/height/height_error: 0.0942
           Curriculum/polish_torso_slam: -5.0000
         Curriculum/polish_joint_vel_l2: -0.0010
        Episode_Reward/illegal_contacts: -0.5232
          Curriculum/polish_ground_slam: -1.0000
           Episode_Reward/feet_distance: -0.3400
        Episode_Reward/joint_torques_l2: -0.8496
           Episode_Reward/body_velocity: -7.8436
        Episode_Reward/joint_pos_limits: -0.0160
 Episode_Reward/joint_deviation_l1_arms: -0.3392
               Curriculum/adaptive_lift: 0.9341
           Episode_Reward/forward_pitch: -1.2513
             Episode_Reward/ground_slam: -3.7044
     Curriculum/polish_action_rate_rate: -0.1500
             Episode_Reward/action_rate: -37.2993
           Episode_Termination/time_out: 0.9644
       Episode_Reward/base_height_rough: 2.5057
         Episode_Reward/severely_tilted: -0.0242
              Episode_Reward/torso_slam: -4.9441
        Episode_Reward/joint_vel_limits: -0.0007
              Curriculum/terrain_levels: 0.0000
      Episode_Termination/invalid_state: 0.0356
  Episode_Reward/feet_distance_standing: -0.2764
      Episode_Reward/base_height_medium: 3.9891
           Curriculum/polish_not_moving: -1.0000
           Episode_Reward/torso_upright: -0.0479
      Episode_Reward/joint_deviation_l1: -0.7366
            Episode_Reward/joint_vel_l2: -0.9324
              Episode_Reward/torso_roll: -1.7679
           Episode_Reward/ankle_torques: -0.1996
        Curriculum/random_fallen_states: 0.0000
        Episode_Reward/action_rate_rate: -16.5972
              Episode_Reward/feet_slide: -0.7673
        Episode_Reward/base_height_fine: 6.6968
--------------------------------------------------------------------------------
                         Iteration time: 1.18s
                           Time elapsed: 0:02:03
                                    ETA: 0:00:21

################################################################################
[1m                           Learning iteration 102/120                           [0m 

                               Run name: height_tracking_g1
                            Total steps: 10125312 
                       Steps per second: 82819 
                        Collection time: 0.954s 
                          Learning time: 0.233s 
                        Mean value loss: 0.8871
                    Mean surrogate loss: -0.0028
                      Mean entropy loss: 33.3038
                     Mean symmetry loss: 0.0013
                   Mean l2c2_actor loss: 0.0034
                  Mean l2c2_critic loss: 0.0236
                            Mean reward: -1468.92
                    Mean episode length: 737.06
                        Mean action std: 0.77
                    Entropy coefficient: 0.002500
           Episode_Reward/torque_limits: -0.7466
    Episode_Reward/joint_tracking_error: -2.4317
           Episode_Reward/feet_yaw_mean: -0.5242
     Episode_Reward/completely_airborne: -14.8358
            Episode_Reward/joint_acc_l2: -0.0851
              Episode_Reward/not_moving: -4.0213
              Episode_Reward/relaxation: -6.6497
               Episode_Reward/flat_feet: -2.7115
         Episode_Reward/ground_unloaded: -0.8475
            Metrics/height/height_error: 0.0968
           Curriculum/polish_torso_slam: -5.0000
         Curriculum/polish_joint_vel_l2: -0.0010
        Episode_Reward/illegal_contacts: -0.5328
          Curriculum/polish_ground_slam: -1.0000
           Episode_Reward/feet_distance: -0.3360
        Episode_Reward/joint_torques_l2: -0.8008
           Episode_Reward/body_velocity: -7.8766
        Episode_Reward/joint_pos_limits: -0.0159
 Episode_Reward/joint_deviation_l1_arms: -0.3168
               Curriculum/adaptive_lift: 0.9319
           Episode_Reward/forward_pitch: -1.2953
             Episode_Reward/ground_slam: -3.7416
     Curriculum/polish_action_rate_rate: -0.1500
             Episode_Reward/action_rate: -36.7670
           Episode_Termination/time_out: 0.9656
       Episode_Reward/base_height_rough: 2.5019
         Episode_Reward/severely_tilted: -0.0301
              Episode_Reward/torso_slam: -4.9961
        Episode_Reward/joint_vel_limits: -0.0007
              Curriculum/terrain_levels: 0.0000
      Episode_Termination/invalid_state: 0.0344
  Episode_Reward/feet_distance_standing: -0.2588
      Episode_Reward/base_height_medium: 3.9952
           Curriculum/polish_not_moving: -1.0000
           Episode_Reward/torso_upright: -0.0447
      Episode_Reward/joint_deviation_l1: -0.7067
            Episode_Reward/joint_vel_l2: -0.9132
              Episode_Reward/torso_roll: -1.6729
           Episode_Reward/ankle_torques: -0.1863
        Curriculum/random_fallen_states: 0.0000
        Episode_Reward/action_rate_rate: -16.3611
              Episode_Reward/feet_slide: -0.7656
        Episode_Reward/base_height_fine: 6.7598
--------------------------------------------------------------------------------
                         Iteration time: 1.19s
                           Time elapsed: 0:02:04
                                    ETA: 0:00:20

################################################################################
[1m                           Learning iteration 103/120                           [0m 

                               Run name: height_tracking_g1
                            Total steps: 10223616 
                       Steps per second: 83044 
                        Collection time: 0.950s 
                          Learning time: 0.233s 
                        Mean value loss: 1.0185
                    Mean surrogate loss: -0.0026
                      Mean entropy loss: 33.2459
                     Mean symmetry loss: 0.0014
                   Mean l2c2_actor loss: 0.0034
                  Mean l2c2_critic loss: 0.0243
                            Mean reward: -1388.92
                    Mean episode length: 733.34
                        Mean action std: 0.77
                    Entropy coefficient: 0.002500
           Episode_Reward/torque_limits: -0.6911
    Episode_Reward/joint_tracking_error: -2.2659
           Episode_Reward/feet_yaw_mean: -0.4324
     Episode_Reward/completely_airborne: -15.1462
            Episode_Reward/joint_acc_l2: -0.0851
              Episode_Reward/not_moving: -3.9261
              Episode_Reward/relaxation: -6.2415
               Episode_Reward/flat_feet: -2.5152
         Episode_Reward/ground_unloaded: -0.8385
            Metrics/height/height_error: 0.0833
           Curriculum/polish_torso_slam: -5.0000
         Curriculum/polish_joint_vel_l2: -0.0010
        Episode_Reward/illegal_contacts: -0.4418
          Curriculum/polish_ground_slam: -1.0000
           Episode_Reward/feet_distance: -0.3336
        Episode_Reward/joint_torques_l2: -0.7769
           Episode_Reward/body_velocity: -6.9171
        Episode_Reward/joint_pos_limits: -0.0150
 Episode_Reward/joint_deviation_l1_arms: -0.3362
               Curriculum/adaptive_lift: 0.9297
           Episode_Reward/forward_pitch: -1.0387
             Episode_Reward/ground_slam: -3.3749
     Curriculum/polish_action_rate_rate: -0.1500
             Episode_Reward/action_rate: -35.7298
           Episode_Termination/time_out: 0.9671
       Episode_Reward/base_height_rough: 2.5281
         Episode_Reward/severely_tilted: -0.0198
              Episode_Reward/torso_slam: -4.4032
        Episode_Reward/joint_vel_limits: -0.0006
              Curriculum/terrain_levels: 0.0000
      Episode_Termination/invalid_state: 0.0329
  Episode_Reward/feet_distance_standing: -0.3141
      Episode_Reward/base_height_medium: 4.0744
           Curriculum/polish_not_moving: -1.0000
           Episode_Reward/torso_upright: -0.0501
      Episode_Reward/joint_deviation_l1: -0.7942
            Episode_Reward/joint_vel_l2: -0.8486
              Episode_Reward/torso_roll: -1.5548
           Episode_Reward/ankle_torques: -0.1721
        Curriculum/random_fallen_states: 0.0000
        Episode_Reward/action_rate_rate: -15.9043
              Episode_Reward/feet_slide: -0.7259
        Episode_Reward/base_height_fine: 6.9012
--------------------------------------------------------------------------------
                         Iteration time: 1.18s
                           Time elapsed: 0:02:05
                                    ETA: 0:00:19

################################################################################
[1m                           Learning iteration 104/120                           [0m 

                               Run name: height_tracking_g1
                            Total steps: 10321920 
                       Steps per second: 83181 
                        Collection time: 0.949s 
                          Learning time: 0.233s 
                        Mean value loss: 0.8711
                    Mean surrogate loss: -0.0021
                      Mean entropy loss: 33.1455
                     Mean symmetry loss: 0.0013
                   Mean l2c2_actor loss: 0.0034
                  Mean l2c2_critic loss: 0.0246
                            Mean reward: -1416.55
                    Mean episode length: 743.99
                        Mean action std: 0.77
                    Entropy coefficient: 0.002500
           Episode_Reward/torque_limits: -0.7266
    Episode_Reward/joint_tracking_error: -2.4435
           Episode_Reward/feet_yaw_mean: -0.5028
     Episode_Reward/completely_airborne: -14.6910
            Episode_Reward/joint_acc_l2: -0.0930
              Episode_Reward/not_moving: -4.1305
              Episode_Reward/relaxation: -6.7775
               Episode_Reward/flat_feet: -2.6093
         Episode_Reward/ground_unloaded: -0.8663
            Metrics/height/height_error: 0.0920
           Curriculum/polish_torso_slam: -5.0000
         Curriculum/polish_joint_vel_l2: -0.0010
        Episode_Reward/illegal_contacts: -0.5145
          Curriculum/polish_ground_slam: -1.0000
           Episode_Reward/feet_distance: -0.3375
        Episode_Reward/joint_torques_l2: -0.8313
           Episode_Reward/body_velocity: -7.3408
        Episode_Reward/joint_pos_limits: -0.0160
 Episode_Reward/joint_deviation_l1_arms: -0.3374
               Curriculum/adaptive_lift: 0.9275
           Episode_Reward/forward_pitch: -1.2094
             Episode_Reward/ground_slam: -3.5552
     Curriculum/polish_action_rate_rate: -0.1500
             Episode_Reward/action_rate: -36.3036
           Episode_Termination/time_out: 0.9677
       Episode_Reward/base_height_rough: 2.5674
         Episode_Reward/severely_tilted: -0.0285
              Episode_Reward/torso_slam: -4.7568
        Episode_Reward/joint_vel_limits: -0.0007
              Curriculum/terrain_levels: 0.0000
      Episode_Termination/invalid_state: 0.0323
  Episode_Reward/feet_distance_standing: -0.2990
      Episode_Reward/base_height_medium: 4.1442
           Curriculum/polish_not_moving: -1.0000
           Episode_Reward/torso_upright: -0.0498
      Episode_Reward/joint_deviation_l1: -0.7582
            Episode_Reward/joint_vel_l2: -0.8818
              Episode_Reward/torso_roll: -1.6886
           Episode_Reward/ankle_torques: -0.1928
        Curriculum/random_fallen_states: 0.0000
        Episode_Reward/action_rate_rate: -16.1487
              Episode_Reward/feet_slide: -0.7579
        Episode_Reward/base_height_fine: 7.0411
--------------------------------------------------------------------------------
                         Iteration time: 1.18s
                           Time elapsed: 0:02:06
                                    ETA: 0:00:18

################################################################################
[1m                           Learning iteration 105/120                           [0m 

                               Run name: height_tracking_g1
                            Total steps: 10420224 
                       Steps per second: 82961 
                        Collection time: 0.952s 
                          Learning time: 0.233s 
                        Mean value loss: 1.1818
                    Mean surrogate loss: -0.0016
                      Mean entropy loss: 33.0791
                     Mean symmetry loss: 0.0013
                   Mean l2c2_actor loss: 0.0034
                  Mean l2c2_critic loss: 0.0247
                            Mean reward: -1329.36
                    Mean episode length: 701.63
                        Mean action std: 0.76
                    Entropy coefficient: 0.002500
           Episode_Reward/torque_limits: -0.6741
    Episode_Reward/joint_tracking_error: -2.2244
           Episode_Reward/feet_yaw_mean: -0.4721
     Episode_Reward/completely_airborne: -14.4282
            Episode_Reward/joint_acc_l2: -0.0872
              Episode_Reward/not_moving: -4.0209
              Episode_Reward/relaxation: -5.7002
               Episode_Reward/flat_feet: -2.4039
         Episode_Reward/ground_unloaded: -0.8293
            Metrics/height/height_error: 0.0817
           Curriculum/polish_torso_slam: -5.0000
         Curriculum/polish_joint_vel_l2: -0.0010
        Episode_Reward/illegal_contacts: -0.4399
          Curriculum/polish_ground_slam: -1.0000
           Episode_Reward/feet_distance: -0.3356
        Episode_Reward/joint_torques_l2: -0.7688
           Episode_Reward/body_velocity: -7.2660
        Episode_Reward/joint_pos_limits: -0.0148
 Episode_Reward/joint_deviation_l1_arms: -0.3486
               Curriculum/adaptive_lift: 0.9253
           Episode_Reward/forward_pitch: -1.0742
             Episode_Reward/ground_slam: -3.3900
     Curriculum/polish_action_rate_rate: -0.1500
             Episode_Reward/action_rate: -33.9972
           Episode_Termination/time_out: 0.9680
       Episode_Reward/base_height_rough: 2.4224
         Episode_Reward/severely_tilted: -0.0268
              Episode_Reward/torso_slam: -4.5527
        Episode_Reward/joint_vel_limits: -0.0006
              Curriculum/terrain_levels: 0.0000
      Episode_Termination/invalid_state: 0.0320
  Episode_Reward/feet_distance_standing: -0.3299
      Episode_Reward/base_height_medium: 3.9494
           Curriculum/polish_not_moving: -1.0000
           Episode_Reward/torso_upright: -0.0513
      Episode_Reward/joint_deviation_l1: -0.8233
            Episode_Reward/joint_vel_l2: -0.8325
              Episode_Reward/torso_roll: -1.5241
           Episode_Reward/ankle_torques: -0.1987
        Curriculum/random_fallen_states: 0.0000
        Episode_Reward/action_rate_rate: -15.1377
              Episode_Reward/feet_slide: -0.7137
        Episode_Reward/base_height_fine: 6.7885
--------------------------------------------------------------------------------
                         Iteration time: 1.18s
                           Time elapsed: 0:02:07
                                    ETA: 0:00:16

################################################################################
[1m                           Learning iteration 106/120                           [0m 

                               Run name: height_tracking_g1
                            Total steps: 10518528 
                       Steps per second: 83215 
                        Collection time: 0.948s 
                          Learning time: 0.233s 
                        Mean value loss: 0.8932
                    Mean surrogate loss: -0.0018
                      Mean entropy loss: 32.9600
                     Mean symmetry loss: 0.0012
                   Mean l2c2_actor loss: 0.0034
                  Mean l2c2_critic loss: 0.0256
                            Mean reward: -1393.54
                    Mean episode length: 728.88
                        Mean action std: 0.76
                    Entropy coefficient: 0.002500
           Episode_Reward/torque_limits: -0.7102
    Episode_Reward/joint_tracking_error: -2.3407
           Episode_Reward/feet_yaw_mean: -0.4913
     Episode_Reward/completely_airborne: -14.4528
            Episode_Reward/joint_acc_l2: -0.0919
              Episode_Reward/not_moving: -4.1919
              Episode_Reward/relaxation: -6.3847
               Episode_Reward/flat_feet: -2.5520
         Episode_Reward/ground_unloaded: -0.8560
            Metrics/height/height_error: 0.0843
           Curriculum/polish_torso_slam: -5.0000
         Curriculum/polish_joint_vel_l2: -0.0010
        Episode_Reward/illegal_contacts: -0.4949
          Curriculum/polish_ground_slam: -1.0000
           Episode_Reward/feet_distance: -0.3374
        Episode_Reward/joint_torques_l2: -0.8179
           Episode_Reward/body_velocity: -7.6414
        Episode_Reward/joint_pos_limits: -0.0156
 Episode_Reward/joint_deviation_l1_arms: -0.3169
               Curriculum/adaptive_lift: 0.9231
           Episode_Reward/forward_pitch: -1.1478
             Episode_Reward/ground_slam: -3.5201
     Curriculum/polish_action_rate_rate: -0.1500
             Episode_Reward/action_rate: -35.4758
           Episode_Termination/time_out: 0.9679
       Episode_Reward/base_height_rough: 2.5901
         Episode_Reward/severely_tilted: -0.0263
              Episode_Reward/torso_slam: -4.4885
        Episode_Reward/joint_vel_limits: -0.0007
              Curriculum/terrain_levels: 0.0000
      Episode_Termination/invalid_state: 0.0321
  Episode_Reward/feet_distance_standing: -0.3006
      Episode_Reward/base_height_medium: 4.2410
           Curriculum/polish_not_moving: -1.0000
           Episode_Reward/torso_upright: -0.0472
      Episode_Reward/joint_deviation_l1: -0.7233
            Episode_Reward/joint_vel_l2: -0.8579
              Episode_Reward/torso_roll: -1.6501
           Episode_Reward/ankle_torques: -0.1794
        Curriculum/random_fallen_states: 0.0000
        Episode_Reward/action_rate_rate: -15.7923
              Episode_Reward/feet_slide: -0.7561
        Episode_Reward/base_height_fine: 7.2696
--------------------------------------------------------------------------------
                         Iteration time: 1.18s
                           Time elapsed: 0:02:08
                                    ETA: 0:00:15

################################################################################
[1m                           Learning iteration 107/120                           [0m 

                               Run name: height_tracking_g1
                            Total steps: 10616832 
                       Steps per second: 83295 
                        Collection time: 0.947s 
                          Learning time: 0.233s 
                        Mean value loss: 0.6621
                    Mean surrogate loss: -0.0012
                      Mean entropy loss: 32.8805
                     Mean symmetry loss: 0.0012
                   Mean l2c2_actor loss: 0.0034
                  Mean l2c2_critic loss: 0.0256
                            Mean reward: -1407.61
                    Mean episode length: 743.97
                        Mean action std: 0.76
                    Entropy coefficient: 0.002500
           Episode_Reward/torque_limits: -0.7172
    Episode_Reward/joint_tracking_error: -2.3173
           Episode_Reward/feet_yaw_mean: -0.4767
     Episode_Reward/completely_airborne: -14.8375
            Episode_Reward/joint_acc_l2: -0.0835
              Episode_Reward/not_moving: -3.9485
              Episode_Reward/relaxation: -6.3171
               Episode_Reward/flat_feet: -2.6686
         Episode_Reward/ground_unloaded: -0.8810
            Metrics/height/height_error: 0.0927
           Curriculum/polish_torso_slam: -5.0000
         Curriculum/polish_joint_vel_l2: -0.0010
        Episode_Reward/illegal_contacts: -0.5013
          Curriculum/polish_ground_slam: -1.0000
           Episode_Reward/feet_distance: -0.3265
        Episode_Reward/joint_torques_l2: -0.7945
           Episode_Reward/body_velocity: -7.0302
        Episode_Reward/joint_pos_limits: -0.0157
 Episode_Reward/joint_deviation_l1_arms: -0.3161
               Curriculum/adaptive_lift: 0.9209
           Episode_Reward/forward_pitch: -1.1625
             Episode_Reward/ground_slam: -3.5815
     Curriculum/polish_action_rate_rate: -0.1500
             Episode_Reward/action_rate: -35.9647
           Episode_Termination/time_out: 0.9693
       Episode_Reward/base_height_rough: 2.6039
         Episode_Reward/severely_tilted: -0.0196
              Episode_Reward/torso_slam: -4.8552
        Episode_Reward/joint_vel_limits: -0.0006
              Curriculum/terrain_levels: 0.0000
      Episode_Termination/invalid_state: 0.0307
  Episode_Reward/feet_distance_standing: -0.2955
      Episode_Reward/base_height_medium: 4.1877
           Curriculum/polish_not_moving: -1.0000
           Episode_Reward/torso_upright: -0.0490
      Episode_Reward/joint_deviation_l1: -0.7440
            Episode_Reward/joint_vel_l2: -0.8447
              Episode_Reward/torso_roll: -1.6291
           Episode_Reward/ankle_torques: -0.1815
        Curriculum/random_fallen_states: 0.0000
        Episode_Reward/action_rate_rate: -16.0066
              Episode_Reward/feet_slide: -0.7428
        Episode_Reward/base_height_fine: 7.0642
--------------------------------------------------------------------------------
                         Iteration time: 1.18s
                           Time elapsed: 0:02:10
                                    ETA: 0:00:14

################################################################################
[1m                           Learning iteration 108/120                           [0m 

                               Run name: height_tracking_g1
                            Total steps: 10715136 
                       Steps per second: 83278 
                        Collection time: 0.948s 
                          Learning time: 0.233s 
                        Mean value loss: 0.7759
                    Mean surrogate loss: -0.0028
                      Mean entropy loss: 32.7880
                     Mean symmetry loss: 0.0012
                   Mean l2c2_actor loss: 0.0033
                  Mean l2c2_critic loss: 0.0271
                            Mean reward: -1378.87
                    Mean episode length: 742.97
                        Mean action std: 0.76
                    Entropy coefficient: 0.002500
           Episode_Reward/torque_limits: -0.6929
    Episode_Reward/joint_tracking_error: -2.2669
           Episode_Reward/feet_yaw_mean: -0.4251
     Episode_Reward/completely_airborne: -14.5489
            Episode_Reward/joint_acc_l2: -0.0853
              Episode_Reward/not_moving: -3.8454
              Episode_Reward/relaxation: -6.7397
               Episode_Reward/flat_feet: -2.5890
         Episode_Reward/ground_unloaded: -0.8255
            Metrics/height/height_error: 0.0861
           Curriculum/polish_torso_slam: -5.0000
         Curriculum/polish_joint_vel_l2: -0.0010
        Episode_Reward/illegal_contacts: -0.5093
          Curriculum/polish_ground_slam: -1.0000
           Episode_Reward/feet_distance: -0.3258
        Episode_Reward/joint_torques_l2: -0.7800
           Episode_Reward/body_velocity: -6.5577
        Episode_Reward/joint_pos_limits: -0.0153
 Episode_Reward/joint_deviation_l1_arms: -0.3201
               Curriculum/adaptive_lift: 0.9186
           Episode_Reward/forward_pitch: -1.2229
             Episode_Reward/ground_slam: -3.2959
     Curriculum/polish_action_rate_rate: -0.1500
             Episode_Reward/action_rate: -35.5132
           Episode_Termination/time_out: 0.9709
       Episode_Reward/base_height_rough: 2.4859
         Episode_Reward/severely_tilted: -0.0194
              Episode_Reward/torso_slam: -4.1525
        Episode_Reward/joint_vel_limits: -0.0006
              Curriculum/terrain_levels: 0.0000
      Episode_Termination/invalid_state: 0.0291
  Episode_Reward/feet_distance_standing: -0.3236
      Episode_Reward/base_height_medium: 3.9874
           Curriculum/polish_not_moving: -1.0000
           Episode_Reward/torso_upright: -0.0494
      Episode_Reward/joint_deviation_l1: -0.7926
            Episode_Reward/joint_vel_l2: -0.8208
              Episode_Reward/torso_roll: -1.6100
           Episode_Reward/ankle_torques: -0.1834
        Curriculum/random_fallen_states: 0.0000
        Episode_Reward/action_rate_rate: -15.8111
              Episode_Reward/feet_slide: -0.7326
        Episode_Reward/base_height_fine: 6.7953
--------------------------------------------------------------------------------
                         Iteration time: 1.18s
                           Time elapsed: 0:02:11
                                    ETA: 0:00:13

################################################################################
[1m                           Learning iteration 109/120                           [0m 

                               Run name: height_tracking_g1
                            Total steps: 10813440 
                       Steps per second: 82948 
                        Collection time: 0.951s 
                          Learning time: 0.234s 
                        Mean value loss: 0.8416
                    Mean surrogate loss: -0.0015
                      Mean entropy loss: 32.6758
                     Mean symmetry loss: 0.0012
                   Mean l2c2_actor loss: 0.0034
                  Mean l2c2_critic loss: 0.0268
                            Mean reward: -1346.79
                    Mean episode length: 737.49
                        Mean action std: 0.75
                    Entropy coefficient: 0.002500
           Episode_Reward/torque_limits: -0.6917
    Episode_Reward/joint_tracking_error: -2.2772
           Episode_Reward/feet_yaw_mean: -0.4623
     Episode_Reward/completely_airborne: -14.8103
            Episode_Reward/joint_acc_l2: -0.0861
              Episode_Reward/not_moving: -4.1139
              Episode_Reward/relaxation: -6.1049
               Episode_Reward/flat_feet: -2.5436
         Episode_Reward/ground_unloaded: -0.8735
            Metrics/height/height_error: 0.0841
           Curriculum/polish_torso_slam: -5.0000
         Curriculum/polish_joint_vel_l2: -0.0010
        Episode_Reward/illegal_contacts: -0.4503
          Curriculum/polish_ground_slam: -1.0000
           Episode_Reward/feet_distance: -0.3247
        Episode_Reward/joint_torques_l2: -0.7902
           Episode_Reward/body_velocity: -7.0240
        Episode_Reward/joint_pos_limits: -0.0156
 Episode_Reward/joint_deviation_l1_arms: -0.3285
               Curriculum/adaptive_lift: 0.9164
           Episode_Reward/forward_pitch: -1.0567
             Episode_Reward/ground_slam: -3.4877
     Curriculum/polish_action_rate_rate: -0.1500
             Episode_Reward/action_rate: -35.2814
           Episode_Termination/time_out: 0.9730
       Episode_Reward/base_height_rough: 2.5980
         Episode_Reward/severely_tilted: -0.0201
              Episode_Reward/torso_slam: -4.6717
        Episode_Reward/joint_vel_limits: -0.0006
              Curriculum/terrain_levels: 0.0000
      Episode_Termination/invalid_state: 0.0270
  Episode_Reward/feet_distance_standing: -0.3099
      Episode_Reward/base_height_medium: 4.2402
           Curriculum/polish_not_moving: -1.0000
           Episode_Reward/torso_upright: -0.0518
      Episode_Reward/joint_deviation_l1: -0.8069
            Episode_Reward/joint_vel_l2: -0.8371
              Episode_Reward/torso_roll: -1.6052
           Episode_Reward/ankle_torques: -0.1848
        Curriculum/random_fallen_states: 0.0000
        Episode_Reward/action_rate_rate: -15.7081
              Episode_Reward/feet_slide: -0.7547
        Episode_Reward/base_height_fine: 7.2768
--------------------------------------------------------------------------------
                         Iteration time: 1.19s
                           Time elapsed: 0:02:12
                                    ETA: 0:00:12

################################################################################
[1m                           Learning iteration 110/120                           [0m 

                               Run name: height_tracking_g1
                            Total steps: 10911744 
                       Steps per second: 83278 
                        Collection time: 0.947s 
                          Learning time: 0.233s 
                        Mean value loss: 1.0536
                    Mean surrogate loss: -0.0021
                      Mean entropy loss: 32.6003
                     Mean symmetry loss: 0.0011
                   Mean l2c2_actor loss: 0.0034
                  Mean l2c2_critic loss: 0.0289
                            Mean reward: -1304.29
                    Mean episode length: 718.27
                        Mean action std: 0.75
                    Entropy coefficient: 0.002500
           Episode_Reward/torque_limits: -0.6725
    Episode_Reward/joint_tracking_error: -2.1909
           Episode_Reward/feet_yaw_mean: -0.4127
     Episode_Reward/completely_airborne: -13.4262
            Episode_Reward/joint_acc_l2: -0.0781
              Episode_Reward/not_moving: -3.6802
              Episode_Reward/relaxation: -5.9907
               Episode_Reward/flat_feet: -2.6083
         Episode_Reward/ground_unloaded: -0.8501
            Metrics/height/height_error: 0.0926
           Curriculum/polish_torso_slam: -5.0000
         Curriculum/polish_joint_vel_l2: -0.0010
        Episode_Reward/illegal_contacts: -0.5329
          Curriculum/polish_ground_slam: -1.0000
           Episode_Reward/feet_distance: -0.2918
        Episode_Reward/joint_torques_l2: -0.7474
           Episode_Reward/body_velocity: -6.2080
        Episode_Reward/joint_pos_limits: -0.0154
 Episode_Reward/joint_deviation_l1_arms: -0.2755
               Curriculum/adaptive_lift: 0.9142
           Episode_Reward/forward_pitch: -1.2889
             Episode_Reward/ground_slam: -3.2108
     Curriculum/polish_action_rate_rate: -0.1500
             Episode_Reward/action_rate: -34.4300
           Episode_Termination/time_out: 0.9734
       Episode_Reward/base_height_rough: 2.5052
         Episode_Reward/severely_tilted: -0.0154
              Episode_Reward/torso_slam: -3.9525
        Episode_Reward/joint_vel_limits: -0.0005
              Curriculum/terrain_levels: 0.0000
      Episode_Termination/invalid_state: 0.0266
  Episode_Reward/feet_distance_standing: -0.2522
      Episode_Reward/base_height_medium: 4.0243
           Curriculum/polish_not_moving: -1.0000
           Episode_Reward/torso_upright: -0.0417
      Episode_Reward/joint_deviation_l1: -0.6775
            Episode_Reward/joint_vel_l2: -0.7793
              Episode_Reward/torso_roll: -1.6369
           Episode_Reward/ankle_torques: -0.1816
        Curriculum/random_fallen_states: 0.0000
        Episode_Reward/action_rate_rate: -15.3259
              Episode_Reward/feet_slide: -0.7206
        Episode_Reward/base_height_fine: 6.7629
--------------------------------------------------------------------------------
                         Iteration time: 1.18s
                           Time elapsed: 0:02:13
                                    ETA: 0:00:10

################################################################################
[1m                           Learning iteration 111/120                           [0m 

                               Run name: height_tracking_g1
                            Total steps: 11010048 
                       Steps per second: 83312 
                        Collection time: 0.947s 
                          Learning time: 0.233s 
                        Mean value loss: 0.8415
                    Mean surrogate loss: -0.0018
                      Mean entropy loss: 32.5062
                     Mean symmetry loss: 0.0012
                   Mean l2c2_actor loss: 0.0033
                  Mean l2c2_critic loss: 0.0276
                            Mean reward: -1403.99
                    Mean episode length: 745.83
                        Mean action std: 0.75
                    Entropy coefficient: 0.002500
           Episode_Reward/torque_limits: -0.7159
    Episode_Reward/joint_tracking_error: -2.4255
           Episode_Reward/feet_yaw_mean: -0.5727
     Episode_Reward/completely_airborne: -14.0179
            Episode_Reward/joint_acc_l2: -0.0896
              Episode_Reward/not_moving: -4.4366
              Episode_Reward/relaxation: -5.2848
               Episode_Reward/flat_feet: -2.6109
         Episode_Reward/ground_unloaded: -0.9700
            Metrics/height/height_error: 0.0939
           Curriculum/polish_torso_slam: -5.0000
         Curriculum/polish_joint_vel_l2: -0.0010
        Episode_Reward/illegal_contacts: -0.5347
          Curriculum/polish_ground_slam: -1.0000
           Episode_Reward/feet_distance: -0.3821
        Episode_Reward/joint_torques_l2: -0.8373
           Episode_Reward/body_velocity: -8.5897
        Episode_Reward/joint_pos_limits: -0.0167
 Episode_Reward/joint_deviation_l1_arms: -0.3392
               Curriculum/adaptive_lift: 0.9121
           Episode_Reward/forward_pitch: -1.3007
             Episode_Reward/ground_slam: -4.1686
     Curriculum/polish_action_rate_rate: -0.1500
             Episode_Reward/action_rate: -35.0771
           Episode_Termination/time_out: 0.9733
       Episode_Reward/base_height_rough: 2.7604
         Episode_Reward/severely_tilted: -0.0336
              Episode_Reward/torso_slam: -5.3556
        Episode_Reward/joint_vel_limits: -0.0007
              Curriculum/terrain_levels: 0.0000
      Episode_Termination/invalid_state: 0.0267
  Episode_Reward/feet_distance_standing: -0.3526
      Episode_Reward/base_height_medium: 4.5574
           Curriculum/polish_not_moving: -1.0000
           Episode_Reward/torso_upright: -0.0481
      Episode_Reward/joint_deviation_l1: -0.7549
            Episode_Reward/joint_vel_l2: -0.8448
              Episode_Reward/torso_roll: -1.6428
           Episode_Reward/ankle_torques: -0.1797
        Curriculum/random_fallen_states: 0.0000
        Episode_Reward/action_rate_rate: -15.6176
              Episode_Reward/feet_slide: -0.7792
        Episode_Reward/base_height_fine: 7.7748
--------------------------------------------------------------------------------
                         Iteration time: 1.18s
                           Time elapsed: 0:02:14
                                    ETA: 0:00:09

################################################################################
[1m                           Learning iteration 112/120                           [0m 

                               Run name: height_tracking_g1
                            Total steps: 11108352 
                       Steps per second: 79669 
                        Collection time: 1.001s 
                          Learning time: 0.233s 
                        Mean value loss: 0.6761
                    Mean surrogate loss: -0.0029
                      Mean entropy loss: 32.3814
                     Mean symmetry loss: 0.0011
                   Mean l2c2_actor loss: 0.0033
                  Mean l2c2_critic loss: 0.0263
                            Mean reward: -1314.35
                    Mean episode length: 736.54
                        Mean action std: 0.75
                    Entropy coefficient: 0.002500
           Episode_Reward/torque_limits: -0.6702
    Episode_Reward/joint_tracking_error: -2.1824
           Episode_Reward/feet_yaw_mean: -0.3896
     Episode_Reward/completely_airborne: -14.0727
            Episode_Reward/joint_acc_l2: -0.0849
              Episode_Reward/not_moving: -3.6621
              Episode_Reward/relaxation: -6.7907
               Episode_Reward/flat_feet: -2.6615
         Episode_Reward/ground_unloaded: -0.8128
            Metrics/height/height_error: 0.0902
           Curriculum/polish_torso_slam: -5.0000
         Curriculum/polish_joint_vel_l2: -0.0010
        Episode_Reward/illegal_contacts: -0.5577
          Curriculum/polish_ground_slam: -1.0000
           Episode_Reward/feet_distance: -0.3248
        Episode_Reward/joint_torques_l2: -0.7794
           Episode_Reward/body_velocity: -5.8493
        Episode_Reward/joint_pos_limits: -0.0154
 Episode_Reward/joint_deviation_l1_arms: -0.2776
               Curriculum/adaptive_lift: 0.9099
           Episode_Reward/forward_pitch: -1.3569
             Episode_Reward/ground_slam: -3.0686
     Curriculum/polish_action_rate_rate: -0.1500
             Episode_Reward/action_rate: -34.6341
           Episode_Termination/time_out: 0.9737
       Episode_Reward/base_height_rough: 2.5462
         Episode_Reward/severely_tilted: -0.0149
              Episode_Reward/torso_slam: -4.0306
        Episode_Reward/joint_vel_limits: -0.0005
              Curriculum/terrain_levels: 0.0000
      Episode_Termination/invalid_state: 0.0263
  Episode_Reward/feet_distance_standing: -0.2887
      Episode_Reward/base_height_medium: 4.0398
           Curriculum/polish_not_moving: -1.0000
           Episode_Reward/torso_upright: -0.0433
      Episode_Reward/joint_deviation_l1: -0.6851
            Episode_Reward/joint_vel_l2: -0.7811
              Episode_Reward/torso_roll: -1.6207
           Episode_Reward/ankle_torques: -0.1929
        Curriculum/random_fallen_states: 0.0000
        Episode_Reward/action_rate_rate: -15.4113
              Episode_Reward/feet_slide: -0.7149
        Episode_Reward/base_height_fine: 6.7606
--------------------------------------------------------------------------------
                         Iteration time: 1.23s
                           Time elapsed: 0:02:16
                                    ETA: 0:00:08

################################################################################
[1m                           Learning iteration 113/120                           [0m 

                               Run name: height_tracking_g1
                            Total steps: 11206656 
                       Steps per second: 83509 
                        Collection time: 0.944s 
                          Learning time: 0.233s 
                        Mean value loss: 0.7249
                    Mean surrogate loss: -0.0008
                      Mean entropy loss: 32.2969
                     Mean symmetry loss: 0.0012
                   Mean l2c2_actor loss: 0.0033
                  Mean l2c2_critic loss: 0.0283
                            Mean reward: -1289.50
                    Mean episode length: 745.40
                        Mean action std: 0.74
                    Entropy coefficient: 0.002500
           Episode_Reward/torque_limits: -0.6890
    Episode_Reward/joint_tracking_error: -2.1654
           Episode_Reward/feet_yaw_mean: -0.4345
     Episode_Reward/completely_airborne: -14.1500
            Episode_Reward/joint_acc_l2: -0.0834
              Episode_Reward/not_moving: -4.0577
              Episode_Reward/relaxation: -5.5389
               Episode_Reward/flat_feet: -2.6110
         Episode_Reward/ground_unloaded: -0.9183
            Metrics/height/height_error: 0.0879
           Curriculum/polish_torso_slam: -5.0000
         Curriculum/polish_joint_vel_l2: -0.0010
        Episode_Reward/illegal_contacts: -0.5092
          Curriculum/polish_ground_slam: -1.0000
           Episode_Reward/feet_distance: -0.3241
        Episode_Reward/joint_torques_l2: -0.7730
           Episode_Reward/body_velocity: -5.6354
        Episode_Reward/joint_pos_limits: -0.0155
 Episode_Reward/joint_deviation_l1_arms: -0.2943
               Curriculum/adaptive_lift: 0.9078
           Episode_Reward/forward_pitch: -1.2001
             Episode_Reward/ground_slam: -2.9745
     Curriculum/polish_action_rate_rate: -0.1500
             Episode_Reward/action_rate: -34.6735
           Episode_Termination/time_out: 0.9741
       Episode_Reward/base_height_rough: 2.6691
         Episode_Reward/severely_tilted: -0.0156
              Episode_Reward/torso_slam: -3.9516
        Episode_Reward/joint_vel_limits: -0.0005
              Curriculum/terrain_levels: 0.0000
      Episode_Termination/invalid_state: 0.0259
  Episode_Reward/feet_distance_standing: -0.3084
      Episode_Reward/base_height_medium: 4.3635
           Curriculum/polish_not_moving: -1.0000
           Episode_Reward/torso_upright: -0.0450
      Episode_Reward/joint_deviation_l1: -0.7619
            Episode_Reward/joint_vel_l2: -0.7651
              Episode_Reward/torso_roll: -1.5675
           Episode_Reward/ankle_torques: -0.1867
        Curriculum/random_fallen_states: 0.0000
        Episode_Reward/action_rate_rate: -15.4392
              Episode_Reward/feet_slide: -0.7292
        Episode_Reward/base_height_fine: 7.4747
--------------------------------------------------------------------------------
                         Iteration time: 1.18s
                           Time elapsed: 0:02:17
                                    ETA: 0:00:07

################################################################################
[1m                           Learning iteration 114/120                           [0m 

                               Run name: height_tracking_g1
                            Total steps: 11304960 
                       Steps per second: 83720 
                        Collection time: 0.941s 
                          Learning time: 0.233s 
                        Mean value loss: 0.6127
                    Mean surrogate loss: -0.0019
                      Mean entropy loss: 32.1890
                     Mean symmetry loss: 0.0010
                   Mean l2c2_actor loss: 0.0033
                  Mean l2c2_critic loss: 0.0267
                            Mean reward: -1324.10
                    Mean episode length: 750.00
                        Mean action std: 0.74
                    Entropy coefficient: 0.002500
           Episode_Reward/torque_limits: -0.6931
    Episode_Reward/joint_tracking_error: -2.1606
           Episode_Reward/feet_yaw_mean: -0.4808
     Episode_Reward/completely_airborne: -13.6230
            Episode_Reward/joint_acc_l2: -0.0838
              Episode_Reward/not_moving: -3.4954
              Episode_Reward/relaxation: -7.2511
               Episode_Reward/flat_feet: -2.7256
         Episode_Reward/ground_unloaded: -0.7993
            Metrics/height/height_error: 0.0838
           Curriculum/polish_torso_slam: -5.0000
         Curriculum/polish_joint_vel_l2: -0.0010
        Episode_Reward/illegal_contacts: -0.5889
          Curriculum/polish_ground_slam: -1.0000
           Episode_Reward/feet_distance: -0.3299
        Episode_Reward/joint_torques_l2: -0.7858
           Episode_Reward/body_velocity: -5.6139
        Episode_Reward/joint_pos_limits: -0.0155
 Episode_Reward/joint_deviation_l1_arms: -0.2759
               Curriculum/adaptive_lift: 0.9056
           Episode_Reward/forward_pitch: -1.4255
             Episode_Reward/ground_slam: -3.0738
     Curriculum/polish_action_rate_rate: -0.1500
             Episode_Reward/action_rate: -34.5944
           Episode_Termination/time_out: 0.9751
       Episode_Reward/base_height_rough: 2.5260
         Episode_Reward/severely_tilted: -0.0155
              Episode_Reward/torso_slam: -3.9523
        Episode_Reward/joint_vel_limits: -0.0005
              Curriculum/terrain_levels: 0.0000
      Episode_Termination/invalid_state: 0.0249
  Episode_Reward/feet_distance_standing: -0.2963
      Episode_Reward/base_height_medium: 3.9821
           Curriculum/polish_not_moving: -1.0000
           Episode_Reward/torso_upright: -0.0459
      Episode_Reward/joint_deviation_l1: -0.7040
            Episode_Reward/joint_vel_l2: -0.7584
              Episode_Reward/torso_roll: -1.6301
           Episode_Reward/ankle_torques: -0.1835
        Curriculum/random_fallen_states: 0.0000
        Episode_Reward/action_rate_rate: -15.4100
              Episode_Reward/feet_slide: -0.7031
        Episode_Reward/base_height_fine: 6.6687
--------------------------------------------------------------------------------
                         Iteration time: 1.17s
                           Time elapsed: 0:02:18
                                    ETA: 0:00:06

################################################################################
[1m                           Learning iteration 115/120                           [0m 

                               Run name: height_tracking_g1
                            Total steps: 11403264 
                       Steps per second: 81648 
                        Collection time: 0.971s 
                          Learning time: 0.233s 
                        Mean value loss: 0.6903
                    Mean surrogate loss: -0.0026
                      Mean entropy loss: 32.0420
                     Mean symmetry loss: 0.0010
                   Mean l2c2_actor loss: 0.0032
                  Mean l2c2_critic loss: 0.0262
                            Mean reward: -1290.80
                    Mean episode length: 743.36
                        Mean action std: 0.74
                    Entropy coefficient: 0.002500
           Episode_Reward/torque_limits: -0.6983
    Episode_Reward/joint_tracking_error: -2.1866
           Episode_Reward/feet_yaw_mean: -0.4501
     Episode_Reward/completely_airborne: -13.6793
            Episode_Reward/joint_acc_l2: -0.0795
              Episode_Reward/not_moving: -3.6634
              Episode_Reward/relaxation: -6.6225
               Episode_Reward/flat_feet: -2.6743
         Episode_Reward/ground_unloaded: -0.8250
            Metrics/height/height_error: 0.0789
           Curriculum/polish_torso_slam: -5.0000
         Curriculum/polish_joint_vel_l2: -0.0010
        Episode_Reward/illegal_contacts: -0.5372
          Curriculum/polish_ground_slam: -1.0000
           Episode_Reward/feet_distance: -0.3183
        Episode_Reward/joint_torques_l2: -0.7682
           Episode_Reward/body_velocity: -5.9650
        Episode_Reward/joint_pos_limits: -0.0155
 Episode_Reward/joint_deviation_l1_arms: -0.2915
               Curriculum/adaptive_lift: 0.9035
           Episode_Reward/forward_pitch: -1.3003
             Episode_Reward/ground_slam: -3.0664
     Curriculum/polish_action_rate_rate: -0.1500
             Episode_Reward/action_rate: -34.2645
           Episode_Termination/time_out: 0.9769
       Episode_Reward/base_height_rough: 2.4900
         Episode_Reward/severely_tilted: -0.0196
              Episode_Reward/torso_slam: -3.7332
        Episode_Reward/joint_vel_limits: -0.0005
              Curriculum/terrain_levels: 0.0000
      Episode_Termination/invalid_state: 0.0231
  Episode_Reward/feet_distance_standing: -0.2934
      Episode_Reward/base_height_medium: 3.9787
           Curriculum/polish_not_moving: -1.0000
           Episode_Reward/torso_upright: -0.0474
      Episode_Reward/joint_deviation_l1: -0.7187
            Episode_Reward/joint_vel_l2: -0.7604
              Episode_Reward/torso_roll: -1.6446
           Episode_Reward/ankle_torques: -0.1931
        Curriculum/random_fallen_states: 0.0000
        Episode_Reward/action_rate_rate: -15.2481
              Episode_Reward/feet_slide: -0.7174
        Episode_Reward/base_height_fine: 6.7590
--------------------------------------------------------------------------------
                         Iteration time: 1.20s
                           Time elapsed: 0:02:19
                                    ETA: 0:00:04

################################################################################
[1m                           Learning iteration 116/120                           [0m 

                               Run name: height_tracking_g1
                            Total steps: 11501568 
                       Steps per second: 83177 
                        Collection time: 0.949s 
                          Learning time: 0.233s 
                        Mean value loss: 0.5888
                    Mean surrogate loss: -0.0028
                      Mean entropy loss: 31.9469
                     Mean symmetry loss: 0.0011
                   Mean l2c2_actor loss: 0.0033
                  Mean l2c2_critic loss: 0.0229
                            Mean reward: -1302.52
                    Mean episode length: 750.00
                        Mean action std: 0.74
                    Entropy coefficient: 0.002500
           Episode_Reward/torque_limits: -0.6880
    Episode_Reward/joint_tracking_error: -2.1737
           Episode_Reward/feet_yaw_mean: -0.4262
     Episode_Reward/completely_airborne: -14.2322
            Episode_Reward/joint_acc_l2: -0.0770
              Episode_Reward/not_moving: -4.0388
              Episode_Reward/relaxation: -5.7740
               Episode_Reward/flat_feet: -2.6336
         Episode_Reward/ground_unloaded: -0.8898
            Metrics/height/height_error: 0.0785
           Curriculum/polish_torso_slam: -5.0000
         Curriculum/polish_joint_vel_l2: -0.0010
        Episode_Reward/illegal_contacts: -0.5008
          Curriculum/polish_ground_slam: -1.0000
           Episode_Reward/feet_distance: -0.3289
        Episode_Reward/joint_torques_l2: -0.7505
           Episode_Reward/body_velocity: -6.0877
        Episode_Reward/joint_pos_limits: -0.0155
 Episode_Reward/joint_deviation_l1_arms: -0.2959
               Curriculum/adaptive_lift: 0.9014
           Episode_Reward/forward_pitch: -1.1047
             Episode_Reward/ground_slam: -3.1517
     Curriculum/polish_action_rate_rate: -0.1500
             Episode_Reward/action_rate: -34.2230
           Episode_Termination/time_out: 0.9784
       Episode_Reward/base_height_rough: 2.6537
         Episode_Reward/severely_tilted: -0.0155
              Episode_Reward/torso_slam: -4.1986
        Episode_Reward/joint_vel_limits: -0.0005
              Curriculum/terrain_levels: 0.0000
      Episode_Termination/invalid_state: 0.0216
  Episode_Reward/feet_distance_standing: -0.3225
      Episode_Reward/base_height_medium: 4.3404
           Curriculum/polish_not_moving: -1.0000
           Episode_Reward/torso_upright: -0.0478
      Episode_Reward/joint_deviation_l1: -0.7580
            Episode_Reward/joint_vel_l2: -0.7685
              Episode_Reward/torso_roll: -1.5975
           Episode_Reward/ankle_torques: -0.1698
        Curriculum/random_fallen_states: 0.0000
        Episode_Reward/action_rate_rate: -15.2386
              Episode_Reward/feet_slide: -0.7270
        Episode_Reward/base_height_fine: 7.4577
--------------------------------------------------------------------------------
                         Iteration time: 1.18s
                           Time elapsed: 0:02:20
                                    ETA: 0:00:03

################################################################################
[1m                           Learning iteration 117/120                           [0m 

                               Run name: height_tracking_g1
                            Total steps: 11599872 
                       Steps per second: 83018 
                        Collection time: 0.951s 
                          Learning time: 0.233s 
                        Mean value loss: 0.6634
                    Mean surrogate loss: -0.0025
                      Mean entropy loss: 31.8328
                     Mean symmetry loss: 0.0011
                   Mean l2c2_actor loss: 0.0033
                  Mean l2c2_critic loss: 0.0243
                            Mean reward: -1252.25
                    Mean episode length: 742.73
                        Mean action std: 0.73
                    Entropy coefficient: 0.002500
           Episode_Reward/torque_limits: -0.6501
    Episode_Reward/joint_tracking_error: -2.0893
           Episode_Reward/feet_yaw_mean: -0.4392
     Episode_Reward/completely_airborne: -13.8632
            Episode_Reward/joint_acc_l2: -0.0761
              Episode_Reward/not_moving: -3.9098
              Episode_Reward/relaxation: -5.1349
               Episode_Reward/flat_feet: -2.5617
         Episode_Reward/ground_unloaded: -0.9281
            Metrics/height/height_error: 0.0837
           Curriculum/polish_torso_slam: -5.0000
         Curriculum/polish_joint_vel_l2: -0.0010
        Episode_Reward/illegal_contacts: -0.4726
          Curriculum/polish_ground_slam: -1.0000
           Episode_Reward/feet_distance: -0.3208
        Episode_Reward/joint_torques_l2: -0.7399
           Episode_Reward/body_velocity: -5.4043
        Episode_Reward/joint_pos_limits: -0.0152
 Episode_Reward/joint_deviation_l1_arms: -0.3076
               Curriculum/adaptive_lift: 0.8992
           Episode_Reward/forward_pitch: -0.9944
             Episode_Reward/ground_slam: -2.8046
     Curriculum/polish_action_rate_rate: -0.1500
             Episode_Reward/action_rate: -33.8092
           Episode_Termination/time_out: 0.9792
       Episode_Reward/base_height_rough: 2.7295
         Episode_Reward/severely_tilted: -0.0206
              Episode_Reward/torso_slam: -3.6842
        Episode_Reward/joint_vel_limits: -0.0004
              Curriculum/terrain_levels: 0.0000
      Episode_Termination/invalid_state: 0.0208
  Episode_Reward/feet_distance_standing: -0.3437
      Episode_Reward/base_height_medium: 4.5087
           Curriculum/polish_not_moving: -1.0000
           Episode_Reward/torso_upright: -0.0558
      Episode_Reward/joint_deviation_l1: -0.8327
            Episode_Reward/joint_vel_l2: -0.7110
              Episode_Reward/torso_roll: -1.5103
           Episode_Reward/ankle_torques: -0.1902
        Curriculum/random_fallen_states: 0.0000
        Episode_Reward/action_rate_rate: -15.0530
              Episode_Reward/feet_slide: -0.7165
        Episode_Reward/base_height_fine: 7.7451
--------------------------------------------------------------------------------
                         Iteration time: 1.18s
                           Time elapsed: 0:02:21
                                    ETA: 0:00:02

################################################################################
[1m                           Learning iteration 118/120                           [0m 

                               Run name: height_tracking_g1
                            Total steps: 11698176 
                       Steps per second: 83007 
                        Collection time: 0.951s 
                          Learning time: 0.233s 
                        Mean value loss: 0.6700
                    Mean surrogate loss: -0.0009
                      Mean entropy loss: 31.7229
                     Mean symmetry loss: 0.0012
                   Mean l2c2_actor loss: 0.0033
                  Mean l2c2_critic loss: 0.0273
                            Mean reward: -1265.54
                    Mean episode length: 746.38
                        Mean action std: 0.73
                    Entropy coefficient: 0.002500
           Episode_Reward/torque_limits: -0.6580
    Episode_Reward/joint_tracking_error: -2.1063
           Episode_Reward/feet_yaw_mean: -0.3762
     Episode_Reward/completely_airborne: -13.3201
            Episode_Reward/joint_acc_l2: -0.0748
              Episode_Reward/not_moving: -3.6126
              Episode_Reward/relaxation: -6.1089
               Episode_Reward/flat_feet: -2.5937
         Episode_Reward/ground_unloaded: -0.8156
            Metrics/height/height_error: 0.0850
           Curriculum/polish_torso_slam: -5.0000
         Curriculum/polish_joint_vel_l2: -0.0010
        Episode_Reward/illegal_contacts: -0.5699
          Curriculum/polish_ground_slam: -1.0000
           Episode_Reward/feet_distance: -0.2929
        Episode_Reward/joint_torques_l2: -0.7255
           Episode_Reward/body_velocity: -5.0739
        Episode_Reward/joint_pos_limits: -0.0162
 Episode_Reward/joint_deviation_l1_arms: -0.3160
               Curriculum/adaptive_lift: 0.8970
           Episode_Reward/forward_pitch: -1.2590
             Episode_Reward/ground_slam: -2.8391
     Curriculum/polish_action_rate_rate: -0.1500
             Episode_Reward/action_rate: -33.2348
           Episode_Termination/time_out: 0.9800
       Episode_Reward/base_height_rough: 2.5329
         Episode_Reward/severely_tilted: -0.0132
              Episode_Reward/torso_slam: -3.6727
        Episode_Reward/joint_vel_limits: -0.0004
              Curriculum/terrain_levels: 0.0000
      Episode_Termination/invalid_state: 0.0200
  Episode_Reward/feet_distance_standing: -0.2848
      Episode_Reward/base_height_medium: 4.0640
           Curriculum/polish_not_moving: -1.0000
           Episode_Reward/torso_upright: -0.0519
      Episode_Reward/joint_deviation_l1: -0.7987
            Episode_Reward/joint_vel_l2: -0.7040
              Episode_Reward/torso_roll: -1.5314
           Episode_Reward/ankle_torques: -0.1562
        Curriculum/random_fallen_states: 0.0000
        Episode_Reward/action_rate_rate: -14.8062
              Episode_Reward/feet_slide: -0.6908
        Episode_Reward/base_height_fine: 6.8986
--------------------------------------------------------------------------------
                         Iteration time: 1.18s
                           Time elapsed: 0:02:23
                                    ETA: 0:00:01

################################################################################
[1m                           Learning iteration 119/120                           [0m 

                               Run name: height_tracking_g1
                            Total steps: 11796480 
                       Steps per second: 83248 
                        Collection time: 0.948s 
                          Learning time: 0.233s 
                        Mean value loss: 0.6686
                    Mean surrogate loss: -0.0017
                      Mean entropy loss: 31.6148
                     Mean symmetry loss: 0.0011
                   Mean l2c2_actor loss: 0.0033
                  Mean l2c2_critic loss: 0.0279
                            Mean reward: -1280.47
                    Mean episode length: 750.00
                        Mean action std: 0.73
                    Entropy coefficient: 0.002500
           Episode_Reward/torque_limits: -0.6384
    Episode_Reward/joint_tracking_error: -2.0844
           Episode_Reward/feet_yaw_mean: -0.4049
     Episode_Reward/completely_airborne: -13.2265
            Episode_Reward/joint_acc_l2: -0.0768
              Episode_Reward/not_moving: -3.8505
              Episode_Reward/relaxation: -5.4822
               Episode_Reward/flat_feet: -2.6274
         Episode_Reward/ground_unloaded: -0.8989
            Metrics/height/height_error: 0.0841
           Curriculum/polish_torso_slam: -5.0000
         Curriculum/polish_joint_vel_l2: -0.0010
        Episode_Reward/illegal_contacts: -0.5170
          Curriculum/polish_ground_slam: -1.0000
           Episode_Reward/feet_distance: -0.3065
        Episode_Reward/joint_torques_l2: -0.7312
           Episode_Reward/body_velocity: -5.6030
        Episode_Reward/joint_pos_limits: -0.0152
 Episode_Reward/joint_deviation_l1_arms: -0.2925
               Curriculum/adaptive_lift: 0.8949
           Episode_Reward/forward_pitch: -1.1992
             Episode_Reward/ground_slam: -3.0675
     Curriculum/polish_action_rate_rate: -0.1500
             Episode_Reward/action_rate: -33.2105
           Episode_Termination/time_out: 0.9800
       Episode_Reward/base_height_rough: 2.6744
         Episode_Reward/severely_tilted: -0.0189
              Episode_Reward/torso_slam: -3.8319
        Episode_Reward/joint_vel_limits: -0.0004
              Curriculum/terrain_levels: 0.0000
      Episode_Termination/invalid_state: 0.0200
  Episode_Reward/feet_distance_standing: -0.2917
      Episode_Reward/base_height_medium: 4.3771
           Curriculum/polish_not_moving: -1.0000
           Episode_Reward/torso_upright: -0.0496
      Episode_Reward/joint_deviation_l1: -0.7590
            Episode_Reward/joint_vel_l2: -0.7186
              Episode_Reward/torso_roll: -1.5219
           Episode_Reward/ankle_torques: -0.1881
        Curriculum/random_fallen_states: 0.0000
        Episode_Reward/action_rate_rate: -14.7903
              Episode_Reward/feet_slide: -0.7070
        Episode_Reward/base_height_fine: 7.4735
--------------------------------------------------------------------------------
                         Iteration time: 1.18s
                           Time elapsed: 0:02:24
                                    ETA: 0:00:00

[INFO]: SimulationContext cleared
EXIT=0
