The '--headless' CLI argument is deprecated. Omit '--viz' for default headless. If config visualizers are enabled and you want to force headless, use '--viz none'.
Loading user config located at: '/workspace/WBC-AGILE-NEWTON/.venv/lib/python3.12/site-packages/isaacsim/kit/data/Kit/IsaacLab/3.0/user.config.json'
2026-09-02T16:58:00Z [0ms] [Warning] [omni.ext.plugin] [ext: isaaclab_visualizers] Extensions config 'extension.toml' doesn't exist '/workspace/WBC-AGILE-NEWTON/.venv/lib/python3.12/site-packages/isaaclab/source/isaaclab_visualizers' or '/workspace/WBC-AGILE-NEWTON/.venv/lib/python3.12/site-packages/isaaclab/source/isaaclab_visualizers/config'
WARNING: All log messages before absl::InitializeLog() is called are written to STDERR
E0000 00:00:1788368280.719658   65567 descriptor_database.cc:633] File already exists in database: grpc/health/v1/health.proto
W0000 00:00:1788368280.719684   65567 message.cc:301] Protobuf GeneratedMessageFactory: File is already registered: grpc/health/v1/health.proto
2026-09-02T16:58:01Z [390ms] [Warning] [omni.usd_config.extension] Enable omni.materialx.libs extension to use MaterialX
2026-09-02T16:58:01Z [396ms] [Warning] [omni.platforminfo.plugin] failed to open the default display.  Can't verify X Server version.
2026-09-02T16:58:01Z [436ms] [Error] [omni.ext.plugin] Could not load the dynamic library from /workspace/WBC-AGILE-NEWTON/.venv/lib/python3.12/site-packages/isaacsim/extscache/omni.usd.libs-1.0.3+6312fa25.lx64.r.cp312/bin/libMaterialXRenderHw.so. Error: libXt.so.6: cannot open shared object file: No such file or directory (note that this may be caused by a dependent library)
2026-09-02T16:58:01Z [437ms] [Error] [omni.ext.plugin] Could not load the dynamic library from /workspace/WBC-AGILE-NEWTON/.venv/lib/python3.12/site-packages/isaacsim/extscache/omni.usd.libs-1.0.3+6312fa25.lx64.r.cp312/bin/libMaterialXRenderGlsl.so. Error: libXt.so.6: cannot open shared object file: No such file or directory (note that this may be caused by a dependent library)
2026-09-02T16:58:01Z [438ms] [Error] [omni.ext.plugin] Could not load the dynamic library from /workspace/WBC-AGILE-NEWTON/.venv/lib/python3.12/site-packages/isaacsim/extscache/omni.usd.libs-1.0.3+6312fa25.lx64.r.cp312/bin/libusd_usdBakeMtlx.so. Error: libXt.so.6: cannot open shared object file: No such file or directory (note that this may be caused by a dependent library)
2026-09-02T16:58:01Z [1,082ms] [Warning] [isaacsim.core.simulation_manager.plugin] USD stage is not available; stage-opened subscription is deferred
2026-09-02T16:58:01Z [1,082ms] [Warning] [isaacsim.core.simulation_manager.plugin] USD stage is not available; stage-opened subscription is deferred
[ISAACLAB] AppLauncher initialization complete
[INFO]: Parsing configuration from: agile.rl_env.tasks.stand_up.g1.height_tracking_env_cfg:G1HeightTrackingEnvCfg
[INFO]: Parsing configuration from: agile.rl_env.tasks.stand_up.g1.agents.rsl_rl_ppo_cfg:G1HeightTrackingPpoRunnerCfg
[INFO] Logging experiment in directory: /workspace/WBC-AGILE-NEWTON/logs/rsl_rl/height_tracking_g1
Exact experiment name requested from command line: 2026-09-02_16-58-13
[INFO]: Base environment:
	Environment device    : cuda:0
	Environment seed      : 42
	Physics step-size     : 0.005
	Rendering step-size   : 0.02
	Environment step-size : 0.02
2026-09-02T16:58:14Z [13,730ms] [Warning] [isaaclab.terrains.terrain_importer] Visual material specified for ground plane but no diffuse color found. Using default color: (0.0, 0.0, 0.0)
[INFO]: Registered backend 'newton' for factory Articulation.
[INFO]: Setting variant selection 'PhysX' for variant set 'Physics' on prim '/World/envs/env_0/Robot'.
[INFO]: Setting variant selection 'None' for variant set 'left_hand' on prim '/World/envs/env_0/Robot'.
[INFO]: Setting variant selection 'None' for variant set 'right_hand' on prim '/World/envs/env_0/Robot'.
[INFO]: Registered backend 'newton' for factory FrameView.
[INFO]: Registered backend 'newton' for factory ContactSensor.
[INFO]: Registered backend 'newton' for factory RayCaster.
[INFO]: Time taken for scene creation Last: 11.704107 s, Mean: 11.704107 s, Std: 0.000000 s, N: 1
[INFO]: Scene manager:  <class InteractiveScene>
	Number of environments: 4096
	Environment spacing   : 2.5
	Source prim name      : /World/envs/env_0
	Global prim paths     : ['/World/ground']
	Replicate physics     : True
[INFO]: Dispatching MODEL_INIT callbacks
[INFO]: Finalizing model on device: cuda:0
/workspace/WBC-AGILE-NEWTON/.venv/lib/python3.12/site-packages/isaaclab_newton/physics/newton_manager.py:989: FutureWarning: Newton shape color replacement is enabled; this workaround will be deprecated in a future release.
  replace_newton_shape_colors(cls._model)
Finalize builder took: Last: 8.772104 s, Mean: 8.772104 s, Std: 0.000000 s, N: 1
[INFO]: Dispatching PHYSICS_READY callbacks
[INFO]: Simulation parameters for joints in /World/envs/env_.*/Robot:
+-------------------------------------------------------------------------------------------------------------------------------------------+
|                                     Simulation Joint Information (Prim path: /World/envs/env_.*/Robot)                                    |
+-------+----------------------------+-----------+---------+----------+-----------------+-----------------+-----------------+---------------+
| Index | Name                       | Stiffness | Damping | Armature | Static Friction | Position Limits | Velocity Limits | Effort Limits |
+-------+----------------------------+-----------+---------+----------+-----------------+-----------------+-----------------+---------------+
|   0   | left_hip_pitch_joint       |  100.000  |  2.500  |  0.020   |      0.010      | [-2.531, 2.880] |      32.000     |     88.000    |
|   1   | left_hip_roll_joint        |  100.000  |  2.500  |  0.020   |      0.010      | [-0.524, 2.967] |      32.000     |     88.000    |
|   2   | left_hip_yaw_joint         |  100.000  |  2.500  |  0.020   |      0.010      | [-2.758, 2.758] |      32.000     |     88.000    |
|   3   | left_knee_joint            |  100.000  |  2.500  |  0.020   |      0.010      | [-0.087, 2.880] |      20.000     |    139.000    |
|   4   | left_ankle_pitch_joint     |   20.000  |  1.000  |  0.020   |      0.010      | [-0.873, 0.524] |      37.000     |     50.000    |
|   5   | left_ankle_roll_joint      |   20.000  |  1.000  |  0.020   |      0.010      | [-0.262, 0.262] |      37.000     |     50.000    |
|   6   | right_hip_pitch_joint      |  100.000  |  2.500  |  0.020   |      0.010      | [-2.531, 2.880] |      32.000     |     88.000    |
|   7   | right_hip_roll_joint       |  100.000  |  2.500  |  0.020   |      0.010      | [-2.967, 0.524] |      32.000     |     88.000    |
|   8   | right_hip_yaw_joint        |  100.000  |  2.500  |  0.020   |      0.010      | [-2.758, 2.758] |      32.000     |     88.000    |
|   9   | right_knee_joint           |  100.000  |  2.500  |  0.020   |      0.010      | [-0.087, 2.880] |      20.000     |    139.000    |
|   10  | right_ankle_pitch_joint    |   20.000  |  1.000  |  0.020   |      0.010      | [-0.873, 0.524] |      37.000     |     50.000    |
|   11  | right_ankle_roll_joint     |   20.000  |  1.000  |  0.020   |      0.010      | [-0.262, 0.262] |      37.000     |     50.000    |
|   12  | waist_yaw_joint            |  100.000  |  2.500  |  0.020   |      0.010      | [-2.618, 2.618] |      32.000     |     88.000    |
|   13  | waist_roll_joint           |  100.000  |  2.500  |  0.020   |      0.010      | [-0.520, 0.520] |      37.000     |     50.000    |
|   14  | waist_pitch_joint          |  100.000  |  2.500  |  0.020   |      0.010      | [-0.520, 0.520] |      37.000     |     50.000    |
|   15  | left_shoulder_pitch_joint  |   20.000  |  0.500  |  0.020   |      0.010      | [-3.089, 2.670] |      37.000     |     25.000    |
|   16  | left_shoulder_roll_joint   |   20.000  |  0.500  |  0.020   |      0.010      | [-1.588, 2.251] |      37.000     |     25.000    |
|   17  | left_shoulder_yaw_joint    |   20.000  |  0.500  |  0.020   |      0.010      | [-2.618, 2.618] |      37.000     |     25.000    |
|   18  | left_elbow_joint           |   20.000  |  0.500  |  0.020   |      0.010      | [-1.047, 2.094] |      37.000     |     25.000    |
|   19  | left_wrist_roll_joint      |   20.000  |  0.200  |  0.020   |      0.010      | [-1.972, 1.972] |      37.000     |     25.000    |
|   20  | left_wrist_pitch_joint     |   20.000  |  0.200  |  0.020   |      0.010      | [-1.614, 1.614] |      22.000     |     5.000     |
|   21  | left_wrist_yaw_joint       |   20.000  |  0.200  |  0.020   |      0.010      | [-1.614, 1.614] |      22.000     |     5.000     |
|   22  | right_shoulder_pitch_joint |   20.000  |  0.500  |  0.020   |      0.010      | [-3.089, 2.670] |      37.000     |     25.000    |
|   23  | right_shoulder_roll_joint  |   20.000  |  0.500  |  0.020   |      0.010      | [-2.251, 1.588] |      37.000     |     25.000    |
|   24  | right_shoulder_yaw_joint   |   20.000  |  0.500  |  0.020   |      0.010      | [-2.618, 2.618] |      37.000     |     25.000    |
|   25  | right_elbow_joint          |   20.000  |  0.500  |  0.020   |      0.010      | [-1.047, 2.094] |      37.000     |     25.000    |
|   26  | right_wrist_roll_joint     |   20.000  |  0.200  |  0.020   |      0.010      | [-1.972, 1.972] |      37.000     |     25.000    |
|   27  | right_wrist_pitch_joint    |   20.000  |  0.200  |  0.020   |      0.010      | [-1.614, 1.614] |      22.000     |     5.000     |
|   28  | right_wrist_yaw_joint      |   20.000  |  0.200  |  0.020   |      0.010      | [-1.614, 1.614] |      22.000     |     5.000     |
+-------+----------------------------+-----------+---------+----------+-----------------+-----------------+-----------------+---------------+
[INFO]: Adding contact sensor for /World/envs/env_.*/Robot/.* with filter all bodies/shapes
Contact sensor construction took: Last: 0.127040 s, Mean: 0.127040 s, Std: 0.000000 s, N: 1
[INFO]: Contact sensor initialized with 30 sensors.
[INFO]: Creating buffers for contact sensor data with num_envs: 4096, num_sensors: 30, num_filter_objects: 0, history_length: 3, generate_force_matrix: False, track_air_time: True, track_pose: False, device: cuda:0
[INFO]: Creating buffers for contact sensor data with num_envs: 4096, num_sensors: 30, num_filter_objects: 0, history_length: 3, generate_force_matrix: False, track_air_time: True, track_pose: False, device: cuda:0
[INFO]: Created infinite plane mesh prim: /World/ground/terrain/GroundPlane/CollisionPlane.
Initialize solver took: Last: 1.905287 s, Mean: 1.905287 s, Std: 0.000000 s, N: 1
[INFO]: Newton CUDA graph captured (standard Warp mode)
CUDA graph took: Last: 1.011082 s, Mean: 1.011082 s, Std: 0.000000 s, N: 1
[newton] DC-motor torque-speed envelope active on 118784/143360 DOFs (4096 worlds x 30 joints) via jnt_actfrcrange
[newton] joint-limit solref set to (0.02, 1) on 118784 joints; explicit limit spring disabled
[INFO]: Time taken for simulation start Last: 12.658103 s, Mean: 12.658103 s, Std: 0.000000 s, N: 1
[INFO] Command Manager:  <CommandManager> contains 1 active terms.
+--------------------------------------+
|         Active Command Terms         |
+-------+--------+---------------------+
| Index | Name   |         Type        |
+-------+--------+---------------------+
|   0   | height | SmoothHeightCommand |
+-------+--------+---------------------+

[INFO] Event Manager:  <EventManager> contains 3 active terms.
+----------------------------------------+
| Active Event Terms in Mode: 'startup'  |
+--------+-------------------------------+
| Index  | Name                          |
+--------+-------------------------------+
|   0    | randomize_physics_material    |
|   1    | randomize_actuator_gains      |
|   2    | randomize_bodies_mass         |
|   3    | randomize_base_mass           |
|   4    | randomize_base_com            |
+--------+-------------------------------+
+---------------------------------------------------------------------------+
|                   Active Event Terms in Mode: 'interval'                  |
+-------+-----------------------------------------+-------------------------+
| Index | Name                                    | Interval time range (s) |
+-------+-----------------------------------------+-------------------------+
|   0   | push_robot                              |       (0.0, 10.0)       |
|   1   | apply_external_force_torque             |       (0.0, 10.0)       |
|   2   | apply_external_force_torque_extremities |       (0.0, 10.0)       |
+-------+-----------------------------------------+-------------------------+
+----------------------------------+
| Active Event Terms in Mode: 'reset' |
+------------+---------------------+
|   Index    | Name                |
+------------+---------------------+
|     0      | reset_base          |
+------------+---------------------+

[INFO] Recorder Manager:  <RecorderManager> contains 0 active terms.
+---------------------+
| Active Recorder Terms |
+-----------+---------+
|   Index   | Name    |
+-----------+---------+
+-----------+---------+

[INFO]: Resolved joint names for the action term JointPositionAction: ['left_hip_pitch_joint', 'left_hip_roll_joint', 'left_hip_yaw_joint', 'left_knee_joint', 'left_ankle_pitch_joint', 'left_ankle_roll_joint', 'right_hip_pitch_joint', 'right_hip_roll_joint', 'right_hip_yaw_joint', 'right_knee_joint', 'right_ankle_pitch_joint', 'right_ankle_roll_joint', 'waist_yaw_joint', 'waist_roll_joint', 'waist_pitch_joint', 'left_shoulder_pitch_joint', 'left_shoulder_roll_joint', 'left_shoulder_yaw_joint', 'left_elbow_joint', 'left_wrist_roll_joint', 'left_wrist_pitch_joint', 'left_wrist_yaw_joint', 'right_shoulder_pitch_joint', 'right_shoulder_roll_joint', 'right_shoulder_yaw_joint', 'right_elbow_joint', 'right_wrist_roll_joint', 'right_wrist_pitch_joint', 'right_wrist_yaw_joint'] [[0, 1, 2, 3, 4, 5, 6, 7, 8, 9, 10, 11, 12, 13, 14, 15, 16, 17, 18, 19, 20, 21, 22, 23, 24, 25, 26, 27, 28]]
[INFO] Action Manager:  <ActionManager> contains 2 active terms.
+------------------------------------+
|  Active Action Terms (shape: 29)   |
+--------+-------------+-------------+
| Index  | Name        |   Dimension |
+--------+-------------+-------------+
|   0    | joint_pos   |          29 |
|   1    | lift        |           0 |
+--------+-------------+-------------+

[INFO] Observation Manager: <ObservationManager> contains 2 groups.
+----------------------------------------------+
| Active Observation Terms in Group: 'policy'  |
+---------+------------------------+-----------+
|  Index  | Name                   |   Shape   |
+---------+------------------------+-----------+
|    0    | base_ang_vel           |   (5, 3)  |
|    1    | projected_gravity      |   (5, 3)  |
|    2    | joint_pos              |  (5, 29)  |
|    3    | joint_vel              |  (5, 29)  |
|    4    | actions                |  (5, 29)  |
|    5    | height_command         |   (5, 1)  |
+---------+------------------------+-----------+
+----------------------------------------------+
| Active Observation Terms in Group: 'critic'  |
+---------+------------------------+-----------+
|  Index  | Name                   |   Shape   |
+---------+------------------------+-----------+
|    0    | projected_gravity      |   (5, 3)  |
|    1    | base_lin_vel           |   (5, 3)  |
|    2    | base_ang_vel           |   (5, 3)  |
|    3    | joint_pos              |  (5, 29)  |
|    4    | joint_vel              |  (5, 29)  |
|    5    | actions                |  (5, 29)  |
|    6    | contact_forces         |  (5, 30)  |
|    7    | base_height            |   (5, 1)  |
|    8    | height_command         |   (5, 1)  |
+---------+------------------------+-----------+

[INFO] Termination Manager:  <TerminationManager> contains 2 active terms.
+----------------------------------+
|     Active Termination Terms     |
+-------+---------------+----------+
| Index | Name          | Time Out |
+-------+---------------+----------+
|   0   | time_out      |   True   |
|   1   | invalid_state |  False   |
+-------+---------------+----------+

[INFO] Reward Manager:  <RewardManager> contains 32 active terms.
+--------------------------------------------+
|            Active Reward Terms             |
+-------+-------------------------+----------+
| Index | Name                    |   Weight |
+-------+-------------------------+----------+
|   0   | joint_torques_l2        |   -5e-05 |
|   1   | torque_limits           |    -0.01 |
|   2   | joint_acc_l2            | -2.5e-08 |
|   3   | joint_pos_limits        |     -0.1 |
|   4   | joint_vel_limits        |    -0.01 |
|   5   | action_rate             |     -1.0 |
|   6   | action_rate_rate        |    -0.15 |
|   7   | joint_vel_l2            |   -0.001 |
|   8   | joint_tracking_error    |     -0.5 |
|   9   | base_height_rough       |      4.0 |
|   10  | base_height_medium      |      8.0 |
|   11  | base_height_fine        |     16.0 |
|   12  | relaxation              |     -1.0 |
|   13  | joint_deviation_l1      |     -0.5 |
|   14  | joint_deviation_l1_arms |     -0.5 |
|   15  | ankle_torques           |   -0.001 |
|   16  | not_moving              |     -1.0 |
|   17  | torso_upright           |     -1.0 |
|   18  | severely_tilted         |     -5.0 |
|   19  | torso_roll              |     -5.0 |
|   20  | forward_pitch           |    -10.0 |
|   21  | illegal_contacts        |     -2.0 |
|   22  | feet_distance           |     -5.0 |
|   23  | feet_distance_standing  |    -10.0 |
|   24  | ground_unloaded         |     -2.0 |
|   25  | flat_feet               |     -1.0 |
|   26  | feet_slide              |     -1.0 |
|   27  | feet_yaw_mean           |     -2.0 |
|   28  | completely_airborne     |    -50.0 |
|   29  | body_velocity           |     -0.1 |
|   30  | ground_slam             |     -1.0 |
|   31  | torso_slam              |     -5.0 |
+-------+-------------------------+----------+

[INFO] Curriculum Manager:  <CurriculumManager> contains 8 active terms.
+---------------------------------+
|     Active Curriculum Terms     |
+-------+-------------------------+
| Index | Name                    |
+-------+-------------------------+
|   0   | adaptive_lift           |
|   1   | terrain_levels          |
|   2   | polish_action_rate_rate |
|   3   | polish_ground_slam      |
|   4   | polish_torso_slam       |
|   5   | polish_not_moving       |
|   6   | polish_joint_vel_l2     |
|   7   | random_fallen_states    |
+-------+-------------------------+

/workspace/WBC-AGILE-NEWTON/.venv/lib/python3.12/site-packages/isaaclab/source/isaaclab/isaaclab/envs/mdp/events.py:742: UserWarning: In Newton, body com pose always has unit quaternion. Consider using body_com_pos_b instead.Querying this property requires appending a unit quaternion to the position which is expensive.
  self.default_com = self.asset.data.body_com_pose_b.torch.clone()
[INFO]: Completed setting up the environment...
/workspace/WBC-AGILE-NEWTON/.venv/lib/python3.12/site-packages/rsl_rl/utils/utils.py:220: UserWarning: The observation configuration dictionary 'obs_groups' is empty and thus likely not configured. Consider configuring the 'obs_groups' dictionary explicitly
  warnings.warn(
/workspace/WBC-AGILE-NEWTON/.venv/lib/python3.12/site-packages/rsl_rl/utils/utils.py:251: UserWarning: The observation configuration dictionary 'obs_groups' does not contain the 'actor' key. As an observation group with the name 'policy' was found, this is assumed to be the appropriate observation. Consider adding the 'actor' key to the 'obs_groups' dictionary for clarity. This behavior will be removed in a future version.
  warnings.warn(
/workspace/WBC-AGILE-NEWTON/.venv/lib/python3.12/site-packages/rsl_rl/utils/utils.py:243: UserWarning: The observation configuration dictionary 'obs_groups' does not contain the 'critic' key. As an observation group with the name 'critic' was found, this is assumed to be the appropriate observation. Consider adding the 'critic' key to the 'obs_groups' dictionary for clarity. This behavior will be removed in a future version.
  warnings.warn(
--------------------------------------------------------------------------------
Resolved observation sets: 
	 actor :  ['policy']
	 critic :  ['critic']
--------------------------------------------------------------------------------
Actor Model: MLPModel(
  (obs_normalizer): Identity()
  (distribution): GaussianDistribution()
  (mlp): MLP(
    (0): Linear(in_features=470, out_features=256, bias=True)
    (1): ELU(alpha=1.0)
    (2): Linear(in_features=256, out_features=256, bias=True)
    (3): ELU(alpha=1.0)
    (4): Linear(in_features=256, out_features=128, bias=True)
    (5): ELU(alpha=1.0)
    (6): Linear(in_features=128, out_features=29, bias=True)
  )
)
Critic Model: MLPModel(
  (obs_normalizer): Identity()
  (mlp): MLP(
    (0): Linear(in_features=640, out_features=512, bias=True)
    (1): ELU(alpha=1.0)
    (2): Linear(in_features=512, out_features=256, bias=True)
    (3): ELU(alpha=1.0)
    (4): Linear(in_features=256, out_features=128, bias=True)
    (5): ELU(alpha=1.0)
    (6): Linear(in_features=128, out_features=1, bias=True)
  )
)
Storing git diff for 'WBC-AGILE-NEWTON' in: /workspace/WBC-AGILE-NEWTON/logs/rsl_rl/height_tracking_g1/2026-09-02_16-58-13_height_tracking_g1/git/WBC-AGILE-NEWTON.diff
################################################################################
[1m                            Learning iteration 0/60                             [0m 

                               Run name: height_tracking_g1
                            Total steps: 98304 
                       Steps per second: 37250 
                        Collection time: 2.295s 
                          Learning time: 0.344s 
                        Mean value loss: 7.6715
                    Mean surrogate loss: 0.0335
                      Mean entropy loss: 41.0932
                     Mean symmetry loss: 0.0027
                   Mean l2c2_actor loss: 0.0011
                  Mean l2c2_critic loss: 0.0073
                            Mean reward: -50.61
                    Mean episode length: 17.17
                        Mean action std: 1.00
                    Entropy coefficient: 0.002500
    Episode_Reward/joint_tracking_error: -0.0660
           Episode_Reward/feet_yaw_mean: -0.0119
 Episode_Reward/joint_deviation_l1_arms: -0.0118
              Episode_Reward/feet_slide: -0.0138
              Episode_Reward/torso_roll: -0.0296
           Episode_Reward/feet_distance: -0.0037
           Episode_Reward/ankle_torques: -0.0047
           Episode_Termination/time_out: 0.0165
      Episode_Reward/joint_deviation_l1: -0.0279
           Episode_Reward/torque_limits: -0.0232
              Episode_Reward/torso_slam: -0.0768
             Episode_Reward/action_rate: -0.9145
           Curriculum/polish_not_moving: -1.0000
           Episode_Reward/forward_pitch: -0.0104
           Curriculum/polish_torso_slam: -5.0000
              Curriculum/terrain_levels: 0.0000
            Episode_Reward/joint_vel_l2: -0.0276
      Episode_Reward/base_height_medium: 0.0479
        Curriculum/random_fallen_states: 0.0000
               Curriculum/adaptive_lift: 1.0000
            Episode_Reward/joint_acc_l2: -0.0026
     Curriculum/polish_action_rate_rate: -0.1500
       Episode_Reward/base_height_rough: 0.0334
              Episode_Reward/not_moving: -0.0455
  Episode_Reward/feet_distance_standing: -0.0050
        Episode_Reward/illegal_contacts: -0.0022
              Episode_Reward/relaxation: -0.1348
           Episode_Reward/torso_upright: 0.0000
            Metrics/height/height_error: 0.0000
      Episode_Termination/invalid_state: 0.0004
        Episode_Reward/base_height_fine: 0.0724
        Episode_Reward/joint_torques_l2: -0.0194
         Episode_Reward/ground_unloaded: -0.0144
        Episode_Reward/joint_pos_limits: -0.0002
     Episode_Reward/completely_airborne: -0.3488
           Episode_Reward/body_velocity: -0.2305
          Curriculum/polish_ground_slam: -1.0000
             Episode_Reward/ground_slam: -0.0588
               Episode_Reward/flat_feet: -0.0306
         Curriculum/polish_joint_vel_l2: -0.0010
        Episode_Reward/joint_vel_limits: -0.0000
        Episode_Reward/action_rate_rate: -0.3951
         Episode_Reward/severely_tilted: -0.0010
--------------------------------------------------------------------------------
                         Iteration time: 2.64s
                           Time elapsed: 0:00:02
                                    ETA: 0:02:35

################################################################################
[1m                            Learning iteration 1/60                             [0m 

                               Run name: height_tracking_g1
                            Total steps: 196608 
                       Steps per second: 83650 
                        Collection time: 0.943s 
                          Learning time: 0.232s 
                        Mean value loss: 11.6531
                    Mean surrogate loss: 0.0063
                      Mean entropy loss: 41.0643
                     Mean symmetry loss: 0.0019
                   Mean l2c2_actor loss: 0.0010
                  Mean l2c2_critic loss: 0.0259
                            Mean reward: -147.15
                    Mean episode length: 40.51
                        Mean action std: 1.00
                    Entropy coefficient: 0.002500
    Episode_Reward/joint_tracking_error: -0.2518
           Episode_Reward/feet_yaw_mean: -0.0570
 Episode_Reward/joint_deviation_l1_arms: -0.0549
              Episode_Reward/feet_slide: -0.0443
              Episode_Reward/torso_roll: -0.0966
           Episode_Reward/feet_distance: -0.0261
           Episode_Reward/ankle_torques: -0.0136
           Episode_Termination/time_out: 0.0476
      Episode_Reward/joint_deviation_l1: -0.1009
           Episode_Reward/torque_limits: -0.0823
              Episode_Reward/torso_slam: -0.4796
             Episode_Reward/action_rate: -2.7047
           Curriculum/polish_not_moving: -1.0000
           Episode_Reward/forward_pitch: -0.0515
           Curriculum/polish_torso_slam: -5.0000
              Curriculum/terrain_levels: 0.0000
            Episode_Reward/joint_vel_l2: -0.0986
      Episode_Reward/base_height_medium: 0.1671
        Curriculum/random_fallen_states: 0.0000
               Curriculum/adaptive_lift: 0.9999
            Episode_Reward/joint_acc_l2: -0.0084
     Curriculum/polish_action_rate_rate: -0.1500
       Episode_Reward/base_height_rough: 0.1089
              Episode_Reward/not_moving: -0.2382
  Episode_Reward/feet_distance_standing: -0.0362
        Episode_Reward/illegal_contacts: -0.0128
              Episode_Reward/relaxation: -0.3432
           Episode_Reward/torso_upright: 0.0000
            Metrics/height/height_error: 0.0000
      Episode_Termination/invalid_state: 0.0051
        Episode_Reward/base_height_fine: 0.2673
        Episode_Reward/joint_torques_l2: -0.0624
         Episode_Reward/ground_unloaded: -0.0495
        Episode_Reward/joint_pos_limits: -0.0010
     Episode_Reward/completely_airborne: -1.0230
           Episode_Reward/body_velocity: -1.3952
          Curriculum/polish_ground_slam: -1.0000
             Episode_Reward/ground_slam: -0.3688
               Episode_Reward/flat_feet: -0.0937
         Curriculum/polish_joint_vel_l2: -0.0010
        Episode_Reward/joint_vel_limits: -0.0002
        Episode_Reward/action_rate_rate: -1.1989
         Episode_Reward/severely_tilted: -0.0101
--------------------------------------------------------------------------------
                         Iteration time: 1.18s
                           Time elapsed: 0:00:03
                                    ETA: 0:01:50

################################################################################
[1m                            Learning iteration 2/60                             [0m 

                               Run name: height_tracking_g1
                            Total steps: 294912 
                       Steps per second: 83255 
                        Collection time: 0.949s 
                          Learning time: 0.232s 
                        Mean value loss: 10.9392
                    Mean surrogate loss: -0.0084
                      Mean entropy loss: 40.9417
                     Mean symmetry loss: 0.0009
                   Mean l2c2_actor loss: 0.0012
                  Mean l2c2_critic loss: 0.0225
                            Mean reward: -257.40
                    Mean episode length: 62.01
                        Mean action std: 0.99
                    Entropy coefficient: 0.002500
    Episode_Reward/joint_tracking_error: -0.4524
           Episode_Reward/feet_yaw_mean: -0.1261
 Episode_Reward/joint_deviation_l1_arms: -0.0911
              Episode_Reward/feet_slide: -0.0742
              Episode_Reward/torso_roll: -0.1578
           Episode_Reward/feet_distance: -0.0522
           Episode_Reward/ankle_torques: -0.0224
           Episode_Termination/time_out: 0.0792
      Episode_Reward/joint_deviation_l1: -0.1517
           Episode_Reward/torque_limits: -0.1391
              Episode_Reward/torso_slam: -1.1995
             Episode_Reward/action_rate: -4.3275
           Curriculum/polish_not_moving: -1.0000
           Episode_Reward/forward_pitch: -0.0925
           Curriculum/polish_torso_slam: -5.0000
              Curriculum/terrain_levels: 0.0000
            Episode_Reward/joint_vel_l2: -0.1712
      Episode_Reward/base_height_medium: 0.2447
        Curriculum/random_fallen_states: 0.0000
               Curriculum/adaptive_lift: 0.9983
            Episode_Reward/joint_acc_l2: -0.0144
     Curriculum/polish_action_rate_rate: -0.1500
       Episode_Reward/base_height_rough: 0.1653
              Episode_Reward/not_moving: -0.3515
  Episode_Reward/feet_distance_standing: -0.0635
        Episode_Reward/illegal_contacts: -0.0284
              Episode_Reward/relaxation: -0.6095
           Episode_Reward/torso_upright: -0.0025
            Metrics/height/height_error: 0.0000
      Episode_Termination/invalid_state: 0.0142
        Episode_Reward/base_height_fine: 0.3834
        Episode_Reward/joint_torques_l2: -0.1027
         Episode_Reward/ground_unloaded: -0.0776
        Episode_Reward/joint_pos_limits: -0.0019
     Episode_Reward/completely_airborne: -1.5284
           Episode_Reward/body_velocity: -3.0115
          Curriculum/polish_ground_slam: -1.0000
             Episode_Reward/ground_slam: -0.9336
               Episode_Reward/flat_feet: -0.1701
         Curriculum/polish_joint_vel_l2: -0.0010
        Episode_Reward/joint_vel_limits: -0.0004
        Episode_Reward/action_rate_rate: -1.9283
         Episode_Reward/severely_tilted: -0.0219
--------------------------------------------------------------------------------
                         Iteration time: 1.18s
                           Time elapsed: 0:00:04
                                    ETA: 0:01:34

################################################################################
[1m                            Learning iteration 3/60                             [0m 

                               Run name: height_tracking_g1
                            Total steps: 393216 
                       Steps per second: 83287 
                        Collection time: 0.949s 
                          Learning time: 0.232s 
                        Mean value loss: 10.6449
                    Mean surrogate loss: -0.0108
                      Mean entropy loss: 40.8916
                     Mean symmetry loss: 0.0006
                   Mean l2c2_actor loss: 0.0013
                  Mean l2c2_critic loss: 0.0202
                            Mean reward: -328.75
                    Mean episode length: 82.32
                        Mean action std: 0.99
                    Entropy coefficient: 0.002500
    Episode_Reward/joint_tracking_error: -0.6217
           Episode_Reward/feet_yaw_mean: -0.1727
 Episode_Reward/joint_deviation_l1_arms: -0.1189
              Episode_Reward/feet_slide: -0.1082
              Episode_Reward/torso_roll: -0.2185
           Episode_Reward/feet_distance: -0.0717
           Episode_Reward/ankle_torques: -0.0307
           Episode_Termination/time_out: 0.1127
      Episode_Reward/joint_deviation_l1: -0.1864
           Episode_Reward/torque_limits: -0.1906
              Episode_Reward/torso_slam: -1.7089
             Episode_Reward/action_rate: -5.8893
           Curriculum/polish_not_moving: -1.0000
           Episode_Reward/forward_pitch: -0.1309
           Curriculum/polish_torso_slam: -5.0000
              Curriculum/terrain_levels: 0.0000
            Episode_Reward/joint_vel_l2: -0.2327
      Episode_Reward/base_height_medium: 0.3646
        Curriculum/random_fallen_states: 0.0000
               Curriculum/adaptive_lift: 0.9959
            Episode_Reward/joint_acc_l2: -0.0196
     Curriculum/polish_action_rate_rate: -0.1500
       Episode_Reward/base_height_rough: 0.2412
              Episode_Reward/not_moving: -0.5264
  Episode_Reward/feet_distance_standing: -0.0773
        Episode_Reward/illegal_contacts: -0.0418
              Episode_Reward/relaxation: -0.7910
           Episode_Reward/torso_upright: -0.0039
            Metrics/height/height_error: 0.0000
      Episode_Termination/invalid_state: 0.0241
        Episode_Reward/base_height_fine: 0.5733
        Episode_Reward/joint_torques_l2: -0.1406
         Episode_Reward/ground_unloaded: -0.1120
        Episode_Reward/joint_pos_limits: -0.0026
     Episode_Reward/completely_airborne: -2.0860
           Episode_Reward/body_velocity: -3.9961
          Curriculum/polish_ground_slam: -1.0000
             Episode_Reward/ground_slam: -1.2921
               Episode_Reward/flat_feet: -0.2411
         Curriculum/polish_joint_vel_l2: -0.0010
        Episode_Reward/joint_vel_limits: -0.0005
        Episode_Reward/action_rate_rate: -2.6324
         Episode_Reward/severely_tilted: -0.0231
--------------------------------------------------------------------------------
                         Iteration time: 1.18s
                           Time elapsed: 0:00:06
                                    ETA: 0:01:26

################################################################################
[1m                            Learning iteration 4/60                             [0m 

                               Run name: height_tracking_g1
                            Total steps: 491520 
                       Steps per second: 83306 
                        Collection time: 0.948s 
                          Learning time: 0.232s 
                        Mean value loss: 9.7577
                    Mean surrogate loss: -0.0114
                      Mean entropy loss: 40.8300
                     Mean symmetry loss: 0.0007
                   Mean l2c2_actor loss: 0.0015
                  Mean l2c2_critic loss: 0.0197
                            Mean reward: -429.26
                    Mean episode length: 105.22
                        Mean action std: 0.99
                    Entropy coefficient: 0.002500
    Episode_Reward/joint_tracking_error: -0.8035
           Episode_Reward/feet_yaw_mean: -0.2355
 Episode_Reward/joint_deviation_l1_arms: -0.1520
              Episode_Reward/feet_slide: -0.1350
              Episode_Reward/torso_roll: -0.2798
           Episode_Reward/feet_distance: -0.0920
           Episode_Reward/ankle_torques: -0.0372
           Episode_Termination/time_out: 0.1412
      Episode_Reward/joint_deviation_l1: -0.2274
           Episode_Reward/torque_limits: -0.2484
              Episode_Reward/torso_slam: -2.1632
             Episode_Reward/action_rate: -7.3652
           Curriculum/polish_not_moving: -1.0000
           Episode_Reward/forward_pitch: -0.1845
           Curriculum/polish_torso_slam: -5.0000
              Curriculum/terrain_levels: 0.0000
            Episode_Reward/joint_vel_l2: -0.2971
      Episode_Reward/base_height_medium: 0.4257
        Curriculum/random_fallen_states: 0.0000
               Curriculum/adaptive_lift: 0.9935
            Episode_Reward/joint_acc_l2: -0.0253
     Curriculum/polish_action_rate_rate: -0.1500
       Episode_Reward/base_height_rough: 0.2851
              Episode_Reward/not_moving: -0.6304
  Episode_Reward/feet_distance_standing: -0.0937
        Episode_Reward/illegal_contacts: -0.0590
              Episode_Reward/relaxation: -1.3013
           Episode_Reward/torso_upright: -0.0046
            Metrics/height/height_error: 0.0685
      Episode_Termination/invalid_state: 0.0331
        Episode_Reward/base_height_fine: 0.6728
        Episode_Reward/joint_torques_l2: -0.1806
         Episode_Reward/ground_unloaded: -0.1289
        Episode_Reward/joint_pos_limits: -0.0034
     Episode_Reward/completely_airborne: -2.6552
           Episode_Reward/body_velocity: -5.3487
          Curriculum/polish_ground_slam: -1.0000
             Episode_Reward/ground_slam: -1.8845
               Episode_Reward/flat_feet: -0.3240
         Curriculum/polish_joint_vel_l2: -0.0010
        Episode_Reward/joint_vel_limits: -0.0006
        Episode_Reward/action_rate_rate: -3.2875
         Episode_Reward/severely_tilted: -0.0351
--------------------------------------------------------------------------------
                         Iteration time: 1.18s
                           Time elapsed: 0:00:07
                                    ETA: 0:01:20

################################################################################
[1m                            Learning iteration 5/60                             [0m 

                               Run name: height_tracking_g1
                            Total steps: 589824 
                       Steps per second: 83818 
                        Collection time: 0.941s 
                          Learning time: 0.232s 
                        Mean value loss: 9.0312
                    Mean surrogate loss: -0.0118
                      Mean entropy loss: 40.7711
                     Mean symmetry loss: 0.0006
                   Mean l2c2_actor loss: 0.0017
                  Mean l2c2_critic loss: 0.0188
                            Mean reward: -466.17
                    Mean episode length: 116.59
                        Mean action std: 0.99
                    Entropy coefficient: 0.002500
    Episode_Reward/joint_tracking_error: -0.9390
           Episode_Reward/feet_yaw_mean: -0.2547
 Episode_Reward/joint_deviation_l1_arms: -0.1605
              Episode_Reward/feet_slide: -0.1590
              Episode_Reward/torso_roll: -0.3482
           Episode_Reward/feet_distance: -0.1103
           Episode_Reward/ankle_torques: -0.0481
           Episode_Termination/time_out: 0.1654
      Episode_Reward/joint_deviation_l1: -0.2380
           Episode_Reward/torque_limits: -0.2879
              Episode_Reward/torso_slam: -2.4530
             Episode_Reward/action_rate: -8.7724
           Curriculum/polish_not_moving: -1.0000
           Episode_Reward/forward_pitch: -0.2147
           Curriculum/polish_torso_slam: -5.0000
              Curriculum/terrain_levels: 0.0000
            Episode_Reward/joint_vel_l2: -0.3396
      Episode_Reward/base_height_medium: 0.4671
        Curriculum/random_fallen_states: 0.0000
               Curriculum/adaptive_lift: 0.9911
            Episode_Reward/joint_acc_l2: -0.0286
     Curriculum/polish_action_rate_rate: -0.1500
       Episode_Reward/base_height_rough: 0.3208
              Episode_Reward/not_moving: -0.6408
  Episode_Reward/feet_distance_standing: -0.1064
        Episode_Reward/illegal_contacts: -0.0712
              Episode_Reward/relaxation: -1.9672
           Episode_Reward/torso_upright: -0.0060
            Metrics/height/height_error: 0.0936
      Episode_Termination/invalid_state: 0.0420
        Episode_Reward/base_height_fine: 0.7183
        Episode_Reward/joint_torques_l2: -0.2146
         Episode_Reward/ground_unloaded: -0.1340
        Episode_Reward/joint_pos_limits: -0.0039
     Episode_Reward/completely_airborne: -3.1068
           Episode_Reward/body_velocity: -5.9720
          Curriculum/polish_ground_slam: -1.0000
             Episode_Reward/ground_slam: -1.9918
               Episode_Reward/flat_feet: -0.3839
         Curriculum/polish_joint_vel_l2: -0.0010
        Episode_Reward/joint_vel_limits: -0.0007
        Episode_Reward/action_rate_rate: -3.9189
         Episode_Reward/severely_tilted: -0.0324
--------------------------------------------------------------------------------
                         Iteration time: 1.17s
                           Time elapsed: 0:00:08
                                    ETA: 0:01:16

################################################################################
[1m                            Learning iteration 6/60                             [0m 

                               Run name: height_tracking_g1
                            Total steps: 688128 
                       Steps per second: 83547 
                        Collection time: 0.945s 
                          Learning time: 0.232s 
                        Mean value loss: 8.6117
                    Mean surrogate loss: -0.0123
                      Mean entropy loss: 40.7271
                     Mean symmetry loss: 0.0006
                   Mean l2c2_actor loss: 0.0019
                  Mean l2c2_critic loss: 0.0187
                            Mean reward: -507.57
                    Mean episode length: 129.00
                        Mean action std: 0.99
                    Entropy coefficient: 0.002500
    Episode_Reward/joint_tracking_error: -1.0273
           Episode_Reward/feet_yaw_mean: -0.3025
 Episode_Reward/joint_deviation_l1_arms: -0.1832
              Episode_Reward/feet_slide: -0.1807
              Episode_Reward/torso_roll: -0.3714
           Episode_Reward/feet_distance: -0.1339
           Episode_Reward/ankle_torques: -0.0535
           Episode_Termination/time_out: 0.1938
      Episode_Reward/joint_deviation_l1: -0.2770
           Episode_Reward/torque_limits: -0.3154
              Episode_Reward/torso_slam: -2.7097
             Episode_Reward/action_rate: -9.7101
           Curriculum/polish_not_moving: -1.0000
           Episode_Reward/forward_pitch: -0.2205
           Curriculum/polish_torso_slam: -5.0000
              Curriculum/terrain_levels: 0.0000
            Episode_Reward/joint_vel_l2: -0.3856
      Episode_Reward/base_height_medium: 0.5662
        Curriculum/random_fallen_states: 0.0000
               Curriculum/adaptive_lift: 0.9887
            Episode_Reward/joint_acc_l2: -0.0316
     Curriculum/polish_action_rate_rate: -0.1500
       Episode_Reward/base_height_rough: 0.3822
              Episode_Reward/not_moving: -0.8123
  Episode_Reward/feet_distance_standing: -0.1252
        Episode_Reward/illegal_contacts: -0.0731
              Episode_Reward/relaxation: -1.6803
           Episode_Reward/torso_upright: -0.0097
            Metrics/height/height_error: 0.0809
      Episode_Termination/invalid_state: 0.0496
        Episode_Reward/base_height_fine: 0.8905
        Episode_Reward/joint_torques_l2: -0.2352
         Episode_Reward/ground_unloaded: -0.1661
        Episode_Reward/joint_pos_limits: -0.0043
     Episode_Reward/completely_airborne: -3.4315
           Episode_Reward/body_velocity: -6.2265
          Curriculum/polish_ground_slam: -1.0000
             Episode_Reward/ground_slam: -2.1208
               Episode_Reward/flat_feet: -0.4305
         Curriculum/polish_joint_vel_l2: -0.0010
        Episode_Reward/joint_vel_limits: -0.0008
        Episode_Reward/action_rate_rate: -4.3430
         Episode_Reward/severely_tilted: -0.0392
--------------------------------------------------------------------------------
                         Iteration time: 1.18s
                           Time elapsed: 0:00:09
                                    ETA: 0:01:13

################################################################################
[1m                            Learning iteration 7/60                             [0m 

                               Run name: height_tracking_g1
                            Total steps: 786432 
                       Steps per second: 83373 
                        Collection time: 0.947s 
                          Learning time: 0.232s 
                        Mean value loss: 8.0252
                    Mean surrogate loss: -0.0118
                      Mean entropy loss: 40.6489
                     Mean symmetry loss: 0.0007
                   Mean l2c2_actor loss: 0.0021
                  Mean l2c2_critic loss: 0.0150
                            Mean reward: -639.12
                    Mean episode length: 166.44
                        Mean action std: 0.98
                    Entropy coefficient: 0.002500
    Episode_Reward/joint_tracking_error: -1.2456
           Episode_Reward/feet_yaw_mean: -0.3551
 Episode_Reward/joint_deviation_l1_arms: -0.2039
              Episode_Reward/feet_slide: -0.2283
              Episode_Reward/torso_roll: -0.4624
           Episode_Reward/feet_distance: -0.1553
           Episode_Reward/ankle_torques: -0.0645
           Episode_Termination/time_out: 0.2199
      Episode_Reward/joint_deviation_l1: -0.3092
           Episode_Reward/torque_limits: -0.3800
              Episode_Reward/torso_slam: -3.1308
             Episode_Reward/action_rate: -12.0239
           Curriculum/polish_not_moving: -1.0000
           Episode_Reward/forward_pitch: -0.2974
           Curriculum/polish_torso_slam: -5.0000
              Curriculum/terrain_levels: 0.0000
            Episode_Reward/joint_vel_l2: -0.4588
      Episode_Reward/base_height_medium: 0.7469
        Curriculum/random_fallen_states: 0.0000
               Curriculum/adaptive_lift: 0.9864
            Episode_Reward/joint_acc_l2: -0.0365
     Curriculum/polish_action_rate_rate: -0.1500
       Episode_Reward/base_height_rough: 0.4942
              Episode_Reward/not_moving: -1.0911
  Episode_Reward/feet_distance_standing: -0.1399
        Episode_Reward/illegal_contacts: -0.0956
              Episode_Reward/relaxation: -2.0682
           Episode_Reward/torso_upright: -0.0099
            Metrics/height/height_error: 0.1067
      Episode_Termination/invalid_state: 0.0584
        Episode_Reward/base_height_fine: 1.1890
        Episode_Reward/joint_torques_l2: -0.2822
         Episode_Reward/ground_unloaded: -0.2101
        Episode_Reward/joint_pos_limits: -0.0051
     Episode_Reward/completely_airborne: -4.3596
           Episode_Reward/body_velocity: -7.1032
          Curriculum/polish_ground_slam: -1.0000
             Episode_Reward/ground_slam: -2.7204
               Episode_Reward/flat_feet: -0.5426
         Curriculum/polish_joint_vel_l2: -0.0010
        Episode_Reward/joint_vel_limits: -0.0009
        Episode_Reward/action_rate_rate: -5.3825
         Episode_Reward/severely_tilted: -0.0418
--------------------------------------------------------------------------------
                         Iteration time: 1.18s
                           Time elapsed: 0:00:10
                                    ETA: 0:01:10

################################################################################
[1m                            Learning iteration 8/60                             [0m 

                               Run name: height_tracking_g1
                            Total steps: 884736 
                       Steps per second: 83579 
                        Collection time: 0.944s 
                          Learning time: 0.232s 
                        Mean value loss: 7.4679
                    Mean surrogate loss: -0.0125
                      Mean entropy loss: 40.5974
                     Mean symmetry loss: 0.0007
                   Mean l2c2_actor loss: 0.0023
                  Mean l2c2_critic loss: 0.0159
                            Mean reward: -687.42
                    Mean episode length: 185.40
                        Mean action std: 0.98
                    Entropy coefficient: 0.002500
    Episode_Reward/joint_tracking_error: -1.3683
           Episode_Reward/feet_yaw_mean: -0.3503
 Episode_Reward/joint_deviation_l1_arms: -0.2328
              Episode_Reward/feet_slide: -0.2472
              Episode_Reward/torso_roll: -0.5106
           Episode_Reward/feet_distance: -0.1588
           Episode_Reward/ankle_torques: -0.0672
           Episode_Termination/time_out: 0.2493
      Episode_Reward/joint_deviation_l1: -0.3617
           Episode_Reward/torque_limits: -0.4152
              Episode_Reward/torso_slam: -3.0291
             Episode_Reward/action_rate: -13.5215
           Curriculum/polish_not_moving: -1.0000
           Episode_Reward/forward_pitch: -0.3201
           Curriculum/polish_torso_slam: -5.0000
              Curriculum/terrain_levels: 0.0000
            Episode_Reward/joint_vel_l2: -0.5103
      Episode_Reward/base_height_medium: 0.8501
        Curriculum/random_fallen_states: 0.0000
               Curriculum/adaptive_lift: 0.9849
            Episode_Reward/joint_acc_l2: -0.0404
     Curriculum/polish_action_rate_rate: -0.1500
       Episode_Reward/base_height_rough: 0.5636
              Episode_Reward/not_moving: -1.2297
  Episode_Reward/feet_distance_standing: -0.1406
        Episode_Reward/illegal_contacts: -0.1126
              Episode_Reward/relaxation: -2.4281
           Episode_Reward/torso_upright: -0.0156
            Metrics/height/height_error: 0.0967
      Episode_Termination/invalid_state: 0.0656
        Episode_Reward/base_height_fine: 1.3509
        Episode_Reward/joint_torques_l2: -0.3167
         Episode_Reward/ground_unloaded: -0.2253
        Episode_Reward/joint_pos_limits: -0.0055
     Episode_Reward/completely_airborne: -4.7568
           Episode_Reward/body_velocity: -7.0225
          Curriculum/polish_ground_slam: -1.0000
             Episode_Reward/ground_slam: -2.3121
               Episode_Reward/flat_feet: -0.6019
         Curriculum/polish_joint_vel_l2: -0.0010
        Episode_Reward/joint_vel_limits: -0.0010
        Episode_Reward/action_rate_rate: -6.0525
         Episode_Reward/severely_tilted: -0.0339
--------------------------------------------------------------------------------
                         Iteration time: 1.18s
                           Time elapsed: 0:00:12
                                    ETA: 0:01:08

################################################################################
[1m                            Learning iteration 9/60                             [0m 

                               Run name: height_tracking_g1
                            Total steps: 983040 
                       Steps per second: 83177 
                        Collection time: 0.948s 
                          Learning time: 0.234s 
                        Mean value loss: 7.3938
                    Mean surrogate loss: -0.0113
                      Mean entropy loss: 40.5359
                     Mean symmetry loss: 0.0007
                   Mean l2c2_actor loss: 0.0024
                  Mean l2c2_critic loss: 0.0199
                            Mean reward: -790.25
                    Mean episode length: 214.91
                        Mean action std: 0.98
                    Entropy coefficient: 0.002500
    Episode_Reward/joint_tracking_error: -1.5252
           Episode_Reward/feet_yaw_mean: -0.3903
 Episode_Reward/joint_deviation_l1_arms: -0.2527
              Episode_Reward/feet_slide: -0.2747
              Episode_Reward/torso_roll: -0.5844
           Episode_Reward/feet_distance: -0.1814
           Episode_Reward/ankle_torques: -0.0782
           Episode_Termination/time_out: 0.2797
      Episode_Reward/joint_deviation_l1: -0.3847
           Episode_Reward/torque_limits: -0.4628
              Episode_Reward/torso_slam: -3.4569
             Episode_Reward/action_rate: -15.1702
           Curriculum/polish_not_moving: -1.0000
           Episode_Reward/forward_pitch: -0.3616
           Curriculum/polish_torso_slam: -5.0000
              Curriculum/terrain_levels: 0.0000
            Episode_Reward/joint_vel_l2: -0.5574
      Episode_Reward/base_height_medium: 0.9070
        Curriculum/random_fallen_states: 0.0000
               Curriculum/adaptive_lift: 0.9832
            Episode_Reward/joint_acc_l2: -0.0453
     Curriculum/polish_action_rate_rate: -0.1500
       Episode_Reward/base_height_rough: 0.6013
              Episode_Reward/not_moving: -1.3089
  Episode_Reward/feet_distance_standing: -0.1736
        Episode_Reward/illegal_contacts: -0.1224
              Episode_Reward/relaxation: -2.9770
           Episode_Reward/torso_upright: -0.0187
            Metrics/height/height_error: 0.0945
      Episode_Termination/invalid_state: 0.0719
        Episode_Reward/base_height_fine: 1.4486
        Episode_Reward/joint_torques_l2: -0.3559
         Episode_Reward/ground_unloaded: -0.2459
        Episode_Reward/joint_pos_limits: -0.0062
     Episode_Reward/completely_airborne: -5.3436
           Episode_Reward/body_velocity: -7.9802
          Curriculum/polish_ground_slam: -1.0000
             Episode_Reward/ground_slam: -2.7240
               Episode_Reward/flat_feet: -0.6890
         Curriculum/polish_joint_vel_l2: -0.0010
        Episode_Reward/joint_vel_limits: -0.0010
        Episode_Reward/action_rate_rate: -6.7896
         Episode_Reward/severely_tilted: -0.0385
--------------------------------------------------------------------------------
                         Iteration time: 1.18s
                           Time elapsed: 0:00:13
                                    ETA: 0:01:06

################################################################################
[1m                            Learning iteration 10/60                            [0m 

                               Run name: height_tracking_g1
                            Total steps: 1081344 
                       Steps per second: 83366 
                        Collection time: 0.947s 
                          Learning time: 0.232s 
                        Mean value loss: 6.7529
                    Mean surrogate loss: -0.0115
                      Mean entropy loss: 40.5058
                     Mean symmetry loss: 0.0007
                   Mean l2c2_actor loss: 0.0027
                  Mean l2c2_critic loss: 0.0210
                            Mean reward: -825.62
                    Mean episode length: 224.28
                        Mean action std: 0.98
                    Entropy coefficient: 0.002500
    Episode_Reward/joint_tracking_error: -1.6822
           Episode_Reward/feet_yaw_mean: -0.4364
 Episode_Reward/joint_deviation_l1_arms: -0.2693
              Episode_Reward/feet_slide: -0.3113
              Episode_Reward/torso_roll: -0.6410
           Episode_Reward/feet_distance: -0.2053
           Episode_Reward/ankle_torques: -0.0859
           Episode_Termination/time_out: 0.3095
      Episode_Reward/joint_deviation_l1: -0.4023
           Episode_Reward/torque_limits: -0.5134
              Episode_Reward/torso_slam: -3.9577
             Episode_Reward/action_rate: -16.5906
           Curriculum/polish_not_moving: -1.0000
           Episode_Reward/forward_pitch: -0.4027
           Curriculum/polish_torso_slam: -5.0000
              Curriculum/terrain_levels: 0.0000
            Episode_Reward/joint_vel_l2: -0.6165
      Episode_Reward/base_height_medium: 1.0770
        Curriculum/random_fallen_states: 0.0000
               Curriculum/adaptive_lift: 0.9827
            Episode_Reward/joint_acc_l2: -0.0497
     Curriculum/polish_action_rate_rate: -0.1500
       Episode_Reward/base_height_rough: 0.6990
              Episode_Reward/not_moving: -1.5166
  Episode_Reward/feet_distance_standing: -0.1761
        Episode_Reward/illegal_contacts: -0.1387
              Episode_Reward/relaxation: -2.9917
           Episode_Reward/torso_upright: -0.0167
            Metrics/height/height_error: 0.1199
      Episode_Termination/invalid_state: 0.0784
        Episode_Reward/base_height_fine: 1.7256
        Episode_Reward/joint_torques_l2: -0.3926
         Episode_Reward/ground_unloaded: -0.2853
        Episode_Reward/joint_pos_limits: -0.0069
     Episode_Reward/completely_airborne: -5.7851
           Episode_Reward/body_velocity: -8.5585
          Curriculum/polish_ground_slam: -1.0000
             Episode_Reward/ground_slam: -3.0760
               Episode_Reward/flat_feet: -0.7626
         Curriculum/polish_joint_vel_l2: -0.0010
        Episode_Reward/joint_vel_limits: -0.0011
        Episode_Reward/action_rate_rate: -7.4250
         Episode_Reward/severely_tilted: -0.0447
--------------------------------------------------------------------------------
                         Iteration time: 1.18s
                           Time elapsed: 0:00:14
                                    ETA: 0:01:04

################################################################################
[1m                            Learning iteration 11/60                            [0m 

                               Run name: height_tracking_g1
                            Total steps: 1179648 
                       Steps per second: 83456 
                        Collection time: 0.945s 
                          Learning time: 0.232s 
                        Mean value loss: 6.1852
                    Mean surrogate loss: -0.0104
                      Mean entropy loss: 40.4216
                     Mean symmetry loss: 0.0008
                   Mean l2c2_actor loss: 0.0027
                  Mean l2c2_critic loss: 0.0225
                            Mean reward: -910.81
                    Mean episode length: 253.36
                        Mean action std: 0.98
                    Entropy coefficient: 0.002500
    Episode_Reward/joint_tracking_error: -1.8182
           Episode_Reward/feet_yaw_mean: -0.4571
 Episode_Reward/joint_deviation_l1_arms: -0.2660
              Episode_Reward/feet_slide: -0.3345
              Episode_Reward/torso_roll: -0.7333
           Episode_Reward/feet_distance: -0.2324
           Episode_Reward/ankle_torques: -0.0862
           Episode_Termination/time_out: 0.3406
      Episode_Reward/joint_deviation_l1: -0.3973
           Episode_Reward/torque_limits: -0.5591
              Episode_Reward/torso_slam: -4.2941
             Episode_Reward/action_rate: -18.5008
           Curriculum/polish_not_moving: -1.0000
           Episode_Reward/forward_pitch: -0.4331
           Curriculum/polish_torso_slam: -5.0000
              Curriculum/terrain_levels: 0.0000
            Episode_Reward/joint_vel_l2: -0.6692
      Episode_Reward/base_height_medium: 1.0970
        Curriculum/random_fallen_states: 0.0000
               Curriculum/adaptive_lift: 0.9827
            Episode_Reward/joint_acc_l2: -0.0546
     Curriculum/polish_action_rate_rate: -0.1500
       Episode_Reward/base_height_rough: 0.7413
              Episode_Reward/not_moving: -1.5413
  Episode_Reward/feet_distance_standing: -0.1892
        Episode_Reward/illegal_contacts: -0.1508
              Episode_Reward/relaxation: -3.9219
           Episode_Reward/torso_upright: -0.0153
            Metrics/height/height_error: 0.1102
      Episode_Termination/invalid_state: 0.0837
        Episode_Reward/base_height_fine: 1.7248
        Episode_Reward/joint_torques_l2: -0.4349
         Episode_Reward/ground_unloaded: -0.2893
        Episode_Reward/joint_pos_limits: -0.0075
     Episode_Reward/completely_airborne: -6.4218
           Episode_Reward/body_velocity: -8.9175
          Curriculum/polish_ground_slam: -1.0000
             Episode_Reward/ground_slam: -3.2998
               Episode_Reward/flat_feet: -0.8559
         Curriculum/polish_joint_vel_l2: -0.0010
        Episode_Reward/joint_vel_limits: -0.0012
        Episode_Reward/action_rate_rate: -8.2806
         Episode_Reward/severely_tilted: -0.0407
--------------------------------------------------------------------------------
                         Iteration time: 1.18s
                           Time elapsed: 0:00:15
                                    ETA: 0:01:02

################################################################################
[1m                            Learning iteration 12/60                            [0m 

                               Run name: height_tracking_g1
                            Total steps: 1277952 
                       Steps per second: 83422 
                        Collection time: 0.946s 
                          Learning time: 0.232s 
                        Mean value loss: 5.9909
                    Mean surrogate loss: -0.0118
                      Mean entropy loss: 40.3976
                     Mean symmetry loss: 0.0008
                   Mean l2c2_actor loss: 0.0029
                  Mean l2c2_critic loss: 0.0245
                            Mean reward: -937.90
                    Mean episode length: 267.18
                        Mean action std: 0.97
                    Entropy coefficient: 0.002500
    Episode_Reward/joint_tracking_error: -1.9352
           Episode_Reward/feet_yaw_mean: -0.4859
 Episode_Reward/joint_deviation_l1_arms: -0.3220
              Episode_Reward/feet_slide: -0.3678
              Episode_Reward/torso_roll: -0.7456
           Episode_Reward/feet_distance: -0.2341
           Episode_Reward/ankle_torques: -0.0955
           Episode_Termination/time_out: 0.3677
      Episode_Reward/joint_deviation_l1: -0.4852
           Episode_Reward/torque_limits: -0.5825
              Episode_Reward/torso_slam: -4.3061
             Episode_Reward/action_rate: -19.8521
           Curriculum/polish_not_moving: -1.0000
           Episode_Reward/forward_pitch: -0.4892
           Curriculum/polish_torso_slam: -5.0000
              Curriculum/terrain_levels: 0.0000
            Episode_Reward/joint_vel_l2: -0.7219
      Episode_Reward/base_height_medium: 1.2732
        Curriculum/random_fallen_states: 0.0000
               Curriculum/adaptive_lift: 0.9823
            Episode_Reward/joint_acc_l2: -0.0574
     Curriculum/polish_action_rate_rate: -0.1500
       Episode_Reward/base_height_rough: 0.8360
              Episode_Reward/not_moving: -1.7965
  Episode_Reward/feet_distance_standing: -0.2084
        Episode_Reward/illegal_contacts: -0.1652
              Episode_Reward/relaxation: -3.6288
           Episode_Reward/torso_upright: -0.0226
            Metrics/height/height_error: 0.1061
      Episode_Termination/invalid_state: 0.0903
        Episode_Reward/base_height_fine: 2.0350
        Episode_Reward/joint_torques_l2: -0.4579
         Episode_Reward/ground_unloaded: -0.3312
        Episode_Reward/joint_pos_limits: -0.0079
     Episode_Reward/completely_airborne: -6.9304
           Episode_Reward/body_velocity: -9.1817
          Curriculum/polish_ground_slam: -1.0000
             Episode_Reward/ground_slam: -3.2422
               Episode_Reward/flat_feet: -0.8985
         Curriculum/polish_joint_vel_l2: -0.0010
        Episode_Reward/joint_vel_limits: -0.0013
        Episode_Reward/action_rate_rate: -8.8818
         Episode_Reward/severely_tilted: -0.0439
--------------------------------------------------------------------------------
                         Iteration time: 1.18s
                           Time elapsed: 0:00:16
                                    ETA: 0:01:00

################################################################################
[1m                            Learning iteration 13/60                            [0m 

                               Run name: height_tracking_g1
                            Total steps: 1376256 
                       Steps per second: 83739 
                        Collection time: 0.942s 
                          Learning time: 0.232s 
                        Mean value loss: 5.6912
                    Mean surrogate loss: -0.0105
                      Mean entropy loss: 40.3326
                     Mean symmetry loss: 0.0009
                   Mean l2c2_actor loss: 0.0029
                  Mean l2c2_critic loss: 0.0232
                            Mean reward: -1037.40
                    Mean episode length: 302.04
                        Mean action std: 0.97
                    Entropy coefficient: 0.002500
    Episode_Reward/joint_tracking_error: -2.1212
           Episode_Reward/feet_yaw_mean: -0.5367
 Episode_Reward/joint_deviation_l1_arms: -0.3052
              Episode_Reward/feet_slide: -0.4026
              Episode_Reward/torso_roll: -0.8720
           Episode_Reward/feet_distance: -0.2714
           Episode_Reward/ankle_torques: -0.1091
           Episode_Termination/time_out: 0.3982
      Episode_Reward/joint_deviation_l1: -0.4635
           Episode_Reward/torque_limits: -0.6525
              Episode_Reward/torso_slam: -4.5197
             Episode_Reward/action_rate: -22.4395
           Curriculum/polish_not_moving: -1.0000
           Episode_Reward/forward_pitch: -0.5707
           Curriculum/polish_torso_slam: -5.0000
              Curriculum/terrain_levels: 0.0000
            Episode_Reward/joint_vel_l2: -0.7716
      Episode_Reward/base_height_medium: 1.3800
        Curriculum/random_fallen_states: 0.0000
               Curriculum/adaptive_lift: 0.9823
            Episode_Reward/joint_acc_l2: -0.0631
     Curriculum/polish_action_rate_rate: -0.1500
       Episode_Reward/base_height_rough: 0.9139
              Episode_Reward/not_moving: -1.8575
  Episode_Reward/feet_distance_standing: -0.2042
        Episode_Reward/illegal_contacts: -0.1928
              Episode_Reward/relaxation: -4.2742
           Episode_Reward/torso_upright: -0.0209
            Metrics/height/height_error: 0.1195
      Episode_Termination/invalid_state: 0.0944
        Episode_Reward/base_height_fine: 2.1867
        Episode_Reward/joint_torques_l2: -0.5163
         Episode_Reward/ground_unloaded: -0.3639
        Episode_Reward/joint_pos_limits: -0.0085
     Episode_Reward/completely_airborne: -7.5310
           Episode_Reward/body_velocity: -9.0251
          Curriculum/polish_ground_slam: -1.0000
             Episode_Reward/ground_slam: -3.3382
               Episode_Reward/flat_feet: -1.0393
         Curriculum/polish_joint_vel_l2: -0.0010
        Episode_Reward/joint_vel_limits: -0.0013
        Episode_Reward/action_rate_rate: -10.0482
         Episode_Reward/severely_tilted: -0.0358
--------------------------------------------------------------------------------
                         Iteration time: 1.17s
                           Time elapsed: 0:00:17
                                    ETA: 0:00:58

################################################################################
[1m                            Learning iteration 14/60                            [0m 

                               Run name: height_tracking_g1
                            Total steps: 1474560 
                       Steps per second: 82829 
                        Collection time: 0.955s 
                          Learning time: 0.232s 
                        Mean value loss: 5.3975
                    Mean surrogate loss: -0.0113
                      Mean entropy loss: 40.2640
                     Mean symmetry loss: 0.0010
                   Mean l2c2_actor loss: 0.0029
                  Mean l2c2_critic loss: 0.0198
                            Mean reward: -994.25
                    Mean episode length: 285.58
                        Mean action std: 0.97
                    Entropy coefficient: 0.002500
    Episode_Reward/joint_tracking_error: -1.9879
           Episode_Reward/feet_yaw_mean: -0.4891
 Episode_Reward/joint_deviation_l1_arms: -0.3008
              Episode_Reward/feet_slide: -0.3723
              Episode_Reward/torso_roll: -0.8123
           Episode_Reward/feet_distance: -0.2383
           Episode_Reward/ankle_torques: -0.1014
           Episode_Termination/time_out: 0.4253
      Episode_Reward/joint_deviation_l1: -0.4480
           Episode_Reward/torque_limits: -0.6179
              Episode_Reward/torso_slam: -4.3730
             Episode_Reward/action_rate: -20.6668
           Curriculum/polish_not_moving: -1.0000
           Episode_Reward/forward_pitch: -0.5346
           Curriculum/polish_torso_slam: -5.0000
              Curriculum/terrain_levels: 0.0000
            Episode_Reward/joint_vel_l2: -0.7366
      Episode_Reward/base_height_medium: 1.1467
        Curriculum/random_fallen_states: 0.0000
               Curriculum/adaptive_lift: 0.9822
            Episode_Reward/joint_acc_l2: -0.0600
     Curriculum/polish_action_rate_rate: -0.1500
       Episode_Reward/base_height_rough: 0.7836
              Episode_Reward/not_moving: -1.5876
  Episode_Reward/feet_distance_standing: -0.1936
        Episode_Reward/illegal_contacts: -0.1824
              Episode_Reward/relaxation: -4.9526
           Episode_Reward/torso_upright: -0.0204
            Metrics/height/height_error: 0.0898
      Episode_Termination/invalid_state: 0.1000
        Episode_Reward/base_height_fine: 1.8101
        Episode_Reward/joint_torques_l2: -0.4804
         Episode_Reward/ground_unloaded: -0.2913
        Episode_Reward/joint_pos_limits: -0.0080
     Episode_Reward/completely_airborne: -7.1572
           Episode_Reward/body_velocity: -9.2393
          Curriculum/polish_ground_slam: -1.0000
             Episode_Reward/ground_slam: -3.2702
               Episode_Reward/flat_feet: -0.9602
         Curriculum/polish_joint_vel_l2: -0.0010
        Episode_Reward/joint_vel_limits: -0.0013
        Episode_Reward/action_rate_rate: -9.2429
         Episode_Reward/severely_tilted: -0.0414
--------------------------------------------------------------------------------
                         Iteration time: 1.19s
                           Time elapsed: 0:00:19
                                    ETA: 0:00:57

################################################################################
[1m                            Learning iteration 15/60                            [0m 

                               Run name: height_tracking_g1
                            Total steps: 1572864 
                       Steps per second: 83438 
                        Collection time: 0.946s 
                          Learning time: 0.232s 
                        Mean value loss: 5.1584
                    Mean surrogate loss: -0.0097
                      Mean entropy loss: 40.1808
                     Mean symmetry loss: 0.0010
                   Mean l2c2_actor loss: 0.0030
                  Mean l2c2_critic loss: 0.0153
                            Mean reward: -1126.70
                    Mean episode length: 325.40
                        Mean action std: 0.97
                    Entropy coefficient: 0.002500
    Episode_Reward/joint_tracking_error: -2.2710
           Episode_Reward/feet_yaw_mean: -0.5475
 Episode_Reward/joint_deviation_l1_arms: -0.3494
              Episode_Reward/feet_slide: -0.4283
              Episode_Reward/torso_roll: -0.9185
           Episode_Reward/feet_distance: -0.2737
           Episode_Reward/ankle_torques: -0.1118
           Episode_Termination/time_out: 0.4533
      Episode_Reward/joint_deviation_l1: -0.5335
           Episode_Reward/torque_limits: -0.6931
              Episode_Reward/torso_slam: -4.6268
             Episode_Reward/action_rate: -23.3863
           Curriculum/polish_not_moving: -1.0000
           Episode_Reward/forward_pitch: -0.5909
           Curriculum/polish_torso_slam: -5.0000
              Curriculum/terrain_levels: 0.0000
            Episode_Reward/joint_vel_l2: -0.8314
      Episode_Reward/base_height_medium: 1.3796
        Curriculum/random_fallen_states: 0.0000
               Curriculum/adaptive_lift: 0.9812
            Episode_Reward/joint_acc_l2: -0.0667
     Curriculum/polish_action_rate_rate: -0.1500
       Episode_Reward/base_height_rough: 0.9336
              Episode_Reward/not_moving: -1.9450
  Episode_Reward/feet_distance_standing: -0.2258
        Episode_Reward/illegal_contacts: -0.1975
              Episode_Reward/relaxation: -4.7334
           Episode_Reward/torso_upright: -0.0262
            Metrics/height/height_error: 0.1227
      Episode_Termination/invalid_state: 0.1044
        Episode_Reward/base_height_fine: 2.1932
        Episode_Reward/joint_torques_l2: -0.5400
         Episode_Reward/ground_unloaded: -0.3709
        Episode_Reward/joint_pos_limits: -0.0092
     Episode_Reward/completely_airborne: -8.1920
           Episode_Reward/body_velocity: -10.2525
          Curriculum/polish_ground_slam: -1.0000
             Episode_Reward/ground_slam: -3.7054
               Episode_Reward/flat_feet: -1.0781
         Curriculum/polish_joint_vel_l2: -0.0010
        Episode_Reward/joint_vel_limits: -0.0014
        Episode_Reward/action_rate_rate: -10.4590
         Episode_Reward/severely_tilted: -0.0507
--------------------------------------------------------------------------------
                         Iteration time: 1.18s
                           Time elapsed: 0:00:20
                                    ETA: 0:00:55

################################################################################
[1m                            Learning iteration 16/60                            [0m 

                               Run name: height_tracking_g1
                            Total steps: 1671168 
                       Steps per second: 83455 
                        Collection time: 0.946s 
                          Learning time: 0.232s 
                        Mean value loss: 5.0569
                    Mean surrogate loss: -0.0115
                      Mean entropy loss: 40.1614
                     Mean symmetry loss: 0.0011
                   Mean l2c2_actor loss: 0.0031
                  Mean l2c2_critic loss: 0.0169
                            Mean reward: -1205.50
                    Mean episode length: 343.22
                        Mean action std: 0.97
                    Entropy coefficient: 0.002500
    Episode_Reward/joint_tracking_error: -2.3946
           Episode_Reward/feet_yaw_mean: -0.6298
 Episode_Reward/joint_deviation_l1_arms: -0.3764
              Episode_Reward/feet_slide: -0.4452
              Episode_Reward/torso_roll: -0.9655
           Episode_Reward/feet_distance: -0.2844
           Episode_Reward/ankle_torques: -0.1236
           Episode_Termination/time_out: 0.4775
      Episode_Reward/joint_deviation_l1: -0.5705
           Episode_Reward/torque_limits: -0.7353
              Episode_Reward/torso_slam: -5.4102
             Episode_Reward/action_rate: -24.7203
           Curriculum/polish_not_moving: -1.0000
           Episode_Reward/forward_pitch: -0.5990
           Curriculum/polish_torso_slam: -5.0000
              Curriculum/terrain_levels: 0.0000
            Episode_Reward/joint_vel_l2: -0.8865
      Episode_Reward/base_height_medium: 1.4281
        Curriculum/random_fallen_states: 0.0000
               Curriculum/adaptive_lift: 0.9811
            Episode_Reward/joint_acc_l2: -0.0715
     Curriculum/polish_action_rate_rate: -0.1500
       Episode_Reward/base_height_rough: 0.9670
              Episode_Reward/not_moving: -1.9546
  Episode_Reward/feet_distance_standing: -0.2373
        Episode_Reward/illegal_contacts: -0.2096
              Episode_Reward/relaxation: -5.5318
           Episode_Reward/torso_upright: -0.0288
            Metrics/height/height_error: 0.1099
      Episode_Termination/invalid_state: 0.1091
        Episode_Reward/base_height_fine: 2.2528
        Episode_Reward/joint_torques_l2: -0.5747
         Episode_Reward/ground_unloaded: -0.3729
        Episode_Reward/joint_pos_limits: -0.0098
     Episode_Reward/completely_airborne: -8.7299
           Episode_Reward/body_velocity: -11.2710
          Curriculum/polish_ground_slam: -1.0000
             Episode_Reward/ground_slam: -3.9599
               Episode_Reward/flat_feet: -1.1746
         Curriculum/polish_joint_vel_l2: -0.0010
        Episode_Reward/joint_vel_limits: -0.0015
        Episode_Reward/action_rate_rate: -11.0578
         Episode_Reward/severely_tilted: -0.0561
--------------------------------------------------------------------------------
                         Iteration time: 1.18s
                           Time elapsed: 0:00:21
                                    ETA: 0:00:54

################################################################################
[1m                            Learning iteration 17/60                            [0m 

                               Run name: height_tracking_g1
                            Total steps: 1769472 
                       Steps per second: 83320 
                        Collection time: 0.948s 
                          Learning time: 0.232s 
                        Mean value loss: 4.7016
                    Mean surrogate loss: -0.0111
                      Mean entropy loss: 40.1033
                     Mean symmetry loss: 0.0011
                   Mean l2c2_actor loss: 0.0031
                  Mean l2c2_critic loss: 0.0140
                            Mean reward: -1195.38
                    Mean episode length: 344.83
                        Mean action std: 0.97
                    Entropy coefficient: 0.002500
    Episode_Reward/joint_tracking_error: -2.4715
           Episode_Reward/feet_yaw_mean: -0.5981
 Episode_Reward/joint_deviation_l1_arms: -0.4343
              Episode_Reward/feet_slide: -0.4835
              Episode_Reward/torso_roll: -0.9678
           Episode_Reward/feet_distance: -0.2940
           Episode_Reward/ankle_torques: -0.1234
           Episode_Termination/time_out: 0.5016
      Episode_Reward/joint_deviation_l1: -0.6815
           Episode_Reward/torque_limits: -0.7622
              Episode_Reward/torso_slam: -5.2229
             Episode_Reward/action_rate: -25.8935
           Curriculum/polish_not_moving: -1.0000
           Episode_Reward/forward_pitch: -0.6492
           Curriculum/polish_torso_slam: -5.0000
              Curriculum/terrain_levels: 0.0000
            Episode_Reward/joint_vel_l2: -0.9170
      Episode_Reward/base_height_medium: 1.8202
        Curriculum/random_fallen_states: 0.0000
               Curriculum/adaptive_lift: 0.9811
            Episode_Reward/joint_acc_l2: -0.0728
     Curriculum/polish_action_rate_rate: -0.1500
       Episode_Reward/base_height_rough: 1.1516
              Episode_Reward/not_moving: -2.6380
  Episode_Reward/feet_distance_standing: -0.2709
        Episode_Reward/illegal_contacts: -0.2120
              Episode_Reward/relaxation: -4.1781
           Episode_Reward/torso_upright: -0.0372
            Metrics/height/height_error: 0.1270
      Episode_Termination/invalid_state: 0.1147
        Episode_Reward/base_height_fine: 3.0129
        Episode_Reward/joint_torques_l2: -0.5925
         Episode_Reward/ground_unloaded: -0.4662
        Episode_Reward/joint_pos_limits: -0.0101
     Episode_Reward/completely_airborne: -9.3585
           Episode_Reward/body_velocity: -11.7045
          Curriculum/polish_ground_slam: -1.0000
             Episode_Reward/ground_slam: -4.1137
               Episode_Reward/flat_feet: -1.1532
         Curriculum/polish_joint_vel_l2: -0.0010
        Episode_Reward/joint_vel_limits: -0.0016
        Episode_Reward/action_rate_rate: -11.5901
         Episode_Reward/severely_tilted: -0.0522
--------------------------------------------------------------------------------
                         Iteration time: 1.18s
                           Time elapsed: 0:00:22
                                    ETA: 0:00:52

################################################################################
[1m                            Learning iteration 18/60                            [0m 

                               Run name: height_tracking_g1
                            Total steps: 1867776 
                       Steps per second: 83496 
                        Collection time: 0.945s 
                          Learning time: 0.232s 
                        Mean value loss: 4.5707
                    Mean surrogate loss: -0.0101
                      Mean entropy loss: 40.0509
                     Mean symmetry loss: 0.0011
                   Mean l2c2_actor loss: 0.0031
                  Mean l2c2_critic loss: 0.0133
                            Mean reward: -1286.89
                    Mean episode length: 385.31
                        Mean action std: 0.96
                    Entropy coefficient: 0.002500
    Episode_Reward/joint_tracking_error: -2.6431
           Episode_Reward/feet_yaw_mean: -0.6496
 Episode_Reward/joint_deviation_l1_arms: -0.4456
              Episode_Reward/feet_slide: -0.4970
              Episode_Reward/torso_roll: -1.0548
           Episode_Reward/feet_distance: -0.3178
           Episode_Reward/ankle_torques: -0.1383
           Episode_Termination/time_out: 0.5213
      Episode_Reward/joint_deviation_l1: -0.6952
           Episode_Reward/torque_limits: -0.8123
              Episode_Reward/torso_slam: -5.4913
             Episode_Reward/action_rate: -27.5213
           Curriculum/polish_not_moving: -1.0000
           Episode_Reward/forward_pitch: -0.6190
           Curriculum/polish_torso_slam: -5.0000
              Curriculum/terrain_levels: 0.0000
            Episode_Reward/joint_vel_l2: -0.9988
      Episode_Reward/base_height_medium: 1.8959
        Curriculum/random_fallen_states: 0.0000
               Curriculum/adaptive_lift: 0.9811
            Episode_Reward/joint_acc_l2: -0.0801
     Curriculum/polish_action_rate_rate: -0.1500
       Episode_Reward/base_height_rough: 1.2281
              Episode_Reward/not_moving: -2.7083
  Episode_Reward/feet_distance_standing: -0.2740
        Episode_Reward/illegal_contacts: -0.2203
              Episode_Reward/relaxation: -4.4169
           Episode_Reward/torso_upright: -0.0374
            Metrics/height/height_error: 0.1447
      Episode_Termination/invalid_state: 0.1206
        Episode_Reward/base_height_fine: 3.0554
        Episode_Reward/joint_torques_l2: -0.6362
         Episode_Reward/ground_unloaded: -0.4894
        Episode_Reward/joint_pos_limits: -0.0109
     Episode_Reward/completely_airborne: -9.8993
           Episode_Reward/body_velocity: -12.2053
          Curriculum/polish_ground_slam: -1.0000
             Episode_Reward/ground_slam: -4.1627
               Episode_Reward/flat_feet: -1.2517
         Curriculum/polish_joint_vel_l2: -0.0010
        Episode_Reward/joint_vel_limits: -0.0018
        Episode_Reward/action_rate_rate: -12.3046
         Episode_Reward/severely_tilted: -0.0513
--------------------------------------------------------------------------------
                         Iteration time: 1.18s
                           Time elapsed: 0:00:23
                                    ETA: 0:00:51

################################################################################
[1m                            Learning iteration 19/60                            [0m 

                               Run name: height_tracking_g1
                            Total steps: 1966080 
                       Steps per second: 83543 
                        Collection time: 0.944s 
                          Learning time: 0.232s 
                        Mean value loss: 4.3444
                    Mean surrogate loss: -0.0100
                      Mean entropy loss: 40.0235
                     Mean symmetry loss: 0.0012
                   Mean l2c2_actor loss: 0.0032
                  Mean l2c2_critic loss: 0.0141
                            Mean reward: -1292.64
                    Mean episode length: 394.97
                        Mean action std: 0.96
                    Entropy coefficient: 0.002500
    Episode_Reward/joint_tracking_error: -2.6727
           Episode_Reward/feet_yaw_mean: -0.6118
 Episode_Reward/joint_deviation_l1_arms: -0.3911
              Episode_Reward/feet_slide: -0.5157
              Episode_Reward/torso_roll: -1.1026
           Episode_Reward/feet_distance: -0.3240
           Episode_Reward/ankle_torques: -0.1426
           Episode_Termination/time_out: 0.5451
      Episode_Reward/joint_deviation_l1: -0.6039
           Episode_Reward/torque_limits: -0.8247
              Episode_Reward/torso_slam: -5.2670
             Episode_Reward/action_rate: -28.5025
           Curriculum/polish_not_moving: -1.0000
           Episode_Reward/forward_pitch: -0.7425
           Curriculum/polish_torso_slam: -5.0000
              Curriculum/terrain_levels: 0.0000
            Episode_Reward/joint_vel_l2: -0.9942
      Episode_Reward/base_height_medium: 1.7706
        Curriculum/random_fallen_states: 0.0000
               Curriculum/adaptive_lift: 0.9811
            Episode_Reward/joint_acc_l2: -0.0802
     Curriculum/polish_action_rate_rate: -0.1500
       Episode_Reward/base_height_rough: 1.1868
              Episode_Reward/not_moving: -2.4570
  Episode_Reward/feet_distance_standing: -0.2512
        Episode_Reward/illegal_contacts: -0.2604
              Episode_Reward/relaxation: -5.9961
           Episode_Reward/torso_upright: -0.0346
            Metrics/height/height_error: 0.1050
      Episode_Termination/invalid_state: 0.1248
        Episode_Reward/base_height_fine: 2.8157
        Episode_Reward/joint_torques_l2: -0.6593
         Episode_Reward/ground_unloaded: -0.4414
        Episode_Reward/joint_pos_limits: -0.0109
     Episode_Reward/completely_airborne: -9.9021
           Episode_Reward/body_velocity: -11.0308
          Curriculum/polish_ground_slam: -1.0000
             Episode_Reward/ground_slam: -4.1241
               Episode_Reward/flat_feet: -1.3500
         Curriculum/polish_joint_vel_l2: -0.0010
        Episode_Reward/joint_vel_limits: -0.0016
        Episode_Reward/action_rate_rate: -12.7411
         Episode_Reward/severely_tilted: -0.0520
--------------------------------------------------------------------------------
                         Iteration time: 1.18s
                           Time elapsed: 0:00:25
                                    ETA: 0:00:50

################################################################################
[1m                            Learning iteration 20/60                            [0m 

                               Run name: height_tracking_g1
                            Total steps: 2064384 
                       Steps per second: 83372 
                        Collection time: 0.947s 
                          Learning time: 0.232s 
                        Mean value loss: 4.1038
                    Mean surrogate loss: -0.0098
                      Mean entropy loss: 39.9572
                     Mean symmetry loss: 0.0013
                   Mean l2c2_actor loss: 0.0032
                  Mean l2c2_critic loss: 0.0155
                            Mean reward: -1465.29
                    Mean episode length: 433.69
                        Mean action std: 0.96
                    Entropy coefficient: 0.002500
    Episode_Reward/joint_tracking_error: -3.0270
           Episode_Reward/feet_yaw_mean: -0.7486
 Episode_Reward/joint_deviation_l1_arms: -0.4488
              Episode_Reward/feet_slide: -0.5723
              Episode_Reward/torso_roll: -1.2498
           Episode_Reward/feet_distance: -0.3786
           Episode_Reward/ankle_torques: -0.1476
           Episode_Termination/time_out: 0.5662
      Episode_Reward/joint_deviation_l1: -0.6733
           Episode_Reward/torque_limits: -0.9266
              Episode_Reward/torso_slam: -6.5210
             Episode_Reward/action_rate: -31.4234
           Curriculum/polish_not_moving: -1.0000
           Episode_Reward/forward_pitch: -0.8093
           Curriculum/polish_torso_slam: -5.0000
              Curriculum/terrain_levels: 0.0000
            Episode_Reward/joint_vel_l2: -1.1291
      Episode_Reward/base_height_medium: 1.9274
        Curriculum/random_fallen_states: 0.0000
               Curriculum/adaptive_lift: 0.9811
            Episode_Reward/joint_acc_l2: -0.0915
     Curriculum/polish_action_rate_rate: -0.1500
       Episode_Reward/base_height_rough: 1.2853
              Episode_Reward/not_moving: -2.7271
  Episode_Reward/feet_distance_standing: -0.3163
        Episode_Reward/illegal_contacts: -0.2951
              Episode_Reward/relaxation: -6.0975
           Episode_Reward/torso_upright: -0.0306
            Metrics/height/height_error: 0.1503
      Episode_Termination/invalid_state: 0.1289
        Episode_Reward/base_height_fine: 3.0720
        Episode_Reward/joint_torques_l2: -0.7386
         Episode_Reward/ground_unloaded: -0.5243
        Episode_Reward/joint_pos_limits: -0.0125
     Episode_Reward/completely_airborne: -10.8716
           Episode_Reward/body_velocity: -13.4761
          Curriculum/polish_ground_slam: -1.0000
             Episode_Reward/ground_slam: -4.7542
               Episode_Reward/flat_feet: -1.5163
         Curriculum/polish_joint_vel_l2: -0.0010
        Episode_Reward/joint_vel_limits: -0.0020
        Episode_Reward/action_rate_rate: -14.0443
         Episode_Reward/severely_tilted: -0.0635
--------------------------------------------------------------------------------
                         Iteration time: 1.18s
                           Time elapsed: 0:00:26
                                    ETA: 0:00:48

################################################################################
[1m                            Learning iteration 21/60                            [0m 

                               Run name: height_tracking_g1
                            Total steps: 2162688 
                       Steps per second: 83479 
                        Collection time: 0.946s 
                          Learning time: 0.232s 
                        Mean value loss: 3.8816
                    Mean surrogate loss: -0.0099
                      Mean entropy loss: 39.8964
                     Mean symmetry loss: 0.0013
                   Mean l2c2_actor loss: 0.0033
                  Mean l2c2_critic loss: 0.0145
                            Mean reward: -1498.30
                    Mean episode length: 454.91
                        Mean action std: 0.96
                    Entropy coefficient: 0.002500
    Episode_Reward/joint_tracking_error: -3.1256
           Episode_Reward/feet_yaw_mean: -0.7769
 Episode_Reward/joint_deviation_l1_arms: -0.4779
              Episode_Reward/feet_slide: -0.6184
              Episode_Reward/torso_roll: -1.2829
           Episode_Reward/feet_distance: -0.3926
           Episode_Reward/ankle_torques: -0.1539
           Episode_Termination/time_out: 0.5904
      Episode_Reward/joint_deviation_l1: -0.7418
           Episode_Reward/torque_limits: -0.9696
              Episode_Reward/torso_slam: -6.5701
             Episode_Reward/action_rate: -33.0938
           Curriculum/polish_not_moving: -1.0000
           Episode_Reward/forward_pitch: -0.8184
           Curriculum/polish_torso_slam: -5.0000
              Curriculum/terrain_levels: 0.0000
            Episode_Reward/joint_vel_l2: -1.1644
      Episode_Reward/base_height_medium: 2.1949
        Curriculum/random_fallen_states: 0.0000
               Curriculum/adaptive_lift: 0.9811
            Episode_Reward/joint_acc_l2: -0.0975
     Curriculum/polish_action_rate_rate: -0.1500
       Episode_Reward/base_height_rough: 1.4454
              Episode_Reward/not_moving: -2.9929
  Episode_Reward/feet_distance_standing: -0.3200
        Episode_Reward/illegal_contacts: -0.2906
              Episode_Reward/relaxation: -6.4293
           Episode_Reward/torso_upright: -0.0437
            Metrics/height/height_error: 0.1314
      Episode_Termination/invalid_state: 0.1337
        Episode_Reward/base_height_fine: 3.5140
        Episode_Reward/joint_torques_l2: -0.7760
         Episode_Reward/ground_unloaded: -0.5388
        Episode_Reward/joint_pos_limits: -0.0127
     Episode_Reward/completely_airborne: -11.5868
           Episode_Reward/body_velocity: -13.3452
          Curriculum/polish_ground_slam: -1.0000
             Episode_Reward/ground_slam: -4.9270
               Episode_Reward/flat_feet: -1.5575
         Curriculum/polish_joint_vel_l2: -0.0010
        Episode_Reward/joint_vel_limits: -0.0019
        Episode_Reward/action_rate_rate: -14.8042
         Episode_Reward/severely_tilted: -0.0513
--------------------------------------------------------------------------------
                         Iteration time: 1.18s
                           Time elapsed: 0:00:27
                                    ETA: 0:00:47

################################################################################
[1m                            Learning iteration 22/60                            [0m 

                               Run name: height_tracking_g1
                            Total steps: 2260992 
                       Steps per second: 83650 
                        Collection time: 0.943s 
                          Learning time: 0.232s 
                        Mean value loss: 3.7805
                    Mean surrogate loss: -0.0090
                      Mean entropy loss: 39.8384
                     Mean symmetry loss: 0.0013
                   Mean l2c2_actor loss: 0.0034
                  Mean l2c2_critic loss: 0.0165
                            Mean reward: -1445.03
                    Mean episode length: 439.30
                        Mean action std: 0.96
                    Entropy coefficient: 0.002500
    Episode_Reward/joint_tracking_error: -3.1093
           Episode_Reward/feet_yaw_mean: -0.6974
 Episode_Reward/joint_deviation_l1_arms: -0.4370
              Episode_Reward/feet_slide: -0.6098
              Episode_Reward/torso_roll: -1.3272
           Episode_Reward/feet_distance: -0.3764
           Episode_Reward/ankle_torques: -0.1693
           Episode_Termination/time_out: 0.6201
      Episode_Reward/joint_deviation_l1: -0.6654
           Episode_Reward/torque_limits: -0.9668
              Episode_Reward/torso_slam: -6.8574
             Episode_Reward/action_rate: -33.3704
           Curriculum/polish_not_moving: -1.0000
           Episode_Reward/forward_pitch: -0.8594
           Curriculum/polish_torso_slam: -5.0000
              Curriculum/terrain_levels: 0.0000
            Episode_Reward/joint_vel_l2: -1.1432
      Episode_Reward/base_height_medium: 2.1061
        Curriculum/random_fallen_states: 0.0000
               Curriculum/adaptive_lift: 0.9811
            Episode_Reward/joint_acc_l2: -0.0970
     Curriculum/polish_action_rate_rate: -0.1500
       Episode_Reward/base_height_rough: 1.3838
              Episode_Reward/not_moving: -2.9147
  Episode_Reward/feet_distance_standing: -0.2738
        Episode_Reward/illegal_contacts: -0.3005
              Episode_Reward/relaxation: -6.8865
           Episode_Reward/torso_upright: -0.0358
            Metrics/height/height_error: 0.1177
      Episode_Termination/invalid_state: 0.1378
        Episode_Reward/base_height_fine: 3.3913
        Episode_Reward/joint_torques_l2: -0.7837
         Episode_Reward/ground_unloaded: -0.5364
        Episode_Reward/joint_pos_limits: -0.0128
     Episode_Reward/completely_airborne: -11.4239
           Episode_Reward/body_velocity: -13.3644
          Curriculum/polish_ground_slam: -1.0000
             Episode_Reward/ground_slam: -5.0551
               Episode_Reward/flat_feet: -1.5943
         Curriculum/polish_joint_vel_l2: -0.0010
        Episode_Reward/joint_vel_limits: -0.0018
        Episode_Reward/action_rate_rate: -14.9144
         Episode_Reward/severely_tilted: -0.0558
--------------------------------------------------------------------------------
                         Iteration time: 1.18s
                           Time elapsed: 0:00:28
                                    ETA: 0:00:45

################################################################################
[1m                            Learning iteration 23/60                            [0m 

                               Run name: height_tracking_g1
                            Total steps: 2359296 
                       Steps per second: 83752 
                        Collection time: 0.942s 
                          Learning time: 0.232s 
                        Mean value loss: 3.4931
                    Mean surrogate loss: -0.0093
                      Mean entropy loss: 39.8072
                     Mean symmetry loss: 0.0014
                   Mean l2c2_actor loss: 0.0034
                  Mean l2c2_critic loss: 0.0127
                            Mean reward: -1705.57
                    Mean episode length: 522.71
                        Mean action std: 0.96
                    Entropy coefficient: 0.002500
    Episode_Reward/joint_tracking_error: -3.4925
           Episode_Reward/feet_yaw_mean: -0.8004
 Episode_Reward/joint_deviation_l1_arms: -0.4993
              Episode_Reward/feet_slide: -0.6852
              Episode_Reward/torso_roll: -1.4930
           Episode_Reward/feet_distance: -0.4363
           Episode_Reward/ankle_torques: -0.1788
           Episode_Termination/time_out: 0.6457
      Episode_Reward/joint_deviation_l1: -0.7553
           Episode_Reward/torque_limits: -1.0911
              Episode_Reward/torso_slam: -6.6451
             Episode_Reward/action_rate: -37.7394
           Curriculum/polish_not_moving: -1.0000
           Episode_Reward/forward_pitch: -0.9339
           Curriculum/polish_torso_slam: -5.0000
              Curriculum/terrain_levels: 0.0000
            Episode_Reward/joint_vel_l2: -1.2966
      Episode_Reward/base_height_medium: 2.3854
        Curriculum/random_fallen_states: 0.0000
               Curriculum/adaptive_lift: 0.9811
            Episode_Reward/joint_acc_l2: -0.1089
     Curriculum/polish_action_rate_rate: -0.1500
       Episode_Reward/base_height_rough: 1.5892
              Episode_Reward/not_moving: -3.2209
  Episode_Reward/feet_distance_standing: -0.3393
        Episode_Reward/illegal_contacts: -0.3440
              Episode_Reward/relaxation: -8.0821
           Episode_Reward/torso_upright: -0.0462
            Metrics/height/height_error: 0.1310
      Episode_Termination/invalid_state: 0.1426
        Episode_Reward/base_height_fine: 3.7999
        Episode_Reward/joint_torques_l2: -0.8868
         Episode_Reward/ground_unloaded: -0.5934
        Episode_Reward/joint_pos_limits: -0.0142
     Episode_Reward/completely_airborne: -13.0638
           Episode_Reward/body_velocity: -14.0839
          Curriculum/polish_ground_slam: -1.0000
             Episode_Reward/ground_slam: -5.2567
               Episode_Reward/flat_feet: -1.8115
         Curriculum/polish_joint_vel_l2: -0.0010
        Episode_Reward/joint_vel_limits: -0.0021
        Episode_Reward/action_rate_rate: -16.8626
         Episode_Reward/severely_tilted: -0.0578
--------------------------------------------------------------------------------
                         Iteration time: 1.17s
                           Time elapsed: 0:00:29
                                    ETA: 0:00:44

################################################################################
[1m                            Learning iteration 24/60                            [0m 

                               Run name: height_tracking_g1
                            Total steps: 2457600 
                       Steps per second: 84185 
                        Collection time: 0.935s 
                          Learning time: 0.233s 
                        Mean value loss: 3.3512
                    Mean surrogate loss: -0.0098
                      Mean entropy loss: 39.7325
                     Mean symmetry loss: 0.0013
                   Mean l2c2_actor loss: 0.0035
                  Mean l2c2_critic loss: 0.0149
                            Mean reward: -1816.52
                    Mean episode length: 551.40
                        Mean action std: 0.95
                    Entropy coefficient: 0.002500
    Episode_Reward/joint_tracking_error: -3.6504
           Episode_Reward/feet_yaw_mean: -0.8414
 Episode_Reward/joint_deviation_l1_arms: -0.5849
              Episode_Reward/feet_slide: -0.7423
              Episode_Reward/torso_roll: -1.5282
           Episode_Reward/feet_distance: -0.4431
           Episode_Reward/ankle_torques: -0.1868
           Episode_Termination/time_out: 0.6690
      Episode_Reward/joint_deviation_l1: -0.9279
           Episode_Reward/torque_limits: -1.1053
              Episode_Reward/torso_slam: -7.2282
             Episode_Reward/action_rate: -39.7321
           Curriculum/polish_not_moving: -1.0000
           Episode_Reward/forward_pitch: -0.9930
           Curriculum/polish_torso_slam: -5.0000
              Curriculum/terrain_levels: 0.0000
            Episode_Reward/joint_vel_l2: -1.3763
      Episode_Reward/base_height_medium: 2.6026
        Curriculum/random_fallen_states: 0.0000
               Curriculum/adaptive_lift: 0.9811
            Episode_Reward/joint_acc_l2: -0.1076
     Curriculum/polish_action_rate_rate: -0.1500
       Episode_Reward/base_height_rough: 1.6903
              Episode_Reward/not_moving: -3.7849
  Episode_Reward/feet_distance_standing: -0.3804
        Episode_Reward/illegal_contacts: -0.3409
              Episode_Reward/relaxation: -7.9934
           Episode_Reward/torso_upright: -0.0567
            Metrics/height/height_error: 0.1210
      Episode_Termination/invalid_state: 0.1454
        Episode_Reward/base_height_fine: 4.2758
        Episode_Reward/joint_torques_l2: -0.8902
         Episode_Reward/ground_unloaded: -0.6302
        Episode_Reward/joint_pos_limits: -0.0150
     Episode_Reward/completely_airborne: -14.1177
           Episode_Reward/body_velocity: -14.7838
          Curriculum/polish_ground_slam: -1.0000
             Episode_Reward/ground_slam: -5.5933
               Episode_Reward/flat_feet: -1.8305
         Curriculum/polish_joint_vel_l2: -0.0010
        Episode_Reward/joint_vel_limits: -0.0023
        Episode_Reward/action_rate_rate: -17.7587
         Episode_Reward/severely_tilted: -0.0509
--------------------------------------------------------------------------------
                         Iteration time: 1.17s
                           Time elapsed: 0:00:30
                                    ETA: 0:00:43

################################################################################
[1m                            Learning iteration 25/60                            [0m 

                               Run name: height_tracking_g1
                            Total steps: 2555904 
                       Steps per second: 83728 
                        Collection time: 0.942s 
                          Learning time: 0.232s 
                        Mean value loss: 3.3022
                    Mean surrogate loss: -0.0097
                      Mean entropy loss: 39.6989
                     Mean symmetry loss: 0.0014
                   Mean l2c2_actor loss: 0.0035
                  Mean l2c2_critic loss: 0.0155
                            Mean reward: -1759.97
                    Mean episode length: 541.28
                        Mean action std: 0.95
                    Entropy coefficient: 0.002500
    Episode_Reward/joint_tracking_error: -3.5285
           Episode_Reward/feet_yaw_mean: -0.8509
 Episode_Reward/joint_deviation_l1_arms: -0.4994
              Episode_Reward/feet_slide: -0.7020
              Episode_Reward/torso_roll: -1.4986
           Episode_Reward/feet_distance: -0.4599
           Episode_Reward/ankle_torques: -0.1835
           Episode_Termination/time_out: 0.6895
      Episode_Reward/joint_deviation_l1: -0.7615
           Episode_Reward/torque_limits: -1.0763
              Episode_Reward/torso_slam: -7.0962
             Episode_Reward/action_rate: -37.7464
           Curriculum/polish_not_moving: -1.0000
           Episode_Reward/forward_pitch: -0.9463
           Curriculum/polish_torso_slam: -5.0000
              Curriculum/terrain_levels: 0.0000
            Episode_Reward/joint_vel_l2: -1.3207
      Episode_Reward/base_height_medium: 2.5227
        Curriculum/random_fallen_states: 0.0000
               Curriculum/adaptive_lift: 0.9811
            Episode_Reward/joint_acc_l2: -0.1068
     Curriculum/polish_action_rate_rate: -0.1500
       Episode_Reward/base_height_rough: 1.6484
              Episode_Reward/not_moving: -3.4242
  Episode_Reward/feet_distance_standing: -0.3431
        Episode_Reward/illegal_contacts: -0.3506
              Episode_Reward/relaxation: -7.0637
           Episode_Reward/torso_upright: -0.0433
            Metrics/height/height_error: 0.1344
      Episode_Termination/invalid_state: 0.1487
        Episode_Reward/base_height_fine: 4.0442
        Episode_Reward/joint_torques_l2: -0.8683
         Episode_Reward/ground_unloaded: -0.6427
        Episode_Reward/joint_pos_limits: -0.0146
     Episode_Reward/completely_airborne: -12.8206
           Episode_Reward/body_velocity: -14.9572
          Curriculum/polish_ground_slam: -1.0000
             Episode_Reward/ground_slam: -5.4787
               Episode_Reward/flat_feet: -1.8366
         Curriculum/polish_joint_vel_l2: -0.0010
        Episode_Reward/joint_vel_limits: -0.0021
        Episode_Reward/action_rate_rate: -16.8676
         Episode_Reward/severely_tilted: -0.0774
--------------------------------------------------------------------------------
                         Iteration time: 1.17s
                           Time elapsed: 0:00:32
                                    ETA: 0:00:41

################################################################################
[1m                            Learning iteration 26/60                            [0m 

                               Run name: height_tracking_g1
                            Total steps: 2654208 
                       Steps per second: 83340 
                        Collection time: 0.947s 
                          Learning time: 0.233s 
                        Mean value loss: 3.2772
                    Mean surrogate loss: -0.0074
                      Mean entropy loss: 39.6500
                     Mean symmetry loss: 0.0014
                   Mean l2c2_actor loss: 0.0036
                  Mean l2c2_critic loss: 0.0221
                            Mean reward: -1832.22
                    Mean episode length: 576.42
                        Mean action std: 0.95
                    Entropy coefficient: 0.002500
    Episode_Reward/joint_tracking_error: -3.7782
           Episode_Reward/feet_yaw_mean: -0.9165
 Episode_Reward/joint_deviation_l1_arms: -0.5825
              Episode_Reward/feet_slide: -0.7643
              Episode_Reward/torso_roll: -1.5918
           Episode_Reward/feet_distance: -0.4705
           Episode_Reward/ankle_torques: -0.1842
           Episode_Termination/time_out: 0.7129
      Episode_Reward/joint_deviation_l1: -0.9078
           Episode_Reward/torque_limits: -1.1566
              Episode_Reward/torso_slam: -7.2869
             Episode_Reward/action_rate: -40.8266
           Curriculum/polish_not_moving: -1.0000
           Episode_Reward/forward_pitch: -1.0184
           Curriculum/polish_torso_slam: -5.0000
              Curriculum/terrain_levels: 0.0000
            Episode_Reward/joint_vel_l2: -1.4148
      Episode_Reward/base_height_medium: 2.8853
        Curriculum/random_fallen_states: 0.0000
               Curriculum/adaptive_lift: 0.9811
            Episode_Reward/joint_acc_l2: -0.1182
     Curriculum/polish_action_rate_rate: -0.1500
       Episode_Reward/base_height_rough: 1.8516
              Episode_Reward/not_moving: -4.1134
  Episode_Reward/feet_distance_standing: -0.4000
        Episode_Reward/illegal_contacts: -0.3524
              Episode_Reward/relaxation: -7.3792
           Episode_Reward/torso_upright: -0.0533
            Metrics/height/height_error: 0.1349
      Episode_Termination/invalid_state: 0.1525
        Episode_Reward/base_height_fine: 4.7049
        Episode_Reward/joint_torques_l2: -0.9575
         Episode_Reward/ground_unloaded: -0.7147
        Episode_Reward/joint_pos_limits: -0.0157
     Episode_Reward/completely_airborne: -14.5151
           Episode_Reward/body_velocity: -15.5077
          Curriculum/polish_ground_slam: -1.0000
             Episode_Reward/ground_slam: -5.6907
               Episode_Reward/flat_feet: -1.9155
         Curriculum/polish_joint_vel_l2: -0.0010
        Episode_Reward/joint_vel_limits: -0.0023
        Episode_Reward/action_rate_rate: -18.2418
         Episode_Reward/severely_tilted: -0.0629
--------------------------------------------------------------------------------
                         Iteration time: 1.18s
                           Time elapsed: 0:00:33
                                    ETA: 0:00:40

################################################################################
[1m                            Learning iteration 27/60                            [0m 

                               Run name: height_tracking_g1
                            Total steps: 2752512 
                       Steps per second: 83088 
                        Collection time: 0.950s 
                          Learning time: 0.233s 
                        Mean value loss: 3.2624
                    Mean surrogate loss: -0.0085
                      Mean entropy loss: 39.6064
                     Mean symmetry loss: 0.0015
                   Mean l2c2_actor loss: 0.0036
                  Mean l2c2_critic loss: 0.0193
                            Mean reward: -1953.79
                    Mean episode length: 596.99
                        Mean action std: 0.95
                    Entropy coefficient: 0.002500
    Episode_Reward/joint_tracking_error: -4.0421
           Episode_Reward/feet_yaw_mean: -0.9787
 Episode_Reward/joint_deviation_l1_arms: -0.5990
              Episode_Reward/feet_slide: -0.8248
              Episode_Reward/torso_roll: -1.7138
           Episode_Reward/feet_distance: -0.5024
           Episode_Reward/ankle_torques: -0.2041
           Episode_Termination/time_out: 0.7379
      Episode_Reward/joint_deviation_l1: -0.9010
           Episode_Reward/torque_limits: -1.2511
              Episode_Reward/torso_slam: -8.1537
             Episode_Reward/action_rate: -43.1999
           Curriculum/polish_not_moving: -1.0000
           Episode_Reward/forward_pitch: -1.0746
           Curriculum/polish_torso_slam: -5.0000
              Curriculum/terrain_levels: 0.0000
            Episode_Reward/joint_vel_l2: -1.5188
      Episode_Reward/base_height_medium: 2.9192
        Curriculum/random_fallen_states: 0.0000
               Curriculum/adaptive_lift: 0.9811
            Episode_Reward/joint_acc_l2: -0.1203
     Curriculum/polish_action_rate_rate: -0.1500
       Episode_Reward/base_height_rough: 1.8836
              Episode_Reward/not_moving: -4.1685
  Episode_Reward/feet_distance_standing: -0.3866
        Episode_Reward/illegal_contacts: -0.3870
              Episode_Reward/relaxation: -7.9912
           Episode_Reward/torso_upright: -0.0528
            Metrics/height/height_error: 0.1365
      Episode_Termination/invalid_state: 0.1569
        Episode_Reward/base_height_fine: 4.7540
        Episode_Reward/joint_torques_l2: -0.9949
         Episode_Reward/ground_unloaded: -0.7370
        Episode_Reward/joint_pos_limits: -0.0166
     Episode_Reward/completely_airborne: -15.1502
           Episode_Reward/body_velocity: -16.2565
          Curriculum/polish_ground_slam: -1.0000
             Episode_Reward/ground_slam: -6.1473
               Episode_Reward/flat_feet: -2.0665
         Curriculum/polish_joint_vel_l2: -0.0010
        Episode_Reward/joint_vel_limits: -0.0025
        Episode_Reward/action_rate_rate: -19.2998
         Episode_Reward/severely_tilted: -0.0635
--------------------------------------------------------------------------------
                         Iteration time: 1.18s
                           Time elapsed: 0:00:34
                                    ETA: 0:00:39

################################################################################
[1m                            Learning iteration 28/60                            [0m 

                               Run name: height_tracking_g1
                            Total steps: 2850816 
                       Steps per second: 83643 
                        Collection time: 0.943s 
                          Learning time: 0.232s 
                        Mean value loss: 3.1448
                    Mean surrogate loss: -0.0082
                      Mean entropy loss: 39.5576
                     Mean symmetry loss: 0.0016
                   Mean l2c2_actor loss: 0.0037
                  Mean l2c2_critic loss: 0.0220
                            Mean reward: -1920.82
                    Mean episode length: 601.30
                        Mean action std: 0.95
                    Entropy coefficient: 0.002500
    Episode_Reward/joint_tracking_error: -3.9531
           Episode_Reward/feet_yaw_mean: -0.9723
 Episode_Reward/joint_deviation_l1_arms: -0.5783
              Episode_Reward/feet_slide: -0.7984
              Episode_Reward/torso_roll: -1.7373
           Episode_Reward/feet_distance: -0.4902
           Episode_Reward/ankle_torques: -0.1979
           Episode_Termination/time_out: 0.7619
      Episode_Reward/joint_deviation_l1: -0.9043
           Episode_Reward/torque_limits: -1.2162
              Episode_Reward/torso_slam: -7.9671
             Episode_Reward/action_rate: -43.0532
           Curriculum/polish_not_moving: -1.0000
           Episode_Reward/forward_pitch: -1.1092
           Curriculum/polish_torso_slam: -5.0000
              Curriculum/terrain_levels: 0.0000
            Episode_Reward/joint_vel_l2: -1.4688
      Episode_Reward/base_height_medium: 2.9025
        Curriculum/random_fallen_states: 0.0000
               Curriculum/adaptive_lift: 0.9811
            Episode_Reward/joint_acc_l2: -0.1175
     Curriculum/polish_action_rate_rate: -0.1500
       Episode_Reward/base_height_rough: 1.8885
              Episode_Reward/not_moving: -4.0258
  Episode_Reward/feet_distance_standing: -0.3830
        Episode_Reward/illegal_contacts: -0.3929
              Episode_Reward/relaxation: -8.1473
           Episode_Reward/torso_upright: -0.0544
            Metrics/height/height_error: 0.1284
      Episode_Termination/invalid_state: 0.1603
        Episode_Reward/base_height_fine: 4.6977
        Episode_Reward/joint_torques_l2: -0.9851
         Episode_Reward/ground_unloaded: -0.7171
        Episode_Reward/joint_pos_limits: -0.0163
     Episode_Reward/completely_airborne: -15.0911
           Episode_Reward/body_velocity: -15.7255
          Curriculum/polish_ground_slam: -1.0000
             Episode_Reward/ground_slam: -5.9274
               Episode_Reward/flat_feet: -2.0857
         Curriculum/polish_joint_vel_l2: -0.0010
        Episode_Reward/joint_vel_limits: -0.0023
        Episode_Reward/action_rate_rate: -19.2344
         Episode_Reward/severely_tilted: -0.0687
--------------------------------------------------------------------------------
                         Iteration time: 1.18s
                           Time elapsed: 0:00:35
                                    ETA: 0:00:38

################################################################################
[1m                            Learning iteration 29/60                            [0m 

                               Run name: height_tracking_g1
                            Total steps: 2949120 
                       Steps per second: 83535 
                        Collection time: 0.942s 
                          Learning time: 0.235s 
                        Mean value loss: 3.1150
                    Mean surrogate loss: -0.0071
                      Mean entropy loss: 39.5055
                     Mean symmetry loss: 0.0015
                   Mean l2c2_actor loss: 0.0036
                  Mean l2c2_critic loss: 0.0213
                            Mean reward: -1981.21
                    Mean episode length: 622.66
                        Mean action std: 0.95
                    Entropy coefficient: 0.002500
    Episode_Reward/joint_tracking_error: -3.8733
           Episode_Reward/feet_yaw_mean: -0.8832
 Episode_Reward/joint_deviation_l1_arms: -0.5603
              Episode_Reward/feet_slide: -0.8074
              Episode_Reward/torso_roll: -1.6943
           Episode_Reward/feet_distance: -0.4491
           Episode_Reward/ankle_torques: -0.2164
           Episode_Termination/time_out: 0.7851
      Episode_Reward/joint_deviation_l1: -0.8902
           Episode_Reward/torque_limits: -1.1973
              Episode_Reward/torso_slam: -7.9530
             Episode_Reward/action_rate: -42.7538
           Curriculum/polish_not_moving: -1.0000
           Episode_Reward/forward_pitch: -1.0511
           Curriculum/polish_torso_slam: -5.0000
              Curriculum/terrain_levels: 0.0000
            Episode_Reward/joint_vel_l2: -1.4445
      Episode_Reward/base_height_medium: 2.9876
        Curriculum/random_fallen_states: 0.0000
               Curriculum/adaptive_lift: 0.9811
            Episode_Reward/joint_acc_l2: -0.1158
     Curriculum/polish_action_rate_rate: -0.1500
       Episode_Reward/base_height_rough: 1.9280
              Episode_Reward/not_moving: -4.1834
  Episode_Reward/feet_distance_standing: -0.3382
        Episode_Reward/illegal_contacts: -0.3862
              Episode_Reward/relaxation: -7.6028
           Episode_Reward/torso_upright: -0.0550
            Metrics/height/height_error: 0.1195
      Episode_Termination/invalid_state: 0.1642
        Episode_Reward/base_height_fine: 4.8708
        Episode_Reward/joint_torques_l2: -0.9672
         Episode_Reward/ground_unloaded: -0.7133
        Episode_Reward/joint_pos_limits: -0.0158
     Episode_Reward/completely_airborne: -14.7456
           Episode_Reward/body_velocity: -14.9809
          Curriculum/polish_ground_slam: -1.0000
             Episode_Reward/ground_slam: -5.8789
               Episode_Reward/flat_feet: -2.0511
         Curriculum/polish_joint_vel_l2: -0.0010
        Episode_Reward/joint_vel_limits: -0.0022
        Episode_Reward/action_rate_rate: -19.1002
         Episode_Reward/severely_tilted: -0.0537
--------------------------------------------------------------------------------
                         Iteration time: 1.18s
                           Time elapsed: 0:00:36
                                    ETA: 0:00:36

nefc overflow - please increase njmax to 366
nefc overflow - please increase njmax to 313
nefc overflow - please increase njmax to 442
Traceback (most recent call last):
  File "/workspace/WBC-AGILE-NEWTON/scripts/train.py", line 221, in <module>
    main()
  File "/workspace/WBC-AGILE-NEWTON/.venv/lib/python3.12/site-packages/isaaclab_tasks/utils/hydra.py", line 485, in wrapper
    _run_hydra(task, env_cfg, agent_cfg, hydra_args, lambda e, a: func(e, a, *args, **kwargs))
  File "/workspace/WBC-AGILE-NEWTON/.venv/lib/python3.12/site-packages/isaaclab_tasks/utils/hydra.py", line 426, in _run_hydra
    callback(env_cfg, agent_cfg)
  File "/workspace/WBC-AGILE-NEWTON/.venv/lib/python3.12/site-packages/isaaclab_tasks/utils/hydra.py", line 485, in <lambda>
    _run_hydra(task, env_cfg, agent_cfg, hydra_args, lambda e, a: func(e, a, *args, **kwargs))
                                                                  ^^^^^^^^^^^^^^^^^^^^^^^^^^^
  File "/workspace/WBC-AGILE-NEWTON/scripts/train.py", line 213, in main
    runner.learn(num_learning_iterations=agent_cfg.max_iterations, init_at_random_ep_len=True)
  File "/workspace/WBC-AGILE-NEWTON/.venv/lib/python3.12/site-packages/rsl_rl/runners/on_policy_runner.py", line 100, in learn
    check_nan(obs, rewards, dones)
  File "/workspace/WBC-AGILE-NEWTON/.venv/lib/python3.12/site-packages/rsl_rl/utils/utils.py", line 279, in check_nan
    raise ValueError(
ValueError: The observation group 'policy' returned by the environment contains NaN values. This usually indicates a bug in the environment's step() or reset() function.
EXIT=0
